legacy_id,branch_legacy_id,supplier_legacy_id,reference,purchase_date,total,notes,created_by,created_at,deleted_at,delete_note,is_credit
1,branch:default,29,entrada:1,2025-07-09,1025,Usuario origen: AIMEGONZALEZ | Liquidado origen: 0 | Credito abonado origen: 0 | Dias credito origen: 15 | Status origen: 1,,2025-07-09 00:00:00,,,true
2,branch:default,29,entrada:2,2025-07-11,165,Usuario origen: AIMEGONZALEZ | Liquidado origen: 0 | Credito abonado origen: 0 | Dias credito origen: 30 | Status origen: 1,,2025-07-11 00:00:00,,,true
3,branch:default,29,entrada:3,2025-07-09,90350,Usuario origen: ALEXA2025 | Liquidado origen: 0 | Credito abonado origen: 0 | Dias credito origen: 30 | Status origen: 1,,2025-07-09 00:00:00,,,true
4,branch:default,29,entrada:4,2025-07-09,1025,Usuario origen: ALEXA2025 | Liquidado origen: 0 | Credito abonado origen: 0 | Dias credito origen: 30 | Status origen: 1,,2025-07-09 00:00:00,,,true
5,branch:default,29,entrada:5,2025-07-11,2162,Usuario origen: ALEXA2025 | Liquidado origen: 0 | Credito abonado origen: 0 | Dias credito origen: 30 | Status origen: 1,,2025-07-11 00:00:00,,,true
6,branch:default,29,entrada:6,2025-07-18,9000,Usuario origen: ALEXA2025 | Liquidado origen: 0 | Credito abonado origen: 0 | Dias credito origen: 30 | Status origen: 1,,2025-07-18 00:00:00,,,true
7,branch:default,32,entrada:7,2025-07-18,8378.64,Usuario origen: AIMEGONZALEZ | Liquidado origen: 0 | Credito abonado origen: 0 | Dias credito origen: 30 | Status origen: 1,,2025-07-18 00:00:00,,,true
8,branch:default,33,entrada:8,2025-07-18,3237.71,Usuario origen: AIMEGONZALEZ | Liquidado origen: 1 | Credito abonado origen: 3237.71 | Dias credito origen: 0 | Status origen: 1,,2025-07-18 00:00:00,,,false
9,branch:default,34,entrada:9,2025-07-18,3963.74,Usuario origen: AIMEGONZALEZ | Liquidado origen: 1 | Credito abonado origen: 3963.74 | Dias credito origen: 0 | Status origen: 1,,2025-07-18 00:00:00,,,false
10,branch:default,34,entrada:10,2025-07-18,1410.32,Usuario origen: AIMEGONZALEZ | Liquidado origen: 1 | Credito abonado origen: 1410.32 | Dias credito origen: 0 | Status origen: 1,,2025-07-18 00:00:00,,,false
11,branch:default,34,entrada:11,2025-07-18,1158.56,Usuario origen: AIMEGONZALEZ | Liquidado origen: 1 | Credito abonado origen: 1158.56 | Dias credito origen: 0 | Status origen: 1,,2025-07-18 00:00:00,,,false
12,branch:default,34,entrada:12,2025-07-18,472.13,Usuario origen: AIMEGONZALEZ | Liquidado origen: 1 | Credito abonado origen: 472.13 | Dias credito origen: 0 | Status origen: 1,,2025-07-18 00:00:00,,,false
13,branch:default,34,entrada:13,2025-07-18,3237.08,Usuario origen: ALEXA2025 | Liquidado origen: 1 | Credito abonado origen: 3237.08 | Dias credito origen: 0 | Status origen: 1,,2025-07-18 00:00:00,,,false
14,branch:default,34,entrada:14,2025-07-18,2547.01,Usuario origen: JUANDEJESUS | Liquidado origen: 1 | Credito abonado origen: 2547.01 | Dias credito origen: 0 | Status origen: 1,,2025-07-18 00:00:00,,,false
15,branch:default,29,entrada:15,2025-07-19,19000,Usuario origen: ALEXA2025 | Liquidado origen: 0 | Credito abonado origen: 0 | Dias credito origen: 30 | Status origen: 1,,2025-07-19 00:00:00,,,true
16,branch:default,32,entrada:16,2025-07-21,5065,Usuario origen: ALONDRA2025 | Liquidado origen: 1 | Credito abonado origen: 5065 | Dias credito origen: 30 | Status origen: 1 | Abonos proveedor origen: 5065,,2025-07-21 00:00:00,,,false
17,branch:default,35,entrada:17,2025-07-22,14549.73,Usuario origen: ALEXA2025 | Liquidado origen: 1 | Credito abonado origen: 14549.73 | Dias credito origen: 30 | Status origen: 1,,2025-07-22 00:00:00,,,false
18,branch:default,36,entrada:18,2025-07-22,5997.2,Usuario origen: ALONDRA2025 | Liquidado origen: 0 | Credito abonado origen: 0 | Dias credito origen: 30 | Status origen: 1,,2025-07-22 00:00:00,,,true
19,branch:default,35,entrada:19,2025-07-22,612.87,Usuario origen: ALEXA2025 | Liquidado origen: 1 | Credito abonado origen: 612.87 | Dias credito origen: 0 | Status origen: 1,,2025-07-22 00:00:00,,,false
20,branch:default,29,entrada:20,2025-07-23,30800,Usuario origen: ALEXA2025 | Liquidado origen: 0 | Credito abonado origen: 0 | Dias credito origen: 30 | Status origen: 1,,2025-07-23 00:00:00,,,true
21,branch:default,37,entrada:21,2025-07-26,17033.34,Usuario origen: ALEXA2025 | Liquidado origen: 1 | Credito abonado origen: 17033.34 | Dias credito origen: 0 | Status origen: 1,,2025-07-26 00:00:00,,,false
22,branch:default,35,entrada:22,2025-07-29,48627.98,Usuario origen: ALEXA2025 | Liquidado origen: 1 | Credito abonado origen: 48627.98 | Dias credito origen: 0 | Status origen: 1,,2025-07-29 00:00:00,,,false
23,branch:default,38,entrada:23,2025-07-29,93689.58,Usuario origen: ALEXA2025 | Liquidado origen: 1 | Credito abonado origen: 93689.58 | Dias credito origen: 30 | Status origen: 1 | Abonos proveedor origen: 93689.58,,2025-07-29 00:00:00,,,false
24,branch:default,33,entrada:24,2025-07-31,1358,Usuario origen: ALEXA2025 | Liquidado origen: 1 | Credito abonado origen: 1358 | Dias credito origen: 0 | Status origen: 1,,2025-07-31 00:00:00,,,false
25,branch:default,30,entrada:25,2025-08-04,31340.36,Usuario origen: ALEXA2025 | Liquidado origen: 1 | Credito abonado origen: 31340.36 | Dias credito origen: 0 | Status origen: 1,,2025-08-04 00:00:00,,,false
26,branch:default,35,entrada:26,2025-08-04,21798.92,Usuario origen: ALEXA2025 | Liquidado origen: 1 | Credito abonado origen: 21798.92 | Dias credito origen: 0 | Status origen: 1,,2025-08-04 00:00:00,,,false
27,branch:default,35,entrada:27,2025-08-12,15502.25,Usuario origen: ALEXA2025 | Liquidado origen: 1 | Credito abonado origen: 15502.25 | Dias credito origen: 0 | Status origen: 1,,2025-08-12 00:00:00,,,false
28,branch:default,33,entrada:28,2025-08-14,967.74,Usuario origen: ALONDRA2025 | Liquidado origen: 1 | Credito abonado origen: 967.74 | Dias credito origen: 0 | Status origen: 1,,2025-08-14 00:00:00,,,false
29,branch:default,29,entrada:29,2025-08-14,23199,Usuario origen: ALEXA2025 | Liquidado origen: 1 | Credito abonado origen: 23199 | Dias credito origen: 0 | Status origen: 1,,2025-08-14 00:00:00,,,false
30,branch:default,37,entrada:30,2025-08-15,6719.16,Usuario origen: ALEXA2025 | Liquidado origen: 0 | Credito abonado origen: 0 | Dias credito origen: 30 | Status origen: 1,,2025-08-15 00:00:00,,,true
31,branch:default,29,entrada:31,2025-08-22,50616,Usuario origen: ALEXA2025 | Liquidado origen: 0 | Credito abonado origen: 27000 | Dias credito origen: 30 | Status origen: 1 | Abonos proveedor origen: 27000,,2025-08-22 00:00:00,,,true
32,branch:default,35,entrada:32,2025-08-22,1173.3,Usuario origen: ALEXA2025 | Liquidado origen: 1 | Credito abonado origen: 1173.3 | Dias credito origen: 0 | Status origen: 1,,2025-08-22 00:00:00,,,false
33,branch:default,30,entrada:33,2025-08-23,23659.72,Usuario origen: ALEXA2025 | Liquidado origen: 0 | Credito abonado origen: 0 | Dias credito origen: 30 | Status origen: 1,,2025-08-23 00:00:00,,,true
34,branch:default,35,entrada:34,2025-08-26,15566.7,Usuario origen: ALEXA2025 | Liquidado origen: 1 | Credito abonado origen: 15566.7 | Dias credito origen: 0 | Status origen: 1,,2025-08-26 00:00:00,,,false
35,branch:default,35,entrada:35,2025-08-26,4534.88,Usuario origen: ALEXA2025 | Liquidado origen: 1 | Credito abonado origen: 4534.88 | Dias credito origen: 0 | Status origen: 1,,2025-08-26 00:00:00,,,false
36,branch:default,37,entrada:36,2025-08-27,7506.55,Usuario origen: ALONDRA2025 | Liquidado origen: 1 | Credito abonado origen: 7506.55 | Dias credito origen: 0 | Status origen: 1,,2025-08-27 00:00:00,,,false
37,branch:default,35,entrada:37,2025-08-27,1294.98,Usuario origen: ALEXA2025 | Liquidado origen: 1 | Credito abonado origen: 1294.98 | Dias credito origen: 0 | Status origen: 1,,2025-08-27 00:00:00,,,false
38,branch:default,29,entrada:38,2025-08-27,13830.2,Usuario origen: ALONDRA2025 | Liquidado origen: 1 | Credito abonado origen: 13830.2 | Dias credito origen: 30 | Status origen: 1 | Abonos proveedor origen: 13830.2,,2025-08-27 00:00:00,,,false
39,branch:default,37,entrada:39,2025-08-29,2590.99,Usuario origen: ALONDRA2025 | Liquidado origen: 0 | Credito abonado origen: 0 | Dias credito origen: 30 | Status origen: 1,,2025-08-29 00:00:00,,,true
40,branch:default,39,entrada:40,2025-09-03,3119.47,Usuario origen: ALEXA2025 | Liquidado origen: 1 | Credito abonado origen: 3119.47 | Dias credito origen: 0 | Status origen: 1,,2025-09-03 00:00:00,,,false
41,branch:default,35,entrada:41,2025-09-08,6851.67,Usuario origen: ALEXA2025 | Liquidado origen: 1 | Credito abonado origen: 6851.67 | Dias credito origen: 0 | Status origen: 1,,2025-09-08 00:00:00,,,false
42,branch:default,29,entrada:42,2025-09-08,48200,Usuario origen: ALEXA2025 | Liquidado origen: 0 | Credito abonado origen: 0 | Dias credito origen: 30 | Status origen: 1,,2025-09-08 00:00:00,,,true
43,branch:default,29,entrada:43,2025-09-09,13500,Usuario origen: ALEXA2025 | Liquidado origen: 0 | Credito abonado origen: 0 | Dias credito origen: 30 | Status origen: 1,,2025-09-09 00:00:00,,,true
44,branch:default,29,entrada:44,2025-09-12,30800,Usuario origen: ALEXA2025 | Liquidado origen: 1 | Credito abonado origen: 30800 | Dias credito origen: 0 | Status origen: 1,,2025-09-12 00:00:00,,,false
45,branch:default,38,entrada:45,2025-09-12,53279.96,Usuario origen: ALEXA2025 | Liquidado origen: 1 | Credito abonado origen: 53279.96 | Dias credito origen: 30 | Status origen: 1 | Abonos proveedor origen: 53279.96,,2025-09-12 00:00:00,,,false
46,branch:default,35,entrada:46,2025-09-13,4156.01,Usuario origen: ALEXA2025 | Liquidado origen: 1 | Credito abonado origen: 4156.01 | Dias credito origen: 0 | Status origen: 1,,2025-09-13 00:00:00,,,false
47,branch:default,29,entrada:47,2025-09-15,42500,Usuario origen: ALEXA2025 | Liquidado origen: 0 | Credito abonado origen: 0 | Dias credito origen: 30 | Status origen: 1,,2025-09-15 00:00:00,,,true
48,branch:default,38,entrada:48,2025-09-15,34945,Usuario origen: ALEXA2025 | Liquidado origen: 1 | Credito abonado origen: 34945 | Dias credito origen: 30 | Status origen: 1 | Abonos proveedor origen: 34945,,2025-09-15 00:00:00,,,false
49,branch:default,37,entrada:49,2025-09-19,5055.35,Usuario origen: ALEXA2025 | Liquidado origen: 0 | Credito abonado origen: 0 | Dias credito origen: 30 | Status origen: 1,,2025-09-19 00:00:00,,,true
50,branch:default,37,entrada:50,2025-09-19,1490,Usuario origen: ALONDRA2025 | Liquidado origen: 1 | Credito abonado origen: 1490 | Dias credito origen: 30 | Status origen: 1 | Abonos proveedor origen: 1490,,2025-09-19 00:00:00,,,false
51,branch:default,30,entrada:51,2025-09-22,16837.49,Usuario origen: ALEXA2025 | Liquidado origen: 1 | Credito abonado origen: 16837.49 | Dias credito origen: 0 | Status origen: 1,,2025-09-22 00:00:00,,,false
52,branch:default,29,entrada:52,2025-09-22,19800,Usuario origen: ALEXA2025 | Liquidado origen: 0 | Credito abonado origen: 0 | Dias credito origen: 30 | Status origen: 1,,2025-09-22 00:00:00,,,true
53,branch:default,35,entrada:53,2025-09-24,6327.77,Usuario origen: ALONDRA2025 | Liquidado origen: 1 | Credito abonado origen: 6327.77 | Dias credito origen: 0 | Status origen: 1,,2025-09-24 00:00:00,,,false
54,branch:default,29,entrada:54,2025-09-24,42200,Usuario origen: ALONDRA2025 | Liquidado origen: 0 | Credito abonado origen: 0 | Dias credito origen: 30 | Status origen: 1,,2025-09-24 00:00:00,,,true
55,branch:default,36,entrada:55,2025-09-25,27473.44,Usuario origen: ALEXA2025 | Liquidado origen: 1 | Credito abonado origen: 27473.44 | Dias credito origen: 0 | Status origen: 1,,2025-09-25 00:00:00,,,false
56,branch:default,38,entrada:56,2025-09-26,173220.48,Usuario origen: ALEXA2025 | Liquidado origen: 0 | Credito abonado origen: 0 | Dias credito origen: 30 | Status origen: 1,,2025-09-26 00:00:00,,,true
57,branch:default,37,entrada:57,2025-09-27,4059.48,Usuario origen: ALEXA2025 | Liquidado origen: 0 | Credito abonado origen: 0 | Dias credito origen: 30 | Status origen: 1,,2025-09-27 00:00:00,,,true
58,branch:default,35,entrada:58,2025-09-29,3340.97,Usuario origen: ALEXA2025 | Liquidado origen: 1 | Credito abonado origen: 3340.97 | Dias credito origen: 0 | Status origen: 1,,2025-09-29 00:00:00,,,false
59,branch:default,30,entrada:59,2025-10-02,14092.42,Usuario origen: ALONDRA2025 | Liquidado origen: 1 | Credito abonado origen: 14092.42 | Dias credito origen: 30 | Status origen: 1 | Abonos proveedor origen: 14092.42,,2025-10-02 00:00:00,,,false
60,branch:default,40,entrada:60,2025-10-03,36000,Usuario origen: ALONDRA2025 | Liquidado origen: 0 | Credito abonado origen: 0 | Dias credito origen: 30 | Status origen: 1,,2025-10-03 00:00:00,,,true
61,branch:default,41,entrada:61,2025-10-03,23724.7,Usuario origen: ALEXA2025 | Liquidado origen: 0 | Credito abonado origen: 0 | Dias credito origen: 30 | Status origen: 1,,2025-10-03 00:00:00,,,true
62,branch:default,37,entrada:62,2025-10-03,16760.21,Usuario origen: ALEXA2025 | Liquidado origen: 1 | Credito abonado origen: 16760.21 | Dias credito origen: 30 | Status origen: 1 | Abonos proveedor origen: 16760.21,,2025-10-03 00:00:00,,,false
63,branch:default,37,entrada:63,2025-10-03,1310.06,Usuario origen: ALONDRA2025 | Liquidado origen: 1 | Credito abonado origen: 1310.06 | Dias credito origen: 30 | Status origen: 1 | Abonos proveedor origen: 1310.06,,2025-10-03 00:00:00,,,false
64,branch:default,37,entrada:64,2025-10-07,3438,Usuario origen: ALONDRA2025 | Liquidado origen: 1 | Credito abonado origen: 3438 | Dias credito origen: 30 | Status origen: 1 | Abonos proveedor origen: 3438,,2025-10-07 00:00:00,,,false
65,branch:default,29,entrada:65,2025-10-09,26400,Usuario origen: ALONDRA2025 | Liquidado origen: 0 | Credito abonado origen: 0 | Dias credito origen: 30 | Status origen: 1,,2025-10-09 00:00:00,,,true
66,branch:default,29,entrada:66,2025-10-10,40162.5,Usuario origen: ALONDRA2025 | Liquidado origen: 1 | Credito abonado origen: 40162.5 | Dias credito origen: 0 | Status origen: 1,,2025-10-10 00:00:00,,,false
67,branch:default,29,entrada:67,2025-10-10,264600,Usuario origen: ALONDRA2025 | Liquidado origen: 0 | Credito abonado origen: 0 | Dias credito origen: 30 | Status origen: 1,,2025-10-10 00:00:00,,,true
68,branch:default,29,entrada:68,2025-10-11,20000,Usuario origen: ALEXA2025 | Liquidado origen: 0 | Credito abonado origen: 0 | Dias credito origen: 30 | Status origen: 1,,2025-10-11 00:00:00,,,true
69,branch:default,30,entrada:69,2025-10-15,2176,Usuario origen: ALONDRA2025 | Liquidado origen: 1 | Credito abonado origen: 2176 | Dias credito origen: 30 | Status origen: 1 | Abonos proveedor origen: 2176,,2025-10-15 00:00:00,,,false
70,branch:default,30,entrada:70,2025-10-16,5165.78,Usuario origen: ALONDRA2025 | Liquidado origen: 1 | Credito abonado origen: 5165.78 | Dias credito origen: 30 | Status origen: 1 | Abonos proveedor origen: 5165.78,,2025-10-16 00:00:00,,,false
71,branch:default,37,entrada:71,2025-10-21,3040,Usuario origen: ALONDRA2025 | Liquidado origen: 1 | Credito abonado origen: 3040 | Dias credito origen: 30 | Status origen: 1 | Abonos proveedor origen: 3040,,2025-10-21 00:00:00,,,false
72,branch:default,37,entrada:72,2025-10-21,1944,Usuario origen: ALONDRA2025 | Liquidado origen: 0 | Credito abonado origen: 1944 | Dias credito origen: 30 | Status origen: 1 | Abonos proveedor origen: 1944,,2025-10-21 00:00:00,,,true
73,branch:default,37,entrada:73,2025-10-21,1229.98,Usuario origen: ALONDRA2025 | Liquidado origen: 1 | Credito abonado origen: 1229.98 | Dias credito origen: 30 | Status origen: 1 | Abonos proveedor origen: 1229.98,,2025-10-21 00:00:00,,,false
74,branch:default,40,entrada:74,2025-10-21,34400,Usuario origen: ALONDRA2025 | Liquidado origen: 0 | Credito abonado origen: 0 | Dias credito origen: 30 | Status origen: 1,,2025-10-21 00:00:00,,,true
75,branch:default,42,entrada:75,2025-10-24,1736.98,Usuario origen: ALONDRA2025 | Liquidado origen: 1 | Credito abonado origen: 1736.98 | Dias credito origen: 0 | Status origen: 1,,2025-10-24 00:00:00,,,false
76,branch:default,29,entrada:76,2025-10-25,950,Usuario origen: ALONDRA2025 | Liquidado origen: 1 | Credito abonado origen: 950 | Dias credito origen: 0 | Status origen: 1,,2025-10-25 00:00:00,,,false
77,branch:default,29,entrada:77,2025-10-25,26285,Usuario origen: ALEXA2025 | Liquidado origen: 1 | Credito abonado origen: 26285 | Dias credito origen: 0 | Status origen: 1,,2025-10-25 00:00:00,,,false
78,branch:default,43,entrada:78,2025-10-25,7860.42,Usuario origen: ALONDRA2025 | Liquidado origen: 1 | Credito abonado origen: 7860.42 | Dias credito origen: 30 | Status origen: 1 | Abonos proveedor origen: 7860.42,,2025-10-25 00:00:00,,,false
79,branch:default,29,entrada:79,2025-10-27,7500,Usuario origen: ALONDRA2025 | Liquidado origen: 1 | Credito abonado origen: 7500 | Dias credito origen: 30 | Status origen: 1 | Abonos proveedor origen: 7500,,2025-10-27 00:00:00,,,false
80,branch:default,29,entrada:80,2025-10-28,7500,Usuario origen: ALONDRA2025 | Liquidado origen: 1 | Credito abonado origen: 7500 | Dias credito origen: 30 | Status origen: 1 | Abonos proveedor origen: 7500,,2025-10-28 00:00:00,,,false
81,branch:default,32,entrada:81,2025-10-29,6508.45,Usuario origen: ALEXA2025 | Liquidado origen: 1 | Credito abonado origen: 6508.45 | Dias credito origen: 30 | Status origen: 1 | Abonos proveedor origen: 6508.45,,2025-10-29 00:00:00,,,false
82,branch:default,29,entrada:82,2025-10-29,7500,Usuario origen: ALONDRA2025 | Liquidado origen: 1 | Credito abonado origen: 7500 | Dias credito origen: 30 | Status origen: 1 | Abonos proveedor origen: 7500,,2025-10-29 00:00:00,,,false
83,branch:default,44,entrada:83,2025-10-31,4500,Usuario origen: ALONDRA2025 | Liquidado origen: 1 | Credito abonado origen: 4500 | Dias credito origen: 0 | Status origen: 1,,2025-10-31 00:00:00,,,false
84,branch:default,44,entrada:84,2025-10-31,4500,Usuario origen: ALONDRA2025 | Liquidado origen: 1 | Credito abonado origen: 4500 | Dias credito origen: 0 | Status origen: 1,,2025-10-31 00:00:00,,,false
85,branch:default,40,entrada:85,2025-10-31,17200,Usuario origen: ALONDRA2025 | Liquidado origen: 0 | Credito abonado origen: 0 | Dias credito origen: 30 | Status origen: 1,,2025-10-31 00:00:00,,,true
86,branch:default,37,entrada:86,2025-10-31,3040,Usuario origen: ALONDRA2025 | Liquidado origen: 1 | Credito abonado origen: 3040 | Dias credito origen: 30 | Status origen: 1 | Abonos proveedor origen: 3040,,2025-10-31 00:00:00,,,false
87,branch:default,37,entrada:87,2025-10-31,1664.99,Usuario origen: ALONDRA2025 | Liquidado origen: 1 | Credito abonado origen: 1664.99 | Dias credito origen: 30 | Status origen: 1 | Abonos proveedor origen: 1664.99,,2025-10-31 00:00:00,,,false
88,branch:default,29,entrada:88,2025-11-04,21600,Usuario origen: ALONDRA2025 | Liquidado origen: 1 | Credito abonado origen: 21600 | Dias credito origen: 0 | Status origen: 1,,2025-11-04 00:00:00,,,false
89,branch:default,40,entrada:89,2025-11-06,34400,Usuario origen: ALONDRA2025 | Liquidado origen: 0 | Credito abonado origen: 0 | Dias credito origen: 30 | Status origen: 1,,2025-11-06 00:00:00,,,true
90,branch:default,45,entrada:90,2025-11-06,3723,Usuario origen: ALONDRA2025 | Liquidado origen: 1 | Credito abonado origen: 3723 | Dias credito origen: 0 | Status origen: 1,,2025-11-06 00:00:00,,,false
91,branch:default,29,entrada:91,2025-11-07,148320,Usuario origen: ALONDRA2025 | Liquidado origen: 0 | Credito abonado origen: 0 | Dias credito origen: 30 | Status origen: 1,,2025-11-07 00:00:00,,,true
92,branch:default,46,entrada:92,2025-11-07,2000,Usuario origen: ALONDRA2025 | Liquidado origen: 0 | Credito abonado origen: 0 | Dias credito origen: 30 | Status origen: 1,,2025-11-07 00:00:00,,,true
93,branch:default,29,entrada:93,2025-11-08,43600,Usuario origen: ALONDRA2025 | Liquidado origen: 0 | Credito abonado origen: 0 | Dias credito origen: 30 | Status origen: 1,,2025-11-08 00:00:00,,,true
94,branch:default,35,entrada:94,2025-11-11,5955.68,Usuario origen: ALONDRA2025 | Liquidado origen: 0 | Credito abonado origen: 0 | Dias credito origen: 30 | Status origen: 1,,2025-11-11 00:00:00,,,true
95,branch:default,40,entrada:95,2025-11-13,16800,Usuario origen: ALONDRA2025 | Liquidado origen: 1 | Credito abonado origen: 16800 | Dias credito origen: 30 | Status origen: 1 | Abonos proveedor origen: 16800,,2025-11-13 00:00:00,,,false
96,branch:default,29,entrada:96,2025-11-14,35640,Usuario origen: ALONDRA2025 | Liquidado origen: 1 | Credito abonado origen: 35640 | Dias credito origen: 0 | Status origen: 1,,2025-11-14 00:00:00,,,false
97,branch:default,30,entrada:97,2025-11-15,8321.02,Usuario origen: ALONDRA2025 | Liquidado origen: 0 | Credito abonado origen: 0 | Dias credito origen: 30 | Status origen: 1,,2025-11-15 00:00:00,,,true
98,branch:default,37,entrada:98,2025-11-15,2835.22,Usuario origen: ALONDRA2025 | Liquidado origen: 1 | Credito abonado origen: 2835.22 | Dias credito origen: 30 | Status origen: 1 | Abonos proveedor origen: 2835.22,,2025-11-15 00:00:00,,,false
99,branch:default,47,entrada:99,2025-11-17,9000,Usuario origen: ALONDRA2025 | Liquidado origen: 0 | Credito abonado origen: 0 | Dias credito origen: 30 | Status origen: 1,,2025-11-17 00:00:00,,,true
100,branch:default,46,entrada:100,2025-11-17,1000,Usuario origen: ALONDRA2025 | Liquidado origen: 0 | Credito abonado origen: 0 | Dias credito origen: 30 | Status origen: 1,,2025-11-17 00:00:00,,,true
101,branch:default,29,entrada:101,2025-11-18,400,Usuario origen: ALONDRA2025 | Liquidado origen: 0 | Credito abonado origen: 0 | Dias credito origen: 30 | Status origen: 1,,2025-11-18 00:00:00,,,true
102,branch:default,35,entrada:102,2025-11-18,643.98,Usuario origen: ALONDRA2025 | Liquidado origen: 0 | Credito abonado origen: 0 | Dias credito origen: 30 | Status origen: 1,,2025-11-18 00:00:00,,,true
103,branch:default,33,entrada:103,2025-11-19,1059.5,Usuario origen: ALONDRA2025 | Liquidado origen: 1 | Credito abonado origen: 1059.5 | Dias credito origen: 0 | Status origen: 1,,2025-11-19 00:00:00,,,false
104,branch:default,48,entrada:104,2025-11-21,14000,Usuario origen: ALONDRA2025 | Liquidado origen: 1 | Credito abonado origen: 14000 | Dias credito origen: 0 | Status origen: 1,,2025-11-21 00:00:00,,,false
105,branch:default,40,entrada:105,2025-11-26,35200,Usuario origen: ALONDRA2025 | Liquidado origen: 1 | Credito abonado origen: 35200 | Dias credito origen: 30 | Status origen: 1 | Abonos proveedor origen: 35200,,2025-11-26 00:00:00,,,false
106,branch:default,49,entrada:106,2025-11-28,2400,Usuario origen: ALONDRA2025 | Liquidado origen: 1 | Credito abonado origen: 2400 | Dias credito origen: 0 | Status origen: 1,,2025-11-28 00:00:00,,,false
107,branch:default,29,entrada:107,2025-11-29,127680,Usuario origen: ALONDRA2025 | Liquidado origen: 0 | Credito abonado origen: 0 | Dias credito origen: 30 | Status origen: 1,,2025-11-29 00:00:00,,,true
108,branch:default,50,entrada:108,2025-12-01,9470,Usuario origen: ALONDRA2025 | Liquidado origen: 1 | Credito abonado origen: 9470 | Dias credito origen: 0 | Status origen: 1,,2025-12-01 00:00:00,,,false
109,branch:default,29,entrada:109,2025-12-01,7500,Usuario origen: ALONDRA2025 | Liquidado origen: 1 | Credito abonado origen: 7500 | Dias credito origen: 30 | Status origen: 1 | Abonos proveedor origen: 7500,,2025-12-01 00:00:00,,,false
110,branch:default,29,entrada:110,2025-12-01,7500,Usuario origen: ALONDRA2025 | Liquidado origen: 0 | Credito abonado origen: 0 | Dias credito origen: 30 | Status origen: 1,,2025-12-01 00:00:00,,,true
111,branch:default,37,entrada:111,2025-12-02,810,Usuario origen: ALONDRA2025 | Liquidado origen: 0 | Credito abonado origen: 0 | Dias credito origen: 30 | Status origen: 1,,2025-12-02 00:00:00,,,true
112,branch:default,37,entrada:112,2025-12-02,130.18,Usuario origen: ALONDRA2025 | Liquidado origen: 0 | Credito abonado origen: 0 | Dias credito origen: 30 | Status origen: 1,,2025-12-02 00:00:00,,,true
113,branch:default,29,entrada:113,2025-12-03,7500,Usuario origen: ALONDRA2025 | Liquidado origen: 1 | Credito abonado origen: 7500 | Dias credito origen: 30 | Status origen: 1 | Abonos proveedor origen: 7500,,2025-12-03 00:00:00,,,false
114,branch:default,36,entrada:114,2025-12-03,1987.5,Usuario origen: ALONDRA2025 | Liquidado origen: 1 | Credito abonado origen: 1987.5 | Dias credito origen: 0 | Status origen: 1,,2025-12-03 00:00:00,,,false
115,branch:default,46,entrada:115,2025-12-04,2000,Usuario origen: ALONDRA2025 | Liquidado origen: 0 | Credito abonado origen: 0 | Dias credito origen: 30 | Status origen: 1,,2025-12-04 00:00:00,,,true
116,branch:default,47,entrada:116,2025-12-04,5300,Usuario origen: ALONDRA2025 | Liquidado origen: 0 | Credito abonado origen: 0 | Dias credito origen: 30 | Status origen: 1,,2025-12-04 00:00:00,,,true
117,branch:default,29,entrada:117,2025-12-05,7500,Usuario origen: ALONDRA2025 | Liquidado origen: 0 | Credito abonado origen: 0 | Dias credito origen: 30 | Status origen: 1,,2025-12-05 00:00:00,,,true
118,branch:default,29,entrada:118,2025-12-06,9750,Usuario origen: ALONDRA2025 | Liquidado origen: 1 | Credito abonado origen: 9750 | Dias credito origen: 0 | Status origen: 1,,2025-12-06 00:00:00,,,false
119,branch:default,29,entrada:119,2025-12-06,7500,Usuario origen: ALONDRA2025 | Liquidado origen: 0 | Credito abonado origen: 0 | Dias credito origen: 30 | Status origen: 1,,2025-12-06 00:00:00,,,true
120,branch:default,48,entrada:120,2025-12-08,7800,Usuario origen: ALONDRA2025 | Liquidado origen: 1 | Credito abonado origen: 7800 | Dias credito origen: 0 | Status origen: 1,,2025-12-08 00:00:00,,,false
121,branch:default,29,entrada:121,2025-12-09,7500,Usuario origen: ALONDRA2025 | Liquidado origen: 0 | Credito abonado origen: 0 | Dias credito origen: 30 | Status origen: 1,,2025-12-09 00:00:00,,,true
122,branch:default,29,entrada:122,2025-12-09,30650,Usuario origen: ALONDRA2025 | Liquidado origen: 0 | Credito abonado origen: 0 | Dias credito origen: 30 | Status origen: 1,,2025-12-09 00:00:00,,,true
123,branch:default,40,entrada:123,2025-12-09,39200,Usuario origen: ALONDRA2025 | Liquidado origen: 1 | Credito abonado origen: 39200 | Dias credito origen: 30 | Status origen: 1 | Abonos proveedor origen: 39200,,2025-12-09 00:00:00,,,false
124,branch:default,42,entrada:124,2025-12-09,1326,Usuario origen: ALONDRA2025 | Liquidado origen: 0 | Credito abonado origen: 0 | Dias credito origen: 30 | Status origen: 1,,2025-12-09 00:00:00,,,true
125,branch:default,42,entrada:125,2025-12-09,1784.98,Usuario origen: ALONDRA2025 | Liquidado origen: 1 | Credito abonado origen: 1784.98 | Dias credito origen: 0 | Status origen: 1,,2025-12-09 00:00:00,,,false
126,branch:default,29,entrada:126,2025-12-09,7500,Usuario origen: ALONDRA2025 | Liquidado origen: 0 | Credito abonado origen: 0 | Dias credito origen: 30 | Status origen: 1,,2025-12-09 00:00:00,,,true
127,branch:default,47,entrada:127,2025-12-10,4700,Usuario origen: ALONDRA2025 | Liquidado origen: 0 | Credito abonado origen: 0 | Dias credito origen: 30 | Status origen: 1,,2025-12-10 00:00:00,,,true
128,branch:default,29,entrada:128,2025-12-10,1975,Usuario origen: ALONDRA2025 | Liquidado origen: 1 | Credito abonado origen: 1975 | Dias credito origen: 0 | Status origen: 1,,2025-12-10 00:00:00,,,false
129,branch:default,51,entrada:129,2025-12-12,200,Usuario origen: ALEXA2025 | Liquidado origen: 1 | Credito abonado origen: 200 | Dias credito origen: 0 | Status origen: 1,,2025-12-12 00:00:00,,,false
130,branch:default,40,entrada:130,2025-12-12,25800,Usuario origen: ALONDRA2025 | Liquidado origen: 0 | Credito abonado origen: 0 | Dias credito origen: 30 | Status origen: 1,,2025-12-12 00:00:00,,,true
131,branch:default,39,entrada:131,2025-12-15,1643.9,Usuario origen: ALONDRA2025 | Liquidado origen: 1 | Credito abonado origen: 1643.9 | Dias credito origen: 0 | Status origen: 1,,2025-12-15 00:00:00,,,false
132,branch:default,37,entrada:132,2025-12-15,4892.99,Usuario origen: ALEXA2025 | Liquidado origen: 1 | Credito abonado origen: 4892.99 | Dias credito origen: 30 | Status origen: 1 | Abonos proveedor origen: 4892.99,,2025-12-15 00:00:00,,,false
133,branch:default,46,entrada:133,2025-12-16,5000,Usuario origen: ALONDRA2025 | Liquidado origen: 0 | Credito abonado origen: 0 | Dias credito origen: 30 | Status origen: 1,,2025-12-16 00:00:00,,,true
134,branch:default,46,entrada:134,2025-12-17,1000,Usuario origen: ALONDRA2025 | Liquidado origen: 0 | Credito abonado origen: 0 | Dias credito origen: 30 | Status origen: 1,,2025-12-17 00:00:00,,,true
135,branch:default,46,entrada:135,2025-12-17,1000,Usuario origen: ALONDRA2025 | Liquidado origen: 0 | Credito abonado origen: 0 | Dias credito origen: 30 | Status origen: 1,,2025-12-17 00:00:00,,,true
136,branch:default,29,entrada:136,2025-12-18,127680,Usuario origen: ALONDRA2025 | Liquidado origen: 0 | Credito abonado origen: 0 | Dias credito origen: 30 | Status origen: 1,,2025-12-18 00:00:00,,,true
137,branch:default,46,entrada:137,2025-12-18,225,Usuario origen: ALONDRA2025 | Liquidado origen: 0 | Credito abonado origen: 0 | Dias credito origen: 30 | Status origen: 1,,2025-12-18 00:00:00,,,true
138,branch:default,29,entrada:138,2025-12-18,1290,Usuario origen: ALONDRA2025 | Liquidado origen: 0 | Credito abonado origen: 0 | Dias credito origen: 30 | Status origen: 1,,2025-12-18 00:00:00,,,true
139,branch:default,29,entrada:139,2025-12-18,98080,Usuario origen: ALONDRA2025 | Liquidado origen: 0 | Credito abonado origen: 0 | Dias credito origen: 30 | Status origen: 1,,2025-12-18 00:00:00,,,true
140,branch:default,29,entrada:140,2025-12-22,16850,Usuario origen: ALONDRA2025 | Liquidado origen: 1 | Credito abonado origen: 16850 | Dias credito origen: 0 | Status origen: 1,,2025-12-22 00:00:00,,,false
141,branch:default,36,entrada:141,2025-12-22,49881.57,Usuario origen: ALONDRA2025 | Liquidado origen: 0 | Credito abonado origen: 0 | Dias credito origen: 30 | Status origen: 1,,2025-12-22 00:00:00,,,true
142,branch:default,36,entrada:142,2025-12-23,84252.54,Usuario origen: ALEXA2025 | Liquidado origen: 0 | Credito abonado origen: 0 | Dias credito origen: 30 | Status origen: 1,,2025-12-23 00:00:00,,,true
143,branch:default,46,entrada:143,2025-12-24,1000,Usuario origen: ALONDRA2025 | Liquidado origen: 0 | Credito abonado origen: 0 | Dias credito origen: 30 | Status origen: 0,,2025-12-24 00:00:00,,,true
144,branch:default,37,entrada:144,2025-12-29,5489,Usuario origen: ALONDRA2025 | Liquidado origen: 0 | Credito abonado origen: 0 | Dias credito origen: 30 | Status origen: 1,,2025-12-29 00:00:00,,,true
145,branch:default,29,entrada:145,2025-12-31,7500,Usuario origen: ALONDRA2025 | Liquidado origen: 0 | Credito abonado origen: 0 | Dias credito origen: 30 | Status origen: 1,,2025-12-31 00:00:00,,,true
146,branch:default,46,entrada:146,2026-01-05,1000,Usuario origen: Administrador | Liquidado origen: 0 | Credito abonado origen: 0 | Dias credito origen: 30 | Status origen: 1,,2026-01-05 00:00:00,,,true
147,branch:default,29,entrada:147,2026-01-05,7500,Usuario origen: Administrador | Liquidado origen: 0 | Credito abonado origen: 0 | Dias credito origen: 30 | Status origen: 1,,2026-01-05 00:00:00,,,true
148,branch:default,47,entrada:148,2026-01-06,9000,Usuario origen: Administrador | Liquidado origen: 0 | Credito abonado origen: 0 | Dias credito origen: 30 | Status origen: 0,,2026-01-06 00:00:00,,,true
149,branch:default,47,entrada:149,2026-01-06,9000,Usuario origen: Administrador | Liquidado origen: 0 | Credito abonado origen: 0 | Dias credito origen: 30 | Status origen: 0,,2026-01-06 00:00:00,,,true
150,branch:default,40,entrada:150,2026-01-06,26400,Usuario origen: Administrador | Liquidado origen: 1 | Credito abonado origen: 26400 | Dias credito origen: 30 | Status origen: 1 | Abonos proveedor origen: 26400,,2026-01-06 00:00:00,,,false
151,branch:default,51,entrada:151,2026-01-07,66,Usuario origen: Administrador | Liquidado origen: 1 | Credito abonado origen: 66 | Dias credito origen: 0 | Status origen: 1,,2026-01-07 00:00:00,,,false
152,branch:default,37,entrada:152,2026-01-09,1697.85,Usuario origen: Administrador | Liquidado origen: 0 | Credito abonado origen: 0 | Dias credito origen: 30 | Status origen: 1,,2026-01-09 00:00:00,,,true
153,branch:default,37,entrada:153,2026-01-09,325.77,Usuario origen: Administrador | Liquidado origen: 1 | Credito abonado origen: 325.77 | Dias credito origen: 30 | Status origen: 1 | Abonos proveedor origen: 325.77,,2026-01-09 00:00:00,,,false
154,branch:default,29,entrada:154,2026-01-10,13000,Usuario origen: Administrador | Liquidado origen: 0 | Credito abonado origen: 0 | Dias credito origen: 30 | Status origen: 1,,2026-01-10 00:00:00,,,true
155,branch:default,29,entrada:155,2026-01-12,9750,Usuario origen: Administrador | Liquidado origen: 1 | Credito abonado origen: 9750 | Dias credito origen: 0 | Status origen: 1,,2026-01-12 00:00:00,,,false
156,branch:default,35,entrada:156,2026-01-12,4118.02,Usuario origen: Administrador | Liquidado origen: 0 | Credito abonado origen: 0 | Dias credito origen: 30 | Status origen: 1,,2026-01-12 00:00:00,,,true
157,branch:default,36,entrada:157,2026-01-12,90774.15,Usuario origen: Administrador | Liquidado origen: 0 | Credito abonado origen: 0 | Dias credito origen: 30 | Status origen: 1,,2026-01-12 00:00:00,,,true
158,branch:default,29,entrada:158,2026-01-12,1950,Usuario origen: Administrador | Liquidado origen: 0 | Credito abonado origen: 0 | Dias credito origen: 30 | Status origen: 1,,2026-01-12 00:00:00,,,true
159,branch:default,51,entrada:159,2026-01-13,95,Usuario origen: Administrador | Liquidado origen: 0 | Credito abonado origen: 0 | Dias credito origen: 30 | Status origen: 1,,2026-01-13 00:00:00,,,true
160,branch:default,46,entrada:160,2026-01-13,1000,Usuario origen: Administrador | Liquidado origen: 0 | Credito abonado origen: 0 | Dias credito origen: 30 | Status origen: 1,,2026-01-13 00:00:00,,,true
161,branch:default,46,entrada:161,2026-01-13,5000,Usuario origen: Administrador | Liquidado origen: 0 | Credito abonado origen: 0 | Dias credito origen: 30 | Status origen: 1,,2026-01-13 00:00:00,,,true
162,branch:default,36,entrada:162,2026-01-13,53505.09,Usuario origen: Administrador | Liquidado origen: 0 | Credito abonado origen: 0 | Dias credito origen: 30 | Status origen: 1,,2026-01-13 00:00:00,,,true
163,branch:default,29,entrada:163,2026-01-14,14000,Usuario origen: Administrador | Liquidado origen: 0 | Credito abonado origen: 0 | Dias credito origen: 30 | Status origen: 1,,2026-01-14 00:00:00,,,true
164,branch:default,46,entrada:164,2026-01-14,12500,Usuario origen: Administrador | Liquidado origen: 0 | Credito abonado origen: 0 | Dias credito origen: 30 | Status origen: 1,,2026-01-14 00:00:00,,,true
165,branch:default,52,entrada:165,2026-01-14,17850,Usuario origen: Administrador | Liquidado origen: 1 | Credito abonado origen: 17850 | Dias credito origen: 0 | Status origen: 1,,2026-01-14 00:00:00,,,false
166,branch:default,46,entrada:166,2026-01-15,12500,Usuario origen: Administrador | Liquidado origen: 0 | Credito abonado origen: 0 | Dias credito origen: 30 | Status origen: 1,,2026-01-15 00:00:00,,,true
167,branch:default,29,entrada:167,2026-01-15,25350,Usuario origen: Administrador | Liquidado origen: 0 | Credito abonado origen: 0 | Dias credito origen: 30 | Status origen: 1,,2026-01-15 00:00:00,,,true
168,branch:default,29,entrada:168,2026-01-15,36780,Usuario origen: Administrador | Liquidado origen: 0 | Credito abonado origen: 0 | Dias credito origen: 30 | Status origen: 1,,2026-01-15 00:00:00,,,true
169,branch:default,29,entrada:169,2026-01-16,14000,Usuario origen: Administrador | Liquidado origen: 0 | Credito abonado origen: 0 | Dias credito origen: 30 | Status origen: 1,,2026-01-16 00:00:00,,,true
170,branch:default,46,entrada:170,2026-01-16,20000,Usuario origen: Administrador | Liquidado origen: 0 | Credito abonado origen: 0 | Dias credito origen: 30 | Status origen: 1,,2026-01-16 00:00:00,,,true
171,branch:default,52,entrada:171,2026-01-19,5400,Usuario origen: Administrador | Liquidado origen: 1 | Credito abonado origen: 5400 | Dias credito origen: 0 | Status origen: 1,,2026-01-19 00:00:00,,,false
172,branch:default,40,entrada:172,2026-01-19,34400,Usuario origen: Administrador | Liquidado origen: 0 | Credito abonado origen: 0 | Dias credito origen: 30 | Status origen: 1,,2026-01-19 00:00:00,,,true
173,branch:default,47,entrada:173,2026-01-20,9000,Usuario origen: Administrador | Liquidado origen: 0 | Credito abonado origen: 0 | Dias credito origen: 30 | Status origen: 1,,2026-01-20 00:00:00,,,true
174,branch:default,47,entrada:174,2026-01-20,9000,Usuario origen: Administrador | Liquidado origen: 0 | Credito abonado origen: 0 | Dias credito origen: 30 | Status origen: 1,,2026-01-20 00:00:00,,,true
175,branch:default,46,entrada:175,2026-01-20,1430,Usuario origen: Administrador | Liquidado origen: 0 | Credito abonado origen: 0 | Dias credito origen: 30 | Status origen: 1,,2026-01-20 00:00:00,,,true
176,branch:default,29,entrada:176,2026-01-21,14000,Usuario origen: ALONDRA26 | Liquidado origen: 0 | Credito abonado origen: 0 | Dias credito origen: 30 | Status origen: 1,,2026-01-21 00:00:00,,,true
177,branch:default,47,entrada:177,2026-01-21,9000,Usuario origen: ALONDRA26 | Liquidado origen: 0 | Credito abonado origen: 0 | Dias credito origen: 30 | Status origen: 1,,2026-01-21 00:00:00,,,true
178,branch:default,29,entrada:178,2026-01-22,28750,Usuario origen: ALONDRA26 | Liquidado origen: 0 | Credito abonado origen: 0 | Dias credito origen: 30 | Status origen: 1,,2026-01-22 00:00:00,,,true
179,branch:default,51,entrada:179,2026-01-23,120,Usuario origen: ALONDRA26 | Liquidado origen: 1 | Credito abonado origen: 120 | Dias credito origen: 0 | Status origen: 1,,2026-01-23 00:00:00,,,false
180,branch:default,32,entrada:180,2026-01-27,40662.52,Usuario origen: ALONDRA26 | Liquidado origen: 0 | Credito abonado origen: 0 | Dias credito origen: 30 | Status origen: 1,,2026-01-27 00:00:00,,,true
181,branch:default,29,entrada:181,2026-01-27,14849.96,Usuario origen: ALONDRA26 | Liquidado origen: 0 | Credito abonado origen: 0 | Dias credito origen: 30 | Status origen: 1,,2026-01-27 00:00:00,,,true
182,branch:default,29,entrada:182,2026-01-29,132048,Usuario origen: ALONDRA26 | Liquidado origen: 0 | Credito abonado origen: 0 | Dias credito origen: 30 | Status origen: 1,,2026-01-29 00:00:00,,,true
183,branch:default,36,entrada:183,2026-01-29,25297.87,Usuario origen: ALONDRA26 | Liquidado origen: 0 | Credito abonado origen: 0 | Dias credito origen: 30 | Status origen: 1,,2026-01-29 00:00:00,,,true
184,branch:default,29,entrada:184,2026-01-30,5475,Usuario origen: ALONDRA26 | Liquidado origen: 0 | Credito abonado origen: 0 | Dias credito origen: 30 | Status origen: 1,,2026-01-30 00:00:00,,,true
185,branch:default,32,entrada:185,2026-01-30,22218.76,Usuario origen: Administrador | Liquidado origen: 0 | Credito abonado origen: 0 | Dias credito origen: 30 | Status origen: 1,,2026-01-30 00:00:00,,,true
186,branch:default,40,entrada:186,2026-02-04,22400,Usuario origen: ALONDRA26 | Liquidado origen: 0 | Credito abonado origen: 0 | Dias credito origen: 30 | Status origen: 1,,2026-02-04 00:00:00,,,true
187,branch:default,47,entrada:187,2026-02-04,9000,Usuario origen: ALONDRA26 | Liquidado origen: 0 | Credito abonado origen: 0 | Dias credito origen: 30 | Status origen: 1,,2026-02-04 00:00:00,,,true
188,branch:default,47,entrada:188,2026-02-04,9000,Usuario origen: ALONDRA26 | Liquidado origen: 0 | Credito abonado origen: 0 | Dias credito origen: 30 | Status origen: 0,,2026-02-04 00:00:00,,,true
189,branch:default,47,entrada:189,2026-02-04,9000,Usuario origen: ALONDRA26 | Liquidado origen: 0 | Credito abonado origen: 0 | Dias credito origen: 30 | Status origen: 1,,2026-02-04 00:00:00,,,true
190,branch:default,47,entrada:190,2026-02-04,9000,Usuario origen: ALONDRA26 | Liquidado origen: 0 | Credito abonado origen: 0 | Dias credito origen: 30 | Status origen: 1,,2026-02-04 00:00:00,,,true
191,branch:default,47,entrada:191,2026-02-04,9000,Usuario origen: ALONDRA26 | Liquidado origen: 0 | Credito abonado origen: 0 | Dias credito origen: 30 | Status origen: 1,,2026-02-04 00:00:00,,,true
192,branch:default,47,entrada:192,2026-02-04,9000,Usuario origen: ALONDRA26 | Liquidado origen: 0 | Credito abonado origen: 0 | Dias credito origen: 30 | Status origen: 1,,2026-02-04 00:00:00,,,true
193,branch:default,47,entrada:193,2026-02-04,9000,Usuario origen: ALONDRA26 | Liquidado origen: 0 | Credito abonado origen: 0 | Dias credito origen: 30 | Status origen: 1,,2026-02-04 00:00:00,,,true
194,branch:default,47,entrada:194,2026-02-04,9000,Usuario origen: ALONDRA26 | Liquidado origen: 0 | Credito abonado origen: 0 | Dias credito origen: 30 | Status origen: 1,,2026-02-04 00:00:00,,,true
195,branch:default,52,entrada:195,2026-02-04,19440,Usuario origen: ALONDRA26 | Liquidado origen: 0 | Credito abonado origen: 0 | Dias credito origen: 30 | Status origen: 1,,2026-02-04 00:00:00,,,true
196,branch:default,52,entrada:196,2026-02-04,13086,Usuario origen: ALONDRA26 | Liquidado origen: 0 | Credito abonado origen: 0 | Dias credito origen: 30 | Status origen: 1,,2026-02-04 00:00:00,,,true
197,branch:default,29,entrada:197,2026-02-04,13000,Usuario origen: ALONDRA26 | Liquidado origen: 0 | Credito abonado origen: 0 | Dias credito origen: 30 | Status origen: 1,,2026-02-04 00:00:00,,,true
198,branch:default,29,entrada:198,2026-02-04,1300,Usuario origen: ALONDRA26 | Liquidado origen: 0 | Credito abonado origen: 0 | Dias credito origen: 30 | Status origen: 1,,2026-02-04 00:00:00,,,true
199,branch:default,35,entrada:199,2026-02-04,11158.98,Usuario origen: Administrador | Liquidado origen: 0 | Credito abonado origen: 0 | Dias credito origen: 30 | Status origen: 1,,2026-02-04 00:00:00,,,true
200,branch:default,29,entrada:200,2026-02-05,106704,Usuario origen: ALONDRA26 | Liquidado origen: 0 | Credito abonado origen: 0 | Dias credito origen: 30 | Status origen: 1,,2026-02-05 00:00:00,,,true
201,branch:default,51,entrada:201,2026-02-07,225,Usuario origen: ALONDRA26 | Liquidado origen: 0 | Credito abonado origen: 0 | Dias credito origen: 30 | Status origen: 1,,2026-02-07 00:00:00,,,true
202,branch:default,52,entrada:202,2026-02-09,7200,Usuario origen: ALONDRA26 | Liquidado origen: 0 | Credito abonado origen: 0 | Dias credito origen: 30 | Status origen: 1,,2026-02-09 00:00:00,,,true
203,branch:default,37,entrada:203,2026-02-09,2088.06,Usuario origen: Administrador | Liquidado origen: 0 | Credito abonado origen: 0 | Dias credito origen: 30 | Status origen: 1,,2026-02-09 00:00:00,,,true
204,branch:default,37,entrada:204,2026-02-09,586.32,Usuario origen: ALONDRA26 | Liquidado origen: 0 | Credito abonado origen: 0 | Dias credito origen: 30 | Status origen: 1,,2026-02-09 00:00:00,,,true
205,branch:default,46,entrada:205,2026-02-09,2000,Usuario origen: ALONDRA26 | Liquidado origen: 0 | Credito abonado origen: 0 | Dias credito origen: 30 | Status origen: 1,,2026-02-09 00:00:00,,,true
206,branch:default,29,entrada:206,2026-02-10,9750,Usuario origen: ALONDRA26 | Liquidado origen: 0 | Credito abonado origen: 0 | Dias credito origen: 30 | Status origen: 1,,2026-02-10 00:00:00,,,true
207,branch:default,32,entrada:207,2026-02-11,1169.4,Usuario origen: ALONDRA26 | Liquidado origen: 0 | Credito abonado origen: 0 | Dias credito origen: 30 | Status origen: 1,,2026-02-11 00:00:00,,,true
208,branch:default,32,entrada:208,2026-02-11,3005.14,Usuario origen: ALONDRA26 | Liquidado origen: 0 | Credito abonado origen: 0 | Dias credito origen: 30 | Status origen: 1,,2026-02-11 00:00:00,,,true
209,branch:default,46,entrada:209,2026-02-12,2000,Usuario origen: ALONDRA26 | Liquidado origen: 1 | Credito abonado origen: 2000 | Dias credito origen: 0 | Status origen: 1,,2026-02-12 00:00:00,,,false
210,branch:default,47,entrada:210,2026-02-12,5000,Usuario origen: ALONDRA26 | Liquidado origen: 0 | Credito abonado origen: 0 | Dias credito origen: 30 | Status origen: 0,,2026-02-12 00:00:00,,,true
211,branch:default,47,entrada:211,2026-02-12,5000,Usuario origen: ALONDRA26 | Liquidado origen: 0 | Credito abonado origen: 0 | Dias credito origen: 30 | Status origen: 0,,2026-02-12 00:00:00,,,true
212,branch:default,47,entrada:212,2026-02-12,5000,Usuario origen: ALONDRA26 | Liquidado origen: 0 | Credito abonado origen: 0 | Dias credito origen: 30 | Status origen: 1,,2026-02-12 00:00:00,,,true
213,branch:default,47,entrada:213,2026-02-12,5000,Usuario origen: ALONDRA26 | Liquidado origen: 0 | Credito abonado origen: 0 | Dias credito origen: 30 | Status origen: 1,,2026-02-12 00:00:00,,,true
214,branch:default,47,entrada:214,2026-02-12,5000,Usuario origen: ALONDRA26 | Liquidado origen: 0 | Credito abonado origen: 0 | Dias credito origen: 30 | Status origen: 1,,2026-02-12 00:00:00,,,true
215,branch:default,47,entrada:215,2026-02-12,5000,Usuario origen: ALONDRA26 | Liquidado origen: 0 | Credito abonado origen: 0 | Dias credito origen: 30 | Status origen: 1,,2026-02-12 00:00:00,,,true
216,branch:default,29,entrada:216,2026-02-13,82368,Usuario origen: ALONDRA26 | Liquidado origen: 0 | Credito abonado origen: 0 | Dias credito origen: 30 | Status origen: 1,,2026-02-13 00:00:00,,,true
217,branch:default,29,entrada:217,2026-02-13,108368,Usuario origen: ALONDRA26 | Liquidado origen: 0 | Credito abonado origen: 0 | Dias credito origen: 30 | Status origen: 1,,2026-02-13 00:00:00,,,true
218,branch:default,29,entrada:218,2026-02-13,3600,Usuario origen: ALONDRA26 | Liquidado origen: 0 | Credito abonado origen: 0 | Dias credito origen: 30 | Status origen: 1,,2026-02-13 00:00:00,,,true
219,branch:default,29,entrada:219,2026-02-13,25350,Usuario origen: ALONDRA26 | Liquidado origen: 0 | Credito abonado origen: 0 | Dias credito origen: 30 | Status origen: 1,,2026-02-13 00:00:00,,,true
220,branch:default,30,entrada:220,2026-02-13,6434.73,Usuario origen: Administrador | Liquidado origen: 0 | Credito abonado origen: 0 | Dias credito origen: 30 | Status origen: 1,,2026-02-13 00:00:00,,,true
221,branch:default,37,entrada:221,2026-02-14,2200.24,Usuario origen: Administrador | Liquidado origen: 0 | Credito abonado origen: 0 | Dias credito origen: 30 | Status origen: 1,,2026-02-14 00:00:00,,,true
222,branch:default,51,entrada:222,2026-02-17,1950,Usuario origen: ALONDRA26 | Liquidado origen: 0 | Credito abonado origen: 0 | Dias credito origen: 30 | Status origen: 1,,2026-02-17 00:00:00,,,true
223,branch:default,47,entrada:223,2026-02-17,9300,Usuario origen: ALONDRA26 | Liquidado origen: 0 | Credito abonado origen: 0 | Dias credito origen: 30 | Status origen: 0,,2026-02-17 00:00:00,,,true
224,branch:default,47,entrada:224,2026-02-17,9300,Usuario origen: ALONDRA26 | Liquidado origen: 0 | Credito abonado origen: 0 | Dias credito origen: 30 | Status origen: 0,,2026-02-17 00:00:00,,,true
225,branch:default,47,entrada:225,2026-02-17,9300,Usuario origen: ALONDRA26 | Liquidado origen: 0 | Credito abonado origen: 0 | Dias credito origen: 30 | Status origen: 0,,2026-02-17 00:00:00,,,true
226,branch:default,47,entrada:226,2026-02-17,9300,Usuario origen: ALONDRA26 | Liquidado origen: 0 | Credito abonado origen: 0 | Dias credito origen: 30 | Status origen: 0,,2026-02-17 00:00:00,,,true
227,branch:default,35,entrada:227,2026-02-17,6688.11,Usuario origen: Administrador | Liquidado origen: 0 | Credito abonado origen: 0 | Dias credito origen: 30 | Status origen: 1,,2026-02-17 00:00:00,,,true
228,branch:default,36,entrada:228,2026-02-17,74704,Usuario origen: ALONDRA26 | Liquidado origen: 0 | Credito abonado origen: 0 | Dias credito origen: 30 | Status origen: 1,,2026-02-17 00:00:00,,,true
229,branch:default,36,entrada:229,2026-02-17,74704,Usuario origen: ALONDRA26 | Liquidado origen: 0 | Credito abonado origen: 0 | Dias credito origen: 30 | Status origen: 1,,2026-02-17 00:00:00,,,true
230,branch:default,47,entrada:230,2026-02-18,9300,Usuario origen: ALONDRA26 | Liquidado origen: 0 | Credito abonado origen: 0 | Dias credito origen: 30 | Status origen: 1,,2026-02-18 00:00:00,,,true
231,branch:default,47,entrada:231,2026-02-18,9300,Usuario origen: ALONDRA26 | Liquidado origen: 0 | Credito abonado origen: 0 | Dias credito origen: 30 | Status origen: 1,,2026-02-18 00:00:00,,,true
232,branch:default,47,entrada:232,2026-02-18,9300,Usuario origen: ALONDRA26 | Liquidado origen: 0 | Credito abonado origen: 0 | Dias credito origen: 30 | Status origen: 1,,2026-02-18 00:00:00,,,true
233,branch:default,47,entrada:233,2026-02-18,9300,Usuario origen: ALONDRA26 | Liquidado origen: 0 | Credito abonado origen: 0 | Dias credito origen: 30 | Status origen: 1,,2026-02-18 00:00:00,,,true
234,branch:default,47,entrada:234,2026-02-18,9300,Usuario origen: ALONDRA26 | Liquidado origen: 0 | Credito abonado origen: 0 | Dias credito origen: 30 | Status origen: 0,,2026-02-18 00:00:00,,,true
235,branch:default,47,entrada:235,2026-02-18,9300,Usuario origen: ALONDRA26 | Liquidado origen: 0 | Credito abonado origen: 0 | Dias credito origen: 30 | Status origen: 0,,2026-02-18 00:00:00,,,true
236,branch:default,47,entrada:236,2026-02-18,9300,Usuario origen: Administrador | Liquidado origen: 0 | Credito abonado origen: 0 | Dias credito origen: 30 | Status origen: 1,,2026-02-18 00:00:00,,,true
237,branch:default,47,entrada:237,2026-02-18,9300,Usuario origen: Administrador | Liquidado origen: 0 | Credito abonado origen: 0 | Dias credito origen: 30 | Status origen: 1,,2026-02-18 00:00:00,,,true
238,branch:default,47,entrada:238,2026-02-19,9300,Usuario origen: ALONDRA26 | Liquidado origen: 0 | Credito abonado origen: 0 | Dias credito origen: 30 | Status origen: 1,,2026-02-19 00:00:00,,,true
239,branch:default,47,entrada:239,2026-02-19,9300,Usuario origen: ALONDRA26 | Liquidado origen: 0 | Credito abonado origen: 0 | Dias credito origen: 30 | Status origen: 1,,2026-02-19 00:00:00,,,true
240,branch:default,29,entrada:240,2026-02-20,14000,Usuario origen: ALONDRA26 | Liquidado origen: 0 | Credito abonado origen: 0 | Dias credito origen: 30 | Status origen: 1,,2026-02-20 00:00:00,,,true
241,branch:default,51,entrada:241,2026-02-20,4105,Usuario origen: Administrador | Liquidado origen: 0 | Credito abonado origen: 0 | Dias credito origen: 30 | Status origen: 1,,2026-02-20 00:00:00,,,true
242,branch:default,37,entrada:242,2026-02-21,1500.96,Usuario origen: Administrador | Liquidado origen: 0 | Credito abonado origen: 0 | Dias credito origen: 30 | Status origen: 1,,2026-02-21 00:00:00,,,true
243,branch:default,52,entrada:243,2026-02-24,7933,Usuario origen: ALONDRA26 | Liquidado origen: 0 | Credito abonado origen: 0 | Dias credito origen: 30 | Status origen: 1,,2026-02-24 00:00:00,,,true
244,branch:default,40,entrada:244,2026-02-24,14000,Usuario origen: ALONDRA26 | Liquidado origen: 0 | Credito abonado origen: 0 | Dias credito origen: 30 | Status origen: 1,,2026-02-24 00:00:00,,,true
245,branch:default,52,entrada:245,2026-02-25,28125,Usuario origen: ALONDRA26 | Liquidado origen: 1 | Credito abonado origen: 28125 | Dias credito origen: 0 | Status origen: 1,,2026-02-25 00:00:00,,,false
246,branch:default,46,entrada:246,2026-02-25,2000,Usuario origen: ALONDRA26 | Liquidado origen: 0 | Credito abonado origen: 0 | Dias credito origen: 30 | Status origen: 1,,2026-02-25 00:00:00,,,true
247,branch:default,40,entrada:247,2026-02-26,11200,Usuario origen: ALONDRA26 | Liquidado origen: 0 | Credito abonado origen: 0 | Dias credito origen: 30 | Status origen: 1,,2026-02-26 00:00:00,,,true
248,branch:default,29,entrada:248,2026-02-26,108420,Usuario origen: ALONDRA26 | Liquidado origen: 0 | Credito abonado origen: 0 | Dias credito origen: 30 | Status origen: 1,,2026-02-26 00:00:00,,,true
249,branch:default,52,entrada:249,2026-02-26,1067,Usuario origen: ALONDRA26 | Liquidado origen: 1 | Credito abonado origen: 1067 | Dias credito origen: 0 | Status origen: 1,,2026-02-26 00:00:00,,,false
250,branch:default,47,entrada:250,2026-02-26,9300,Usuario origen: ALONDRA26 | Liquidado origen: 0 | Credito abonado origen: 0 | Dias credito origen: 30 | Status origen: 1,,2026-02-26 00:00:00,,,true
251,branch:default,46,entrada:251,2026-02-27,1000,Usuario origen: ALONDRA26 | Liquidado origen: 0 | Credito abonado origen: 0 | Dias credito origen: 30 | Status origen: 1,,2026-02-27 00:00:00,,,true
252,branch:default,47,entrada:252,2026-03-02,9300,Usuario origen: ALONDRA26 | Liquidado origen: 0 | Credito abonado origen: 0 | Dias credito origen: 30 | Status origen: 1,,2026-03-02 00:00:00,,,true
253,branch:default,47,entrada:253,2026-03-02,9300,Usuario origen: ALONDRA26 | Liquidado origen: 1 | Credito abonado origen: 9300 | Dias credito origen: 30 | Status origen: 1 | Abonos proveedor origen: 9300,,2026-03-02 00:00:00,,,false
254,branch:default,51,entrada:254,2026-03-02,425,Usuario origen: ALONDRA26 | Liquidado origen: 0 | Credito abonado origen: 0 | Dias credito origen: 30 | Status origen: 1,,2026-03-02 00:00:00,,,true
255,branch:default,52,entrada:255,2026-03-02,3966.62,Usuario origen: ALONDRA26 | Liquidado origen: 0 | Credito abonado origen: 0 | Dias credito origen: 30 | Status origen: 1,,2026-03-02 00:00:00,,,true
256,branch:default,52,entrada:256,2026-03-02,8082,Usuario origen: ALONDRA26 | Liquidado origen: 0 | Credito abonado origen: 0 | Dias credito origen: 30 | Status origen: 1,,2026-03-02 00:00:00,,,true
257,branch:default,46,entrada:257,2026-03-03,1000,Usuario origen: ALONDRA26 | Liquidado origen: 0 | Credito abonado origen: 0 | Dias credito origen: 30 | Status origen: 1,,2026-03-03 00:00:00,,,true
258,branch:default,52,entrada:258,2026-03-03,16200,Usuario origen: ALONDRA26 | Liquidado origen: 0 | Credito abonado origen: 0 | Dias credito origen: 30 | Status origen: 1,,2026-03-03 00:00:00,,,true
259,branch:default,52,entrada:259,2026-03-04,3600,Usuario origen: ALONDRA26 | Liquidado origen: 0 | Credito abonado origen: 0 | Dias credito origen: 30 | Status origen: 1,,2026-03-04 00:00:00,,,true
260,branch:default,51,entrada:260,2026-03-04,500,Usuario origen: ALONDRA26 | Liquidado origen: 0 | Credito abonado origen: 0 | Dias credito origen: 30 | Status origen: 1,,2026-03-04 00:00:00,,,true
261,branch:default,29,entrada:261,2026-03-04,39400,Usuario origen: ALONDRA26 | Liquidado origen: 0 | Credito abonado origen: 0 | Dias credito origen: 30 | Status origen: 1,,2026-03-04 00:00:00,,,true
262,branch:default,47,entrada:262,2026-03-05,9300,Usuario origen: ALONDRA26 | Liquidado origen: 0 | Credito abonado origen: 0 | Dias credito origen: 30 | Status origen: 1,,2026-03-05 00:00:00,,,true
263,branch:default,47,entrada:263,2026-03-05,9300,Usuario origen: ALONDRA26 | Liquidado origen: 0 | Credito abonado origen: 0 | Dias credito origen: 30 | Status origen: 1,,2026-03-05 00:00:00,,,true
264,branch:default,47,entrada:264,2026-03-05,9300,Usuario origen: ALONDRA26 | Liquidado origen: 0 | Credito abonado origen: 0 | Dias credito origen: 30 | Status origen: 1,,2026-03-05 00:00:00,,,true
265,branch:default,52,entrada:265,2026-03-05,21600,Usuario origen: ALONDRA26 | Liquidado origen: 0 | Credito abonado origen: 0 | Dias credito origen: 30 | Status origen: 1,,2026-03-05 00:00:00,,,true
266,branch:default,46,entrada:266,2026-03-06,1430,Usuario origen: ALONDRA26 | Liquidado origen: 0 | Credito abonado origen: 0 | Dias credito origen: 30 | Status origen: 1,,2026-03-06 00:00:00,,,true
267,branch:default,52,entrada:267,2026-03-06,3266,Usuario origen: ALONDRA26 | Liquidado origen: 0 | Credito abonado origen: 0 | Dias credito origen: 30 | Status origen: 1,,2026-03-06 00:00:00,,,true
268,branch:default,51,entrada:268,2026-03-07,100,Usuario origen: ALONDRA26 | Liquidado origen: 0 | Credito abonado origen: 0 | Dias credito origen: 30 | Status origen: 1,,2026-03-07 00:00:00,,,true
269,branch:default,52,entrada:269,2026-03-09,7290,Usuario origen: ALONDRA26 | Liquidado origen: 0 | Credito abonado origen: 0 | Dias credito origen: 30 | Status origen: 1,,2026-03-09 00:00:00,,,true
270,branch:default,52,entrada:270,2026-03-09,18000,Usuario origen: ALONDRA26 | Liquidado origen: 0 | Credito abonado origen: 0 | Dias credito origen: 30 | Status origen: 1,,2026-03-09 00:00:00,,,true
271,branch:default,52,entrada:271,2026-03-10,233.33,Usuario origen: ALONDRA26 | Liquidado origen: 0 | Credito abonado origen: 0 | Dias credito origen: 30 | Status origen: 1,,2026-03-10 00:00:00,,,true
272,branch:default,46,entrada:272,2026-03-10,2000,Usuario origen: ALONDRA26 | Liquidado origen: 0 | Credito abonado origen: 0 | Dias credito origen: 30 | Status origen: 1,,2026-03-10 00:00:00,,,true
273,branch:default,40,entrada:273,2026-03-10,22400,Usuario origen: ALONDRA26 | Liquidado origen: 0 | Credito abonado origen: 0 | Dias credito origen: 30 | Status origen: 1,,2026-03-10 00:00:00,,,true
274,branch:default,51,entrada:274,2026-03-11,1746,Usuario origen: ALONDRA26 | Liquidado origen: 0 | Credito abonado origen: 0 | Dias credito origen: 30 | Status origen: 1,,2026-03-11 00:00:00,,,true
275,branch:default,29,entrada:275,2026-03-11,188500,Usuario origen: ALONDRA26 | Liquidado origen: 0 | Credito abonado origen: 0 | Dias credito origen: 30 | Status origen: 1,,2026-03-11 00:00:00,,,true
276,branch:default,37,entrada:276,2026-03-11,259.39,Usuario origen: ALONDRA26 | Liquidado origen: 0 | Credito abonado origen: 0 | Dias credito origen: 30 | Status origen: 1,,2026-03-11 00:00:00,,,true
277,branch:default,37,entrada:277,2026-03-11,897.19,Usuario origen: ALONDRA26 | Liquidado origen: 0 | Credito abonado origen: 0 | Dias credito origen: 30 | Status origen: 1,,2026-03-11 00:00:00,,,true
278,branch:default,52,entrada:278,2026-03-12,3266.62,Usuario origen: ALONDRA26 | Liquidado origen: 0 | Credito abonado origen: 0 | Dias credito origen: 30 | Status origen: 1,,2026-03-12 00:00:00,,,true
279,branch:default,52,entrada:279,2026-03-12,25200,Usuario origen: ALONDRA26 | Liquidado origen: 0 | Credito abonado origen: 0 | Dias credito origen: 30 | Status origen: 1,,2026-03-12 00:00:00,,,true
280,branch:default,51,entrada:280,2026-03-12,2664,Usuario origen: ALONDRA26 | Liquidado origen: 0 | Credito abonado origen: 0 | Dias credito origen: 30 | Status origen: 1,,2026-03-12 00:00:00,,,true
281,branch:default,51,entrada:281,2026-03-13,104,Usuario origen: ALONDRA26 | Liquidado origen: 0 | Credito abonado origen: 0 | Dias credito origen: 30 | Status origen: 1,,2026-03-13 00:00:00,,,true
282,branch:default,51,entrada:282,2026-03-16,350,Usuario origen: ALONDRA26 | Liquidado origen: 0 | Credito abonado origen: 0 | Dias credito origen: 30 | Status origen: 1,,2026-03-16 00:00:00,,,true
283,branch:default,52,entrada:283,2026-03-17,18036,Usuario origen: ALONDRA26 | Liquidado origen: 0 | Credito abonado origen: 0 | Dias credito origen: 30 | Status origen: 1,,2026-03-17 00:00:00,,,true
284,branch:default,51,entrada:284,2026-03-17,352,Usuario origen: ALONDRA26 | Liquidado origen: 0 | Credito abonado origen: 0 | Dias credito origen: 30 | Status origen: 1,,2026-03-17 00:00:00,,,true
285,branch:default,52,entrada:285,2026-03-18,18014,Usuario origen: ALONDRA26 | Liquidado origen: 0 | Credito abonado origen: 0 | Dias credito origen: 30 | Status origen: 1,,2026-03-18 00:00:00,,,true
286,branch:default,46,entrada:286,2026-03-19,1000,Usuario origen: ALONDRA26 | Liquidado origen: 0 | Credito abonado origen: 0 | Dias credito origen: 30 | Status origen: 1,,2026-03-19 00:00:00,,,true
287,branch:default,46,entrada:287,2026-03-19,2000,Usuario origen: ALONDRA26 | Liquidado origen: 0 | Credito abonado origen: 0 | Dias credito origen: 30 | Status origen: 1,,2026-03-19 00:00:00,,,true
288,branch:default,29,entrada:288,2026-03-20,16800,Usuario origen: ALONDRA26 | Liquidado origen: 0 | Credito abonado origen: 0 | Dias credito origen: 30 | Status origen: 0,,2026-03-20 00:00:00,,,true
289,branch:default,29,entrada:289,2026-03-20,16800,Usuario origen: ALONDRA26 | Liquidado origen: 0 | Credito abonado origen: 0 | Dias credito origen: 30 | Status origen: 1,,2026-03-20 00:00:00,,,true
290,branch:default,52,entrada:290,2026-03-20,11453,Usuario origen: ALONDRA26 | Liquidado origen: 0 | Credito abonado origen: 0 | Dias credito origen: 30 | Status origen: 1,,2026-03-20 00:00:00,,,true
291,branch:default,46,entrada:291,2026-03-20,1000,Usuario origen: ALONDRA26 | Liquidado origen: 0 | Credito abonado origen: 0 | Dias credito origen: 30 | Status origen: 1,,2026-03-20 00:00:00,,,true
292,branch:default,46,entrada:292,2026-03-20,1000,Usuario origen: ALONDRA26 | Liquidado origen: 0 | Credito abonado origen: 0 | Dias credito origen: 30 | Status origen: 1,,2026-03-20 00:00:00,,,true
293,branch:default,46,entrada:293,2026-03-20,1000,Usuario origen: ALONDRA26 | Liquidado origen: 0 | Credito abonado origen: 0 | Dias credito origen: 30 | Status origen: 1,,2026-03-20 00:00:00,,,true
294,branch:default,46,entrada:294,2026-03-20,1000,Usuario origen: ALONDRA26 | Liquidado origen: 0 | Credito abonado origen: 0 | Dias credito origen: 30 | Status origen: 1,,2026-03-20 00:00:00,,,true
295,branch:default,51,entrada:295,2026-03-20,272,Usuario origen: ALONDRA26 | Liquidado origen: 0 | Credito abonado origen: 0 | Dias credito origen: 30 | Status origen: 1,,2026-03-20 00:00:00,,,true
296,branch:default,29,entrada:296,2026-03-20,18950,Usuario origen: ALONDRA26 | Liquidado origen: 0 | Credito abonado origen: 0 | Dias credito origen: 30 | Status origen: 0,,2026-03-20 00:00:00,,,true
297,branch:default,29,entrada:297,2026-03-20,18950,Usuario origen: ALONDRA26 | Liquidado origen: 0 | Credito abonado origen: 0 | Dias credito origen: 30 | Status origen: 1,,2026-03-20 00:00:00,,,true
298,branch:default,29,entrada:298,2026-03-21,45330,Usuario origen: ALONDRA26 | Liquidado origen: 0 | Credito abonado origen: 0 | Dias credito origen: 30 | Status origen: 1,,2026-03-21 00:00:00,,,true
299,branch:default,37,entrada:299,2026-03-21,421.5,Usuario origen: ALONDRA26 | Liquidado origen: 0 | Credito abonado origen: 0 | Dias credito origen: 30 | Status origen: 1,,2026-03-21 00:00:00,,,true
300,branch:default,37,entrada:300,2026-03-21,2306.94,Usuario origen: ALONDRA26 | Liquidado origen: 0 | Credito abonado origen: 0 | Dias credito origen: 30 | Status origen: 1,,2026-03-21 00:00:00,,,true
301,branch:default,47,entrada:301,2026-03-21,11000,Usuario origen: ALONDRA26 | Liquidado origen: 0 | Credito abonado origen: 0 | Dias credito origen: 30 | Status origen: 1,,2026-03-21 00:00:00,,,true
302,branch:default,46,entrada:302,2026-03-23,1000,Usuario origen: ALONDRA26 | Liquidado origen: 0 | Credito abonado origen: 0 | Dias credito origen: 30 | Status origen: 1,,2026-03-23 00:00:00,,,true
303,branch:default,46,entrada:303,2026-03-23,1000,Usuario origen: ALONDRA26 | Liquidado origen: 0 | Credito abonado origen: 0 | Dias credito origen: 30 | Status origen: 1,,2026-03-23 00:00:00,,,true
304,branch:default,46,entrada:304,2026-03-23,1000,Usuario origen: ALONDRA26 | Liquidado origen: 0 | Credito abonado origen: 0 | Dias credito origen: 30 | Status origen: 1,,2026-03-23 00:00:00,,,true
305,branch:default,52,entrada:305,2026-03-24,16400,Usuario origen: ALONDRA26 | Liquidado origen: 0 | Credito abonado origen: 0 | Dias credito origen: 30 | Status origen: 0,,2026-03-24 00:00:00,,,true
306,branch:default,52,entrada:306,2026-03-24,80,Usuario origen: ALONDRA26 | Liquidado origen: 0 | Credito abonado origen: 0 | Dias credito origen: 30 | Status origen: 1,,2026-03-24 00:00:00,,,true
307,branch:default,52,entrada:307,2026-03-24,16400,Usuario origen: ALONDRA26 | Liquidado origen: 0 | Credito abonado origen: 0 | Dias credito origen: 30 | Status origen: 1,,2026-03-24 00:00:00,,,true
308,branch:default,52,entrada:308,2026-03-25,2333,Usuario origen: ALONDRA26 | Liquidado origen: 0 | Credito abonado origen: 0 | Dias credito origen: 30 | Status origen: 1,,2026-03-25 00:00:00,,,true
309,branch:default,52,entrada:309,2026-03-25,36014,Usuario origen: ALONDRA26 | Liquidado origen: 0 | Credito abonado origen: 0 | Dias credito origen: 30 | Status origen: 0,,2026-03-25 00:00:00,,,true
310,branch:default,29,entrada:310,2026-03-26,16400,Usuario origen: ALONDRA26 | Liquidado origen: 0 | Credito abonado origen: 0 | Dias credito origen: 30 | Status origen: 1,,2026-03-26 00:00:00,,,true
311,branch:default,37,entrada:311,2026-03-26,1500,Usuario origen: ALONDRA26 | Liquidado origen: 1 | Credito abonado origen: 1500 | Dias credito origen: 0 | Status origen: 1,,2026-03-26 00:00:00,,,false
312,branch:default,29,entrada:312,2026-03-27,75600,Usuario origen: ALONDRA26 | Liquidado origen: 0 | Credito abonado origen: 0 | Dias credito origen: 30 | Status origen: 1,,2026-03-27 00:00:00,,,true
313,branch:default,51,entrada:313,2026-03-27,170,Usuario origen: ALONDRA26 | Liquidado origen: 0 | Credito abonado origen: 0 | Dias credito origen: 30 | Status origen: 1,,2026-03-27 00:00:00,,,true
314,branch:default,51,entrada:314,2026-03-28,4480,Usuario origen: GRISELDA2026 | Liquidado origen: 0 | Credito abonado origen: 0 | Dias credito origen: 30 | Status origen: 1,,2026-03-28 00:00:00,,,true
315,branch:default,40,entrada:315,2026-03-30,22400,Usuario origen: GRISELDA2026 | Liquidado origen: 0 | Credito abonado origen: 0 | Dias credito origen: 30 | Status origen: 1,,2026-03-30 00:00:00,,,true
316,branch:default,51,entrada:316,2026-03-31,560,Usuario origen: ALONDRA26 | Liquidado origen: 0 | Credito abonado origen: 0 | Dias credito origen: 30 | Status origen: 1,,2026-03-31 00:00:00,,,true
317,branch:default,51,entrada:317,2026-03-31,180,Usuario origen: ALONDRA26 | Liquidado origen: 0 | Credito abonado origen: 0 | Dias credito origen: 30 | Status origen: 1,,2026-03-31 00:00:00,,,true
318,branch:default,35,entrada:318,2026-03-31,3926.1,Usuario origen: ALONDRA26 | Liquidado origen: 0 | Credito abonado origen: 0 | Dias credito origen: 30 | Status origen: 1,,2026-03-31 00:00:00,,,true
319,branch:default,53,entrada:319,2026-03-31,7000,Usuario origen: ALONDRA26 | Liquidado origen: 1 | Credito abonado origen: 7000 | Dias credito origen: 0 | Status origen: 1,,2026-03-31 00:00:00,,,false
320,branch:default,52,entrada:320,2026-04-07,7607.6,Usuario origen: ALONDRA26 | Liquidado origen: 0 | Credito abonado origen: 0 | Dias credito origen: 30 | Status origen: 1,,2026-04-07 00:00:00,,,true
321,branch:default,52,entrada:321,2026-04-07,533.33,Usuario origen: ALONDRA26 | Liquidado origen: 0 | Credito abonado origen: 0 | Dias credito origen: 30 | Status origen: 1,,2026-04-07 00:00:00,,,true
322,branch:default,29,entrada:322,2026-04-07,14500,Usuario origen: ALONDRA26 | Liquidado origen: 0 | Credito abonado origen: 0 | Dias credito origen: 30 | Status origen: 1,,2026-04-07 00:00:00,,,true
323,branch:default,29,entrada:323,2026-04-08,137009.92,Usuario origen: ALONDRA26 | Liquidado origen: 0 | Credito abonado origen: 0 | Dias credito origen: 30 | Status origen: 1,,2026-04-08 00:00:00,,,true
324,branch:default,53,entrada:324,2026-04-08,1000,Usuario origen: ALONDRA26 | Liquidado origen: 0 | Credito abonado origen: 0 | Dias credito origen: 30 | Status origen: 1,,2026-04-08 00:00:00,,,true
325,branch:default,52,entrada:325,2026-04-10,36000,Usuario origen: ALONDRA26 | Liquidado origen: 0 | Credito abonado origen: 0 | Dias credito origen: 30 | Status origen: 0,,2026-04-10 00:00:00,,,true
326,branch:default,54,entrada:326,2026-04-11,1900,Usuario origen: ALONDRA26 | Liquidado origen: 1 | Credito abonado origen: 1900 | Dias credito origen: 0 | Status origen: 1,,2026-04-11 00:00:00,,,false
327,branch:default,54,entrada:327,2026-04-11,1900,Usuario origen: ALONDRA26 | Liquidado origen: 1 | Credito abonado origen: 1900 | Dias credito origen: 0 | Status origen: 1,,2026-04-11 00:00:00,,,false
328,branch:default,54,entrada:328,2026-04-13,1926,Usuario origen: ALONDRA26 | Liquidado origen: 0 | Credito abonado origen: 0 | Dias credito origen: 30 | Status origen: 1,,2026-04-13 00:00:00,,,true
329,branch:default,40,entrada:329,2026-04-13,22400,Usuario origen: ALONDRA26 | Liquidado origen: 0 | Credito abonado origen: 0 | Dias credito origen: 30 | Status origen: 1,,2026-04-13 00:00:00,,,true
330,branch:default,29,entrada:330,2026-04-14,80600,Usuario origen: ALONDRA26 | Liquidado origen: 0 | Credito abonado origen: 0 | Dias credito origen: 30 | Status origen: 1,,2026-04-14 00:00:00,,,true
331,branch:default,52,entrada:331,2026-04-14,3807,Usuario origen: ALONDRA26 | Liquidado origen: 0 | Credito abonado origen: 0 | Dias credito origen: 30 | Status origen: 1,,2026-04-14 00:00:00,,,true
332,branch:default,52,entrada:332,2026-04-14,36014,Usuario origen: ALONDRA26 | Liquidado origen: 0 | Credito abonado origen: 0 | Dias credito origen: 30 | Status origen: 1,,2026-04-14 00:00:00,,,true
333,branch:default,52,entrada:333,2026-04-15,36000,Usuario origen: ALONDRA26 | Liquidado origen: 0 | Credito abonado origen: 0 | Dias credito origen: 30 | Status origen: 1,,2026-04-15 00:00:00,,,true
334,branch:default,52,entrada:334,2026-04-15,36000,Usuario origen: ALONDRA26 | Liquidado origen: 0 | Credito abonado origen: 0 | Dias credito origen: 30 | Status origen: 1,,2026-04-15 00:00:00,,,true
335,branch:default,52,entrada:335,2026-04-15,6847.6,Usuario origen: ALONDRA26 | Liquidado origen: 0 | Credito abonado origen: 0 | Dias credito origen: 30 | Status origen: 0,,2026-04-15 00:00:00,,,true
336,branch:default,52,entrada:336,2026-04-15,5084,Usuario origen: ALONDRA26 | Liquidado origen: 0 | Credito abonado origen: 0 | Dias credito origen: 30 | Status origen: 1,,2026-04-15 00:00:00,,,true
337,branch:default,46,entrada:337,2026-04-16,2000,Usuario origen: ALONDRA26 | Liquidado origen: 0 | Credito abonado origen: 0 | Dias credito origen: 30 | Status origen: 1,,2026-04-16 00:00:00,,,true
338,branch:default,46,entrada:338,2026-04-16,2000,Usuario origen: ALONDRA26 | Liquidado origen: 0 | Credito abonado origen: 0 | Dias credito origen: 30 | Status origen: 1,,2026-04-16 00:00:00,,,true
339,branch:default,46,entrada:339,2026-04-16,2000,Usuario origen: ALONDRA26 | Liquidado origen: 0 | Credito abonado origen: 0 | Dias credito origen: 30 | Status origen: 1,,2026-04-16 00:00:00,,,true
340,branch:default,46,entrada:340,2026-04-16,500,Usuario origen: ALONDRA26 | Liquidado origen: 0 | Credito abonado origen: 0 | Dias credito origen: 30 | Status origen: 1,,2026-04-16 00:00:00,,,true
341,branch:default,52,entrada:341,2026-04-16,3266,Usuario origen: ALONDRA26 | Liquidado origen: 0 | Credito abonado origen: 0 | Dias credito origen: 30 | Status origen: 1,,2026-04-16 00:00:00,,,true
342,branch:default,52,entrada:342,2026-04-16,1466.68,Usuario origen: ALONDRA26 | Liquidado origen: 0 | Credito abonado origen: 0 | Dias credito origen: 30 | Status origen: 1,,2026-04-16 00:00:00,,,true
343,branch:default,52,entrada:343,2026-04-16,1466,Usuario origen: ALONDRA26 | Liquidado origen: 0 | Credito abonado origen: 0 | Dias credito origen: 30 | Status origen: 1,,2026-04-16 00:00:00,,,true
344,branch:default,29,entrada:344,2026-04-16,117220,Usuario origen: ALONDRA26 | Liquidado origen: 0 | Credito abonado origen: 0 | Dias credito origen: 30 | Status origen: 1,,2026-04-16 00:00:00,,,true
345,branch:default,36,entrada:345,2026-04-16,53999.98,Usuario origen: Administrador | Liquidado origen: 0 | Credito abonado origen: 0 | Dias credito origen: 30 | Status origen: 1,,2026-04-16 00:00:00,,,true
346,branch:default,52,entrada:346,2026-04-17,3266.62,Usuario origen: ALONDRA26 | Liquidado origen: 0 | Credito abonado origen: 0 | Dias credito origen: 30 | Status origen: 1,,2026-04-17 00:00:00,,,true
347,branch:default,52,entrada:347,2026-04-17,44000,Usuario origen: ALONDRA26 | Liquidado origen: 0 | Credito abonado origen: 0 | Dias credito origen: 30 | Status origen: 1,,2026-04-17 00:00:00,,,true
348,branch:default,46,entrada:348,2026-04-17,500,Usuario origen: ALONDRA26 | Liquidado origen: 0 | Credito abonado origen: 0 | Dias credito origen: 30 | Status origen: 1,,2026-04-17 00:00:00,,,true
349,branch:default,52,entrada:349,2026-04-17,24608.8,Usuario origen: ALONDRA26 | Liquidado origen: 0 | Credito abonado origen: 0 | Dias credito origen: 30 | Status origen: 1,,2026-04-17 00:00:00,,,true
350,branch:default,51,entrada:350,2026-04-18,436,Usuario origen: GRISELDA2026 | Liquidado origen: 0 | Credito abonado origen: 0 | Dias credito origen: 30 | Status origen: 1,,2026-04-18 00:00:00,,,true
351,branch:default,52,entrada:351,2026-04-18,1100,Usuario origen: GRISELDA2026 | Liquidado origen: 0 | Credito abonado origen: 0 | Dias credito origen: 30 | Status origen: 1,,2026-04-18 00:00:00,,,true
352,branch:default,51,entrada:352,2026-04-20,168,Usuario origen: ALONDRA26 | Liquidado origen: 0 | Credito abonado origen: 0 | Dias credito origen: 30 | Status origen: 1,,2026-04-20 00:00:00,,,true
353,branch:default,51,entrada:353,2026-04-20,984,Usuario origen: ALONDRA26 | Liquidado origen: 0 | Credito abonado origen: 0 | Dias credito origen: 30 | Status origen: 1,,2026-04-20 00:00:00,,,true
354,branch:default,51,entrada:354,2026-04-20,384,Usuario origen: ALONDRA26 | Liquidado origen: 0 | Credito abonado origen: 0 | Dias credito origen: 30 | Status origen: 1,,2026-04-20 00:00:00,,,true
355,branch:default,52,entrada:355,2026-04-20,310,Usuario origen: ALONDRA26 | Liquidado origen: 0 | Credito abonado origen: 0 | Dias credito origen: 30 | Status origen: 1,,2026-04-20 00:00:00,,,true
356,branch:default,52,entrada:356,2026-04-21,8960,Usuario origen: ALONDRA26 | Liquidado origen: 0 | Credito abonado origen: 0 | Dias credito origen: 30 | Status origen: 1,,2026-04-21 00:00:00,,,true
357,branch:default,52,entrada:357,2026-04-21,140700,Usuario origen: ALONDRA26 | Liquidado origen: 0 | Credito abonado origen: 0 | Dias credito origen: 30 | Status origen: 1,,2026-04-21 00:00:00,,,true
358,branch:default,29,entrada:358,2026-04-22,14500,Usuario origen: ALONDRA26 | Liquidado origen: 0 | Credito abonado origen: 0 | Dias credito origen: 30 | Status origen: 1,,2026-04-22 00:00:00,,,true
359,branch:default,52,entrada:359,2026-04-23,1866.64,Usuario origen: ALONDRA26 | Liquidado origen: 0 | Credito abonado origen: 0 | Dias credito origen: 30 | Status origen: 1,,2026-04-23 00:00:00,,,true
360,branch:default,52,entrada:360,2026-04-24,26207.6,Usuario origen: ALONDRA26 | Liquidado origen: 0 | Credito abonado origen: 0 | Dias credito origen: 30 | Status origen: 1,,2026-04-24 00:00:00,,,true
361,branch:default,29,entrada:361,2026-04-24,4650,Usuario origen: ALONDRA26 | Liquidado origen: 0 | Credito abonado origen: 0 | Dias credito origen: 30 | Status origen: 1,,2026-04-24 00:00:00,,,true
362,branch:default,52,entrada:362,2026-04-24,21592.8,Usuario origen: ALONDRA26 | Liquidado origen: 0 | Credito abonado origen: 0 | Dias credito origen: 30 | Status origen: 1,,2026-04-24 00:00:00,,,true
363,branch:default,29,entrada:363,2026-04-27,14500,Usuario origen: ALONDRA26 | Liquidado origen: 0 | Credito abonado origen: 0 | Dias credito origen: 30 | Status origen: 1,,2026-04-27 00:00:00,,,true
364,branch:default,52,entrada:364,2026-04-28,233.33,Usuario origen: ALONDRA26 | Liquidado origen: 0 | Credito abonado origen: 0 | Dias credito origen: 30 | Status origen: 1,,2026-04-28 00:00:00,,,true
365,branch:default,52,entrada:365,2026-04-28,930,Usuario origen: ALONDRA26 | Liquidado origen: 0 | Credito abonado origen: 0 | Dias credito origen: 30 | Status origen: 1,,2026-04-28 00:00:00,,,true
366,branch:default,29,entrada:366,2026-04-29,17680,Usuario origen: ALONDRA26 | Liquidado origen: 0 | Credito abonado origen: 0 | Dias credito origen: 30 | Status origen: 1,,2026-04-29 00:00:00,,,true
367,branch:default,29,entrada:367,2026-04-29,44400,Usuario origen: ALONDRA26 | Liquidado origen: 0 | Credito abonado origen: 0 | Dias credito origen: 30 | Status origen: 1,,2026-04-29 00:00:00,,,true
368,branch:default,36,entrada:368,2026-04-29,72095.16,Usuario origen: ALONDRA26 | Liquidado origen: 0 | Credito abonado origen: 0 | Dias credito origen: 30 | Status origen: 1,,2026-04-29 00:00:00,,,true
369,branch:default,32,entrada:369,2026-04-29,19242.89,Usuario origen: Administrador | Liquidado origen: 0 | Credito abonado origen: 0 | Dias credito origen: 30 | Status origen: 1,,2026-04-29 00:00:00,,,true
370,branch:default,36,entrada:370,2026-04-30,19618.85,Usuario origen: ALONDRA26 | Liquidado origen: 0 | Credito abonado origen: 0 | Dias credito origen: 30 | Status origen: 1,,2026-04-30 00:00:00,,,true
371,branch:default,52,entrada:371,2026-04-30,1166.65,Usuario origen: ALONDRA26 | Liquidado origen: 0 | Credito abonado origen: 0 | Dias credito origen: 30 | Status origen: 1,,2026-04-30 00:00:00,,,true
372,branch:default,52,entrada:372,2026-04-30,36014.4,Usuario origen: ALONDRA26 | Liquidado origen: 0 | Credito abonado origen: 0 | Dias credito origen: 30 | Status origen: 1,,2026-04-30 00:00:00,,,true
373,branch:default,29,entrada:373,2026-05-01,5900,Usuario origen: ALONDRA26 | Liquidado origen: 0 | Credito abonado origen: 0 | Dias credito origen: 30 | Status origen: 1,,2026-05-01 00:00:00,,,true
374,branch:default,29,entrada:374,2026-05-01,136120,Usuario origen: ALONDRA26 | Liquidado origen: 0 | Credito abonado origen: 0 | Dias credito origen: 30 | Status origen: 1,,2026-05-01 00:00:00,,,true
375,branch:default,47,entrada:375,2026-05-05,11000,Usuario origen: ALONDRA26 | Liquidado origen: 0 | Credito abonado origen: 0 | Dias credito origen: 30 | Status origen: 1,,2026-05-05 00:00:00,,,true
376,branch:default,47,entrada:376,2026-05-05,11000,Usuario origen: ALONDRA26 | Liquidado origen: 0 | Credito abonado origen: 0 | Dias credito origen: 30 | Status origen: 1,,2026-05-05 00:00:00,,,true
377,branch:default,47,entrada:377,2026-05-05,11500,Usuario origen: ALONDRA26 | Liquidado origen: 0 | Credito abonado origen: 0 | Dias credito origen: 30 | Status origen: 1,,2026-05-05 00:00:00,,,true
378,branch:default,52,entrada:378,2026-05-05,930,Usuario origen: ALONDRA26 | Liquidado origen: 0 | Credito abonado origen: 0 | Dias credito origen: 30 | Status origen: 1,,2026-05-05 00:00:00,,,true
379,branch:default,40,entrada:379,2026-05-05,22400,Usuario origen: ALONDRA26 | Liquidado origen: 0 | Credito abonado origen: 0 | Dias credito origen: 30 | Status origen: 0,,2026-05-05 00:00:00,,,true
380,branch:default,40,entrada:380,2026-05-05,11200,Usuario origen: ALONDRA26 | Liquidado origen: 0 | Credito abonado origen: 0 | Dias credito origen: 30 | Status origen: 1,,2026-05-05 00:00:00,,,true
381,branch:default,52,entrada:381,2026-05-06,930,Usuario origen: ALONDRA26 | Liquidado origen: 0 | Credito abonado origen: 0 | Dias credito origen: 30 | Status origen: 1,,2026-05-06 00:00:00,,,true
382,branch:default,51,entrada:382,2026-05-06,870,Usuario origen: ALONDRA26 | Liquidado origen: 0 | Credito abonado origen: 0 | Dias credito origen: 30 | Status origen: 1,,2026-05-06 00:00:00,,,true
383,branch:default,47,entrada:383,2026-05-06,11000,Usuario origen: ALONDRA26 | Liquidado origen: 0 | Credito abonado origen: 0 | Dias credito origen: 30 | Status origen: 1,,2026-05-06 00:00:00,,,true
384,branch:default,52,entrada:384,2026-05-06,3266.62,Usuario origen: ALONDRA26 | Liquidado origen: 0 | Credito abonado origen: 0 | Dias credito origen: 30 | Status origen: 1,,2026-05-06 00:00:00,,,true
385,branch:default,52,entrada:385,2026-05-07,18021.6,Usuario origen: ALONDRA26 | Liquidado origen: 0 | Credito abonado origen: 0 | Dias credito origen: 30 | Status origen: 1,,2026-05-07 00:00:00,,,true
386,branch:default,52,entrada:386,2026-05-07,3266.62,Usuario origen: ALONDRA26 | Liquidado origen: 0 | Credito abonado origen: 0 | Dias credito origen: 30 | Status origen: 1,,2026-05-07 00:00:00,,,true
387,branch:default,29,entrada:387,2026-05-07,148680,Usuario origen: ALONDRA26 | Liquidado origen: 0 | Credito abonado origen: 0 | Dias credito origen: 30 | Status origen: 1,,2026-05-07 00:00:00,,,true
388,branch:default,51,entrada:388,2026-05-07,320,Usuario origen: ALONDRA26 | Liquidado origen: 0 | Credito abonado origen: 0 | Dias credito origen: 30 | Status origen: 1,,2026-05-07 00:00:00,,,true
389,branch:default,47,entrada:389,2026-05-08,9300,Usuario origen: ALONDRA26 | Liquidado origen: 0 | Credito abonado origen: 0 | Dias credito origen: 30 | Status origen: 1,,2026-05-08 00:00:00,,,true
390,branch:default,52,entrada:390,2026-05-09,466.66,Usuario origen: GRISELDA2026 | Liquidado origen: 0 | Credito abonado origen: 0 | Dias credito origen: 30 | Status origen: 1,,2026-05-09 00:00:00,,,true
391,branch:default,53,entrada:391,2026-05-11,9000,Usuario origen: ALONDRA26 | Liquidado origen: 1 | Credito abonado origen: 9000 | Dias credito origen: 0 | Status origen: 1,,2026-05-11 00:00:00,,,false
392,branch:default,52,entrada:392,2026-05-11,28828,Usuario origen: ALONDRA26 | Liquidado origen: 0 | Credito abonado origen: 0 | Dias credito origen: 30 | Status origen: 1,,2026-05-11 00:00:00,,,true
393,branch:default,52,entrada:393,2026-05-14,14407.2,Usuario origen: ALONDRA26 | Liquidado origen: 0 | Credito abonado origen: 0 | Dias credito origen: 30 | Status origen: 1,,2026-05-14 00:00:00,,,true
394,branch:default,40,entrada:394,2026-05-14,11200,Usuario origen: ALONDRA26 | Liquidado origen: 0 | Credito abonado origen: 0 | Dias credito origen: 30 | Status origen: 1,,2026-05-14 00:00:00,,,true
395,branch:default,29,entrada:395,2026-05-14,93621.71,Usuario origen: ALONDRA26 | Liquidado origen: 0 | Credito abonado origen: 0 | Dias credito origen: 30 | Status origen: 1,,2026-05-14 00:00:00,,,true
396,branch:default,29,entrada:396,2026-05-15,15650,Usuario origen: ALONDRA26 | Liquidado origen: 0 | Credito abonado origen: 0 | Dias credito origen: 30 | Status origen: 1,,2026-05-15 00:00:00,,,true
397,branch:default,37,entrada:397,2026-05-15,1249.07,Usuario origen: Administrador | Liquidado origen: 0 | Credito abonado origen: 0 | Dias credito origen: 30 | Status origen: 1,,2026-05-15 00:00:00,,,true
398,branch:default,37,entrada:398,2026-05-15,660.02,Usuario origen: Administrador | Liquidado origen: 0 | Credito abonado origen: 0 | Dias credito origen: 30 | Status origen: 1,,2026-05-15 00:00:00,,,true
399,branch:default,52,entrada:399,2026-05-16,18036,Usuario origen: ALONDRA26 | Liquidado origen: 0 | Credito abonado origen: 0 | Dias credito origen: 30 | Status origen: 0,,2026-05-16 00:00:00,,,true
400,branch:default,52,entrada:400,2026-05-16,18036,Usuario origen: ALONDRA26 | Liquidado origen: 0 | Credito abonado origen: 0 | Dias credito origen: 30 | Status origen: 1,,2026-05-16 00:00:00,,,true
401,branch:default,29,entrada:401,2026-05-19,36623,Usuario origen: ALONDRA26 | Liquidado origen: 0 | Credito abonado origen: 0 | Dias credito origen: 30 | Status origen: 1,,2026-05-19 00:00:00,,,true
402,branch:default,52,entrada:402,2026-05-20,4500,Usuario origen: ALONDRA26 | Liquidado origen: 0 | Credito abonado origen: 0 | Dias credito origen: 30 | Status origen: 1,,2026-05-20 00:00:00,,,true
403,branch:default,52,entrada:403,2026-05-20,14569.2,Usuario origen: ALONDRA26 | Liquidado origen: 0 | Credito abonado origen: 0 | Dias credito origen: 30 | Status origen: 0,,2026-05-20 00:00:00,,,true
404,branch:default,52,entrada:404,2026-05-20,14569.2,Usuario origen: ALONDRA26 | Liquidado origen: 0 | Credito abonado origen: 0 | Dias credito origen: 30 | Status origen: 1,,2026-05-20 00:00:00,,,true
405,branch:default,47,entrada:405,2026-05-21,9000,Usuario origen: ALONDRA26 | Liquidado origen: 0 | Credito abonado origen: 0 | Dias credito origen: 30 | Status origen: 1,,2026-05-21 00:00:00,,,true
406,branch:default,52,entrada:406,2026-05-21,43329.6,Usuario origen: ALONDRA26 | Liquidado origen: 0 | Credito abonado origen: 0 | Dias credito origen: 30 | Status origen: 1,,2026-05-21 00:00:00,,,true
407,branch:default,29,entrada:407,2026-05-21,105750,Usuario origen: ALONDRA26 | Liquidado origen: 0 | Credito abonado origen: 0 | Dias credito origen: 30 | Status origen: 1,,2026-05-21 00:00:00,,,true
408,branch:default,29,entrada:408,2026-05-21,4230,Usuario origen: ALONDRA26 | Liquidado origen: 1 | Credito abonado origen: 4230 | Dias credito origen: 0 | Status origen: 1,,2026-05-21 00:00:00,,,false
409,branch:default,51,entrada:409,2026-05-21,448,Usuario origen: ALONDRA26 | Liquidado origen: 0 | Credito abonado origen: 0 | Dias credito origen: 30 | Status origen: 1,,2026-05-21 00:00:00,,,true
410,branch:default,29,entrada:410,2026-05-22,85280,Usuario origen: ALONDRA26 | Liquidado origen: 0 | Credito abonado origen: 0 | Dias credito origen: 30 | Status origen: 1,,2026-05-22 00:00:00,,,true
411,branch:default,52,entrada:411,2026-05-22,1677.6,Usuario origen: ALONDRA26 | Liquidado origen: 0 | Credito abonado origen: 0 | Dias credito origen: 30 | Status origen: 0,,2026-05-22 00:00:00,,,true
412,branch:default,52,entrada:412,2026-05-22,1677,Usuario origen: ALONDRA26 | Liquidado origen: 0 | Credito abonado origen: 0 | Dias credito origen: 30 | Status origen: 1,,2026-05-22 00:00:00,,,true
413,branch:default,52,entrada:413,2026-05-22,3266.6,Usuario origen: ALONDRA26 | Liquidado origen: 0 | Credito abonado origen: 0 | Dias credito origen: 30 | Status origen: 1,,2026-05-22 00:00:00,,,true
414,branch:default,47,entrada:414,2026-05-22,9300,Usuario origen: ALONDRA26 | Liquidado origen: 0 | Credito abonado origen: 0 | Dias credito origen: 30 | Status origen: 1,,2026-05-22 00:00:00,,,true
415,branch:default,53,entrada:415,2026-05-22,3000,Usuario origen: ALONDRA26 | Liquidado origen: 1 | Credito abonado origen: 3000 | Dias credito origen: 0 | Status origen: 1,,2026-05-22 00:00:00,,,false
416,branch:default,40,entrada:416,2026-05-22,11200,Usuario origen: ALONDRA26 | Liquidado origen: 0 | Credito abonado origen: 0 | Dias credito origen: 30 | Status origen: 1,,2026-05-22 00:00:00,,,true
417,branch:default,48,entrada:417,2026-05-25,14000,Usuario origen: ALONDRA26 | Liquidado origen: 0 | Credito abonado origen: 0 | Dias credito origen: 30 | Status origen: 1,,2026-05-25 00:00:00,,,true
418,branch:default,48,entrada:418,2026-05-25,14000,Usuario origen: ALONDRA26 | Liquidado origen: 0 | Credito abonado origen: 0 | Dias credito origen: 30 | Status origen: 1,,2026-05-25 00:00:00,,,true
419,branch:default,37,entrada:419,2026-05-25,586.33,Usuario origen: ALONDRA26 | Liquidado origen: 0 | Credito abonado origen: 0 | Dias credito origen: 30 | Status origen: 1,,2026-05-25 00:00:00,,,true
420,branch:default,36,entrada:420,2026-05-25,68210.25,Usuario origen: ALONDRA26 | Liquidado origen: 0 | Credito abonado origen: 0 | Dias credito origen: 30 | Status origen: 1,,2026-05-25 00:00:00,,,true
421,branch:default,47,entrada:421,2026-05-25,10000,Usuario origen: ALONDRA26 | Liquidado origen: 0 | Credito abonado origen: 0 | Dias credito origen: 30 | Status origen: 1,,2026-05-25 00:00:00,,,true
422,branch:default,52,entrada:422,2026-05-25,4666.6,Usuario origen: ALONDRA26 | Liquidado origen: 0 | Credito abonado origen: 0 | Dias credito origen: 30 | Status origen: 1,,2026-05-25 00:00:00,,,true
423,branch:default,36,entrada:423,2026-05-25,145069.6,Usuario origen: ALONDRA26 | Liquidado origen: 0 | Credito abonado origen: 0 | Dias credito origen: 30 | Status origen: 1,,2026-05-25 00:00:00,,,true
424,branch:default,37,entrada:424,2026-05-25,1169.95,Usuario origen: ALONDRA26 | Liquidado origen: 0 | Credito abonado origen: 0 | Dias credito origen: 30 | Status origen: 1,,2026-05-25 00:00:00,,,true
425,branch:default,37,entrada:425,2026-05-25,2819.02,Usuario origen: Administrador | Liquidado origen: 0 | Credito abonado origen: 0 | Dias credito origen: 30 | Status origen: 1,,2026-05-25 00:00:00,,,true
426,branch:default,32,entrada:426,2026-05-25,10272.73,Usuario origen: Administrador | Liquidado origen: 0 | Credito abonado origen: 0 | Dias credito origen: 30 | Status origen: 1,,2026-05-25 00:00:00,,,true
427,branch:default,35,entrada:427,2026-05-25,5888.86,Usuario origen: ALONDRA26 | Liquidado origen: 0 | Credito abonado origen: 0 | Dias credito origen: 30 | Status origen: 1,,2026-05-25 00:00:00,,,true
428,branch:default,51,entrada:428,2026-05-25,165,Usuario origen: ALONDRA26 | Liquidado origen: 0 | Credito abonado origen: 0 | Dias credito origen: 30 | Status origen: 1,,2026-05-25 00:00:00,,,true
429,branch:default,52,entrada:429,2026-05-26,1399.98,Usuario origen: ALONDRA26 | Liquidado origen: 0 | Credito abonado origen: 0 | Dias credito origen: 30 | Status origen: 1,,2026-05-26 00:00:00,,,true
430,branch:default,29,entrada:430,2026-05-27,690,Usuario origen: ALONDRA26 | Liquidado origen: 0 | Credito abonado origen: 0 | Dias credito origen: 30 | Status origen: 1,,2026-05-27 00:00:00,,,true
431,branch:default,51,entrada:431,2026-05-27,645,Usuario origen: ALONDRA26 | Liquidado origen: 0 | Credito abonado origen: 0 | Dias credito origen: 30 | Status origen: 1,,2026-05-27 00:00:00,,,true
432,branch:default,46,entrada:432,2026-05-28,5000,Usuario origen: ALONDRA26 | Liquidado origen: 0 | Credito abonado origen: 0 | Dias credito origen: 30 | Status origen: 1,,2026-05-28 00:00:00,,,true
433,branch:default,36,entrada:433,2026-05-29,49010,Usuario origen: ALONDRA26 | Liquidado origen: 0 | Credito abonado origen: 0 | Dias credito origen: 30 | Status origen: 1,,2026-05-29 00:00:00,,,true
434,branch:default,52,entrada:434,2026-05-29,23400,Usuario origen: ALONDRA26 | Liquidado origen: 0 | Credito abonado origen: 0 | Dias credito origen: 30 | Status origen: 1,,2026-05-29 00:00:00,,,true
435,branch:default,56,entrada:435,2026-05-29,8400,Usuario origen: ALONDRA26 | Liquidado origen: 0 | Credito abonado origen: 0 | Dias credito origen: 30 | Status origen: 1,,2026-05-29 00:00:00,,,true
436,branch:default,46,entrada:436,2026-05-29,8100,Usuario origen: ALONDRA26 | Liquidado origen: 0 | Credito abonado origen: 0 | Dias credito origen: 30 | Status origen: 1,,2026-05-29 00:00:00,,,true
437,branch:default,46,entrada:437,2026-05-29,2900,Usuario origen: ALONDRA26 | Liquidado origen: 0 | Credito abonado origen: 0 | Dias credito origen: 30 | Status origen: 1,,2026-05-29 00:00:00,,,true
438,branch:default,46,entrada:438,2026-05-29,5200,Usuario origen: ALONDRA26 | Liquidado origen: 0 | Credito abonado origen: 0 | Dias credito origen: 30 | Status origen: 1,,2026-05-29 00:00:00,,,true
439,branch:default,56,entrada:439,2026-05-29,16700,Usuario origen: ALONDRA26 | Liquidado origen: 0 | Credito abonado origen: 0 | Dias credito origen: 30 | Status origen: 1,,2026-05-29 00:00:00,,,true
440,branch:default,56,entrada:440,2026-05-29,8300,Usuario origen: ALONDRA26 | Liquidado origen: 0 | Credito abonado origen: 0 | Dias credito origen: 30 | Status origen: 1,,2026-05-29 00:00:00,,,true
441,branch:default,52,entrada:441,2026-05-29,24487.2,Usuario origen: ALONDRA26 | Liquidado origen: 0 | Credito abonado origen: 0 | Dias credito origen: 30 | Status origen: 1,,2026-05-29 00:00:00,,,true
442,branch:default,40,entrada:442,2026-05-30,11200,Usuario origen: GRISELDA2026 | Liquidado origen: 0 | Credito abonado origen: 0 | Dias credito origen: 30 | Status origen: 1,,2026-05-30 00:00:00,,,true
443,branch:default,47,entrada:443,2026-06-02,5300,Usuario origen: ALONDRA26 | Liquidado origen: 0 | Credito abonado origen: 0 | Dias credito origen: 30 | Status origen: 1,,2026-06-02 00:00:00,,,true
444,branch:default,51,entrada:444,2026-06-03,240,Usuario origen: ALONDRA26 | Liquidado origen: 0 | Credito abonado origen: 0 | Dias credito origen: 30 | Status origen: 1,,2026-06-03 00:00:00,,,true
445,branch:default,36,entrada:445,2026-06-03,75985.1,Usuario origen: ALONDRA26 | Liquidado origen: 0 | Credito abonado origen: 0 | Dias credito origen: 30 | Status origen: 1,,2026-06-03 00:00:00,,,true
446,branch:default,29,entrada:446,2026-06-04,13330,Usuario origen: ALONDRA26 | Liquidado origen: 0 | Credito abonado origen: 0 | Dias credito origen: 30 | Status origen: 1,,2026-06-04 00:00:00,,,true
447,branch:default,52,entrada:447,2026-06-05,37461.6,Usuario origen: ALONDRA26 | Liquidado origen: 0 | Credito abonado origen: 0 | Dias credito origen: 30 | Status origen: 1,,2026-06-05 00:00:00,,,true
448,branch:default,52,entrada:448,2026-06-05,933.33,Usuario origen: ALONDRA26 | Liquidado origen: 0 | Credito abonado origen: 0 | Dias credito origen: 30 | Status origen: 1,,2026-06-05 00:00:00,,,true
449,branch:default,51,entrada:449,2026-06-05,15,Usuario origen: ALONDRA26 | Liquidado origen: 0 | Credito abonado origen: 0 | Dias credito origen: 30 | Status origen: 1,,2026-06-05 00:00:00,,,true
450,branch:default,52,entrada:450,2026-06-05,4500,Usuario origen: ALONDRA26 | Liquidado origen: 1 | Credito abonado origen: 4500 | Dias credito origen: 0 | Status origen: 1,,2026-06-05 00:00:00,,,false
451,branch:default,37,entrada:451,2026-06-04,3491.99,Usuario origen: GRISELDA2026 | Liquidado origen: 0 | Credito abonado origen: 0 | Dias credito origen: 30 | Status origen: 1,,2026-06-04 00:00:00,,,true
452,branch:default,37,entrada:452,2026-06-06,916.1,Usuario origen: Administrador | Liquidado origen: 0 | Credito abonado origen: 0 | Dias credito origen: 30 | Status origen: 1,,2026-06-06 00:00:00,,,true
453,branch:default,37,entrada:453,2026-06-04,2903.31,Usuario origen: GRISELDA2026 | Liquidado origen: 0 | Credito abonado origen: 0 | Dias credito origen: 30 | Status origen: 0,,2026-06-04 00:00:00,,,true
454,branch:default,37,entrada:454,2026-06-06,1111,Usuario origen: Administrador | Liquidado origen: 0 | Credito abonado origen: 0 | Dias credito origen: 30 | Status origen: 1,,2026-06-06 00:00:00,,,true
455,branch:default,37,entrada:455,2026-06-04,2903.31,Usuario origen: GRISELDA2026 | Liquidado origen: 0 | Credito abonado origen: 0 | Dias credito origen: 30 | Status origen: 1,,2026-06-04 00:00:00,,,true
456,branch:default,37,entrada:456,2026-06-05,5084.78,Usuario origen: GRISELDA2026 | Liquidado origen: 0 | Credito abonado origen: 0 | Dias credito origen: 30 | Status origen: 1,,2026-06-05 00:00:00,,,true
457,branch:default,29,entrada:457,2026-06-08,154080,Usuario origen: ALONDRA26 | Liquidado origen: 0 | Credito abonado origen: 0 | Dias credito origen: 30 | Status origen: 1,,2026-06-08 00:00:00,,,true
458,branch:default,52,entrada:458,2026-06-08,14600,Usuario origen: ALONDRA26 | Liquidado origen: 0 | Credito abonado origen: 0 | Dias credito origen: 30 | Status origen: 0,,2026-06-08 00:00:00,,,true
459,branch:default,32,entrada:459,2026-06-08,1597.21,Usuario origen: ALONDRA26 | Liquidado origen: 0 | Credito abonado origen: 0 | Dias credito origen: 30 | Status origen: 1,,2026-06-08 00:00:00,,,true
460,branch:default,29,entrada:460,2026-06-08,13480,Usuario origen: ALONDRA26 | Liquidado origen: 0 | Credito abonado origen: 0 | Dias credito origen: 30 | Status origen: 1,,2026-06-08 00:00:00,,,true
461,branch:default,52,entrada:461,2026-06-08,1633.31,Usuario origen: ALONDRA26 | Liquidado origen: 0 | Credito abonado origen: 0 | Dias credito origen: 30 | Status origen: 1,,2026-06-08 00:00:00,,,true
462,branch:default,52,entrada:462,2026-06-09,14600,Usuario origen: ALONDRA26 | Liquidado origen: 0 | Credito abonado origen: 0 | Dias credito origen: 30 | Status origen: 1,,2026-06-09 00:00:00,,,true
463,branch:default,52,entrada:463,2026-06-10,6533.24,Usuario origen: ALONDRA26 | Liquidado origen: 0 | Credito abonado origen: 0 | Dias credito origen: 30 | Status origen: 0,,2026-06-10 00:00:00,,,true
464,branch:default,52,entrada:464,2026-06-10,25207.2,Usuario origen: ALONDRA26 | Liquidado origen: 0 | Credito abonado origen: 0 | Dias credito origen: 30 | Status origen: 1,,2026-06-10 00:00:00,,,true
465,branch:default,51,entrada:465,2026-06-11,1096,Usuario origen: ALONDRA26 | Liquidado origen: 0 | Credito abonado origen: 0 | Dias credito origen: 30 | Status origen: 1,,2026-06-11 00:00:00,,,true
466,branch:default,51,entrada:466,2026-06-11,66,Usuario origen: ALONDRA26 | Liquidado origen: 0 | Credito abonado origen: 0 | Dias credito origen: 30 | Status origen: 1,,2026-06-11 00:00:00,,,true
467,branch:default,29,entrada:467,2026-06-12,13660,Usuario origen: ALONDRA26 | Liquidado origen: 0 | Credito abonado origen: 0 | Dias credito origen: 30 | Status origen: 1,,2026-06-12 00:00:00,,,true
468,branch:default,36,entrada:468,2026-06-12,107822,Usuario origen: ALONDRA26 | Liquidado origen: 0 | Credito abonado origen: 0 | Dias credito origen: 30 | Status origen: 1,,2026-06-12 00:00:00,,,true
469,branch:default,40,entrada:469,2026-06-12,11200,Usuario origen: ALONDRA26 | Liquidado origen: 0 | Credito abonado origen: 0 | Dias credito origen: 30 | Status origen: 1,,2026-06-12 00:00:00,,,true
470,branch:default,36,entrada:470,2026-06-12,90962.56,Usuario origen: ALONDRA26 | Liquidado origen: 0 | Credito abonado origen: 0 | Dias credito origen: 30 | Status origen: 1,,2026-06-12 00:00:00,,,true
471,branch:default,36,entrada:471,2026-06-12,17760,Usuario origen: ALONDRA26 | Liquidado origen: 0 | Credito abonado origen: 0 | Dias credito origen: 30 | Status origen: 1,,2026-06-12 00:00:00,,,true
472,branch:default,47,entrada:472,2026-06-13,9300,Usuario origen: GRISELDA2026 | Liquidado origen: 0 | Credito abonado origen: 0 | Dias credito origen: 30 | Status origen: 1,,2026-06-13 00:00:00,,,true
473,branch:default,29,entrada:473,2026-06-15,13880,Usuario origen: ALONDRA26 | Liquidado origen: 0 | Credito abonado origen: 0 | Dias credito origen: 30 | Status origen: 1,,2026-06-15 00:00:00,,,true
474,branch:default,52,entrada:474,2026-06-15,3672,Usuario origen: ALONDRA26 | Liquidado origen: 0 | Credito abonado origen: 0 | Dias credito origen: 30 | Status origen: 1,,2026-06-15 00:00:00,,,true
475,branch:default,57,entrada:475,2026-06-16,58380,Usuario origen: ALONDRA26 | Liquidado origen: 0 | Credito abonado origen: 0 | Dias credito origen: 30 | Status origen: 1,,2026-06-16 00:00:00,,,true
476,branch:default,52,entrada:476,2026-06-16,15250,Usuario origen: ALONDRA26 | Liquidado origen: 0 | Credito abonado origen: 0 | Dias credito origen: 30 | Status origen: 1,,2026-06-16 00:00:00,,,true
477,branch:default,52,entrada:477,2026-06-17,14600,Usuario origen: ALONDRA26 | Liquidado origen: 0 | Credito abonado origen: 0 | Dias credito origen: 30 | Status origen: 1,,2026-06-17 00:00:00,,,true
478,branch:default,52,entrada:478,2026-06-17,10800,Usuario origen: ALONDRA26 | Liquidado origen: 0 | Credito abonado origen: 0 | Dias credito origen: 30 | Status origen: 1,,2026-06-17 00:00:00,,,true
479,branch:default,37,entrada:479,2026-06-18,7238.44,Usuario origen: ALONDRA26 | Liquidado origen: 0 | Credito abonado origen: 0 | Dias credito origen: 30 | Status origen: 1,,2026-06-18 00:00:00,,,true
480,branch:default,37,entrada:480,2026-06-18,1759.73,Usuario origen: ALONDRA26 | Liquidado origen: 0 | Credito abonado origen: 0 | Dias credito origen: 30 | Status origen: 1,,2026-06-18 00:00:00,,,true
481,branch:default,52,entrada:481,2026-06-18,21621.6,Usuario origen: ALONDRA26 | Liquidado origen: 0 | Credito abonado origen: 0 | Dias credito origen: 30 | Status origen: 1,,2026-06-18 00:00:00,,,true
482,branch:default,51,entrada:482,2026-06-19,1138,Usuario origen: ALONDRA26 | Liquidado origen: 0 | Credito abonado origen: 0 | Dias credito origen: 30 | Status origen: 1,,2026-06-19 00:00:00,,,true
483,branch:default,29,entrada:483,2026-06-19,10200,Usuario origen: ALONDRA26 | Liquidado origen: 0 | Credito abonado origen: 0 | Dias credito origen: 30 | Status origen: 1,,2026-06-19 00:00:00,,,true
484,branch:default,29,entrada:484,2026-06-19,134448,Usuario origen: ALONDRA26 | Liquidado origen: 0 | Credito abonado origen: 0 | Dias credito origen: 30 | Status origen: 1,,2026-06-19 00:00:00,,,true
485,branch:default,52,entrada:485,2026-06-22,3600,Usuario origen: ALONDRA26 | Liquidado origen: 0 | Credito abonado origen: 0 | Dias credito origen: 30 | Status origen: 1,,2026-06-22 00:00:00,,,true
486,branch:default,32,entrada:486,2026-06-22,390.46,Usuario origen: ALONDRA26 | Liquidado origen: 0 | Credito abonado origen: 0 | Dias credito origen: 30 | Status origen: 0,,2026-06-22 00:00:00,,,true
487,branch:default,32,entrada:487,2026-06-22,390.45,Usuario origen: ALONDRA26 | Liquidado origen: 0 | Credito abonado origen: 0 | Dias credito origen: 30 | Status origen: 1,,2026-06-22 00:00:00,,,true
488,branch:default,52,entrada:488,2026-06-22,14600,Usuario origen: ALONDRA26 | Liquidado origen: 0 | Credito abonado origen: 0 | Dias credito origen: 30 | Status origen: 1,,2026-06-22 00:00:00,,,true
489,branch:default,52,entrada:489,2026-06-23,21607.2,Usuario origen: ALONDRA26 | Liquidado origen: 0 | Credito abonado origen: 0 | Dias credito origen: 30 | Status origen: 1,,2026-06-23 00:00:00,,,true
490,branch:default,51,entrada:490,2026-06-23,2130,Usuario origen: ALONDRA26 | Liquidado origen: 0 | Credito abonado origen: 0 | Dias credito origen: 30 | Status origen: 1,,2026-06-23 00:00:00,,,true
491,branch:default,51,entrada:491,2026-06-23,1096,Usuario origen: ALONDRA26 | Liquidado origen: 0 | Credito abonado origen: 0 | Dias credito origen: 30 | Status origen: 1,,2026-06-23 00:00:00,,,true
492,branch:default,52,entrada:492,2026-06-24,933.33,Usuario origen: ALONDRA26 | Liquidado origen: 0 | Credito abonado origen: 0 | Dias credito origen: 30 | Status origen: 1,,2026-06-24 00:00:00,,,true
493,branch:default,52,entrada:493,2026-06-25,21636,Usuario origen: ALONDRA26 | Liquidado origen: 0 | Credito abonado origen: 0 | Dias credito origen: 30 | Status origen: 1,,2026-06-25 00:00:00,,,true
494,branch:default,52,entrada:494,2026-06-25,7200,Usuario origen: ALONDRA26 | Liquidado origen: 0 | Credito abonado origen: 0 | Dias credito origen: 30 | Status origen: 1,,2026-06-25 00:00:00,,,true
495,branch:default,42,entrada:495,2026-06-26,1837.3,Usuario origen: ALONDRA26 | Liquidado origen: 1 | Credito abonado origen: 1837.3 | Dias credito origen: 0 | Status origen: 1,,2026-06-26 00:00:00,,,false
496,branch:default,58,entrada:496,2026-06-29,1000,Usuario origen: ALONDRA26 | Liquidado origen: 1 | Credito abonado origen: 1000 | Dias credito origen: 0 | Status origen: 1,,2026-06-29 00:00:00,,,false
497,branch:default,58,entrada:497,2026-06-29,1000,Usuario origen: ALONDRA26 | Liquidado origen: 1 | Credito abonado origen: 1000 | Dias credito origen: 0 | Status origen: 1,,2026-06-29 00:00:00,,,false
498,branch:default,59,entrada:498,2026-06-30,4500,Usuario origen: ALONDRA26 | Liquidado origen: 0 | Credito abonado origen: 0 | Dias credito origen: 30 | Status origen: 1,,2026-06-30 00:00:00,,,true
499,branch:default,59,entrada:499,2026-06-30,14600,Usuario origen: ALONDRA26 | Liquidado origen: 0 | Credito abonado origen: 0 | Dias credito origen: 30 | Status origen: 1,,2026-06-30 00:00:00,,,true
500,branch:default,52,entrada:500,2026-06-30,21600,Usuario origen: ALONDRA26 | Liquidado origen: 0 | Credito abonado origen: 0 | Dias credito origen: 30 | Status origen: 1,,2026-06-30 00:00:00,,,true
501,branch:default,29,entrada:501,2026-07-02,144600,Usuario origen: ALONDRA26 | Liquidado origen: 0 | Credito abonado origen: 0 | Dias credito origen: 30 | Status origen: 1,,2026-07-02 00:00:00,,,true
502,branch:default,52,entrada:502,2026-07-02,566.66,Usuario origen: ALONDRA26 | Liquidado origen: 0 | Credito abonado origen: 0 | Dias credito origen: 30 | Status origen: 1,,2026-07-02 00:00:00,,,true
503,branch:default,29,entrada:503,2026-07-02,14850,Usuario origen: ALONDRA26 | Liquidado origen: 0 | Credito abonado origen: 0 | Dias credito origen: 30 | Status origen: 1,,2026-07-02 00:00:00,,,true
504,branch:default,52,entrada:504,2026-07-04,3266.62,Usuario origen: GRISELDA2026 | Liquidado origen: 0 | Credito abonado origen: 0 | Dias credito origen: 30 | Status origen: 1,,2026-07-04 00:00:00,,,true
505,branch:default,52,entrada:505,2026-07-04,566.66,Usuario origen: GRISELDA2026 | Liquidado origen: 0 | Credito abonado origen: 0 | Dias credito origen: 30 | Status origen: 1,,2026-07-04 00:00:00,,,true
506,branch:default,52,entrada:506,2026-07-04,5464.8,Usuario origen: GRISELDA2026 | Liquidado origen: 0 | Credito abonado origen: 0 | Dias credito origen: 30 | Status origen: 1,,2026-07-04 00:00:00,,,true
507,branch:default,47,entrada:507,2026-07-06,9300,Usuario origen: ALONDRA26 | Liquidado origen: 0 | Credito abonado origen: 0 | Dias credito origen: 30 | Status origen: 1,,2026-07-06 00:00:00,,,true
508,branch:default,52,entrada:508,2026-07-07,3266,Usuario origen: ALONDRA26 | Liquidado origen: 0 | Credito abonado origen: 0 | Dias credito origen: 30 | Status origen: 1,,2026-07-07 00:00:00,,,true
509,branch:default,57,entrada:509,2026-07-07,58380,Usuario origen: ALONDRA26 | Liquidado origen: 0 | Credito abonado origen: 0 | Dias credito origen: 30 | Status origen: 1,,2026-07-07 00:00:00,,,true
510,branch:default,29,entrada:510,2026-07-08,46800,Usuario origen: ALONDRA26 | Liquidado origen: 0 | Credito abonado origen: 0 | Dias credito origen: 30 | Status origen: 1,,2026-07-08 00:00:00,,,true
511,branch:default,29,entrada:511,2026-07-09,4600,Usuario origen: ALONDRA26 | Liquidado origen: 0 | Credito abonado origen: 0 | Dias credito origen: 30 | Status origen: 1,,2026-07-09 00:00:00,,,true
512,branch:default,38,entrada:512,2026-07-10,106622.26,Usuario origen: ALONDRA26 | Liquidado origen: 0 | Credito abonado origen: 0 | Dias credito origen: 30 | Status origen: 0,,2026-07-10 00:00:00,,,true
513,branch:default,36,entrada:513,2026-07-13,115193.4,Usuario origen: ALONDRA26 | Liquidado origen: 0 | Credito abonado origen: 0 | Dias credito origen: 30 | Status origen: 1,,2026-07-13 00:00:00,,,true
514,branch:default,29,entrada:514,2026-07-13,142400,Usuario origen: ALONDRA26 | Liquidado origen: 0 | Credito abonado origen: 0 | Dias credito origen: 30 | Status origen: 1,,2026-07-13 00:00:00,,,true
515,branch:default,37,entrada:515,2026-07-13,2853.6,Usuario origen: ALONDRA26 | Liquidado origen: 0 | Credito abonado origen: 0 | Dias credito origen: 30 | Status origen: 1,,2026-07-13 00:00:00,,,true
516,branch:default,37,entrada:516,2026-07-13,2800.24,Usuario origen: ALONDRA26 | Liquidado origen: 0 | Credito abonado origen: 0 | Dias credito origen: 30 | Status origen: 1,,2026-07-13 00:00:00,,,true
517,branch:default,51,entrada:517,2026-07-13,1360,Usuario origen: ALONDRA26 | Liquidado origen: 0 | Credito abonado origen: 0 | Dias credito origen: 30 | Status origen: 1,,2026-07-13 00:00:00,,,true
518,branch:default,51,entrada:518,2026-07-14,550,Usuario origen: ALONDRA26 | Liquidado origen: 0 | Credito abonado origen: 0 | Dias credito origen: 30 | Status origen: 1,,2026-07-14 00:00:00,,,true
519,branch:default,52,entrada:519,2026-07-14,1699.98,Usuario origen: ALONDRA26 | Liquidado origen: 0 | Credito abonado origen: 0 | Dias credito origen: 30 | Status origen: 1,,2026-07-14 00:00:00,,,true
520,branch:default,52,entrada:520,2026-07-15,450,Usuario origen: ALONDRA26 | Liquidado origen: 0 | Credito abonado origen: 0 | Dias credito origen: 30 | Status origen: 1,,2026-07-15 00:00:00,,,true
521,branch:default,52,entrada:521,2026-07-17,1399.98,Usuario origen: ALONDRA26 | Liquidado origen: 0 | Credito abonado origen: 0 | Dias credito origen: 30 | Status origen: 1,,2026-07-17 00:00:00,,,true
522,branch:default,51,entrada:522,2026-07-20,400,Usuario origen: ALONDRA26 | Liquidado origen: 0 | Credito abonado origen: 0 | Dias credito origen: 30 | Status origen: 1,,2026-07-20 00:00:00,,,true
523,branch:default,29,entrada:523,2026-07-21,139500,Usuario origen: ALONDRA26 | Liquidado origen: 0 | Credito abonado origen: 0 | Dias credito origen: 30 | Status origen: 1,,2026-07-21 00:00:00,,,true
524,branch:default,52,entrada:524,2026-07-21,3664.6,Usuario origen: ALONDRA26 | Liquidado origen: 0 | Credito abonado origen: 0 | Dias credito origen: 30 | Status origen: 1,,2026-07-21 00:00:00,,,true
525,branch:default,52,entrada:525,2026-07-22,16446.9,Usuario origen: ALONDRA26 | Liquidado origen: 0 | Credito abonado origen: 0 | Dias credito origen: 30 | Status origen: 1,,2026-07-22 00:00:00,,,true
526,branch:default,52,entrada:526,2026-07-22,1133.32,Usuario origen: ALONDRA26 | Liquidado origen: 0 | Credito abonado origen: 0 | Dias credito origen: 30 | Status origen: 1,,2026-07-22 00:00:00,,,true
527,branch:default,46,entrada:527,2026-07-23,2400,Usuario origen: ALONDRA26 | Liquidado origen: 1 | Credito abonado origen: 2400 | Dias credito origen: 0 | Status origen: 1,,2026-07-23 00:00:00,,,false
528,branch:default,37,entrada:528,2026-07-24,1426.8,Usuario origen: ALONDRA26 | Liquidado origen: 0 | Credito abonado origen: 0 | Dias credito origen: 30 | Status origen: 1,,2026-07-24 00:00:00,,,true
529,branch:default,37,entrada:529,2026-07-24,2800.12,Usuario origen: ALONDRA26 | Liquidado origen: 0 | Credito abonado origen: 0 | Dias credito origen: 30 | Status origen: 1,,2026-07-24 00:00:00,,,true
530,branch:default,29,entrada:530,2026-07-24,13090,Usuario origen: ALONDRA26 | Liquidado origen: 0 | Credito abonado origen: 0 | Dias credito origen: 30 | Status origen: 1,,2026-07-24 00:00:00,,,true
531,branch:default,59,entrada:531,2026-07-27,5200,Usuario origen: ALONDRA26 | Liquidado origen: 0 | Credito abonado origen: 0 | Dias credito origen: 30 | Status origen: 0,,2026-07-27 00:00:00,,,true
532,branch:default,46,entrada:532,2026-07-27,2400,Usuario origen: ALONDRA26 | Liquidado origen: 0 | Credito abonado origen: 0 | Dias credito origen: 30 | Status origen: 1,,2026-07-27 00:00:00,,,true
533,branch:default,59,entrada:533,2026-07-27,5200,Usuario origen: ALONDRA26 | Liquidado origen: 0 | Credito abonado origen: 0 | Dias credito origen: 30 | Status origen: 1,,2026-07-27 00:00:00,,,true
534,branch:default,52,entrada:534,2026-07-28,1699.98,Usuario origen: ALONDRA26 | Liquidado origen: 0 | Credito abonado origen: 0 | Dias credito origen: 30 | Status origen: 1,,2026-07-28 00:00:00,,,true
535,branch:default,51,entrada:535,2026-07-29,124,Usuario origen: ALONDRA26 | Liquidado origen: 1 | Credito abonado origen: 124 | Dias credito origen: 0 | Status origen: 1,,2026-07-29 00:00:00,,,false
536,branch:default,29,entrada:536,2026-07-30,7800,Usuario origen: ALONDRA26 | Liquidado origen: 0 | Credito abonado origen: 0 | Dias credito origen: 30 | Status origen: 1,,2026-07-30 00:00:00,,,true
537,branch:default,29,entrada:537,2026-07-30,111930,Usuario origen: ALONDRA26 | Liquidado origen: 0 | Credito abonado origen: 0 | Dias credito origen: 30 | Status origen: 1,,2026-07-30 00:00:00,,,true
538,branch:default,60,entrada:538,2026-07-31,4200,Usuario origen: ALONDRA26 | Liquidado origen: 1 | Credito abonado origen: 4200 | Dias credito origen: 0 | Status origen: 1,,2026-07-31 00:00:00,,,false
539,branch:default,52,entrada:539,2026-07-31,1866.64,Usuario origen: ALONDRA26 | Liquidado origen: 0 | Credito abonado origen: 0 | Dias credito origen: 30 | Status origen: 1,,2026-07-31 00:00:00,,,true
540,branch:default,52,entrada:540,2026-07-31,3266.62,Usuario origen: ALONDRA26 | Liquidado origen: 0 | Credito abonado origen: 0 | Dias credito origen: 30 | Status origen: 1,,2026-07-31 00:00:00,,,true
541,branch:default,51,entrada:541,2026-07-31,1887,Usuario origen: ALONDRA26 | Liquidado origen: 0 | Credito abonado origen: 0 | Dias credito origen: 30 | Status origen: 1,,2026-07-31 00:00:00,,,true
542,branch:default,57,entrada:542,2026-08-01,58380,Usuario origen: ALONDRA26 | Liquidado origen: 0 | Credito abonado origen: 0 | Dias credito origen: 30 | Status origen: 1,,2026-08-01 00:00:00,,,true
543,branch:default,52,entrada:543,2026-08-03,933.32,Usuario origen: ALONDRA26 | Liquidado origen: 0 | Credito abonado origen: 0 | Dias credito origen: 30 | Status origen: 1,,2026-08-03 00:00:00,,,true
544,branch:default,52,entrada:544,2026-08-03,1399.98,Usuario origen: ALONDRA26 | Liquidado origen: 0 | Credito abonado origen: 0 | Dias credito origen: 30 | Status origen: 1,,2026-08-03 00:00:00,,,true
545,branch:default,52,entrada:545,2026-08-03,933.32,Usuario origen: ALONDRA26 | Liquidado origen: 0 | Credito abonado origen: 0 | Dias credito origen: 30 | Status origen: 1,,2026-08-03 00:00:00,,,true
546,branch:default,47,entrada:546,2026-08-03,11500,Usuario origen: ALONDRA26 | Liquidado origen: 0 | Credito abonado origen: 0 | Dias credito origen: 30 | Status origen: 1,,2026-08-03 00:00:00,,,true
547,branch:default,51,entrada:547,2026-08-03,1465,Usuario origen: ALONDRA26 | Liquidado origen: 0 | Credito abonado origen: 0 | Dias credito origen: 30 | Status origen: 1,,2026-08-03 00:00:00,,,true
548,branch:default,47,entrada:548,2026-08-03,9000,Usuario origen: ALONDRA26 | Liquidado origen: 0 | Credito abonado origen: 0 | Dias credito origen: 30 | Status origen: 1,,2026-08-03 00:00:00,,,true
549,branch:default,29,entrada:549,2026-08-05,9180,Usuario origen: ALONDRA26 | Liquidado origen: 0 | Credito abonado origen: 0 | Dias credito origen: 30 | Status origen: 1,,2026-08-05 00:00:00,,,true
550,branch:default,52,entrada:550,2026-08-05,21900,Usuario origen: ALONDRA26 | Liquidado origen: 0 | Credito abonado origen: 0 | Dias credito origen: 30 | Status origen: 1,,2026-08-05 00:00:00,,,true
551,branch:default,52,entrada:551,2026-08-05,849.99,Usuario origen: ALONDRA26 | Liquidado origen: 0 | Credito abonado origen: 0 | Dias credito origen: 30 | Status origen: 1,,2026-08-05 00:00:00,,,true
552,branch:default,36,entrada:552,2026-08-05,38178.85,Usuario origen: ALONDRA26 | Liquidado origen: 0 | Credito abonado origen: 0 | Dias credito origen: 30 | Status origen: 1,,2026-08-05 00:00:00,,,true
553,branch:default,60,entrada:553,2026-08-05,2520,Usuario origen: ALONDRA26 | Liquidado origen: 0 | Credito abonado origen: 0 | Dias credito origen: 30 | Status origen: 1,,2026-08-05 00:00:00,,,true
554,branch:default,29,entrada:554,2026-08-06,73480,Usuario origen: ALONDRA26 | Liquidado origen: 0 | Credito abonado origen: 0 | Dias credito origen: 30 | Status origen: 1,,2026-08-06 00:00:00,,,true
555,branch:default,52,entrada:555,2026-08-06,9125,Usuario origen: ALONDRA26 | Liquidado origen: 0 | Credito abonado origen: 0 | Dias credito origen: 30 | Status origen: 1,,2026-08-06 00:00:00,,,true
556,branch:default,29,entrada:556,2026-08-11,26050,Usuario origen: ALONDRA26 | Liquidado origen: 0 | Credito abonado origen: 0 | Dias credito origen: 30 | Status origen: 1,,2026-08-11 00:00:00,,,true
557,branch:default,52,entrada:557,2026-08-12,16425,Usuario origen: ALONDRA26 | Liquidado origen: 0 | Credito abonado origen: 0 | Dias credito origen: 30 | Status origen: 1,,2026-08-12 00:00:00,,,true
