legacy_id,sale_legacy_id,product_legacy_id,product_uom_legacy_id,qty,price_type,unit_price,line_total,factor_used,qty_base
1,1,4,presentacion:2,1,MENUDEO,230,230,1,1
2,2,296,presentacion:304,3,MENUDEO,33,99,1,3
3,2,295,presentacion:303,1,MENUDEO,33,33,1,1
4,3,296,presentacion:304,3,MENUDEO,33,99,1,3
5,3,295,presentacion:303,1,MENUDEO,33,33,1,1
6,3,293,presentacion:301,1,MENUDEO,33,33,1,1
7,4,287,presentacion:290,94,MENUDEO,23,2162,1,94
8,5,176,presentacion:175,1,MENUDEO,145,145,1,1
9,6,5,presentacion:4,20,MENUDEO,115,2300,1,20
10,7,287,presentacion:290,500,ESPECIAL,18,9000,1,500
11,7,594,presentacion:620,168,ESPECIAL,220,36960,1,168
12,8,284,presentacion:287,98,MENUDEO,25,2450,1,98
13,9,126,presentacion:125,1,MENUDEO,103,103,1,1
14,10,699,presentacion:705,1,MENUDEO,4300,4300,40,40
15,11,697,presentacion:700,10,MENUDEO,139,1390,1,10
16,12,669,presentacion:673,5,MENUDEO,9,45,1,5
17,13,284,presentacion:287,5,MENUDEO,25,125,1,5
18,14,5,presentacion:3,1,MENUDEO,4600,4600,40,40
19,14,7,presentacion:7,1,MENUDEO,3500,3500,40,40
20,15,703,presentacion:711,1,MENUDEO,16000,16000,30,30
21,16,497,presentacion:504,2,MENUDEO,2,4,1,2
22,16,604,presentacion:608,2,MENUDEO,1,2,1,2
23,16,621,presentacion:626,2,MENUDEO,0.5,1,1,2
24,17,713,presentacion:721,1,MENUDEO,356,356,1,1
25,18,36,presentacion:35,2,MENUDEO,128,256,1,2
26,19,566,presentacion:572,1,MENUDEO,9,9,1,1
27,19,608,presentacion:612,1,MENUDEO,4,4,1,1
28,19,617,presentacion:621,1,MENUDEO,2,2,1,1
29,20,736,presentacion:742,1,MENUDEO,104,104,1,1
30,21,735,presentacion:741,1,MENUDEO,2000,2000,1,1
31,22,5,presentacion:3,3,MENUDEO,4600,13800,40,120
32,23,551,presentacion:563,1,MENUDEO,72,72,1,1
33,24,733,presentacion:740,11,MENUDEO,250,2750,1,11
34,25,5,presentacion:4,2,MENUDEO,115,230,1,2
35,26,7,presentacion:7,2,MENUDEO,3500,7000,40,80
36,27,214,presentacion:213,1,MENUDEO,43,43,1,1
37,27,279,presentacion:756,30,MENUDEO,8,240,1,30
38,28,683,presentacion:687,1,MENUDEO,7,7,1,1
39,29,281,presentacion:282,4,MENUDEO,16,64,1,4
40,30,73,presentacion:72,1,MENUDEO,87,87,1,1
41,31,5,presentacion:4,2,MENUDEO,115,230,1,2
42,31,699,presentacion:706,2,MENUDEO,118,236,1,2
43,32,8,presentacion:285,20,MENUDEO,90,1800,1,20
44,32,699,presentacion:706,10,MENUDEO,118,1180,1,10
45,33,754,presentacion:767,1,MENUDEO,993,993,1,1
46,33,760,presentacion:775,1,MENUDEO,993,993,1,1
47,33,292,presentacion:813,1,MENUDEO,26,26,0.5,0.5
48,33,278,presentacion:279,2,MENUDEO,6,12,1,2
49,34,780,presentacion:811,1,MENUDEO,7500,7500,14,14
50,35,284,presentacion:287,4,MENUDEO,25,100,1,4
51,36,697,presentacion:700,10,MENUDEO,142,1420,1,10
52,37,5,presentacion:3,3,MENUDEO,4600,13800,40,120
53,37,7,presentacion:7,3,MENUDEO,3500,10500,40,120
54,37,772,presentacion:802,1,MENUDEO,330,330,1,1
55,38,5,presentacion:4,10,MENUDEO,115,1150,1,10
56,39,5,presentacion:4,10,MENUDEO,115,1150,1,10
57,40,781,presentacion:818,1,MENUDEO,86,86,1,1
58,41,8,presentacion:285,20,MENUDEO,90,1800,1,20
59,42,8,presentacion:285,1,MENUDEO,90,90,1,1
60,43,206,presentacion:206,1,MENUDEO,120,120,1,1
61,44,736,presentacion:820,1,MENUDEO,52,52,1,1
62,45,4,presentacion:2,12,MENUDEO,230,2760,1,12
63,46,5,presentacion:4,12,MENUDEO,115,1380,1,12
64,47,285,presentacion:288,30,MENUDEO,25,750,1,30
65,47,8,presentacion:9,1,MENUDEO,3600,3600,40,40
66,48,111,presentacion:110,1,MENUDEO,23,23,1,1
67,49,781,presentacion:818,1,MENUDEO,86,86,1,1
68,50,110,presentacion:109,1,MENUDEO,231,231,1,1
69,50,331,presentacion:338,1,MENUDEO,325,325,1,1
70,51,5,presentacion:4,16,MENUDEO,115,1840,1,16
71,52,699,presentacion:706,8,MENUDEO,118,944,1,8
72,53,699,presentacion:705,1,MENUDEO,4700,4700,40,40
73,54,110,presentacion:109,1,MENUDEO,231,231,1,1
74,54,331,presentacion:338,1,MENUDEO,325,325,1,1
75,54,145,presentacion:145,1,MENUDEO,56,56,1,1
76,54,548,presentacion:554,1,MENUDEO,280,280,1,1
77,55,699,presentacion:705,1,MENUDEO,4700,4700,40,40
78,56,699,presentacion:706,1,MENUDEO,118,118,1,1
79,57,743,presentacion:749,10,MENUDEO,103,1030,1,10
80,58,327,presentacion:334,1,MENUDEO,5,5,1,1
81,59,779,presentacion:809,1,MENUDEO,58,58,1,1
82,60,5,presentacion:4,2,MENUDEO,115,230,1,2
83,61,733,presentacion:740,5,MENUDEO,250,1250,1,5
84,61,699,presentacion:706,3,MENUDEO,118,354,1,3
85,62,733,presentacion:740,4,MENUDEO,250,1000,1,4
86,62,5,presentacion:4,6,MENUDEO,115,690,1,6
87,62,284,presentacion:287,3,MENUDEO,25,75,1,3
88,63,284,presentacion:287,3.5,MENUDEO,25,87.5,1,3.5
89,64,543,presentacion:548,1,MENUDEO,219,219,1,1
90,65,5,presentacion:4,20,MENUDEO,115,2300,1,20
91,66,5,presentacion:3,3,MENUDEO,4600,13800,40,120
92,67,699,presentacion:705,1,MENUDEO,4700,4700,40,40
93,68,284,presentacion:287,2.5,MENUDEO,25,62.5,1,2.5
94,69,289,presentacion:292,10,MENUDEO,320,3200,1,10
95,70,5,presentacion:4,2,MENUDEO,115,230,1,2
96,71,236,presentacion:236,1,MENUDEO,16,16,1,1
97,72,733,presentacion:740,12,MENUDEO,250,3000,1,12
98,73,544,presentacion:549,1,MENUDEO,323,323,1,1
99,74,477,presentacion:484,4,MENUDEO,2,8,1,4
100,74,514,presentacion:521,2,MENUDEO,2,4,1,2
101,74,457,presentacion:464,6,MENUDEO,0.5,3,1,6
102,74,404,presentacion:412,2,MENUDEO,14,28,1,2
103,74,602,presentacion:606,4,MENUDEO,0.5,2,1,4
104,75,736,presentacion:742,0.5,MENUDEO,104,52,1,0.5
105,76,5,presentacion:4,18,MENUDEO,115,2070,1,18
106,77,5,presentacion:4,2,MENUDEO,115,230,1,2
107,77,284,presentacion:287,6,MENUDEO,25,150,1,6
108,78,743,presentacion:749,10,MENUDEO,103,1030,1,10
109,79,282,presentacion:283,1,MENUDEO,1360,1360,1,1
110,79,763,presentacion:800,1,MENUDEO,1348,1348,1,1
111,79,746,presentacion:752,6,MENUDEO,48,288,1,6
112,80,805,presentacion:845,4000,MENUDEO,20.5,82000,1,4000
113,81,699,presentacion:706,4,MENUDEO,118,472,1,4
114,82,746,presentacion:752,4,MENUDEO,48,192,1,4
115,83,8,presentacion:285,20,MENUDEO,90,1800,1,20
116,83,699,presentacion:706,5,MENUDEO,118,590,1,5
117,84,669,presentacion:673,10,MENUDEO,9,90,1,10
118,85,699,presentacion:706,4,MENUDEO,118,472,1,4
119,86,395,presentacion:403,1,MENUDEO,0.5,0.5,1,1
120,86,361,presentacion:369,1,MENUDEO,0.5,0.5,1,1
121,87,703,presentacion:844,7,MENUDEO,600,4200,1,7
122,88,291,presentacion:299,1,MENUDEO,33,33,1,1
123,89,114,presentacion:113,1,MENUDEO,261,261,1,1
124,90,825,presentacion:865,2,MENUDEO,3800,7600,1,2
125,90,8,presentacion:285,20,MENUDEO,90,1800,1,20
126,91,683,presentacion:687,4,MENUDEO,7,28,1,4
127,92,8,presentacion:285,3,MENUDEO,90,270,1,3
128,93,5,presentacion:4,40,MENUDEO,115,4600,1,40
129,93,7,presentacion:8,40,MENUDEO,92.5,3700,1,40
130,94,5,presentacion:4,40,MENUDEO,115,4600,1,40
131,95,852,presentacion:892,3,MENUDEO,450,1350,1,3
132,95,853,presentacion:893,8,MENUDEO,600,4800,1,8
133,96,5,presentacion:4,10,MENUDEO,115,1150,1,10
134,97,851,presentacion:891,5,MENUDEO,103,515,1,5
135,98,755,presentacion:772,23,MENUDEO,24,552,1,23
136,98,759,presentacion:776,46,MENUDEO,24,1104,1,46
137,98,823,presentacion:862,7,MENUDEO,33,231,1,7
138,98,284,presentacion:287,0.5,MENUDEO,25,12.5,1,0.5
139,98,302,presentacion:309,1,MENUDEO,14,14,1,1
140,99,699,presentacion:706,1,MENUDEO,118,118,1,1
141,100,5,presentacion:4,40,MENUDEO,115,4600,1,40
142,101,853,presentacion:893,2,MENUDEO,600,1200,1,2
143,101,852,presentacion:892,2,MENUDEO,450,900,1,2
144,102,5,presentacion:4,40,MENUDEO,115,4600,1,40
145,103,5,presentacion:4,40,MENUDEO,115,4600,1,40
146,104,284,presentacion:287,10,MENUDEO,25,250,1,10
147,105,516,presentacion:523,3,MENUDEO,5,15,1,3
148,106,516,presentacion:523,2,MENUDEO,5,10,1,2
149,107,852,presentacion:892,2,MENUDEO,450,900,1,2
150,108,5,presentacion:4,40,MENUDEO,115,4600,1,40
151,108,7,presentacion:8,40,MENUDEO,92.5,3700,1,40
152,109,5,presentacion:4,40,MENUDEO,115,4600,1,40
153,109,228,presentacion:228,1,MENUDEO,1914,1914,1,1
154,109,735,presentacion:741,1,MENUDEO,1780,1780,1,1
155,110,851,presentacion:891,5,MENUDEO,103,515,1,5
156,111,5,presentacion:4,40,MENUDEO,115,4600,1,40
157,112,285,presentacion:288,40,MENUDEO,25,1000,1,40
158,112,284,presentacion:287,7,MENUDEO,25,175,1,7
159,113,727,presentacion:734,2,MENUDEO,49,98,1,2
160,114,5,presentacion:4,10,MENUDEO,115,1150,1,10
161,114,733,presentacion:740,1,MENUDEO,250,250,1,1
162,115,7,presentacion:8,10,MENUDEO,92.5,925,1,10
163,115,733,presentacion:740,1,MENUDEO,250,250,1,1
164,116,639,presentacion:644,1,MENUDEO,9,9,1,1
165,117,703,presentacion:844,5,MENUDEO,600,3000,1,5
166,117,853,presentacion:893,2,MENUDEO,600,1200,1,2
167,118,439,presentacion:446,1,MENUDEO,1,1,1,1
168,118,603,presentacion:607,1,MENUDEO,0.5,0.5,1,1
169,119,697,presentacion:700,2,MENUDEO,142,284,1,2
170,120,637,presentacion:642,2,MENUDEO,20,40,1,2
171,120,640,presentacion:645,2,MENUDEO,20,40,1,2
172,120,846,presentacion:886,2,MENUDEO,158,316,1,2
173,120,663,presentacion:668,4,MENUDEO,36,144,1,4
174,120,226,presentacion:225,4,MENUDEO,33,132,1,4
175,120,250,presentacion:251,4,MENUDEO,2,8,1,4
176,120,122,presentacion:121,2,MENUDEO,3,6,1,2
177,120,258,presentacion:258,2,MENUDEO,47,94,1,2
178,120,844,presentacion:884,2,MENUDEO,207,414,1,2
179,121,798,presentacion:837,1,MENUDEO,49,49,1,1
180,122,283,presentacion:286,58,MENUDEO,25,1450,1,58
181,123,272,presentacion:273,1,MENUDEO,190,190,1,1
182,123,70,presentacion:68,2,MENUDEO,19,38,1,2
183,124,284,presentacion:287,2,MENUDEO,25,50,1,2
184,125,906,presentacion:947,300,MENUDEO,25,7500,1,300
185,126,699,presentacion:706,5,MENUDEO,118,590,1,5
186,127,853,presentacion:893,4,MENUDEO,600,2400,1,4
187,127,852,presentacion:892,4,MENUDEO,450,1800,1,4
188,127,5,presentacion:4,40,MENUDEO,115,4600,1,40
189,128,5,presentacion:4,40,MENUDEO,115,4600,1,40
190,128,853,presentacion:893,2,MENUDEO,600,1200,1,2
191,128,703,presentacion:844,4,MENUDEO,600,2400,1,4
192,128,852,presentacion:892,6,MENUDEO,450,2700,1,6
193,129,5,presentacion:4,40,MENUDEO,115,4600,1,40
194,130,783,presentacion:821,12,MENUDEO,54,648,1,12
195,130,5,presentacion:4,80,MENUDEO,115,9200,1,80
196,130,7,presentacion:8,80,MENUDEO,92.5,7400,1,80
197,130,726,presentacion:733,200,MENUDEO,25,5000,1,200
198,130,731,presentacion:738,200,MENUDEO,16,3200,1,200
199,130,738,presentacion:744,100,MENUDEO,16,1600,1,100
200,130,768,presentacion:783,100,MENUDEO,15,1500,1,100
201,131,736,presentacion:742,0.5,MENUDEO,104,52,1,0.5
202,132,73,presentacion:72,1,MENUDEO,87,87,1,1
203,132,736,presentacion:742,1,MENUDEO,104,104,1,1
204,132,704,presentacion:712,1,MENUDEO,34,34,1,1
205,133,272,presentacion:273,1,MENUDEO,190,190,1,1
206,133,786,presentacion:824,1,MENUDEO,43,43,1,1
207,133,300,presentacion:307,1,MENUDEO,15,15,1,1
208,134,880,presentacion:920,1,MENUDEO,21,21,1,1
209,135,5,presentacion:4,15,MENUDEO,115,1725,1,15
210,136,703,presentacion:844,2,MENUDEO,600,1200,1,2
211,137,913,presentacion:954,6,MENUDEO,480,2880,1,6
212,137,285,presentacion:288,30,MENUDEO,25,750,1,30
213,138,5,presentacion:4,40,MENUDEO,115,4600,1,40
214,139,703,presentacion:844,4,MENUDEO,600,2400,1,4
215,139,853,presentacion:893,2,MENUDEO,600,1200,1,2
216,140,5,presentacion:4,16,MENUDEO,115,1840,1,16
217,140,8,presentacion:285,1,MENUDEO,90,90,1,1
218,141,899,presentacion:940,1,MENUDEO,22,22,1,1
219,142,5,presentacion:4,16,MENUDEO,115,1840,1,16
220,143,208,presentacion:208,1,MENUDEO,92,92,1,1
221,144,70,presentacion:68,7,MENUDEO,19,133,1,7
222,144,188,presentacion:187,2,MENUDEO,10,20,1,2
223,144,788,presentacion:826,3,MENUDEO,58,174,1,3
224,144,224,presentacion:223,1,MENUDEO,10,10,1,1
225,144,156,presentacion:157,2,MENUDEO,25,50,1,2
226,144,272,presentacion:273,2,MENUDEO,190,380,1,2
227,145,5,presentacion:4,20,MENUDEO,115,2300,1,20
228,145,7,presentacion:8,20,MENUDEO,92.5,1850,1,20
229,145,284,presentacion:287,10,MENUDEO,25,250,1,10
230,145,117,presentacion:116,1,MENUDEO,191,191,1,1
231,145,242,presentacion:243,1,MENUDEO,231,231,1,1
232,146,539,presentacion:544,20,MENUDEO,1,20,1,20
233,147,539,presentacion:544,20,MENUDEO,1,20,1,20
234,148,899,presentacion:940,2,MENUDEO,22,44,1,2
235,149,289,presentacion:292,5,MENUDEO,320,1600,1,5
236,149,733,presentacion:740,10,MENUDEO,250,2500,1,10
237,150,302,presentacion:309,5,MENUDEO,14,70,1,5
238,151,5,presentacion:4,40,MENUDEO,115,4600,1,40
239,152,5,presentacion:4,40,MENUDEO,115,4600,1,40
240,152,7,presentacion:8,20,MENUDEO,92.5,1850,1,20
241,153,5,presentacion:4,1,MENUDEO,115,115,1,1
242,154,914,presentacion:955,100,MENUDEO,73,7300,1,100
243,154,915,presentacion:956,300,MENUDEO,158,47400,1,300
244,155,5,presentacion:4,18,MENUDEO,115,2070,1,18
245,156,339,presentacion:346,2,MENUDEO,0.5,1,1,2
246,156,529,presentacion:534,2,MENUDEO,1,2,1,2
247,157,5,presentacion:4,10,MENUDEO,115,1150,1,10
248,158,111,presentacion:110,1,MENUDEO,23,23,1,1
249,158,899,presentacion:940,1,MENUDEO,22,22,1,1
250,159,921,presentacion:962,500,MENUDEO,73,36500,1,500
251,160,699,presentacion:706,4,MENUDEO,118,472,1,4
252,161,5,presentacion:4,4,MENUDEO,115,460,1,4
253,162,594,presentacion:620,245,MENUDEO,226,55370,1,245
254,162,596,presentacion:754,300,MENUDEO,127,38100,1,300
255,162,8,presentacion:285,20,MENUDEO,90,1800,1,20
256,162,287,presentacion:290,100,MENUDEO,23,2300,1,100
257,162,284,presentacion:287,106,MENUDEO,25,2650,1,106
258,162,825,presentacion:865,9,MENUDEO,3900,35100,1,9
259,163,733,presentacion:740,22,MENUDEO,250,5500,1,22
260,163,284,presentacion:287,9,MENUDEO,25,225,1,9
261,164,5,presentacion:4,20,MENUDEO,115,2300,1,20
262,165,922,presentacion:963,1,MENUDEO,104,104,1,1
263,166,5,presentacion:4,15,MENUDEO,115,1725,1,15
264,167,284,presentacion:287,2,MENUDEO,25,50,1,2
265,168,284,presentacion:287,2,MENUDEO,25,50,1,2
266,169,5,presentacion:4,40,MENUDEO,115,4600,1,40
267,170,7,presentacion:8,40,MENUDEO,92.5,3700,1,40
268,171,5,presentacion:4,20,MENUDEO,115,2300,1,20
269,171,7,presentacion:8,20,MENUDEO,92.5,1850,1,20
270,171,294,presentacion:302,2,MENUDEO,52,104,1,2
271,171,293,presentacion:301,2,MENUDEO,33,66,1,2
272,172,5,presentacion:4,15,MENUDEO,115,1725,1,15
273,173,7,presentacion:8,120,MENUDEO,92.5,11100,1,120
274,173,295,presentacion:303,5,MENUDEO,33,165,1,5
275,174,284,presentacion:287,10,MENUDEO,25,250,1,10
276,175,7,presentacion:8,2,MENUDEO,92.5,185,1,2
277,176,5,presentacion:4,30,MENUDEO,115,3450,1,30
278,177,683,presentacion:687,2,MENUDEO,7,14,1,2
279,178,923,presentacion:965,1,MENUDEO,300,300,1,1
280,178,852,presentacion:892,1,MENUDEO,450,450,1,1
281,179,923,presentacion:964,1,MENUDEO,2000,2000,7,7
282,179,703,presentacion:844,1,MENUDEO,600,600,1,1
283,179,852,presentacion:892,7,MENUDEO,450,3150,1,7
284,180,703,presentacion:844,4,MENUDEO,600,2400,1,4
285,180,853,presentacion:893,2,MENUDEO,600,1200,1,2
286,181,7,presentacion:8,40,MENUDEO,92.5,3700,1,40
287,182,923,presentacion:965,7,MENUDEO,300,2100,1,7
288,183,171,presentacion:172,1,MENUDEO,6,6,1,1
289,183,233,presentacion:234,1,MENUDEO,10,10,1,1
290,183,886,presentacion:925,1,MENUDEO,150,150,1,1
291,183,783,presentacion:821,8,MENUDEO,54,432,1,8
292,184,72,presentacion:70,4,MENUDEO,3,12,1,4
293,184,815,presentacion:854,1,MENUDEO,51,51,1,1
294,184,83,presentacion:82,8,MENUDEO,3,24,1,8
295,184,33,presentacion:32,2,MENUDEO,5,10,1,2
296,184,181,presentacion:181,1,MENUDEO,2,2,1,1
297,184,327,presentacion:334,2,MENUDEO,5,10,1,2
298,184,277,presentacion:278,4,MENUDEO,72,288,1,4
299,184,702,presentacion:710,1,MENUDEO,3324,3324,1,1
300,184,309,presentacion:316,1,MENUDEO,8,8,1,1
301,184,8,presentacion:285,1,MENUDEO,90,90,1,1
302,184,880,presentacion:920,1,MENUDEO,21,21,1,1
303,184,34,presentacion:294,1,MENUDEO,26,26,1,1
304,184,218,presentacion:218,1,MENUDEO,3,3,1,1
305,184,252,presentacion:252,1,MENUDEO,41,41,1,1
306,184,136,presentacion:135,1,MENUDEO,18,18,1,1
307,185,694,presentacion:698,6,MENUDEO,42,252,1,6
308,185,833,presentacion:873,4,MENUDEO,40,160,1,4
309,185,762,presentacion:778,10,MENUDEO,43,430,1,10
310,185,634,presentacion:639,10,MENUDEO,9,90,1,10
311,185,635,presentacion:640,6,MENUDEO,13.5,81,1,6
312,185,676,presentacion:680,5,MENUDEO,8,40,1,5
313,185,194,presentacion:193,10,MENUDEO,0.5,5,1,10
314,185,337,presentacion:345,20,MENUDEO,0.5,10,1,20
315,185,761,presentacion:777,3,MENUDEO,15,45,1,3
316,185,932,presentacion:974,12,MENUDEO,114,1368,1,12
317,186,923,presentacion:964,1,MENUDEO,2000,2000,7,7
318,187,780,presentacion:975,1,MENUDEO,3150,3150,7,7
319,187,8,presentacion:285,20,MENUDEO,90,1800,1,20
320,187,913,presentacion:954,3,MENUDEO,480,1440,1,3
321,188,5,presentacion:4,40,MENUDEO,115,4600,1,40
322,188,7,presentacion:8,40,MENUDEO,92.5,3700,1,40
323,189,29,presentacion:28,1,MENUDEO,1677,1677,1,1
324,189,905,presentacion:946,1,MENUDEO,78,78,1,1
325,189,135,presentacion:134,1,MENUDEO,319,319,1,1
326,189,363,presentacion:371,1,MENUDEO,0.5,0.5,1,1
327,189,397,presentacion:405,1,MENUDEO,0.5,0.5,1,1
328,190,933,presentacion:977,12,MENUDEO,1888,22656,1,12
329,191,934,presentacion:979,3,MENUDEO,1000,3000,1,3
330,192,5,presentacion:4,35,MENUDEO,115,4025,1,35
331,192,289,presentacion:292,5,MENUDEO,320,1600,1,5
332,192,284,presentacion:287,3,MENUDEO,25,75,1,3
333,192,733,presentacion:740,2,MENUDEO,250,500,1,2
334,192,8,presentacion:285,35,MENUDEO,90,3150,1,35
335,192,930,presentacion:972,1,MENUDEO,186,186,1,1
336,192,793,presentacion:831,1,MENUDEO,33,33,1,1
337,193,936,presentacion:980,1,MENUDEO,1900,1900,7,7
338,194,5,presentacion:4,5,MENUDEO,115,575,1,5
339,194,171,presentacion:172,4,MENUDEO,6,24,1,4
340,195,5,presentacion:4,14,MENUDEO,115,1610,1,14
341,196,5,presentacion:4,40,MENUDEO,115,4600,1,40
342,197,8,presentacion:9,1,MENUDEO,3600,3600,40,40
343,198,8,presentacion:285,40,MENUDEO,90,3600,1,40
344,199,5,presentacion:4,4,MENUDEO,115,460,1,4
345,200,8,presentacion:9,1,MENUDEO,3600,3600,40,40
346,201,8,presentacion:285,1,MENUDEO,90,90,1,1
347,202,8,presentacion:9,1,MENUDEO,3600,3600,40,40
348,203,703,presentacion:844,7,MENUDEO,600,4200,1,7
349,204,7,presentacion:8,4,MENUDEO,92.5,370,1,4
350,205,131,presentacion:130,1,MENUDEO,2,2,1,1
351,206,89,presentacion:88,1,MENUDEO,2,2,1,1
352,207,5,presentacion:4,1,MENUDEO,115,115,1,1
353,208,5,presentacion:4,20,MENUDEO,115,2300,1,20
354,208,697,presentacion:700,5,MENUDEO,142,710,1,5
355,209,5,presentacion:4,14,MENUDEO,115,1610,1,14
356,210,852,presentacion:892,7,MENUDEO,450,3150,1,7
357,210,703,presentacion:844,7,MENUDEO,600,4200,1,7
358,211,913,presentacion:954,0.5,MENUDEO,480,240,1,0.5
359,212,5,presentacion:4,15,MENUDEO,115,1725,1,15
360,213,733,presentacion:740,6,MENUDEO,250,1500,1,6
361,213,560,presentacion:559,2,MENUDEO,10,20,1,2
362,213,607,presentacion:611,2,MENUDEO,3,6,1,2
363,214,822,presentacion:861,10,MENUDEO,25,250,1,10
364,214,833,presentacion:873,2,MENUDEO,40,80,1,2
365,214,392,presentacion:401,1,MENUDEO,0.5,0.5,1,1
366,214,390,presentacion:399,1,MENUDEO,0.5,0.5,1,1
367,214,399,presentacion:407,2,MENUDEO,0.5,1,1,2
368,214,122,presentacion:121,1,MENUDEO,3,3,1,1
369,214,25,presentacion:24,1,MENUDEO,23,23,1,1
370,214,646,presentacion:651,1,MENUDEO,17,17,1,1
371,214,604,presentacion:608,2,MENUDEO,1,2,1,2
372,214,456,presentacion:463,2,MENUDEO,3,6,1,2
373,214,698,presentacion:703,1,MENUDEO,3700,3700,1,1
374,214,594,presentacion:620,1,MENUDEO,226,226,1,1
375,215,733,presentacion:740,7,MENUDEO,250,1750,1,7
376,216,900,presentacion:941,1,MENUDEO,16,16,1,1
377,216,802,presentacion:841,2,MENUDEO,64,128,1,2
378,217,210,presentacion:209,2,MENUDEO,85,170,1,2
379,218,216,presentacion:214,1,MENUDEO,34,34,1,1
380,219,8,presentacion:285,10,MENUDEO,90,900,1,10
381,219,699,presentacion:706,10,MENUDEO,118,1180,1,10
382,220,699,presentacion:706,6,MENUDEO,118,708,1,6
383,221,780,presentacion:976,1,MENUDEO,450,450,1,1
384,222,699,presentacion:706,2,MENUDEO,118,236,1,2
385,223,683,presentacion:687,10,MENUDEO,7,70,1,10
386,223,851,presentacion:891,1.5,MENUDEO,103,154.5,1,1.5
387,224,72,presentacion:70,1,MENUDEO,3,3,1,1
388,224,250,presentacion:251,1,MENUDEO,2,2,1,1
389,225,699,presentacion:706,2,MENUDEO,118,236,1,2
390,226,5,presentacion:4,9,MENUDEO,115,1035,1,9
391,226,8,presentacion:285,8,MENUDEO,90,720,1,8
392,226,669,presentacion:673,10,MENUDEO,9,90,1,10
393,227,699,presentacion:706,10,MENUDEO,118,1180,1,10
394,227,7,presentacion:8,10,MENUDEO,92.5,925,1,10
395,228,699,presentacion:706,8,MENUDEO,118,944,1,8
396,228,5,presentacion:4,2,MENUDEO,115,230,1,2
397,228,7,presentacion:8,10,MENUDEO,92.5,925,1,10
398,229,698,presentacion:707,10,MENUDEO,145,1450,1,10
399,229,5,presentacion:4,10,MENUDEO,115,1150,1,10
400,230,703,presentacion:844,1.5,MENUDEO,600,900,1,1.5
401,231,703,presentacion:844,5,MENUDEO,600,3000,1,5
402,231,853,presentacion:893,2,MENUDEO,600,1200,1,2
403,232,802,presentacion:841,1,MENUDEO,64,64,1,1
404,233,936,presentacion:980,3,MENUDEO,1900,5700,7,21
405,233,936,presentacion:996,1,MENUDEO,3800,3800,14,14
406,234,936,presentacion:980,6,MENUDEO,1900,11400,7,42
407,234,936,presentacion:996,1,MENUDEO,3800,3800,14,14
408,235,699,presentacion:706,5,MENUDEO,118,590,1,5
409,235,284,presentacion:287,1,MENUDEO,25,25,1,1
410,236,703,presentacion:844,7,MENUDEO,600,4200,1,7
411,237,802,presentacion:841,1,MENUDEO,64,64,1,1
412,238,703,presentacion:844,9,MENUDEO,600,5400,1,9
413,239,852,presentacion:892,7,MENUDEO,450,3150,1,7
414,239,703,presentacion:844,7,MENUDEO,600,4200,1,7
415,240,5,presentacion:4,20,MENUDEO,115,2300,1,20
416,240,284,presentacion:287,5,MENUDEO,25,125,1,5
417,241,5,presentacion:4,40,MENUDEO,115,4600,1,40
418,242,285,presentacion:288,113,MENUDEO,25,2825,1,113
419,243,699,presentacion:706,2,MENUDEO,118,236,1,2
420,244,936,presentacion:980,1,MENUDEO,1900,1900,7,7
421,245,703,presentacion:844,5,MENUDEO,600,3000,1,5
422,245,853,presentacion:893,2,MENUDEO,600,1200,1,2
423,246,703,presentacion:844,14,MENUDEO,600,8400,1,14
424,247,957,presentacion:1003,1,MENUDEO,2500,2500,14,14
425,248,5,presentacion:3,1,MENUDEO,4600,4600,40,40
426,249,5,presentacion:3,1,MENUDEO,4600,4600,40,40
427,249,698,presentacion:703,1,MENUDEO,3700,3700,1,1
428,249,8,presentacion:285,10,MENUDEO,90,900,1,10
429,250,683,presentacion:687,10,MENUDEO,7,70,1,10
430,251,699,presentacion:705,1,MENUDEO,4700,4700,40,40
431,251,698,presentacion:703,1,MENUDEO,3700,3700,1,1
432,251,8,presentacion:285,10,MENUDEO,90,900,1,10
433,252,230,presentacion:230,1,MENUDEO,8,8,1,1
434,253,912,presentacion:953,5,MENUDEO,26,130,1,5
435,253,911,presentacion:952,50,MENUDEO,28,1400,1,50
436,253,694,presentacion:698,70,MENUDEO,42,2940,1,70
437,254,54,presentacion:53,1,MENUDEO,57,57,1,1
438,254,325,presentacion:332,1,MENUDEO,4,4,1,1
439,254,550,presentacion:561,1,MENUDEO,130,130,1,1
440,254,73,presentacion:72,1,MENUDEO,87,87,1,1
441,255,548,presentacion:554,1,MENUDEO,280,280,1,1
442,255,951,presentacion:995,1,MENUDEO,49,49,1,1
443,256,5,presentacion:3,1,MENUDEO,4600,4600,40,40
444,257,697,presentacion:700,3,MENUDEO,142,426,1,3
445,258,594,presentacion:755,3,MENUDEO,19000,57000,84,252
446,258,596,presentacion:753,1,MENUDEO,19000,19000,1,1
447,259,954,presentacion:999,3,MENUDEO,28,84,1,3
448,259,669,presentacion:673,3,MENUDEO,9,27,1,3
449,260,703,presentacion:844,0.5,MENUDEO,600,300,1,0.5
450,261,698,presentacion:707,10,MENUDEO,145,1450,1,10
451,261,5,presentacion:4,10,MENUDEO,115,1150,1,10
452,261,289,presentacion:292,2,MENUDEO,320,640,1,2
453,262,5,presentacion:3,2,MENUDEO,4600,9200,40,80
454,263,959,presentacion:1004,1,MENUDEO,583,583,1,1
455,264,781,presentacion:818,10,MENUDEO,86,860,1,10
456,265,733,presentacion:740,7,MENUDEO,250,1750,1,7
457,265,8,presentacion:285,7,MENUDEO,90,630,1,7
458,266,285,presentacion:288,50,MENUDEO,25,1250,1,50
459,267,178,presentacion:178,1,MENUDEO,157,157,1,1
460,268,703,presentacion:844,14,MENUDEO,600,8400,1,14
461,269,703,presentacion:844,0.5,MENUDEO,600,300,1,0.5
462,270,7,presentacion:8,2,MENUDEO,92.5,185,1,2
463,271,781,presentacion:818,1,MENUDEO,86,86,1,1
464,271,7,presentacion:8,1,MENUDEO,92.5,92.5,1,1
465,272,697,presentacion:700,18,MENUDEO,142,2556,1,18
466,272,5,presentacion:3,1,MENUDEO,4600,4600,40,40
467,273,284,presentacion:287,100,MENUDEO,25,2500,1,100
468,274,744,presentacion:750,1,MENUDEO,31,31,1,1
469,274,40,presentacion:39,1,MENUDEO,111,111,1,1
470,274,897,presentacion:938,1,MENUDEO,34,34,1,1
471,275,7,presentacion:8,20,MENUDEO,92.5,1850,1,20
472,276,162,presentacion:162,1,MENUDEO,209,209,1,1
473,276,862,presentacion:902,1,MENUDEO,43,43,1,1
474,277,960,presentacion:1005,4,MENUDEO,23,92,1,4
475,277,788,presentacion:826,2,MENUDEO,58,116,1,2
476,277,959,presentacion:1004,5,MENUDEO,583,2915,1,5
477,277,156,presentacion:157,1,MENUDEO,25,25,1,1
478,277,70,presentacion:68,1,MENUDEO,19,19,1,1
479,278,733,presentacion:740,10,MENUDEO,250,2500,1,10
480,278,284,presentacion:287,10,MENUDEO,25,250,1,10
481,279,230,presentacion:230,1,MENUDEO,8,8,1,1
482,280,699,presentacion:706,6,MENUDEO,118,708,1,6
483,281,923,presentacion:964,1,MENUDEO,2000,2000,7,7
484,281,733,presentacion:740,4,MENUDEO,250,1000,1,4
485,282,289,presentacion:292,10,MENUDEO,320,3200,1,10
486,283,733,presentacion:740,4,MENUDEO,250,1000,1,4
487,284,683,presentacion:687,10,MENUDEO,7,70,1,10
488,284,736,presentacion:742,2.5,MENUDEO,104,260,1,2.5
489,285,703,presentacion:844,14,MENUDEO,600,8400,1,14
490,286,781,presentacion:818,2,MENUDEO,86,172,1,2
491,287,698,presentacion:707,10,MENUDEO,145,1450,1,10
492,288,703,presentacion:844,5,MENUDEO,600,3000,1,5
493,288,853,presentacion:893,2,MENUDEO,600,1200,1,2
494,289,29,presentacion:28,1,MENUDEO,1677,1677,1,1
495,289,19,presentacion:295,1,MENUDEO,1676,1676,1,1
496,290,703,presentacion:844,7,MENUDEO,600,4200,1,7
497,291,284,presentacion:287,10,MENUDEO,25,250,1,10
498,292,874,presentacion:914,1,MENUDEO,72,72,1,1
499,293,5,presentacion:4,74,MENUDEO,115,8510,1,74
500,294,8,presentacion:285,7,MENUDEO,90,630,1,7
501,294,5,presentacion:4,8,MENUDEO,115,920,1,8
502,295,41,presentacion:41,2,MENUDEO,2,4,1,2
503,295,25,presentacion:24,2,MENUDEO,23,46,1,2
504,295,33,presentacion:32,1,MENUDEO,5,5,1,1
505,295,72,presentacion:70,1,MENUDEO,3,3,1,1
506,295,78,presentacion:76,1,MENUDEO,25,25,1,1
507,295,639,presentacion:644,1,MENUDEO,9,9,1,1
508,295,136,presentacion:135,1,MENUDEO,18,18,1,1
509,295,277,presentacion:278,3,MENUDEO,72,216,1,3
510,295,305,presentacion:312,1,MENUDEO,8,8,1,1
511,295,231,presentacion:231,1,MENUDEO,161,161,1,1
512,295,832,presentacion:872,1,MENUDEO,218,218,1,1
513,295,5,presentacion:4,10,MENUDEO,115,1150,1,10
514,295,7,presentacion:8,5,MENUDEO,92.5,462.5,1,5
515,295,788,presentacion:826,3,MENUDEO,58,174,1,3
516,295,838,presentacion:878,1,MENUDEO,196,196,1,1
517,295,150,presentacion:150,1,MENUDEO,139,139,1,1
518,295,151,presentacion:151,1,MENUDEO,139,139,1,1
519,295,121,presentacion:120,1,MENUDEO,168,168,1,1
520,295,284,presentacion:287,0.5,MENUDEO,25,12.5,1,0.5
521,295,670,presentacion:674,2,MENUDEO,18,36,1,2
522,295,665,presentacion:670,2,MENUDEO,23,46,1,2
523,295,668,presentacion:672,1,MENUDEO,11.5,11.5,1,1
524,295,945,presentacion:1032,1,MENUDEO,86,86,1,1
525,295,390,presentacion:399,1,MENUDEO,0.5,0.5,1,1
526,295,399,presentacion:407,2,MENUDEO,0.5,1,1,2
527,295,284,presentacion:287,1,MENUDEO,25,25,1,1
528,296,232,presentacion:1033,1,MENUDEO,17,17,1,1
529,296,84,presentacion:83,2,MENUDEO,3,6,1,2
530,296,786,presentacion:824,1,MENUDEO,43,43,1,1
531,297,110,presentacion:109,2,MENUDEO,267,534,1,2
532,298,86,presentacion:86,1,MENUDEO,690,690,1,1
533,298,897,presentacion:938,3,MENUDEO,34,102,1,3
534,299,703,presentacion:844,7,MENUDEO,600,4200,1,7
535,300,699,presentacion:705,1,MENUDEO,4700,4700,40,40
536,301,7,presentacion:7,2,MENUDEO,3700,7400,40,80
537,301,5,presentacion:3,1,MENUDEO,4600,4600,40,40
538,302,100,presentacion:296,1,MENUDEO,185,185,1,1
539,303,699,presentacion:706,1,MENUDEO,118,118,1,1
540,304,5,presentacion:3,2,MENUDEO,4600,9200,40,80
541,305,987,presentacion:1035,1900,MENUDEO,3.5,6650,1,1900
542,306,293,presentacion:301,1,MENUDEO,33,33,1,1
543,306,944,presentacion:988,10,MENUDEO,7,70,1,10
544,306,7,presentacion:7,1,MENUDEO,3700,3700,40,40
545,306,5,presentacion:4,10,MENUDEO,115,1150,1,10
546,306,735,presentacion:741,1,MENUDEO,1780,1780,1,1
547,306,284,presentacion:287,5,MENUDEO,25,125,1,5
548,306,913,presentacion:954,7,MENUDEO,480,3360,1,7
549,307,217,presentacion:216,1,MENUDEO,173,173,1,1
550,307,213,presentacion:212,1,MENUDEO,760,760,1,1
551,307,693,presentacion:697,2,MENUDEO,60,120,1,2
552,307,776,presentacion:806,1,MENUDEO,72,72,1,1
553,307,676,presentacion:680,1,MENUDEO,8,8,1,1
554,307,675,presentacion:679,2,MENUDEO,5.5,11,1,2
555,307,788,presentacion:826,1,MENUDEO,58,58,1,1
556,307,641,presentacion:646,1,MENUDEO,6,6,1,1
557,307,42,presentacion:40,1,MENUDEO,33,33,1,1
558,307,694,presentacion:698,1,MENUDEO,42,42,1,1
559,308,699,presentacion:705,1,MENUDEO,4700,4700,40,40
560,309,698,presentacion:703,1,MENUDEO,3700,3700,1,1
561,310,8,presentacion:285,5,MENUDEO,90,450,1,5
562,311,986,presentacion:1034,30,MENUDEO,342,10260,1,30
563,312,828,presentacion:868,1,MENUDEO,52,52,1,1
564,313,703,presentacion:1038,3,MENUDEO,15000,45000,30,90
565,314,852,presentacion:1036,1,MENUDEO,11000,11000,30,30
566,315,853,presentacion:1039,1,MENUDEO,16000,16000,1,1
567,316,5,presentacion:3,1,MENUDEO,4600,4600,40,40
568,317,284,presentacion:287,2,MENUDEO,25,50,1,2
569,318,703,presentacion:844,8,MENUDEO,600,4800,1,8
570,319,699,presentacion:706,6,MENUDEO,118,708,1,6
571,319,8,presentacion:285,2,MENUDEO,90,180,1,2
572,320,329,presentacion:336,1,MENUDEO,299,299,1,1
573,321,7,presentacion:8,5,MENUDEO,92.5,462.5,1,5
574,322,302,presentacion:309,1,MENUDEO,14,14,1,1
575,322,851,presentacion:891,0.5,MENUDEO,103,51.5,1,0.5
576,323,7,presentacion:7,2,MENUDEO,3700,7400,40,80
577,324,669,presentacion:673,1,MENUDEO,9,9,1,1
578,325,669,presentacion:673,9,MENUDEO,9,81,1,9
579,326,703,presentacion:1038,4,MENUDEO,15000,60000,30,120
580,326,988,presentacion:1040,4,MENUDEO,8000,32000,30,120
581,327,503,presentacion:510,2,MENUDEO,2,4,1,2
582,328,988,presentacion:1040,3,MENUDEO,8000,24000,30,90
583,329,8,presentacion:285,10,MENUDEO,90,900,1,10
584,330,699,presentacion:706,16,MENUDEO,118,1888,1,16
585,330,284,presentacion:287,5,MENUDEO,25,125,1,5
586,330,733,presentacion:740,3,MENUDEO,250,750,1,3
587,331,699,presentacion:706,4,MENUDEO,118,472,1,4
588,332,986,presentacion:1034,43,MENUDEO,324,13932,1,43
589,332,989,presentacion:1041,17,MENUDEO,346,5882,1,17
590,333,781,presentacion:818,8,MENUDEO,86,688,1,8
591,334,987,presentacion:1035,3820,MENUDEO,3.9,14898,1,3820
592,334,703,presentacion:844,8,MENUDEO,600,4800,1,8
593,335,5,presentacion:4,15,MENUDEO,115,1725,1,15
594,336,913,presentacion:954,7,MENUDEO,480,3360,1,7
595,336,853,presentacion:893,2.5,MENUDEO,600,1500,1,2.5
596,336,733,presentacion:740,8,MENUDEO,250,2000,1,8
597,336,4,presentacion:2,15,MENUDEO,230,3450,1,15
598,336,852,presentacion:892,1.45,MENUDEO,450,652.5,1,1.45
599,337,951,presentacion:995,1,MENUDEO,49,49,1,1
600,338,5,presentacion:3,1,MENUDEO,4600,4600,40,40
601,339,852,presentacion:1037,4,MENUDEO,13000,52000,30,120
602,340,911,presentacion:952,9,MENUDEO,28,252,1,9
603,340,918,presentacion:959,3,MENUDEO,42,126,1,3
604,340,917,presentacion:958,6,MENUDEO,30,180,1,6
605,340,694,presentacion:698,54,MENUDEO,42,2268,1,54
606,340,911,presentacion:952,8,MENUDEO,28,224,1,8
607,340,920,presentacion:961,1,MENUDEO,64,64,1,1
608,340,916,presentacion:957,1,MENUDEO,37,37,1,1
609,341,699,presentacion:705,1,MENUDEO,4700,4700,40,40
610,342,596,presentacion:754,16,MENUDEO,127,2032,1,16
611,343,698,presentacion:707,10,MENUDEO,190,1900,1,10
612,344,596,presentacion:754,1,MENUDEO,127,127,1,1
613,345,272,presentacion:273,1,MENUDEO,190,190,1,1
614,346,4,presentacion:1044,7,MENUDEO,4500,31500,20,140
615,347,930,presentacion:972,1,MENUDEO,186,186,1,1
616,348,928,presentacion:970,1,MENUDEO,197,197,1,1
617,349,7,presentacion:1043,1,MENUDEO,3600,3600,40,40
618,349,5,presentacion:3,1,MENUDEO,4600,4600,40,40
619,350,66,presentacion:65,4,MENUDEO,4,16,1,4
620,350,250,presentacion:251,5,MENUDEO,2,10,1,5
621,350,74,presentacion:74,10,MENUDEO,2,20,1,10
622,350,258,presentacion:258,8,MENUDEO,47,376,1,8
623,351,923,presentacion:964,1,MENUDEO,2000,2000,7,7
624,352,5,presentacion:4,18,MENUDEO,115,2070,1,18
625,353,224,presentacion:223,2,MENUDEO,10,20,1,2
626,354,699,presentacion:706,2,MENUDEO,118,236,1,2
627,355,703,presentacion:844,1.5,MENUDEO,600,900,1,1.5
628,356,164,presentacion:164,1,MENUDEO,313,313,1,1
629,357,736,presentacion:742,1,MENUDEO,104,104,1,1
630,358,698,presentacion:707,10,MENUDEO,190,1900,1,10
631,358,8,presentacion:285,6,MENUDEO,90,540,1,6
632,358,699,presentacion:706,10,MENUDEO,118,1180,1,10
633,359,4,presentacion:1,2,MENUDEO,4600,9200,20,40
634,360,683,presentacion:687,3,MENUDEO,7,21,1,3
635,361,304,presentacion:311,1,MENUDEO,14,14,1,1
636,362,4,presentacion:2,12,MENUDEO,230,2760,1,12
637,363,669,presentacion:673,5,MENUDEO,9,45,1,5
638,364,7,presentacion:1043,1,MENUDEO,3600,3600,40,40
639,364,699,presentacion:705,1,MENUDEO,4700,4700,40,40
640,365,228,presentacion:228,1,MENUDEO,1914,1914,1,1
641,366,736,presentacion:742,1,MENUDEO,104,104,1,1
642,367,699,presentacion:706,15,MENUDEO,118,1770,1,15
643,367,853,presentacion:893,0.5,MENUDEO,600,300,1,0.5
644,368,699,presentacion:706,15,MENUDEO,118,1770,1,15
645,369,744,presentacion:750,1,MENUDEO,31,31,1,1
646,369,980,presentacion:1026,1,MENUDEO,95,95,1,1
647,370,735,presentacion:741,1,MENUDEO,1780,1780,1,1
648,371,272,presentacion:273,4,MENUDEO,190,760,1,4
649,371,70,presentacion:68,4,MENUDEO,19,76,1,4
650,371,788,presentacion:826,1,MENUDEO,58,58,1,1
651,372,76,presentacion:73,1,MENUDEO,49,49,1,1
652,373,304,presentacion:311,1,MENUDEO,14,14,1,1
653,374,781,presentacion:818,20,MENUDEO,86,1720,1,20
654,375,284,presentacion:287,5,MENUDEO,25,125,1,5
655,376,179,presentacion:179,1,MENUDEO,103,103,1,1
656,377,735,presentacion:741,1,MENUDEO,1780,1780,1,1
657,378,803,presentacion:842,1,MENUDEO,74,74,1,1
658,379,5,presentacion:4,33,MENUDEO,115,3795,1,33
659,379,699,presentacion:706,7,MENUDEO,118,826,1,7
660,379,703,presentacion:844,5,MENUDEO,600,3000,1,5
661,379,853,presentacion:893,2,MENUDEO,600,1200,1,2
662,380,49,presentacion:47,1,MENUDEO,12,12,1,1
663,380,237,presentacion:1049,2,MENUDEO,28,56,0.5,1
664,380,789,presentacion:827,1,MENUDEO,80,80,1,1
665,381,699,presentacion:706,9,MENUDEO,118,1062,1,9
666,382,296,presentacion:304,0.5,MENUDEO,33,16.5,1,0.5
667,383,188,presentacion:187,1,MENUDEO,10,10,1,1
668,384,49,presentacion:47,1,MENUDEO,12,12,1,1
669,384,237,presentacion:1049,2,MENUDEO,28,56,0.5,1
670,384,942,presentacion:986,1,MENUDEO,55,55,1,1
671,385,899,presentacion:940,1,MENUDEO,22,22,1,1
672,386,899,presentacion:940,1,MENUDEO,22,22,1,1
673,387,703,presentacion:844,0.5,MENUDEO,600,300,1,0.5
674,388,699,presentacion:706,20,MENUDEO,118,2360,1,20
675,389,775,presentacion:805,1,MENUDEO,1300,1300,1,1
676,389,40,presentacion:39,1,MENUDEO,111,111,1,1
677,389,116,presentacion:114,1,MENUDEO,72,72,1,1
678,389,236,presentacion:236,2,MENUDEO,16,32,1,2
679,389,230,presentacion:230,1,MENUDEO,8,8,1,1
680,389,736,presentacion:742,2,MENUDEO,104,208,1,2
681,390,926,presentacion:968,1,MENUDEO,197,197,1,1
682,391,7,presentacion:1043,1,MENUDEO,3600,3600,40,40
683,391,633,presentacion:638,3,MENUDEO,195,585,1,3
684,391,287,presentacion:290,50,MENUDEO,23,1150,1,50
685,392,4,presentacion:2,8,MENUDEO,230,1840,1,8
686,393,230,presentacion:230,1,MENUDEO,8,8,1,1
687,394,699,presentacion:705,1,MENUDEO,4700,4700,40,40
688,395,182,presentacion:182,1,MENUDEO,103,103,1,1
689,396,913,presentacion:954,7,MENUDEO,480,3360,1,7
690,397,699,presentacion:706,34,MENUDEO,118,4012,1,34
691,397,4,presentacion:2,3,MENUDEO,230,690,1,3
692,398,966,presentacion:1055,20,MENUDEO,1,20,1,20
693,399,980,presentacion:1026,5,MENUDEO,95,475,1,5
694,400,296,presentacion:304,4,MENUDEO,33,132,1,4
695,400,284,presentacion:287,10,MENUDEO,25,250,1,10
696,401,4,presentacion:2,5,MENUDEO,230,1150,1,5
697,402,4,presentacion:1,2,MENUDEO,4600,9200,20,40
698,403,7,presentacion:1043,1,MENUDEO,3600,3600,40,40
699,403,284,presentacion:287,50,MENUDEO,25,1250,1,50
700,403,283,presentacion:286,20,MENUDEO,25,500,1,20
701,404,284,presentacion:287,2.5,MENUDEO,25,62.5,1,2.5
702,405,110,presentacion:109,1,MENUDEO,267,267,1,1
703,406,100,presentacion:296,1,MENUDEO,185,185,1,1
704,407,201,presentacion:201,100,MENUDEO,1,100,1,100
705,408,4,presentacion:1,1,MENUDEO,4600,4600,20,20
706,409,4,presentacion:1,1,MENUDEO,4600,4600,20,20
707,410,594,presentacion:620,3,MENUDEO,226,678,1,3
708,411,991,presentacion:1045,100,MENUDEO,5,500,1,100
709,411,148,presentacion:148,1,MENUDEO,80,80,1,1
710,411,75,presentacion:77,1,MENUDEO,196,196,1,1
711,411,551,presentacion:563,1,MENUDEO,72,72,1,1
712,412,4,presentacion:2,4,MENUDEO,230,920,1,4
713,413,987,presentacion:1035,1910,MENUDEO,3.9,7449,1,1910
714,414,987,presentacion:1035,1900,MENUDEO,3.9,7410,1,1900
715,415,7,presentacion:8,20,MENUDEO,92.5,1850,1,20
716,415,904,presentacion:945,2,MENUDEO,256,512,1,2
717,415,900,presentacion:941,1,MENUDEO,16,16,1,1
718,416,5,presentacion:4,15,MENUDEO,115,1725,1,15
719,417,987,presentacion:1035,1443,MENUDEO,3.9,5627.7,1,1443
720,418,4,presentacion:2,2,MENUDEO,230,460,1,2
721,419,558,presentacion:555,94,MENUDEO,1,94,1,94
722,420,4,presentacion:1,1,MENUDEO,4600,4600,20,20
723,421,8,presentacion:285,2,MENUDEO,90,180,1,2
724,421,148,presentacion:148,1,MENUDEO,80,80,1,1
725,422,847,presentacion:887,1,MENUDEO,81,81,1,1
726,422,993,presentacion:1048,10,MENUDEO,10,100,1,10
727,422,543,presentacion:548,1,MENUDEO,219,219,1,1
728,422,305,presentacion:312,1,MENUDEO,8,8,1,1
729,422,656,presentacion:661,1,MENUDEO,5,5,1,1
730,423,979,presentacion:1025,15,MENUDEO,72,1080,1,15
731,424,703,presentacion:844,4,MENUDEO,600,2400,1,4
732,424,853,presentacion:893,3,MENUDEO,600,1800,1,3
733,425,313,presentacion:322,20,MENUDEO,0.5,10,1,20
734,425,111,presentacion:110,1,MENUDEO,23,23,1,1
735,425,898,presentacion:939,1,MENUDEO,22,22,1,1
736,426,703,presentacion:844,2,MENUDEO,600,1200,1,2
737,427,594,presentacion:620,15,MENUDEO,226,3390,1,15
738,427,596,presentacion:754,40,MENUDEO,127,5080,1,40
739,427,284,presentacion:287,50,MENUDEO,25,1250,1,50
740,427,285,presentacion:288,100,MENUDEO,25,2500,1,100
741,427,703,presentacion:844,7,MENUDEO,600,4200,1,7
742,427,699,presentacion:705,1,MENUDEO,4700,4700,40,40
743,427,8,presentacion:9,1,MENUDEO,3600,3600,40,40
744,428,699,presentacion:706,1,MENUDEO,118,118,1,1
745,429,303,presentacion:310,2,MENUDEO,8,16,1,2
746,430,683,presentacion:687,5,MENUDEO,7,35,1,5
747,430,105,presentacion:104,1,MENUDEO,157,157,1,1
748,431,567,presentacion:573,81,MENUDEO,1,81,1,81
749,432,294,presentacion:302,3,MENUDEO,52,156,1,3
750,432,232,presentacion:232,6,MENUDEO,101,606,1,6
751,432,237,presentacion:238,3,MENUDEO,136,408,1,3
752,432,189,presentacion:189,5,MENUDEO,3,15,1,5
753,432,84,presentacion:83,8,MENUDEO,3,24,1,8
754,432,109,presentacion:108,5,MENUDEO,4,20,1,5
755,433,188,presentacion:187,1,MENUDEO,10,10,1,1
756,434,570,presentacion:576,50,MENUDEO,1,50,1,50
757,435,736,presentacion:742,1,MENUDEO,104,104,1,1
758,436,284,presentacion:287,1,MENUDEO,25,25,1,1
759,437,4,presentacion:1,3,MENUDEO,4600,13800,20,60
760,438,4,presentacion:2,10,MENUDEO,230,2300,1,10
761,438,7,presentacion:8,20,MENUDEO,92.5,1850,1,20
762,439,699,presentacion:706,20,MENUDEO,118,2360,1,20
763,439,7,presentacion:8,20,MENUDEO,92.5,1850,1,20
764,439,669,presentacion:673,2,MENUDEO,9,18,1,2
765,440,703,presentacion:844,3,MENUDEO,600,1800,1,3
766,440,852,presentacion:892,2,MENUDEO,450,900,1,2
767,440,4,presentacion:2,5,MENUDEO,230,1150,1,5
768,441,4,presentacion:2,8,MENUDEO,230,1840,1,8
769,442,669,presentacion:673,10,MENUDEO,9,90,1,10
770,443,4,presentacion:2,20,MENUDEO,230,4600,1,20
771,443,853,presentacion:893,3,MENUDEO,600,1800,1,3
772,443,703,presentacion:844,4,MENUDEO,600,2400,1,4
773,444,699,presentacion:706,2,MENUDEO,118,236,1,2
774,444,112,presentacion:111,1,MENUDEO,5,5,1,1
775,445,699,presentacion:705,1,MENUDEO,4700,4700,40,40
776,446,979,presentacion:1025,20,MENUDEO,72,1440,1,20
777,447,802,presentacion:841,1,MENUDEO,64,64,1,1
778,447,900,presentacion:941,2,MENUDEO,16,32,1,2
779,448,733,presentacion:740,1,MENUDEO,250,250,1,1
780,448,8,presentacion:285,3,MENUDEO,90,270,1,3
781,448,284,presentacion:287,1,MENUDEO,25,25,1,1
782,449,959,presentacion:1004,1,MENUDEO,583,583,1,1
783,449,175,presentacion:176,1,MENUDEO,196,196,1,1
784,449,27,presentacion:26,3,MENUDEO,58,174,1,3
785,449,942,presentacion:986,1,MENUDEO,55,55,1,1
786,449,633,presentacion:638,4,MENUDEO,195,780,1,4
787,449,70,presentacion:68,4,MENUDEO,26,104,1,4
788,449,146,presentacion:146,1,MENUDEO,47,47,1,1
789,450,857,presentacion:897,1,MENUDEO,13,13,1,1
790,450,859,presentacion:899,1,MENUDEO,17,17,1,1
791,451,4,presentacion:2,7,MENUDEO,230,1610,1,7
792,452,4,presentacion:1,2,MENUDEO,4600,9200,20,40
793,453,853,presentacion:1039,1,MENUDEO,16000,16000,1,1
794,454,8,presentacion:285,1,MENUDEO,90,90,1,1
795,455,852,presentacion:892,4,MENUDEO,450,1800,1,4
796,456,699,presentacion:705,1,MENUDEO,4700,4700,40,40
797,457,7,presentacion:8,56,MENUDEO,92.5,5180,1,56
798,457,6,presentacion:6,12,MENUDEO,185,2220,1,12
799,457,4,presentacion:1,1,MENUDEO,4600,4600,20,20
800,458,699,presentacion:706,5,MENUDEO,118,590,1,5
801,458,269,presentacion:270,6,MENUDEO,79,474,1,6
802,459,979,presentacion:1025,20,MENUDEO,72,1440,1,20
803,459,804,presentacion:843,5,MENUDEO,3,15,1,5
804,460,284,presentacion:287,50,MENUDEO,25,1250,1,50
805,460,1021,presentacion:1081,50,MENUDEO,25,1250,1,50
806,461,603,presentacion:607,1,MENUDEO,0.5,0.5,1,1
807,461,441,presentacion:448,1,MENUDEO,2,2,1,1
808,461,224,presentacion:223,2,MENUDEO,10,20,1,2
809,461,257,presentacion:259,8,MENUDEO,3,24,1,8
810,461,596,presentacion:754,6,MENUDEO,127,762,1,6
811,461,698,presentacion:707,6,MENUDEO,190,1140,1,6
812,461,8,presentacion:285,3,MENUDEO,90,270,1,3
813,461,237,presentacion:238,1,MENUDEO,136,136,1,1
814,461,694,presentacion:698,4,MENUDEO,42,168,1,4
815,461,833,presentacion:873,1,MENUDEO,40,40,1,1
816,462,699,presentacion:705,1,MENUDEO,4700,4700,40,40
817,463,176,presentacion:175,1,MENUDEO,168,168,1,1
818,464,733,presentacion:740,4,MENUDEO,250,1000,1,4
819,465,703,presentacion:844,3,MENUDEO,600,1800,1,3
820,466,596,presentacion:754,2,MENUDEO,127,254,1,2
821,466,733,presentacion:740,10,MENUDEO,250,2500,1,10
822,467,8,presentacion:285,10,MENUDEO,90,900,1,10
823,467,699,presentacion:706,4,MENUDEO,118,472,1,4
824,468,954,presentacion:999,1,MENUDEO,28,28,1,1
825,468,669,presentacion:673,5,MENUDEO,9,45,1,5
826,469,4,presentacion:2,9,MENUDEO,230,2070,1,9
827,470,518,presentacion:524,1,MENUDEO,11,11,1,1
828,470,599,presentacion:602,2,MENUDEO,2,4,1,2
829,471,4,presentacion:2,6,MENUDEO,230,1380,1,6
830,472,736,presentacion:742,1,MENUDEO,104,104,1,1
831,473,596,presentacion:754,1,MENUDEO,127,127,1,1
832,474,913,presentacion:954,7,MENUDEO,480,3360,1,7
833,474,703,presentacion:844,2,MENUDEO,600,1200,1,2
834,474,852,presentacion:892,2,MENUDEO,450,900,1,2
835,474,699,presentacion:706,10,MENUDEO,118,1180,1,10
836,474,8,presentacion:285,20,MENUDEO,90,1800,1,20
837,475,773,presentacion:803,1,MENUDEO,121,121,1,1
838,476,699,presentacion:706,10,MENUDEO,118,1180,1,10
839,477,269,presentacion:270,1,MENUDEO,79,79,1,1
840,478,987,presentacion:1035,1800,MENUDEO,3.8,6840,1,1800
841,478,237,presentacion:238,2,MENUDEO,136,272,1,2
842,478,171,presentacion:172,4,MENUDEO,8,32,1,4
843,479,596,presentacion:754,12,MENUDEO,127,1524,1,12
844,480,201,presentacion:201,100,MENUDEO,1,100,1,100
845,481,148,presentacion:148,1,MENUDEO,80,80,1,1
846,482,699,presentacion:705,1,MENUDEO,4700,4700,40,40
847,483,91,presentacion:89,1,MENUDEO,57,57,1,1
848,483,460,presentacion:468,8,MENUDEO,0.5,4,1,8
849,483,613,presentacion:616,16,MENUDEO,0.5,8,1,16
850,483,455,presentacion:462,8,MENUDEO,2,16,1,8
851,483,388,presentacion:397,1,MENUDEO,0.5,0.5,1,1
852,483,399,presentacion:407,2,MENUDEO,0.5,1,1,2
853,483,851,presentacion:891,5,MENUDEO,103,515,1,5
854,483,569,presentacion:574,4,MENUDEO,11.5,46,1,4
855,483,617,presentacion:621,4,MENUDEO,2,8,1,4
856,483,620,presentacion:624,4,MENUDEO,1,4,1,4
857,483,600,presentacion:604,4,MENUDEO,2.5,10,1,4
858,483,736,presentacion:742,1,MENUDEO,104,104,1,1
859,483,973,presentacion:1019,3,MENUDEO,0.5,1.5,1,3
860,483,302,presentacion:309,1,MENUDEO,14,14,1,1
861,483,838,presentacion:878,1,MENUDEO,196,196,1,1
862,483,776,presentacion:806,1,MENUDEO,72,72,1,1
863,483,308,presentacion:315,2,MENUDEO,10,20,1,2
864,484,703,presentacion:844,14,MENUDEO,600,8400,1,14
865,485,367,presentacion:375,1,MENUDEO,0.5,0.5,1,1
866,485,610,presentacion:614,1,MENUDEO,0.5,0.5,1,1
867,485,399,presentacion:407,1,MENUDEO,0.5,0.5,1,1
868,485,409,presentacion:417,2,MENUDEO,1,2,1,2
869,485,610,presentacion:614,4,MENUDEO,0.5,2,1,4
870,485,587,presentacion:593,2,MAYOREO,0.5,1,1,2
871,485,34,presentacion:294,1,MENUDEO,26,26,1,1
872,485,91,presentacion:89,1,MENUDEO,57,57,1,1
873,485,954,presentacion:999,2,MENUDEO,28,56,1,2
874,485,736,presentacion:742,2,MENUDEO,104,208,1,2
875,485,613,presentacion:616,8,MENUDEO,0.5,4,1,8
876,485,1012,presentacion:1071,1,MENUDEO,136,136,1,1
877,485,460,presentacion:468,8,MENUDEO,0.5,4,1,8
878,485,494,presentacion:501,1,MENUDEO,7,7,1,1
879,485,595,presentacion:600,1,MENUDEO,1,1,1,1
880,485,623,presentacion:628,1,MENUDEO,0.5,0.5,1,1
881,485,125,presentacion:124,1,MENUDEO,122,122,1,1
882,485,937,presentacion:981,1,MENUDEO,27,27,1,1
883,485,164,presentacion:164,1,MENUDEO,313,313,1,1
884,485,535,presentacion:540,2,MENUDEO,0.5,1,1,2
885,485,90,presentacion:93,1,MENUDEO,69,69,1,1
886,485,954,presentacion:999,1,MENUDEO,28,28,1,1
887,485,736,presentacion:742,1,MENUDEO,104,104,1,1
888,485,629,presentacion:634,1,MENUDEO,23,23,1,1
889,485,613,presentacion:616,9,MENUDEO,0.5,4.5,1,9
890,485,460,presentacion:468,9,MENUDEO,0.5,4.5,1,9
891,485,564,presentacion:568,4,MENUDEO,18,72,1,4
892,485,599,presentacion:602,4,MENUDEO,2,8,1,4
893,485,573,presentacion:579,4,MENUDEO,1,4,1,4
894,485,72,presentacion:70,4,MENUDEO,8,32,1,4
895,485,52,presentacion:51,2,MENUDEO,22,44,1,2
896,485,25,presentacion:24,1,MENUDEO,23,23,1,1
897,485,659,presentacion:664,1,MENUDEO,8,8,1,1
898,486,558,presentacion:555,100,MENUDEO,1,100,1,100
899,487,699,presentacion:706,10,MENUDEO,118,1180,1,10
900,488,929,presentacion:971,1,MENUDEO,197,197,1,1
901,489,4,presentacion:1,1,MENUDEO,4600,4600,20,20
902,489,6,presentacion:1083,1,MENUDEO,3600,3600,20,20
903,489,287,presentacion:290,60,MENUDEO,23,1380,1,60
904,490,188,presentacion:187,1,MENUDEO,10,10,1,1
905,490,224,presentacion:223,2,MENUDEO,10,20,1,2
906,491,669,presentacion:673,10,MENUDEO,9,90,1,10
907,492,292,presentacion:813,1,MENUDEO,26,26,0.5,0.5
908,493,4,presentacion:1,2,MENUDEO,4600,9200,20,40
909,494,8,presentacion:9,1,MENUDEO,3600,3600,40,40
910,494,293,presentacion:301,2,MENUDEO,33,66,1,2
911,494,294,presentacion:302,1,MENUDEO,52,52,1,1
912,495,733,presentacion:740,5,MENUDEO,250,1250,1,5
913,495,284,presentacion:287,2,MENUDEO,25,50,1,2
914,495,596,presentacion:754,1,MENUDEO,127,127,1,1
915,496,699,presentacion:705,1,MENUDEO,4700,4700,40,40
916,497,987,presentacion:1035,1880,MENUDEO,3.8,7144,1,1880
917,498,987,presentacion:1035,1910,MENUDEO,3.9,7449,1,1910
918,499,1022,presentacion:1082,1,MENUDEO,825,825,1,1
919,500,76,presentacion:73,1,MENUDEO,49,49,1,1
920,501,6,presentacion:6,10,MENUDEO,185,1850,1,10
921,501,900,presentacion:941,4,MENUDEO,16,64,1,4
922,502,699,presentacion:705,1,MENUDEO,4700,4700,40,40
923,502,237,presentacion:238,1,MENUDEO,136,136,1,1
924,502,244,presentacion:245,1,MENUDEO,11,11,1,1
925,503,596,presentacion:754,1,MENUDEO,127,127,1,1
926,504,703,presentacion:844,14,MENUDEO,600,8400,1,14
927,505,853,presentacion:1039,1,MENUDEO,16000,16000,1,1
928,506,703,presentacion:1038,1,MENUDEO,15000,15000,30,30
929,507,899,presentacion:940,3,MENUDEO,22,66,1,3
930,508,596,presentacion:754,3,MENUDEO,127,381,1,3
931,509,736,presentacion:742,1,MENUDEO,104,104,1,1
932,510,703,presentacion:1038,1,MENUDEO,15000,15000,30,30
933,511,4,presentacion:1,1,MENUDEO,4600,4600,20,20
934,511,8,presentacion:9,1,MENUDEO,3600,3600,40,40
935,512,294,presentacion:302,1,MENUDEO,52,52,1,1
936,512,293,presentacion:301,1,MENUDEO,33,33,1,1
937,513,171,presentacion:172,2,MENUDEO,8,16,1,2
938,513,233,presentacion:234,2,MENUDEO,10,20,1,2
939,514,4,presentacion:1,2,MENUDEO,4600,9200,20,40
940,514,633,presentacion:638,3,MENUDEO,195,585,1,3
941,515,736,presentacion:742,1,MENUDEO,104,104,1,1
942,515,669,presentacion:673,5,MENUDEO,9,45,1,5
943,516,699,presentacion:706,7,MENUDEO,118,826,1,7
944,516,698,presentacion:707,3,MENUDEO,190,570,1,3
945,516,8,presentacion:285,3,MENUDEO,90,270,1,3
946,517,699,presentacion:706,10,MENUDEO,118,1180,1,10
947,517,540,presentacion:545,1,MENUDEO,865,865,1,1
948,518,699,presentacion:705,1,MENUDEO,4700,4700,40,40
949,519,899,presentacion:940,1,MENUDEO,22,22,1,1
950,520,540,presentacion:545,1,MENUDEO,865,865,1,1
951,521,987,presentacion:1042,3,MENUDEO,3800,11400,1000,3000
952,522,957,presentacion:1003,1,MENUDEO,2800,2800,14,14
953,523,923,presentacion:964,1,MENUDEO,2000,2000,7,7
954,523,6,presentacion:5,2,MENUDEO,3700,7400,20,40
955,523,703,presentacion:844,7,MENUDEO,600,4200,1,7
956,524,145,presentacion:145,1,MENUDEO,56,56,1,1
957,525,8,presentacion:285,10,MENUDEO,90,900,1,10
958,525,913,presentacion:954,4,MENUDEO,480,1920,1,4
959,526,4,presentacion:1086,2,MENUDEO,4300,8600,1,2
960,527,699,presentacion:705,1,MENUDEO,4700,4700,40,40
961,528,829,presentacion:869,1,MENUDEO,31,31,1,1
962,529,703,presentacion:844,4,MENUDEO,600,2400,1,4
963,529,853,presentacion:893,3,MENUDEO,600,1800,1,3
964,530,703,presentacion:1038,1,MENUDEO,15000,15000,30,30
965,531,703,presentacion:1038,1,MENUDEO,15000,15000,30,30
966,532,284,presentacion:287,100,MENUDEO,25,2500,1,100
967,533,596,presentacion:754,10,MENUDEO,127,1270,1,10
968,534,923,presentacion:964,1,MENUDEO,2000,2000,7,7
969,535,699,presentacion:705,1,MENUDEO,4700,4700,40,40
970,536,4,presentacion:2,3,MENUDEO,230,690,1,3
971,536,8,presentacion:285,6,MENUDEO,90,540,1,6
972,537,944,presentacion:988,20,MENUDEO,7,140,1,20
973,537,167,presentacion:167,1,MENUDEO,115,115,1,1
974,537,880,presentacion:920,2,MENUDEO,21,42,1,2
975,537,951,presentacion:995,2,MENUDEO,49,98,1,2
976,537,125,presentacion:124,1,MENUDEO,122,122,1,1
977,538,944,presentacion:988,20,MENUDEO,7,140,1,20
978,538,167,presentacion:167,1,MENUDEO,115,115,1,1
979,538,880,presentacion:920,2,MENUDEO,21,42,1,2
980,538,951,presentacion:995,2,MENUDEO,49,98,1,2
981,538,125,presentacion:124,1,MENUDEO,122,122,1,1
982,539,8,presentacion:285,15,MENUDEO,90,1350,1,15
983,540,76,presentacion:73,1,MENUDEO,49,49,1,1
984,541,669,presentacion:673,10,MENUDEO,9,90,1,10
985,542,699,presentacion:705,1,MENUDEO,4700,4700,40,40
986,543,875,presentacion:915,1,MENUDEO,83,83,1,1
987,543,90,presentacion:93,1,MENUDEO,69,69,1,1
988,543,26,presentacion:25,1,MENUDEO,158,158,1,1
989,544,782,presentacion:819,10,MENUDEO,190,1900,1,10
990,545,957,presentacion:1003,1,MENUDEO,2800,2800,14,14
991,546,957,presentacion:1003,1,MENUDEO,2800,2800,14,14
992,547,1017,presentacion:1077,1,MENUDEO,60,60,2,2
993,548,287,presentacion:290,60,MENUDEO,23,1380,1,60
994,549,177,presentacion:177,1,MENUDEO,103,103,1,1
995,549,1016,presentacion:1076,1,MENUDEO,54,54,1,1
996,550,4,presentacion:2,42,MENUDEO,230,9660,1,42
997,551,987,presentacion:1035,1920,MENUDEO,3.9,7488,1,1920
998,551,987,presentacion:1035,1920,MENUDEO,3.9,7488,1,1920
999,552,287,presentacion:290,25,MENUDEO,23,575,1,25
1000,553,287,presentacion:290,22.5,MENUDEO,23,517.5,1,22.5
1001,554,596,presentacion:754,10,MENUDEO,127,1270,1,10
1002,554,699,presentacion:706,10,MENUDEO,118,1180,1,10
1003,554,284,presentacion:287,20,MENUDEO,25,500,1,20
1004,554,847,presentacion:887,1,MENUDEO,81,81,1,1
1005,555,8,presentacion:285,40,MENUDEO,90,3600,1,40
1006,555,5,presentacion:4,20,MENUDEO,115,2300,1,20
1007,556,287,presentacion:290,46.5,MENUDEO,23,1069.5,1,46.5
1008,557,957,presentacion:1088,1,MENUDEO,1800,1800,7,7
1009,558,853,presentacion:1039,1,MENUDEO,16000,16000,1,1
1010,559,853,presentacion:1039,1,MENUDEO,16000,16000,1,1
1011,560,957,presentacion:1003,1,MENUDEO,2800,2800,14,14
1012,561,5,presentacion:1089,2,MENUDEO,4300,8600,1,2
1013,562,683,presentacion:687,2,MENUDEO,7,14,1,2
1014,562,779,presentacion:809,1,MENUDEO,58,58,1,1
1015,562,86,presentacion:86,1,MENUDEO,690,690,1,1
1016,563,5,presentacion:3,10,MENUDEO,4400,44000,40,400
1017,564,703,presentacion:1038,1,MENUDEO,15000,15000,30,30
1018,565,703,presentacion:844,4,MENUDEO,600,2400,1,4
1019,565,853,presentacion:893,3,MENUDEO,600,1800,1,3
1020,566,1000,presentacion:1058,1,MENUDEO,66,66,1,1
1021,567,699,presentacion:705,1,MENUDEO,4700,4700,40,40
1022,567,596,presentacion:754,10,MENUDEO,127,1270,1,10
1023,568,899,presentacion:940,2,MENUDEO,22,44,1,2
1024,569,913,presentacion:954,7,MENUDEO,480,3360,1,7
1025,569,703,presentacion:844,2,MENUDEO,600,1200,1,2
1026,569,852,presentacion:892,1,MENUDEO,450,450,1,1
1027,569,8,presentacion:285,30,MENUDEO,90,2700,1,30
1028,569,5,presentacion:4,30,MENUDEO,115,3450,1,30
1029,569,1024,presentacion:1087,5,MENUDEO,100,500,1,5
1030,570,699,presentacion:706,20,MENUDEO,118,2360,1,20
1031,571,284,presentacion:287,50,MENUDEO,25,1250,1,50
1032,572,852,presentacion:892,7,MENUDEO,450,3150,1,7
1033,573,699,presentacion:706,15,MENUDEO,118,1770,1,15
1034,573,8,presentacion:285,15,MENUDEO,90,1350,1,15
1035,574,253,presentacion:298,1,MENUDEO,585,585,1,1
1036,575,5,presentacion:3,1,MENUDEO,4600,4600,40,40
1037,576,736,presentacion:742,0.5,MENUDEO,104,52,1,0.5
1038,577,727,presentacion:734,1,MENUDEO,49,49,1,1
1039,577,985,presentacion:1031,1,MENUDEO,99,99,1,1
1040,577,390,presentacion:399,1,MENUDEO,0.5,0.5,1,1
1041,577,736,presentacion:742,0.5,MENUDEO,104,52,1,0.5
1042,577,900,presentacion:941,1,MENUDEO,16,16,1,1
1043,577,322,presentacion:328,1,MENUDEO,14,14,1,1
1044,577,614,presentacion:617,4,MENUDEO,1,4,1,4
1045,577,623,presentacion:628,4,MENUDEO,0.5,2,1,4
1046,577,450,presentacion:457,2,MENUDEO,1,2,1,2
1047,577,595,presentacion:600,4,MENUDEO,1,4,1,4
1048,577,494,presentacion:501,4,MENUDEO,7,28,1,4
1049,577,673,presentacion:676,2,MENUDEO,7,14,1,2
1050,577,309,presentacion:316,3,MENUDEO,8,24,1,3
1051,577,305,presentacion:312,2,MENUDEO,8,16,1,2
1052,577,281,presentacion:282,1,MENUDEO,16,16,1,1
1053,577,67,presentacion:66,1,MENUDEO,25,25,1,1
1054,577,638,presentacion:643,1,MENUDEO,5,5,1,1
1055,577,325,presentacion:332,1,MENUDEO,4,4,1,1
1056,577,664,presentacion:669,1,MENUDEO,9,9,1,1
1057,577,634,presentacion:639,1,MENUDEO,9,9,1,1
1058,577,281,presentacion:282,6.5,MENUDEO,16,104,1,6.5
1059,577,388,presentacion:397,1,MENUDEO,0.5,0.5,1,1
1060,577,147,presentacion:147,1,MENUDEO,96,96,1,1
1061,577,461,presentacion:467,1,MENUDEO,2,2,1,1
1062,577,592,presentacion:599,1,MENUDEO,0.5,0.5,1,1
1063,577,614,presentacion:617,2,MENUDEO,1,2,1,2
1064,577,64,presentacion:62,1,MENUDEO,45,45,1,1
1065,578,596,presentacion:754,10,MENUDEO,127,1270,1,10
1066,579,322,presentacion:328,1,MENUDEO,14,14,1,1
1067,580,991,presentacion:1045,100,MENUDEO,5,500,1,100
1068,581,284,presentacion:287,10,MENUDEO,25,250,1,10
1069,582,653,presentacion:658,1,MENUDEO,6,6,1,1
1070,583,4,presentacion:2,35,MENUDEO,230,8050,1,35
1071,584,987,presentacion:1035,1500,MENUDEO,3.9,5850,1,1500
1072,585,6,presentacion:5,2,MENUDEO,3700,7400,20,40
1073,586,5,presentacion:3,1,MENUDEO,4600,4600,40,40
1074,587,110,presentacion:109,4,MENUDEO,231,924,1,4
1075,588,5,presentacion:4,10,MENUDEO,115,1150,1,10
1076,588,8,presentacion:285,7,MENUDEO,90,630,1,7
1077,588,703,presentacion:844,3,MENUDEO,600,1800,1,3
1078,588,852,presentacion:892,1,MENUDEO,450,450,1,1
1079,588,697,presentacion:700,4,MENUDEO,142,568,1,4
1080,588,913,presentacion:954,1,MENUDEO,480,480,1,1
1081,589,1024,presentacion:1087,4,MENUDEO,100,400,1,4
1082,590,6,presentacion:1083,1,MENUDEO,3600,3600,20,20
1083,591,6,presentacion:6,10,MENUDEO,185,1850,1,10
1084,591,541,presentacion:546,1,MENUDEO,225,225,1,1
1085,591,778,presentacion:808,1,MENUDEO,210,210,1,1
1086,591,777,presentacion:807,1,MENUDEO,157.5,157.5,1,1
1087,591,900,presentacion:941,2,MENUDEO,16,32,1,2
1088,592,852,presentacion:892,2,MENUDEO,450,900,1,2
1089,592,633,presentacion:638,1,MENUDEO,195,195,1,1
1090,593,736,presentacion:742,2,MENUDEO,104,208,1,2
1091,594,703,presentacion:1038,2,MENUDEO,15000,30000,30,60
1092,595,699,presentacion:706,10,MENUDEO,118,1180,1,10
1093,596,5,presentacion:1089,2,MENUDEO,4300,8600,1,2
1094,597,5,presentacion:1089,2,MENUDEO,4300,8600,1,2
1095,598,913,presentacion:954,5,MENUDEO,480,2400,1,5
1096,599,12,presentacion:12,1,MENUDEO,52,52,1,1
1097,600,852,presentacion:892,2,MENUDEO,450,900,1,2
1098,601,823,presentacion:862,7,MENUDEO,33,231,1,7
1099,601,269,presentacion:270,2,MENUDEO,79,158,1,2
1100,601,93,presentacion:91,1,MENUDEO,13,13,1,1
1101,602,269,presentacion:270,1,MENUDEO,79,79,1,1
1102,602,112,presentacion:111,3,MENUDEO,5,15,1,3
1103,602,123,presentacion:122,1,MENUDEO,12,12,1,1
1104,603,703,presentacion:844,0.5,MENUDEO,600,300,1,0.5
1105,603,699,presentacion:706,6,MENUDEO,118,708,1,6
1106,604,703,presentacion:1038,1,MENUDEO,15000,15000,30,30
1107,605,874,presentacion:914,1,MENUDEO,72,72,1,1
1108,606,900,presentacion:941,2,MENUDEO,16,32,1,2
1109,606,8,presentacion:285,40,MENUDEO,90,3600,1,40
1110,607,6,presentacion:6,20,MENUDEO,185,3700,1,20
1111,608,596,presentacion:754,8,MENUDEO,127,1016,1,8
1112,608,594,presentacion:620,2,MENUDEO,226,452,1,2
1113,608,285,presentacion:288,50,MENUDEO,25,1250,1,50
1114,609,293,presentacion:301,5,MENUDEO,33,165,1,5
1115,609,294,presentacion:302,2,MENUDEO,52,104,1,2
1116,609,699,presentacion:705,1,MENUDEO,4700,4700,40,40
1117,610,1027,presentacion:1092,4,MENUDEO,42,168,1,4
1118,611,284,presentacion:287,20,MENUDEO,25,500,1,20
1119,612,669,presentacion:673,5,MENUDEO,9,45,1,5
1120,613,736,presentacion:742,1,MENUDEO,104,104,1,1
1121,614,76,presentacion:73,1,MENUDEO,49,49,1,1
1122,615,293,presentacion:301,1,MENUDEO,33,33,1,1
1123,615,294,presentacion:302,1,MENUDEO,52,52,1,1
1124,616,1016,presentacion:1076,1,MENUDEO,54,54,1,1
1125,617,6,presentacion:1083,1,MENUDEO,3600,3600,20,20
1126,618,780,presentacion:975,1,MENUDEO,3150,3150,7,7
1127,618,4,presentacion:2,7,MENUDEO,230,1610,1,7
1128,618,5,presentacion:4,6,MENUDEO,115,690,1,6
1129,618,1024,presentacion:1087,2.5,MENUDEO,100,250,1,2.5
1130,619,8,presentacion:285,15,MENUDEO,90,1350,1,15
1131,620,735,presentacion:741,2,MENUDEO,1950,3900,1,2
1132,621,735,presentacion:741,1,MENUDEO,1950,1950,1,1
1133,622,683,presentacion:687,3,MENUDEO,7,21,1,3
1134,622,284,presentacion:287,1,MENUDEO,25,25,1,1
1135,623,6,presentacion:1083,2,MENUDEO,3600,7200,20,40
1136,623,283,presentacion:286,40,MENUDEO,25,1000,1,40
1137,624,699,presentacion:706,2,MENUDEO,118,236,1,2
1138,624,698,presentacion:707,5,MENUDEO,190,950,1,5
1139,624,8,presentacion:285,2,MENUDEO,90,180,1,2
1140,625,1024,presentacion:1087,3,MENUDEO,100,300,1,3
1141,626,699,presentacion:706,3,MENUDEO,118,354,1,3
1142,627,979,presentacion:1025,10,MENUDEO,72,720,1,10
1143,628,907,presentacion:948,1,MENUDEO,48,48,1,1
1144,628,105,presentacion:104,1,MENUDEO,157,157,1,1
1145,628,849,presentacion:889,1,MENUDEO,46,46,1,1
1146,628,278,presentacion:279,1,MENUDEO,7,7,1,1
1147,628,327,presentacion:334,1,MENUDEO,5,5,1,1
1148,628,865,presentacion:905,1,MENUDEO,21,21,1,1
1149,628,532,presentacion:537,4,MENUDEO,2,8,1,4
1150,629,988,presentacion:1108,1,MENUDEO,3800,3800,1,1
1151,630,923,presentacion:964,1,MENUDEO,2000,2000,7,7
1152,631,596,presentacion:754,8,MENUDEO,127,1016,1,8
1153,631,733,presentacion:740,7,MENUDEO,250,1750,1,7
1154,631,5,presentacion:4,40,MENUDEO,115,4600,1,40
1155,632,913,presentacion:954,4,MENUDEO,480,1920,1,4
1156,633,902,presentacion:943,1,MENUDEO,15,15,1,1
1157,634,5,presentacion:4,40,MENUDEO,115,4600,1,40
1158,634,6,presentacion:6,20,MENUDEO,185,3700,1,20
1159,634,733,presentacion:740,1,MENUDEO,250,250,1,1
1160,634,293,presentacion:301,1,MENUDEO,37,37,1,1
1161,634,294,presentacion:302,1,MENUDEO,60,60,1,1
1162,635,703,presentacion:844,2,MENUDEO,600,1200,1,2
1163,636,987,presentacion:1110,1800,MENUDEO,3.8,6840,1,1800
1164,637,733,presentacion:740,4,MENUDEO,250,1000,1,4
1165,638,8,presentacion:285,10,MENUDEO,90,900,1,10
1166,638,699,presentacion:706,6,MENUDEO,118,708,1,6
1167,639,699,presentacion:705,1,MENUDEO,4700,4700,40,40
1168,640,5,presentacion:1089,2,MENUDEO,4300,8600,1,2
1169,641,906,presentacion:947,20,MENUDEO,25,500,1,20
1170,642,703,presentacion:844,2,MENUDEO,600,1200,1,2
1171,643,541,presentacion:546,2,MENUDEO,225,450,1,2
1172,644,913,presentacion:954,5,MENUDEO,480,2400,1,5
1173,645,6,presentacion:1083,1,MENUDEO,3600,3600,20,20
1174,645,5,presentacion:4,40,MENUDEO,115,4600,1,40
1175,646,987,presentacion:1035,1800,MENUDEO,3.9,7020,1,1800
1176,647,5,presentacion:4,40,MENUDEO,115,4600,1,40
1177,647,287,presentacion:290,50,MENUDEO,23,1150,1,50
1178,647,283,presentacion:286,50,MENUDEO,25,1250,1,50
1179,647,633,presentacion:638,4,MENUDEO,195,780,1,4
1180,647,786,presentacion:824,1,MENUDEO,43,43,1,1
1181,648,5,presentacion:4,40,MENUDEO,115,4600,1,40
1182,648,287,presentacion:290,50,MENUDEO,23,1150,1,50
1183,648,283,presentacion:286,50,MENUDEO,25,1250,1,50
1184,648,633,presentacion:638,2,MENUDEO,195,390,1,2
1185,648,786,presentacion:824,1,MENUDEO,43,43,1,1
1186,649,137,presentacion:137,1,MENUDEO,122,122,1,1
1187,650,669,presentacion:673,1,MENUDEO,9,9,1,1
1188,651,733,presentacion:740,10,MENUDEO,250,2500,1,10
1189,651,284,presentacion:287,2,MENUDEO,25,50,1,2
1190,652,797,presentacion:836,1,MENUDEO,145,145,1,1
1191,653,699,presentacion:706,4,MENUDEO,118,472,1,4
1192,653,284,presentacion:287,1,MENUDEO,25,25,1,1
1193,654,699,presentacion:705,1,MENUDEO,4700,4700,40,40
1194,654,6,presentacion:6,5,MENUDEO,185,925,1,5
1195,654,596,presentacion:754,6,MENUDEO,127,762,1,6
1196,655,703,presentacion:844,7,MENUDEO,600,4200,1,7
1197,656,6,presentacion:6,40,MENUDEO,185,7400,1,40
1198,657,913,presentacion:954,7,MENUDEO,480,3360,1,7
1199,658,959,presentacion:1004,2,MENUDEO,583,1166,1,2
1200,658,960,presentacion:1005,2,MENUDEO,34,68,1,2
1201,658,699,presentacion:706,10,MENUDEO,118,1180,1,10
1202,658,288,presentacion:291,3,MENUDEO,200,600,1,3
1203,659,5,presentacion:1089,2,MENUDEO,4300,8600,1,2
1204,660,6,presentacion:1083,1,MENUDEO,3600,3600,20,20
1205,661,999,presentacion:1057,1,MENUDEO,1380,1380,1,1
1206,661,944,presentacion:988,20,MENUDEO,7,140,1,20
1207,662,6,presentacion:6,10,MENUDEO,185,1850,1,10
1208,663,419,presentacion:1112,14,MENUDEO,1,14,1,14
1209,663,457,presentacion:464,14,MENUDEO,0.5,7,1,14
1210,663,618,presentacion:622,14,MENUDEO,0.5,7,1,14
1211,664,960,presentacion:1005,1,MENUDEO,34,34,1,1
1212,665,541,presentacion:546,2,MENUDEO,225,450,1,2
1213,666,960,presentacion:1005,3,MENUDEO,34,102,1,3
1214,667,5,presentacion:4,40,MENUDEO,115,4600,1,40
1215,668,6,presentacion:1083,1,MENUDEO,3600,3600,20,20
1216,668,283,presentacion:286,40,MENUDEO,25,1000,1,40
1217,668,287,presentacion:290,40,MENUDEO,23,920,1,40
1218,669,703,presentacion:844,1,MENUDEO,600,600,1,1
1219,669,852,presentacion:892,0.5,MENUDEO,450,225,1,0.5
1220,670,82,presentacion:80,1,MENUDEO,10,10,1,1
1221,670,112,presentacion:111,6,MENUDEO,5,30,1,6
1222,670,257,presentacion:259,2,MENUDEO,3,6,1,2
1223,670,269,presentacion:270,1,MENUDEO,79,79,1,1
1224,670,258,presentacion:258,6,MENUDEO,54,324,1,6
1225,670,698,presentacion:707,4,MENUDEO,190,760,1,4
1226,670,287,presentacion:290,14.5,MENUDEO,23,333.5,1,14.5
1227,670,301,presentacion:308,1,MENUDEO,16,16,1,1
1228,671,653,presentacion:658,1,MENUDEO,6,6,1,1
1229,672,987,presentacion:1035,1500,MENUDEO,3.9,5850,1,1500
1230,673,987,presentacion:1035,1800,MENUDEO,3.9,7020,1,1800
1231,674,703,presentacion:1038,3,MENUDEO,15000,45000,30,90
1232,675,987,presentacion:1035,1500,MENUDEO,3.9,5850,1,1500
1233,676,596,presentacion:754,10,MENUDEO,127,1270,1,10
1234,676,594,presentacion:620,1,MENUDEO,226,226,1,1
1235,677,699,presentacion:706,10,MENUDEO,118,1180,1,10
1236,678,287,presentacion:290,200,MENUDEO,23,4600,1,200
1237,679,733,presentacion:740,1,MENUDEO,250,250,1,1
1238,680,5,presentacion:4,40,MENUDEO,115,4600,1,40
1239,681,733,presentacion:740,30,MENUDEO,250,7500,1,30
1240,682,900,presentacion:941,2,MENUDEO,16,32,1,2
1241,683,5,presentacion:3,2,MENUDEO,4600,9200,40,80
1242,683,8,presentacion:285,40,MENUDEO,90,3600,1,40
1243,684,6,presentacion:1083,1,MENUDEO,3600,3600,20,20
1244,685,310,presentacion:317,4,MENUDEO,89,356,1,4
1245,685,311,presentacion:318,1,MENUDEO,18,18,1,1
1246,685,615,presentacion:618,3,MENUDEO,1,3,1,3
1247,685,592,presentacion:599,3,MENUDEO,0.5,1.5,1,3
1248,685,62,presentacion:63,1,MENUDEO,78,78,1,1
1249,685,985,presentacion:1031,1,MENUDEO,99,99,1,1
1250,685,786,presentacion:824,1,MENUDEO,43,43,1,1
1251,685,305,presentacion:312,3,MENUDEO,8,24,1,3
1252,685,772,presentacion:802,1,MENUDEO,330,330,1,1
1253,685,308,presentacion:315,1,MENUDEO,10,10,1,1
1254,685,303,presentacion:310,1,MENUDEO,8,8,1,1
1255,685,308,presentacion:315,2,MENUDEO,10,20,1,2
1256,685,305,presentacion:312,1,MENUDEO,8,8,1,1
1257,686,5,presentacion:4,6,MENUDEO,115,690,1,6
1258,687,736,presentacion:742,2,MENUDEO,104,208,1,2
1259,687,1039,presentacion:1107,2,MENUDEO,44,88,1,2
1260,688,287,presentacion:290,100,MENUDEO,23,2300,1,100
1261,688,5,presentacion:4,40,MENUDEO,115,4600,1,40
1262,688,703,presentacion:844,2,MENUDEO,600,1200,1,2
1263,689,699,presentacion:706,20,MENUDEO,118,2360,1,20
1264,689,8,presentacion:285,20,MENUDEO,90,1800,1,20
1265,690,5,presentacion:1089,2,MENUDEO,4300,8600,1,2
1266,691,288,presentacion:291,6,MENUDEO,200,1200,1,6
1267,691,5,presentacion:4,40,MENUDEO,115,4600,1,40
1268,691,287,presentacion:290,50,MENUDEO,23,1150,1,50
1269,691,244,presentacion:245,2,MENUDEO,11,22,1,2
1270,691,70,presentacion:68,2,MENUDEO,26,52,1,2
1271,692,5,presentacion:4,8,MENUDEO,115,920,1,8
1272,693,980,presentacion:1026,5,MENUDEO,95,475,1,5
1273,694,699,presentacion:705,2,MENUDEO,4700,9400,40,80
1274,694,6,presentacion:6,80,MENUDEO,185,14800,1,80
1275,695,852,presentacion:892,14,MENUDEO,450,6300,1,14
1276,695,703,presentacion:844,14,MENUDEO,600,8400,1,14
1277,696,8,presentacion:285,10,MENUDEO,90,900,1,10
1278,697,853,presentacion:1113,2,MENUDEO,14000,28000,1,2
1279,698,273,presentacion:274,1,MENUDEO,280,280,1,1
1280,699,6,presentacion:1083,1,MENUDEO,3600,3600,20,20
1281,699,283,presentacion:286,50,MENUDEO,25,1250,1,50
1282,699,287,presentacion:290,50,MENUDEO,23,1150,1,50
1283,699,284,presentacion:287,50,MENUDEO,25,1250,1,50
1284,700,8,presentacion:285,5,MENUDEO,90,450,1,5
1285,701,913,presentacion:1115,7,MENUDEO,450,3150,1,7
1286,702,68,presentacion:69,2,MENUDEO,58,116,1,2
1287,703,285,presentacion:288,50,MENUDEO,25,1250,1,50
1288,703,5,presentacion:4,40,MENUDEO,115,4600,1,40
1289,703,633,presentacion:638,3,MENUDEO,195,585,1,3
1290,703,786,presentacion:824,1,MENUDEO,43,43,1,1
1291,704,545,presentacion:550,1,MENUDEO,366,366,1,1
1292,704,733,presentacion:740,1,MENUDEO,250,250,1,1
1293,705,143,presentacion:143,1,MENUDEO,30,30,1,1
1294,705,18,presentacion:20,1,MENUDEO,46,46,1,1
1295,706,237,presentacion:238,1,MENUDEO,136,136,1,1
1296,706,171,presentacion:172,2,MENUDEO,8,16,1,2
1297,707,545,presentacion:550,1,MENUDEO,366,366,1,1
1298,708,5,presentacion:4,40,MENUDEO,115,4600,1,40
1299,708,6,presentacion:1083,1,MENUDEO,3600,3600,20,20
1300,709,703,presentacion:844,7,MENUDEO,600,4200,1,7
1301,710,913,presentacion:954,2,MENUDEO,480,960,1,2
1302,710,852,presentacion:892,1,MENUDEO,450,450,1,1
1303,710,703,presentacion:844,1,MENUDEO,600,600,1,1
1304,710,8,presentacion:285,8,MENUDEO,90,720,1,8
1305,710,5,presentacion:4,4,MENUDEO,115,460,1,4
1306,710,6,presentacion:6,3,MENUDEO,185,555,1,3
1307,710,1024,presentacion:1087,2.5,MENUDEO,100,250,1,2.5
1308,711,296,presentacion:304,1,MENUDEO,37,37,1,1
1309,711,294,presentacion:302,1,MENUDEO,60,60,1,1
1310,712,735,presentacion:741,1,MENUDEO,1950,1950,1,1
1311,713,111,presentacion:110,1,MENUDEO,23,23,1,1
1312,714,5,presentacion:4,40,MENUDEO,115,4600,1,40
1313,714,8,presentacion:285,40,MENUDEO,90,3600,1,40
1314,715,703,presentacion:844,5,MENUDEO,600,3000,1,5
1315,715,853,presentacion:893,2,MENUDEO,600,1200,1,2
1316,716,284,presentacion:287,10,MENUDEO,25,250,1,10
1317,717,923,presentacion:965,2,MENUDEO,300,600,1,2
1318,718,5,presentacion:4,40,MENUDEO,115,4600,1,40
1319,718,8,presentacion:285,40,MENUDEO,90,3600,1,40
1320,719,703,presentacion:844,7,MENUDEO,600,4200,1,7
1321,720,913,presentacion:1115,7,MENUDEO,450,3150,1,7
1322,721,6,presentacion:6,60,MENUDEO,185,11100,1,60
1323,721,5,presentacion:3,3,MENUDEO,4600,13800,40,120
1324,722,284,presentacion:287,100,MENUDEO,25,2500,1,100
1325,723,251,presentacion:253,2,MENUDEO,70,140,1,2
1326,723,646,presentacion:651,1,MENUDEO,17,17,1,1
1327,723,938,presentacion:982,1,MENUDEO,11,11,1,1
1328,723,639,presentacion:644,1,MENUDEO,9,9,1,1
1329,723,678,presentacion:682,1,MENUDEO,12.5,12.5,1,1
1330,723,638,presentacion:643,2,MENUDEO,5,10,1,2
1331,723,255,presentacion:256,1,MENUDEO,2,2,1,1
1332,724,169,presentacion:168,1,MENUDEO,103,103,1,1
1333,725,596,presentacion:1130,1,MENUDEO,18500,18500,150,150
1334,725,284,presentacion:1128,50,MENUDEO,24.5,1225,1,50
1335,725,1054,presentacion:1129,10,MENUDEO,65,650,1,10
1336,725,1055,presentacion:1133,16,MENUDEO,48,768,1,16
1337,725,287,presentacion:1132,96,MENUDEO,22.5,2160,1,96
1338,726,703,presentacion:844,7,MENUDEO,600,4200,1,7
1339,727,119,presentacion:119,1,MENUDEO,4,4,1,1
1340,728,125,presentacion:124,1,MENUDEO,122,122,1,1
1341,729,853,presentacion:1113,1,MENUDEO,14000,14000,1,1
1342,729,703,presentacion:1038,1,MENUDEO,15000,15000,30,30
1343,730,703,presentacion:711,1,MENUDEO,16000,16000,30,30
1344,731,1056,presentacion:1135,1,MENUDEO,3300,3300,1,1
1345,732,1056,presentacion:1136,1,MENUDEO,2200,2200,7,7
1346,732,1056,presentacion:1136,1,MENUDEO,2200,2200,7,7
1347,733,987,presentacion:1110,1500,MENUDEO,3.8,5700,1,1500
1348,734,596,presentacion:754,1,MENUDEO,127,127,1,1
1349,734,999,presentacion:1057,1,MENUDEO,1380,1380,1,1
1350,734,294,presentacion:302,1,MENUDEO,60,60,1,1
1351,735,735,presentacion:741,1,MENUDEO,1950,1950,1,1
1352,736,699,presentacion:705,1,MENUDEO,4700,4700,40,40
1353,737,5,presentacion:4,40,MENUDEO,115,4600,1,40
1354,737,6,presentacion:1083,1,MENUDEO,3600,3600,20,20
1355,737,283,presentacion:286,40,MENUDEO,25,1000,1,40
1356,738,699,presentacion:706,10,MENUDEO,118,1180,1,10
1357,739,703,presentacion:1038,1,MENUDEO,15000,15000,30,30
1358,740,287,presentacion:290,60,MENUDEO,23,1380,1,60
1359,741,1020,presentacion:1080,1,MENUDEO,51,51,1,1
1360,742,327,presentacion:334,1,MENUDEO,5,5,1,1
1361,742,325,presentacion:332,1,MENUDEO,4,4,1,1
1362,743,699,presentacion:706,3,MENUDEO,118,354,1,3
1363,744,897,presentacion:938,1,MENUDEO,34,34,1,1
1364,745,733,presentacion:740,6,MENUDEO,250,1500,1,6
1365,745,596,presentacion:754,2,MENUDEO,127,254,1,2
1366,746,289,presentacion:292,25,MENUDEO,320,8000,1,25
1367,747,281,presentacion:282,15,MENUDEO,16,240,1,15
1368,748,703,presentacion:844,5,MENUDEO,600,3000,1,5
1369,748,853,presentacion:893,2,MENUDEO,600,1200,1,2
1370,749,5,presentacion:4,40,MENUDEO,115,4600,1,40
1371,749,8,presentacion:285,40,MENUDEO,90,3600,1,40
1372,749,913,presentacion:1137,1,MENUDEO,3200,3200,7,7
1373,750,913,presentacion:954,7,MENUDEO,480,3360,1,7
1374,751,596,presentacion:754,10,MENUDEO,127,1270,1,10
1375,752,913,presentacion:954,7,MENUDEO,480,3360,1,7
1376,753,699,presentacion:706,20,MENUDEO,118,2360,1,20
1377,754,300,presentacion:307,4,MENUDEO,15,60,1,4
1378,755,699,presentacion:706,20,MENUDEO,118,2360,1,20
1379,755,8,presentacion:285,10,MENUDEO,90,900,1,10
1380,756,703,presentacion:844,7,MENUDEO,600,4200,1,7
1381,757,5,presentacion:3,1,MENUDEO,4600,4600,40,40
1382,758,1050,presentacion:1124,1,MENUDEO,95,95,1,1
1383,759,699,presentacion:705,1,MENUDEO,4700,4700,40,40
1384,759,780,presentacion:976,1,MENUDEO,450,450,1,1
1385,760,5,presentacion:1159,1,MENUDEO,4550,4550,40,40
1386,761,5,presentacion:4,6,MENUDEO,115,690,1,6
1387,762,987,presentacion:1035,1500,MENUDEO,3.9,5850,1,1500
1388,763,987,presentacion:1035,467,MENUDEO,3.9,1821.3,1,467
1389,764,5,presentacion:1159,1,MENUDEO,4550,4550,40,40
1390,765,703,presentacion:844,7,MENUDEO,600,4200,1,7
1391,766,6,presentacion:1083,1,MENUDEO,3600,3600,20,20
1392,767,228,presentacion:228,2,MENUDEO,1914,3828,1,2
1393,767,176,presentacion:175,2,MENUDEO,168,336,1,2
1394,767,329,presentacion:336,1,MENUDEO,299,299,1,1
1395,767,5,presentacion:1160,2,MENUDEO,4400,8800,40,80
1396,767,596,presentacion:1130,1,MENUDEO,18500,18500,150,150
1397,767,8,presentacion:285,5,MENUDEO,90,450,1,5
1398,768,699,presentacion:706,4,MENUDEO,118,472,1,4
1399,768,980,presentacion:1026,1,MENUDEO,95,95,1,1
1400,769,703,presentacion:1038,2,MENUDEO,15000,30000,30,60
1401,770,6,presentacion:1162,1,MENUDEO,3500,3500,20,20
1402,770,5,presentacion:1160,1,MENUDEO,4400,4400,40,40
1403,770,284,presentacion:1128,5,MENUDEO,24.5,122.5,1,5
1404,770,697,presentacion:700,6,MENUDEO,142,852,1,6
1405,771,111,presentacion:110,1,MENUDEO,23,23,1,1
1406,772,5,presentacion:4,7,MENUDEO,115,805,1,7
1407,773,5,presentacion:1160,1,MENUDEO,4400,4400,40,40
1408,773,6,presentacion:1162,1,MENUDEO,3500,3500,20,20
1409,774,1017,presentacion:1077,1,MENUDEO,60,60,2,2
1410,775,669,presentacion:673,5,MENUDEO,9,45,1,5
1411,776,979,presentacion:1025,36,MENUDEO,72,2592,1,36
1412,777,289,presentacion:292,6,MENUDEO,320,1920,1,6
1413,777,596,presentacion:754,5,MENUDEO,127,635,1,5
1414,778,1079,presentacion:1161,1,MENUDEO,115,115,1,1
1415,779,703,presentacion:844,7,MENUDEO,600,4200,1,7
1416,780,5,presentacion:4,40,MENUDEO,115,4600,1,40
1417,781,699,presentacion:706,20,MENUDEO,118,2360,1,20
1418,781,8,presentacion:285,20,MENUDEO,90,1800,1,20
1419,782,265,presentacion:264,1,MENUDEO,13,13,1,1
1420,783,244,presentacion:245,4,MENUDEO,11,44,1,4
1421,783,266,presentacion:268,2,MENUDEO,14,28,1,2
1422,783,171,presentacion:172,3,MENUDEO,8,24,1,3
1423,783,959,presentacion:1004,1,MENUDEO,583,583,1,1
1424,783,960,presentacion:1005,2,MENUDEO,34,68,1,2
1425,783,1029,presentacion:1094,1,MENUDEO,90,90,1,1
1426,783,633,presentacion:638,3,MENUDEO,195,585,1,3
1427,783,70,presentacion:68,8,MENUDEO,26,208,1,8
1428,783,261,presentacion:266,2,MENUDEO,19,38,1,2
1429,783,1080,presentacion:1163,2,MENUDEO,40,80,1,2
1430,783,269,presentacion:270,2,MENUDEO,79,158,1,2
1431,783,112,presentacion:111,10,MENUDEO,5,50,1,10
1432,783,152,presentacion:152,5,MENUDEO,5,25,1,5
1433,783,691,presentacion:1164,8,MENUDEO,13,104,1,8
1434,784,269,presentacion:270,2,MENUDEO,79,158,1,2
1435,785,699,presentacion:706,2,MENUDEO,118,236,1,2
1436,786,237,presentacion:238,1,MENUDEO,136,136,1,1
1437,787,735,presentacion:1165,15,MENUDEO,1900,28500,1,15
1438,788,853,presentacion:1113,1,MENUDEO,14000,14000,1,1
1439,789,853,presentacion:1113,1,MENUDEO,14000,14000,1,1
1440,790,765,presentacion:798,1,MENUDEO,1450,1450,1,1
1441,790,282,presentacion:283,1,MENUDEO,1450,1450,1,1
1442,790,767,presentacion:784,1,MENUDEO,2326,2326,1,1
1443,791,898,presentacion:939,1,MENUDEO,22,22,1,1
1444,792,703,presentacion:1038,1,MENUDEO,15000,15000,30,30
1445,793,699,presentacion:706,4,MENUDEO,118,472,1,4
1446,794,284,presentacion:287,2,MENUDEO,25,50,1,2
1447,794,264,presentacion:1098,2,MENUDEO,37,74,1,2
1448,795,5,presentacion:4,2,MENUDEO,115,230,1,2
1449,796,5,presentacion:4,40,MENUDEO,115,4600,1,40
1450,797,913,presentacion:954,1,MENUDEO,480,480,1,1
1451,797,703,presentacion:844,1,MENUDEO,600,600,1,1
1452,797,8,presentacion:285,6,MENUDEO,90,540,1,6
1453,797,5,presentacion:4,10,MENUDEO,115,1150,1,10
1454,797,852,presentacion:892,0.5,MENUDEO,450,225,1,0.5
1455,797,289,presentacion:292,1,MENUDEO,320,320,1,1
1456,798,287,presentacion:290,60,MENUDEO,23,1380,1,60
1457,799,1015,presentacion:1075,4,MENUDEO,182,728,1,4
1458,799,633,presentacion:638,4,MENUDEO,195,780,1,4
1459,799,289,presentacion:292,4,MENUDEO,320,1280,1,4
1460,799,596,presentacion:754,20,MENUDEO,127,2540,1,20
1461,800,780,presentacion:976,3,MENUDEO,450,1350,1,3
1462,801,1090,presentacion:1175,1,MENUDEO,365,365,1,1
1463,802,957,presentacion:1003,1,MENUDEO,2800,2800,14,14
1464,803,699,presentacion:706,2,MENUDEO,118,236,1,2
1465,804,703,presentacion:1038,2,MENUDEO,15000,30000,30,60
1466,805,8,presentacion:285,15,MENUDEO,90,1350,1,15
1467,805,699,presentacion:706,10,MENUDEO,118,1180,1,10
1468,805,733,presentacion:740,2,MENUDEO,250,500,1,2
1469,805,284,presentacion:287,2,MENUDEO,25,50,1,2
1470,805,294,presentacion:302,0.5,MENUDEO,60,30,1,0.5
1471,805,293,presentacion:301,0.5,MENUDEO,37,18.5,1,0.5
1472,805,703,presentacion:844,2,MENUDEO,600,1200,1,2
1473,805,852,presentacion:892,0.5,MENUDEO,450,225,1,0.5
1474,806,913,presentacion:954,5,MENUDEO,480,2400,1,5
1475,807,699,presentacion:706,6,MENUDEO,118,708,1,6
1476,807,852,presentacion:892,1,MENUDEO,450,450,1,1
1477,807,703,presentacion:844,1,MENUDEO,600,600,1,1
1478,807,284,presentacion:287,3,MENUDEO,25,75,1,3
1479,807,733,presentacion:740,4,MENUDEO,250,1000,1,4
1480,808,852,presentacion:892,3,MENUDEO,450,1350,1,3
1481,808,923,presentacion:964,1,MENUDEO,2000,2000,7,7
1482,808,596,presentacion:754,4,MENUDEO,127,508,1,4
1483,809,944,presentacion:988,20,MENUDEO,7,140,1,20
1484,810,699,presentacion:705,1,MENUDEO,4700,4700,40,40
1485,810,8,presentacion:285,40,MENUDEO,90,3600,1,40
1486,811,703,presentacion:844,1,MENUDEO,600,600,1,1
1487,811,852,presentacion:892,1,MENUDEO,450,450,1,1
1488,811,733,presentacion:740,7,MENUDEO,250,1750,1,7
1489,811,284,presentacion:287,5,MENUDEO,25,125,1,5
1490,812,957,presentacion:1003,1,MENUDEO,2800,2800,14,14
1491,813,699,presentacion:705,1,MENUDEO,4700,4700,40,40
1492,813,8,presentacion:285,20,MENUDEO,90,1800,1,20
1493,814,699,presentacion:706,10,MENUDEO,118,1180,1,10
1494,814,8,presentacion:285,10,MENUDEO,90,900,1,10
1495,814,697,presentacion:700,3,MENUDEO,142,426,1,3
1496,815,6,presentacion:6,20,MENUDEO,185,3700,1,20
1497,816,957,presentacion:1088,1,MENUDEO,1800,1800,7,7
1498,817,703,presentacion:844,1,MENUDEO,600,600,1,1
1499,817,852,presentacion:892,1,MENUDEO,450,450,1,1
1500,818,5,presentacion:1159,2,MENUDEO,4550,9100,40,80
1501,819,735,presentacion:741,5,MENUDEO,1950,9750,1,5
1502,820,703,presentacion:844,7,MENUDEO,600,4200,1,7
1503,821,957,presentacion:1185,4,MENUDEO,260,1040,1,4
1504,822,957,presentacion:1185,3,MENUDEO,260,780,1,3
1505,823,703,presentacion:844,3.5,MENUDEO,600,2100,1,3.5
1506,823,293,presentacion:301,5,MENUDEO,37,185,1,5
1507,823,294,presentacion:302,2,MENUDEO,60,120,1,2
1508,824,5,presentacion:4,20,MENUDEO,115,2300,1,20
1509,825,733,presentacion:740,4,MENUDEO,250,1000,1,4
1510,826,703,presentacion:1038,2,MENUDEO,15000,30000,30,60
1511,826,853,presentacion:1113,1,MENUDEO,14000,14000,1,1
1512,827,6,presentacion:6,40,MENUDEO,185,7400,1,40
1513,828,510,presentacion:517,1,MENUDEO,7,7,1,1
1514,829,699,presentacion:706,20,MENUDEO,118,2360,1,20
1515,830,703,presentacion:844,7,MENUDEO,600,4200,1,7
1516,831,8,presentacion:285,1,MENUDEO,90,90,1,1
1517,832,833,presentacion:873,1,MENUDEO,40,40,1,1
1518,832,669,presentacion:673,1,MENUDEO,9,9,1,1
1519,832,715,presentacion:723,1,MENUDEO,10,10,1,1
1520,833,8,presentacion:285,10,MENUDEO,90,900,1,10
1521,833,699,presentacion:706,20,MENUDEO,118,2360,1,20
1522,834,699,presentacion:706,10,MENUDEO,118,1180,1,10
1523,834,8,presentacion:285,10,MENUDEO,90,900,1,10
1524,835,289,presentacion:292,10,MENUDEO,320,3200,1,10
1525,835,913,presentacion:1115,7,MENUDEO,450,3150,1,7
1526,836,8,presentacion:285,2,MENUDEO,90,180,1,2
1527,837,173,presentacion:173,1,MENUDEO,35,35,1,1
1528,837,294,presentacion:302,0.5,MENUDEO,60,30,1,0.5
1529,838,703,presentacion:844,7,MENUDEO,600,4200,1,7
1530,839,699,presentacion:706,15,MENUDEO,118,1770,1,15
1531,840,699,presentacion:706,10,MENUDEO,118,1180,1,10
1532,841,669,presentacion:673,2,MENUDEO,9,18,1,2
1533,842,1056,presentacion:1136,1,MENUDEO,2200,2200,7,7
1534,843,699,presentacion:706,20,MENUDEO,118,2360,1,20
1535,844,980,presentacion:1026,2,MENUDEO,95,190,1,2
1536,845,1056,presentacion:1186,3.5,MENUDEO,315,1102.5,1,3.5
1537,846,237,presentacion:238,3,MENUDEO,136,408,1,3
1538,846,244,presentacion:245,3,MENUDEO,11,33,1,3
1539,846,70,presentacion:68,4,MENUDEO,26,104,1,4
1540,846,942,presentacion:986,1,MENUDEO,62,62,1,1
1541,847,8,presentacion:285,4,MENUDEO,90,360,1,4
1542,847,699,presentacion:706,4,MENUDEO,118,472,1,4
1543,848,735,presentacion:1165,1,MENUDEO,1900,1900,1,1
1544,849,733,presentacion:740,1,MENUDEO,250,250,1,1
1545,849,596,presentacion:754,1,MENUDEO,127,127,1,1
1546,849,913,presentacion:954,1,MENUDEO,480,480,1,1
1547,850,156,presentacion:157,1,MENUDEO,25,25,1,1
1548,850,188,presentacion:187,1,MENUDEO,10,10,1,1
1549,850,224,presentacion:223,1,MENUDEO,10,10,1,1
1550,850,261,presentacion:266,2,MENUDEO,19,38,1,2
1551,850,633,presentacion:638,1,MENUDEO,195,195,1,1
1552,850,633,presentacion:1187,2,MENUDEO,32.5,65,0.5,1
1553,851,1029,presentacion:1094,1,MENUDEO,90,90,1,1
1554,852,735,presentacion:1165,2,MENUDEO,1900,3800,1,2
1555,853,703,presentacion:844,7,MENUDEO,600,4200,1,7
1556,854,699,presentacion:706,3,MENUDEO,118,354,1,3
1557,855,699,presentacion:706,17,MENUDEO,118,2006,1,17
1558,856,335,presentacion:342,1,MENUDEO,50,50,1,1
1559,857,525,presentacion:530,2,MENUDEO,1,2,1,2
1560,857,125,presentacion:124,1,MENUDEO,122,122,1,1
1561,857,57,presentacion:297,1,MENUDEO,110,110,1,1
1562,857,313,presentacion:322,10,MENUDEO,0.5,5,1,10
1563,857,306,presentacion:313,1,MENUDEO,8,8,1,1
1564,857,877,presentacion:917,2,MENUDEO,47,94,1,2
1565,857,1050,presentacion:1124,1,MENUDEO,95,95,1,1
1566,857,669,presentacion:673,2,MENUDEO,9,18,1,2
1567,857,1046,presentacion:1120,1,MENUDEO,130,130,1,1
1568,857,621,presentacion:626,4,MENUDEO,0.5,2,1,4
1569,857,303,presentacion:310,2,MENUDEO,8,16,1,2
1570,857,537,presentacion:542,12,MENUDEO,0.5,6,1,12
1571,857,944,presentacion:988,1,MENUDEO,7,7,1,1
1572,857,302,presentacion:309,1,MENUDEO,19,19,1,1
1573,857,558,presentacion:555,4,MENUDEO,1,4,1,4
1574,857,1026,presentacion:1091,1,MENUDEO,38,38,1,1
1575,857,567,presentacion:573,1,MENUDEO,1,1,1,1
1576,857,599,presentacion:602,1,MENUDEO,2,2,1,1
1577,857,302,presentacion:309,1,MENUDEO,19,19,1,1
1578,857,388,presentacion:397,7,MENUDEO,0.5,3.5,1,7
1579,857,394,presentacion:402,1,MENUDEO,1,1,1,1
1580,857,803,presentacion:842,1,MENUDEO,74,74,1,1
1581,857,80,presentacion:81,1,MENUDEO,244,244,1,1
1582,857,62,presentacion:63,1,MENUDEO,78,78,1,1
1583,857,306,presentacion:313,3,MENUDEO,8,24,1,3
1584,857,639,presentacion:644,1,MENUDEO,9,9,1,1
1585,857,1026,presentacion:1091,1,MENUDEO,38,38,1,1
1586,857,306,presentacion:313,4,MENUDEO,8,32,1,4
1587,857,408,presentacion:416,1,MENUDEO,1,1,1,1
1588,857,1003,presentacion:1061,1,MENUDEO,34,34,1,1
1589,857,1051,presentacion:1125,1,MENUDEO,156,156,1,1
1590,857,713,presentacion:721,1,MENUDEO,356,356,1,1
1591,857,898,presentacion:939,1,MENUDEO,22,22,1,1
1592,857,487,presentacion:494,4,MENUDEO,5,20,1,4
1593,857,614,presentacion:617,8,MENUDEO,1,8,1,8
1594,857,605,presentacion:609,4,MENUDEO,1,4,1,4
1595,857,1098,presentacion:1183,1,MENUDEO,215,215,1,1
1596,857,1049,presentacion:1123,1,MENUDEO,228,228,1,1
1597,857,281,presentacion:282,1,MENUDEO,16,16,1,1
1598,857,1083,presentacion:1168,1,MENUDEO,68,68,1,1
1599,857,547,presentacion:553,1,MENUDEO,30,30,1,1
1600,857,1018,presentacion:1078,1,MENUDEO,58,58,1,1
1601,857,898,presentacion:939,1,MENUDEO,22,22,1,1
1602,858,82,presentacion:80,2,MENUDEO,10,20,1,2
1603,858,152,presentacion:152,4,MENUDEO,5,20,1,4
1604,858,942,presentacion:986,1,MENUDEO,62,62,1,1
1605,859,780,presentacion:975,1,MENUDEO,3150,3150,7,7
1606,859,913,presentacion:954,7,MENUDEO,480,3360,1,7
1607,859,8,presentacion:285,40,MENUDEO,90,3600,1,40
1608,859,699,presentacion:706,20,MENUDEO,118,2360,1,20
1609,860,923,presentacion:965,7,MENUDEO,300,2100,1,7
1610,861,853,presentacion:1113,1,MENUDEO,14000,14000,1,1
1611,862,733,presentacion:740,1,MENUDEO,250,250,1,1
1612,863,703,presentacion:844,7,MENUDEO,600,4200,1,7
1613,864,699,presentacion:706,20,MENUDEO,118,2360,1,20
1614,864,8,presentacion:285,20,MENUDEO,90,1800,1,20
1615,865,606,presentacion:610,8,MENUDEO,2,16,1,8
1616,865,508,presentacion:515,8,MENUDEO,7,56,1,8
1617,865,615,presentacion:618,8,MENUDEO,1,8,1,8
1618,865,624,presentacion:630,8,MENUDEO,0.5,4,1,8
1619,865,426,presentacion:433,2,MENUDEO,1,2,1,2
1620,865,619,presentacion:623,2,MENUDEO,0.5,1,1,2
1621,865,615,presentacion:618,3,MENUDEO,1,3,1,3
1622,865,537,presentacion:542,2,MENUDEO,0.5,1,1,2
1623,865,610,presentacion:614,2,MENUDEO,0.5,1,1,2
1624,865,857,presentacion:897,2,MENUDEO,13,26,1,2
1625,865,1010,presentacion:1069,2,MENUDEO,9,18,1,2
1626,865,859,presentacion:899,2,MENUDEO,17,34,1,2
1627,865,1067,presentacion:1147,2,MENUDEO,12,24,1,2
1628,866,273,presentacion:274,1,MENUDEO,280,280,1,1
1629,866,293,presentacion:301,1,MENUDEO,37,37,1,1
1630,866,214,presentacion:213,1,MENUDEO,43,43,1,1
1631,867,703,presentacion:1038,1,MENUDEO,15000,15000,30,30
1632,868,987,presentacion:1110,1500,MENUDEO,3.8,5700,1,1500
1633,869,733,presentacion:740,1,MENUDEO,250,250,1,1
1634,870,852,presentacion:892,1,MENUDEO,450,450,1,1
1635,870,703,presentacion:844,1,MENUDEO,600,600,1,1
1636,870,5,presentacion:4,20,MENUDEO,115,2300,1,20
1637,870,8,presentacion:285,20,MENUDEO,90,1800,1,20
1638,871,60,presentacion:59,2,MENUDEO,76,152,1,2
1639,871,58,presentacion:58,1,MENUDEO,57,57,1,1
1640,871,50,presentacion:49,1,MENUDEO,76,76,1,1
1641,872,273,presentacion:274,1,MENUDEO,280,280,1,1
1642,873,669,presentacion:673,4,MENUDEO,9,36,1,4
1643,873,736,presentacion:742,1,MENUDEO,104,104,1,1
1644,874,703,presentacion:711,1,MENUDEO,16000,16000,30,30
1645,875,703,presentacion:711,1,MENUDEO,16000,16000,30,30
1646,876,703,presentacion:711,1,MENUDEO,16000,16000,30,30
1647,877,5,presentacion:4,12,MENUDEO,115,1380,1,12
1648,877,900,presentacion:941,3,MENUDEO,16,48,1,3
1649,878,699,presentacion:706,6,MENUDEO,118,708,1,6
1650,878,8,presentacion:285,7,MENUDEO,90,630,1,7
1651,878,913,presentacion:954,1,MENUDEO,480,480,1,1
1652,879,703,presentacion:844,2,MENUDEO,600,1200,1,2
1653,880,703,presentacion:844,7,MENUDEO,600,4200,1,7
1654,881,7,presentacion:1191,1,MENUDEO,3500,3500,40,40
1655,881,1079,presentacion:1161,10,MENUDEO,115,1150,1,10
1656,882,1052,presentacion:1126,10,MENUDEO,9,90,1,10
1657,882,683,presentacion:687,1,MENUDEO,7,7,1,1
1658,883,5,presentacion:4,10,MENUDEO,115,1150,1,10
1659,884,1079,presentacion:1161,9,MENUDEO,115,1035,1,9
1660,884,6,presentacion:1162,0.5,MENUDEO,3500,1750,20,10
1661,884,5,presentacion:1160,0.5,MENUDEO,4400,2200,40,20
1662,885,7,presentacion:1192,12,MENUDEO,3300,39600,1,12
1663,886,7,presentacion:1192,8,MENUDEO,3300,26400,1,8
1664,887,699,presentacion:706,15,MENUDEO,118,1770,1,15
1665,888,683,presentacion:687,4,MENUDEO,7,28,1,4
1666,889,683,presentacion:687,3,MENUDEO,7,21,1,3
1667,890,699,presentacion:706,2,MENUDEO,118,236,1,2
1668,890,8,presentacion:285,1,MENUDEO,90,90,1,1
1669,891,5,presentacion:4,3,MENUDEO,115,345,1,3
1670,892,703,presentacion:844,0.5,MENUDEO,600,300,1,0.5
1671,892,852,presentacion:892,0.5,MENUDEO,450,225,1,0.5
1672,892,699,presentacion:706,3,MENUDEO,118,354,1,3
1673,893,1056,presentacion:1193,2,MENUDEO,345,690,1,2
1674,893,994,presentacion:1050,18,MENUDEO,56,1008,1,18
1675,894,683,presentacion:687,5,MENUDEO,7,35,1,5
1676,895,7,presentacion:1192,10,MENUDEO,3300,33000,1,10
1677,896,5,presentacion:4,40,MENUDEO,115,4600,1,40
1678,897,703,presentacion:844,7,MENUDEO,600,4200,1,7
1679,898,8,presentacion:285,10,MENUDEO,90,900,1,10
1680,898,699,presentacion:706,15,MENUDEO,118,1770,1,15
1681,899,699,presentacion:705,1,MENUDEO,4700,4700,40,40
1682,900,957,presentacion:1088,2,MENUDEO,1800,3600,7,14
1683,900,8,presentacion:285,4,MENUDEO,90,360,1,4
1684,900,703,presentacion:844,7,MENUDEO,600,4200,1,7
1685,900,596,presentacion:1130,3,MENUDEO,18500,55500,150,450
1686,900,284,presentacion:1128,100,MENUDEO,24.5,2450,1,100
1687,900,287,presentacion:1132,100,MENUDEO,22.5,2250,1,100
1688,900,852,presentacion:892,14,MENUDEO,450,6300,1,14
1689,901,703,presentacion:844,7,MENUDEO,600,4200,1,7
1690,902,913,presentacion:954,0.5,MENUDEO,480,240,1,0.5
1691,902,703,presentacion:844,0.5,MENUDEO,600,300,1,0.5
1692,902,852,presentacion:892,0.5,MENUDEO,450,225,1,0.5
1693,902,5,presentacion:4,10,MENUDEO,115,1150,1,10
1694,902,736,presentacion:742,1,MENUDEO,104,104,1,1
1695,902,596,presentacion:754,5,MENUDEO,127,635,1,5
1696,903,703,presentacion:844,1,MENUDEO,600,600,1,1
1697,903,5,presentacion:1160,0.5,MENUDEO,4400,2200,40,20
1698,903,7,presentacion:1191,0.5,MENUDEO,3500,1750,40,20
1699,904,5,presentacion:4,40,MENUDEO,115,4600,1,40
1700,904,283,presentacion:286,50,MENUDEO,25,1250,1,50
1701,905,703,presentacion:711,1,MENUDEO,16000,16000,30,30
1702,906,5,presentacion:3,2,MENUDEO,4600,9200,40,80
1703,906,7,presentacion:7,2,MENUDEO,3700,7400,40,80
1704,906,289,presentacion:292,30,MENUDEO,320,9600,1,30
1705,906,293,presentacion:301,4,MENUDEO,37,148,1,4
1706,907,7,presentacion:1192,8,MENUDEO,3300,26400,1,8
1707,908,5,presentacion:3,2,ESPECIAL,4550,9100,40,80
1708,909,5,presentacion:3,1.5,MENUDEO,4600,6900,40,60
1709,909,7,presentacion:8,20,MENUDEO,92.5,1850,1,20
1710,910,703,presentacion:844,7,MENUDEO,600,4200,1,7
1711,910,923,presentacion:965,1,MENUDEO,300,300,1,1
1712,911,703,presentacion:844,7,MENUDEO,600,4200,1,7
1713,912,699,presentacion:706,2,MENUDEO,118,236,1,2
1714,913,733,presentacion:740,15,MENUDEO,250,3750,1,15
1715,913,5,presentacion:4,20,MENUDEO,115,2300,1,20
1716,914,699,presentacion:706,9,MENUDEO,125,1125,1,9
1717,915,5,presentacion:3,3,MENUDEO,4600,13800,40,120
1718,916,596,presentacion:754,10,MENUDEO,127,1270,1,10
1719,916,287,presentacion:290,100,MENUDEO,23,2300,1,100
1720,916,284,presentacion:287,50,MENUDEO,25,1250,1,50
1721,917,699,presentacion:706,10,MENUDEO,125,1250,1,10
1722,917,8,presentacion:285,10,MENUDEO,90,900,1,10
1723,918,7,presentacion:7,2,MENUDEO,3700,7400,40,80
1724,919,913,presentacion:954,7,MENUDEO,480,3360,1,7
1725,919,703,presentacion:844,2,MENUDEO,600,1200,1,2
1726,919,7,presentacion:8,30,MENUDEO,92.5,2775,1,30
1727,919,8,presentacion:285,20,MENUDEO,90,1800,1,20
1728,919,284,presentacion:287,4,MENUDEO,25,100,1,4
1729,920,699,presentacion:706,6,MENUDEO,125,750,1,6
1730,920,913,presentacion:954,1,MENUDEO,480,480,1,1
1731,921,1091,presentacion:1176,1,MENUDEO,609,609,1,1
1732,921,295,presentacion:303,3,MENUDEO,37,111,1,3
1733,922,7,presentacion:8,40,MENUDEO,92.5,3700,1,40
1734,923,7,presentacion:1191,1.5,MENUDEO,3500,5250,40,60
1735,923,5,presentacion:1160,0.5,MENUDEO,4400,2200,40,20
1736,924,699,presentacion:706,20,MENUDEO,125,2500,1,20
1737,924,8,presentacion:285,20,MENUDEO,90,1800,1,20
1738,924,237,presentacion:238,3,MENUDEO,136,408,1,3
1739,924,260,presentacion:261,6,MENUDEO,11,66,1,6
1740,924,171,presentacion:172,6,MENUDEO,8,48,1,6
1741,924,1029,presentacion:1094,1,MENUDEO,90,90,1,1
1742,925,683,presentacion:687,2,MENUDEO,7,14,1,2
1743,925,284,presentacion:287,2,MENUDEO,25,50,1,2
1744,926,987,presentacion:1110,1800,MENUDEO,3.8,6840,1,1800
1745,926,987,presentacion:1110,1800,MENUDEO,3.8,6840,1,1800
1746,927,1056,presentacion:1135,1,MENUDEO,2400,2400,1,1
1747,927,994,presentacion:1050,28,MENUDEO,56,1568,1,28
1748,927,735,presentacion:741,1,MENUDEO,1950,1950,1,1
1749,928,852,presentacion:892,7,MENUDEO,450,3150,1,7
1750,929,7,presentacion:1043,0.5,MENUDEO,3600,1800,40,20
1751,930,237,presentacion:238,3,MENUDEO,136,408,1,3
1752,931,913,presentacion:954,7,MENUDEO,480,3360,1,7
1753,932,5,presentacion:4,2,MENUDEO,115,230,1,2
1754,932,744,presentacion:750,1,MENUDEO,31,31,1,1
1755,933,703,presentacion:844,7,MENUDEO,600,4200,1,7
1756,934,7,presentacion:1043,0.5,MENUDEO,3600,1800,40,20
1757,935,1056,presentacion:1193,1,MENUDEO,345,345,1,1
1758,936,874,presentacion:914,1,MENUDEO,72,72,1,1
1759,937,957,presentacion:1194,1,MENUDEO,5000,5000,30,30
1760,938,8,presentacion:285,20,MENUDEO,90,1800,1,20
1761,939,596,presentacion:754,15,MENUDEO,127,1905,1,15
1762,940,733,presentacion:740,7,MENUDEO,250,1750,1,7
1763,940,699,presentacion:705,1,MENUDEO,4950,4950,40,40
1764,940,284,presentacion:287,20,MENUDEO,25,500,1,20
1765,941,7,presentacion:1043,1.5,MENUDEO,3600,5400,40,60
1766,941,5,presentacion:4,20,MENUDEO,115,2300,1,20
1767,942,735,presentacion:1165,1,MENUDEO,1900,1900,1,1
1768,943,1054,presentacion:1129,3,MENUDEO,65,195,1,3
1769,943,297,presentacion:305,3,MENUDEO,60,180,1,3
1770,943,294,presentacion:302,3,MENUDEO,60,180,1,3
1771,944,699,presentacion:706,5,MENUDEO,125,625,1,5
1772,944,8,presentacion:285,5,MENUDEO,90,450,1,5
1773,945,294,presentacion:302,1,MENUDEO,60,60,1,1
1774,945,295,presentacion:303,3,MENUDEO,37,111,1,3
1775,946,5,presentacion:3,1,MENUDEO,4600,4600,40,40
1776,947,699,presentacion:705,1,MENUDEO,4950,4950,40,40
1777,948,683,presentacion:687,3,MENUDEO,7,21,1,3
1778,949,596,presentacion:753,1,MENUDEO,19000,19000,1,1
1779,949,284,presentacion:287,50,MENUDEO,25,1250,1,50
1780,949,5,presentacion:3,2,MENUDEO,4600,9200,40,80
1781,949,293,presentacion:301,5,MENUDEO,37,185,1,5
1782,949,294,presentacion:302,2,MENUDEO,60,120,1,2
1783,949,1107,presentacion:1198,50,MENUDEO,25,1250,1,50
1784,949,703,presentacion:844,5,MENUDEO,600,3000,1,5
1785,949,853,presentacion:893,2,MENUDEO,600,1200,1,2
1786,950,913,presentacion:954,0.5,MENUDEO,480,240,1,0.5
1787,950,703,presentacion:844,1,MENUDEO,600,600,1,1
1788,950,7,presentacion:8,8,MENUDEO,92.5,740,1,8
1789,951,283,presentacion:286,50,MENUDEO,25,1250,1,50
1790,952,7,presentacion:1191,1,MENUDEO,3500,3500,40,40
1791,953,176,presentacion:175,3,MENUDEO,168,504,1,3
1792,954,913,presentacion:954,1,MENUDEO,480,480,1,1
1793,954,852,presentacion:892,0.5,MENUDEO,450,225,1,0.5
1794,954,699,presentacion:706,3,MENUDEO,125,375,1,3
1795,955,293,presentacion:301,2,MENUDEO,37,74,1,2
1796,955,295,presentacion:303,1,MENUDEO,37,37,1,1
1797,956,913,presentacion:1201,1,MENUDEO,14000,14000,14,14
1798,957,633,presentacion:638,3,MENUDEO,195,585,1,3
1799,957,70,presentacion:68,1,MENUDEO,31,31,1,1
1800,957,1113,presentacion:1207,3,MENUDEO,25,75,1,3
1801,957,1029,presentacion:1094,1,MENUDEO,90,90,1,1
1802,957,286,presentacion:289,50,MENUDEO,25,1250,1,50
1803,957,156,presentacion:157,2,MENUDEO,25,50,1,2
1804,958,8,presentacion:285,30,MENUDEO,90,2700,1,30
1805,959,852,presentacion:892,7,MENUDEO,450,3150,1,7
1806,960,5,presentacion:4,1,MENUDEO,115,115,1,1
1807,961,957,presentacion:1194,1,MENUDEO,5000,5000,30,30
1808,962,594,presentacion:620,10,MENUDEO,226,2260,1,10
1809,962,289,presentacion:292,12,MENUDEO,320,3840,1,12
1810,963,7,presentacion:8,1,MENUDEO,92.5,92.5,1,1
1811,964,699,presentacion:706,10,MENUDEO,125,1250,1,10
1812,965,957,presentacion:1088,1,MENUDEO,1800,1800,7,7
1813,966,957,presentacion:1088,1,MENUDEO,1800,1800,7,7
1814,967,7,presentacion:1043,1,MENUDEO,3600,3600,40,40
1815,968,699,presentacion:706,10,MENUDEO,125,1250,1,10
1816,968,8,presentacion:285,4,MENUDEO,90,360,1,4
1817,968,883,presentacion:923,1,MENUDEO,115,115,1,1
1818,969,781,presentacion:818,15,MENUDEO,86,1290,1,15
1819,970,980,presentacion:1026,7,MENUDEO,95,665,1,7
1820,971,5,presentacion:3,1,MENUDEO,4600,4600,40,40
1821,972,5,presentacion:1159,2,MENUDEO,4550,9100,40,80
1822,973,913,presentacion:954,7,MENUDEO,480,3360,1,7
1823,974,957,presentacion:1194,1,MENUDEO,5000,5000,30,30
1824,975,957,presentacion:1194,1,MENUDEO,5000,5000,30,30
1825,976,957,presentacion:1194,1,MENUDEO,5000,5000,30,30
1826,977,957,presentacion:1194,1,MENUDEO,5000,5000,30,30
1827,978,957,presentacion:1194,1,MENUDEO,5000,5000,30,30
1828,979,5,presentacion:3,1,MENUDEO,4600,4600,40,40
1829,980,957,presentacion:1194,1,MENUDEO,5000,5000,30,30
1830,981,957,presentacion:1194,1,MENUDEO,5000,5000,30,30
1831,982,957,presentacion:1194,1,MENUDEO,5000,5000,30,30
1832,983,957,presentacion:1194,1,MENUDEO,5000,5000,30,30
1833,984,957,presentacion:1194,1,MENUDEO,5000,5000,30,30
1834,985,957,presentacion:1194,1,MENUDEO,5000,5000,30,30
1835,986,957,presentacion:1194,1,MENUDEO,5000,5000,30,30
1836,987,703,presentacion:844,4,MENUDEO,600,2400,1,4
1837,987,853,presentacion:893,3,MENUDEO,600,1800,1,3
1838,988,7,presentacion:1043,1,MENUDEO,3600,3600,40,40
1839,989,884,presentacion:924,1,MENUDEO,150,150,1,1
1840,989,886,presentacion:925,1,MENUDEO,150,150,1,1
1841,990,29,presentacion:28,1,MENUDEO,1677,1677,1,1
1842,991,285,presentacion:288,27,MENUDEO,25,675,1,27
1843,992,5,presentacion:1160,1,MENUDEO,4500,4500,40,40
1844,992,6,presentacion:1162,1,MENUDEO,3600,3600,20,20
1845,993,913,presentacion:1115,7,MENUDEO,450,3150,1,7
1846,994,596,presentacion:754,10,MENUDEO,130,1300,1,10
1847,994,699,presentacion:705,1,MENUDEO,4950,4950,40,40
1848,994,8,presentacion:9,1,MENUDEO,3600,3600,40,40
1849,994,733,presentacion:740,5,MENUDEO,250,1250,1,5
1850,994,293,presentacion:301,2,MENUDEO,37,74,1,2
1851,994,294,presentacion:302,2,MENUDEO,60,120,1,2
1852,995,703,presentacion:844,7,MENUDEO,600,4200,1,7
1853,996,5,presentacion:1208,1,MENUDEO,4600,4600,40,40
1854,997,5,presentacion:1208,1,MENUDEO,4600,4600,40,40
1855,998,898,presentacion:939,3,MENUDEO,22,66,1,3
1856,998,116,presentacion:114,1,MENUDEO,72,72,1,1
1857,998,313,presentacion:322,2,MENUDEO,0.5,1,1,2
1858,998,602,presentacion:606,1,MENUDEO,0.5,0.5,1,1
1859,998,313,presentacion:322,5,MENUDEO,0.5,2.5,1,5
1860,998,1049,presentacion:1123,1,MENUDEO,228,228,1,1
1861,998,785,presentacion:823,1,MENUDEO,30,30,1,1
1862,998,557,presentacion:569,1,MENUDEO,37,37,1,1
1863,998,704,presentacion:712,1,MENUDEO,34,34,1,1
1864,998,151,presentacion:151,1,MENUDEO,139,139,1,1
1865,998,832,presentacion:872,1,MENUDEO,218,218,1,1
1866,998,1101,presentacion:1188,3,MENUDEO,29,87,1,3
1867,998,1026,presentacion:1091,1,MENUDEO,38,38,1,1
1868,998,120,presentacion:118,1,MENUDEO,168,168,1,1
1869,998,612,presentacion:615,2,MENUDEO,1,2,1,2
1870,998,603,presentacion:607,2,MENUDEO,0.5,1,1,2
1871,998,442,presentacion:449,2,MENUDEO,2.5,5,1,2
1872,998,665,presentacion:670,1,MENUDEO,23,23,1,1
1873,998,442,presentacion:449,1,MENUDEO,2.5,2.5,1,1
1874,998,1103,presentacion:1190,2,MENUDEO,9,18,1,2
1875,998,592,presentacion:599,8,MENUDEO,0.5,4,1,8
1876,998,613,presentacion:616,16,MENUDEO,1,16,1,16
1877,998,408,presentacion:416,1,MENUDEO,1,1,1,1
1878,998,455,presentacion:462,8,MENUDEO,2,16,1,8
1879,998,683,presentacion:687,1,MENUDEO,7,7,1,1
1880,998,125,presentacion:124,1,MENUDEO,122,122,1,1
1881,998,557,presentacion:569,1,MENUDEO,37,37,1,1
1882,998,491,presentacion:498,1,MENUDEO,2,2,1,1
1883,998,612,presentacion:615,1,MENUDEO,1,1,1,1
1884,998,406,presentacion:414,1,MENUDEO,1,1,1,1
1885,998,406,presentacion:414,1,MENUDEO,1,1,1,1
1886,999,781,presentacion:818,7,MENUDEO,86,602,1,7
1887,1000,781,presentacion:818,20,MENUDEO,86,1720,1,20
1888,1001,957,presentacion:1194,1,MENUDEO,5000,5000,30,30
1889,1002,957,presentacion:1194,1,MENUDEO,5000,5000,30,30
1890,1003,957,presentacion:1194,1,MAYOREO,5000,5000,30,30
1891,1004,957,presentacion:1194,1,MENUDEO,5000,5000,30,30
1892,1005,957,presentacion:1194,1,MENUDEO,5000,5000,30,30
1893,1006,913,presentacion:954,1,MENUDEO,480,480,1,1
1894,1006,8,presentacion:285,5,MENUDEO,90,450,1,5
1895,1007,733,presentacion:740,12,MENUDEO,250,3000,1,12
1896,1008,699,presentacion:706,10,MENUDEO,125,1250,1,10
1897,1009,913,presentacion:954,7,MENUDEO,480,3360,1,7
1898,1009,733,presentacion:740,2,MENUDEO,250,500,1,2
1899,1010,957,presentacion:1194,1,MENUDEO,5000,5000,30,30
1900,1011,941,presentacion:985,2,MENUDEO,57,114,1,2
1901,1012,1056,presentacion:1193,1,MENUDEO,345,345,1,1
1902,1013,852,presentacion:1209,7,MENUDEO,383,2681,1,7
1903,1014,987,presentacion:1035,1500,MENUDEO,4,6000,1,1500
1904,1015,5,presentacion:1208,1.5,MENUDEO,4600,6900,40,60
1905,1015,283,presentacion:286,50,MENUDEO,25,1250,1,50
1906,1016,1053,presentacion:1127,2,MENUDEO,7,14,1,2
1907,1017,294,presentacion:302,1,MENUDEO,60,60,1,1
1908,1018,733,presentacion:740,12,MENUDEO,250,3000,1,12
1909,1019,1056,presentacion:1193,2,MENUDEO,345,690,1,2
1910,1020,293,presentacion:301,3,MENUDEO,37,111,1,3
1911,1020,880,presentacion:920,1,MENUDEO,21,21,1,1
1912,1021,852,presentacion:892,1.5,MENUDEO,450,675,1,1.5
1913,1021,699,presentacion:706,10,MENUDEO,125,1250,1,10
1914,1022,699,presentacion:706,10,MENUDEO,125,1250,1,10
1915,1023,5,presentacion:3,1,MENUDEO,4700,4700,40,40
1916,1023,6,presentacion:5,1,MENUDEO,3800,3800,20,20
1917,1023,289,presentacion:292,20,MENUDEO,320,6400,1,20
1918,1024,284,presentacion:1128,50,MENUDEO,24.5,1225,1,50
1919,1025,8,presentacion:285,15,MENUDEO,90,1350,1,15
1920,1026,5,presentacion:3,1,MENUDEO,4700,4700,40,40
1921,1027,5,presentacion:4,2,MENUDEO,118,236,1,2
1922,1028,913,presentacion:954,7,MENUDEO,480,3360,1,7
1923,1028,285,presentacion:288,50,MENUDEO,25,1250,1,50
1924,1029,235,presentacion:235,1,MENUDEO,75,75,1,1
1925,1029,163,presentacion:163,2,MENUDEO,19,38,1,2
1926,1030,8,presentacion:285,40,MENUDEO,90,3600,1,40
1927,1031,5,presentacion:1208,1,MENUDEO,4600,4600,40,40
1928,1031,6,presentacion:1083,1,MENUDEO,3600,3600,20,20
1929,1031,283,presentacion:286,50,MENUDEO,25,1250,1,50
1930,1032,913,presentacion:1201,1,MENUDEO,14000,14000,14,14
1931,1033,735,presentacion:1165,2,MENUDEO,1900,3800,1,2
1932,1034,683,presentacion:687,2,MENUDEO,7,14,1,2
1933,1035,781,presentacion:818,25,MENUDEO,88,2200,1,25
1934,1036,1053,presentacion:1127,2,MENUDEO,7,14,1,2
1935,1037,923,presentacion:964,1,MENUDEO,2000,2000,7,7
1936,1037,8,presentacion:9,1,MENUDEO,3600,3600,40,40
1937,1037,699,presentacion:705,1,MENUDEO,4950,4950,40,40
1938,1037,852,presentacion:892,1,MENUDEO,450,450,1,1
1939,1038,803,presentacion:842,1,MENUDEO,74,74,1,1
1940,1039,596,presentacion:1210,1,MENUDEO,19500,19500,150,150
1941,1039,735,presentacion:741,1,MENUDEO,1950,1950,1,1
1942,1040,995,presentacion:1051,13,MENUDEO,56,728,1,13
1943,1041,699,presentacion:706,5,MENUDEO,125,625,1,5
1944,1042,6,presentacion:1162,1,MENUDEO,3600,3600,20,20
1945,1042,703,presentacion:844,14,MENUDEO,600,8400,1,14
1946,1042,596,presentacion:1130,2,MENUDEO,19000,38000,150,300
1947,1042,852,presentacion:1203,1,MENUDEO,11500,11500,30,30
1948,1043,209,presentacion:210,3,MENUDEO,37,111,1,3
1949,1043,153,presentacion:154,2,MENUDEO,35,70,1,2
1950,1043,313,presentacion:322,2,MENUDEO,0.5,1,1,2
1951,1043,735,presentacion:741,1,MENUDEO,1950,1950,1,1
1952,1044,6,presentacion:1083,1,MENUDEO,3600,3600,20,20
1953,1045,8,presentacion:285,20,MENUDEO,90,1800,1,20
1954,1045,5,presentacion:4,10,MENUDEO,118,1180,1,10
1955,1046,699,presentacion:706,10,MENUDEO,125,1250,1,10
1956,1046,8,presentacion:285,20,MENUDEO,90,1800,1,20
1957,1047,5,presentacion:1160,0.5,MENUDEO,4500,2250,40,20
1958,1048,5,presentacion:4,3,MENUDEO,118,354,1,3
1959,1049,897,presentacion:938,1,MENUDEO,34,34,1,1
1960,1049,683,presentacion:687,2,MENUDEO,7,14,1,2
1961,1050,148,presentacion:148,1,MENUDEO,80,80,1,1
1962,1051,957,presentacion:1213,1,MENUDEO,2500,2500,14,14
1963,1052,5,presentacion:1160,1,MENUDEO,4500,4500,40,40
1964,1052,6,presentacion:1162,2,MENUDEO,3600,7200,20,40
1965,1053,1107,presentacion:1198,30.5,MENUDEO,25,762.5,1,30.5
1966,1054,5,presentacion:1159,2,MENUDEO,4650,9300,40,80
1967,1055,6,presentacion:5,1,MENUDEO,3800,3800,20,20
1968,1056,913,presentacion:1115,7,MENUDEO,500,3500,1,7
1969,1056,923,presentacion:965,7,MENUDEO,300,2100,1,7
1970,1057,703,presentacion:844,7,MENUDEO,600,4200,1,7
1971,1057,923,presentacion:965,7,MENUDEO,300,2100,1,7
1972,1057,6,presentacion:5,1,MENUDEO,3800,3800,20,20
1973,1058,1024,presentacion:1087,1.5,MENUDEO,100,150,1,1.5
1974,1059,699,presentacion:705,0.5,MENUDEO,4950,2475,40,20
1975,1059,8,presentacion:285,40,MENUDEO,90,3600,1,40
1976,1059,913,presentacion:1215,7,MENUDEO,480,3360,1,7
1977,1059,284,presentacion:287,1,MENUDEO,25,25,1,1
1978,1059,733,presentacion:740,10,MENUDEO,250,2500,1,10
1979,1060,5,presentacion:1208,1,MENUDEO,4600,4600,40,40
1980,1060,6,presentacion:1083,1,MENUDEO,3600,3600,20,20
1981,1060,297,presentacion:305,3,MENUDEO,60,180,1,3
1982,1061,1049,presentacion:1123,1,MENUDEO,228,228,1,1
1983,1062,913,presentacion:954,1,MENUDEO,530,530,1,1
1984,1062,703,presentacion:844,1,MENUDEO,600,600,1,1
1985,1062,852,presentacion:892,1,MENUDEO,450,450,1,1
1986,1062,699,presentacion:706,4,MENUDEO,125,500,1,4
1987,1062,8,presentacion:285,2,MENUDEO,90,180,1,2
1988,1062,733,presentacion:740,2,MENUDEO,250,500,1,2
1989,1062,780,presentacion:976,1,MENUDEO,450,450,1,1
1990,1063,780,presentacion:811,1,MENUDEO,8100,8100,14,14
1991,1064,633,presentacion:638,1,MENUDEO,195,195,1,1
1992,1064,70,presentacion:68,4,MENUDEO,35,140,1,4
1993,1064,942,presentacion:986,1,MENUDEO,62,62,1,1
1994,1065,5,presentacion:4,4,MENUDEO,118,472,1,4
1995,1065,8,presentacion:285,3,MENUDEO,90,270,1,3
1996,1066,284,presentacion:287,46,MENUDEO,25,1150,1,46
1997,1066,110,presentacion:109,2,MENUDEO,231,462,1,2
1998,1067,6,presentacion:1083,1,MENUDEO,3600,3600,20,20
1999,1067,5,presentacion:1208,1,MENUDEO,4600,4600,40,40
2000,1068,309,presentacion:316,1,MENUDEO,8,8,1,1
2001,1069,703,presentacion:1084,1,MENUDEO,4200,4200,7,7
2002,1069,1024,presentacion:1087,3,MENUDEO,100,300,1,3
2003,1070,1047,presentacion:1121,1,MENUDEO,100,100,1,1
2004,1070,1046,presentacion:1120,1,MENUDEO,130,130,1,1
2005,1071,284,presentacion:287,40,MENUDEO,25,1000,1,40
2006,1071,287,presentacion:290,25,MENUDEO,23,575,1,25
2007,1072,980,presentacion:1026,6,MENUDEO,95,570,1,6
2008,1073,633,presentacion:638,40,MENUDEO,180,7200,1,40
2009,1073,237,presentacion:238,40,MENUDEO,130,5200,1,40
2010,1073,171,presentacion:172,20,MENUDEO,7,140,1,20
2011,1073,188,presentacion:187,20,MENUDEO,11,220,1,20
2012,1073,1116,presentacion:1218,20,MENUDEO,219,4380,1,20
2013,1073,1117,presentacion:1219,20,MENUDEO,128,2560,1,20
2014,1073,1118,presentacion:1220,10,MENUDEO,11,110,1,10
2015,1073,260,presentacion:261,20,MENUDEO,11,220,1,20
2016,1073,1119,presentacion:1221,15,MENUDEO,15,225,1,15
2017,1073,83,presentacion:82,15,MENUDEO,14,210,1,15
2018,1073,190,presentacion:192,15,MENUDEO,11,165,1,15
2019,1073,41,presentacion:41,15,MENUDEO,8,120,1,15
2020,1073,1109,presentacion:1200,2,MENUDEO,139,278,1,2
2021,1073,993,presentacion:1216,2,MENUDEO,1150,2300,1,2
2022,1073,992,presentacion:1217,2,MENUDEO,720,1440,1,2
2023,1074,284,presentacion:287,30,MENUDEO,25,750,1,30
2024,1075,5,presentacion:3,3,MENUDEO,4700,14100,40,120
2025,1075,261,presentacion:266,2,MENUDEO,19,38,1,2
2026,1075,633,presentacion:638,3,MENUDEO,180,540,1,3
2027,1076,8,presentacion:285,30,MENUDEO,90,2700,1,30
2028,1076,5,presentacion:4,30,MENUDEO,118,3540,1,30
2029,1076,1024,presentacion:1087,1.5,MENUDEO,100,150,1,1.5
2030,1077,669,presentacion:673,10,MENUDEO,9,90,1,10
2031,1077,776,presentacion:806,2,MENUDEO,72,144,1,2
2032,1077,736,presentacion:742,1,MENUDEO,104,104,1,1
2033,1078,7,presentacion:1043,1,MENUDEO,3600,3600,40,40
2034,1079,6,presentacion:6,9,MENUDEO,190,1710,1,9
2035,1080,5,presentacion:1208,1,MENUDEO,4600,4600,40,40
2036,1081,5,presentacion:1160,0.5,MENUDEO,4500,2250,40,20
2037,1082,6,presentacion:1162,1,MENUDEO,3600,3600,20,20
2038,1082,780,presentacion:975,1,MENUDEO,3150,3150,7,7
2039,1083,5,presentacion:3,1,MENUDEO,4700,4700,40,40
2040,1084,6,presentacion:1162,1,MENUDEO,3600,3600,20,20
2041,1084,5,presentacion:1160,1,MENUDEO,4500,4500,40,40
2042,1084,287,presentacion:1132,20,MENUDEO,22.5,450,1,20
2043,1084,284,presentacion:1128,10,MENUDEO,24.5,245,1,10
2044,1085,176,presentacion:175,1,MENUDEO,168,168,1,1
2045,1086,699,presentacion:706,20,MENUDEO,125,2500,1,20
2046,1086,8,presentacion:285,5,MENUDEO,90,450,1,5
2047,1087,278,presentacion:279,47,MENUDEO,7,329,1,47
2048,1087,265,presentacion:264,19,MENUDEO,13,247,1,19
2049,1087,294,presentacion:302,10,MENUDEO,60,600,1,10
2050,1088,846,presentacion:886,1,MENUDEO,158,158,1,1
2051,1089,733,presentacion:740,7,MENUDEO,250,1750,1,7
2052,1090,8,presentacion:285,30,MENUDEO,90,2700,1,30
2053,1090,1029,presentacion:1094,1,MENUDEO,90,90,1,1
2054,1091,287,presentacion:290,150,MENUDEO,23,3450,1,150
2055,1091,284,presentacion:287,100,MENUDEO,25,2500,1,100
2056,1091,980,presentacion:1026,10,MENUDEO,95,950,1,10
2057,1092,567,presentacion:573,101,MENUDEO,1,101,1,101
2058,1093,567,presentacion:573,100,MENUDEO,1,100,1,100
2059,1094,163,presentacion:163,2,MENUDEO,19,38,1,2
2060,1094,1037,presentacion:1105,2,MENUDEO,57,114,1,2
2061,1094,1050,presentacion:1124,1,MENUDEO,95,95,1,1
2062,1095,780,presentacion:976,3,MENUDEO,450,1350,1,3
2063,1095,913,presentacion:954,2,MENUDEO,530,1060,1,2
2064,1095,733,presentacion:740,2,MENUDEO,250,500,1,2
2065,1096,5,presentacion:1208,1,MENUDEO,4600,4600,40,40
2066,1097,572,presentacion:578,2,MENUDEO,9.5,19,1,2
2067,1098,6,presentacion:6,29,MENUDEO,190,5510,1,29
2068,1099,735,presentacion:741,1,MENUDEO,1950,1950,1,1
2069,1100,237,presentacion:238,1,MENUDEO,130,130,1,1
2070,1100,171,presentacion:172,2,MENUDEO,7,14,1,2
2071,1100,942,presentacion:986,1,MENUDEO,62,62,1,1
2072,1101,703,presentacion:844,1,MENUDEO,600,600,1,1
2073,1101,852,presentacion:892,1,MENUDEO,450,450,1,1
2074,1101,4,presentacion:2,10,MENUDEO,230,2300,1,10
2075,1102,703,presentacion:844,4,MENUDEO,600,2400,1,4
2076,1102,853,presentacion:893,3,MENUDEO,600,1800,1,3
2077,1103,781,presentacion:818,20,MENUDEO,88,1760,1,20
2078,1103,703,presentacion:844,1,MENUDEO,600,600,1,1
2079,1103,4,presentacion:1222,0.5,MENUDEO,3500,1750,1,0.5
2080,1104,781,presentacion:818,50,MENUDEO,88,4400,1,50
2081,1105,1056,presentacion:1193,2,MENUDEO,345,690,1,2
2082,1106,287,presentacion:1132,100,MENUDEO,22.5,2250,1,100
2083,1106,284,presentacion:1128,50,MENUDEO,24.5,1225,1,50
2084,1106,596,presentacion:1130,1,MENUDEO,19000,19000,150,150
2085,1107,833,presentacion:873,3,MENUDEO,40,120,1,3
2086,1107,302,presentacion:309,3,MENUDEO,19,57,1,3
2087,1108,945,presentacion:989,5,MENUDEO,550,2750,1,5
2088,1108,670,presentacion:674,10,MENUDEO,18,180,1,10
2089,1108,1116,presentacion:1218,20,MENUDEO,219,4380,1,20
2090,1108,1117,presentacion:1219,20,MENUDEO,128,2560,1,20
2091,1108,85,presentacion:84,10,MENUDEO,7,70,1,10
2092,1108,1119,presentacion:1221,30,MENUDEO,15,450,1,30
2093,1108,83,presentacion:82,50,MENUDEO,14,700,1,50
2094,1108,41,presentacion:41,13,MENUDEO,8,104,1,13
2095,1108,190,presentacion:192,15,MENUDEO,11,165,1,15
2096,1108,971,presentacion:1017,50,MENUDEO,0.5,25,1,50
2097,1108,664,presentacion:669,10,MENUDEO,9,90,1,10
2098,1108,678,presentacion:682,10,MENUDEO,12.5,125,1,10
2099,1109,156,presentacion:157,11,MENUDEO,25,275,1,11
2100,1110,1098,presentacion:1183,1,MENUDEO,215,215,1,1
2101,1111,293,presentacion:301,7,MENUDEO,37,259,1,7
2102,1112,703,presentacion:844,7,MENUDEO,600,4200,1,7
2103,1113,883,presentacion:923,10,MENUDEO,115,1150,1,10
2104,1113,1014,presentacion:1073,6,MENUDEO,97,582,1,6
2105,1114,5,presentacion:3,1,MENUDEO,4700,4700,40,40
2106,1114,7,presentacion:7,1,MENUDEO,3800,3800,40,40
2107,1115,4,presentacion:2,11,MENUDEO,235,2585,1,11
2108,1116,1120,presentacion:1223,14,MENUDEO,370,5180,1,14
2109,1117,883,presentacion:923,9,MENUDEO,115,1035,1,9
2110,1118,1121,presentacion:1224,5,MENUDEO,62,310,1,5
2111,1118,1122,presentacion:1225,10,MENUDEO,35,350,1,10
2112,1118,41,presentacion:41,7,MENUDEO,11,77,1,7
2113,1118,992,presentacion:1217,3,MENUDEO,720,2160,1,3
2114,1118,993,presentacion:1216,2,MENUDEO,1150,2300,1,2
2115,1118,1123,presentacion:1226,15,MENUDEO,8,120,1,15
2116,1118,156,presentacion:157,9,MENUDEO,25,225,1,9
2117,1118,634,presentacion:639,15,MENUDEO,9,135,1,15
2118,1118,680,presentacion:684,15,MENUDEO,13,195,1,15
2119,1118,296,presentacion:304,4,MENUDEO,37,148,1,4
2120,1119,594,presentacion:620,2,MENUDEO,232,464,1,2
2121,1119,596,presentacion:754,1,MENUDEO,130,130,1,1
2122,1119,780,presentacion:976,1,MENUDEO,450,450,1,1
2123,1120,5,presentacion:4,6,MENUDEO,118,708,1,6
2124,1120,7,presentacion:8,6,MENUDEO,95,570,1,6
2125,1121,110,presentacion:109,1,MENUDEO,231,231,1,1
2126,1122,923,presentacion:964,1,MENUDEO,2000,2000,7,7
2127,1123,5,presentacion:4,20,MENUDEO,118,2360,1,20
2128,1123,289,presentacion:292,15,MENUDEO,320,4800,1,15
2129,1124,699,presentacion:706,20,MENUDEO,125,2500,1,20
2130,1125,5,presentacion:1208,1,MENUDEO,4600,4600,40,40
2131,1125,7,presentacion:1043,1,MENUDEO,3600,3600,40,40
2132,1126,284,presentacion:287,1,MENUDEO,25,25,1,1
2133,1127,913,presentacion:954,2,MENUDEO,530,1060,1,2
2134,1127,1024,presentacion:1087,1.5,MENUDEO,100,150,1,1.5
2135,1128,781,presentacion:818,20,MENUDEO,88,1760,1,20
2136,1129,171,presentacion:172,4,MENUDEO,7,28,1,4
2137,1129,260,presentacion:261,6,MENUDEO,11,66,1,6
2138,1129,233,presentacion:234,1,MENUDEO,10,10,1,1
2139,1130,8,presentacion:285,10,MENUDEO,90,900,1,10
2140,1130,5,presentacion:4,10,MENUDEO,118,1180,1,10
2141,1130,780,presentacion:976,3,MENUDEO,450,1350,1,3
2142,1130,913,presentacion:954,1,MENUDEO,530,530,1,1
2143,1131,913,presentacion:954,0.5,MENUDEO,530,265,1,0.5
2144,1131,1036,presentacion:1104,1,MENUDEO,80,80,1,1
2145,1132,5,presentacion:4,6,MENUDEO,118,708,1,6
2146,1133,852,presentacion:1203,1,MENUDEO,11500,11500,30,30
2147,1134,852,presentacion:1203,1,MENUDEO,11500,11500,30,30
2148,1135,852,presentacion:1203,1,MENUDEO,11500,11500,30,30
2149,1136,703,presentacion:711,1,MENUDEO,16000,16000,30,30
2150,1137,852,presentacion:1203,1,MENUDEO,11500,11500,30,30
2151,1138,587,presentacion:593,1,MENUDEO,0.56,0.56,1,1
2152,1138,375,presentacion:383,1,MENUDEO,1,1,1,1
2153,1138,1103,presentacion:1190,2,MENUDEO,9,18,1,2
2154,1138,614,presentacion:617,2,MENUDEO,1,2,1,2
2155,1138,302,presentacion:309,1,MENUDEO,19,19,1,1
2156,1138,460,presentacion:468,2,MENUDEO,0.5,1,1,2
2157,1138,623,presentacion:628,4,MENUDEO,0.5,2,1,4
2158,1138,785,presentacion:823,1,MENUDEO,30,30,1,1
2159,1138,639,presentacion:644,1,MENUDEO,9,9,1,1
2160,1138,603,presentacion:607,1,MENUDEO,0.5,0.5,1,1
2161,1138,546,presentacion:552,2,MENUDEO,1,2,1,2
2162,1138,1046,presentacion:1120,1,MENUDEO,130,130,1,1
2163,1138,803,presentacion:842,1,MENUDEO,74,74,1,1
2164,1138,1101,presentacion:1188,3,MENUDEO,29,87,1,3
2165,1138,281,presentacion:282,10,MENUDEO,16,160,1,10
2166,1138,909,presentacion:950,1,MENUDEO,114,114,1,1
2167,1138,313,presentacion:322,11,MENUDEO,0.5,5.5,1,11
2168,1138,325,presentacion:332,1,MENUDEO,4,4,1,1
2169,1138,785,presentacion:823,1,MENUDEO,30,30,1,1
2170,1138,325,presentacion:332,1,MENUDEO,4,4,1,1
2171,1138,121,presentacion:120,1,MENUDEO,168,168,1,1
2172,1138,1103,presentacion:1190,1,MENUDEO,9,9,1,1
2173,1138,316,presentacion:323,1,MENUDEO,7,7,1,1
2174,1138,1125,presentacion:1227,1,MENUDEO,146,146,1,1
2175,1138,1081,presentacion:1166,1,MENUDEO,173,173,1,1
2176,1138,605,presentacion:609,1,MENUDEO,1,1,1,1
2177,1138,494,presentacion:501,1,MENUDEO,7,7,1,1
2178,1139,883,presentacion:923,3,MENUDEO,115,345,1,3
2179,1139,284,presentacion:287,4,MENUDEO,25,100,1,4
2180,1140,781,presentacion:818,30,MENUDEO,88,2640,1,30
2181,1141,852,presentacion:1203,1,MENUDEO,11500,11500,30,30
2182,1142,852,presentacion:1203,1,MENUDEO,11500,11500,30,30
2183,1143,852,presentacion:1203,1,MENUDEO,11500,11500,30,30
2184,1144,852,presentacion:1203,1,MENUDEO,11500,11500,30,30
2185,1145,852,presentacion:1203,1,MENUDEO,11500,11500,30,30
2186,1146,703,presentacion:1084,1,MENUDEO,4200,4200,7,7
2187,1147,883,presentacion:923,5,MENUDEO,115,575,1,5
2188,1148,4,presentacion:2,3,MENUDEO,235,705,1,3
2189,1149,959,presentacion:1004,4,MENUDEO,583,2332,1,4
2190,1149,27,presentacion:26,5,MENUDEO,58,290,1,5
2191,1149,960,presentacion:1005,2,MENUDEO,34,68,1,2
2192,1149,942,presentacion:986,1,MENUDEO,62,62,1,1
2193,1150,7,presentacion:1043,1,MENUDEO,3600,3600,40,40
2194,1151,7,presentacion:1043,1,MENUDEO,3600,3600,40,40
2195,1152,5,presentacion:1160,0.5,MENUDEO,4500,2250,40,20
2196,1153,5,presentacion:1160,1,MENUDEO,4500,4500,40,40
2197,1153,7,presentacion:1191,1,MENUDEO,3600,3600,40,40
2198,1153,287,presentacion:1132,20,MENUDEO,22.5,450,1,20
2199,1153,284,presentacion:1128,10,MENUDEO,24.5,245,1,10
2200,1153,596,presentacion:754,15,MENUDEO,130,1950,1,15
2201,1154,981,presentacion:1027,3,MENUDEO,80,240,1,3
2202,1154,284,presentacion:287,4,MENUDEO,25,100,1,4
2203,1155,9,presentacion:16,3,MENUDEO,37,111,1,3
2204,1155,141,presentacion:141,1,MENUDEO,30,30,1,1
2205,1155,119,presentacion:119,1,MENUDEO,8,8,1,1
2206,1155,250,presentacion:251,10,MENUDEO,5,50,1,10
2207,1155,72,presentacion:70,4,MENUDEO,8,32,1,4
2208,1155,232,presentacion:1033,1,MENUDEO,20,20,1,1
2209,1156,987,presentacion:1035,3600,MENUDEO,4,14400,1,3600
2210,1157,987,presentacion:1035,1800,MENUDEO,4,7200,1,1800
2211,1158,645,presentacion:650,4,MENUDEO,5.5,22,1,4
2212,1159,883,presentacion:923,5,MENUDEO,115,575,1,5
2213,1160,699,presentacion:706,10,MENUDEO,125,1250,1,10
2214,1160,900,presentacion:941,1,MENUDEO,17,17,1,1
2215,1161,791,presentacion:829,2,MENUDEO,65,130,1,2
2216,1161,189,presentacion:189,20,MENUDEO,3,60,1,20
2217,1161,294,presentacion:302,7,MENUDEO,60,420,1,7
2218,1162,232,presentacion:232,2,MENUDEO,117,234,1,2
2219,1162,232,presentacion:1033,10,MENUDEO,20,200,1,10
2220,1163,703,presentacion:844,3.5,MENUDEO,600,2100,1,3.5
2221,1164,736,presentacion:742,1,MENUDEO,104,104,1,1
2222,1165,5,presentacion:1208,1,MENUDEO,4600,4600,40,40
2223,1165,7,presentacion:1043,1,MENUDEO,3600,3600,40,40
2224,1165,278,presentacion:279,50,MENUDEO,8,400,1,50
2225,1166,5,presentacion:1159,2,MENUDEO,4650,9300,40,80
2226,1167,7,presentacion:7,1,MENUDEO,3800,3800,40,40
2227,1168,596,presentacion:1130,2,MENUDEO,19000,38000,150,300
2228,1168,284,presentacion:1128,100,MENUDEO,24.5,2450,1,100
2229,1168,287,presentacion:1132,100,MENUDEO,22.5,2250,1,100
2230,1169,9,presentacion:16,2,MENUDEO,37,74,1,2
2231,1170,703,presentacion:844,1.5,MENUDEO,600,900,1,1.5
2232,1170,852,presentacion:892,1,MENUDEO,450,450,1,1
2233,1170,5,presentacion:4,6,MENUDEO,118,708,1,6
2234,1171,703,presentacion:711,1,MENUDEO,16000,16000,30,30
2235,1172,5,presentacion:3,1,MENUDEO,4700,4700,40,40
2236,1173,913,presentacion:954,7,MENUDEO,530,3710,1,7
2237,1174,286,presentacion:289,45,MENUDEO,25,1125,1,45
2238,1174,1024,presentacion:1087,1.5,MENUDEO,100,150,1,1.5
2239,1175,1024,presentacion:1087,0.5,MENUDEO,100,50,1,0.5
2240,1176,304,presentacion:311,1,MENUDEO,18,18,1,1
2241,1177,913,presentacion:954,0.5,MENUDEO,530,265,1,0.5
2242,1177,699,presentacion:706,5,MENUDEO,125,625,1,5
2243,1177,8,presentacion:285,5,MENUDEO,90,450,1,5
2244,1178,852,presentacion:1203,1,MENUDEO,11500,11500,30,30
2245,1179,148,presentacion:148,1,MENUDEO,80,80,1,1
2246,1180,699,presentacion:705,1,MENUDEO,4950,4950,40,40
2247,1180,8,presentacion:9,1,MENUDEO,3600,3600,40,40
2248,1181,669,presentacion:673,10,MENUDEO,9,90,1,10
2249,1182,699,presentacion:706,4,MENUDEO,125,500,1,4
2250,1182,8,presentacion:285,4,MENUDEO,90,360,1,4
2251,1183,980,presentacion:1026,1,MENUDEO,98,98,1,1
2252,1184,780,presentacion:1234,1,MENUDEO,3000,3000,7,7
2253,1185,5,presentacion:1235,5,MENUDEO,4600,23000,40,200
2254,1185,7,presentacion:1236,5,MENUDEO,3600,18000,40,200
2255,1186,1109,presentacion:1200,1,MENUDEO,139,139,1,1
2256,1186,294,presentacion:302,1,MENUDEO,60,60,1,1
2257,1186,293,presentacion:301,5,MENUDEO,37,185,1,5
2258,1186,284,presentacion:287,20,MENUDEO,25,500,1,20
2259,1186,188,presentacion:187,4,MENUDEO,11,44,1,4
2260,1187,987,presentacion:1110,1500,MENUDEO,3.9,5850,1,1500
2261,1187,987,presentacion:1110,1500,MENUDEO,3.9,5850,1,1500
2262,1188,1132,presentacion:1237,1,MENUDEO,8500,8500,30,30
2263,1189,1132,presentacion:1237,1,MENUDEO,8500,8500,30,30
2264,1190,1132,presentacion:1237,1,MENUDEO,8500,8500,30,30
2265,1191,1132,presentacion:1237,1,MENUDEO,8500,8500,30,30
2266,1192,1132,presentacion:1237,1,MENUDEO,8500,8500,30,30
2267,1193,7,presentacion:1043,2,MENUDEO,3600,7200,40,80
2268,1194,699,presentacion:706,6,MENUDEO,125,750,1,6
2269,1194,5,presentacion:4,1,MENUDEO,118,118,1,1
2270,1195,781,presentacion:818,20,MENUDEO,88,1760,1,20
2271,1196,694,presentacion:698,44,MENUDEO,42,1848,1,44
2272,1196,1133,presentacion:1238,6,MENUDEO,44,264,1,6
2273,1196,1130,presentacion:1232,3,MENUDEO,30,90,1,3
2274,1196,1131,presentacion:1233,7,MENUDEO,30,210,1,7
2275,1196,1129,presentacion:1231,3,MENUDEO,16,48,1,3
2276,1196,302,presentacion:309,2,MENUDEO,19,38,1,2
2277,1196,325,presentacion:332,2,MENUDEO,4,8,1,2
2278,1197,5,presentacion:3,4,MENUDEO,4700,18800,40,160
2279,1198,5,presentacion:3,1,MENUDEO,4700,4700,40,40
2280,1199,703,presentacion:1084,1,MENUDEO,4200,4200,7,7
2281,1200,987,presentacion:1035,1000,MENUDEO,4,4000,1,1000
2282,1201,8,presentacion:285,10,MENUDEO,90,900,1,10
2283,1201,880,presentacion:920,3,MENUDEO,21,63,1,3
2284,1202,883,presentacion:923,2,MENUDEO,115,230,1,2
2285,1203,5,presentacion:3,1,MENUDEO,4700,4700,40,40
2286,1203,8,presentacion:9,1,MENUDEO,3600,3600,40,40
2287,1204,7,presentacion:1043,1,MENUDEO,3600,3600,40,40
2288,1204,7,presentacion:1043,1,MENUDEO,3600,3600,40,40
2289,1205,5,presentacion:1208,1,MENUDEO,4600,4600,40,40
2290,1205,7,presentacion:1043,1,MENUDEO,3600,3600,40,40
2291,1206,803,presentacion:842,1,MENUDEO,74,74,1,1
2292,1207,5,presentacion:1240,2,MENUDEO,4350,8700,40,80
2293,1208,230,presentacion:230,1,MENUDEO,13,13,1,1
2294,1208,236,presentacion:236,2,MENUDEO,16,32,1,2
2295,1209,1050,presentacion:1124,1,MENUDEO,95,95,1,1
2296,1210,6,presentacion:5,1,MENUDEO,3800,3800,20,20
2297,1210,7,presentacion:7,1,MENUDEO,3800,3800,40,40
2298,1211,780,presentacion:976,1,MENUDEO,450,450,1,1
2299,1211,594,presentacion:620,3,MENUDEO,232,696,1,3
2300,1211,596,presentacion:754,1,MENUDEO,130,130,1,1
2301,1212,284,presentacion:287,3,MENUDEO,25,75,1,3
2302,1213,7,presentacion:1043,2,MENUDEO,3600,7200,40,80
2303,1214,278,presentacion:279,50,MENUDEO,8,400,1,50
2304,1214,294,presentacion:302,5,MENUDEO,60,300,1,5
2305,1215,780,presentacion:976,0.5,MENUDEO,450,225,1,0.5
2306,1216,780,presentacion:976,0.5,MENUDEO,450,225,1,0.5
2307,1217,913,presentacion:954,1,MENUDEO,530,530,1,1
2308,1217,780,presentacion:976,1,MENUDEO,450,450,1,1
2309,1217,8,presentacion:285,6,MENUDEO,90,540,1,6
2310,1217,5,presentacion:4,4,MENUDEO,118,472,1,4
2311,1218,594,presentacion:620,10,MENUDEO,232,2320,1,10
2312,1219,1028,presentacion:1093,1,MENUDEO,148,148,1,1
2313,1220,8,presentacion:9,2,MENUDEO,3600,7200,40,80
2314,1220,987,presentacion:1042,2,MENUDEO,4000,8000,1000,2000
2315,1220,703,presentacion:844,4,MENUDEO,600,2400,1,4
2316,1221,653,presentacion:658,1,MENUDEO,6,6,1,1
2317,1222,736,presentacion:742,1,MENUDEO,104,104,1,1
2318,1223,683,presentacion:687,10,MENUDEO,7,70,1,10
2319,1224,923,presentacion:1249,1,MENUDEO,4000,4000,14,14
2320,1225,669,presentacion:673,10,MENUDEO,9,90,1,10
2321,1225,1052,presentacion:1126,1,MENUDEO,9,9,1,1
2322,1226,1141,presentacion:1250,1,MENUDEO,4700,4700,40,40
2323,1227,1141,presentacion:1255,2,MENUDEO,4650,9300,40,80
2324,1228,1052,presentacion:1126,2,MENUDEO,9,18,1,2
2325,1229,981,presentacion:1027,40,MENUDEO,80,3200,1,40
2326,1230,703,presentacion:844,3.5,MENUDEO,600,2100,1,3.5
2327,1230,1141,presentacion:1251,12,MENUDEO,118,1416,1,12
2328,1231,7,presentacion:1043,1,MENUDEO,3600,3600,40,40
2329,1232,286,presentacion:289,105,MENUDEO,25,2625,1,105
2330,1232,1107,presentacion:1198,22,MENUDEO,25,550,1,22
2331,1232,283,presentacion:286,10,MENUDEO,25,250,1,10
2332,1232,284,presentacion:287,50,MENUDEO,25,1250,1,50
2333,1232,1141,presentacion:1250,2,MENUDEO,4700,9400,40,80
2334,1232,8,presentacion:285,10,MENUDEO,90,900,1,10
2335,1232,188,presentacion:187,2,MENUDEO,11,22,1,2
2336,1233,287,presentacion:1132,100,MENUDEO,22.5,2250,1,100
2337,1233,284,presentacion:1128,50,MENUDEO,24.5,1225,1,50
2338,1233,596,presentacion:1130,0.5,MENUDEO,19000,9500,150,75
2339,1234,287,presentacion:290,20,MENUDEO,23,460,1,20
2340,1234,284,presentacion:1128,10,MENUDEO,24.5,245,1,10
2341,1234,596,presentacion:754,10,MENUDEO,130,1300,1,10
2342,1235,1141,presentacion:1252,0.5,MENUDEO,4500,2250,40,20
2343,1235,735,presentacion:741,1,MENUDEO,1950,1950,1,1
2344,1236,781,presentacion:818,25,MENUDEO,88,2200,1,25
2345,1237,1141,presentacion:1254,2,MENUDEO,4600,9200,40,80
2346,1237,7,presentacion:1043,1,MENUDEO,3600,3600,40,40
2347,1238,1141,presentacion:1250,1,MENUDEO,4700,4700,40,40
2348,1239,703,presentacion:844,7,MENUDEO,600,4200,1,7
2349,1240,703,presentacion:844,2,MENUDEO,600,1200,1,2
2350,1240,852,presentacion:892,1,MENUDEO,450,450,1,1
2351,1240,1141,presentacion:1251,10,MENUDEO,118,1180,1,10
2352,1241,703,presentacion:1084,1,MENUDEO,4200,4200,7,7
2353,1241,913,presentacion:1115,7,MENUDEO,500,3500,1,7
2354,1242,1133,presentacion:1238,5,MENUDEO,44,220,1,5
2355,1242,669,presentacion:673,10,MENUDEO,9,90,1,10
2356,1243,6,presentacion:5,1,MENUDEO,3800,3800,20,20
2357,1244,1141,presentacion:1255,2,MENUDEO,4650,9300,40,80
2358,1244,980,presentacion:1026,10,MENUDEO,98,980,1,10
2359,1245,1141,presentacion:1251,15,MENUDEO,118,1770,1,15
2360,1245,8,presentacion:285,2,MENUDEO,90,180,1,2
2361,1245,545,presentacion:550,1,MENUDEO,366,366,1,1
2362,1245,733,presentacion:740,2,MENUDEO,294,588,1,2
2363,1246,980,presentacion:1026,50,MENUDEO,98,4900,1,50
2364,1247,7,presentacion:1043,2,MENUDEO,3600,7200,40,80
2365,1248,7,presentacion:1043,1,MENUDEO,3600,3600,40,40
2366,1249,703,presentacion:844,1,MENUDEO,600,600,1,1
2367,1250,669,presentacion:673,10,MENUDEO,9,90,1,10
2368,1251,1114,presentacion:1211,1,MENUDEO,100,100,1,1
2369,1252,703,presentacion:844,1.5,MENUDEO,600,900,1,1.5
2370,1252,913,presentacion:954,1,MENUDEO,530,530,1,1
2371,1252,852,presentacion:892,0.5,MENUDEO,450,225,1,0.5
2372,1252,1024,presentacion:1087,2,MENUDEO,100,200,1,2
2373,1253,1141,presentacion:1251,10,MENUDEO,118,1180,1,10
2374,1253,852,presentacion:892,0.5,MENUDEO,450,225,1,0.5
2375,1254,780,presentacion:975,1,MENUDEO,3150,3150,7,7
2376,1254,923,presentacion:964,1,MENUDEO,2000,2000,7,7
2377,1255,733,presentacion:740,5,MENUDEO,294,1470,1,5
2378,1256,1053,presentacion:1127,2,MENUDEO,7,14,1,2
2379,1257,981,presentacion:1027,20,MENUDEO,83,1660,1,20
2380,1258,942,presentacion:986,1,MENUDEO,62,62,1,1
2381,1259,951,presentacion:995,1,MENUDEO,49,49,1,1
2382,1260,1141,presentacion:1250,1,MENUDEO,4700,4700,40,40
2383,1260,596,presentacion:754,2,MENUDEO,130,260,1,2
2384,1261,7,presentacion:1043,1,MENUDEO,3600,3600,40,40
2385,1262,1141,presentacion:1255,2,MENUDEO,4650,9300,40,80
2386,1263,7,presentacion:1043,2,MENUDEO,3600,7200,40,80
2387,1264,669,presentacion:673,10,MENUDEO,9,90,1,10
2388,1264,1101,presentacion:1188,1,MENUDEO,29,29,1,1
2389,1265,1141,presentacion:1252,0.5,MENUDEO,4500,2250,40,20
2390,1265,7,presentacion:1191,1,MENUDEO,3600,3600,40,40
2391,1265,284,presentacion:1128,3,MENUDEO,24.5,73.5,1,3
2392,1265,923,presentacion:965,3,MENUDEO,300,900,1,3
2393,1265,852,presentacion:892,1,MENUDEO,450,450,1,1
2394,1265,697,presentacion:700,4,MENUDEO,142,568,1,4
2395,1266,780,presentacion:976,1,MENUDEO,450,450,1,1
2396,1266,1141,presentacion:1251,5,MENUDEO,118,590,1,5
2397,1267,6,presentacion:1162,1,MENUDEO,3600,3600,20,20
2398,1267,1141,presentacion:1252,1,MENUDEO,4500,4500,40,40
2399,1267,596,presentacion:754,10,MENUDEO,130,1300,1,10
2400,1267,287,presentacion:1132,30,MENUDEO,22.5,675,1,30
2401,1267,284,presentacion:1128,10,MENUDEO,24.5,245,1,10
2402,1268,992,presentacion:1217,1,MENUDEO,720,720,1,1
2403,1268,209,presentacion:210,3,MENUDEO,37,111,1,3
2404,1269,1148,presentacion:1264,1,MENUDEO,11300,11300,30,30
2405,1270,703,presentacion:844,14,MENUDEO,600,8400,1,14
2406,1271,1053,presentacion:1127,2,MENUDEO,7,14,1,2
2407,1272,284,presentacion:287,30,MENUDEO,25,750,1,30
2408,1273,683,presentacion:687,10,MENUDEO,7,70,1,10
2409,1274,1141,presentacion:1254,2,MENUDEO,4600,9200,40,80
2410,1275,1148,presentacion:1264,1,MENUDEO,11300,11300,30,30
2411,1276,1148,presentacion:1264,1,MENUDEO,11300,11300,30,30
2412,1277,1148,presentacion:1264,1,MENUDEO,11300,11300,30,30
2413,1278,942,presentacion:986,1,MENUDEO,62,62,1,1
2414,1278,1140,presentacion:1248,1,MENUDEO,274,274,1,1
2415,1279,1149,presentacion:1265,1,MENUDEO,2262,2262,1,1
2416,1280,244,presentacion:245,4,MENUDEO,13,52,1,4
2417,1281,981,presentacion:1027,20,MENUDEO,83,1660,1,20
2418,1282,923,presentacion:1249,1,MENUDEO,4000,4000,14,14
2419,1283,1141,presentacion:1251,20,MENUDEO,118,2360,1,20
2420,1283,293,presentacion:301,1,MENUDEO,37,37,1,1
2421,1283,294,presentacion:302,0.5,MENUDEO,60,30,1,0.5
2422,1284,8,presentacion:285,1,MENUDEO,90,90,1,1
2423,1285,1148,presentacion:1264,1,MENUDEO,11300,11300,30,30
2424,1286,1148,presentacion:1264,1,MENUDEO,11300,11300,30,30
2425,1287,1148,presentacion:1264,1,MENUDEO,11300,11300,30,30
2426,1288,951,presentacion:995,1,MENUDEO,49,49,1,1
2427,1289,1148,presentacion:1264,1,MENUDEO,11300,11300,30,30
2428,1290,957,presentacion:1194,1,MENUDEO,5000,5000,30,30
2429,1291,594,presentacion:620,15,MENUDEO,232,3480,1,15
2430,1291,284,presentacion:287,20,MENUDEO,25,500,1,20
2431,1291,669,presentacion:673,4,MENUDEO,9,36,1,4
2432,1291,287,presentacion:290,50,MENUDEO,23,1150,1,50
2433,1292,288,presentacion:291,20,MENUDEO,200,4000,1,20
2434,1293,289,presentacion:292,20,MENUDEO,320,6400,1,20
2435,1294,733,presentacion:740,20,MENUDEO,294,5880,1,20
2436,1295,1141,presentacion:1250,2,MENUDEO,4700,9400,40,80
2437,1295,596,presentacion:754,20,MENUDEO,135,2700,1,20
2438,1295,284,presentacion:287,5,MENUDEO,25,125,1,5
2439,1295,293,presentacion:301,5,MENUDEO,37,185,1,5
2440,1296,284,presentacion:287,5,MENUDEO,25,125,1,5
2441,1297,287,presentacion:1132,100,MENUDEO,22.5,2250,1,100
2442,1297,284,presentacion:1128,100,MENUDEO,24.5,2450,1,100
2443,1297,596,presentacion:1280,105,MENUDEO,130,13650,1,105
2444,1298,327,presentacion:334,1,MENUDEO,5,5,1,1
2445,1299,7,presentacion:7,2,MENUDEO,3800,7600,40,80
2446,1300,596,presentacion:754,75,MENUDEO,135,10125,1,75
2447,1300,287,presentacion:290,100,MENUDEO,23,2300,1,100
2448,1300,284,presentacion:287,50,MENUDEO,25,1250,1,50
2449,1301,8,presentacion:9,1,MENUDEO,3600,3600,40,40
2450,1301,1141,presentacion:1250,1,MENUDEO,4700,4700,40,40
2451,1302,7,presentacion:1043,2,MENUDEO,3600,7200,40,80
2452,1302,993,presentacion:1216,1,MENUDEO,1150,1150,1,1
2453,1303,8,presentacion:9,1,MENUDEO,3600,3600,40,40
2454,1304,1148,presentacion:1264,1,MENUDEO,11300,11300,30,30
2455,1305,1148,presentacion:1264,1,MENUDEO,11300,11300,30,30
2456,1306,1141,presentacion:1250,1,MENUDEO,4700,4700,40,40
2457,1306,703,presentacion:1084,1,MENUDEO,4200,4200,7,7
2458,1307,1141,presentacion:1255,2,MENUDEO,4650,9300,40,80
2459,1308,703,presentacion:844,1,MENUDEO,600,600,1,1
2460,1308,1141,presentacion:1251,3,MENUDEO,118,354,1,3
2461,1308,8,presentacion:285,3,MENUDEO,90,270,1,3
2462,1308,913,presentacion:954,1,MENUDEO,530,530,1,1
2463,1309,1141,presentacion:1250,1,MENUDEO,4700,4700,40,40
2464,1310,594,presentacion:620,15,MENUDEO,238,3570,1,15
2465,1310,596,presentacion:754,20,MENUDEO,135,2700,1,20
2466,1310,283,presentacion:286,2.5,MENUDEO,25,62.5,1,2.5
2467,1311,283,presentacion:286,17.5,MENUDEO,25,437.5,1,17.5
2468,1312,669,presentacion:673,10,MENUDEO,9,90,1,10
2469,1312,736,presentacion:742,1,MENUDEO,104,104,1,1
2470,1313,900,presentacion:941,1,MENUDEO,17,17,1,1
2471,1314,7,presentacion:1043,1,MENUDEO,3600,3600,40,40
2472,1314,1141,presentacion:1255,1,MENUDEO,4650,4650,40,40
2473,1314,992,presentacion:1217,2,MENUDEO,720,1440,1,2
2474,1314,278,presentacion:279,50,MENUDEO,8,400,1,50
2475,1315,1037,presentacion:1105,1,MENUDEO,57,57,1,1
2476,1316,736,presentacion:742,1,MENUDEO,104,104,1,1
2477,1317,8,presentacion:9,1,MENUDEO,3600,3600,40,40
2478,1317,1141,presentacion:1250,1,MENUDEO,4700,4700,40,40
2479,1317,923,presentacion:964,1,MENUDEO,2000,2000,7,7
2480,1318,1141,presentacion:1250,1,MENUDEO,4700,4700,40,40
2481,1318,669,presentacion:673,2,MENUDEO,9,18,1,2
2482,1319,703,presentacion:844,3,MENUDEO,600,1800,1,3
2483,1320,4,presentacion:2,1,MENUDEO,235,235,1,1
2484,1321,1141,presentacion:1250,1.5,MENUDEO,4700,7050,40,60
2485,1321,1107,presentacion:1198,9,MENUDEO,25,225,1,9
2486,1321,8,presentacion:9,1,MENUDEO,3600,3600,40,40
2487,1322,1141,presentacion:1251,4,MENUDEO,118,472,1,4
2488,1323,1162,presentacion:1283,14,MENUDEO,480,6720,1,14
2489,1324,1141,presentacion:1251,4,MENUDEO,118,472,1,4
2490,1324,913,presentacion:954,1,MENUDEO,530,530,1,1
2491,1324,8,presentacion:285,10,MENUDEO,90,900,1,10
2492,1325,1141,presentacion:1251,5,MENUDEO,118,590,1,5
2493,1326,913,presentacion:1267,1,MENUDEO,3360,3360,7,7
2494,1326,852,presentacion:892,4,MENUDEO,450,1800,1,4
2495,1326,8,presentacion:9,1,MENUDEO,3600,3600,40,40
2496,1327,900,presentacion:941,2,MENUDEO,17,34,1,2
2497,1328,1162,presentacion:1283,14,MENUDEO,480,6720,1,14
2498,1329,1052,presentacion:1126,2,MENUDEO,9,18,1,2
2499,1329,293,presentacion:301,2,MENUDEO,37,74,1,2
2500,1330,269,presentacion:270,7,MENUDEO,79,553,1,7
2501,1330,152,presentacion:152,10,MENUDEO,7,70,1,10
2502,1330,112,presentacion:111,10,MENUDEO,7,70,1,10
2503,1330,1141,presentacion:1254,1,MENUDEO,4600,4600,40,40
2504,1330,1116,presentacion:1218,10,MENUDEO,219,2190,1,10
2505,1330,789,presentacion:827,1,MENUDEO,80,80,1,1
2506,1330,1109,presentacion:1200,1,MENUDEO,139,139,1,1
2507,1331,980,presentacion:1026,1,MENUDEO,98,98,1,1
2508,1331,1141,presentacion:1251,1,MENUDEO,118,118,1,1
2509,1332,735,presentacion:1165,25,MENUDEO,1900,47500,1,25
2510,1332,289,presentacion:1284,30,MENUDEO,310,9300,1,30
2511,1333,8,presentacion:285,5,MENUDEO,90,450,1,5
2512,1334,242,presentacion:243,1,MENUDEO,231,231,1,1
2513,1334,151,presentacion:151,1,MENUDEO,139,139,1,1
2514,1334,150,presentacion:150,1,MENUDEO,139,139,1,1
2515,1335,1141,presentacion:1250,0.5,MENUDEO,4700,2350,40,20
2516,1336,1141,presentacion:1251,6,MENUDEO,118,708,1,6
2517,1337,7,presentacion:1043,2,MENUDEO,3450,6900,40,80
2518,1338,987,presentacion:1042,6,MENUDEO,3800,22800,1000,6000
2519,1339,923,presentacion:1249,1,MENUDEO,4000,4000,14,14
2520,1340,284,presentacion:287,5,MENUDEO,25,125,1,5
2521,1340,596,presentacion:754,1,MENUDEO,147,147,1,1
2522,1341,596,presentacion:754,2,MENUDEO,147,294,1,2
2523,1342,1141,presentacion:1250,1,MENUDEO,4700,4700,40,40
2524,1343,672,presentacion:677,2,MENUDEO,43,86,1,2
2525,1344,1141,presentacion:1251,10,MENUDEO,118,1180,1,10
2526,1345,703,presentacion:844,7,MENUDEO,600,4200,1,7
2527,1346,852,presentacion:892,4,MENUDEO,450,1800,1,4
2528,1347,1141,presentacion:1255,2,MENUDEO,4650,9300,40,80
2529,1348,703,presentacion:844,2,MENUDEO,600,1200,1,2
2530,1348,853,presentacion:893,2,MENUDEO,600,1200,1,2
2531,1349,703,presentacion:844,1,MENUDEO,600,600,1,1
2532,1350,1000,presentacion:1058,1,MENUDEO,75,75,1,1
2533,1351,1148,presentacion:1264,1,MENUDEO,11300,11300,30,30
2534,1352,596,presentacion:1130,1,MENUDEO,21500,21500,150,150
2535,1353,232,presentacion:232,10,MENUDEO,107,1070,1,10
2536,1353,84,presentacion:83,10,MENUDEO,3,30,1,10
2537,1353,189,presentacion:189,20,MENUDEO,3,60,1,20
2538,1353,171,presentacion:172,20,MENUDEO,7,140,1,20
2539,1354,1030,presentacion:1095,1,MENUDEO,37,37,1,1
2540,1355,957,presentacion:1194,1,MENUDEO,5000,5000,30,30
2541,1356,188,presentacion:187,2,MENUDEO,11,22,1,2
2542,1357,735,presentacion:741,2,MENUDEO,1950,3900,1,2
2543,1358,1148,presentacion:1264,1,MENUDEO,11300,11300,30,30
2544,1359,251,presentacion:253,1,MENUDEO,75,75,1,1
2545,1360,1141,presentacion:1285,2,MENUDEO,4600,9200,40,80
2546,1361,7,presentacion:1043,1,MENUDEO,3450,3450,40,40
2547,1362,1141,presentacion:1251,10,MENUDEO,118,1180,1,10
2548,1363,1148,presentacion:1264,1,MENUDEO,11300,11300,30,30
2549,1364,284,presentacion:287,2,MENUDEO,25,50,1,2
2550,1365,1085,presentacion:1169,1,MENUDEO,22,22,1,1
2551,1366,832,presentacion:872,1,MENUDEO,493,493,1,1
2552,1367,7,presentacion:1043,1,MENUDEO,3450,3450,40,40
2553,1368,987,presentacion:1042,4.5,MENUDEO,3800,17100,1000,4500
2554,1369,1162,presentacion:1283,14,MENUDEO,480,6720,1,14
2555,1370,1141,presentacion:1251,6,MENUDEO,118,708,1,6
2556,1370,703,presentacion:844,1,MENUDEO,600,600,1,1
2557,1371,980,presentacion:1026,3,MENUDEO,98,294,1,3
2558,1372,1141,presentacion:1250,0.5,MENUDEO,4700,2350,40,20
2559,1372,293,presentacion:301,0.5,MENUDEO,37,18.5,1,0.5
2560,1372,294,presentacion:302,0.5,MENUDEO,60,30,1,0.5
2561,1373,735,presentacion:741,3,MENUDEO,1950,5850,1,3
2562,1373,1141,presentacion:1252,0.5,MENUDEO,4500,2250,40,20
2563,1373,913,presentacion:954,3,MENUDEO,530,1590,1,3
2564,1373,697,presentacion:700,2,MENUDEO,142,284,1,2
2565,1374,230,presentacion:230,1,MENUDEO,13,13,1,1
2566,1374,1032,presentacion:1097,1,MENUDEO,19,19,1,1
2567,1375,302,presentacion:309,1,MENUDEO,19,19,1,1
2568,1376,669,presentacion:673,10,MENUDEO,9,90,1,10
2569,1377,143,presentacion:143,1,MENUDEO,30,30,1,1
2570,1378,1141,presentacion:1286,6,MENUDEO,4370,26220,40,240
2571,1379,1141,presentacion:1251,2,MENUDEO,118,236,1,2
2572,1380,188,presentacion:187,1,MENUDEO,11,11,1,1
2573,1380,152,presentacion:152,2,MENUDEO,7,14,1,2
2574,1381,733,presentacion:740,3,MENUDEO,294,882,1,3
2575,1381,1141,presentacion:1250,1,MENUDEO,4700,4700,40,40
2576,1381,8,presentacion:9,0.5,MENUDEO,3600,1800,40,20
2577,1382,1134,presentacion:1239,3,MENUDEO,78,234,1,3
2578,1382,572,presentacion:578,1,MENUDEO,9.5,9.5,1,1
2579,1383,957,presentacion:1213,1,MENUDEO,2500,2500,14,14
2580,1384,287,presentacion:290,30,MENUDEO,23,690,1,30
2581,1384,152,presentacion:152,4,MENUDEO,7,28,1,4
2582,1384,786,presentacion:824,1,MENUDEO,43,43,1,1
2583,1385,880,presentacion:920,2,MENUDEO,21,42,1,2
2584,1386,781,presentacion:818,40,MENUDEO,88,3520,1,40
2585,1387,781,presentacion:818,25,MENUDEO,88,2200,1,25
2586,1388,1141,presentacion:1255,2,MENUDEO,4650,9300,40,80
2587,1389,669,presentacion:673,10,MENUDEO,9,90,1,10
2588,1389,1101,presentacion:1188,1,MENUDEO,29,29,1,1
2589,1390,293,presentacion:301,1,MENUDEO,37,37,1,1
2590,1390,294,presentacion:302,1,MENUDEO,60,60,1,1
2591,1391,987,presentacion:1042,3,MENUDEO,4000,12000,1000,3000
2592,1392,7,presentacion:1236,2,MENUDEO,3600,7200,40,80
2593,1392,987,presentacion:1287,1.5,MENUDEO,3700,5550,1000,1500
2594,1393,1141,presentacion:1254,1,MENUDEO,4600,4600,40,40
2595,1393,278,presentacion:279,50,MENUDEO,8,400,1,50
2596,1394,1148,presentacion:1264,1,MENUDEO,11300,11300,30,30
2597,1395,1148,presentacion:1264,1,MENUDEO,11300,11300,30,30
2598,1396,1148,presentacion:1264,1,MENUDEO,11300,11300,30,30
2599,1397,1141,presentacion:1250,1,MENUDEO,4700,4700,40,40
2600,1398,8,presentacion:285,20,MENUDEO,90,1800,1,20
2601,1398,1141,presentacion:1251,7,MENUDEO,118,826,1,7
2602,1399,980,presentacion:1026,20,MENUDEO,98,1960,1,20
2603,1400,987,presentacion:1042,1,MENUDEO,4000,4000,1000,1000
2604,1401,294,presentacion:302,2,MENUDEO,60,120,1,2
2605,1402,8,presentacion:285,1,MENUDEO,90,90,1,1
2606,1403,980,presentacion:1026,2,MENUDEO,98,196,1,2
2607,1404,130,presentacion:129,1,MENUDEO,9,9,1,1
2608,1405,987,presentacion:1287,6,MENUDEO,3800,22800,1000,6000
2609,1406,302,presentacion:309,2,MENUDEO,19,38,1,2
2610,1407,1079,presentacion:1161,5,MENUDEO,115,575,1,5
2611,1407,7,presentacion:1043,1,MENUDEO,3450,3450,40,40
2612,1408,7,presentacion:7,1,MENUDEO,3800,3800,40,40
2613,1409,1056,presentacion:1193,3,MENUDEO,345,1035,1,3
2614,1410,780,presentacion:976,7,MENUDEO,450,3150,1,7
2615,1410,913,presentacion:1266,1,MENUDEO,3710,3710,7,7
2616,1411,1139,presentacion:1245,1,MENUDEO,227,227,1,1
2617,1411,801,presentacion:840,3,MENUDEO,85,255,1,3
2618,1412,8,presentacion:285,20,MENUDEO,90,1800,1,20
2619,1412,1141,presentacion:1251,10,MENUDEO,118,1180,1,10
2620,1413,913,presentacion:1268,1,MENUDEO,7420,7420,14,14
2621,1414,1141,presentacion:1251,5,MENUDEO,118,590,1,5
2622,1415,1141,presentacion:1251,5,MENUDEO,118,590,1,5
2623,1416,980,presentacion:1026,2,MENUDEO,98,196,1,2
2624,1417,736,presentacion:742,1,MENUDEO,104,104,1,1
2625,1418,776,presentacion:806,1,MENUDEO,72,72,1,1
2626,1419,8,presentacion:285,2,MENUDEO,90,180,1,2
2627,1419,284,presentacion:287,3,MENUDEO,25,75,1,3
2628,1420,913,presentacion:954,3,MENUDEO,530,1590,1,3
2629,1420,8,presentacion:285,10,MENUDEO,90,900,1,10
2630,1421,703,presentacion:844,2,MENUDEO,600,1200,1,2
2631,1421,852,presentacion:892,3,MENUDEO,450,1350,1,3
2632,1422,1109,presentacion:1200,3,MENUDEO,139,417,1,3
2633,1422,7,presentacion:1043,1,MENUDEO,3450,3450,40,40
2634,1423,669,presentacion:673,10,MENUDEO,9,90,1,10
2635,1424,232,presentacion:232,10,MENUDEO,107,1070,1,10
2636,1424,152,presentacion:152,20,MENUDEO,7,140,1,20
2637,1425,616,presentacion:619,20,MENUDEO,1.5,30,1,20
2638,1426,278,presentacion:279,2,MENUDEO,8,16,1,2
2639,1426,694,presentacion:698,1,MENUDEO,42,42,1,1
2640,1426,833,presentacion:873,1,MENUDEO,40,40,1,1
2641,1426,1164,presentacion:1289,2,MENUDEO,25,50,1,2
2642,1426,222,presentacion:221,2,MENUDEO,2,4,1,2
2643,1426,309,presentacion:316,4,MENUDEO,8,32,1,4
2644,1426,191,presentacion:190,2,MENUDEO,43,86,1,2
2645,1426,791,presentacion:829,1,MENUDEO,65,65,1,1
2646,1426,55,presentacion:54,2,MENUDEO,2,4,1,2
2647,1426,255,presentacion:256,2,MENUDEO,2,4,1,2
2648,1426,185,presentacion:184,1,MENUDEO,7,7,1,1
2649,1426,112,presentacion:111,2,MENUDEO,7,14,1,2
2650,1426,152,presentacion:152,2,MENUDEO,7,14,1,2
2651,1426,203,presentacion:203,1,MENUDEO,6,6,1,1
2652,1426,10,presentacion:13,2,MENUDEO,33,66,1,2
2653,1426,273,presentacion:1290,11,MENUDEO,4,44,1,11
2654,1426,251,presentacion:1291,2,MENUDEO,20,40,1,2
2655,1426,269,presentacion:1292,3,MENUDEO,20,60,1,3
2656,1427,793,presentacion:831,1,MENUDEO,33,33,1,1
2657,1428,733,presentacion:740,1,MENUDEO,294,294,1,1
2658,1429,104,presentacion:103,1,MENUDEO,19,19,1,1
2659,1430,987,presentacion:1110,1010,MENUDEO,4,4040,1,1010
2660,1430,987,presentacion:1110,1010,MENUDEO,4,4040,1,1010
2661,1431,703,presentacion:844,3,MENUDEO,600,1800,1,3
2662,1432,8,presentacion:9,2,MENUDEO,3600,7200,40,80
2663,1433,1141,presentacion:1255,2,MENUDEO,4650,9300,40,80
2664,1434,913,presentacion:954,14,MENUDEO,530,7420,1,14
2665,1435,1141,presentacion:1250,1,MENUDEO,4700,4700,40,40
2666,1436,1141,presentacion:1251,15,MENUDEO,118,1770,1,15
2667,1437,323,presentacion:330,1,MENUDEO,13,13,1,1
2668,1437,316,presentacion:323,1,MENUDEO,7,7,1,1
2669,1437,1141,presentacion:1251,1,MENUDEO,118,118,1,1
2670,1437,8,presentacion:285,3,MENUDEO,90,270,1,3
2671,1437,134,presentacion:136,2,MENUDEO,13,26,1,2
2672,1437,780,presentacion:976,0.5,MENUDEO,450,225,1,0.5
2673,1437,913,presentacion:954,0.5,MENUDEO,530,265,1,0.5
2674,1437,237,presentacion:1049,2,MENUDEO,28,56,0.5,1
2675,1438,703,presentacion:1084,1,MENUDEO,4200,4200,7,7
2676,1439,987,presentacion:1287,5,MENUDEO,3700,18500,1000,5000
2677,1440,1141,presentacion:1250,2.5,MENUDEO,4700,11750,40,100
2678,1440,8,presentacion:285,10,MENUDEO,90,900,1,10
2679,1440,284,presentacion:287,30,MENUDEO,25,750,1,30
2680,1440,1107,presentacion:1198,25,MENUDEO,25,625,1,25
2681,1441,1141,presentacion:1250,1,MENUDEO,4700,4700,40,40
2682,1441,294,presentacion:302,1,MENUDEO,60,60,1,1
2683,1441,292,presentacion:300,1,MENUDEO,60,60,1,1
2684,1441,293,presentacion:301,1,MENUDEO,37,37,1,1
2685,1442,1114,presentacion:1211,1,MENUDEO,100,100,1,1
2686,1443,1141,presentacion:1254,1,MENUDEO,4600,4600,40,40
2687,1443,7,presentacion:1043,1,MENUDEO,3450,3450,40,40
2688,1444,1141,presentacion:1251,2,MENUDEO,118,236,1,2
2689,1445,703,presentacion:844,1,MENUDEO,600,600,1,1
2690,1445,923,presentacion:965,2,MENUDEO,300,600,1,2
2691,1446,736,presentacion:742,1,MENUDEO,104,104,1,1
2692,1447,1141,presentacion:1253,2,MENUDEO,4250,8500,40,80
2693,1448,945,presentacion:989,1,MENUDEO,565,565,1,1
2694,1448,269,presentacion:270,3,MENUDEO,79,237,1,3
2695,1449,1141,presentacion:1250,1,MENUDEO,4700,4700,40,40
2696,1450,1141,presentacion:1250,1,MENUDEO,4700,4700,40,40
2697,1450,287,presentacion:290,50,MENUDEO,23,1150,1,50
2698,1450,296,presentacion:304,5,MENUDEO,39,195,1,5
2699,1450,293,presentacion:301,5,MENUDEO,37,185,1,5
2700,1450,294,presentacion:302,1,MENUDEO,60,60,1,1
2701,1451,1141,presentacion:1250,1,MENUDEO,4700,4700,40,40
2702,1451,703,presentacion:844,3,MENUDEO,600,1800,1,3
2703,1452,311,presentacion:318,1,MENUDEO,18,18,1,1
2704,1453,1165,presentacion:1293,20,MENUDEO,41,820,1,20
2705,1453,676,presentacion:680,20,MENUDEO,10,200,1,20
2706,1453,1167,presentacion:1294,20,MENUDEO,10,200,1,20
2707,1453,1168,presentacion:1295,20,MENUDEO,39,780,1,20
2708,1453,1169,presentacion:1296,20,MENUDEO,4,80,1,20
2709,1454,596,presentacion:1280,15,MENUDEO,144,2160,1,15
2710,1455,7,presentacion:1043,1,MENUDEO,3450,3450,40,40
2711,1456,781,presentacion:818,20,MENUDEO,88,1760,1,20
2712,1457,781,presentacion:818,25,MENUDEO,88,2200,1,25
2713,1458,1056,presentacion:1135,1,MENUDEO,2400,2400,1,1
2714,1459,1141,presentacion:1253,2,MENUDEO,4250,8500,40,80
2715,1460,8,presentacion:285,2,MENUDEO,90,180,1,2
2716,1461,171,presentacion:172,4,MENUDEO,7,28,1,4
2717,1462,1141,presentacion:1250,1,MENUDEO,4700,4700,40,40
2718,1463,1141,presentacion:1286,4,MENUDEO,4370,17480,40,160
2719,1464,1141,presentacion:1251,5,MENUDEO,118,590,1,5
2720,1465,8,presentacion:285,2,MENUDEO,90,180,1,2
2721,1465,1141,presentacion:1251,10,MENUDEO,118,1180,1,10
2722,1466,1141,presentacion:1251,8,MENUDEO,118,944,1,8
2723,1467,653,presentacion:658,15,MENUDEO,6,90,1,15
2724,1467,303,presentacion:310,10,MENUDEO,8,80,1,10
2725,1468,7,presentacion:7,1,MENUDEO,3800,3800,40,40
2726,1468,780,presentacion:975,1,MENUDEO,3150,3150,7,7
2727,1469,235,presentacion:235,1,MENUDEO,75,75,1,1
2728,1469,64,presentacion:62,1,MENUDEO,45,45,1,1
2729,1470,1141,presentacion:1251,2,MENUDEO,118,236,1,2
2730,1471,261,presentacion:266,20,MENUDEO,26,520,1,20
2731,1471,1171,presentacion:1298,10,MENUDEO,22,220,1,10
2732,1471,152,presentacion:152,10,MENUDEO,7,70,1,10
2733,1471,112,presentacion:111,20,MENUDEO,7,140,1,20
2734,1471,278,presentacion:279,50,MENUDEO,8,400,1,50
2735,1471,273,presentacion:274,2,MENUDEO,280,560,1,2
2736,1471,1172,presentacion:1299,20,MENUDEO,41,820,1,20
2737,1471,1173,presentacion:1300,10,MENUDEO,8,80,1,10
2738,1471,1174,presentacion:1301,20,MENUDEO,4,80,1,20
2739,1471,666,presentacion:671,10,MENUDEO,20,200,1,10
2740,1471,668,presentacion:672,20,MENUDEO,12,240,1,20
2741,1471,1175,presentacion:1302,20,MENUDEO,9,180,1,20
2742,1471,676,presentacion:680,20,MENUDEO,10,200,1,20
2743,1471,1029,presentacion:1094,1,MENUDEO,90,90,1,1
2744,1472,987,presentacion:1287,7,MENUDEO,3800,26600,1000,7000
2745,1473,7,presentacion:1043,1,MENUDEO,3450,3450,40,40
2746,1474,1141,presentacion:1253,2,MENUDEO,4250,8500,40,80
2747,1475,913,presentacion:954,1,MENUDEO,530,530,1,1
2748,1475,1024,presentacion:1087,1,MENUDEO,100,100,1,1
2749,1476,7,presentacion:1043,1,MENUDEO,3450,3450,40,40
2750,1477,1141,presentacion:1286,4,MENUDEO,4370,17480,40,160
2751,1478,1141,presentacion:1251,1,MENUDEO,118,118,1,1
2752,1479,612,presentacion:615,6,MENUDEO,1,6,1,6
2753,1480,1117,presentacion:1219,10,MENUDEO,128,1280,1,10
2754,1481,913,presentacion:954,1,MENUDEO,530,530,1,1
2755,1481,8,presentacion:285,4,MENUDEO,90,360,1,4
2756,1481,1141,presentacion:1251,2,MENUDEO,118,236,1,2
2757,1482,703,presentacion:1084,1,MENUDEO,4200,4200,7,7
2758,1483,736,presentacion:742,2,MENUDEO,104,208,1,2
2759,1484,995,presentacion:1051,6,MENUDEO,56,336,1,6
2760,1485,1141,presentacion:1251,4,MENUDEO,118,472,1,4
2761,1485,1079,presentacion:1161,1,MENUDEO,115,115,1,1
2762,1486,1141,presentacion:1253,2,MENUDEO,4250,8500,40,80
2763,1487,596,presentacion:754,20,MENUDEO,147,2940,1,20
2764,1487,287,presentacion:290,50,MENUDEO,23,1150,1,50
2765,1488,980,presentacion:1026,2,MENUDEO,98,196,1,2
2766,1489,260,presentacion:261,1,MENUDEO,11,11,1,1
2767,1489,296,presentacion:304,5,MENUDEO,39,195,1,5
2768,1490,8,presentacion:285,20,MENUDEO,90,1800,1,20
2769,1490,1141,presentacion:1251,20,MENUDEO,118,2360,1,20
2770,1491,699,presentacion:706,3,MENUDEO,125,375,1,3
2771,1491,697,presentacion:700,1,MENUDEO,142,142,1,1
2772,1492,951,presentacion:995,1,MENUDEO,49,49,1,1
2773,1493,703,presentacion:844,1,MENUDEO,600,600,1,1
2774,1494,1141,presentacion:1253,4,MENUDEO,4250,17000,40,160
2775,1495,7,presentacion:1043,1,MENUDEO,3450,3450,40,40
2776,1495,265,presentacion:264,15,MENUDEO,13,195,1,15
2777,1495,243,presentacion:244,1,MENUDEO,595,595,1,1
2778,1496,7,presentacion:1303,2,MENUDEO,3300,6600,40,80
2779,1497,320,presentacion:327,3,MENUDEO,16,48,1,3
2780,1497,1146,presentacion:1262,1,MENUDEO,261,261,1,1
2781,1497,1103,presentacion:1190,1,MENUDEO,9,9,1,1
2782,1497,327,presentacion:334,2,MENUDEO,5,10,1,2
2783,1497,1029,presentacion:1094,2,MENUDEO,90,180,1,2
2784,1497,449,presentacion:456,10,MENUDEO,2,20,1,10
2785,1497,898,presentacion:939,1,MENUDEO,22,22,1,1
2786,1497,1073,presentacion:1152,2,MENUDEO,42,84,1,2
2787,1497,1077,presentacion:1156,2,MENUDEO,10,20,1,2
2788,1497,1142,presentacion:1258,1,MENUDEO,103,103,1,1
2789,1497,1146,presentacion:1262,1,MENUDEO,261,261,1,1
2790,1497,785,presentacion:823,1,MENUDEO,30,30,1,1
2791,1497,547,presentacion:553,2,MENUDEO,30,60,1,2
2792,1497,1101,presentacion:1188,1,MENUDEO,29,29,1,1
2793,1497,244,presentacion:245,1,MENUDEO,13,13,1,1
2794,1497,302,presentacion:309,1,MENUDEO,19,19,1,1
2795,1497,1137,presentacion:1243,4,MENUDEO,20,80,1,4
2796,1497,1136,presentacion:1242,2,MENUDEO,41,82,1,2
2797,1497,384,presentacion:392,4,MENUDEO,1,4,1,4
2798,1497,1135,presentacion:1241,3,MENUDEO,122,366,1,3
2799,1497,612,presentacion:615,4,MENUDEO,1,4,1,4
2800,1497,1050,presentacion:1124,1,MENUDEO,95,95,1,1
2801,1497,398,presentacion:406,4,MENUDEO,0.5,2,1,4
2802,1497,1102,presentacion:1189,10,MENUDEO,4,40,1,10
2803,1497,125,presentacion:124,1,MENUDEO,122,122,1,1
2804,1497,37,presentacion:36,1,MENUDEO,49,49,1,1
2805,1497,325,presentacion:332,1,MENUDEO,4,4,1,1
2806,1497,303,presentacion:310,1,MENUDEO,8,8,1,1
2807,1497,214,presentacion:213,1,MENUDEO,43,43,1,1
2808,1497,59,presentacion:57,1,MENUDEO,64,64,1,1
2809,1498,1103,presentacion:1190,10,MENUDEO,10,100,1,10
2810,1498,1176,presentacion:1304,2,MENUDEO,16,32,1,2
2811,1498,1177,presentacion:1305,2,MENUDEO,8,16,1,2
2812,1499,126,presentacion:125,1,MENUDEO,103,103,1,1
2813,1499,315,presentacion:321,3,MENUDEO,7,21,1,3
2814,1499,1003,presentacion:1061,1,MENUDEO,34,34,1,1
2815,1499,1002,presentacion:1060,1,MENUDEO,34,34,1,1
2816,1499,1108,presentacion:1199,1,MENUDEO,42,42,1,1
2817,1499,553,presentacion:564,1,MENUDEO,55,55,1,1
2818,1499,613,presentacion:616,10,MENUDEO,1,10,1,10
2819,1499,1101,presentacion:1188,1,MENUDEO,29,29,1,1
2820,1499,425,presentacion:432,2,MENUDEO,1,2,1,2
2821,1499,457,presentacion:464,2,MENUDEO,0.5,1,1,2
2822,1499,610,presentacion:614,4,MENUDEO,0.5,2,1,4
2823,1499,313,presentacion:322,4,MENUDEO,0.5,2,1,4
2824,1499,556,presentacion:570,1,MENUDEO,70,70,1,1
2825,1499,433,presentacion:440,1,MENUDEO,1,1,1,1
2826,1499,669,presentacion:673,1,MENUDEO,9,9,1,1
2827,1499,172,presentacion:171,1,MENUDEO,103,103,1,1
2828,1499,58,presentacion:58,1,MENUDEO,57,57,1,1
2829,1499,1049,presentacion:1123,1,MENUDEO,228,228,1,1
2830,1499,410,presentacion:418,2,MENUDEO,1.5,3,1,2
2831,1499,621,presentacion:626,2,MENUDEO,0.5,1,1,2
2832,1499,302,presentacion:309,1,MENUDEO,19,19,1,1
2833,1499,50,presentacion:49,1,MENUDEO,76,76,1,1
2834,1499,140,presentacion:140,1,MENUDEO,21,21,1,1
2835,1499,302,presentacion:309,1,MENUDEO,19,19,1,1
2836,1499,1050,presentacion:1124,1,MENUDEO,95,95,1,1
2837,1500,563,presentacion:567,1,MENUDEO,15,15,1,1
2838,1500,603,presentacion:607,7,MENUDEO,0.5,3.5,1,7
2839,1500,1001,presentacion:1059,1,MENUDEO,34,34,1,1
2840,1500,1141,presentacion:1251,2,MENUDEO,118,236,1,2
2841,1500,665,presentacion:670,2,MENUDEO,23,46,1,2
2842,1500,602,presentacion:606,8,MENUDEO,0.5,4,1,8
2843,1500,405,presentacion:413,8,MENUDEO,1,8,1,8
2844,1500,757,presentacion:814,70,MENUDEO,12,840,1,70
2845,1500,750,presentacion:815,70,MENUDEO,12,840,1,70
2846,1500,717,presentacion:725,70,MENUDEO,11,770,1,70
2847,1500,962,presentacion:1007,10,MENUDEO,185,1850,1,10
2848,1501,1141,presentacion:1251,5,MENUDEO,118,590,1,5
2849,1502,980,presentacion:1026,10,MENUDEO,98,980,1,10
2850,1503,669,presentacion:673,10,MENUDEO,9,90,1,10
2851,1503,1052,presentacion:1126,1,MENUDEO,9,9,1,1
2852,1504,900,presentacion:941,1,MENUDEO,17,17,1,1
2853,1505,596,presentacion:754,50,MENUDEO,147,7350,1,50
2854,1505,286,presentacion:289,50,MENUDEO,25,1250,1,50
2855,1505,1141,presentacion:1250,1,MENUDEO,4700,4700,40,40
2856,1505,293,presentacion:301,3,MENUDEO,37,111,1,3
2857,1505,294,presentacion:302,2,MENUDEO,60,120,1,2
2858,1506,486,presentacion:493,2,MENUDEO,1.5,3,1,2
2859,1506,482,presentacion:489,1,MENUDEO,1,1,1,1
2860,1506,458,presentacion:465,3,MENUDEO,0.5,1.5,1,3
2861,1507,1141,presentacion:1251,2,MENUDEO,118,236,1,2
2862,1508,944,presentacion:988,10,MENUDEO,7,70,1,10
2863,1509,1052,presentacion:1126,1,MENUDEO,9,9,1,1
2864,1510,987,presentacion:1287,5,MENUDEO,3700,18500,1000,5000
2865,1511,1141,presentacion:1306,1,MENUDEO,4350,4350,40,40
2866,1511,8,presentacion:1307,1,MENUDEO,3040,3040,40,40
2867,1511,7,presentacion:8,10,MENUDEO,95,950,1,10
2868,1512,1141,presentacion:1250,1,MENUDEO,4700,4700,40,40
2869,1513,1141,presentacion:1251,6,MENUDEO,118,708,1,6
2870,1513,8,presentacion:285,4,MENUDEO,90,360,1,4
2871,1514,852,presentacion:892,14,MENUDEO,450,6300,1,14
2872,1515,1141,presentacion:1250,1,MENUDEO,4700,4700,40,40
2873,1516,1141,presentacion:1251,4,MENUDEO,118,472,1,4
2874,1517,1141,presentacion:1253,2,MENUDEO,4250,8500,40,80
2875,1518,702,presentacion:710,1,MENUDEO,3324,3324,1,1
2876,1519,1141,presentacion:1250,1,MENUDEO,4700,4700,40,40
2877,1519,8,presentacion:9,1,MENUDEO,3600,3600,40,40
2878,1520,1141,presentacion:1251,8,MENUDEO,118,944,1,8
2879,1521,873,presentacion:913,1,MENUDEO,66,66,1,1
2880,1522,1141,presentacion:1250,1.5,MENUDEO,4700,7050,40,60
2881,1523,1141,presentacion:1250,1,MENUDEO,4700,4700,40,40
2882,1524,669,presentacion:673,4,MENUDEO,9,36,1,4
2883,1524,736,presentacion:742,1,MENUDEO,104,104,1,1
2884,1525,1141,presentacion:1252,0.5,MENUDEO,4500,2250,40,20
2885,1526,7,presentacion:1043,1,MENUDEO,3450,3450,40,40
2886,1527,987,presentacion:1287,5,MENUDEO,3800,19000,1000,5000
2887,1528,936,presentacion:980,1,MENUDEO,2200,2200,7,7
2888,1529,923,presentacion:1249,1,MENUDEO,4000,4000,14,14
2889,1530,1107,presentacion:1198,60,MENUDEO,25,1500,1,60
2890,1530,284,presentacion:1128,15,MENUDEO,24.5,367.5,1,15
2891,1530,596,presentacion:1280,15,MENUDEO,144,2160,1,15
2892,1531,703,presentacion:844,1,MENUDEO,600,600,1,1
2893,1531,1141,presentacion:1251,5,MENUDEO,118,590,1,5
2894,1532,957,presentacion:1213,1,MENUDEO,2500,2500,14,14
2895,1533,980,presentacion:1026,14,MENUDEO,98,1372,1,14
2896,1534,1141,presentacion:1251,20,MENUDEO,118,2360,1,20
2897,1535,86,presentacion:86,1,MENUDEO,690,690,1,1
2898,1535,147,presentacion:147,1,MENUDEO,96,96,1,1
2899,1536,296,presentacion:304,8,MENUDEO,39,312,1,8
2900,1536,293,presentacion:301,8,MENUDEO,37,296,1,8
2901,1537,8,presentacion:9,2,MENUDEO,3600,7200,40,80
2902,1538,1026,presentacion:1091,1,MENUDEO,38,38,1,1
2903,1539,987,presentacion:1035,3014,MENUDEO,4.1,12357.4,1,3014
2904,1540,957,presentacion:1213,1,MENUDEO,2500,2500,14,14
2905,1541,957,presentacion:1213,1,MENUDEO,2500,2500,14,14
2906,1542,957,presentacion:1213,1,MENUDEO,2500,2500,14,14
2907,1543,957,presentacion:1213,1,MENUDEO,2500,2500,14,14
2908,1544,980,presentacion:1026,30,MENUDEO,98,2940,1,30
2909,1545,4,presentacion:1,3,MENUDEO,4700,14100,20,60
2910,1546,736,presentacion:742,0.5,MENUDEO,104,52,1,0.5
2911,1546,669,presentacion:673,1,MENUDEO,9,9,1,1
2912,1547,4,presentacion:1,3,MENUDEO,4700,14100,20,60
2913,1548,4,presentacion:1308,1,MENUDEO,4600,4600,20,20
2914,1549,287,presentacion:290,20,MENUDEO,23,460,1,20
2915,1550,8,presentacion:285,2,MENUDEO,90,180,1,2
2916,1551,852,presentacion:892,2,MENUDEO,450,900,1,2
2917,1552,669,presentacion:673,10,MENUDEO,9,90,1,10
2918,1553,703,presentacion:844,1,MENUDEO,600,600,1,1
2919,1553,923,presentacion:965,1,MENUDEO,300,300,1,1
2920,1554,1178,presentacion:1309,1,MENUDEO,14000,14000,30,30
2921,1555,1141,presentacion:1317,1,MENUDEO,4650,4650,40,40
2922,1555,7,presentacion:1318,1,MENUDEO,3700,3700,40,40
2923,1555,284,presentacion:287,4,MENUDEO,25,100,1,4
2924,1556,4,presentacion:1308,1,MENUDEO,4400,4400,20,20
2925,1556,7,presentacion:1043,1,MENUDEO,3450,3450,40,40
2926,1557,957,presentacion:1213,1,MENUDEO,2500,2500,14,14
2927,1558,957,presentacion:1213,1,MENUDEO,2500,2500,14,14
2928,1559,957,presentacion:1003,1,MENUDEO,2800,2800,14,14
2929,1560,1126,presentacion:1228,10,MENUDEO,74,740,1,10
2930,1561,284,presentacion:287,17,MENUDEO,25,425,1,17
2931,1562,113,presentacion:112,1,MENUDEO,23,23,1,1
2932,1563,936,presentacion:980,2,MENUDEO,2000,4000,7,14
2933,1563,703,presentacion:1084,1,MENUDEO,4200,4200,7,7
2934,1563,7,presentacion:7,1,MENUDEO,3800,3800,40,40
2935,1563,4,presentacion:1,0.5,MENUDEO,4700,2350,20,10
2936,1563,284,presentacion:287,3,MENUDEO,25,75,1,3
2937,1563,289,presentacion:292,12,MENUDEO,320,3840,1,12
2938,1563,596,presentacion:754,12,MENUDEO,147,1764,1,12
2939,1564,293,presentacion:301,5,MENUDEO,37,185,1,5
2940,1564,944,presentacion:988,15,MENUDEO,7,105,1,15
2941,1564,994,presentacion:1050,2,MENUDEO,56,112,1,2
2942,1565,1082,presentacion:1167,1,MENUDEO,122,122,1,1
2943,1566,735,presentacion:1165,2,MENUDEO,1900,3800,1,2
2944,1567,1180,presentacion:1311,1,MENUDEO,32,32,1,1
2945,1568,558,presentacion:555,100,MENUDEO,1,100,1,100
2946,1568,230,presentacion:230,1,MENUDEO,13,13,1,1
2947,1569,852,presentacion:892,1,MENUDEO,450,450,1,1
2948,1570,913,presentacion:954,1,MENUDEO,530,530,1,1
2949,1570,8,presentacion:285,3,MENUDEO,90,270,1,3
2950,1570,1141,presentacion:1251,3,MENUDEO,118,354,1,3
2951,1571,4,presentacion:1321,4,MENUDEO,4650,18600,20,80
2952,1572,4,presentacion:1,2,MENUDEO,4700,9400,20,40
2953,1572,284,presentacion:287,30,MENUDEO,25,750,1,30
2954,1572,1107,presentacion:1198,13,MENUDEO,25,325,1,13
2955,1572,286,presentacion:289,21,MENUDEO,25,525,1,21
2956,1572,293,presentacion:301,3,MENUDEO,37,111,1,3
2957,1572,294,presentacion:302,2,MENUDEO,60,120,1,2
2958,1573,913,presentacion:1268,1,MENUDEO,7420,7420,14,14
2959,1574,780,presentacion:976,5,MENUDEO,450,2250,1,5
2960,1574,7,presentacion:8,10,MENUDEO,95,950,1,10
2961,1574,8,presentacion:285,20,MENUDEO,90,1800,1,20
2962,1575,4,presentacion:2,10,MENUDEO,235,2350,1,10
2963,1575,8,presentacion:285,11,MENUDEO,90,990,1,11
2964,1576,7,presentacion:7,1,MENUDEO,3800,3800,40,40
2965,1577,913,presentacion:1267,1,MENUDEO,3360,3360,7,7
2966,1578,852,presentacion:892,7,MENUDEO,450,3150,1,7
2967,1579,4,presentacion:1,1,MENUDEO,4700,4700,20,20
2968,1579,7,presentacion:7,2,MENUDEO,3800,7600,40,80
2969,1580,11,presentacion:11,1,MENUDEO,17,17,1,1
2970,1580,140,presentacion:140,1,MENUDEO,21,21,1,1
2971,1581,987,presentacion:1287,5,MENUDEO,3800,19000,1000,5000
2972,1582,987,presentacion:1287,5,MENUDEO,3700,18500,1000,5000
2973,1583,8,presentacion:9,1,MENUDEO,3600,3600,40,40
2974,1584,594,presentacion:620,10,MENUDEO,262,2620,1,10
2975,1584,596,presentacion:754,20,MENUDEO,147,2940,1,20
2976,1585,936,presentacion:980,1,MENUDEO,2000,2000,7,7
2977,1586,936,presentacion:980,1,MENUDEO,2000,2000,7,7
2978,1587,7,presentacion:1043,1,MENUDEO,3450,3450,40,40
2979,1588,1079,presentacion:1161,1,MENUDEO,115,115,1,1
2980,1589,913,presentacion:1266,1,MENUDEO,3700,3700,7,7
2981,1590,4,presentacion:1,1,MENUDEO,4700,4700,20,20
2982,1590,8,presentacion:9,1,MENUDEO,3600,3600,40,40
2983,1591,733,presentacion:740,50,MENUDEO,294,14700,1,50
2984,1591,852,presentacion:892,3,MENUDEO,450,1350,1,3
2985,1591,284,presentacion:287,10,MENUDEO,25,250,1,10
2986,1592,1186,presentacion:1331,3,MENUDEO,575,1725,1,3
2987,1593,852,presentacion:892,3,MENUDEO,450,1350,1,3
2988,1593,284,presentacion:287,10,MENUDEO,25,250,1,10
2989,1594,936,presentacion:980,1,MENUDEO,2000,2000,7,7
2990,1595,8,presentacion:9,1.5,MENUDEO,3600,5400,40,60
2991,1595,4,presentacion:1,1,MENUDEO,4700,4700,20,20
2992,1596,733,presentacion:1332,50,MENUDEO,294,14700,1,50
2993,1597,294,presentacion:302,2,MENUDEO,60,120,1,2
2994,1597,293,presentacion:301,8,MENUDEO,37,296,1,8
2995,1598,4,presentacion:1,1,MENUDEO,4700,4700,20,20
2996,1598,284,presentacion:287,2,MENUDEO,25,50,1,2
2997,1599,8,presentacion:9,1,MENUDEO,3600,3600,40,40
2998,1600,1141,presentacion:1251,3,MENUDEO,118,354,1,3
2999,1601,852,presentacion:892,7,MENUDEO,450,3150,1,7
3000,1602,1187,presentacion:1333,2,MENUDEO,430,860,1,2
3001,1603,4,presentacion:2,10,MENUDEO,235,2350,1,10
3002,1603,7,presentacion:8,10,MENUDEO,95,950,1,10
3003,1603,289,presentacion:292,10,MENUDEO,320,3200,1,10
3004,1603,279,presentacion:756,20,MENUDEO,9,180,1,20
3005,1603,1183,presentacion:1329,1,MENUDEO,8,8,1,1
3006,1603,653,presentacion:658,1,MENUDEO,6,6,1,1
3007,1604,8,presentacion:285,1,MENUDEO,90,90,1,1
3008,1605,936,presentacion:980,1,MENUDEO,2200,2200,7,7
3009,1606,936,presentacion:980,1,MENUDEO,2200,2200,7,7
3010,1607,4,presentacion:2,10,MENUDEO,235,2350,1,10
3011,1608,1141,presentacion:1251,20,MENUDEO,118,2360,1,20
3012,1608,1141,presentacion:1250,4,MENUDEO,4700,18800,40,160
3013,1609,1149,presentacion:1265,2,MENUDEO,2598,5196,1,2
3014,1610,302,presentacion:309,1,MENUDEO,19,19,1,1
3015,1610,783,presentacion:821,4,MENUDEO,54,216,1,4
3016,1611,1141,presentacion:1251,1,MENUDEO,118,118,1,1
3017,1612,127,presentacion:126,1,MENUDEO,26,26,1,1
3018,1613,913,presentacion:954,14,MENUDEO,530,7420,1,14
3019,1614,703,presentacion:844,14,MENUDEO,600,8400,1,14
3020,1615,1141,presentacion:1252,1,MENUDEO,4500,4500,40,40
3021,1615,7,presentacion:1191,1,MENUDEO,3600,3600,40,40
3022,1615,288,presentacion:291,20,MENUDEO,200,4000,1,20
3023,1615,293,presentacion:301,8.5,MENUDEO,37,314.5,1,8.5
3024,1616,8,presentacion:285,2,MENUDEO,90,180,1,2
3025,1616,1141,presentacion:1251,2,MENUDEO,118,236,1,2
3026,1617,284,presentacion:287,5,MENUDEO,25,125,1,5
3027,1618,7,presentacion:1043,2,MENUDEO,3450,6900,40,80
3028,1619,1141,presentacion:1251,3,MENUDEO,118,354,1,3
3029,1620,913,presentacion:1267,1,MENUDEO,3360,3360,7,7
3030,1621,936,presentacion:980,1,MENUDEO,2200,2200,7,7
3031,1622,4,presentacion:2,6,MENUDEO,235,1410,1,6
3032,1622,8,presentacion:285,8,MENUDEO,90,720,1,8
3033,1623,936,presentacion:980,1,MENUDEO,2200,2200,7,7
3034,1624,1141,presentacion:1250,1.5,MENUDEO,4700,7050,40,60
3035,1625,735,presentacion:741,1,MENUDEO,1950,1950,1,1
3036,1626,1056,presentacion:1136,1,MENUDEO,2200,2200,7,7
3037,1627,1141,presentacion:1250,0.5,MENUDEO,4700,2350,40,20
3038,1627,7,presentacion:7,1,MENUDEO,3800,3800,40,40
3039,1628,264,presentacion:1337,1,MENUDEO,19,19,0.5,0.5
3040,1629,269,presentacion:270,6,MENUDEO,79,474,1,6
3041,1629,152,presentacion:152,20,MENUDEO,8,160,1,20
3042,1629,112,presentacion:111,20,MENUDEO,8,160,1,20
3043,1629,261,presentacion:266,20,MENUDEO,26,520,1,20
3044,1629,70,presentacion:68,10,MENUDEO,35,350,1,10
3045,1630,1141,presentacion:1251,2,MENUDEO,118,236,1,2
3046,1631,1109,presentacion:1200,6,MENUDEO,150,900,1,6
3047,1632,269,presentacion:270,2,MENUDEO,95,190,1,2
3048,1633,294,presentacion:302,1,MENUDEO,60,60,1,1
3049,1634,687,presentacion:691,1,MENUDEO,29,29,1,1
3050,1635,703,presentacion:1084,1,MENUDEO,4200,4200,7,7
3051,1635,852,presentacion:892,7,MENUDEO,450,3150,1,7
3052,1635,1141,presentacion:1250,1,MENUDEO,4700,4700,40,40
3053,1635,733,presentacion:740,4,MENUDEO,294,1176,1,4
3054,1635,596,presentacion:754,4,MENUDEO,147,588,1,4
3055,1636,913,presentacion:954,0.5,MENUDEO,530,265,1,0.5
3056,1636,8,presentacion:285,2,MENUDEO,90,180,1,2
3057,1636,1141,presentacion:1251,1,MENUDEO,118,118,1,1
3058,1636,980,presentacion:1026,1,MENUDEO,98,98,1,1
3059,1637,289,presentacion:292,6,MENUDEO,320,1920,1,6
3060,1638,1141,presentacion:1251,1,MENUDEO,118,118,1,1
3061,1639,980,presentacion:1026,17,MENUDEO,98,1666,1,17
3062,1639,1141,presentacion:1255,2,MENUDEO,4650,9300,40,80
3063,1640,8,presentacion:285,1,MENUDEO,90,90,1,1
3064,1641,284,presentacion:287,2,MENUDEO,25,50,1,2
3065,1642,8,presentacion:9,1,MENUDEO,3600,3600,40,40
3066,1642,1141,presentacion:1250,1,MENUDEO,4700,4700,40,40
3067,1643,936,presentacion:1339,1,MENUDEO,2000,2000,7,7
3068,1644,1141,presentacion:1250,1,MENUDEO,4700,4700,40,40
3069,1644,7,presentacion:7,2,MENUDEO,3800,7600,40,80
3070,1645,8,presentacion:9,1,MENUDEO,3600,3600,40,40
3071,1645,1141,presentacion:1250,1,MENUDEO,4700,4700,40,40
3072,1646,913,presentacion:1266,1,MENUDEO,3700,3700,7,7
3073,1647,1141,presentacion:1251,1,MENUDEO,118,118,1,1
3074,1648,7,presentacion:8,20,MENUDEO,95,1900,1,20
3075,1648,1141,presentacion:1251,10,MENUDEO,118,1180,1,10
3076,1649,1141,presentacion:1250,1,MENUDEO,4700,4700,40,40
3077,1650,596,presentacion:754,70,MENUDEO,147,10290,1,70
3078,1650,1141,presentacion:1250,2,MENUDEO,4700,9400,40,80
3079,1650,8,presentacion:9,1,MENUDEO,3600,3600,40,40
3080,1650,284,presentacion:287,30,MENUDEO,25,750,1,30
3081,1650,286,presentacion:289,42,MENUDEO,25,1050,1,42
3082,1650,1107,presentacion:1198,19.5,MENUDEO,25,487.5,1,19.5
3083,1651,1141,presentacion:1250,1,MENUDEO,4700,4700,40,40
3084,1651,7,presentacion:7,1,MENUDEO,3800,3800,40,40
3085,1652,7,presentacion:7,1,MENUDEO,3800,3800,40,40
3086,1653,913,presentacion:1267,1,MENUDEO,3360,3360,7,7
3087,1654,7,presentacion:1043,1,MENUDEO,3450,3450,40,40
3088,1654,703,presentacion:844,1,MENUDEO,600,600,1,1
3089,1654,853,presentacion:893,1,MENUDEO,600,600,1,1
3090,1655,8,presentacion:9,2,MENUDEO,3600,7200,40,80
3091,1655,703,presentacion:1084,1,MENUDEO,4200,4200,7,7
3092,1656,987,presentacion:1042,2,MENUDEO,4000,8000,1000,2000
3093,1657,4,presentacion:2,3,MENUDEO,235,705,1,3
3094,1658,300,presentacion:307,1,MENUDEO,15,15,1,1
3095,1658,301,presentacion:308,1,MENUDEO,16,16,1,1
3096,1659,697,presentacion:700,14,MENUDEO,142,1988,1,14
3097,1660,7,presentacion:8,20,MENUDEO,95,1900,1,20
3098,1661,782,presentacion:819,5,MENUDEO,190,950,1,5
3099,1662,936,presentacion:1339,1,MENUDEO,2000,2000,7,7
3100,1663,733,presentacion:740,5,MENUDEO,294,1470,1,5
3101,1663,697,presentacion:700,5,MENUDEO,142,710,1,5
3102,1664,897,presentacion:938,1,MENUDEO,34,34,1,1
3103,1664,302,presentacion:309,1,MENUDEO,19,19,1,1
3104,1665,984,presentacion:1030,1,MENUDEO,168,168,1,1
3105,1666,704,presentacion:712,2,MENUDEO,34,68,1,2
3106,1666,1052,presentacion:1126,3,MENUDEO,9,27,1,3
3107,1666,124,presentacion:123,2,MENUDEO,22,44,1,2
3108,1667,1141,presentacion:1251,1,MENUDEO,118,118,1,1
3109,1667,8,presentacion:285,3,MENUDEO,90,270,1,3
3110,1668,125,presentacion:124,1,MENUDEO,122,122,1,1
3111,1668,279,presentacion:756,10,MENUDEO,9,90,1,10
3112,1668,303,presentacion:310,1,MENUDEO,8,8,1,1
3113,1668,771,presentacion:801,1,MENUDEO,18,18,1,1
3114,1668,653,presentacion:658,1,MENUDEO,6,6,1,1
3115,1668,546,presentacion:552,1,MENUDEO,1,1,1,1
3116,1669,913,presentacion:1268,1,MENUDEO,7420,7420,14,14
3117,1670,1141,presentacion:1251,4,MENUDEO,118,472,1,4
3118,1671,1141,presentacion:1251,6,MENUDEO,118,708,1,6
3119,1671,703,presentacion:844,3,MENUDEO,600,1800,1,3
3120,1672,781,presentacion:818,10,MENUDEO,89,890,1,10
3121,1673,1141,presentacion:1251,10,MENUDEO,118,1180,1,10
3122,1673,7,presentacion:8,20,MENUDEO,95,1900,1,20
3123,1673,1186,presentacion:1331,2,MENUDEO,575,1150,1,2
3124,1674,1141,presentacion:1250,1,MENUDEO,4700,4700,40,40
3125,1675,1141,presentacion:1250,2,MENUDEO,4700,9400,40,80
3126,1676,288,presentacion:291,20,MENUDEO,200,4000,1,20
3127,1676,596,presentacion:754,4,MENUDEO,147,588,1,4
3128,1676,284,presentacion:1128,50,MENUDEO,24.5,1225,1,50
3129,1677,1141,presentacion:1306,1,MENUDEO,4350,4350,40,40
3130,1677,8,presentacion:1307,1,MENUDEO,3040,3040,40,40
3131,1677,7,presentacion:8,20,MENUDEO,95,1900,1,20
3132,1677,913,presentacion:954,1,MENUDEO,530,530,1,1
3133,1677,1079,presentacion:1161,3,MENUDEO,105,315,1,3
3134,1678,1141,presentacion:1254,1,MENUDEO,4400,4400,40,40
3135,1678,7,presentacion:1043,1,MENUDEO,3450,3450,40,40
3136,1679,7,presentacion:1303,2,MENUDEO,3300,6600,40,80
3137,1680,936,presentacion:1341,1,MENUDEO,1300,1300,3.5,3.5
3138,1681,1141,presentacion:1251,20,MENUDEO,118,2360,1,20
3139,1681,697,presentacion:700,3,MENUDEO,142,426,1,3
3140,1681,8,presentacion:285,2,MENUDEO,90,180,1,2
3141,1681,703,presentacion:844,1.5,MENUDEO,600,900,1,1.5
3142,1682,1141,presentacion:1253,4,MENUDEO,4250,17000,40,160
3143,1683,936,presentacion:980,1,MENUDEO,2200,2200,7,7
3144,1684,1056,presentacion:1136,1,MENUDEO,2200,2200,7,7
3145,1685,987,presentacion:1287,5,MENUDEO,3700,18500,1000,5000
3146,1686,596,presentacion:754,10,MENUDEO,147,1470,1,10
3147,1686,287,presentacion:290,50,MENUDEO,23,1150,1,50
3148,1687,1141,presentacion:1251,4,MENUDEO,118,472,1,4
3149,1687,8,presentacion:285,2,MENUDEO,90,180,1,2
3150,1688,596,presentacion:754,30,MENUDEO,147,4410,1,30
3151,1688,283,presentacion:286,50,MENUDEO,25,1250,1,50
3152,1688,633,presentacion:638,5,MENUDEO,180,900,1,5
3153,1688,70,presentacion:68,5,MENUDEO,35,175,1,5
3154,1688,1029,presentacion:1094,1,MENUDEO,90,90,1,1
3155,1689,936,presentacion:980,1,MENUDEO,2200,2200,7,7
3156,1690,284,presentacion:287,3,MENUDEO,25,75,1,3
3157,1691,733,presentacion:740,10,MENUDEO,294,2940,1,10
3158,1691,1110,presentacion:1204,13,MENUDEO,4,52,1,13
3159,1692,1047,presentacion:1121,1,MENUDEO,100,100,1,1
3160,1693,1056,presentacion:1136,1,MENUDEO,2200,2200,7,7
3161,1694,1141,presentacion:1251,20,MENUDEO,118,2360,1,20
3162,1694,7,presentacion:8,20,MENUDEO,95,1900,1,20
3163,1695,1141,presentacion:1252,1,MENUDEO,4500,4500,40,40
3164,1695,7,presentacion:1191,1,MENUDEO,3600,3600,40,40
3165,1696,1101,presentacion:1188,1,MENUDEO,29,29,1,1
3166,1696,108,presentacion:107,1,MENUDEO,23,23,1,1
3167,1697,987,presentacion:1287,1,MENUDEO,3700,3700,1000,1000
3168,1698,1056,presentacion:1342,1,MENUDEO,2900,2900,7,7
3169,1699,1141,presentacion:1251,20,MENUDEO,118,2360,1,20
3170,1699,8,presentacion:285,5,MENUDEO,90,450,1,5
3171,1700,7,presentacion:1043,1,MENUDEO,3450,3450,40,40
3172,1701,1141,presentacion:1250,2,MENUDEO,4700,9400,40,80
3173,1702,987,presentacion:1287,4,MENUDEO,3700,14800,1000,4000
3174,1703,781,presentacion:818,5,MENUDEO,89,445,1,5
3175,1704,293,presentacion:301,4,MENUDEO,37,148,1,4
3176,1704,296,presentacion:304,4,MENUDEO,39,156,1,4
3177,1704,284,presentacion:287,12,MENUDEO,25,300,1,12
3178,1704,942,presentacion:986,1,MENUDEO,62,62,1,1
3179,1705,1141,presentacion:1250,1,MENUDEO,4700,4700,40,40
3180,1705,8,presentacion:9,1,MENUDEO,3600,3600,40,40
3181,1705,951,presentacion:995,1,MENUDEO,49,49,1,1
3182,1705,284,presentacion:287,47,MENUDEO,25,1175,1,47
3183,1705,1000,presentacion:1058,1,MENUDEO,75,75,1,1
3184,1706,7,presentacion:1043,2,MENUDEO,3450,6900,40,80
3185,1707,1141,presentacion:1251,10,MENUDEO,118,1180,1,10
3186,1708,913,presentacion:954,14,MENUDEO,530,7420,1,14
3187,1709,923,presentacion:964,1,MENUDEO,2000,2000,7,7
3188,1710,1056,presentacion:1342,1,MENUDEO,2900,2900,7,7
3189,1711,923,presentacion:964,1,MENUDEO,2000,2000,7,7
3190,1712,697,presentacion:700,10,MENUDEO,142,1420,1,10
3191,1713,987,presentacion:1042,1,MENUDEO,4000,4000,1000,1000
3192,1714,957,presentacion:1343,1,MENUDEO,5600,5600,30,30
3193,1715,1141,presentacion:1253,4,MENUDEO,4250,17000,40,160
3194,1716,913,presentacion:1215,7,MENUDEO,480,3360,1,7
3195,1716,284,presentacion:287,6,MENUDEO,25,150,1,6
3196,1717,1141,presentacion:1252,1,MENUDEO,4500,4500,40,40
3197,1718,703,presentacion:1084,1,MENUDEO,4200,4200,7,7
3198,1718,1141,presentacion:1251,4,MENUDEO,118,472,1,4
3199,1718,852,presentacion:892,1,MENUDEO,450,450,1,1
3200,1719,1141,presentacion:1251,4,MENUDEO,118,472,1,4
3201,1720,211,presentacion:211,1,MENUDEO,3,3,1,1
3202,1721,284,presentacion:287,15,MENUDEO,25,375,1,15
3203,1721,287,presentacion:290,50,MENUDEO,23,1150,1,50
3204,1722,782,presentacion:819,10,MENUDEO,190,1900,1,10
3205,1723,1141,presentacion:1251,10,MENUDEO,118,1180,1,10
3206,1723,7,presentacion:8,20,MENUDEO,95,1900,1,20
3207,1724,685,presentacion:689,1,MENUDEO,181,181,1,1
3208,1725,1141,presentacion:1253,4,MENUDEO,4250,17000,40,160
3209,1726,782,presentacion:819,15,MENUDEO,190,2850,1,15
3210,1727,1141,presentacion:1250,1,MENUDEO,4700,4700,40,40
3211,1728,1141,presentacion:1250,0.5,MENUDEO,4700,2350,40,20
3212,1728,7,presentacion:7,1,MENUDEO,3800,3800,40,40
3213,1729,1141,presentacion:1252,1,MENUDEO,4500,4500,40,40
3214,1729,7,presentacion:1191,1,MENUDEO,3600,3600,40,40
3215,1729,284,presentacion:1128,10,MENUDEO,24.5,245,1,10
3216,1729,697,presentacion:700,3,MENUDEO,142,426,1,3
3217,1730,596,presentacion:754,2,MENUDEO,147,294,1,2
3218,1730,283,presentacion:286,10,MENUDEO,25,250,1,10
3219,1730,284,presentacion:287,10,MENUDEO,25,250,1,10
3220,1730,264,presentacion:1337,1,MENUDEO,19,19,0.5,0.5
3221,1730,294,presentacion:1334,1,MENUDEO,30,30,0.5,0.5
3222,1731,987,presentacion:1287,5,MENUDEO,3800,19000,1000,5000
3223,1732,987,presentacion:1344,5,MENUDEO,3700,18500,1000,5000
3224,1733,735,presentacion:741,1,MENUDEO,1950,1950,1,1
3225,1734,703,presentacion:844,1,MENUDEO,600,600,1,1
3226,1734,1141,presentacion:1251,4,MENUDEO,118,472,1,4
3227,1735,1141,presentacion:1254,1,MENUDEO,4400,4400,40,40
3228,1735,7,presentacion:1043,1,MENUDEO,3450,3450,40,40
3229,1735,289,presentacion:292,4,MENUDEO,320,1280,1,4
3230,1736,782,presentacion:819,15,MENUDEO,190,2850,1,15
3231,1737,7,presentacion:8,6,MENUDEO,95,570,1,6
3232,1738,852,presentacion:892,2,MENUDEO,450,900,1,2
3233,1739,987,presentacion:1035,1802,MENUDEO,4.1,7388.2,1,1802
3234,1740,987,presentacion:1035,1338,MENUDEO,4.1,5485.8,1,1338
3235,1741,936,presentacion:980,5,MAYOREO,2000,10000,7,35
3236,1742,596,presentacion:754,10,MENUDEO,147,1470,1,10
3237,1742,852,presentacion:892,0.5,MENUDEO,450,225,1,0.5
3238,1742,703,presentacion:844,1,MENUDEO,600,600,1,1
3239,1742,284,presentacion:287,10,MENUDEO,25,250,1,10
3240,1742,1141,presentacion:1250,1,MENUDEO,4700,4700,40,40
3241,1743,957,presentacion:1088,1,MENUDEO,1800,1800,7,7
3242,1743,780,presentacion:975,1,MENUDEO,3150,3150,7,7
3243,1744,735,presentacion:741,1,MENUDEO,1950,1950,1,1
3244,1745,1056,presentacion:1342,1,MENUDEO,2900,2900,7,7
3245,1746,703,presentacion:1084,1,MENUDEO,4200,4200,7,7
3246,1747,7,presentacion:1191,1,MENUDEO,3600,3600,40,40
3247,1748,7,presentacion:1303,2,MENUDEO,3300,6600,40,80
3248,1749,957,presentacion:1343,1,MENUDEO,5600,5600,30,30
3249,1750,7,presentacion:1191,1,MENUDEO,3600,3600,40,40
3250,1750,1141,presentacion:1252,1,MENUDEO,4500,4500,40,40
3251,1750,284,presentacion:287,10,MENUDEO,25,250,1,10
3252,1751,596,presentacion:754,20,MENUDEO,147,2940,1,20
3253,1752,596,presentacion:754,10,MENUDEO,147,1470,1,10
3254,1753,7,presentacion:7,1,MENUDEO,3800,3800,40,40
3255,1753,733,presentacion:740,8,MENUDEO,294,2352,1,8
3256,1753,596,presentacion:754,10,MENUDEO,147,1470,1,10
3257,1753,697,presentacion:700,12,MENUDEO,142,1704,1,12
3258,1754,1141,presentacion:1253,4,MENUDEO,4250,17000,40,160
3259,1755,1141,presentacion:1251,3,MENUDEO,118,354,1,3
3260,1756,7,presentacion:1303,4,MENUDEO,3300,13200,40,160
3261,1757,906,presentacion:947,100,MENUDEO,25,2500,1,100
3262,1757,1189,presentacion:1346,82,MENUDEO,25,2050,1,82
3263,1757,284,presentacion:287,30,MENUDEO,25,750,1,30
3264,1758,782,presentacion:819,15,MENUDEO,190,2850,1,15
3265,1759,1141,presentacion:1255,2,MENUDEO,4650,9300,40,80
3266,1760,1141,presentacion:1251,2,MENUDEO,118,236,1,2
3267,1761,1141,presentacion:1250,0.5,MENUDEO,4700,2350,40,20
3268,1761,596,presentacion:754,1,MENUDEO,147,147,1,1
3269,1762,1141,presentacion:1251,3,MENUDEO,118,354,1,3
3270,1763,1141,presentacion:1250,1,MENUDEO,4700,4700,40,40
3271,1764,780,presentacion:975,1,MENUDEO,3150,3150,7,7
3272,1765,7,presentacion:8,5,MENUDEO,95,475,1,5
3273,1766,1141,presentacion:1254,1,MENUDEO,4400,4400,40,40
3274,1766,7,presentacion:1043,1,MENUDEO,3450,3450,40,40
3275,1767,1056,presentacion:1193,1,MENUDEO,415,415,1,1
3276,1768,1141,presentacion:1251,20,MENUDEO,118,2360,1,20
3277,1768,7,presentacion:8,20,MENUDEO,95,1900,1,20
3278,1769,1141,presentacion:1253,4,MENUDEO,4250,17000,40,160
3279,1770,913,presentacion:1268,1,MENUDEO,7420,7420,14,14
3280,1771,913,presentacion:1266,1,MENUDEO,3700,3700,7,7
3281,1772,913,presentacion:1266,1,MENUDEO,3700,3700,7,7
3282,1773,957,presentacion:1088,1,MENUDEO,1800,1800,7,7
3283,1774,852,presentacion:892,3,MENUDEO,450,1350,1,3
3284,1774,703,presentacion:844,7,MENUDEO,600,4200,1,7
3285,1774,913,presentacion:954,7,MENUDEO,530,3710,1,7
3286,1774,1141,presentacion:1250,1,MENUDEO,4700,4700,40,40
3287,1775,703,presentacion:844,2,MENUDEO,600,1200,1,2
3288,1776,1056,presentacion:1193,1,MENUDEO,415,415,1,1
3289,1777,633,presentacion:638,10,MENUDEO,180,1800,1,10
3290,1777,269,presentacion:270,2,MENUDEO,95,190,1,2
3291,1777,123,presentacion:122,2,MENUDEO,12,24,1,2
3292,1777,173,presentacion:173,4,MENUDEO,35,140,1,4
3293,1777,261,presentacion:266,8,MENUDEO,26,208,1,8
3294,1777,1109,presentacion:1200,1,MENUDEO,150,150,1,1
3295,1777,152,presentacion:152,4,MENUDEO,8,32,1,4
3296,1777,156,presentacion:157,3,MENUDEO,25,75,1,3
3297,1777,70,presentacion:68,8,MENUDEO,35,280,1,8
3298,1777,112,presentacion:111,4,MENUDEO,8,32,1,4
3299,1778,852,presentacion:892,1,MENUDEO,450,450,1,1
3300,1778,1141,presentacion:1251,15,MENUDEO,118,1770,1,15
3301,1778,703,presentacion:844,2,MENUDEO,600,1200,1,2
3302,1778,289,presentacion:292,3,MENUDEO,330,990,1,3
3303,1779,633,presentacion:638,10,MENUDEO,180,1800,1,10
3304,1779,173,presentacion:173,4,MENUDEO,35,140,1,4
3305,1779,123,presentacion:122,2,MENUDEO,12,24,1,2
3306,1779,70,presentacion:68,8,MENUDEO,35,280,1,8
3307,1779,1109,presentacion:1200,1,MENUDEO,150,150,1,1
3308,1779,112,presentacion:111,4,MENUDEO,8,32,1,4
3309,1779,152,presentacion:152,4,MENUDEO,8,32,1,4
3310,1779,261,presentacion:266,8,MENUDEO,26,208,1,8
3311,1779,156,presentacion:157,3,MENUDEO,25,75,1,3
3312,1779,284,presentacion:287,20,MENUDEO,25,500,1,20
3313,1779,269,presentacion:1347,2,MENUDEO,126,252,1,2
3314,1779,293,presentacion:301,3,MENUDEO,37,111,1,3
3315,1779,294,presentacion:302,3,MENUDEO,60,180,1,3
3316,1780,633,presentacion:638,10,MENUDEO,180,1800,1,10
3317,1780,269,presentacion:1347,2,MENUDEO,126,252,1,2
3318,1780,123,presentacion:122,2,MENUDEO,12,24,1,2
3319,1780,173,presentacion:173,4,MENUDEO,35,140,1,4
3320,1780,70,presentacion:68,8,MENUDEO,35,280,1,8
3321,1780,1109,presentacion:1200,1,MENUDEO,150,150,1,1
3322,1780,112,presentacion:111,4,MENUDEO,8,32,1,4
3323,1780,152,presentacion:152,4,MENUDEO,8,32,1,4
3324,1780,261,presentacion:266,8,MENUDEO,26,208,1,8
3325,1780,156,presentacion:157,3,MENUDEO,25,75,1,3
3326,1781,7,presentacion:1303,2,MENUDEO,3300,6600,40,80
3327,1782,7,presentacion:1043,1,MENUDEO,3450,3450,40,40
3328,1782,1109,presentacion:1200,2,MENUDEO,150,300,1,2
3329,1782,261,presentacion:266,7,MENUDEO,26,182,1,7
3330,1783,633,presentacion:638,3,MENUDEO,180,540,1,3
3331,1784,703,presentacion:844,3,MENUDEO,600,1800,1,3
3332,1785,1052,presentacion:1126,5,MENUDEO,9,45,1,5
3333,1786,7,presentacion:1043,1,MENUDEO,3450,3450,40,40
3334,1787,8,presentacion:9,1,MENUDEO,3600,3600,40,40
3335,1787,1141,presentacion:1250,0.5,MENUDEO,4700,2350,40,20
3336,1788,1056,presentacion:1342,1,MENUDEO,2900,2900,7,7
3337,1789,8,presentacion:9,1,MENUDEO,3600,3600,40,40
3338,1790,294,presentacion:302,2,MENUDEO,60,120,1,2
3339,1791,7,presentacion:8,20,MENUDEO,95,1900,1,20
3340,1791,1141,presentacion:1251,10,MENUDEO,118,1180,1,10
3341,1791,289,presentacion:292,4,MENUDEO,330,1320,1,4
3342,1792,7,presentacion:7,1,MENUDEO,3800,3800,40,40
3343,1792,1141,presentacion:1251,10,MENUDEO,118,1180,1,10
3344,1793,594,presentacion:755,2,MENUDEO,22000,44000,84,168
3345,1793,687,presentacion:691,1,MENUDEO,29,29,1,1
3346,1794,303,presentacion:310,2,MENUDEO,8,16,1,2
3347,1794,1176,presentacion:1304,1,MENUDEO,16,16,1,1
3348,1794,1141,presentacion:1250,1,MENUDEO,4700,4700,40,40
3349,1795,1141,presentacion:1250,1,MENUDEO,4700,4700,40,40
3350,1795,687,presentacion:691,1,MENUDEO,29,29,1,1
3351,1796,633,presentacion:638,5,MENUDEO,322,1610,1,5
3352,1796,188,presentacion:187,3,MENUDEO,11,33,1,3
3353,1796,70,presentacion:68,6,MENUDEO,35,210,1,6
3354,1796,156,presentacion:157,4,MENUDEO,25,100,1,4
3355,1796,173,presentacion:173,6,MENUDEO,35,210,1,6
3356,1796,261,presentacion:266,4,MENUDEO,26,104,1,4
3357,1796,1029,presentacion:1094,2,MENUDEO,90,180,1,2
3358,1797,300,presentacion:307,2,MENUDEO,15,30,1,2
3359,1798,703,presentacion:844,3,MENUDEO,600,1800,1,3
3360,1799,923,presentacion:964,1,MENUDEO,2000,2000,7,7
3361,1800,703,presentacion:844,0.5,MENUDEO,600,300,1,0.5
3362,1800,913,presentacion:954,0.5,MENUDEO,530,265,1,0.5
3363,1800,1141,presentacion:1251,10,MENUDEO,118,1180,1,10
3364,1800,782,presentacion:819,3,MENUDEO,190,570,1,3
3365,1800,540,presentacion:545,1,MENUDEO,865,865,1,1
3366,1801,703,presentacion:844,1,MENUDEO,600,600,1,1
3367,1801,852,presentacion:892,1,MENUDEO,450,450,1,1
3368,1802,995,presentacion:1051,60,MENUDEO,56,3360,1,60
3369,1803,1019,presentacion:1079,1,MENUDEO,65,65,1,1
3370,1803,284,presentacion:287,6,MENUDEO,25,150,1,6
3371,1804,1180,presentacion:1311,1,MENUDEO,32,32,1,1
3372,1805,132,presentacion:132,1,MENUDEO,319,319,1,1
3373,1805,293,presentacion:301,4,MENUDEO,37,148,1,4
3374,1805,284,presentacion:287,3,MENUDEO,25,75,1,3
3375,1806,1141,presentacion:1250,1,MENUDEO,4700,4700,40,40
3376,1806,286,presentacion:289,21,MENUDEO,25,525,1,21
3377,1806,1107,presentacion:1198,39,MENUDEO,25,975,1,39
3378,1806,284,presentacion:287,30,MENUDEO,25,750,1,30
3379,1806,293,presentacion:301,2,MENUDEO,37,74,1,2
3380,1806,294,presentacion:302,2,MENUDEO,60,120,1,2
3381,1807,1141,presentacion:1252,1,MENUDEO,4500,4500,40,40
3382,1807,7,presentacion:1191,1,MENUDEO,3600,3600,40,40
3383,1807,288,presentacion:291,20,MENUDEO,200,4000,1,20
3384,1808,284,presentacion:1128,50,MENUDEO,24.5,1225,1,50
3385,1809,980,presentacion:1026,40,MENUDEO,146,5840,1,40
3386,1810,140,presentacion:140,1,MENUDEO,21,21,1,1
3387,1811,235,presentacion:235,1,MENUDEO,75,75,1,1
3388,1811,790,presentacion:828,1,MENUDEO,45,45,1,1
3389,1811,325,presentacion:332,1,MENUDEO,4,4,1,1
3390,1812,224,presentacion:223,5,MENUDEO,10,50,1,5
3391,1813,852,presentacion:892,1,MENUDEO,450,450,1,1
3392,1814,1141,presentacion:1253,2,MENUDEO,4250,8500,40,80
3393,1815,913,presentacion:1269,1,MENUDEO,6720,6720,14,14
3394,1816,913,presentacion:1266,1,MENUDEO,3700,3700,7,7
3395,1817,987,presentacion:1287,5,MENUDEO,3800,19000,1000,5000
3396,1818,8,presentacion:285,20,MENUDEO,98,1960,1,20
3397,1819,1141,presentacion:1255,3,MENUDEO,4650,13950,40,120
3398,1820,669,presentacion:673,2,MENUDEO,9,18,1,2
3399,1821,1141,presentacion:1254,2,MENUDEO,4400,8800,40,80
3400,1821,289,presentacion:292,10,MENUDEO,330,3300,1,10
3401,1822,1047,presentacion:1121,1,MENUDEO,100,100,1,1
3402,1823,783,presentacion:821,4,MENUDEO,54,216,1,4
3403,1824,7,presentacion:1043,2,MENUDEO,3450,6900,40,80
3404,1825,1056,presentacion:1193,3.5,MENUDEO,415,1452.5,1,3.5
3405,1826,594,presentacion:620,5,MENUDEO,262,1310,1,5
3406,1826,1141,presentacion:1251,1,MENUDEO,118,118,1,1
3407,1826,703,presentacion:844,2,MENUDEO,600,1200,1,2
3408,1826,852,presentacion:892,0.5,MENUDEO,450,225,1,0.5
3409,1826,284,presentacion:287,5,MENUDEO,27,135,1,5
3410,1826,8,presentacion:285,15,MENUDEO,90,1350,1,15
3411,1827,1141,presentacion:1253,2,MENUDEO,4250,8500,40,80
3412,1827,7,presentacion:1303,2,MENUDEO,3300,6600,40,80
3413,1828,279,presentacion:756,20,MENUDEO,9,180,1,20
3414,1829,125,presentacion:124,1,MENUDEO,122,122,1,1
3415,1830,1141,presentacion:1254,2,MENUDEO,4400,8800,40,80
3416,1831,780,presentacion:976,4,MENUDEO,450,1800,1,4
3417,1832,6,presentacion:5,1,MENUDEO,3800,3800,20,20
3418,1833,594,presentacion:620,40,MENUDEO,262,10480,1,40
3419,1833,596,presentacion:1280,40,MENUDEO,144,5760,1,40
3420,1833,287,presentacion:1132,100,MENUDEO,24.5,2450,1,100
3421,1833,284,presentacion:1128,71,MENUDEO,26.5,1881.5,1,71
3422,1834,775,presentacion:805,3,MENUDEO,1300,3900,1,3
3423,1835,775,presentacion:805,4,MENUDEO,1300,5200,1,4
3424,1836,780,presentacion:976,4,MENUDEO,540,2160,1,4
3425,1837,1192,presentacion:1350,300,MENUDEO,3.2,960,1,300
3426,1838,8,presentacion:9,1,MENUDEO,3600,3600,40,40
3427,1838,1141,presentacion:1250,1,MENUDEO,4700,4700,40,40
3428,1839,1141,presentacion:1250,2.5,MENUDEO,4700,11750,40,100
3429,1840,145,presentacion:145,1,MENUDEO,56,56,1,1
3430,1841,1141,presentacion:1250,1,MENUDEO,4700,4700,40,40
3431,1842,289,presentacion:292,30,MENUDEO,300,9000,1,30
3432,1843,289,presentacion:292,3,MENUDEO,330,990,1,3
3433,1843,7,presentacion:8,20,MENUDEO,95,1900,1,20
3434,1844,703,presentacion:1084,1,MENUDEO,4200,4200,7,7
3435,1845,596,presentacion:754,25,MENUDEO,147,3675,1,25
3436,1845,284,presentacion:287,50,MENUDEO,27,1350,1,50
3437,1845,987,presentacion:1344,2,MENUDEO,3700,7400,1000,2000
3438,1846,987,presentacion:1042,1,MENUDEO,4230,4230,1000,1000
3439,1847,781,presentacion:818,40,MENUDEO,89,3560,1,40
3440,1847,1141,presentacion:1251,10,MENUDEO,118,1180,1,10
3441,1848,1141,presentacion:1253,4,MENUDEO,4250,17000,40,160
3442,1849,279,presentacion:756,10,MENUDEO,9,90,1,10
3443,1849,1183,presentacion:1329,1,MENUDEO,8,8,1,1
3444,1849,546,presentacion:552,1,MENUDEO,1,1,1,1
3445,1849,771,presentacion:801,1,MENUDEO,18,18,1,1
3446,1850,546,presentacion:552,3,MENUDEO,1,3,1,3
3447,1850,279,presentacion:756,5,MENUDEO,9,45,1,5
3448,1850,1183,presentacion:1329,2,MENUDEO,8,16,1,2
3449,1851,279,presentacion:756,20,MENUDEO,9,180,1,20
3450,1852,697,presentacion:700,2,MENUDEO,142,284,1,2
3451,1852,596,presentacion:754,5,MENUDEO,147,735,1,5
3452,1853,1141,presentacion:1254,2,MENUDEO,4400,8800,40,80
3453,1854,230,presentacion:230,1,MENUDEO,13,13,1,1
3454,1854,16,presentacion:19,1,MENUDEO,27,27,1,1
3455,1855,987,presentacion:1287,5,MENUDEO,3800,19000,1000,5000
3456,1856,1141,presentacion:1254,2,MENUDEO,4400,8800,40,80
3457,1857,1141,presentacion:1254,1,MENUDEO,4400,4400,40,40
3458,1858,987,presentacion:1344,5,MENUDEO,3700,18500,1000,5000
3459,1859,1141,presentacion:1250,1.5,MENUDEO,4700,7050,40,60
3460,1859,8,presentacion:9,1.5,MENUDEO,3600,5400,40,60
3461,1860,1141,presentacion:1250,0.5,MENUDEO,4700,2350,40,20
3462,1860,8,presentacion:9,1,MENUDEO,3600,3600,40,40
3463,1861,703,presentacion:844,3,MENUDEO,600,1800,1,3
3464,1861,852,presentacion:892,3,MENUDEO,450,1350,1,3
3465,1861,1141,presentacion:1251,20,MENUDEO,118,2360,1,20
3466,1861,913,presentacion:954,3,MENUDEO,530,1590,1,3
3467,1861,8,presentacion:285,20,MENUDEO,90,1800,1,20
3468,1862,771,presentacion:801,1,MENUDEO,18,18,1,1
3469,1862,546,presentacion:552,1,MENUDEO,1,1,1,1
3470,1862,1103,presentacion:1190,2,MENUDEO,10,20,1,2
3471,1863,1141,presentacion:1251,10,MENUDEO,118,1180,1,10
3472,1863,7,presentacion:7,1,MENUDEO,3800,3800,40,40
3473,1864,1141,presentacion:1251,20,MENUDEO,118,2360,1,20
3474,1864,8,presentacion:285,20,MENUDEO,90,1800,1,20
3475,1865,596,presentacion:754,1,MENUDEO,147,147,1,1
3476,1866,1141,presentacion:1253,2,MENUDEO,4250,8500,40,80
3477,1867,703,presentacion:844,2,MENUDEO,600,1200,1,2
3478,1867,852,presentacion:892,0.5,MENUDEO,450,225,1,0.5
3479,1867,596,presentacion:754,2,MENUDEO,147,294,1,2
3480,1867,8,presentacion:285,5,MENUDEO,90,450,1,5
3481,1867,1141,presentacion:1251,10,MENUDEO,118,1180,1,10
3482,1867,913,presentacion:954,1,MENUDEO,530,530,1,1
3483,1868,923,presentacion:964,1,MENUDEO,2000,2000,7,7
3484,1869,913,presentacion:1266,1,MENUDEO,3700,3700,7,7
3485,1870,1141,presentacion:1250,1.5,MENUDEO,4700,7050,40,60
3486,1870,6,presentacion:5,1.5,MENUDEO,3800,5700,20,30
3487,1871,6,presentacion:1351,2,MENUDEO,3300,6600,20,40
3488,1872,1180,presentacion:1311,1,MENUDEO,32,32,1,1
3489,1873,1141,presentacion:1251,6,MENUDEO,118,708,1,6
3490,1874,288,presentacion:291,20,MENUDEO,200,4000,1,20
3491,1874,6,presentacion:1162,1,MENUDEO,3600,3600,20,20
3492,1874,1141,presentacion:1252,1,MENUDEO,4500,4500,40,40
3493,1875,6,presentacion:1083,1,MENUDEO,3600,3600,20,20
3494,1875,287,presentacion:290,26,MENUDEO,25,650,1,26
3495,1876,913,presentacion:954,7,MENUDEO,530,3710,1,7
3496,1877,913,presentacion:954,2,MENUDEO,530,1060,1,2
3497,1877,7,presentacion:8,10,MENUDEO,95,950,1,10
3498,1878,923,presentacion:1249,1,MENUDEO,4000,4000,14,14
3499,1879,703,presentacion:844,14,MENUDEO,600,8400,1,14
3500,1880,703,presentacion:844,1.5,MENUDEO,600,900,1,1.5
3501,1881,703,presentacion:844,1,MENUDEO,600,600,1,1
3502,1882,1141,presentacion:1251,20,MENUDEO,118,2360,1,20
3503,1882,596,presentacion:754,3,MENUDEO,155,465,1,3
3504,1882,780,presentacion:976,1,MENUDEO,540,540,1,1
3505,1882,8,presentacion:285,3,MENUDEO,90,270,1,3
3506,1883,852,presentacion:892,3,MENUDEO,450,1350,1,3
3507,1884,6,presentacion:1162,0.5,MENUDEO,3600,1800,20,10
3508,1884,1141,presentacion:1252,0.5,MENUDEO,4500,2250,40,20
3509,1885,1141,presentacion:1253,2,MENUDEO,4250,8500,40,80
3510,1886,1141,presentacion:1251,20,MENUDEO,118,2360,1,20
3511,1886,733,presentacion:740,15,MENUDEO,308,4620,1,15
3512,1886,284,presentacion:287,3,MENUDEO,27,81,1,3
3513,1887,287,presentacion:290,26,MENUDEO,25,650,1,26
3514,1887,1141,presentacion:1254,1,MENUDEO,4400,4400,40,40
3515,1888,1141,presentacion:1251,20,MENUDEO,118,2360,1,20
3516,1889,286,presentacion:289,25,MENUDEO,25,625,1,25
3517,1889,284,presentacion:287,32,MENUDEO,27,864,1,32
3518,1889,8,presentacion:285,30,MENUDEO,90,2700,1,30
3519,1889,1141,presentacion:1250,2,MENUDEO,4700,9400,40,80
3520,1889,285,presentacion:288,5,MENUDEO,25,125,1,5
3521,1889,1107,presentacion:1198,15,MENUDEO,25,375,1,15
3522,1890,1171,presentacion:1298,4,MENUDEO,22,88,1,4
3523,1890,269,presentacion:270,1,MENUDEO,130,130,1,1
3524,1890,112,presentacion:111,8,MENUDEO,8,64,1,8
3525,1890,160,presentacion:160,4,MENUDEO,5,20,1,4
3526,1890,789,presentacion:827,1,MENUDEO,80,80,1,1
3527,1891,294,presentacion:1334,1,MENUDEO,30,30,0.5,0.5
3528,1892,1141,presentacion:1250,1,MENUDEO,4700,4700,40,40
3529,1892,284,presentacion:287,5,MENUDEO,27,135,1,5
3530,1893,703,presentacion:844,1,MENUDEO,600,600,1,1
3531,1894,596,presentacion:1130,1,MENUDEO,22640,22640,150,150
3532,1894,284,presentacion:1128,50,MENUDEO,26.5,1325,1,50
3533,1894,287,presentacion:1132,50,MENUDEO,24.5,1225,1,50
3534,1895,780,presentacion:976,2,MENUDEO,540,1080,1,2
3535,1896,1141,presentacion:1250,1,MENUDEO,4700,4700,40,40
3536,1897,540,presentacion:545,1,MENUDEO,865,865,1,1
3537,1897,143,presentacion:143,2,MENUDEO,30,60,1,2
3538,1897,76,presentacion:73,1,MENUDEO,49,49,1,1
3539,1898,987,presentacion:1344,5,MENUDEO,3700,18500,1000,5000
3540,1899,987,presentacion:1287,5,MENUDEO,3800,19000,1000,5000
3541,1900,1141,presentacion:1250,1,MENUDEO,4700,4700,40,40
3542,1900,284,presentacion:287,15,MENUDEO,27,405,1,15
3543,1900,296,presentacion:304,2,MENUDEO,39,78,1,2
3544,1900,293,presentacion:301,2,MENUDEO,37,74,1,2
3545,1901,8,presentacion:9,0.5,MENUDEO,3600,1800,40,20
3546,1901,1141,presentacion:1251,20,MENUDEO,118,2360,1,20
3547,1901,284,presentacion:287,2,MENUDEO,27,54,1,2
3548,1902,1141,presentacion:1252,2,MENUDEO,4500,9000,40,80
3549,1903,669,presentacion:673,20,MENUDEO,9,180,1,20
3550,1904,118,presentacion:117,1,MENUDEO,215,215,1,1
3551,1905,8,presentacion:285,96,MENUDEO,90,8640,1,96
3552,1905,913,presentacion:954,17,MENUDEO,530,9010,1,17
3553,1905,1024,presentacion:1354,4,MENUDEO,2200,8800,1,4
3554,1906,1141,presentacion:1254,1,MENUDEO,4400,4400,40,40
3555,1906,289,presentacion:292,5,MENUDEO,330,1650,1,5
3556,1907,8,presentacion:9,1,MENUDEO,3600,3600,40,40
3557,1908,1176,presentacion:1304,2,MENUDEO,16,32,1,2
3558,1909,736,presentacion:742,0.5,MENUDEO,104,52,1,0.5
3559,1910,6,presentacion:5,1,MENUDEO,3800,3800,20,20
3560,1910,1141,presentacion:1251,10,MENUDEO,118,1180,1,10
3561,1911,566,presentacion:572,8,MENUDEO,9,72,1,8
3562,1911,617,presentacion:621,8,MENUDEO,2,16,1,8
3563,1911,608,presentacion:612,8,MENUDEO,4,32,1,8
3564,1911,736,presentacion:742,0.5,MENUDEO,104,52,1,0.5
3565,1911,1001,presentacion:1059,1,MENUDEO,34,34,1,1
3566,1911,1146,presentacion:1262,1,MENUDEO,261,261,1,1
3567,1911,1142,presentacion:1258,1,MENUDEO,103,103,1,1
3568,1911,897,presentacion:938,1,MENUDEO,34,34,1,1
3569,1911,391,presentacion:400,7,MENUDEO,1,7,1,7
3570,1911,613,presentacion:616,14,MENUDEO,1,14,1,14
3571,1911,398,presentacion:406,7,MENUDEO,0.5,3.5,1,7
3572,1911,1103,presentacion:1190,1,MENUDEO,10,10,1,1
3573,1911,125,presentacion:124,1,MENUDEO,122,122,1,1
3574,1911,305,presentacion:312,1,MENUDEO,8,8,1,1
3575,1911,108,presentacion:107,1,MENUDEO,23,23,1,1
3576,1911,553,presentacion:564,1,MENUDEO,55,55,1,1
3577,1911,954,presentacion:999,1,MENUDEO,28,28,1,1
3578,1911,1044,presentacion:1119,1,MENUDEO,216,216,1,1
3579,1911,325,presentacion:332,1,MENUDEO,4,4,1,1
3580,1911,673,presentacion:676,1,MENUDEO,7,7,1,1
3581,1911,1184,presentacion:1330,2,MENUDEO,8,16,1,2
3582,1911,305,presentacion:312,1,MENUDEO,8,8,1,1
3583,1911,670,presentacion:674,1,MENUDEO,18,18,1,1
3584,1911,325,presentacion:332,1,MENUDEO,4,4,1,1
3585,1911,1041,presentacion:1116,1,MENUDEO,228,228,1,1
3586,1912,957,presentacion:1194,1,MENUDEO,5000,5000,30,30
3587,1913,1141,presentacion:1251,4,MENUDEO,118,472,1,4
3588,1914,1141,presentacion:1251,20,MENUDEO,118,2360,1,20
3589,1914,913,presentacion:954,0.5,MENUDEO,530,265,1,0.5
3590,1915,1141,presentacion:1251,4,MENUDEO,118,472,1,4
3591,1915,1079,presentacion:1161,1,MENUDEO,105,105,1,1
3592,1916,956,presentacion:1001,5,MENUDEO,68,340,1,5
3593,1916,84,presentacion:83,8,MENUDEO,3,24,1,8
3594,1916,222,presentacion:221,7,MENUDEO,2,14,1,7
3595,1916,193,presentacion:195,9,MENUDEO,3,27,1,9
3596,1916,81,presentacion:79,9,MENUDEO,2,18,1,9
3597,1916,89,presentacion:88,9,MENUDEO,2,18,1,9
3598,1916,255,presentacion:256,15,MENUDEO,2,30,1,15
3599,1916,109,presentacion:108,7,MENUDEO,4,28,1,7
3600,1916,189,presentacion:189,2,MENUDEO,3,6,1,2
3601,1916,67,presentacion:66,4,MENUDEO,25,100,1,4
3602,1916,141,presentacion:141,2,MENUDEO,30,60,1,2
3603,1916,51,presentacion:50,4,MENUDEO,3,12,1,4
3604,1916,215,presentacion:215,2,MENUDEO,8,16,1,2
3605,1916,1141,presentacion:1251,20,MENUDEO,118,2360,1,20
3606,1916,791,presentacion:829,2,MENUDEO,65,130,1,2
3607,1916,1041,presentacion:1116,1,MENUDEO,228,228,1,1
3608,1917,295,presentacion:303,2,MENUDEO,37,74,1,2
3609,1918,547,presentacion:553,4,MENUDEO,30,120,1,4
3610,1919,7,presentacion:7,2,MENUDEO,3800,7600,40,80
3611,1920,733,presentacion:740,7,MENUDEO,308,2156,1,7
3612,1920,596,presentacion:754,1,MENUDEO,155,155,1,1
3613,1920,294,presentacion:1334,1,MENUDEO,30,30,0.5,0.5
3614,1920,293,presentacion:301,0.5,MENUDEO,37,18.5,1,0.5
3615,1921,703,presentacion:844,3,MENUDEO,600,1800,1,3
3616,1922,703,presentacion:844,4,MENUDEO,600,2400,1,4
3617,1923,283,presentacion:286,30,MENUDEO,25,750,1,30
3618,1924,284,presentacion:287,5,MENUDEO,27,135,1,5
3619,1925,697,presentacion:700,10,MENUDEO,142,1420,1,10
3620,1926,1056,presentacion:1342,2,MENUDEO,2900,5800,7,14
3621,1926,735,presentacion:1165,2,MENUDEO,1900,3800,1,2
3622,1927,1141,presentacion:1251,20,MENUDEO,118,2360,1,20
3623,1928,7,presentacion:1043,1,MENUDEO,3450,3450,40,40
3624,1929,1141,presentacion:1252,2,MENUDEO,4500,9000,40,80
3625,1929,8,presentacion:285,20,MENUDEO,90,1800,1,20
3626,1930,1141,presentacion:1250,2,MENUDEO,4700,9400,40,80
3627,1931,284,presentacion:287,3,MENUDEO,27,81,1,3
3628,1931,296,presentacion:304,1,MENUDEO,39,39,1,1
3629,1931,293,presentacion:301,2,MENUDEO,37,74,1,2
3630,1932,1141,presentacion:1250,1,MENUDEO,4700,4700,40,40
3631,1933,735,presentacion:1165,2,MENUDEO,1900,3800,1,2
3632,1934,1056,presentacion:1342,2,MENUDEO,2900,5800,7,14
3633,1935,735,presentacion:1165,2,MENUDEO,1900,3800,1,2
3634,1936,1141,presentacion:1255,2,MENUDEO,4650,9300,40,80
3635,1937,113,presentacion:112,1,MENUDEO,23,23,1,1
3636,1938,733,presentacion:740,7,MENUDEO,308,2156,1,7
3637,1939,1141,presentacion:1251,8,MENUDEO,118,944,1,8
3638,1940,1178,presentacion:1309,1,MENUDEO,14000,14000,30,30
3639,1941,207,presentacion:207,1,MENUDEO,298,298,1,1
3640,1942,1178,presentacion:1309,1,MENUDEO,14000,14000,30,30
3641,1943,1178,presentacion:1309,1,MENUDEO,14000,14000,30,30
3642,1944,1056,presentacion:1193,4,MENUDEO,415,1660,1,4
3643,1945,6,presentacion:5,1,MENUDEO,3800,3800,20,20
3644,1945,1141,presentacion:1250,1,MENUDEO,4700,4700,40,40
3645,1946,534,presentacion:539,60,MENUDEO,0.5,30,1,60
3646,1946,535,presentacion:540,50,MENUDEO,0.5,25,1,50
3647,1947,610,presentacion:614,8,MENUDEO,0.5,4,1,8
3648,1947,397,presentacion:405,4,MENUDEO,0.5,2,1,4
3649,1947,619,presentacion:623,4,MENUDEO,0.5,2,1,4
3650,1948,7,presentacion:1191,0.5,MENUDEO,3600,1800,40,20
3651,1948,1141,presentacion:1252,2.5,MENUDEO,4500,11250,40,100
3652,1949,7,presentacion:1043,1,MENUDEO,3450,3450,40,40
3653,1950,703,presentacion:844,3,MENUDEO,600,1800,1,3
3654,1950,1141,presentacion:1251,20,MENUDEO,118,2360,1,20
3655,1950,284,presentacion:287,5,MENUDEO,27,135,1,5
3656,1951,1017,presentacion:1077,2,MENUDEO,60,120,2,4
3657,1952,679,presentacion:683,1,MENUDEO,280,280,1,1
3658,1953,852,presentacion:892,3,MENUDEO,450,1350,1,3
3659,1954,880,presentacion:920,1,MENUDEO,21,21,1,1
3660,1954,1053,presentacion:1127,1,MENUDEO,7,7,1,1
3661,1954,1141,presentacion:1251,4,MENUDEO,118,472,1,4
3662,1955,23,presentacion:23,1,MENUDEO,331,331,1,1
3663,1956,715,presentacion:723,40,MENUDEO,11,440,1,40
3664,1956,1194,presentacion:1356,1,MENUDEO,560,560,1,1
3665,1956,813,presentacion:852,1,MENUDEO,221,221,1,1
3666,1956,812,presentacion:863,1,MENUDEO,380,380,1,1
3667,1956,705,presentacion:713,35,MENUDEO,9,315,1,35
3668,1957,703,presentacion:844,1.5,MENUDEO,600,900,1,1.5
3669,1957,1141,presentacion:1251,20,MENUDEO,118,2360,1,20
3670,1958,957,presentacion:1343,1,MENUDEO,5600,5600,30,30
3671,1959,8,presentacion:9,1,MENUDEO,3600,3600,40,40
3672,1959,1141,presentacion:1251,20,MENUDEO,118,2360,1,20
3673,1960,957,presentacion:1194,1,MENUDEO,5000,5000,30,30
3674,1961,1141,presentacion:1251,15,MENUDEO,118,1770,1,15
3675,1962,1141,presentacion:1251,2,MENUDEO,118,236,1,2
3676,1963,1141,presentacion:1251,20,MENUDEO,118,2360,1,20
3677,1963,7,presentacion:8,20,MENUDEO,95,1900,1,20
3678,1963,243,presentacion:244,1,MENUDEO,595,595,1,1
3679,1964,780,presentacion:975,1,MENUDEO,3780,3780,7,7
3680,1965,735,presentacion:741,6,MENUDEO,1950,11700,1,6
3681,1965,596,presentacion:754,4,MENUDEO,155,620,1,4
3682,1965,284,presentacion:287,4,MENUDEO,27,108,1,4
3683,1966,594,presentacion:1357,1,MENUDEO,22640,22640,84,84
3684,1966,288,presentacion:291,20,MENUDEO,200,4000,1,20
3685,1967,735,presentacion:1165,1,MENUDEO,1900,1900,1,1
3686,1968,733,presentacion:740,4,MENUDEO,308,1232,1,4
3687,1969,8,presentacion:285,1,MENUDEO,90,90,1,1
3688,1970,735,presentacion:741,1,MENUDEO,1950,1950,1,1
3689,1971,703,presentacion:844,2,MENUDEO,600,1200,1,2
3690,1972,733,presentacion:740,1,MENUDEO,308,308,1,1
3691,1972,284,presentacion:287,1,MENUDEO,27,27,1,1
3692,1973,1052,presentacion:1126,1,MENUDEO,9,9,1,1
3693,1973,1053,presentacion:1127,1,MENUDEO,7,7,1,1
3694,1974,780,presentacion:975,1,MENUDEO,3780,3780,7,7
3695,1975,1141,presentacion:1251,10,MENUDEO,118,1180,1,10
3696,1976,1114,presentacion:1211,1,MENUDEO,100,100,1,1
3697,1977,1193,presentacion:1352,40,MENUDEO,429,17160,1,40
3698,1977,284,presentacion:1128,50,MENUDEO,26.5,1325,1,50
3699,1978,669,presentacion:673,2,MENUDEO,9,18,1,2
3700,1978,954,presentacion:999,1,MENUDEO,28,28,1,1
3701,1979,1138,presentacion:1244,1,MENUDEO,180,180,1,1
3702,1979,801,presentacion:840,2,MENUDEO,85,170,1,2
3703,1980,1052,presentacion:1126,5,MENUDEO,9,45,1,5
3704,1981,782,presentacion:819,5,MENUDEO,190,950,1,5
3705,1982,7,presentacion:1043,1,MENUDEO,3450,3450,40,40
3706,1982,1141,presentacion:1254,1,MENUDEO,4400,4400,40,40
3707,1983,1141,presentacion:1251,10,MENUDEO,118,1180,1,10
3708,1984,7,presentacion:8,1,MENUDEO,95,95,1,1
3709,1985,1056,presentacion:1342,1,MENUDEO,2900,2900,7,7
3710,1986,8,presentacion:9,0.5,MENUDEO,3600,1800,40,20
3711,1986,4,presentacion:1,0.5,MENUDEO,4700,2350,20,10
3712,1987,733,presentacion:740,4,MENUDEO,308,1232,1,4
3713,1987,852,presentacion:892,2,MENUDEO,450,900,1,2
3714,1988,703,presentacion:844,3,MENUDEO,600,1800,1,3
3715,1989,780,presentacion:976,1,MENUDEO,540,540,1,1
3716,1989,913,presentacion:954,1,MENUDEO,530,530,1,1
3717,1989,1141,presentacion:1251,4,MENUDEO,118,472,1,4
3718,1989,8,presentacion:285,5,MENUDEO,90,450,1,5
3719,1990,127,presentacion:126,1,MENUDEO,26,26,1,1
3720,1991,4,presentacion:1320,2,MENUDEO,4250,8500,20,40
3721,1992,7,presentacion:7,1,MENUDEO,3800,3800,40,40
3722,1993,7,presentacion:1043,1,MENUDEO,3450,3450,40,40
3723,1994,145,presentacion:145,1,MENUDEO,56,56,1,1
3724,1995,7,presentacion:1043,1,MENUDEO,3450,3450,40,40
3725,1995,1188,presentacion:1338,1,MENUDEO,30,30,1,1
3726,1996,1141,presentacion:1254,1,MENUDEO,4400,4400,40,40
3727,1997,987,presentacion:1344,5,MENUDEO,3700,18500,1000,5000
3728,1998,703,presentacion:844,1,MENUDEO,600,600,1,1
3729,1999,703,presentacion:1038,1,MENUDEO,17300,17300,30,30
3730,2000,923,presentacion:964,1,MENUDEO,2000,2000,7,7
3731,2001,1141,presentacion:1251,15,MENUDEO,118,1770,1,15
3732,2002,4,presentacion:1320,2,MENUDEO,4250,8500,20,40
3733,2003,4,presentacion:1308,5,MENUDEO,4400,22000,20,100
3734,2003,1193,presentacion:1352,14,MENUDEO,429,6006,1,14
3735,2003,594,presentacion:1359,32,MENUDEO,270,8640,1,32
3736,2003,596,presentacion:1280,169,MENUDEO,150,25350,1,169
3737,2004,987,presentacion:1287,8,MENUDEO,3800,30400,1000,8000
3738,2005,4,presentacion:1320,2,MENUDEO,4250,8500,20,40
3739,2005,7,presentacion:1303,2,MENUDEO,3300,6600,40,80
3740,2006,4,presentacion:1321,2,MENUDEO,4650,9300,20,40
3741,2007,936,presentacion:980,1,MENUDEO,2200,2200,7,7
3742,2008,289,presentacion:292,12,MENUDEO,330,3960,1,12
3743,2009,936,presentacion:980,2,MENUDEO,2200,4400,7,14
3744,2010,957,presentacion:1343,3,MENUDEO,5800,17400,30,90
3745,2011,174,presentacion:174,1,MENUDEO,103,103,1,1
3746,2012,703,presentacion:844,2,MENUDEO,600,1200,1,2
3747,2013,4,presentacion:2,1,MENUDEO,235,235,1,1
3748,2014,7,presentacion:7,1,MENUDEO,3800,3800,40,40
3749,2015,8,presentacion:9,1,MENUDEO,3600,3600,40,40
3750,2016,4,presentacion:2,10,MENUDEO,235,2350,1,10
3751,2016,7,presentacion:8,20,MENUDEO,95,1900,1,20
3752,2016,284,presentacion:287,3,MENUDEO,27,81,1,3
3753,2017,4,presentacion:1,2,MENUDEO,4700,9400,20,40
3754,2017,293,presentacion:301,2,MENUDEO,37,74,1,2
3755,2017,294,presentacion:302,1,MENUDEO,60,60,1,1
3756,2017,596,presentacion:754,10,MENUDEO,155,1550,1,10
3757,2017,284,presentacion:287,10,MENUDEO,27,270,1,10
3758,2018,4,presentacion:1320,4,MENUDEO,4250,17000,20,80
3759,2019,852,presentacion:892,0.5,MENUDEO,450,225,1,0.5
3760,2019,703,presentacion:844,1,MENUDEO,600,600,1,1
3761,2019,4,presentacion:2,5,MENUDEO,235,1175,1,5
3762,2020,7,presentacion:1303,2,MENUDEO,3300,6600,40,80
3763,2021,1056,presentacion:1193,9,MENUDEO,415,3735,1,9
3764,2022,1056,presentacion:1193,9,MENUDEO,415,3735,1,9
3765,2023,1056,presentacion:1193,9,MENUDEO,415,3735,1,9
3766,2024,735,presentacion:741,1,MENUDEO,1950,1950,1,1
3767,2025,1056,presentacion:1342,1,MENUDEO,2900,2900,7,7
3768,2026,923,presentacion:964,1,MENUDEO,2000,2000,7,7
3769,2027,735,presentacion:741,2,MENUDEO,1950,3900,1,2
3770,2028,735,presentacion:741,4,MENUDEO,1950,7800,1,4
3771,2029,4,presentacion:1319,2,MENUDEO,4500,9000,20,40
3772,2029,287,presentacion:290,200,MENUDEO,25,5000,1,200
3773,2029,284,presentacion:287,100,MENUDEO,27,2700,1,100
3774,2029,8,presentacion:9,2,MENUDEO,3600,7200,40,80
3775,2030,292,presentacion:300,1,MENUDEO,60,60,1,1
3776,2031,4,presentacion:2,3,MENUDEO,235,705,1,3
3777,2032,913,presentacion:954,3,MENUDEO,530,1590,1,3
3778,2032,852,presentacion:892,1,MENUDEO,450,450,1,1
3779,2032,697,presentacion:700,7,MENUDEO,142,994,1,7
3780,2032,4,presentacion:2,10,MENUDEO,235,2350,1,10
3781,2033,673,presentacion:676,1,MENUDEO,7,7,1,1
3782,2033,1184,presentacion:1330,4,MENUDEO,8,32,1,4
3783,2033,653,presentacion:658,1,MENUDEO,6,6,1,1
3784,2034,852,presentacion:892,1.5,MENUDEO,450,675,1,1.5
3785,2035,735,presentacion:741,2,MENUDEO,1950,3900,1,2
3786,2036,4,presentacion:1308,1,MENUDEO,4400,4400,20,20
3787,2037,323,presentacion:330,2,MENUDEO,13,26,1,2
3788,2037,316,presentacion:323,2,MENUDEO,7,14,1,2
3789,2038,923,presentacion:964,2,MENUDEO,2000,4000,7,14
3790,2039,376,presentacion:384,4,MENUDEO,0.5,2,1,4
3791,2039,610,presentacion:614,8,MENUDEO,0.5,4,1,8
3792,2039,460,presentacion:468,4,MENUDEO,0.5,2,1,4
3793,2039,1141,presentacion:1251,1,MENUDEO,118,118,1,1
3794,2040,1141,presentacion:1251,2,MENUDEO,118,236,1,2
3795,2041,4,presentacion:2,2,MENUDEO,235,470,1,2
3796,2042,733,presentacion:740,7,MENUDEO,308,2156,1,7
3797,2042,4,presentacion:1,1,MENUDEO,4700,4700,20,20
3798,2042,293,presentacion:301,1,MENUDEO,37,37,1,1
3799,2043,4,presentacion:2,10,MENUDEO,235,2350,1,10
3800,2044,987,presentacion:1360,4,MENUDEO,4000,16000,1,4
3801,2045,4,presentacion:2,5,MENUDEO,235,1175,1,5
3802,2046,235,presentacion:235,1,MENUDEO,75,75,1,1
3803,2047,1003,presentacion:1061,1,MENUDEO,34,34,1,1
3804,2047,1002,presentacion:1060,1,MENUDEO,34,34,1,1
3805,2047,683,presentacion:687,10,MENUDEO,7,70,1,10
3806,2047,736,presentacion:742,1,MENUDEO,104,104,1,1
3807,2048,207,presentacion:207,1,MENUDEO,298,298,1,1
3808,2048,206,presentacion:206,1,MENUDEO,120,120,1,1
3809,2049,703,presentacion:844,7,MENUDEO,600,4200,1,7
3810,2050,4,presentacion:1308,1,MENUDEO,4400,4400,20,20
3811,2051,596,presentacion:754,35,MENUDEO,155,5425,1,35
3812,2051,284,presentacion:1361,50,MENUDEO,30,1500,1,50
3813,2052,1193,presentacion:1352,98,MENUDEO,430,42140,1,98
3814,2053,7,presentacion:1043,1,MENUDEO,3450,3450,40,40
3815,2054,703,presentacion:844,1,MENUDEO,600,600,1,1
3816,2055,735,presentacion:741,6,MENUDEO,1999,11994,1,6
3817,2056,936,presentacion:980,1,MENUDEO,2200,2200,7,7
3818,2057,1056,presentacion:1342,1,MENUDEO,2900,2900,7,7
3819,2058,703,presentacion:844,1,MENUDEO,600,600,1,1
3820,2059,1056,presentacion:1342,1,MENUDEO,2900,2900,7,7
3821,2060,4,presentacion:2,5,MENUDEO,235,1175,1,5
3822,2061,987,presentacion:1344,5,MENUDEO,3700,18500,1000,5000
3823,2062,203,presentacion:203,3,MENUDEO,6,18,1,3
3824,2063,4,presentacion:1308,1,MENUDEO,4400,4400,20,20
3825,2064,4,presentacion:1369,2,MENUDEO,4500,9000,20,40
3826,2064,596,presentacion:1367,1,MENUDEO,21800,21800,155,155
3827,2064,594,presentacion:1368,1,MENUDEO,21800,21800,84,84
3828,2065,4,presentacion:1,1,MENUDEO,4700,4700,20,20
3829,2066,913,presentacion:1266,1,MENUDEO,3700,3700,7,7
3830,2066,4,presentacion:2,10,MENUDEO,235,2350,1,10
3831,2067,633,presentacion:638,2,MENUDEO,322,644,1,2
3832,2068,4,presentacion:1,1,MENUDEO,4700,4700,20,20
3833,2068,7,presentacion:7,1,MENUDEO,3800,3800,40,40
3834,2069,292,presentacion:300,1,MENUDEO,60,60,1,1
3835,2070,1000,presentacion:1058,1,MENUDEO,75,75,1,1
3836,2071,188,presentacion:187,6,MENUDEO,11,66,1,6
3837,2071,748,presentacion:761,28,MENUDEO,42,1176,1,28
3838,2071,751,presentacion:764,28,MENUDEO,42,1176,1,28
3839,2072,7,presentacion:1043,1,MENUDEO,3450,3450,40,40
3840,2073,703,presentacion:844,14,MENUDEO,600,8400,1,14
3841,2074,596,presentacion:754,20,MENUDEO,155,3100,1,20
3842,2074,285,presentacion:288,50,MENUDEO,25,1250,1,50
3843,2074,4,presentacion:1,1,MENUDEO,4700,4700,20,20
3844,2075,596,presentacion:1280,288,MENUDEO,150,43200,1,288
3845,2076,633,presentacion:638,1,MENUDEO,322,322,1,1
3846,2076,1029,presentacion:1094,1,MENUDEO,90,90,1,1
3847,2077,284,presentacion:287,10,MENUDEO,27,270,1,10
3848,2078,110,presentacion:109,2,MENUDEO,231,462,1,2
3849,2079,987,presentacion:1360,4,MENUDEO,4000,16000,1,4
3850,2080,736,presentacion:742,0.5,MENUDEO,104,52,1,0.5
3851,2080,1101,presentacion:1188,2,MENUDEO,29,58,1,2
3852,2081,7,presentacion:7,1,MENUDEO,3800,3800,40,40
3853,2082,7,presentacion:7,1,MENUDEO,3800,3800,40,40
3854,2083,733,presentacion:740,7,MENUDEO,308,2156,1,7
3855,2083,596,presentacion:754,1,MENUDEO,155,155,1,1
3856,2083,284,presentacion:287,5,MENUDEO,27,135,1,5
3857,2083,8,presentacion:285,15,MENUDEO,90,1350,1,15
3858,2083,4,presentacion:2,5,MENUDEO,235,1175,1,5
3859,2083,294,presentacion:302,1,MENUDEO,60,60,1,1
3860,2084,4,presentacion:1308,1,MENUDEO,4400,4400,20,20
3861,2085,594,presentacion:1359,102,MENUDEO,270,27540,1,102
3862,2085,596,presentacion:1280,12,MENUDEO,150,1800,1,12
3863,2086,953,presentacion:998,1,MENUDEO,230,230,1,1
3864,2086,723,presentacion:730,5,MENUDEO,15,75,1,5
3865,2086,694,presentacion:698,2,MENUDEO,42,84,1,2
3866,2087,1141,presentacion:1255,2,MENUDEO,4650,9300,40,80
3867,2088,1050,presentacion:1124,1,MENUDEO,95,95,1,1
3868,2089,1107,presentacion:1198,32,MENUDEO,25,800,1,32
3869,2089,1201,presentacion:1372,65,MENUDEO,25,1625,1,65
3870,2089,1189,presentacion:1346,26,MENUDEO,25,650,1,26
3871,2089,1202,presentacion:1373,20,MENUDEO,25,500,1,20
3872,2089,283,presentacion:286,101,MENUDEO,25,2525,1,101
3873,2089,284,presentacion:287,30,MENUDEO,27,810,1,30
3874,2090,781,presentacion:818,8,MENUDEO,89,712,1,8
3875,2091,703,presentacion:844,3,MENUDEO,600,1800,1,3
3876,2092,1048,presentacion:1122,1,MENUDEO,220,220,1,1
3877,2093,124,presentacion:123,1,MENUDEO,22,22,1,1
3878,2094,7,presentacion:1043,1,MENUDEO,3450,3450,40,40
3879,2095,913,presentacion:1266,1,MENUDEO,3700,3700,7,7
3880,2096,7,presentacion:1043,1,MENUDEO,3450,3450,40,40
3881,2097,7,presentacion:7,1,MENUDEO,3800,3800,40,40
3882,2097,284,presentacion:287,3,MENUDEO,27,81,1,3
3883,2097,942,presentacion:986,1,MENUDEO,62,62,1,1
3884,2098,781,presentacion:818,22,MENUDEO,89,1958,1,22
3885,2098,4,presentacion:2,5,MENUDEO,243,1215,1,5
3886,2099,851,presentacion:891,1,MENUDEO,103,103,1,1
3887,2099,978,presentacion:1024,3,MENUDEO,23,69,1,3
3888,2099,617,presentacion:621,10,MENUDEO,2,20,1,10
3889,2100,1141,presentacion:1251,2,MENUDEO,122,244,1,2
3890,2101,176,presentacion:175,1,MENUDEO,168,168,1,1
3891,2102,1200,presentacion:1371,28,MENUDEO,25,700,1,28
3892,2103,1141,presentacion:1252,2,MENUDEO,4600,9200,40,80
3893,2103,284,presentacion:1128,50,MENUDEO,26.5,1325,1,50
3894,2103,596,presentacion:1280,50,MENUDEO,150,7500,1,50
3895,2104,1141,presentacion:1250,1,MENUDEO,4850,4850,40,40
3896,2104,289,presentacion:292,2,MENUDEO,330,660,1,2
3897,2104,284,presentacion:287,5,MENUDEO,27,135,1,5
3898,2104,295,presentacion:303,1,MENUDEO,37,37,1,1
3899,2104,264,presentacion:1337,1,MENUDEO,19,19,0.5,0.5
3900,2105,913,presentacion:1266,1,MENUDEO,3700,3700,7,7
3901,2106,980,presentacion:1026,2,MENUDEO,146,292,1,2
3902,2106,782,presentacion:819,7,MENUDEO,190,1330,1,7
3903,2107,987,presentacion:1042,2,MENUDEO,4230,8460,1000,2000
3904,2108,8,presentacion:285,20,MENUDEO,90,1800,1,20
3905,2108,596,presentacion:754,35,MENUDEO,155,5425,1,35
3906,2108,283,presentacion:286,20,MENUDEO,25,500,1,20
3907,2108,284,presentacion:287,10,MENUDEO,27,270,1,10
3908,2109,8,presentacion:285,4,MENUDEO,90,360,1,4
3909,2110,1107,presentacion:1198,15.5,MENUDEO,25,387.5,1,15.5
3910,2111,292,presentacion:813,1,MENUDEO,30,30,0.5,0.5
3911,2112,311,presentacion:318,1,MENUDEO,18,18,1,1
3912,2113,781,presentacion:818,20,MENUDEO,89,1780,1,20
3913,2114,297,presentacion:305,1,MENUDEO,60,60,1,1
3914,2114,292,presentacion:300,1,MENUDEO,60,60,1,1
3915,2114,942,presentacion:986,1,MENUDEO,62,62,1,1
3916,2115,8,presentacion:285,15,MENUDEO,90,1350,1,15
3917,2116,987,presentacion:1360,6,MENUDEO,4000,24000,1,6
3918,2117,287,presentacion:1374,30,MENUDEO,22,660,1,30
3919,2118,993,presentacion:1216,2,MENUDEO,1150,2300,1,2
3920,2119,993,presentacion:1216,7,MENUDEO,1225,8575,1,7
3921,2120,820,presentacion:859,2,MENUDEO,886,1772,1,2
3922,2120,806,presentacion:846,4,MENUDEO,15,60,1,4
3923,2120,818,presentacion:857,2,MENUDEO,29,58,1,2
3924,2120,810,presentacion:850,3,MENUDEO,71,213,1,3
3925,2120,814,presentacion:853,2,MENUDEO,34,68,1,2
3926,2121,691,presentacion:1164,3,MENUDEO,13,39,1,3
3927,2121,1097,presentacion:1182,1,MENUDEO,46,46,1,1
3928,2122,178,presentacion:178,1,MENUDEO,157,157,1,1
3929,2123,4,presentacion:1319,1,MENUDEO,4600,4600,20,20
3930,2123,8,presentacion:9,1,MENUDEO,3600,3600,40,40
3931,2123,7,presentacion:1191,1,MENUDEO,3600,3600,40,40
3932,2124,1141,presentacion:1251,10,MENUDEO,120,1200,1,10
3933,2125,304,presentacion:311,1,MENUDEO,18,18,1,1
3934,2126,1203,presentacion:1375,1,MENUDEO,161,161,1,1
3935,2126,1204,presentacion:1376,1,MENUDEO,359,359,1,1
3936,2127,1141,presentacion:1254,1,MENUDEO,4500,4500,40,40
3937,2127,7,presentacion:1043,1,MENUDEO,3450,3450,40,40
3938,2128,913,presentacion:1266,1,MENUDEO,3700,3700,7,7
3939,2129,780,presentacion:975,1,MENUDEO,3780,3780,7,7
3940,2130,913,presentacion:1201,1,MENUDEO,16000,16000,14,14
3941,2131,735,presentacion:741,1,MENUDEO,1999,1999,1,1
3942,2132,1141,presentacion:1251,10,MENUDEO,120,1200,1,10
3943,2133,578,presentacion:584,2,MENUDEO,15,30,1,2
3944,2133,579,presentacion:585,2,MENUDEO,23,46,1,2
3945,2133,584,presentacion:590,2,MENUDEO,25,50,1,2
3946,2133,976,presentacion:1022,4,MENUDEO,12,48,1,4
3947,2133,508,presentacion:515,4,MENUDEO,7,28,1,4
3948,2133,601,presentacion:605,2,MENUDEO,4,8,1,2
3949,2133,1078,presentacion:1378,2,MENUDEO,7,14,1,2
3950,2133,976,presentacion:1022,4,MENUDEO,12,48,1,4
3951,2133,600,presentacion:604,4,MENUDEO,2.5,10,1,4
3952,2134,594,presentacion:620,4,MENUDEO,275,1100,1,4
3953,2134,287,presentacion:290,50,MENUDEO,25,1250,1,50
3954,2134,283,presentacion:286,3.5,MENUDEO,27,94.5,1,3.5
3955,2134,1116,presentacion:1218,1,MENUDEO,219,219,1,1
3956,2135,987,presentacion:1287,5,MENUDEO,3800,19000,1000,5000
3957,2136,957,presentacion:1088,1,MENUDEO,1800,1800,7,7
3958,2137,8,presentacion:9,1,MENUDEO,3600,3600,40,40
3959,2137,1141,presentacion:1250,1,MENUDEO,4800,4800,40,40
3960,2138,7,presentacion:8,20,MENUDEO,98,1960,1,20
3961,2139,957,presentacion:1194,1,MENUDEO,5300,5300,30,30
3962,2140,957,presentacion:1343,1,MENUDEO,5800,5800,30,30
3963,2141,957,presentacion:1381,10,MENUDEO,175,1750,1,10
3964,2142,957,presentacion:1382,10,MENUDEO,193,1930,1,10
3965,2143,782,presentacion:819,8,MENUDEO,190,1520,1,8
3966,2144,1056,presentacion:1379,2,MENUDEO,11300,22600,30,60
3967,2145,703,presentacion:1202,1,MENUDEO,16500,16500,30,30
3968,2146,1141,presentacion:1250,2,MENUDEO,4800,9600,40,80
3969,2146,8,presentacion:9,1,MENUDEO,3600,3600,40,40
3970,2147,7,presentacion:1043,1,MENUDEO,3550,3550,40,40
3971,2148,781,presentacion:818,1,MENUDEO,89,89,1,1
3972,2149,7,presentacion:7,1,MENUDEO,3900,3900,40,40
3973,2150,1052,presentacion:1126,10,MENUDEO,9,90,1,10
3974,2151,913,presentacion:954,7,MENUDEO,530,3710,1,7
3975,2152,7,presentacion:1043,2,MENUDEO,3550,7100,40,80
3976,2153,7,presentacion:7,1,MENUDEO,3900,3900,40,40
3977,2153,1141,presentacion:1251,10,MENUDEO,120,1200,1,10
3978,2154,284,presentacion:287,103.5,MENUDEO,27,2794.5,1,103.5
3979,2155,703,presentacion:844,3,MENUDEO,600,1800,1,3
3980,2155,1141,presentacion:1250,1,MENUDEO,4800,4800,40,40
3981,2156,115,presentacion:115,1,MENUDEO,4,4,1,1
3982,2156,199,presentacion:200,1,MENUDEO,16,16,1,1
3983,2156,138,presentacion:138,1,MENUDEO,27,27,1,1
3984,2156,141,presentacion:141,1,MENUDEO,30,30,1,1
3985,2156,104,presentacion:103,1,MENUDEO,19,19,1,1
3986,2156,89,presentacion:88,2,MENUDEO,2,4,1,2
3987,2157,284,presentacion:287,52,MENUDEO,27,1404,1,52
3988,2158,780,presentacion:976,3,MENUDEO,540,1620,1,3
3989,2159,703,presentacion:844,1,MENUDEO,600,600,1,1
3990,2159,913,presentacion:954,1,MENUDEO,530,530,1,1
3991,2159,1141,presentacion:1251,2,MENUDEO,120,240,1,2
3992,2159,8,presentacion:285,2,MENUDEO,90,180,1,2
3993,2160,780,presentacion:975,1,MENUDEO,3780,3780,7,7
3994,2161,284,presentacion:287,50,MENUDEO,27,1350,1,50
3995,2162,428,presentacion:435,4,MENUDEO,1,4,1,4
3996,2162,1060,presentacion:1141,4,MENUDEO,1,4,1,4
3997,2162,621,presentacion:626,4,MENUDEO,0.5,2,1,4
3998,2163,1209,presentacion:1388,1,MENUDEO,191,191,1,1
3999,2164,380,presentacion:388,3,MENUDEO,1,3,1,3
4000,2164,425,presentacion:432,5,MENUDEO,1,5,1,5
4001,2164,612,presentacion:615,10,MENUDEO,1,10,1,10
4002,2164,614,presentacion:617,5,MENUDEO,1,5,1,5
4003,2164,602,presentacion:606,3,MENUDEO,0.5,1.5,1,3
4004,2164,457,presentacion:464,2,MENUDEO,0.5,1,1,2
4005,2165,852,presentacion:892,1,MENUDEO,450,450,1,1
4006,2165,1141,presentacion:1250,1,MENUDEO,4800,4800,40,40
4007,2166,735,presentacion:741,2,MENUDEO,1999,3998,1,2
4008,2167,735,presentacion:741,1,MENUDEO,1999,1999,1,1
4009,2168,1141,presentacion:1251,1,MENUDEO,120,120,1,1
4010,2169,292,presentacion:300,17,MENUDEO,60,1020,1,17
4011,2170,1141,presentacion:1254,1,MENUDEO,4500,4500,40,40
4012,2170,7,presentacion:1043,1,MENUDEO,3550,3550,40,40
4013,2171,547,presentacion:553,4,MENUDEO,30,120,1,4
4014,2172,8,presentacion:9,2,MENUDEO,3600,7200,40,80
4015,2172,1141,presentacion:1252,1,MENUDEO,4600,4600,40,40
4016,2172,7,presentacion:1191,1,MENUDEO,3600,3600,40,40
4017,2172,293,presentacion:301,25,MENUDEO,37,925,1,25
4018,2173,112,presentacion:111,4,MENUDEO,8,32,1,4
4019,2173,188,presentacion:187,4,MENUDEO,11,44,1,4
4020,2173,156,presentacion:157,2,MENUDEO,25,50,1,2
4021,2173,1029,presentacion:1094,1,MENUDEO,93,93,1,1
4022,2173,1180,presentacion:1311,1,MENUDEO,32,32,1,1
4023,2174,1141,presentacion:1251,2,MENUDEO,120,240,1,2
4024,2175,596,presentacion:1130,1,MENUDEO,22640,22640,150,150
4025,2175,1141,presentacion:1252,2,MENUDEO,4600,9200,40,80
4026,2175,284,presentacion:1128,100,MENUDEO,26.5,2650,1,100
4027,2176,594,presentacion:1357,1,MENUDEO,22640,22640,84,84
4028,2176,596,presentacion:1130,1,MENUDEO,22640,22640,150,150
4029,2177,287,presentacion:1132,100,MENUDEO,24.5,2450,1,100
4030,2178,717,presentacion:795,2,MENUDEO,1108,2216,100,200
4031,2178,723,presentacion:794,2,MENUDEO,1562,3124,100,200
4032,2179,1050,presentacion:1124,1,MENUDEO,100,100,1,1
4033,2179,1047,presentacion:1121,1,MENUDEO,100,100,1,1
4034,2180,269,presentacion:1292,2,MENUDEO,24,48,1,2
4035,2180,780,presentacion:976,3,MENUDEO,540,1620,1,3
4036,2180,123,presentacion:122,1,MENUDEO,12,12,1,1
4037,2180,156,presentacion:157,1,MENUDEO,25,25,1,1
4038,2180,70,presentacion:68,1,MENUDEO,35,35,1,1
4039,2180,941,presentacion:985,2,MENUDEO,57,114,1,2
4040,2181,594,presentacion:1357,1,MENUDEO,22640,22640,84,84
4041,2181,596,presentacion:1130,1,MENUDEO,22640,22640,150,150
4042,2182,594,presentacion:1357,1,MENUDEO,22640,22640,84,84
4043,2183,669,presentacion:673,3,MENUDEO,9,27,1,3
4044,2183,687,presentacion:691,1,MENUDEO,29,29,1,1
4045,2183,851,presentacion:891,2,MENUDEO,103,206,1,2
4046,2183,573,presentacion:579,4,MENUDEO,1,4,1,4
4047,2183,613,presentacion:616,4,MENUDEO,1,4,1,4
4048,2183,461,presentacion:467,6,MENUDEO,2,12,1,6
4049,2183,512,presentacion:518,4,MENUDEO,8,32,1,4
4050,2184,284,presentacion:287,50,MENUDEO,28,1400,1,50
4051,2184,987,presentacion:1360,2513,MENUDEO,4,10052,1,2513
4052,2185,7,presentacion:7,1,MENUDEO,3900,3900,40,40
4053,2185,1210,presentacion:1389,1,MENUDEO,675,675,1,1
4054,2186,112,presentacion:111,1,MENUDEO,8,8,1,1
4055,2186,833,presentacion:873,1,MENUDEO,40,40,1,1
4056,2186,1164,presentacion:1289,1,MENUDEO,25,25,1,1
4057,2187,703,presentacion:1084,1,MENUDEO,4200,4200,7,7
4058,2188,703,presentacion:844,2,MENUDEO,600,1200,1,2
4059,2189,771,presentacion:801,1,MENUDEO,18,18,1,1
4060,2189,1183,presentacion:1329,1,MENUDEO,8,8,1,1
4061,2190,1211,presentacion:1390,30,MENUDEO,27,810,1,30
4062,2191,1146,presentacion:1262,1,MENUDEO,261,261,1,1
4063,2192,7,presentacion:1043,2,MENUDEO,3550,7100,40,80
4064,2193,596,presentacion:754,30,MENUDEO,155,4650,1,30
4065,2193,284,presentacion:287,20,MENUDEO,28,560,1,20
4066,2193,1141,presentacion:1250,1,MENUDEO,4800,4800,40,40
4067,2193,283,presentacion:286,5.5,MENUDEO,27,148.5,1,5.5
4068,2194,782,presentacion:819,17,MENUDEO,190,3230,1,17
4069,2195,913,presentacion:954,7,MENUDEO,530,3710,1,7
4070,2196,7,presentacion:7,1,MENUDEO,3900,3900,40,40
4071,2197,703,presentacion:844,4,MENUDEO,600,2400,1,4
4072,2198,8,presentacion:285,15,MENUDEO,90,1350,1,15
4073,2199,284,presentacion:287,15,MENUDEO,28,420,1,15
4074,2199,283,presentacion:286,10,MENUDEO,27,270,1,10
4075,2200,1141,presentacion:1250,0.5,MENUDEO,4800,2400,40,20
4076,2200,594,presentacion:620,15,MENUDEO,275,4125,1,15
4077,2201,7,presentacion:7,1,MENUDEO,3900,3900,40,40
4078,2201,1141,presentacion:1251,20,MENUDEO,120,2400,1,20
4079,2202,987,presentacion:1042,1,MENUDEO,4230,4230,1000,1000
4080,2203,987,presentacion:1360,5500,MENUDEO,4,22000,1,5500
4081,2204,1141,presentacion:1251,12,MENUDEO,120,1440,1,12
4082,2205,653,presentacion:658,1,MENUDEO,6,6,1,1
4083,2205,1183,presentacion:1329,2,MENUDEO,8,16,1,2
4084,2206,852,presentacion:892,2,MENUDEO,450,900,1,2
4085,2206,188,presentacion:187,2,MENUDEO,11,22,1,2
4086,2206,70,presentacion:68,1,MENUDEO,35,35,1,1
4087,2206,244,presentacion:245,1,MENUDEO,13,13,1,1
4088,2206,171,presentacion:172,1,MENUDEO,7,7,1,1
4089,2206,112,presentacion:111,2,MENUDEO,8,16,1,2
4090,2206,203,presentacion:203,1,MENUDEO,6,6,1,1
4091,2206,269,presentacion:1292,2,MENUDEO,24,48,1,2
4092,2206,1029,presentacion:1094,1,MENUDEO,93,93,1,1
4093,2207,703,presentacion:844,3,MENUDEO,600,1800,1,3
4094,2207,266,presentacion:268,1,MENUDEO,14,14,1,1
4095,2208,987,presentacion:1287,5,MENUDEO,3800,19000,1000,5000
4096,2209,703,presentacion:1202,1,MENUDEO,16500,16500,30,30
4097,2210,596,presentacion:1130,1,MENUDEO,22640,22640,150,150
4098,2211,7,presentacion:1043,1,MENUDEO,3550,3550,40,40
4099,2212,998,presentacion:1056,1,MENUDEO,209,209,1,1
4100,2212,1019,presentacion:1079,1,MENUDEO,65,65,1,1
4101,2212,302,presentacion:309,1,MENUDEO,19,19,1,1
4102,2212,1198,presentacion:1365,1,MENUDEO,47,47,1,1
4103,2213,8,presentacion:285,15,MENUDEO,90,1350,1,15
4104,2214,49,presentacion:47,2,MENUDEO,12,24,1,2
4105,2214,171,presentacion:172,4,MENUDEO,7,28,1,4
4106,2215,329,presentacion:336,2,MENUDEO,299,598,1,2
4107,2215,176,presentacion:175,2,MENUDEO,168,336,1,2
4108,2215,110,presentacion:109,2,MENUDEO,231,462,1,2
4109,2216,148,presentacion:148,1,MENUDEO,80,80,1,1
4110,2217,951,presentacion:995,1,MENUDEO,49,49,1,1
4111,2217,880,presentacion:920,1,MENUDEO,21,21,1,1
4112,2217,1110,presentacion:1204,10,MENUDEO,4,40,1,10
4113,2218,594,presentacion:620,40,MENUDEO,275,11000,1,40
4114,2218,228,presentacion:228,1,MENUDEO,1900,1900,1,1
4115,2218,286,presentacion:289,21,MENUDEO,27,567,1,21
4116,2219,284,presentacion:287,2,MENUDEO,28,56,1,2
4117,2220,1000,presentacion:1058,1,MENUDEO,75,75,1,1
4118,2221,1141,presentacion:1251,1,MENUDEO,120,120,1,1
4119,2222,1141,presentacion:1251,15,MENUDEO,120,1800,1,15
4120,2223,723,presentacion:730,95,MENUDEO,15,1425,1,95
4121,2223,730,presentacion:737,1,MENUDEO,1108,1108,100,100
4122,2223,721,presentacion:796,1,MENUDEO,1108,1108,100,100
4123,2223,738,presentacion:791,1,MENUDEO,1562,1562,1,1
4124,2224,1141,presentacion:1252,1,MENUDEO,4600,4600,40,40
4125,2224,7,presentacion:1191,1,MENUDEO,3600,3600,40,40
4126,2225,1141,presentacion:1251,20,MENUDEO,120,2400,1,20
4127,2225,8,presentacion:285,20,MENUDEO,90,1800,1,20
4128,2226,1056,presentacion:1342,1,MENUDEO,2900,2900,7,7
4129,2226,735,presentacion:741,1,MENUDEO,1999,1999,1,1
4130,2226,1024,presentacion:1087,5,MENUDEO,100,500,1,5
4131,2227,703,presentacion:844,2,MENUDEO,600,1200,1,2
4132,2228,1141,presentacion:1250,1,MENUDEO,4800,4800,40,40
4133,2228,7,presentacion:7,1,MENUDEO,3900,3900,40,40
4134,2228,703,presentacion:1084,1,MENUDEO,4200,4200,7,7
4135,2229,7,presentacion:7,1,MENUDEO,3900,3900,40,40
4136,2229,8,presentacion:285,5,MENUDEO,90,450,1,5
4137,2230,86,presentacion:86,2,MENUDEO,690,1380,1,2
4138,2230,1196,presentacion:1363,2,MENUDEO,96,192,1,2
4139,2230,1053,presentacion:1127,12,MENUDEO,7,84,1,12
4140,2230,230,presentacion:230,2,MENUDEO,13,26,1,2
4141,2230,236,presentacion:236,2,MENUDEO,16,32,1,2
4142,2231,551,presentacion:563,1,MENUDEO,72,72,1,1
4143,2231,75,presentacion:77,1,MENUDEO,196,196,1,1
4144,2232,1141,presentacion:1370,2,MENUDEO,4500,9000,40,80
4145,2233,852,presentacion:892,7,MENUDEO,450,3150,1,7
4146,2233,703,presentacion:1084,1,MENUDEO,4200,4200,7,7
4147,2234,1141,presentacion:1251,10,MENUDEO,120,1200,1,10
4148,2235,1141,presentacion:1251,15,MENUDEO,120,1800,1,15
4149,2236,1141,presentacion:1250,1,MENUDEO,4800,4800,40,40
4150,2236,7,presentacion:7,2,MENUDEO,3900,7800,40,80
4151,2237,776,presentacion:806,1,MENUDEO,72,72,1,1
4152,2237,1134,presentacion:1239,1,MENUDEO,78,78,1,1
4153,2237,858,presentacion:898,2,MENUDEO,16,32,1,2
4154,2237,1042,presentacion:1117,1,MENUDEO,204,204,1,1
4155,2238,987,presentacion:1035,1802,MENUDEO,4.23,7622.46,1,1802
4156,2239,793,presentacion:831,2,MENUDEO,33,66,1,2
4157,2240,59,presentacion:57,1,MENUDEO,64,64,1,1
4158,2241,596,presentacion:754,5,MENUDEO,155,775,1,5
4159,2241,283,presentacion:286,5,MENUDEO,27,135,1,5
4160,2242,957,presentacion:1194,1,MENUDEO,5300,5300,30,30
4161,2243,558,presentacion:555,50,MENUDEO,1,50,1,50
4162,2243,736,presentacion:742,1,MENUDEO,104,104,1,1
4163,2244,1141,presentacion:1254,1,MENUDEO,4500,4500,40,40
4164,2244,7,presentacion:1043,1,MENUDEO,3550,3550,40,40
4165,2245,1056,presentacion:1342,3,MENUDEO,2900,8700,7,21
4166,2246,1141,presentacion:1251,2,MENUDEO,120,240,1,2
4167,2247,1141,presentacion:1251,10,MENUDEO,120,1200,1,10
4168,2247,7,presentacion:8,30,MENUDEO,98,2940,1,30
4169,2248,936,presentacion:1391,1,MENUDEO,1500,1500,3.5,3.5
4170,2249,703,presentacion:844,1,MENUDEO,600,600,1,1
4171,2249,852,presentacion:892,1,MENUDEO,450,450,1,1
4172,2249,1141,presentacion:1251,20,MENUDEO,120,2400,1,20
4173,2250,664,presentacion:669,1,MENUDEO,9,9,1,1
4174,2250,848,presentacion:888,1,MENUDEO,113,113,1,1
4175,2250,686,presentacion:690,4,MENUDEO,114,456,1,4
4176,2251,697,presentacion:1392,10,MENUDEO,190,1900,1,10
4177,2251,287,presentacion:290,50,MENUDEO,25,1250,1,50
4178,2251,284,presentacion:287,50,MENUDEO,28,1400,1,50
4179,2252,193,presentacion:195,10,MENUDEO,3,30,1,10
4180,2252,67,presentacion:66,5,MENUDEO,25,125,1,5
4181,2252,89,presentacion:88,15,MENUDEO,2,30,1,15
4182,2252,193,presentacion:195,2,MENUDEO,3,6,1,2
4183,2252,81,presentacion:79,10,MENUDEO,3,30,1,10
4184,2252,84,presentacion:83,10,MENUDEO,3,30,1,10
4185,2252,325,presentacion:332,3,MENUDEO,4,12,1,3
4186,2252,663,presentacion:668,4,MENUDEO,36,144,1,4
4187,2252,791,presentacion:829,1,MENUDEO,65,65,1,1
4188,2252,784,presentacion:822,2,MENUDEO,32,64,1,2
4189,2252,163,presentacion:163,2,MENUDEO,19,38,1,2
4190,2252,1164,presentacion:1289,2,MENUDEO,25,50,1,2
4191,2252,230,presentacion:230,1,MENUDEO,13,13,1,1
4192,2252,663,presentacion:668,6,MENUDEO,36,216,1,6
4193,2252,1212,presentacion:1400,1,MENUDEO,670,670,1,1
4194,2252,953,presentacion:998,1,MENUDEO,230,230,1,1
4195,2252,1213,presentacion:1401,5,MENUDEO,70,350,1,5
4196,2253,703,presentacion:844,1,MENUDEO,600,600,1,1
4197,2254,1141,presentacion:1252,1,MENUDEO,4600,4600,40,40
4198,2254,7,presentacion:1191,1,MENUDEO,3600,3600,40,40
4199,2255,284,presentacion:1128,50,MENUDEO,26.5,1325,1,50
4200,2255,287,presentacion:1132,100,MENUDEO,24.5,2450,1,100
4201,2255,296,presentacion:304,24,MENUDEO,38,912,1,24
4202,2256,594,presentacion:620,30,MENUDEO,275,8250,1,30
4203,2256,286,presentacion:289,25,MENUDEO,27,675,1,25
4204,2257,1079,presentacion:1161,1,MENUDEO,105,105,1,1
4205,2258,703,presentacion:844,2,MENUDEO,600,1200,1,2
4206,2259,994,presentacion:1050,4,MENUDEO,56,224,1,4
4207,2260,1141,presentacion:1255,2,MENUDEO,4750,9500,40,80
4208,2261,1201,presentacion:1372,10,MENUDEO,27,270,1,10
4209,2261,1202,presentacion:1373,12,MENUDEO,27,324,1,12
4210,2262,1141,presentacion:1251,20,MENUDEO,120,2400,1,20
4211,2262,7,presentacion:8,20,MENUDEO,98,1960,1,20
4212,2263,780,presentacion:976,2,MENUDEO,540,1080,1,2
4213,2263,1141,presentacion:1251,20,MENUDEO,120,2400,1,20
4214,2264,7,presentacion:8,12,MENUDEO,98,1176,1,12
4215,2265,987,presentacion:1360,2002,MENUDEO,4,8008,1,2002
4216,2266,1141,presentacion:1251,12,MENUDEO,120,1440,1,12
4217,2267,560,presentacion:559,2,MENUDEO,10,20,1,2
4218,2267,1060,presentacion:1141,2,MENUDEO,1,2,1,2
4219,2268,250,presentacion:251,10,MENUDEO,5,50,1,10
4220,2269,7,presentacion:8,28,MENUDEO,98,2744,1,28
4221,2270,474,presentacion:481,2,MENUDEO,3,6,1,2
4222,2270,605,presentacion:609,2,MENUDEO,1,2,1,2
4223,2270,361,presentacion:369,4,MENUDEO,0.5,2,1,4
4224,2270,395,presentacion:403,4,MENUDEO,0.5,2,1,4
4225,2271,987,presentacion:1360,3600,MENUDEO,4,14400,1,3600
4226,2272,222,presentacion:221,2,MENUDEO,2,4,1,2
4227,2272,676,presentacion:680,7,MENUDEO,10,70,1,7
4228,2272,254,presentacion:255,10,MENUDEO,5,50,1,10
4229,2272,1207,presentacion:1386,3,MENUDEO,57,171,1,3
4230,2272,956,presentacion:1001,5,MENUDEO,68,340,1,5
4231,2272,109,presentacion:108,2,MENUDEO,5,10,1,2
4232,2272,193,presentacion:195,10,MENUDEO,4,40,1,10
4233,2272,642,presentacion:647,2,MENUDEO,4,8,1,2
4234,2272,7,presentacion:8,20,MENUDEO,98,1960,1,20
4235,2273,7,presentacion:8,20,MENUDEO,98,1960,1,20
4236,2274,294,presentacion:302,1,MENUDEO,60,60,1,1
4237,2275,669,presentacion:673,10,MENUDEO,9,90,1,10
4238,2275,1101,presentacion:1188,1,MENUDEO,29,29,1,1
4239,2276,7,presentacion:1043,1,MENUDEO,3550,3550,40,40
4240,2277,913,presentacion:1266,1,MENUDEO,3700,3700,7,7
4241,2278,250,presentacion:251,10,MENUDEO,5,50,1,10
4242,2278,72,presentacion:70,10,MENUDEO,8,80,1,10
4243,2279,913,presentacion:954,2,MENUDEO,530,1060,1,2
4244,2279,1141,presentacion:1251,15,MENUDEO,120,1800,1,15
4245,2280,987,presentacion:1360,600,MENUDEO,4,2400,1,600
4246,2281,203,presentacion:203,3,MENUDEO,6,18,1,3
4247,2281,112,presentacion:111,3,MENUDEO,8,24,1,3
4248,2282,694,presentacion:698,1,MENUDEO,42,42,1,1
4249,2282,952,presentacion:997,1,MENUDEO,39,39,1,1
4250,2283,913,presentacion:954,4,MENUDEO,530,2120,1,4
4251,2284,1141,presentacion:1251,20,MENUDEO,120,2400,1,20
4252,2284,8,presentacion:9,1,MENUDEO,3600,3600,40,40
4253,2285,284,presentacion:287,4.5,MENUDEO,28,126,1,4.5
4254,2285,1141,presentacion:1251,10,MENUDEO,120,1200,1,10
4255,2286,723,presentacion:794,2,MENUDEO,1562,3124,100,200
4256,2286,717,presentacion:795,1,MENUDEO,1108,1108,100,100
4257,2286,721,presentacion:796,1,MENUDEO,1108,1108,100,100
4258,2286,302,presentacion:309,1,MENUDEO,19,19,1,1
4259,2287,1141,presentacion:1250,2,MENUDEO,4800,9600,40,80
4260,2288,994,presentacion:1050,29,MENUDEO,56,1624,1,29
4261,2289,780,presentacion:976,3.5,MENUDEO,540,1890,1,3.5
4262,2290,145,presentacion:145,1,MENUDEO,56,56,1,1
4263,2291,284,presentacion:287,2,MENUDEO,28,56,1,2
4264,2292,594,presentacion:620,6,MENUDEO,275,1650,1,6
4265,2292,596,presentacion:754,6,MENUDEO,155,930,1,6
4266,2292,633,presentacion:638,2,MENUDEO,322,644,1,2
4267,2292,288,presentacion:291,2,MENUDEO,200,400,1,2
4268,2292,261,presentacion:266,6,MENUDEO,26,156,1,6
4269,2292,1141,presentacion:1251,15,MENUDEO,120,1800,1,15
4270,2293,7,presentacion:8,4,MENUDEO,98,392,1,4
4271,2294,1141,presentacion:1255,2,MENUDEO,4750,9500,40,80
4272,2294,284,presentacion:287,5,MENUDEO,28,140,1,5
4273,2295,913,presentacion:1266,1,MENUDEO,3700,3700,7,7
4274,2296,1107,presentacion:1198,9.5,MENUDEO,27,256.5,1,9.5
4275,2297,987,presentacion:1035,52,MENUDEO,4.23,219.96,1,52
4276,2298,980,presentacion:1026,15,MENUDEO,146,2190,1,15
4277,2299,703,presentacion:844,0.5,MENUDEO,600,300,1,0.5
4278,2299,7,presentacion:8,5,MENUDEO,98,490,1,5
4279,2299,1141,presentacion:1251,3,MENUDEO,120,360,1,3
4280,2300,852,presentacion:892,7,MENUDEO,450,3150,1,7
4281,2300,1024,presentacion:1087,1,MENUDEO,100,100,1,1
4282,2301,8,presentacion:285,20,MENUDEO,90,1800,1,20
4283,2301,1079,presentacion:1161,2,MENUDEO,105,210,1,2
4284,2302,703,presentacion:1084,2,MENUDEO,4200,8400,7,14
4285,2302,1024,presentacion:1087,2,MENUDEO,100,200,1,2
4286,2303,987,presentacion:1035,35,MENUDEO,4.23,148.05,1,35
4287,2304,994,presentacion:1050,3,MENUDEO,56,168,1,3
4288,2305,715,presentacion:723,2,MENUDEO,11,22,1,2
4289,2305,705,presentacion:713,3,MENUDEO,9,27,1,3
4290,2305,991,presentacion:1045,30,MENUDEO,6,180,1,30
4291,2306,1132,presentacion:1404,1,MENUDEO,2000,2000,1,1
4292,2307,703,presentacion:1084,1,MENUDEO,4200,4200,7,7
4293,2308,7,presentacion:7,1,MENUDEO,3900,3900,40,40
4294,2308,780,presentacion:976,14,MENUDEO,540,7560,1,14
4295,2309,936,presentacion:1391,1,MENUDEO,1500,1500,3.5,3.5
4296,2310,1141,presentacion:1251,15,MENUDEO,120,1800,1,15
4297,2310,596,presentacion:754,2,MENUDEO,155,310,1,2
4298,2311,7,presentacion:7,1,MENUDEO,3900,3900,40,40
4299,2312,1141,presentacion:1251,10,MENUDEO,120,1200,1,10
4300,2312,7,presentacion:8,30,MENUDEO,98,2940,1,30
4301,2313,8,presentacion:9,1,MENUDEO,3600,3600,40,40
4302,2314,1141,presentacion:1250,1,MENUDEO,4800,4800,40,40
4303,2314,7,presentacion:7,1,MENUDEO,3900,3900,40,40
4304,2315,703,presentacion:844,1.5,MENUDEO,600,900,1,1.5
4305,2316,987,presentacion:1360,2000,MENUDEO,4,8000,1,2000
4306,2316,284,presentacion:1405,50,MENUDEO,27,1350,1,50
4307,2317,594,presentacion:620,9,MENUDEO,275,2475,1,9
4308,2317,987,presentacion:1287,5,MENUDEO,3800,19000,1000,5000
4309,2318,206,presentacion:206,1,MENUDEO,120,120,1,1
4310,2319,594,presentacion:620,12,MENUDEO,275,3300,1,12
4311,2319,596,presentacion:754,4,MENUDEO,155,620,1,4
4312,2320,284,presentacion:1128,50,MENUDEO,26.5,1325,1,50
4313,2320,287,presentacion:1132,50,MENUDEO,24.5,1225,1,50
4314,2320,1141,presentacion:1252,1.5,MENUDEO,4600,6900,40,60
4315,2320,7,presentacion:1191,1.5,MENUDEO,3600,5400,40,60
4316,2321,224,presentacion:223,1,MENUDEO,10,10,1,1
4317,2321,31,presentacion:29,1,MENUDEO,1,1,1,1
4318,2321,999,presentacion:1057,2,MENUDEO,1380,2760,1,2
4319,2321,16,presentacion:19,1,MENUDEO,27,27,1,1
4320,2322,1180,presentacion:1311,1,MENUDEO,32,32,1,1
4321,2322,793,presentacion:831,1,MENUDEO,33,33,1,1
4322,2323,1114,presentacion:1211,1,MENUDEO,100,100,1,1
4323,2324,7,presentacion:7,1,MENUDEO,3900,3900,40,40
4324,2325,1141,presentacion:1251,15,MENUDEO,120,1800,1,15
4325,2325,284,presentacion:287,30,MENUDEO,28,840,1,30
4326,2326,852,presentacion:892,1.5,MENUDEO,450,675,1,1.5
4327,2327,1141,presentacion:1251,34,MENUDEO,120,4080,1,34
4328,2327,7,presentacion:8,14,MENUDEO,98,1372,1,14
4329,2327,594,presentacion:620,19,MENUDEO,275,5225,1,19
4330,2327,596,presentacion:754,10,MENUDEO,155,1550,1,10
4331,2327,287,presentacion:290,35,MENUDEO,25,875,1,35
4332,2327,284,presentacion:287,25,MENUDEO,28,700,1,25
4333,2328,782,presentacion:819,17,MENUDEO,190,3230,1,17
4334,2329,781,presentacion:818,6,MENUDEO,89,534,1,6
4335,2330,38,presentacion:37,2,MENUDEO,111,222,1,2
4336,2330,777,presentacion:807,2,MENUDEO,157.5,315,1,2
4337,2330,77,presentacion:75,2,MENUDEO,52,104,1,2
4338,2330,1039,presentacion:1107,1,MENUDEO,55,55,1,1
4339,2330,1216,presentacion:1406,1,MENUDEO,1270,1270,1,1
4340,2330,1217,presentacion:1407,3,MENUDEO,27,81,1,3
4341,2331,852,presentacion:892,7,MENUDEO,450,3150,1,7
4342,2332,703,presentacion:844,2,MENUDEO,600,1200,1,2
4343,2333,1141,presentacion:1251,10,MENUDEO,120,1200,1,10
4344,2334,594,presentacion:620,14,MENUDEO,275,3850,1,14
4345,2334,596,presentacion:754,10,MENUDEO,155,1550,1,10
4346,2335,242,presentacion:243,1,MENUDEO,231,231,1,1
4347,2336,7,presentacion:1043,1,MENUDEO,3550,3550,40,40
4348,2337,1141,presentacion:1250,1,MENUDEO,4800,4800,40,40
4349,2337,8,presentacion:9,1,MENUDEO,3600,3600,40,40
4350,2338,7,presentacion:8,30,MENUDEO,98,2940,1,30
4351,2338,833,presentacion:873,2,MENUDEO,40,80,1,2
4352,2339,703,presentacion:844,2,MENUDEO,600,1200,1,2
4353,2339,913,presentacion:954,2,MENUDEO,530,1060,1,2
4354,2339,1141,presentacion:1251,20,MENUDEO,120,2400,1,20
4355,2340,913,presentacion:954,4,MENUDEO,530,2120,1,4
4356,2340,703,presentacion:844,4,MENUDEO,600,2400,1,4
4357,2340,852,presentacion:892,2,MENUDEO,450,900,1,2
4358,2341,703,presentacion:844,1,MENUDEO,600,600,1,1
4359,2341,852,presentacion:892,0.5,MENUDEO,450,225,1,0.5
4360,2341,1141,presentacion:1251,10,MENUDEO,120,1200,1,10
4361,2342,913,presentacion:954,4,MENUDEO,530,2120,1,4
4362,2342,852,presentacion:892,2,MENUDEO,450,900,1,2
4363,2343,1141,presentacion:1251,5,MENUDEO,120,600,1,5
4364,2344,735,presentacion:1165,3,MENUDEO,1999,5997,1,3
4365,2345,1141,presentacion:1250,1,MENUDEO,4800,4800,40,40
4366,2345,8,presentacion:9,1,MENUDEO,3600,3600,40,40
4367,2346,987,presentacion:1042,1,MENUDEO,4230,4230,1000,1000
4368,2347,1141,presentacion:1250,1,MENUDEO,4800,4800,40,40
4369,2347,7,presentacion:7,1,MENUDEO,3900,3900,40,40
4370,2348,703,presentacion:844,14,MENUDEO,600,8400,1,14
4371,2349,1141,presentacion:1250,1,MENUDEO,4800,4800,40,40
4372,2349,596,presentacion:754,20,MENUDEO,155,3100,1,20
4373,2349,594,presentacion:620,5,MENUDEO,275,1375,1,5
4374,2350,1141,presentacion:1251,4,MENUDEO,120,480,1,4
4375,2351,1141,presentacion:1251,3,MENUDEO,120,360,1,3
4376,2351,633,presentacion:638,1,MENUDEO,322,322,1,1
4377,2351,261,presentacion:266,2,MENUDEO,26,52,1,2
4378,2351,697,presentacion:700,1,MENUDEO,153,153,1,1
4379,2351,284,presentacion:287,1,MENUDEO,28,28,1,1
4380,2351,1195,presentacion:1362,1,MENUDEO,240,240,1,1
4381,2351,18,presentacion:20,1,MENUDEO,46,46,1,1
4382,2352,8,presentacion:285,20,MENUDEO,90,1800,1,20
4383,2352,1141,presentacion:1251,20,MENUDEO,120,2400,1,20
4384,2352,733,presentacion:740,7,MENUDEO,308,2156,1,7
4385,2353,1056,presentacion:1355,2,MENUDEO,415,830,1,2
4386,2353,269,presentacion:1292,9,MENUDEO,24,216,1,9
4387,2353,112,presentacion:111,1,MENUDEO,8,8,1,1
4388,2353,152,presentacion:152,1,MENUDEO,8,8,1,1
4389,2353,785,presentacion:823,1,MENUDEO,30,30,1,1
4390,2354,1141,presentacion:1251,25,MENUDEO,120,3000,1,25
4391,2354,7,presentacion:8,30,MENUDEO,98,2940,1,30
4392,2355,547,presentacion:553,2,MENUDEO,30,60,1,2
4393,2356,1141,presentacion:1251,4,MENUDEO,120,480,1,4
4394,2357,987,presentacion:1360,4000,MENUDEO,4,16000,1,4000
4395,2358,985,presentacion:1031,1,MENUDEO,99,99,1,1
4396,2358,161,presentacion:161,2,MENUDEO,23,46,1,2
4397,2358,1109,presentacion:1200,1,MENUDEO,170,170,1,1
4398,2358,875,presentacion:915,1,MENUDEO,83,83,1,1
4399,2359,1020,presentacion:1080,1,MENUDEO,51,51,1,1
4400,2360,1141,presentacion:1254,1,MENUDEO,4500,4500,40,40
4401,2360,7,presentacion:1043,1,MENUDEO,3550,3550,40,40
4402,2360,289,presentacion:292,2,MENUDEO,330,660,1,2
4403,2361,596,presentacion:754,5,MENUDEO,155,775,1,5
4404,2361,733,presentacion:740,1,MENUDEO,308,308,1,1
4405,2362,703,presentacion:844,1,MENUDEO,600,600,1,1
4406,2363,396,presentacion:1408,4,MENUDEO,2,8,1,4
4407,2363,610,presentacion:614,4,MENUDEO,0.5,2,1,4
4408,2363,458,presentacion:465,4,MENUDEO,0.5,2,1,4
4409,2364,7,presentacion:1043,1,MENUDEO,3550,3550,40,40
4410,2365,1200,presentacion:1371,1.5,MENUDEO,27,40.5,1,1.5
4411,2366,1141,presentacion:1255,1,MENUDEO,4750,4750,40,40
4412,2366,596,presentacion:754,10,MENUDEO,155,1550,1,10
4413,2367,669,presentacion:673,1,MENUDEO,9,9,1,1
4414,2368,980,presentacion:1026,23,MENUDEO,146,3358,1,23
4415,2369,703,presentacion:844,3,MENUDEO,600,1800,1,3
4416,2370,594,presentacion:620,7,MENUDEO,275,1925,1,7
4417,2371,203,presentacion:203,1,MENUDEO,6,6,1,1
4418,2371,292,presentacion:300,1,MENUDEO,60,60,1,1
4419,2371,1050,presentacion:1124,1,MENUDEO,100,100,1,1
4420,2372,1141,presentacion:1306,1,MENUDEO,4550,4550,40,40
4421,2372,7,presentacion:8,20,MENUDEO,98,1960,1,20
4422,2373,669,presentacion:673,1,MENUDEO,9,9,1,1
4423,2373,847,presentacion:887,1,MENUDEO,81,81,1,1
4424,2374,703,presentacion:844,1.5,MENUDEO,600,900,1,1.5
4425,2375,110,presentacion:109,1,MENUDEO,231,231,1,1
4426,2376,1141,presentacion:1252,1,MENUDEO,4600,4600,40,40
4427,2376,7,presentacion:1191,1,MENUDEO,3600,3600,40,40
4428,2377,284,presentacion:1128,75,MENUDEO,26.5,1987.5,1,75
4429,2377,1054,presentacion:1129,2,MENUDEO,65,130,1,2
4430,2377,1141,presentacion:1252,1,MENUDEO,4600,4600,40,40
4431,2377,7,presentacion:1191,1,MENUDEO,3600,3600,40,40
4432,2377,289,presentacion:292,10,MENUDEO,330,3300,1,10
4433,2378,781,presentacion:818,30,MENUDEO,89,2670,1,30
4434,2379,1052,presentacion:1126,1,MENUDEO,9,9,1,1
4435,2380,18,presentacion:20,1,MENUDEO,46,46,1,1
4436,2381,70,presentacion:68,1,MENUDEO,35,35,1,1
4437,2381,1218,presentacion:1409,1,MENUDEO,49,49,1,1
4438,2381,269,presentacion:1292,2,MENUDEO,24,48,1,2
4439,2381,633,presentacion:638,3,MENUDEO,322,966,1,3
4440,2381,188,presentacion:187,2,MENUDEO,11,22,1,2
4441,2381,594,presentacion:620,2,MENUDEO,275,550,1,2
4442,2381,152,presentacion:152,2,MENUDEO,8,16,1,2
4443,2381,785,presentacion:823,1,MENUDEO,30,30,1,1
4444,2382,284,presentacion:1128,30,MENUDEO,26.5,795,1,30
4445,2382,1141,presentacion:1252,1,MENUDEO,4600,4600,40,40
4446,2383,957,presentacion:1213,1,MENUDEO,2500,2500,14,14
4447,2384,703,presentacion:1084,1,MENUDEO,4200,4200,7,7
4448,2384,1024,presentacion:1087,1,MENUDEO,100,100,1,1
4449,2385,8,presentacion:1410,8,MENUDEO,2780,22240,40,320
4450,2386,987,presentacion:1287,3,MENUDEO,3800,11400,1000,3000
4451,2387,781,presentacion:818,2,MENUDEO,89,178,1,2
4452,2388,1107,presentacion:1198,192,MENUDEO,27,5184,1,192
4453,2388,283,presentacion:286,88,MENUDEO,27,2376,1,88
4454,2388,289,presentacion:292,10,MENUDEO,330,3300,1,10
4455,2389,987,presentacion:1360,6006,MENUDEO,4,24024,1,6006
4456,2390,1141,presentacion:1253,2,MENUDEO,4350,8700,40,80
4457,2391,8,presentacion:285,4,MENUDEO,90,360,1,4
4458,2391,1141,presentacion:1251,10,MENUDEO,120,1200,1,10
4459,2391,1050,presentacion:1124,1,MENUDEO,100,100,1,1
4460,2392,171,presentacion:172,1,MENUDEO,7,7,1,1
4461,2392,260,presentacion:261,1,MENUDEO,11,11,1,1
4462,2393,1141,presentacion:1251,10,MENUDEO,120,1200,1,10
4463,2393,8,presentacion:285,10,MENUDEO,90,900,1,10
4464,2394,923,presentacion:1421,1,MENUDEO,4900,4900,14,14
4465,2395,1141,presentacion:1251,20,MENUDEO,120,2400,1,20
4466,2395,913,presentacion:954,2,MENUDEO,530,1060,1,2
4467,2396,594,presentacion:620,3,MENUDEO,275,825,1,3
4468,2396,284,presentacion:287,1,MENUDEO,28,28,1,1
4469,2396,293,presentacion:301,2,MENUDEO,37,74,1,2
4470,2396,685,presentacion:689,1,MENUDEO,181,181,1,1
4471,2396,1216,presentacion:1406,1,MENUDEO,1270,1270,1,1
4472,2397,8,presentacion:285,15,MENUDEO,90,1350,1,15
4473,2398,1141,presentacion:1255,1,MENUDEO,4750,4750,40,40
4474,2399,1141,presentacion:1250,1,MENUDEO,4800,4800,40,40
4475,2400,7,presentacion:1191,1,MENUDEO,3600,3600,40,40
4476,2401,1141,presentacion:1251,8,MENUDEO,120,960,1,8
4477,2402,1141,presentacion:1251,8,MENUDEO,120,960,1,8
4478,2403,633,presentacion:1187,4,MENUDEO,54,216,0.5,2
4479,2404,852,presentacion:892,7,MENUDEO,450,3150,1,7
4480,2405,6,presentacion:5,2,MENUDEO,3900,7800,20,40
4481,2405,1141,presentacion:1250,1,MENUDEO,4800,4800,40,40
4482,2406,6,presentacion:1083,1,MENUDEO,3550,3550,20,20
4483,2407,289,presentacion:292,1,MENUDEO,330,330,1,1
4484,2408,703,presentacion:844,2,MENUDEO,600,1200,1,2
4485,2408,6,presentacion:6,5,MENUDEO,195,975,1,5
4486,2408,1141,presentacion:1251,5,MENUDEO,120,600,1,5
4487,2409,1176,presentacion:1304,1,MENUDEO,16,16,1,1
4488,2409,653,presentacion:658,1,MENUDEO,6,6,1,1
4489,2410,1141,presentacion:1251,2,MENUDEO,120,240,1,2
4490,2411,302,presentacion:309,1,MENUDEO,19,19,1,1
4491,2412,1141,presentacion:1251,10,MENUDEO,120,1200,1,10
4492,2413,292,presentacion:300,2,MENUDEO,60,120,1,2
4493,2414,292,presentacion:300,2,MENUDEO,60,120,1,2
4494,2414,6,presentacion:6,10,MENUDEO,195,1950,1,10
4495,2415,161,presentacion:161,2,MENUDEO,23,46,1,2
4496,2415,960,presentacion:1005,2,MENUDEO,35,70,1,2
4497,2416,1141,presentacion:1251,1,MENUDEO,120,120,1,1
4498,2417,1141,presentacion:1251,10,MENUDEO,120,1200,1,10
4499,2417,733,presentacion:740,1,MENUDEO,308,308,1,1
4500,2417,596,presentacion:754,1,MENUDEO,155,155,1,1
4501,2418,8,presentacion:285,20,MENUDEO,90,1800,1,20
4502,2419,1141,presentacion:1251,3,MENUDEO,120,360,1,3
4503,2419,790,presentacion:828,2,MENUDEO,45,90,1,2
4504,2420,255,presentacion:256,1,MENUDEO,2,2,1,1
4505,2420,222,presentacion:221,1,MENUDEO,3,3,1,1
4506,2420,1224,presentacion:1416,1,MENUDEO,23,23,1,1
4507,2421,124,presentacion:123,1,MENUDEO,22,22,1,1
4508,2422,1053,presentacion:1127,2,MENUDEO,7,14,1,2
4509,2423,1141,presentacion:1370,1,MENUDEO,4600,4600,40,40
4510,2423,284,presentacion:287,20,MENUDEO,28,560,1,20
4511,2424,703,presentacion:844,2,MENUDEO,600,1200,1,2
4512,2425,284,presentacion:287,1,MENUDEO,28,28,1,1
4513,2425,1181,presentacion:1312,1,MENUDEO,68,68,1,1
4514,2425,1028,presentacion:1093,1,MENUDEO,148,148,1,1
4515,2425,777,presentacion:807,1,MENUDEO,157.5,157.5,1,1
4516,2426,987,presentacion:1360,1000,MENUDEO,4,4000,1,1000
4517,2427,1141,presentacion:1251,15,MENUDEO,120,1800,1,15
4518,2427,6,presentacion:6,5,MENUDEO,195,975,1,5
4519,2427,284,presentacion:287,1,MENUDEO,28,28,1,1
4520,2428,703,presentacion:844,1,MENUDEO,600,600,1,1
4521,2428,596,presentacion:754,1,MENUDEO,155,155,1,1
4522,2429,6,presentacion:1083,1,MENUDEO,3550,3550,20,20
4523,2430,6,presentacion:6,6,MENUDEO,195,1170,1,6
4524,2431,1141,presentacion:1251,20,MENUDEO,120,2400,1,20
4525,2432,508,presentacion:515,2,MENUDEO,7,14,1,2
4526,2432,597,presentacion:601,2,MENUDEO,1.5,3,1,2
4527,2432,335,presentacion:342,1,MENUDEO,50,50,1,1
4528,2433,1141,presentacion:1251,2,MENUDEO,120,240,1,2
4529,2433,8,presentacion:285,2,MENUDEO,90,180,1,2
4530,2434,777,presentacion:807,2,MENUDEO,157.5,315,1,2
4531,2434,40,presentacion:39,1,MENUDEO,111,111,1,1
4532,2435,6,presentacion:1083,1,MENUDEO,3550,3550,20,20
4533,2436,987,presentacion:1360,6000,MENUDEO,4,24000,1,6000
4534,2437,1141,presentacion:1250,1,MENUDEO,4800,4800,40,40
4535,2438,1141,presentacion:1251,6,MENUDEO,120,720,1,6
4536,2438,1079,presentacion:1161,2,MENUDEO,105,210,1,2
4537,2439,1141,presentacion:1253,2,MENUDEO,4350,8700,40,80
4538,2440,980,presentacion:1422,15,MENUDEO,166,2490,1,15
4539,2440,1216,presentacion:1406,1,MENUDEO,1270,1270,1,1
4540,2441,1224,presentacion:1416,1,MENUDEO,23,23,1,1
4541,2442,1141,presentacion:1255,1,MENUDEO,4750,4750,40,40
4542,2442,6,presentacion:6,5,MENUDEO,195,975,1,5
4543,2443,1141,presentacion:1251,2,MENUDEO,120,240,1,2
4544,2444,780,presentacion:976,2,MENUDEO,540,1080,1,2
4545,2445,4,presentacion:1319,2,MENUDEO,4600,9200,20,40
4546,2445,8,presentacion:285,20,MENUDEO,90,1800,1,20
4547,2446,287,presentacion:1132,150,MENUDEO,24.5,3675,1,150
4548,2446,735,presentacion:741,2,MENUDEO,2120,4240,1,2
4549,2447,594,presentacion:1357,1,MENUDEO,22640,22640,84,84
4550,2448,6,presentacion:5,1,MENUDEO,3900,3900,20,20
4551,2449,703,presentacion:844,1.5,MENUDEO,600,900,1,1.5
4552,2450,4,presentacion:1,0.5,MENUDEO,4800,2400,20,10
4553,2451,4,presentacion:2,10,MENUDEO,240,2400,1,10
4554,2452,6,presentacion:1083,1,MENUDEO,3550,3550,20,20
4555,2453,6,presentacion:1083,1,MENUDEO,3550,3550,20,20
4556,2454,6,presentacion:1083,1,MENUDEO,3550,3550,20,20
4557,2455,301,presentacion:308,1,MENUDEO,16,16,1,1
4558,2455,269,presentacion:270,1,MENUDEO,130,130,1,1
4559,2456,913,presentacion:954,1,MENUDEO,530,530,1,1
4560,2457,913,presentacion:954,1,MENUDEO,530,530,1,1
4561,2458,860,presentacion:900,1,MENUDEO,21,21,1,1
4562,2458,1070,presentacion:1149,1,MENUDEO,29,29,1,1
4563,2458,953,presentacion:998,2,MENUDEO,230,460,1,2
4564,2458,1142,presentacion:1258,1,MENUDEO,103,103,1,1
4565,2458,600,presentacion:604,1,MENUDEO,2.5,2.5,1,1
4566,2458,1078,presentacion:1378,1,MENUDEO,7,7,1,1
4567,2458,126,presentacion:125,3,MENUDEO,103,309,1,3
4568,2458,1044,presentacion:1119,2,MENUDEO,216,432,1,2
4569,2458,1146,presentacion:1262,1,MENUDEO,261,261,1,1
4570,2458,1147,presentacion:1263,1,MENUDEO,806,806,1,1
4571,2458,305,presentacion:312,2,MENUDEO,8,16,1,2
4572,2458,1103,presentacion:1190,2,MENUDEO,10,20,1,2
4573,2458,1114,presentacion:1211,1,MENUDEO,100,100,1,1
4574,2458,127,presentacion:126,1,MENUDEO,26,26,1,1
4575,2458,847,presentacion:887,1,MENUDEO,81,81,1,1
4576,2458,302,presentacion:309,1,MENUDEO,19,19,1,1
4577,2458,1146,presentacion:1262,1,MENUDEO,261,261,1,1
4578,2458,1101,presentacion:1188,1,MENUDEO,29,29,1,1
4579,2458,1180,presentacion:1311,1,MENUDEO,33,33,1,1
4580,2458,57,presentacion:297,3,MENUDEO,110,330,1,3
4581,2458,556,presentacion:570,1,MENUDEO,70,70,1,1
4582,2458,126,presentacion:125,1,MENUDEO,103,103,1,1
4583,2458,1101,presentacion:1188,1,MENUDEO,29,29,1,1
4584,2459,683,presentacion:687,3,MENUDEO,7,21,1,3
4585,2460,309,presentacion:316,2,MENUDEO,8,16,1,2
4586,2461,116,presentacion:114,2,MENUDEO,72,144,1,2
4587,2462,4,presentacion:1,2,MENUDEO,4800,9600,20,40
4588,2463,1141,presentacion:1251,4,MENUDEO,120,480,1,4
4589,2463,8,presentacion:285,10,MENUDEO,90,900,1,10
4590,2464,1141,presentacion:1251,2,MENUDEO,120,240,1,2
4591,2465,987,presentacion:1360,2000,MENUDEO,4,8000,1,2000
4592,2466,1056,presentacion:1342,1,MENUDEO,2900,2900,7,7
4593,2467,4,presentacion:1426,1,MENUDEO,4500,4500,20,20
4594,2467,8,presentacion:1424,1,MENUDEO,3409,3409,40,40
4595,2467,6,presentacion:1425,1,MENUDEO,3600,3600,20,20
4596,2467,594,presentacion:1427,20,MENUDEO,260,5200,1,20
4597,2467,283,presentacion:1428,34.5,MENUDEO,23,793.5,1,34.5
4598,2467,284,presentacion:287,89,MENUDEO,28,2492,1,89
4599,2468,6,presentacion:1083,1,MENUDEO,3550,3550,20,20
4600,2469,4,presentacion:1320,2,MENUDEO,4350,8700,20,40
4601,2470,596,presentacion:1429,60,MENUDEO,145,8700,1,60
4602,2471,1050,presentacion:1124,1,MENUDEO,100,100,1,1
4603,2472,148,presentacion:148,1,MENUDEO,80,80,1,1
4604,2472,1052,presentacion:1126,10,MENUDEO,9,90,1,10
4605,2473,735,presentacion:741,3,MENUDEO,2120,6360,1,3
4606,2473,284,presentacion:287,5,MENUDEO,28,140,1,5
4607,2474,1141,presentacion:1253,2,MENUDEO,4350,8700,40,80
4608,2475,1079,presentacion:1161,10,MENUDEO,105,1050,1,10
4609,2476,639,presentacion:644,2,MENUDEO,9,18,1,2
4610,2477,987,presentacion:1360,4510,MENUDEO,4,18040,1,4510
4611,2478,703,presentacion:844,7,MENUDEO,600,4200,1,7
4612,2479,289,presentacion:292,2,MENUDEO,330,660,1,2
4613,2480,1198,presentacion:1365,1,MENUDEO,47,47,1,1
4614,2481,6,presentacion:1083,1,MENUDEO,3550,3550,20,20
4615,2482,1224,presentacion:1416,1,MENUDEO,23,23,1,1
4616,2483,703,presentacion:844,14,MENUDEO,600,8400,1,14
4617,2484,8,presentacion:285,10,MENUDEO,90,900,1,10
4618,2485,782,presentacion:819,2,MENUDEO,190,380,1,2
4619,2485,781,presentacion:818,5,MENUDEO,89,445,1,5
4620,2486,4,presentacion:1320,2,MENUDEO,4350,8700,20,40
4621,2487,6,presentacion:1083,2,MENUDEO,3550,7100,20,40
4622,2488,6,presentacion:5,2,MENUDEO,3900,7800,20,40
4623,2488,4,presentacion:1,1,MENUDEO,4800,4800,20,20
4624,2489,1141,presentacion:1251,12,MENUDEO,120,1440,1,12
4625,2489,596,presentacion:754,2,MENUDEO,155,310,1,2
4626,2489,6,presentacion:6,3,MENUDEO,195,585,1,3
4627,2490,4,presentacion:1308,1,MENUDEO,4500,4500,20,20
4628,2491,6,presentacion:1083,2,MENUDEO,3550,7100,20,40
4629,2492,8,presentacion:285,20,MENUDEO,90,1800,1,20
4630,2492,4,presentacion:2,20,MENUDEO,240,4800,1,20
4631,2493,913,presentacion:1266,1,MENUDEO,3700,3700,7,7
4632,2494,4,presentacion:2,10,MENUDEO,240,2400,1,10
4633,2494,8,presentacion:9,0.5,MENUDEO,3600,1800,40,20
4634,2495,987,presentacion:1360,6000,MENUDEO,4,24000,1,6000
4635,2496,913,presentacion:1266,1,MENUDEO,3700,3700,7,7
4636,2497,703,presentacion:1084,1,MENUDEO,4200,4200,7,7
4637,2498,1141,presentacion:1251,24,MENUDEO,120,2880,1,24
4638,2499,1141,presentacion:1251,1,MENUDEO,120,120,1,1
4639,2499,8,presentacion:285,2,MENUDEO,90,180,1,2
4640,2500,4,presentacion:1369,1,MENUDEO,4500,4500,20,20
4641,2501,4,presentacion:1320,2,MENUDEO,4350,8700,20,40
4642,2502,6,presentacion:6,10,MENUDEO,195,1950,1,10
4643,2503,4,presentacion:2,5,MENUDEO,240,1200,1,5
4644,2504,4,presentacion:1319,0.5,MENUDEO,4600,2300,20,10
4645,2505,8,presentacion:9,1,MENUDEO,3600,3600,40,40
4646,2505,4,presentacion:1319,1,MENUDEO,4600,4600,20,20
4647,2505,284,presentacion:1128,100,MENUDEO,26.5,2650,1,100
4648,2506,957,presentacion:1213,1,MENUDEO,2500,2500,14,14
4649,2507,4,presentacion:1308,1,MENUDEO,4500,4500,20,20
4650,2507,6,presentacion:1083,1,MENUDEO,3550,3550,20,20
4651,2508,6,presentacion:1162,2,MENUDEO,3600,7200,20,40
4652,2509,8,presentacion:285,1,MENUDEO,90,90,1,1
4653,2509,8,presentacion:285,1,MENUDEO,90,90,1,1
4654,2510,853,presentacion:893,1,MENUDEO,650,650,1,1
4655,2510,703,presentacion:844,2,MENUDEO,600,1200,1,2
4656,2511,4,presentacion:1320,2,MENUDEO,4350,8700,20,40
4657,2511,6,presentacion:1351,2,MENUDEO,3400,6800,20,40
4658,2512,4,presentacion:1,1.5,MENUDEO,4800,7200,20,30
4659,2512,596,presentacion:754,30,MENUDEO,155,4650,1,30
4660,2512,594,presentacion:620,10,MENUDEO,275,2750,1,10
4661,2512,294,presentacion:302,1,MENUDEO,60,60,1,1
4662,2512,283,presentacion:286,17.5,MENUDEO,27,472.5,1,17.5
4663,2512,995,presentacion:1051,4,MENUDEO,56,224,1,4
4664,2513,109,presentacion:108,2,MENUDEO,5,10,1,2
4665,2513,1231,presentacion:1431,2,MENUDEO,72,144,1,2
4666,2513,1230,presentacion:1430,1,MENUDEO,148,148,1,1
4667,2513,642,presentacion:647,1,MENUDEO,4,4,1,1
4668,2514,4,presentacion:1320,2,MENUDEO,4350,8700,20,40
4669,2515,4,presentacion:1308,1,MENUDEO,4500,4500,20,20
4670,2515,6,presentacion:1083,1,MENUDEO,3550,3550,20,20
4671,2516,4,presentacion:1321,1,MENUDEO,4650,4650,20,20
4672,2517,897,presentacion:938,1,MENUDEO,34,34,1,1
4673,2518,1141,presentacion:1251,3,MENUDEO,120,360,1,3
4674,2519,1141,presentacion:1251,7,MENUDEO,120,840,1,7
4675,2520,703,presentacion:844,1,MENUDEO,600,600,1,1
4676,2521,4,presentacion:1320,2,MENUDEO,4350,8700,20,40
4677,2522,957,presentacion:1185,3,MENUDEO,260,780,1,3
4678,2523,913,presentacion:954,1,MENUDEO,530,530,1,1
4679,2524,317,presentacion:324,1,MENUDEO,18,18,1,1
4680,2524,1114,presentacion:1211,1,MENUDEO,100,100,1,1
4681,2525,302,presentacion:309,1,MENUDEO,19,19,1,1
4682,2526,780,presentacion:975,1,MENUDEO,3780,3780,7,7
4683,2527,8,presentacion:285,15,MENUDEO,90,1350,1,15
4684,2527,4,presentacion:2,5,MENUDEO,240,1200,1,5
4685,2528,4,presentacion:1,1,MENUDEO,4800,4800,20,20
4686,2528,6,presentacion:5,1,MENUDEO,3900,3900,20,20
4687,2528,853,presentacion:893,1,MENUDEO,650,650,1,1
4688,2528,703,presentacion:844,2,MENUDEO,600,1200,1,2
4689,2529,8,presentacion:9,1,MENUDEO,3600,3600,40,40
4690,2529,4,presentacion:1,0.5,MENUDEO,4800,2400,20,10
4691,2530,987,presentacion:1360,3018,MENUDEO,4,12072,1,3018
4692,2531,779,presentacion:809,1,MENUDEO,58,58,1,1
4693,2532,4,presentacion:1320,2,MENUDEO,4350,8700,20,40
4694,2533,4,presentacion:2,2,MENUDEO,240,480,1,2
4695,2534,4,presentacion:2,5,MENUDEO,240,1200,1,5
4696,2535,289,presentacion:292,6,MENUDEO,330,1980,1,6
4697,2535,936,presentacion:1432,1,MENUDEO,1900,1900,5,5
4698,2535,284,presentacion:287,2,MENUDEO,28,56,1,2
4699,2536,51,presentacion:50,4,MENUDEO,3,12,1,4
4700,2536,84,presentacion:83,3,MENUDEO,3,9,1,3
4701,2536,89,presentacion:88,3,MENUDEO,2,6,1,3
4702,2536,109,presentacion:108,3,MENUDEO,5,15,1,3
4703,2536,193,presentacion:195,2,MENUDEO,4,8,1,2
4704,2536,189,presentacion:189,2,MENUDEO,3,6,1,2
4705,2537,8,presentacion:1410,6,MENUDEO,2780,16680,40,240
4706,2538,4,presentacion:2,15,MENUDEO,240,3600,1,15
4707,2538,8,presentacion:285,15,MENUDEO,90,1350,1,15
4708,2539,6,presentacion:1083,1,MENUDEO,3550,3550,20,20
4709,2540,4,presentacion:1,1,MENUDEO,4800,4800,20,20
4710,2541,4,presentacion:2,5,MENUDEO,240,1200,1,5
4711,2542,1193,presentacion:1435,4648.52,MENUDEO,21.5,99943.18,1,4648.52
4712,2542,1232,presentacion:1433,1838,MENUDEO,21.5,39517,1,1838
4713,2542,1233,presentacion:1434,3075.3,MENUDEO,21.5,66118.95,1,3075.3
4714,2543,703,presentacion:844,4,MENUDEO,600,2400,1,4
4715,2544,289,presentacion:292,4,MENUDEO,330,1320,1,4
4716,2544,594,presentacion:620,3,MENUDEO,275,825,1,3
4717,2545,6,presentacion:5,0.5,MENUDEO,3900,1950,20,10
4718,2545,8,presentacion:285,5,MENUDEO,90,450,1,5
4719,2546,780,presentacion:975,1,MENUDEO,3780,3780,7,7
4720,2546,913,presentacion:1266,1,MENUDEO,3700,3700,7,7
4721,2547,4,presentacion:1320,2,MENUDEO,4350,8700,20,40
4722,2548,4,presentacion:1319,1.5,MENUDEO,4600,6900,20,30
4723,2548,6,presentacion:1162,2,MENUDEO,3600,7200,20,40
4724,2548,284,presentacion:1128,15,MENUDEO,26.5,397.5,1,15
4725,2549,703,presentacion:844,0.5,MENUDEO,600,300,1,0.5
4726,2550,923,presentacion:965,2,MENUDEO,330,660,1,2
4727,2551,4,presentacion:1369,1,MENUDEO,4500,4500,20,20
4728,2552,4,presentacion:1,1.5,MENUDEO,4800,7200,20,30
4729,2553,283,presentacion:286,50,MENUDEO,27,1350,1,50
4730,2553,284,presentacion:287,20,MENUDEO,28,560,1,20
4731,2554,4,presentacion:1,1,MENUDEO,4800,4800,20,20
4732,2554,6,presentacion:5,1,MENUDEO,3900,3900,20,20
4733,2555,936,presentacion:980,1,MENUDEO,2200,2200,7,7
4734,2556,6,presentacion:1083,1,MENUDEO,3550,3550,20,20
4735,2557,4,presentacion:2,5,MENUDEO,240,1200,1,5
4736,2558,8,presentacion:285,1,MENUDEO,90,90,1,1
4737,2559,287,presentacion:290,300,MENUDEO,25,7500,1,300
4738,2559,1054,presentacion:1129,9,MENUDEO,65,585,1,9
4739,2559,293,presentacion:301,25,MENUDEO,37,925,1,25
4740,2559,296,presentacion:304,20,MENUDEO,38,760,1,20
4741,2559,284,presentacion:1405,400,MENUDEO,27,10800,1,400
4742,2560,4,presentacion:2,5,MENUDEO,240,1200,1,5
4743,2560,6,presentacion:6,20,MENUDEO,195,3900,1,20
4744,2560,289,presentacion:292,6,MENUDEO,330,1980,1,6
4745,2561,8,presentacion:9,1,MENUDEO,3600,3600,40,40
4746,2561,4,presentacion:1319,1,MENUDEO,4600,4600,20,20
4747,2561,594,presentacion:1357,1,MENUDEO,22640,22640,84,84
4748,2561,287,presentacion:1132,100,MENUDEO,24.5,2450,1,100
4749,2562,228,presentacion:228,1,MENUDEO,1915,1915,1,1
4750,2563,703,presentacion:1084,1,MENUDEO,4200,4200,7,7
4751,2564,8,presentacion:1410,10,MENUDEO,2780,27800,40,400
4752,2565,4,presentacion:2,2,MENUDEO,240,480,1,2
4753,2566,8,presentacion:285,25,MENUDEO,90,2250,1,25
4754,2566,1141,presentacion:1251,10,MENUDEO,120,1200,1,10
4755,2567,284,presentacion:287,40,MENUDEO,28,1120,1,40
4756,2567,285,presentacion:288,6.5,MENUDEO,27,175.5,1,6.5
4757,2568,54,presentacion:53,1,MENUDEO,57,57,1,1
4758,2569,6,presentacion:1083,1,MENUDEO,3550,3550,20,20
4759,2570,1141,presentacion:1255,0.5,MENUDEO,4750,2375,40,20
4760,2571,957,presentacion:1194,1,MENUDEO,5300,5300,30,30
4761,2572,852,presentacion:892,1,MENUDEO,450,450,1,1
4762,2572,1141,presentacion:1251,20,MENUDEO,120,2400,1,20
4763,2572,8,presentacion:285,20,MENUDEO,90,1800,1,20
4764,2573,6,presentacion:6,5,MENUDEO,195,975,1,5
4765,2573,1141,presentacion:1251,15,MENUDEO,120,1800,1,15
4766,2573,703,presentacion:844,4,MENUDEO,600,2400,1,4
4767,2574,1141,presentacion:1251,20,MENUDEO,120,2400,1,20
4768,2575,8,presentacion:285,10,MENUDEO,90,900,1,10
4769,2576,913,presentacion:954,1,MENUDEO,530,530,1,1
4770,2577,1053,presentacion:1127,2,MENUDEO,7,14,1,2
4771,2578,1193,presentacion:1435,6000,MENUDEO,21.5,129000,1,6000
4772,2578,1232,presentacion:1433,6000,MENUDEO,21.5,129000,1,6000
4773,2578,1233,presentacion:1434,1500,MENUDEO,21.5,32250,1,1500
4774,2579,703,presentacion:844,1,MENUDEO,600,600,1,1
4775,2580,6,presentacion:1083,1,MENUDEO,3550,3550,20,20
4776,2581,673,presentacion:676,1,MENUDEO,7,7,1,1
4777,2581,653,presentacion:658,1,MENUDEO,6,6,1,1
4778,2581,1184,presentacion:1330,4,MENUDEO,8,32,1,4
4779,2582,1141,presentacion:1250,1,MENUDEO,4800,4800,40,40
4780,2582,8,presentacion:9,1,MENUDEO,3600,3600,40,40
4781,2582,1117,presentacion:1219,4,MENUDEO,128,512,1,4
4782,2583,4,presentacion:2,2,MENUDEO,240,480,1,2
4783,2584,1141,presentacion:1251,4,MENUDEO,120,480,1,4
4784,2585,1109,presentacion:1200,1,MENUDEO,170,170,1,1
4785,2585,70,presentacion:68,9,MENUDEO,35,315,1,9
4786,2585,633,presentacion:638,9,MENUDEO,322,2898,1,9
4787,2585,8,presentacion:9,1,MENUDEO,3600,3600,40,40
4788,2586,6,presentacion:5,1,MENUDEO,3900,3900,20,20
4789,2586,1141,presentacion:1250,1,MENUDEO,4800,4800,40,40
4790,2587,293,presentacion:301,3,MENUDEO,37,111,1,3
4791,2587,297,presentacion:305,2,MENUDEO,60,120,1,2
4792,2587,296,presentacion:304,2,MENUDEO,38,76,1,2
4793,2587,284,presentacion:287,20,MENUDEO,28,560,1,20
4794,2587,6,presentacion:1162,0.5,MENUDEO,3600,1800,20,10
4795,2587,1141,presentacion:1252,1,MENUDEO,4600,4600,40,40
4796,2588,1141,presentacion:1251,20,MENUDEO,120,2400,1,20
4797,2588,6,presentacion:5,0.5,MENUDEO,3900,1950,20,10
4798,2588,923,presentacion:1421,1,MENUDEO,4900,4900,14,14
4799,2589,284,presentacion:1405,100,MENUDEO,27,2700,1,100
4800,2589,296,presentacion:304,75,MENUDEO,38,2850,1,75
4801,2589,293,presentacion:301,55,MENUDEO,37,2035,1,55
4802,2590,852,presentacion:892,1,MENUDEO,450,450,1,1
4803,2590,1141,presentacion:1255,0.5,MENUDEO,4750,2375,40,20
4804,2591,923,presentacion:965,0.5,MENUDEO,330,165,1,0.5
4805,2591,1141,presentacion:1251,3,MENUDEO,120,360,1,3
4806,2592,6,presentacion:1083,1,MENUDEO,3550,3550,20,20
4807,2593,594,presentacion:620,4,MENUDEO,275,1100,1,4
4808,2593,812,presentacion:863,1,MENUDEO,380,380,1,1
4809,2593,287,presentacion:290,8,MENUDEO,25,200,1,8
4810,2593,813,presentacion:852,1,MENUDEO,221,221,1,1
4811,2594,733,presentacion:740,4,MENUDEO,308,1232,1,4
4812,2595,781,presentacion:818,12,MENUDEO,89,1068,1,12
4813,2596,703,presentacion:1084,1,MENUDEO,4200,4200,7,7
4814,2596,853,presentacion:893,3,MENUDEO,650,1950,1,3
4815,2597,1234,presentacion:1436,1,MENUDEO,640,640,1,1
4816,2597,693,presentacion:697,1,MENUDEO,60,60,1,1
4817,2597,709,presentacion:716,2,MENUDEO,70,140,1,2
4818,2597,227,presentacion:226,1,MENUDEO,632,632,1,1
4819,2597,1213,presentacion:1401,2,MENUDEO,70,140,1,2
4820,2598,1141,presentacion:1254,1,MENUDEO,4500,4500,40,40
4821,2599,1141,presentacion:1251,5,MENUDEO,120,600,1,5
4822,2599,8,presentacion:285,10,MENUDEO,90,900,1,10
4823,2600,1162,presentacion:1283,1.5,MENUDEO,480,720,1,1.5
4824,2601,7,presentacion:7,1.5,MENUDEO,3900,5850,40,60
4825,2601,1141,presentacion:1250,1,MENUDEO,4800,4800,40,40
4826,2602,1054,presentacion:1129,16,MENUDEO,85,1360,1,16
4827,2603,8,presentacion:285,10,MENUDEO,90,900,1,10
4828,2604,1141,presentacion:1370,1,MENUDEO,4600,4600,40,40
4829,2605,293,presentacion:301,3,MENUDEO,37,111,1,3
4830,2605,7,presentacion:1191,1.5,MENUDEO,3600,5400,40,60
4831,2606,7,presentacion:7,1.5,MENUDEO,3900,5850,40,60
4832,2607,237,presentacion:238,1,MENUDEO,251,251,1,1
4833,2607,156,presentacion:157,5,MENUDEO,25,125,1,5
4834,2607,266,presentacion:268,1,MENUDEO,14,14,1,1
4835,2607,244,presentacion:245,1,MENUDEO,13,13,1,1
4836,2608,1141,presentacion:1251,8,MENUDEO,120,960,1,8
4837,2609,781,presentacion:818,1,MENUDEO,89,89,1,1
4838,2610,1141,presentacion:1253,2,MENUDEO,4350,8700,40,80
4839,2610,7,presentacion:1303,2,MENUDEO,3400,6800,40,80
4840,2611,594,presentacion:620,10,MENUDEO,275,2750,1,10
4841,2611,289,presentacion:292,2,MENUDEO,330,660,1,2
4842,2611,285,presentacion:288,50,MENUDEO,27,1350,1,50
4843,2611,284,presentacion:287,20,MENUDEO,28,560,1,20
4844,2612,1141,presentacion:1251,10,MENUDEO,120,1200,1,10
4845,2612,8,presentacion:285,2,MENUDEO,90,180,1,2
4846,2613,1141,presentacion:1254,1,MENUDEO,4500,4500,40,40
4847,2613,7,presentacion:1043,1,MENUDEO,3550,3550,40,40
4848,2614,1141,presentacion:1253,4,MENUDEO,4350,17400,40,160
4849,2615,77,presentacion:75,1,MENUDEO,52,52,1,1
4850,2616,145,presentacion:145,2,MENUDEO,56,112,1,2
4851,2617,8,presentacion:9,1.5,MENUDEO,3600,5400,40,60
4852,2617,1141,presentacion:1250,1,MENUDEO,4800,4800,40,40
4853,2618,735,presentacion:741,1,MENUDEO,2120,2120,1,1
4854,2619,780,presentacion:976,3,MENUDEO,540,1620,1,3
4855,2619,1141,presentacion:1251,6,MENUDEO,120,720,1,6
4856,2619,7,presentacion:7,1,MENUDEO,3900,3900,40,40
4857,2620,1141,presentacion:1253,2,MENUDEO,4550,9100,40,80
4858,2621,860,presentacion:900,1,MENUDEO,21,21,1,1
4859,2622,7,presentacion:1043,1,MENUDEO,3550,3550,40,40
4860,2623,596,presentacion:1429,20,MENUDEO,145,2900,1,20
4861,2623,1141,presentacion:1423,1,MENUDEO,4600,4600,40,40
4862,2623,283,presentacion:1428,33,MENUDEO,23,759,1,33
4863,2624,861,presentacion:901,1,MENUDEO,32,32,1,1
4864,2625,923,presentacion:965,3.5,MENUDEO,330,1155,1,3.5
4865,2625,852,presentacion:892,3.5,MENUDEO,450,1575,1,3.5
4866,2625,1141,presentacion:1251,15,MENUDEO,120,1800,1,15
4867,2625,176,presentacion:175,2,MENUDEO,168,336,1,2
4868,2625,1024,presentacion:1087,2,MENUDEO,100,200,1,2
4869,2626,1141,presentacion:1251,20,MENUDEO,120,2400,1,20
4870,2627,7,presentacion:7,2,MENUDEO,3900,7800,40,80
4871,2628,923,presentacion:1421,1,MENUDEO,4900,4900,14,14
4872,2629,284,presentacion:1128,20,MENUDEO,26.5,530,1,20
4873,2629,296,presentacion:304,2,MENUDEO,38,76,1,2
4874,2629,1054,presentacion:1129,2,MENUDEO,90,180,1,2
4875,2629,295,presentacion:303,2,MENUDEO,37,74,1,2
4876,2630,7,presentacion:1043,1,MENUDEO,3550,3550,40,40
4877,2631,1141,presentacion:1254,1,MENUDEO,4500,4500,40,40
4878,2632,1079,presentacion:1161,1,MENUDEO,105,105,1,1
4879,2633,1141,presentacion:1255,0.5,MENUDEO,4750,2375,40,20
4880,2633,596,presentacion:754,1,MENUDEO,155,155,1,1
4881,2634,852,presentacion:892,0.5,MENUDEO,450,225,1,0.5
4882,2635,1141,presentacion:1251,5,MENUDEO,120,600,1,5
4883,2636,913,presentacion:1266,1,MENUDEO,3700,3700,7,7
4884,2636,1141,presentacion:1251,10,MENUDEO,120,1200,1,10
4885,2637,7,presentacion:8,20,MENUDEO,98,1960,1,20
4886,2638,7,presentacion:7,1,MENUDEO,3900,3900,40,40
4887,2638,1141,presentacion:1250,1.5,MENUDEO,4800,7200,40,60
4888,2639,594,presentacion:620,20,MENUDEO,275,5500,1,20
4889,2639,285,presentacion:288,50,MENUDEO,27,1350,1,50
4890,2640,987,presentacion:1042,1,MENUDEO,4230,4230,1000,1000
4891,2641,1141,presentacion:1250,0.5,MENUDEO,4800,2400,40,20
4892,2641,8,presentacion:285,20,MENUDEO,90,1800,1,20
4893,2641,733,presentacion:740,2,MENUDEO,308,616,1,2
4894,2642,1141,presentacion:1252,1,MENUDEO,4600,4600,40,40
4895,2642,8,presentacion:9,1,MENUDEO,3600,3600,40,40
4896,2643,1141,presentacion:1251,20,MENUDEO,120,2400,1,20
4897,2643,7,presentacion:8,20,MENUDEO,98,1960,1,20
4898,2644,703,presentacion:844,3,MENUDEO,600,1800,1,3
4899,2644,1141,presentacion:1254,1,MENUDEO,4500,4500,40,40
4900,2644,853,presentacion:893,2,MENUDEO,650,1300,1,2
4901,2645,7,presentacion:1043,0.5,MENUDEO,3550,1775,40,20
4902,2646,594,presentacion:1357,1,MENUDEO,22640,22640,84,84
4903,2646,596,presentacion:1130,0.5,MENUDEO,22640,11320,150,75
4904,2647,287,presentacion:1132,100,MENUDEO,24.5,2450,1,100
4905,2647,284,presentacion:1128,100,MENUDEO,26.5,2650,1,100
4906,2647,296,presentacion:304,25,MENUDEO,38,950,1,25
4907,2647,293,presentacion:301,25,MENUDEO,37,925,1,25
4908,2647,297,presentacion:305,15,MENUDEO,60,900,1,15
4909,2648,1141,presentacion:1251,28,MENUDEO,120,3360,1,28
4910,2648,913,presentacion:954,4,MENUDEO,530,2120,1,4
4911,2649,8,presentacion:9,1,MENUDEO,3600,3600,40,40
4912,2649,1141,presentacion:1251,10,MENUDEO,120,1200,1,10
4913,2649,697,presentacion:700,5,MENUDEO,153,765,1,5
4914,2650,957,presentacion:1194,1,MENUDEO,5300,5300,30,30
4915,2651,1141,presentacion:1252,0.5,MENUDEO,4600,2300,40,20
4916,2651,7,presentacion:1191,0.5,MENUDEO,3600,1800,40,20
4917,2652,1141,presentacion:1250,1,MENUDEO,4800,4800,40,40
4918,2652,7,presentacion:7,1.5,MENUDEO,3900,5850,40,60
4919,2653,1141,presentacion:1254,0.5,MENUDEO,4500,2250,40,20
4920,2653,703,presentacion:844,2,MENUDEO,600,1200,1,2
4921,2654,1141,presentacion:1423,1,MENUDEO,4600,4600,40,40
4922,2654,293,presentacion:301,1,MENUDEO,37,37,1,1
4923,2655,545,presentacion:550,2,MENUDEO,366,732,1,2
4924,2656,703,presentacion:844,1,MENUDEO,600,600,1,1
4925,2657,1141,presentacion:1252,1,MENUDEO,4600,4600,40,40
4926,2657,7,presentacion:1191,0.5,MENUDEO,3600,1800,40,20
4927,2657,8,presentacion:9,1,MENUDEO,3600,3600,40,40
4928,2658,8,presentacion:9,1,MENUDEO,3600,3600,40,40
4929,2658,1141,presentacion:1252,1,MENUDEO,4600,4600,40,40
4930,2659,1104,presentacion:1195,1,MENUDEO,56,56,1,1
4931,2659,776,presentacion:806,1,MENUDEO,72,72,1,1
4932,2659,969,presentacion:1437,2,MENUDEO,1,2,1,2
4933,2659,318,presentacion:325,1,MENUDEO,68,68,1,1
4934,2659,637,presentacion:642,2,MENUDEO,20,40,1,2
4935,2660,987,presentacion:1360,3000,MENUDEO,4,12000,1,3000
4936,2661,852,presentacion:1203,1,MENUDEO,11500,11500,30,30
4937,2662,987,presentacion:1360,1506,MENUDEO,4,6024,1,1506
4938,2663,293,presentacion:301,1,MENUDEO,37,37,1,1
4939,2663,7,presentacion:1438,1,MENUDEO,3600,3600,40,40
4940,2664,638,presentacion:643,9,MENUDEO,5,45,1,9
4941,2664,635,presentacion:640,2,MENUDEO,13.5,27,1,2
4942,2664,664,presentacion:669,2,MENUDEO,9,18,1,2
4943,2664,709,presentacion:716,3,MENUDEO,70,210,1,3
4944,2665,1017,presentacion:1077,3,MENUDEO,60,180,2,6
4945,2666,1141,presentacion:1251,15,MENUDEO,120,1800,1,15
4946,2666,8,presentacion:285,10,MENUDEO,90,900,1,10
4947,2666,705,presentacion:713,6,MENUDEO,9,54,1,6
4948,2667,7,presentacion:1043,0.5,MENUDEO,3550,1775,40,20
4949,2667,1141,presentacion:1254,0.5,MENUDEO,4500,2250,40,20
4950,2668,1211,presentacion:1390,80,MENUDEO,27,2160,1,80
4951,2669,594,presentacion:620,12,MENUDEO,275,3300,1,12
4952,2669,596,presentacion:754,12,MENUDEO,155,1860,1,12
4953,2670,780,presentacion:975,1,MENUDEO,3780,3780,7,7
4954,2671,7,presentacion:1043,0.5,MENUDEO,3550,1775,40,20
4955,2672,7,presentacion:7,1,MENUDEO,3900,3900,40,40
4956,2672,1141,presentacion:1250,1,MENUDEO,4800,4800,40,40
4957,2672,288,presentacion:291,20,MENUDEO,200,4000,1,20
4958,2672,283,presentacion:286,8.5,MENUDEO,27,229.5,1,8.5
4959,2673,8,presentacion:285,15,MENUDEO,90,1350,1,15
4960,2673,1141,presentacion:1251,20,MENUDEO,120,2400,1,20
4961,2673,7,presentacion:8,5,MENUDEO,98,490,1,5
4962,2674,19,presentacion:295,1,MENUDEO,1676,1676,1,1
4963,2675,923,presentacion:1421,1,MENUDEO,4900,4900,14,14
4964,2676,594,presentacion:620,30,MENUDEO,275,8250,1,30
4965,2677,1134,presentacion:1239,1,MENUDEO,78,78,1,1
4966,2678,1141,presentacion:1254,1,MENUDEO,4500,4500,40,40
4967,2679,853,presentacion:893,3,MENUDEO,650,1950,1,3
4968,2679,703,presentacion:844,4,MENUDEO,600,2400,1,4
4969,2680,1141,presentacion:1370,1,MENUDEO,4600,4600,40,40
4970,2681,288,presentacion:291,1,MENUDEO,200,200,1,1
4971,2682,1056,presentacion:1355,4,MENUDEO,415,1660,1,4
4972,2683,1141,presentacion:1251,1,MENUDEO,120,120,1,1
4973,2684,780,presentacion:975,1,MENUDEO,3780,3780,7,7
4974,2684,8,presentacion:9,0.5,MENUDEO,3600,1800,40,20
4975,2684,1141,presentacion:1250,0.5,MENUDEO,4800,2400,40,20
4976,2685,1141,presentacion:1254,1,MENUDEO,4500,4500,40,40
4977,2685,703,presentacion:844,2,MENUDEO,600,1200,1,2
4978,2686,1193,presentacion:1352,4,MENUDEO,430,1720,1,4
4979,2686,284,presentacion:287,20,MENUDEO,28,560,1,20
4980,2687,1141,presentacion:1251,1,MENUDEO,120,120,1,1
4981,2688,735,presentacion:741,3,MENUDEO,2120,6360,1,3
4982,2689,284,presentacion:1128,30,MENUDEO,26.5,795,1,30
4983,2690,781,presentacion:818,27,MENUDEO,89,2403,1,27
4984,2690,1054,presentacion:1129,2,MENUDEO,90,180,1,2
4985,2690,296,presentacion:304,2,MENUDEO,38,76,1,2
4986,2690,1236,presentacion:1439,1,MENUDEO,108,108,1,1
4987,2690,1237,presentacion:1440,1,MENUDEO,40,40,1,1
4988,2691,703,presentacion:844,1,MENUDEO,600,600,1,1
4989,2692,1141,presentacion:1251,2,MENUDEO,120,240,1,2
4990,2693,957,presentacion:1441,1,MENUDEO,1400,1400,7,7
4991,2694,957,presentacion:1194,1,MENUDEO,5900,5900,30,30
4992,2695,7,presentacion:1191,0.5,MENUDEO,3600,1800,40,20
4993,2695,1141,presentacion:1252,1,MENUDEO,4600,4600,40,40
4994,2696,8,presentacion:9,1,MENUDEO,3600,3600,40,40
4995,2696,1141,presentacion:1252,1,MENUDEO,4600,4600,40,40
4996,2697,781,presentacion:818,73,MENUDEO,89,6497,1,73
4997,2698,781,presentacion:818,2,MENUDEO,89,178,1,2
4998,2699,781,presentacion:818,2,MENUDEO,89,178,1,2
4999,2700,1141,presentacion:1423,1,MENUDEO,4600,4600,40,40
5000,2700,7,presentacion:1438,1,MENUDEO,3600,3600,40,40
5001,2701,1206,presentacion:1385,1,MENUDEO,80,80,1,1
5002,2702,594,presentacion:1357,0.5,MENUDEO,22640,11320,84,42
5003,2702,596,presentacion:1130,0.5,MENUDEO,22640,11320,150,75
5004,2703,594,presentacion:620,30,MENUDEO,275,8250,1,30
5005,2704,289,presentacion:292,17,MENUDEO,330,5610,1,17
5006,2705,703,presentacion:844,10,MENUDEO,600,6000,1,10
5007,2706,1141,presentacion:1250,1,MENUDEO,4800,4800,40,40
5008,2707,7,presentacion:7,2,MENUDEO,3900,7800,40,80
5009,2707,1141,presentacion:1250,1,MENUDEO,4800,4800,40,40
5010,2708,1141,presentacion:1251,2,MENUDEO,120,240,1,2
5011,2709,7,presentacion:7,2,MENUDEO,3900,7800,40,80
5012,2709,284,presentacion:287,30,MENUDEO,28,840,1,30
5013,2709,995,presentacion:1051,13,MENUDEO,56,728,1,13
5014,2710,780,presentacion:976,4,MENUDEO,540,2160,1,4
5015,2711,1238,presentacion:1442,150,MENUDEO,35,5250,1,150
5016,2712,669,presentacion:673,2,MENUDEO,9,18,1,2
5017,2712,42,presentacion:40,1,MENUDEO,33,33,1,1
5018,2713,892,presentacion:932,1,MENUDEO,170,170,1,1
5019,2714,1073,presentacion:1152,1,MENUDEO,42,42,1,1
5020,2714,1074,presentacion:1153,1,MENUDEO,50,50,1,1
5021,2714,301,presentacion:308,1,MENUDEO,16,16,1,1
5022,2714,785,presentacion:823,1,MENUDEO,30,30,1,1
5023,2714,1044,presentacion:1119,1,MENUDEO,216,216,1,1
5024,2714,1103,presentacion:1190,2,MENUDEO,10,20,1,2
5025,2714,459,presentacion:466,2,MENUDEO,3,6,1,2
5026,2714,302,presentacion:309,1,MENUDEO,19,19,1,1
5027,2714,1029,presentacion:1094,1,MENUDEO,93,93,1,1
5028,2714,327,presentacion:334,3,MENUDEO,5,15,1,3
5029,2714,838,presentacion:878,1,MENUDEO,196,196,1,1
5030,2714,387,presentacion:396,1,MENUDEO,2,2,1,1
5031,2714,398,presentacion:406,1,MENUDEO,0.5,0.5,1,1
5032,2714,621,presentacion:626,1,MENUDEO,0.5,0.5,1,1
5033,2714,736,presentacion:742,1,MENUDEO,104,104,1,1
5034,2714,1221,presentacion:1413,1,MENUDEO,133,133,1,1
5035,2714,1180,presentacion:1311,1,MENUDEO,33,33,1,1
5036,2714,1101,presentacion:1188,1,MENUDEO,29,29,1,1
5037,2714,1050,presentacion:1124,1,MENUDEO,100,100,1,1
5038,2714,1043,presentacion:1118,1,MENUDEO,160,160,1,1
5039,2714,126,presentacion:125,1,MENUDEO,103,103,1,1
5040,2714,303,presentacion:310,1,MENUDEO,8,8,1,1
5041,2714,33,presentacion:32,1,MENUDEO,14,14,1,1
5042,2714,72,presentacion:70,1,MENUDEO,8,8,1,1
5043,2715,70,presentacion:68,11,MENUDEO,35,385,1,11
5044,2715,156,presentacion:157,2,MENUDEO,25,50,1,2
5045,2715,261,presentacion:266,2,MENUDEO,26,52,1,2
5046,2715,173,presentacion:173,2,MENUDEO,74,148,1,2
5047,2715,152,presentacion:152,3,MENUDEO,8,24,1,3
5048,2715,112,presentacion:111,4,MENUDEO,8,32,1,4
5049,2715,633,presentacion:638,1,MENUDEO,322,322,1,1
5050,2715,237,presentacion:238,1,MENUDEO,251,251,1,1
5051,2715,269,presentacion:270,1,MENUDEO,130,130,1,1
5052,2715,28,presentacion:27,2,MENUDEO,5,10,1,2
5053,2715,74,presentacion:74,2,MENUDEO,8,16,1,2
5054,2715,288,presentacion:291,2,MENUDEO,200,400,1,2
5055,2715,735,presentacion:741,1,MENUDEO,2120,2120,1,1
5056,2715,1029,presentacion:1094,1,MENUDEO,93,93,1,1
5057,2715,1194,presentacion:1356,1,MENUDEO,650,650,1,1
5058,2715,1239,presentacion:1443,1,MENUDEO,910,910,1,1
5059,2715,1171,presentacion:1298,2,MENUDEO,22,44,1,2
5060,2715,1113,presentacion:1207,2,MENUDEO,25,50,1,2
5061,2715,1241,presentacion:1445,11,MENUDEO,47,517,1,11
5062,2715,265,presentacion:264,11,MENUDEO,15,165,1,11
5063,2716,1015,presentacion:1075,1,MENUDEO,182,182,1,1
5064,2716,1014,presentacion:1073,1,MENUDEO,100,100,1,1
5065,2717,1141,presentacion:1250,2,MENUDEO,4800,9600,40,80
5066,2717,7,presentacion:7,1,MENUDEO,3900,3900,40,40
5067,2718,8,presentacion:9,0.5,MENUDEO,3600,1800,40,20
5068,2718,780,presentacion:976,2,MENUDEO,540,1080,1,2
5069,2719,278,presentacion:279,4,MENUDEO,8,32,1,4
5070,2719,292,presentacion:300,1,MENUDEO,60,60,1,1
5071,2720,684,presentacion:688,1,MENUDEO,143,143,1,1
5072,2721,1141,presentacion:1250,1.5,MENUDEO,4800,7200,40,60
5073,2722,188,presentacion:187,5,MENUDEO,11,55,1,5
5074,2722,171,presentacion:172,1,MENUDEO,7,7,1,1
5075,2722,152,presentacion:152,1,MENUDEO,8,8,1,1
5076,2722,266,presentacion:268,1,MENUDEO,14,14,1,1
5077,2722,224,presentacion:223,1,MENUDEO,10,10,1,1
5078,2723,780,presentacion:976,3,MENUDEO,540,1620,1,3
5079,2723,7,presentacion:7,0.5,MENUDEO,3900,1950,40,20
5080,2723,1141,presentacion:1251,10,MENUDEO,120,1200,1,10
5081,2723,8,presentacion:285,5,MENUDEO,90,450,1,5
5082,2724,913,presentacion:954,3,MENUDEO,530,1590,1,3
5083,2724,1141,presentacion:1251,5,MENUDEO,120,600,1,5
5084,2725,780,presentacion:976,2,MENUDEO,540,1080,1,2
5085,2726,1141,presentacion:1252,2,MENUDEO,4600,9200,40,80
5086,2727,1141,presentacion:1252,1,MENUDEO,4600,4600,40,40
5087,2727,284,presentacion:1128,100,MENUDEO,26.5,2650,1,100
5088,2728,232,presentacion:232,5,MENUDEO,310,1550,1,5
5089,2728,1242,presentacion:1446,2,MENUDEO,60,120,1,2
5090,2728,745,presentacion:751,1,MENUDEO,96,96,1,1
5091,2728,948,presentacion:992,1,MENUDEO,78,78,1,1
5092,2729,1162,presentacion:1447,1,MENUDEO,11500,11500,30,30
5093,2730,703,presentacion:1084,1,MENUDEO,4200,4200,7,7
5094,2730,1024,presentacion:1087,2,MENUDEO,100,200,1,2
5095,2731,596,presentacion:1130,0.5,MENUDEO,22640,11320,150,75
5096,2732,317,presentacion:324,10,MENUDEO,18,180,1,10
5097,2733,1200,presentacion:1371,18,MENUDEO,27,486,1,18
5098,2734,1200,presentacion:1371,1,MENUDEO,27,27,1,1
5099,2735,987,presentacion:1360,6000,MENUDEO,4,24000,1,6000
5100,2736,781,presentacion:818,23,MENUDEO,89,2047,1,23
5101,2736,887,presentacion:927,1,MENUDEO,150,150,1,1
5102,2736,886,presentacion:925,1,MENUDEO,150,150,1,1
5103,2737,1141,presentacion:1251,20,MENUDEO,120,2400,1,20
5104,2737,7,presentacion:8,5,MENUDEO,98,490,1,5
5105,2738,1224,presentacion:1416,1,MENUDEO,23,23,1,1
5106,2739,923,presentacion:964,1,MENUDEO,2300,2300,7,7
5107,2739,1024,presentacion:1087,2,MENUDEO,100,200,1,2
5108,2740,106,presentacion:105,1,MENUDEO,142,142,1,1
5109,2740,151,presentacion:151,1,MENUDEO,139,139,1,1
5110,2741,703,presentacion:844,2,MENUDEO,600,1200,1,2
5111,2741,1141,presentacion:1254,0.5,MENUDEO,4500,2250,40,20
5112,2742,1141,presentacion:1370,1,MENUDEO,4600,4600,40,40
5113,2743,703,presentacion:844,1,MENUDEO,600,600,1,1
5114,2743,1141,presentacion:1254,0.5,MENUDEO,4500,2250,40,20
5115,2744,853,presentacion:893,1.5,MENUDEO,650,975,1,1.5
5116,2745,1141,presentacion:1251,2,MENUDEO,120,240,1,2
5117,2746,70,presentacion:68,2,MENUDEO,35,70,1,2
5118,2747,987,presentacion:1360,1000,MENUDEO,4,4000,1,1000
5119,2747,7,presentacion:1394,1,MENUDEO,3640,3640,40,40
5120,2748,596,presentacion:1429,30,MENUDEO,145,4350,1,30
5121,2748,1243,presentacion:1448,60,MENUDEO,25,1500,1,60
5122,2749,781,presentacion:818,27,MENUDEO,89,2403,1,27
5123,2750,1238,presentacion:1442,90,MENUDEO,35,3150,1,90
5124,2751,913,presentacion:1201,1,MENUDEO,16000,16000,14,14
5125,2752,777,presentacion:807,1,MENUDEO,157.5,157.5,1,1
5126,2753,7,presentacion:7,2,MENUDEO,3900,7800,40,80
5127,2753,293,presentacion:301,5,MENUDEO,37,185,1,5
5128,2753,294,presentacion:302,1,MENUDEO,60,60,1,1
5129,2754,1141,presentacion:1251,10,MENUDEO,120,1200,1,10
5130,2754,8,presentacion:285,10,MENUDEO,90,900,1,10
5131,2755,735,presentacion:1449,4,MENUDEO,60,240,1,4
5132,2755,284,presentacion:287,31.5,MENUDEO,28,882,1,31.5
5133,2756,8,presentacion:9,2,MENUDEO,3600,7200,40,80
5134,2756,1141,presentacion:1250,1,MENUDEO,4800,4800,40,40
5135,2757,91,presentacion:89,1,MENUDEO,57,57,1,1
5136,2757,778,presentacion:808,1,MENUDEO,210,210,1,1
5137,2758,703,presentacion:844,2,MENUDEO,600,1200,1,2
5138,2759,987,presentacion:1360,3000,MENUDEO,4,12000,1,3000
5139,2760,987,presentacion:1360,1500,MENUDEO,4,6000,1,1500
5140,2761,1141,presentacion:1251,5,MENUDEO,120,600,1,5
5141,2762,703,presentacion:1202,1,MENUDEO,16500,16500,30,30
5142,2763,735,presentacion:741,1,MENUDEO,2200,2200,1,1
5143,2764,1056,presentacion:1342,1,MENUDEO,3000,3000,7,7
5144,2765,289,presentacion:292,8,MENUDEO,330,2640,1,8
5145,2765,596,presentacion:754,15,MENUDEO,155,2325,1,15
5146,2765,594,presentacion:620,2,MENUDEO,275,550,1,2
5147,2766,781,presentacion:818,2,MENUDEO,89,178,1,2
5148,2767,781,presentacion:818,1,MENUDEO,89,89,1,1
5149,2767,892,presentacion:932,1,MENUDEO,170,170,1,1
5150,2768,596,presentacion:754,15,MENUDEO,155,2325,1,15
5151,2769,669,presentacion:673,2,MENUDEO,9,18,1,2
5152,2770,8,presentacion:285,10,MENUDEO,90,900,1,10
5153,2770,1141,presentacion:1251,5,MENUDEO,120,600,1,5
5154,2771,285,presentacion:288,70,MENUDEO,27,1890,1,70
5155,2772,285,presentacion:288,70,MENUDEO,27,1890,1,70
5156,2773,596,presentacion:754,20,MENUDEO,155,3100,1,20
5157,2773,1141,presentacion:1250,1,MENUDEO,4800,4800,40,40
5158,2774,987,presentacion:1042,1.5,MENUDEO,4230,6345,1000,1500
5159,2775,284,presentacion:287,30,MENUDEO,28,840,1,30
5160,2776,7,presentacion:1191,2,MENUDEO,3600,7200,40,80
5161,2776,1141,presentacion:1252,1,MENUDEO,4600,4600,40,40
5162,2777,8,presentacion:285,10,MENUDEO,90,900,1,10
5163,2777,1141,presentacion:1251,5,MENUDEO,120,600,1,5
5164,2778,258,presentacion:258,1,MENUDEO,74,74,1,1
5165,2779,683,presentacion:687,5,MENUDEO,7,35,1,5
5166,2780,596,presentacion:1450,1,MENUDEO,21000,21000,1,1
5167,2780,594,presentacion:1451,16,MENUDEO,250,4000,1,16
5168,2781,8,presentacion:285,10,MENUDEO,90,900,1,10
5169,2781,1141,presentacion:1251,5,MENUDEO,120,600,1,5
5170,2782,1141,presentacion:1250,1,MENUDEO,4800,4800,40,40
5171,2782,7,presentacion:7,1,MENUDEO,3900,3900,40,40
5172,2782,923,presentacion:1452,1,MENUDEO,2450,2450,7,7
5173,2783,1141,presentacion:1251,10,MENUDEO,120,1200,1,10
5174,2784,1141,presentacion:1251,7,MENUDEO,120,840,1,7
5175,2784,8,presentacion:285,10,MENUDEO,90,900,1,10
5176,2785,1141,presentacion:1252,1,MENUDEO,4600,4600,40,40
5177,2785,8,presentacion:9,0.5,MENUDEO,3600,1800,40,20
5178,2786,957,presentacion:1441,1,MENUDEO,1400,1400,7,7
5179,2787,1141,presentacion:1252,1,MENUDEO,4600,4600,40,40
5180,2787,288,presentacion:291,20,MENUDEO,200,4000,1,20
5181,2787,287,presentacion:1132,200,MENUDEO,24.5,4900,1,200
5182,2788,957,presentacion:1441,1,MENUDEO,1400,1400,7,7
5183,2789,1141,presentacion:1252,0.5,MENUDEO,4600,2300,40,20
5184,2790,1141,presentacion:1252,1,MENUDEO,4600,4600,40,40
5185,2790,8,presentacion:9,1,MENUDEO,3600,3600,40,40
5186,2791,596,presentacion:754,10,MENUDEO,155,1550,1,10
5187,2792,549,presentacion:556,1,MENUDEO,115,115,1,1
5188,2793,957,presentacion:1194,1,MENUDEO,5900,5900,30,30
5189,2794,987,presentacion:1360,2000,MENUDEO,4,8000,1,2000
5190,2794,7,presentacion:1394,1,MENUDEO,3640,3640,40,40
5191,2795,596,presentacion:1450,1.5,MAYOREO,19500,29250,1,1.5
5192,2795,594,presentacion:1453,1,MENUDEO,9925.5,9925.5,42,42
5193,2795,287,presentacion:1455,250,MENUDEO,21.5,5375,1,250
5194,2795,284,presentacion:1454,42,MENUDEO,27,1134,1,42
5195,2796,1141,presentacion:1251,1,MENUDEO,120,120,1,1
5196,2796,892,presentacion:932,1,MENUDEO,170,170,1,1
5197,2797,987,presentacion:1360,3000,MENUDEO,4,12000,1,3000
5198,2798,1141,presentacion:1251,20,MENUDEO,120,2400,1,20
5199,2798,8,presentacion:285,10,MENUDEO,90,900,1,10
5200,2799,735,presentacion:1449,10,MENUDEO,60,600,1,10
5201,2800,8,presentacion:285,20,MENUDEO,90,1800,1,20
5202,2800,1141,presentacion:1250,1,MENUDEO,4800,4800,40,40
5203,2801,8,presentacion:285,15,MENUDEO,90,1350,1,15
5204,2801,1141,presentacion:1251,5,MENUDEO,120,600,1,5
5205,2802,29,presentacion:28,2,MENUDEO,1677,3354,1,2
5206,2803,244,presentacion:245,1,MENUDEO,13,13,1,1
5207,2804,936,presentacion:980,1,MENUDEO,2500,2500,7,7
5208,2805,695,presentacion:699,1,MENUDEO,62,62,1,1
