legacy_id,sku,barcode,name,brand_legacy_id,brand_name,category_legacy_id,category_name,uom_legacy_id,uom_name,origin_country,volume_ml,alcohol_pct,vintage_year,price_retail,price_mid_wholesale,price_wholesale,cost,purchase_cost,min_stock,max_stock,image_url,notes,is_active,is_divisible,price_mid_wholesale_min_qty,price_wholesale_min_qty,single_price_mode
2,MAT-00002,,demo,,,category:materiales,Materiales,medida:2,PIEZAS,,,,,0,0,0,,,1,9999,,ID producto origen: 2 | Medida origen: Pieza(s),false,false,6,12,false
3,MAT-00003,,demo2,,,category:materiales,Materiales,medida:3,METROS,,,,,0,0,0,,,1,9999,,ID producto origen: 3 | Medida origen: Metro(s),false,true,6,12,false
4,MAT-00004,,CEMENTO HOLCIM(50 KILOS),,,category:materiales,Materiales,medida:2,PIEZAS,,,,,240,240,240,215,215,1,9999,,ID producto origen: 4 | Medida origen: Pieza(s),true,false,1,1,true
5,MAT-00005,,CEMENTO HOLCIM 25 KILOS,,,category:materiales,Materiales,medida:1,KILOS,,,,,118,118,118,104.2,104.2,1,9999,,ID producto origen: 5 | Medida origen: Kilo(s),false,true,1,1,true
6,MAT-00006,,MORTERO HOLCIM(50 KILOS),,,category:materiales,Materiales,medida:2,PIEZAS,,,,,195,195,195,170,170,0,9999,,ID producto origen: 6 | Medida origen: Pieza(s),true,false,1,1,true
7,MAT-00007,,MORTERO 25 HOLCIM,,,category:materiales,Materiales,medida:2,PIEZAS,,,,,98,98,98,83.5,83.5,1,9999,,ID producto origen: 7 | Medida origen: Pieza(s),true,false,1,1,true
8,MAT-00008,,CAL HIDRA,,,category:materiales,Materiales,medida:2,PIEZAS,,,,,90,90,90,69.5,69.5,1,9999,,ID producto origen: 8 | Medida origen: Pieza(s),true,false,1,1,true
9,MAT-00009,4191361223323,COPLE VERDE MACHO 1/2,,,category:materiales,Materiales,medida:2,PIEZAS,,,,,37,36,36,,,4,9999,uploads/productos/WhatsApp Image 2025-09-27 at 08.14.45.jpeg,ID producto origen: 9 | Medida origen: Pieza(s) | Generado sistema origen: 1,true,false,1,1,false
10,MAT-00010,1074953410222,COPLE VERDE HEMBRA 1/2,,,category:materiales,Materiales,medida:2,PIEZAS,,,,,33,33,33,,,4,9999,uploads/productos/WhatsApp Image 2025-09-26 at 12.01.49.jpeg,ID producto origen: 10 | Medida origen: Pieza(s) | Generado sistema origen: 1,true,false,1,1,true
11,MAT-00011,7501206686492,BROCHA PROFESIONAL 2P(TRUPER),,,category:materiales,Materiales,medida:2,PIEZAS,,,,,17,16,16,,,1,9999,,ID producto origen: 11 | Medida origen: Pieza(s),true,false,1,1,false
12,MAT-00012,7501206686522,"BROCHA PROFESIONAL 4 ""(TRUPER)",,,category:materiales,Materiales,medida:2,PIEZAS,,,,,52,51,51,,,1,9999,,ID producto origen: 12 | Medida origen: Pieza(s),true,false,1,1,false
13,MAT-00013,6283827134910,REDUCCION PVC 4X6,,,category:materiales,Materiales,medida:2,PIEZAS,,,,,27,26,26,,,4,9999,uploads/productos/WhatsApp Image 2025-09-26 at 9.09.45 AM.jpeg,ID producto origen: 13 | Medida origen: Pieza(s) | Generado sistema origen: 1,true,false,1,1,false
14,MAT-00014,7501206613733,bomba pereferica 1/2,,,category:materiales,Materiales,medida:2,PIEZAS,,,,,865,864,864,,,1,9999,,ID producto origen: 14 | Medida origen: Pieza(s),true,false,1,1,false
15,MAT-00015,7501206611883,CEPILLO PINTOR CERDA COLA DE CABALLO,,,category:materiales,Materiales,medida:2,PIEZAS,,,,,70,69,69,,,1,9999,,ID producto origen: 15 | Medida origen: Pieza(s),true,false,1,1,false
16,MAT-00016,7992453103595,YEE PVC 3,,,category:materiales,Materiales,medida:2,PIEZAS,,,,,27,26,26,23.26,23.26,4,9999,uploads/productos/WhatsApp Image 2025-09-26 at 09.21.59.jpeg,ID producto origen: 16 | Medida origen: Pieza(s) | Generado sistema origen: 1,true,false,1,1,false
17,MAT-00017,,CARRETILLA IMPONCHABLE TRUPER,,,category:materiales,Materiales,medida:2,PIEZAS,,,,,1677,1676,1676,,,1,9999,,ID producto origen: 17 | Medida origen: Pieza(s),false,false,1,1,false
18,MAT-00018,7506240606932,CEPILLO PINTOR SINTETICO,,,category:materiales,Materiales,medida:2,PIEZAS,,,,,46,45,45,,,1,9999,,ID producto origen: 18 | Medida origen: Pieza(s),true,false,1,1,false
19,MAT-00019,,CARRETILLA 5FT3 IMPONCHABLE TRUPER,,,category:materiales,Materiales,medida:2,PIEZAS,,,,,1676,1675,1675,,,1,9999,,ID producto origen: 19 | Medida origen: Pieza(s),true,false,1,1,false
20,MAT-00020,,COMPLE VERDE MACHO 3/4,,,category:materiales,Materiales,medida:2,PIEZAS,,,,,0,0,0,,,4,9999,,ID producto origen: 20 | Medida origen: Pieza(s),false,false,6,12,false
21,MAT-00021,7501206652190,ASPERSOR PLASTICO 11P ESTACA METALICA TRUPER,,,category:materiales,Materiales,medida:2,PIEZAS,,,,,87,86,86,,,1,9999,,ID producto origen: 21 | Medida origen: Pieza(s),true,false,1,1,false
22,MAT-00022,,COMPLE VERDE MACHO 3/4,,,category:materiales,Materiales,medida:2,PIEZAS,,,,,0,0,0,,,4,9999,,ID producto origen: 22 | Medida origen: Pieza(s),false,false,6,12,false
23,MAT-00023,7501206632000,AZADON MEZCLERO,,,category:materiales,Materiales,medida:2,PIEZAS,,,,,331,330,330,,,1,9999,,ID producto origen: 23 | Medida origen: Pieza(s),true,false,1,1,false
24,MAT-00024,,COMPLE VERDE MACHO 3/4,,,category:materiales,Materiales,medida:2,PIEZAS,,,,,23,23,23,,,4,9999,,ID producto origen: 24 | Medida origen: Pieza(s),false,false,1,1,true
25,MAT-00025,0730463802957,COPLE VERDE MACHO 3/4,,,category:materiales,Materiales,medida:2,PIEZAS,,,,,55,55,55,,,4,9999,uploads/productos/WhatsApp Image 2025-09-27 at 08.14.57.jpeg,ID producto origen: 25 | Medida origen: Pieza(s) | Generado sistema origen: 1,true,false,1,1,true
26,MAT-00026,7506240673828,FLEXOMETRO CONTRA IMPACTOS 5.5M,,,category:materiales,Materiales,medida:2,PIEZAS,,,,,158,157,157,,,1,9999,,ID producto origen: 26 | Medida origen: Pieza(s),true,false,1,1,false
27,MAT-00027,5321418922629,CODO PVC 6X90,,,category:materiales,Materiales,medida:2,PIEZAS,,,,,85,85,85,71.44,71.44,4,9999,uploads/productos/WhatsApp Image 2025-09-26 at 09.07.21.jpeg,ID producto origen: 27 | Medida origen: Pieza(s) | Generado sistema origen: 1,true,false,1,1,true
28,MAT-00028,2065714039546,TAPON VERDE 3/4,,,category:materiales,Materiales,medida:2,PIEZAS,,,,,5,5,5,,,4,9999,uploads/productos/WhatsApp Image 2025-09-27 at 09.29.42.jpeg,ID producto origen: 28 | Medida origen: Pieza(s) | Generado sistema origen: 1,true,false,1,1,true
29,MAT-00029,,CARRETILLA 6 FT3 NEUMATICA,,,category:materiales,Materiales,medida:2,PIEZAS,,,,,1677,1676,1676,1245.69,1245.69,1,9999,,ID producto origen: 29 | Medida origen: Pieza(s),true,false,1,1,false
30,MAT-00030,7501206673324,FLEXOMETRO GRIPPER 5M (TRUPER),,,category:materiales,Materiales,medida:2,PIEZAS,,,,,87,86,86,,,1,9999,,ID producto origen: 30 | Medida origen: Pieza(s),true,false,1,1,false
31,MAT-00031,7901700683346,TAPON CPVC 1/2,,,category:materiales,Materiales,medida:2,PIEZAS,,,,,1,1,1,0.59,0.59,4,9999,uploads/productos/WhatsApp Image 2025-09-26 at 3.01.31 PM.jpeg,ID producto origen: 31 | Medida origen: Pieza(s) | Generado sistema origen: 1,true,false,1,1,true
32,MAT-00032,7501206679166,CINTA MASKING TAPE 12MMX50MM,,,category:materiales,Materiales,medida:2,PIEZAS,,,,,18,17,17,,,1,9999,,ID producto origen: 32 | Medida origen: Pieza(s),true,false,1,1,false
33,MAT-00033,2225875368903,TEE VERDE 3/4,,,category:materiales,Materiales,medida:2,PIEZAS,,,,,14,14,14,10.58,10.58,4,9999,uploads/productos/WhatsApp Image 2025-09-26 at 12.01.26.jpeg,ID producto origen: 33 | Medida origen: Pieza(s) | Generado sistema origen: 1,true,false,1,1,true
34,MAT-00034,506240635161,ACEITE 2 TIEMPOS 60ML,,,category:materiales,Materiales,medida:2,PIEZAS,,,,,26,26,26,,,1,9999,,ID producto origen: 34 | Medida origen: Pieza(s),true,false,1,1,true
35,MAT-00035,7501206679173,CINTA MASKING TAPE 18MMX50MM,,,category:materiales,Materiales,medida:2,PIEZAS,,,,,26,25,25,,,1,9999,,ID producto origen: 35 | Medida origen: Pieza(s),true,false,1,1,false
36,MAT-00036,,LLANA 11P 10 REMACHES TRUPER,,,category:materiales,Materiales,medida:2,PIEZAS,,,,,128,127,127,,,1,9999,,ID producto origen: 36 | Medida origen: Pieza(s),true,false,1,1,false
37,MAT-00037,7501206679197,CINTA MASKING TAPE 36MMX50M,,,category:materiales,Materiales,medida:2,PIEZAS,,,,,49,48,48,,,1,9999,,ID producto origen: 37 | Medida origen: Pieza(s),true,false,1,1,false
38,MAT-00038,7501206633762,"LLANA 11""X5"" TRUPER",,,category:materiales,Materiales,medida:2,PIEZAS,,,,,111,110,110,,,1,9999,,ID producto origen: 38 | Medida origen: Pieza(s),true,false,1,1,false
39,MAT-00039,5179344591637,TEE COBRE 1,,,category:materiales,Materiales,medida:2,PIEZAS,,,,,140,139,139,,,1,9999,uploads/productos/WhatsApp Image 2025-09-27 at 09.29.16.jpeg,ID producto origen: 39 | Medida origen: Pieza(s) | Generado sistema origen: 1,true,false,1,1,false
40,MAT-00040,7501206674376,"LLANA DENTADA 11""X5"" TRUPER",,,category:materiales,Materiales,medida:2,PIEZAS,,,,,111,110,110,81.9,81.9,1,9999,,ID producto origen: 40 | Medida origen: Pieza(s),true,false,1,1,false
41,MAT-00041,0296354357284,COPLE VERDE 3/4,,,category:materiales,Materiales,medida:2,PIEZAS,,,,,11,11,11,6.3,6.3,4,9999,uploads/productos/WhatsApp Image 2025-09-27 at 08.13.46.jpeg,ID producto origen: 41 | Medida origen: Pieza(s) | Generado sistema origen: 1,true,false,1,1,true
42,MAT-00042,7501206679180,CINTA MASKING 24MMX50M TRUPER,,,category:materiales,Materiales,medida:2,PIEZAS,,,,,33,32,32,,,1,9999,,ID producto origen: 42 | Medida origen: Pieza(s),true,false,1,1,false
43,MAT-00043,7501206641415,LLAVE AJUSTABLE PERICO 10P EXPERT,,,category:materiales,Materiales,medida:2,PIEZAS,,,,,231,230,230,,,1,9999,,ID producto origen: 43 | Medida origen: Pieza(s),true,false,1,1,false
44,MAT-00044,0890562703774,CODO VERDE 1X90,,,category:materiales,Materiales,medida:2,PIEZAS,,,,,7,7,7,3.99,3.99,4,9999,uploads/productos/WhatsApp Image 2025-09-27 at 08.59.32.jpeg,ID producto origen: 44 | Medida origen: Pieza(s) | Generado sistema origen: 1,true,false,1,1,true
45,MAT-00045,7501206679203,CINTA MASKING TAPE 48MMX50M,,,category:materiales,Materiales,medida:2,PIEZAS,,,,,65,64,64,,,1,9999,,ID producto origen: 45 | Medida origen: Pieza(s),true,false,1,1,false
46,MAT-00046,8235217694908,CODO PIPA MACHO 3/4(VERDE),,,category:materiales,Materiales,medida:2,PIEZAS,,,,,27,27,27,,,4,9999,uploads/productos/WhatsApp Image 2025-09-26 at 11.01.56.jpeg,ID producto origen: 46 | Medida origen: Pieza(s) | Generado sistema origen: 1,true,false,1,1,true
47,MAT-00047,7501206647158,"LLAVE COMBINADA 7/16"" TRUPER EXPERT",,,category:materiales,Materiales,medida:2,PIEZAS,,,,,64,63,63,,,1,9999,,ID producto origen: 47 | Medida origen: Pieza(s),true,false,1,1,false
48,MAT-00048,7501206693308,CINTA MASKING TAPE AZUL 18MMX50M TRUPER,,,category:materiales,Materiales,medida:2,PIEZAS,,,,,46,45,45,,,1,9999,,ID producto origen: 48 | Medida origen: Pieza(s),true,false,1,1,false
49,MAT-00049,0386346233914,REDUCCION PVC 3X4,,,category:materiales,Materiales,medida:2,PIEZAS,,,,,12,12,12,,,4,9999,uploads/productos/WhatsApp Image 2025-09-26 at 09.21.40.jpeg,ID producto origen: 49 | Medida origen: Pieza(s) | Generado sistema origen: 1,true,false,1,1,true
50,MAT-00050,7501206647165,"LLAVE COMBINADA 1/2"" TRUPER EXPERT",,,category:materiales,Materiales,medida:2,PIEZAS,,,,,76,75,75,,,1,9999,,ID producto origen: 50 | Medida origen: Pieza(s),true,false,1,1,false
51,MAT-00051,8391648340101,ADAPTADOR CPVC BUSH HEMBRA 1/2,,,category:materiales,Materiales,medida:2,PIEZAS,,,,,3,3,3,1.8,1.8,4,9999,uploads/productos/WhatsApp Image 2025-09-27 at 10.58.16 (1).jpeg,ID producto origen: 51 | Medida origen: Pieza(s) | Generado sistema origen: 1,true,false,1,1,true
52,MAT-00052,0181845830165,TUERCA UNION VERDE 3/4,,,category:materiales,Materiales,medida:2,PIEZAS,,,,,22,22,22,,,4,9999,uploads/productos/WhatsApp Image 2025-09-27 at 08.59.19.jpeg,ID producto origen: 52 | Medida origen: Pieza(s) | Generado sistema origen: 1,true,false,1,1,true
53,MAT-00053,7501206647202,"LLAVE COMBINADA 3/4"" TRUPER EXPERT",,,category:materiales,Materiales,medida:2,PIEZAS,,,,,122,121,121,,,1,9999,,ID producto origen: 53 | Medida origen: Pieza(s),true,false,1,1,false
54,MAT-00054,7501206693315,CINTA MASKING TAPE AZUL 24MMX50M TRUPER,,,category:materiales,Materiales,medida:2,PIEZAS,,,,,57,56,56,,,1,9999,,ID producto origen: 54 | Medida origen: Pieza(s),true,false,1,1,false
55,MAT-00055,5154303073638,CODO CPVC 1/2X45,,,category:materiales,Materiales,medida:2,PIEZAS,,,,,2,2,2,0.93,0.93,4,9999,uploads/productos/WhatsApp Image 2025-09-27 at 12.28.17.jpeg,ID producto origen: 55 | Medida origen: Pieza(s) | Generado sistema origen: 1,true,false,1,1,true
56,MAT-00056,7501206642641,LLAVE COMBINADA 8MM TRUPER EXPERT,,,category:materiales,Materiales,medida:2,PIEZAS,,,,,53,52,52,,,1,9999,,ID producto origen: 56 | Medida origen: Pieza(s),true,false,1,1,false
57,MAT-00057,7501206693339,CINTA MASKING TAPE AZUL 48MMX50M TRUPER,,,category:materiales,Materiales,medida:2,PIEZAS,,,,,110,109,109,,,1,9999,,ID producto origen: 57 | Medida origen: Pieza(s),true,false,1,1,false
58,MAT-00058,7501206647219,LLAVE COMBINADA 10MM TRUPER EXPERT,,,category:materiales,Materiales,medida:2,PIEZAS,,,,,57,56,56,,,1,9999,,ID producto origen: 58 | Medida origen: Pieza(s),true,false,1,1,false
59,MAT-00059,7501206652213,"CHIFLON 3"" DE LATON TRUPER",,,category:materiales,Materiales,medida:2,PIEZAS,,,,,64,63,63,,,1,9999,,ID producto origen: 59 | Medida origen: Pieza(s),true,false,1,1,false
60,MAT-00060,7501206647240,LLAVE COMBINADA 13MM TRUPER EXPERT,,,category:materiales,Materiales,medida:2,PIEZAS,,,,,76,75,75,,,1,9999,,ID producto origen: 60 | Medida origen: Pieza(s),true,false,1,1,false
61,MAT-00061,7506240647973,BROCHA CORTE RECTO 2P (TRUPER),,,category:materiales,Materiales,medida:2,PIEZAS,,,,,34,33,33,,,1,9999,,ID producto origen: 61 | Medida origen: Pieza(s),true,false,1,1,false
62,MAT-00062,7506240622246,ESPATULA FLEXIBLE 3P ACERO INOX EXPERT,,,category:materiales,Materiales,medida:2,PIEZAS,,,,,78,77,77,,,1,9999,,ID producto origen: 62 | Medida origen: Pieza(s),true,false,1,1,false
63,MAT-00063,7506240647997,"BROCHA CORTE RECTO 3"" TRUPER",,,category:materiales,Materiales,medida:2,PIEZAS,,,,,55,54,54,,,1,9999,,ID producto origen: 63 | Medida origen: Pieza(s),true,false,1,1,false
64,MAT-00064,7506240653288,LUBRICANTE MULTIUSOS AEROSOL 235 ML TRUPER,,,category:materiales,Materiales,medida:2,PIEZAS,,,,,45,44,44,,,1,9999,,ID producto origen: 64 | Medida origen: Pieza(s),true,false,1,1,false
65,MAT-00065,0894912921344,CODO VERDE 1/2X45,,,category:materiales,Materiales,medida:2,PIEZAS,,,,,0,0,0,,,4,9999,,ID producto origen: 65 | Medida origen: Pieza(s),true,false,6,12,false
66,MAT-00066,0894912921344,CODO VERDE 1/2X45,,,category:materiales,Materiales,medida:2,PIEZAS,,,,,11,11,11,8.46,8.46,4,9999,uploads/productos/WhatsApp Image 2025-09-26 at 12.03.11 (1).jpeg,ID producto origen: 66 | Medida origen: Pieza(s) | Generado sistema origen: 1,false,false,1,1,true
67,MAT-00067,4679641887200,ADAPTADOR CPVC MACHO 1/2 C/LATON,,,category:materiales,Materiales,medida:2,PIEZAS,,,,,25,25,25,21.53,21.53,2,9999,uploads/productos/WhatsApp Image 2025-09-27 at 8.04.01 AM.jpeg,ID producto origen: 67 | Medida origen: Pieza(s) | Generado sistema origen: 1,true,false,1,1,true
68,MAT-00068,7506240653295,LUBRICANTE MULTIUSOS AEROSOL 345 ML TRUPER,,,category:materiales,Materiales,medida:2,PIEZAS,,,,,58,57,57,,,1,9999,,ID producto origen: 68 | Medida origen: Pieza(s),true,false,3,3,false
69,MAT-00069,7506240622277,ESPATULA FLEXIBLE 6P TRUPER EXPERT,,,category:materiales,Materiales,medida:2,PIEZAS,,,,,107,106,106,,,1,9999,,ID producto origen: 69 | Medida origen: Pieza(s),true,false,1,1,false
70,MAT-00070,6616457255630,CODO PVC 4X90,,,category:materiales,Materiales,medida:2,PIEZAS,,,,,35,35,35,18.34,18.34,4,9999,uploads/productos/WhatsApp Image 2025-09-26 at 11.34.38 AM.jpeg,ID producto origen: 70 | Medida origen: Pieza(s) | Generado sistema origen: 1,true,false,1,1,true
71,MAT-00071,7506240638803,HILO DUAL P/ DESBROZADORA 2.7MM X 12MM TRUPER EXPERT,,,category:materiales,Materiales,medida:2,PIEZAS,,,,,40,39,39,,,1,9999,,ID producto origen: 71 | Medida origen: Pieza(s),true,false,1,1,false
72,MAT-00072,2293067605082,CODO VERDE 3/4X90,,,category:materiales,Materiales,medida:2,PIEZAS,,,,,8,8,8,5.6,5.6,1,9999,uploads/productos/WhatsApp Image 2025-09-27 at 08.59.46.jpeg,ID producto origen: 72 | Medida origen: Pieza(s) | Generado sistema origen: 1,true,false,1,1,true
73,MAT-00073,7506240653318,LUBRICANTE MULTIUSOS AEROSOL 550 ML TRUPER,,,category:materiales,Materiales,medida:2,PIEZAS,,,,,87,86,86,,,1,9999,,ID producto origen: 73 | Medida origen: Pieza(s),true,false,1,1,false
74,MAT-00074,4448753441804,TAPON VERDE 1/2,,,category:materiales,Materiales,medida:2,PIEZAS,,,,,8,8,8,32.22,32.22,4,9999,uploads/productos/WhatsApp Image 2025-09-27 at 09.29.27.jpeg,ID producto origen: 74 | Medida origen: Pieza(s) | Generado sistema origen: 1,true,false,1,1,true
75,MAT-00075,7501206630310,MARRO 3LB TRUPER,,,category:materiales,Materiales,medida:2,PIEZAS,,,,,196,195,195,145.69,145.69,1,9999,,ID producto origen: 75 | Medida origen: Pieza(s),true,false,1,1,false
76,MAT-00076,7506240645238,RODILLO 5/8,,,category:materiales,Materiales,medida:2,PIEZAS,,,,,49,48,48,,,1,9999,,ID producto origen: 76 | Medida origen: Pieza(s),true,false,1,1,false
77,MAT-00077,7506240645252,"RODILLO 1"" TRUPER NARANJA",,,category:materiales,Materiales,medida:2,PIEZAS,,,,,52,51,51,,,1,9999,,ID producto origen: 77 | Medida origen: Pieza(s),true,false,1,1,false
78,MAT-00078,5980590266961,CODO PIPA VERDE HEMBRA 3/4,,,category:materiales,Materiales,medida:2,PIEZAS,,,,,25,25,25,,,4,9999,uploads/productos/WhatsApp Image 2025-09-26 at 12.04.47.jpeg,ID producto origen: 78 | Medida origen: Pieza(s) | Generado sistema origen: 1,true,false,1,1,true
79,MAT-00079,4282062295617,"TAPON VERDE 1""",,,category:materiales,Materiales,medida:2,PIEZAS,,,,,5,5,5,,,4,9999,uploads/productos/WhatsApp Image 2025-09-27 at 09.30.00.jpeg,ID producto origen: 79 | Medida origen: Pieza(s) | Generado sistema origen: 1,true,false,1,1,true
80,MAT-00080,7501206675816,MARRO 4LB TRUPER,,,category:materiales,Materiales,medida:2,PIEZAS,,,,,244,243,243,181.03,181.03,1,9999,,ID producto origen: 80 | Medida origen: Pieza(s),true,false,1,1,false
81,MAT-00081,7682083265298,COPLE CPVC 1/2,,,category:materiales,Materiales,medida:2,PIEZAS,,,,,3,3,3,0.69,0.69,4,9999,uploads/productos/WhatsApp Image 2025-09-27 at 12.48.33.jpeg,ID producto origen: 81 | Medida origen: Pieza(s) | Generado sistema origen: 1,true,false,1,1,true
82,MAT-00082,5282820939783,YEE PVC 2,,,category:materiales,Materiales,medida:2,PIEZAS,,,,,10,10,10,,,4,9999,uploads/productos/WhatsApp Image 2025-09-26 at 11.32.26 AM.jpeg,ID producto origen: 82 | Medida origen: Pieza(s) | Generado sistema origen: 1,true,false,1,1,true
83,MAT-00083,7454607598256,CODO VERDE 3/4X45,,,category:materiales,Materiales,medida:2,PIEZAS,,,,,14,14,14,5.6,5.6,4,9999,uploads/productos/WhatsApp Image 2025-09-26 at 12.03.29.jpeg,ID producto origen: 83 | Medida origen: Pieza(s) | Generado sistema origen: 1,true,false,1,1,true
84,MAT-00084,5745508948441,COPLE CPVC 3/4,,,category:materiales,Materiales,medida:2,PIEZAS,,,,,3,3,3,1.47,1.47,4,9999,uploads/productos/WhatsApp Image 2025-09-27 at 12.48.46.jpeg,ID producto origen: 84 | Medida origen: Pieza(s) | Generado sistema origen: 1,true,false,1,1,true
85,MAT-00085,3990549800803,TEE VERDE 1,,,category:materiales,Materiales,medida:2,PIEZAS,,,,,20,20,20,17.01,17.01,4,9999,uploads/productos/WhatsApp Image 2025-09-26 at 12.00.51.jpeg,ID producto origen: 85 | Medida origen: Pieza(s) | Generado sistema origen: 1,true,false,1,1,true
86,MAT-00086,506240673262,ESMERILADORA ANGULAR 4-1/2,,,category:materiales,Materiales,medida:2,PIEZAS,,,,,1100,1100,1100,818.97,818.97,1,9999,,ID producto origen: 86 | Medida origen: Pieza(s),true,false,1,1,true
87,MAT-00087,4914112167611,TUERCA UNION VERDE 1/2,,,category:materiales,Materiales,medida:2,PIEZAS,,,,,11,11,11,,,4,9999,uploads/productos/WhatsApp Image 2025-09-27 at 08.58.59 (1).jpeg,ID producto origen: 87 | Medida origen: Pieza(s) | Generado sistema origen: 1,true,false,1,1,true
88,MAT-00088,7501206650073,ESCOBA METALICA P/JARDIN TRUPER,,,category:materiales,Materiales,medida:2,PIEZAS,,,,,139,138,138,,,1,9999,,ID producto origen: 88 | Medida origen: Pieza(s),true,false,1,1,false
89,MAT-00089,6950463154809,REDUCCION CPVC 3/4X1/2,,,category:materiales,Materiales,medida:2,PIEZAS,,,,,2,2,2,1.12,1.12,4,9999,uploads/productos/WhatsApp Image 2025-09-27 at 12.49.04.jpeg,ID producto origen: 89 | Medida origen: Pieza(s) | Generado sistema origen: 1,true,false,1,1,true
90,MAT-00090,506240622253,ESPATULA FLEXIBLE 4 P TRUPER,,,category:materiales,Materiales,medida:2,PIEZAS,,,,,87,87,87,64.66,64.66,1,9999,,ID producto origen: 90 | Medida origen: Pieza(s),true,false,1,1,true
91,MAT-00091,7501206630143,ESPATULA FLEXIBLE 3 P TRUPER,,,category:materiales,Materiales,medida:2,PIEZAS,,,,,57,56,56,,,1,9999,,ID producto origen: 91 | Medida origen: Pieza(s),true,false,1,1,false
92,MAT-00092,,MARTILLO PULIDO 16 OZ UÑA CURVA TRUPER,,,category:materiales,Materiales,medida:2,PIEZAS,,,,,104,103,103,,,1,9999,,ID producto origen: 92 | Medida origen: Pieza(s),false,false,1,1,false
93,MAT-00093,1619781332669,LLAVE DE PASO VERDE 1/2,,,category:materiales,Materiales,medida:2,PIEZAS,,,,,13,13,13,,,4,9999,uploads/productos/WhatsApp Image 2025-09-27 at 10.44.12.jpeg,ID producto origen: 93 | Medida origen: Pieza(s) | Generado sistema origen: 1,true,false,1,1,true
94,MAT-00094,,ESPATULA FLEXIBLE 4P TRUPER,,,category:materiales,Materiales,medida:2,PIEZAS,,,,,0,0,0,,,1,9999,,ID producto origen: 94 | Medida origen: Pieza(s),false,false,6,12,false
95,MAT-00095,,MARTILLO PULIDO 16OZ UÑA RECTA TRUPER,,,category:materiales,Materiales,medida:2,PIEZAS,,,,,104,103,103,,,1,9999,,ID producto origen: 95 | Medida origen: Pieza(s),false,false,1,1,false
96,MAT-00096,3056027254497,REDUCCION CPVC BUSH 1X1/2,,,category:materiales,Materiales,medida:2,PIEZAS,,,,,3,3,3,,,4,9999,uploads/productos/WhatsApp Image 2025-09-26 at 3.02.20 PM.jpeg,ID producto origen: 96 | Medida origen: Pieza(s) | Generado sistema origen: 1,true,false,1,1,true
97,MAT-00097,7506240647874,HILO REDONDO PARA DESBROZADORA TRUPER,,,category:materiales,Materiales,medida:2,PIEZAS,,,,,25,24,24,,,1,9999,,ID producto origen: 97 | Medida origen: Pieza(s),true,false,1,1,false
98,MAT-00098,1684974880418,COPLE VERDE 1/2,,,category:materiales,Materiales,medida:2,PIEZAS,,,,,4,4,4,3.51,3.51,4,9999,uploads/productos/WhatsApp Image 2025-09-27 at 08.13.59.jpeg,ID producto origen: 98 | Medida origen: Pieza(s) | Generado sistema origen: 1,true,false,1,1,true
99,MAT-00099,7506240647881,HILO P/DESBROZADORA 2.4MM X 12M TRUPER EXPERT,,,category:materiales,Materiales,medida:2,PIEZAS,,,,,26,25,25,,,1,9999,,ID producto origen: 99 | Medida origen: Pieza(s),true,false,1,1,false
100,MAT-00100,7501206664452,JUEGO 8 DESARMADORES TRANSP PRETUL,,,category:materiales,Materiales,medida:2,PIEZAS,,,,,185,185,185,,,1,9999,,ID producto origen: 100 | Medida origen: Pieza(s),true,false,1,1,true
101,MAT-00101,7506240647898,HILO REDONDO PARA DESBROZADORA 2.7MM X 12M,,,category:materiales,Materiales,medida:2,PIEZAS,,,,,30,29,29,,,1,9999,,ID producto origen: 101 | Medida origen: Pieza(s),true,false,1,1,false
102,MAT-00102,7501206630402,"NIVEL 14"" C/PROTECCION TRUPER",,,category:materiales,Materiales,medida:2,PIEZAS,,,,,115,114,114,,,1,9999,,ID producto origen: 102 | Medida origen: Pieza(s),true,false,1,1,false
103,MAT-00103,7501206664513,JUEGO 8 DESARMADORES NEGROS PRETUL,,,category:materiales,Materiales,medida:2,PIEZAS,,,,,182,182,182,,,1,9999,,ID producto origen: 103 | Medida origen: Pieza(s),true,false,1,1,true
104,MAT-00104,9418648579412,VALV CPVC DE BOLA 1/2,,,category:materiales,Materiales,medida:2,PIEZAS,,,,,19,19,19,,,4,9999,uploads/productos/WhatsApp Image 2025-09-27 at 8.04.24 AM_9206.jpeg,ID producto origen: 104 | Medida origen: Pieza(s) | Generado sistema origen: 1,true,false,1,1,true
105,MAT-00105,7501206630419,NIVEL 18,,,category:materiales,Materiales,medida:2,PIEZAS,,,,,157,156,156,,,1,9999,,ID producto origen: 105 | Medida origen: Pieza(s),true,false,1,1,false
106,MAT-00106,7501206664520,JUEGO DE 6 DESARMADORES PRETUL,,,category:materiales,Materiales,medida:2,PIEZAS,,,,,142,142,142,,,1,9999,,ID producto origen: 106 | Medida origen: Pieza(s),true,false,1,1,true
107,MAT-00107,7501206630426,NIVEL 24,,,category:materiales,Materiales,medida:2,PIEZAS,,,,,185,184,184,,,1,9999,,ID producto origen: 107 | Medida origen: Pieza(s),true,false,1,1,false
108,MAT-00108,7501206690468,LENTES TRASPARENTES PRETUL,,,category:materiales,Materiales,medida:2,PIEZAS,,,,,23,23,23,,,1,9999,,ID producto origen: 108 | Medida origen: Pieza(s),true,false,1,1,true
109,MAT-00109,3589681609360,TEE CPVC 3/4,,,category:materiales,Materiales,medida:2,PIEZAS,,,,,5,5,5,2.97,2.97,4,9999,uploads/productos/WhatsApp Image 2025-09-27 at 10.57.36.jpeg,ID producto origen: 109 | Medida origen: Pieza(s) | Generado sistema origen: 1,true,false,1,1,true
110,MAT-00110,7501206630518,PALA CUADRADA T-2000 PUÑO Y TRUPER,,,category:materiales,Materiales,medida:2,PIEZAS,,,,,231,231,231,171.55,171.55,1,9999,,ID producto origen: 110 | Medida origen: Pieza(s),true,false,1,1,true
111,MAT-00111,7501206690475,LENTES NEGROS PRETUL,,,category:materiales,Materiales,medida:2,PIEZAS,,,,,23,22,22,,,1,9999,,ID producto origen: 111 | Medida origen: Pieza(s),true,false,1,1,false
112,MAT-00112,6188161811209,CODO PVC 2X90,,,category:materiales,Materiales,medida:2,PIEZAS,,,,,8,8,8,5.16,5.16,4,9999,uploads/productos/WhatsApp Image 2025-09-26 at 12.01.24 PM.jpeg,ID producto origen: 112 | Medida origen: Pieza(s) | Generado sistema origen: 1,true,false,1,1,true
113,MAT-00113,7506240621515,LENTES AMARILLOS PRETUL,,,category:materiales,Materiales,medida:2,PIEZAS,,,,,23,22,22,,,1,9999,,ID producto origen: 113 | Medida origen: Pieza(s),true,false,1,1,false
114,MAT-00114,7501206612415,PALA REDONDA T-2000 MANGO LARGO TRUPER,,,category:materiales,Materiales,medida:2,PIEZAS,,,,,261,260,260,,,1,9999,,ID producto origen: 114 | Medida origen: Pieza(s),true,false,1,1,false
115,MAT-00115,2219876481037,REDUCCION CPVC 1X3/4,,,category:materiales,Materiales,medida:2,PIEZAS,,,,,4,4,4,,,4,9999,uploads/productos/WhatsApp Image 2025-09-27 at 12.49.26.jpeg,ID producto origen: 115 | Medida origen: Pieza(s) | Generado sistema origen: 1,true,false,1,1,true
116,MAT-00116,7506240620402,MAZO DE HULE PRETUL 16 OZ,,,category:materiales,Materiales,medida:2,PIEZAS,,,,,72,72,72,53.45,53.45,1,9999,,ID producto origen: 116 | Medida origen: Pieza(s),true,false,1,1,true
117,MAT-00117,7501206641224,"PINZA PROFESIONAL 9""TRUPER",,,category:materiales,Materiales,medida:2,PIEZAS,,,,,191,190,190,,,1,9999,,ID producto origen: 117 | Medida origen: Pieza(s),true,false,1,1,false
118,MAT-00118,7501206639382,PINZA ALTA PALANCA 9,,,category:materiales,Materiales,medida:2,PIEZAS,,,,,215,214,214,,,1,9999,,ID producto origen: 118 | Medida origen: Pieza(s),true,false,1,1,false
119,MAT-00119,5896909031406,ADAPTADOR CPVC BUSH HEMBRA 3/4,,,category:materiales,Materiales,medida:2,PIEZAS,,,,,5,5,5,2.88,2.88,4,9999,uploads/productos/WhatsApp Image 2025-09-26 at 3.02.31 PM.jpeg,ID producto origen: 119 | Medida origen: Pieza(s) | Generado sistema origen: 1,true,false,1,1,true
120,MAT-00120,7501206640241,PINZA D/PRESION 10P MORDAZA CURVA TRUPER,,,category:materiales,Materiales,medida:2,PIEZAS,,,,,168,168,168,,,1,9999,,ID producto origen: 120 | Medida origen: Pieza(s),true,false,1,1,true
121,MAT-00121,7501206640234,PINZA D/PRESION 10P MORDAZA RECTA TRUPER,,,category:materiales,Materiales,medida:2,PIEZAS,,,,,168,168,168,,,1,9999,,ID producto origen: 121 | Medida origen: Pieza(s),true,false,1,1,true
122,MAT-00122,9307497148583,TEE VERDE 1/2,,,category:materiales,Materiales,medida:2,PIEZAS,,,,,3,3,3,5.64,5.64,4,9999,uploads/productos/WhatsApp Image 2025-09-26 at 12.01.08.jpeg,ID producto origen: 122 | Medida origen: Pieza(s) | Generado sistema origen: 1,true,false,1,1,true
123,MAT-00123,5558426463893,REDUCCION PVC 2X4,,,category:materiales,Materiales,medida:2,PIEZAS,,,,,12,12,12,10.56,10.56,4,9999,uploads/productos/WhatsApp Image 2025-09-26 at 09.21.14.jpeg,ID producto origen: 123 | Medida origen: Pieza(s) | Generado sistema origen: 1,true,false,1,1,true
124,MAT-00124,7501206634363,ESPATULA RIGIDA 2P PRETUL,,,category:materiales,Materiales,medida:2,PIEZAS,,,,,22,22,22,16.38,16.38,1,9999,,ID producto origen: 124 | Medida origen: Pieza(s),true,false,1,1,true
125,MAT-00125,7501206671771,PISTOLA P/RIEGO BOQUILLA REGULABLE (TRUPER),,,category:materiales,Materiales,medida:2,PIEZAS,,,,,122,121,121,90.52,90.52,1,9999,,ID producto origen: 125 | Medida origen: Pieza(s),true,false,1,1,false
126,MAT-00126,7501206671788,PISTOLA P/RIEGO METALICA TRUPER,,,category:materiales,Materiales,medida:2,PIEZAS,,,,,103,102,102,76.72,76.72,1,9999,,ID producto origen: 126 | Medida origen: Pieza(s),true,false,1,1,false
127,MAT-00127,7501206634370,ESPATULA RIGUIDA CORTE DIAGONAL 3P PRETUL,,,category:materiales,Materiales,medida:2,PIEZAS,,,,,26,26,26,,,1,9999,,ID producto origen: 127 | Medida origen: Pieza(s),true,false,1,1,true
128,MAT-00128,5303498213682,COPLE VERDE HEMBRA 3/4,,,category:materiales,Materiales,medida:2,PIEZAS,,,,,45,44,44,,,4,9999,uploads/productos/WhatsApp Image 2025-09-26 at 12.02.10.jpeg,ID producto origen: 128 | Medida origen: Pieza(s) | Generado sistema origen: 1,true,false,1,1,false
129,MAT-00129,501206685495,ACEITE 2 TIEMPOS 400ML,,,category:materiales,Materiales,medida:2,PIEZAS,,,,,101,100,100,,,1,9999,,ID producto origen: 129 | Medida origen: Pieza(s),true,false,1,1,false
130,MAT-00130,7501206674925,BROCHA DE USO GENERAL 1P PRETUL,,,category:materiales,Materiales,medida:2,PIEZAS,,,,,9,8,8,,,1,9999,,ID producto origen: 130 | Medida origen: Pieza(s),true,false,1,1,false
131,MAT-00131,1883814604522,TAPON CPVC 3/4,,,category:materiales,Materiales,medida:2,PIEZAS,,,,,2,2,2,0.28,0.28,4,9999,uploads/productos/WhatsApp Image 2025-09-26 at 3.02.09 PM.jpeg,ID producto origen: 131 | Medida origen: Pieza(s) | Generado sistema origen: 1,true,false,1,1,true
132,MAT-00132,7506240620686,MARTILLO FORJADO 16OZ UÑA CURVA EXPERT,,,category:materiales,Materiales,medida:2,PIEZAS,,,,,319,318,318,,,1,9999,,ID producto origen: 132 | Medida origen: Pieza(s),true,false,1,1,false
133,MAT-00133,6631723875039,"CODO PIPA VERDE HEMBRA 1""",,,category:materiales,Materiales,medida:2,PIEZAS,,,,,51,51,51,,,4,9999,uploads/productos/WhatsApp Image 2025-09-26 at 12.02.50.jpeg,ID producto origen: 133 | Medida origen: Pieza(s) | Generado sistema origen: 1,true,false,1,1,true
134,MAT-00134,7501206674949,BROCHA DE USO GENERAL 2P PRETUL,,,category:materiales,Materiales,medida:2,PIEZAS,,,,,13,13,13,,,1,9999,,ID producto origen: 134 | Medida origen: Pieza(s),true,false,1,1,true
135,MAT-00135,7506240620693,MARTILLO FORJADO 16OZ UÑA RECTA EXPERT,,,category:materiales,Materiales,medida:2,PIEZAS,,,,,319,318,318,,,1,9999,,ID producto origen: 135 | Medida origen: Pieza(s),true,false,1,1,false
136,MAT-00136,8077210659504,"LLAVE DE PASO VERDE 3/4""",,,category:materiales,Materiales,medida:2,PIEZAS,,,,,120,120,120,,,4,9999,uploads/productos/WhatsApp Image 2025-09-27 at 10.43.55.jpeg,ID producto origen: 136 | Medida origen: Pieza(s) | Generado sistema origen: 1,true,false,1,1,true
137,MAT-00137,7501206659922,ESCOBA PLASTICA TRUPER,,,category:materiales,Materiales,medida:2,PIEZAS,,,,,122,121,121,,,1,9999,,ID producto origen: 137 | Medida origen: Pieza(s),true,false,1,1,false
138,MAT-00138,2049148640059,ADAPT CPVC HEMBRA 3/4 C/INSERTO BRONCE,,,category:materiales,Materiales,medida:2,PIEZAS,,,,,27,27,27,,,4,9999,uploads/productos/WhatsApp Image 2025-09-27 at 10.59.00.jpeg,ID producto origen: 138 | Medida origen: Pieza(s) | Generado sistema origen: 1,true,false,1,1,true
139,MAT-00139,7501206655412,"CONECTOR ""Y"" 3/4"" P/MANGUERA PRETUL",,,category:materiales,Materiales,medida:2,PIEZAS,,,,,27,26,26,,,1,9999,,ID producto origen: 139 | Medida origen: Pieza(s),true,false,1,1,false
140,MAT-00140,7501206674963,BROCHA USO GENERAL 3P MANGO DE PLASTICO,,,category:materiales,Materiales,medida:2,PIEZAS,,,,,21,21,21,,,1,9999,,ID producto origen: 140 | Medida origen: Pieza(s),true,false,1,1,true
141,MAT-00141,1727853157369,VALV CPVC DE BOLA 3/4,,,category:materiales,Materiales,medida:2,PIEZAS,,,,,30,30,30,,,4,9999,uploads/productos/WhatsApp Image 2025-09-27 at 8.04.39 AM.jpeg,ID producto origen: 141 | Medida origen: Pieza(s) | Generado sistema origen: 1,true,false,1,1,true
142,MAT-00142,7501206653104,ASPERSOR PLASTICO 11P 2/VIAS ESTACA PLASTICA PRETUL,,,category:materiales,Materiales,medida:2,PIEZAS,,,,,55,54,54,,,1,9999,,ID producto origen: 142 | Medida origen: Pieza(s),true,false,1,1,false
143,MAT-00143,7501206674970,BROCHA USO GENERAL DE 4 P PRETUL,,,category:materiales,Materiales,medida:2,PIEZAS,,,,,30,29,29,,,1,9999,,ID producto origen: 143 | Medida origen: Pieza(s),true,false,1,1,false
144,MAT-00144,7501206695685,ASPERSOR PLASTICO 11P 1/VIA ESTACA METAL PRETUL,,,category:materiales,Materiales,medida:2,PIEZAS,,,,,67,66,66,,,1,9999,,ID producto origen: 144 | Medida origen: Pieza(s),true,false,1,1,false
145,MAT-00145,7506240613596,FLEXOMETRO 5.5M PRETUL,,,category:materiales,Materiales,medida:2,PIEZAS,,,,,56,56,56,41.38,41.38,1,9999,,ID producto origen: 145 | Medida origen: Pieza(s),true,false,1,1,true
146,MAT-00146,7104237978668,CODO PVC 6X45,,,category:materiales,Materiales,medida:2,PIEZAS,,,,,47,47,47,,,4,9999,uploads/productos/WhatsApp Image 2025-09-26 at 9.09.58 AM.jpeg,ID producto origen: 146 | Medida origen: Pieza(s) | Generado sistema origen: 1,true,false,1,1,true
147,MAT-00147,7501206664445,JUEGO D/4 DESARMADORES PRETUL,,,category:materiales,Materiales,medida:2,PIEZAS,,,,,96,95,95,,,1,9999,,ID producto origen: 147 | Medida origen: Pieza(s),true,false,1,1,false
148,MAT-00148,7506240653783,FLEXOMETRO 8M PRETUL,,,category:materiales,Materiales,medida:2,PIEZAS,,,,,80,79,79,59.48,59.48,1,9999,,ID producto origen: 148 | Medida origen: Pieza(s),true,false,1,1,false
149,MAT-00149,2405891196975,REDUCCION PVC 2X1-1/2,,,category:materiales,Materiales,medida:2,PIEZAS,,,,,5,5,5,,,4,9999,,ID producto origen: 149 | Medida origen: Pieza(s) | Generado sistema origen: 1,true,false,1,1,true
150,MAT-00150,7501206645055,LLAVE AJUSTABLE PERICO 10P CROMADA PRETUL,,,category:materiales,Materiales,medida:2,PIEZAS,,,,,139,138,138,119.87,119.87,1,9999,,ID producto origen: 150 | Medida origen: Pieza(s),true,false,1,1,false
151,MAT-00151,7501206629352,LLAVE AJUSTABLE PERICO 10P PAVONADA PRETUL,,,category:materiales,Materiales,medida:2,PIEZAS,,,,,139,138,138,119.87,119.87,1,9999,,ID producto origen: 151 | Medida origen: Pieza(s),true,false,1,1,false
152,MAT-00152,9485450209721,CODO PVC 2X45,,,category:materiales,Materiales,medida:2,PIEZAS,,,,,8,8,8,7,7,4,9999,uploads/productos/WhatsApp Image 2025-09-26 at 12.01.32 PM.jpeg,ID producto origen: 152 | Medida origen: Pieza(s) | Generado sistema origen: 1,true,false,1,1,true
153,MAT-00153,7506240699262,FOCO LED 125W-18W,,,category:materiales,Materiales,medida:2,PIEZAS,,,,,35,34,34,,,1,9999,,ID producto origen: 153 | Medida origen: Pieza(s),true,false,1,1,false
154,MAT-00154,7501206645109,"LLAVE COMBINADA 7/16"" PRETUL",,,category:materiales,Materiales,medida:2,PIEZAS,,,,,26,25,25,,,1,9999,,ID producto origen: 154 | Medida origen: Pieza(s),true,false,1,1,false
155,MAT-00155,7501206645116,"LLAVE COMBINADA 1/2"" PRETUL",,,category:materiales,Materiales,medida:2,PIEZAS,,,,,27,27,27,,,1,9999,,ID producto origen: 155 | Medida origen: Pieza(s),true,false,1,1,true
156,MAT-00156,4235226922775,TEE PVC 4,,,category:materiales,Materiales,medida:2,PIEZAS,,,,,25,25,25,23.59,23.59,4,9999,uploads/productos/WhatsApp Image 2025-09-26 at 9.09.38 AM.jpeg,ID producto origen: 156 | Medida origen: Pieza(s) | Generado sistema origen: 1,true,false,1,1,true
157,MAT-00157,7501206645123,"LLAVE COMBINADA 9/16"" PRETUL",,,category:materiales,Materiales,medida:2,PIEZAS,,,,,34,34,34,,,1,9999,,ID producto origen: 157 | Medida origen: Pieza(s),true,false,1,1,true
158,MAT-00158,7501206648957,LLAVE COMBINADA 11MM PRETUL,,,category:materiales,Materiales,medida:2,PIEZAS,,,,,27,27,27,,,1,9999,,ID producto origen: 158 | Medida origen: Pieza(s),true,false,1,1,true
159,MAT-00159,7501206648971,LLAVE COMBINADA 13MM PRETUL,,,category:materiales,Materiales,medida:2,PIEZAS,,,,,29,29,29,,,1,9999,,ID producto origen: 159 | Medida origen: Pieza(s),true,false,1,1,true
160,MAT-00160,1972886799325,TAPON PVC 2P,,,category:materiales,Materiales,medida:2,PIEZAS,,,,,5,5,5,51.89,51.89,4,9999,uploads/productos/WhatsApp Image 2025-09-26 at 9.31.04 AM.jpeg,ID producto origen: 160 | Medida origen: Pieza(s) | Generado sistema origen: 1,true,false,1,1,true
161,MAT-00161,0062238173918,TAPON PVC 6,,,category:materiales,Materiales,medida:2,PIEZAS,,,,,23,23,23,,,4,9999,uploads/productos/WhatsApp Image 2025-09-26 at 9.31.05 AM.jpeg,ID producto origen: 161 | Medida origen: Pieza(s) | Generado sistema origen: 1,true,false,1,1,true
162,MAT-00162,,LLAVE ESTILSON 14P CUERPO DE HIERRO MALEABLE PRETUL,,,category:materiales,Materiales,medida:2,PIEZAS,,,,,209,209,209,,,1,9999,,ID producto origen: 162 | Medida origen: Pieza(s),true,false,1,1,true
163,MAT-00163,7506240676539,FOCO LED 75 W - 14 W,,,category:materiales,Materiales,medida:2,PIEZAS,,,,,19,18,18,,,1,9999,,ID producto origen: 163 | Medida origen: Pieza(s),true,false,1,1,false
164,MAT-00164,7501206643273,"LLAVE P/TUBO STILSON 18"" PRETUL",,,category:materiales,Materiales,medida:2,PIEZAS,,,,,313,313,313,,,1,9999,,ID producto origen: 164 | Medida origen: Pieza(s),true,false,1,1,true
165,MAT-00165,1193106626553,REDUCCION VERDE 1 X1/2,,,category:materiales,Materiales,medida:2,PIEZAS,,,,,3,3,3,,,4,9999,uploads/productos/WhatsApp Image 2025-09-27 at 08.16.28.jpeg,ID producto origen: 165 | Medida origen: Pieza(s) | Generado sistema origen: 1,true,false,1,1,true
166,MAT-00166,7506240676546,FOCO LED 100W-16W,,,category:materiales,Materiales,medida:2,PIEZAS,,,,,26,25,25,,,1,9999,,ID producto origen: 166 | Medida origen: Pieza(s),true,false,1,1,false
167,MAT-00167,7501206653357,MANGUERA VERDE 1/2 3 CAPAS 15M CONEXIONES PLASTICAS,,,category:materiales,Materiales,medida:2,PIEZAS,,,,,115,116,116,,,1,9999,,ID producto origen: 167 | Medida origen: Pieza(s),true,false,1,1,false
168,MAT-00168,6774976358000,CODO VERDE 1X45,,,category:materiales,Materiales,medida:2,PIEZAS,,,,,8,8,8,,,1,9999,uploads/productos/WhatsApp Image 2025-09-26 at 15.44.20.jpeg,ID producto origen: 168 | Medida origen: Pieza(s) | Generado sistema origen: 1,true,false,1,1,true
169,MAT-00169,506240696377,CUERDA POLIPROPILENO 4MM ROLLO/1KG,,,category:materiales,Materiales,medida:2,PIEZAS,,,,,103,102,102,,,1,9999,,ID producto origen: 169 | Medida origen: Pieza(s),true,false,1,1,false
170,MAT-00170,7501206623954,MARTILLO SEMIPULIDO 16 OZ UÑA CURVA PRETUL,,,category:materiales,Materiales,medida:2,PIEZAS,,,,,92,92,92,,,1,9999,,ID producto origen: 170 | Medida origen: Pieza(s),true,false,1,1,true
171,MAT-00171,1136545147289,COPLE PVC 3,,,category:materiales,Materiales,medida:2,PIEZAS,,,,,7,7,7,5.16,5.16,4,9999,uploads/productos/WhatsApp Image 2025-09-26 at 9.31.05 AM (2).jpeg,ID producto origen: 171 | Medida origen: Pieza(s) | Generado sistema origen: 1,true,false,1,1,true
172,MAT-00172,506240696384,CUERDA POLIPROPILENO 6MM ROLLO/1KG,,,category:materiales,Materiales,medida:2,PIEZAS,,,,,103,102,102,,,1,9999,,ID producto origen: 172 | Medida origen: Pieza(s),true,false,1,1,false
173,MAT-00173,8337457477768,YEE PVC 4,,,category:materiales,Materiales,medida:2,PIEZAS,,,,,74,74,74,100.01,100.01,4,9999,uploads/productos/WhatsApp Image 2025-09-26 at 9.09.51 AM.jpeg,ID producto origen: 173 | Medida origen: Pieza(s) | Generado sistema origen: 1,true,false,1,1,true
174,MAT-00174,506240696391,CUERDA POLIPROPILENO 8MM ROLLO/1KG,,,category:materiales,Materiales,medida:2,PIEZAS,,,,,103,102,102,,,1,9999,,ID producto origen: 174 | Medida origen: Pieza(s),true,false,1,1,false
175,MAT-00175,8766048451847,YEE PVC 6,,,category:materiales,Materiales,medida:2,PIEZAS,,,,,196,196,196,,,2,9999,uploads/productos/WhatsApp Image 2025-09-26 at 09.07.13.jpeg,ID producto origen: 175 | Medida origen: Pieza(s) | Generado sistema origen: 1,true,false,1,1,true
176,MAT-00176,7501206633380,PALA CUADRADA PUÑO D PRETUL,,,category:materiales,Materiales,medida:2,PIEZAS,,,,,168,167,167,107.76,107.76,1,9999,,ID producto origen: 176 | Medida origen: Pieza(s),true,false,1,1,false
177,MAT-00177,506240696407,CUERDA POLIPROPILENO 10MM ROLLO/1KG,,,category:materiales,Materiales,medida:2,PIEZAS,,,,,103,102,102,,,1,9999,,ID producto origen: 177 | Medida origen: Pieza(s),true,false,1,1,false
178,MAT-00178,501206676554,PALA CUADRADA PUÑO Y MANGO28,,,category:materiales,Materiales,medida:2,PIEZAS,,,,,157,157,157,236.79,236.79,1,9999,,ID producto origen: 178 | Medida origen: Pieza(s),true,false,1,1,true
179,MAT-00179,506240696414,CUERDA POLIPROPILENO 11MM ROLLO/1KG,,,category:materiales,Materiales,medida:2,PIEZAS,,,,,103,102,102,,,1,9999,,ID producto origen: 179 | Medida origen: Pieza(s),true,false,1,1,false
180,MAT-00180,7501206643174,PINZA PARA ELECTRICISTA 8P MANGO DE PVC PRETUL,,,category:materiales,Materiales,medida:2,PIEZAS,,,,,80,80,80,,,1,9999,,ID producto origen: 180 | Medida origen: Pieza(s),true,false,1,1,true
181,MAT-00181,9045277197139,REDUCCION VERDE 3/4X1/2,,,category:materiales,Materiales,medida:2,PIEZAS,,,,,4,4,4,,,4,9999,uploads/productos/WhatsApp Image 2025-09-27 at 08.16.06.jpeg,ID producto origen: 181 | Medida origen: Pieza(s) | Generado sistema origen: 1,true,false,1,1,true
182,MAT-00182,506240696421,CUERDA POLIPROPILENO 13MM ROLLO/1KG,,,category:materiales,Materiales,medida:2,PIEZAS,,,,,103,102,102,,,1,9999,,ID producto origen: 182 | Medida origen: Pieza(s),true,false,1,1,false
183,MAT-00183,7501206646182,PINZA DE CORTE DIAGONAL 8P MANGO DE PVC PRETUL,,,category:materiales,Materiales,medida:2,PIEZAS,,,,,78,78,78,,,1,9999,,ID producto origen: 183 | Medida origen: Pieza(s),true,false,1,1,true
184,MAT-00184,7501206643587,PINZA DE PRESION 10P MORDAZA CURVA PRETUL,,,category:materiales,Materiales,medida:2,PIEZAS,,,,,104,103,103,,,1,9999,,ID producto origen: 184 | Medida origen: Pieza(s),true,false,1,1,false
185,MAT-00185,8346385806762,TEE PVC 2,,,category:materiales,Materiales,medida:2,PIEZAS,,,,,7,7,7,,,4,9999,uploads/productos/WhatsApp Image 2025-09-26 at 09.20.10.jpeg,ID producto origen: 185 | Medida origen: Pieza(s) | Generado sistema origen: 1,true,false,1,1,true
186,MAT-00186,7501206626542,PINZA DE PRESION 10P MORDAZA RECTA PRETUL,,,category:materiales,Materiales,medida:2,PIEZAS,,,,,104,103,103,,,1,9999,,ID producto origen: 186 | Medida origen: Pieza(s),true,false,1,1,false
187,MAT-00187,7501206676738,CERRADURA IZQUIERDA HERMEX,,,category:materiales,Materiales,medida:2,PIEZAS,,,,,284,283,283,,,1,9999,,ID producto origen: 187 | Medida origen: Pieza(s),true,false,1,1,false
188,MAT-00188,8542625039901,COPLE PVC 4,,,category:materiales,Materiales,medida:2,PIEZAS,,,,,11,11,11,9.24,9.24,2,9999,uploads/productos/WhatsApp Image 2025-09-26 at 9.31.05 AM (3).jpeg,ID producto origen: 188 | Medida origen: Pieza(s) | Generado sistema origen: 1,true,false,1,1,true
189,MAT-00189,7079636409818,CODO CPVC 3/4X45,,,category:materiales,Materiales,medida:2,PIEZAS,,,,,3,3,3,2.16,2.16,4,9999,uploads/productos/WhatsApp Image 2025-09-27 at 12.28.31.jpeg,ID producto origen: 189 | Medida origen: Pieza(s) | Generado sistema origen: 1,true,false,1,1,true
190,MAT-00190,0075014904750,COPLE VERDE 1,,,category:materiales,Materiales,medida:2,PIEZAS,,,,,11,11,11,9.59,9.59,4,9999,uploads/productos/WhatsApp Image 2025-09-27 at 08.13.34.jpeg,ID producto origen: 190 | Medida origen: Pieza(s) | Generado sistema origen: 1,true,false,1,1,true
191,MAT-00191,7501206658871,"LLAVE JARDIN DE ESFERA 1/2"" PRETUL",,,category:materiales,Materiales,medida:2,PIEZAS,,,,,43,43,43,,,1,9999,,ID producto origen: 191 | Medida origen: Pieza(s),true,false,1,1,true
192,MAT-00192,7501206676745,CERRADURA DERECHA HERMEX,,,category:materiales,Materiales,medida:2,PIEZAS,,,,,284,283,283,,,1,9999,,ID producto origen: 192 | Medida origen: Pieza(s),true,false,1,1,false
193,MAT-00193,1383652404709,CODO CPVC 3/4X90,,,category:materiales,Materiales,medida:2,PIEZAS,,,,,4,4,4,2.24,2.24,4,9999,uploads/productos/WhatsApp Image 2025-09-27 at 12.29.14.jpeg,ID producto origen: 193 | Medida origen: Pieza(s) | Generado sistema origen: 1,true,false,1,1,true
194,MAT-00194,9147244700059,TAQUETES 1/4P,,,category:materiales,Materiales,medida:2,PIEZAS,,,,,0.5,0.5,0.5,,,1,9999,uploads/productos/WhatsApp Image 2025-09-30 at 9.37.51 AM (1).jpeg,ID producto origen: 194 | Medida origen: Pieza(s) | Generado sistema origen: 1,true,false,1,1,true
195,MAT-00195,7501206663103,CANDADO DE HIERRO 40MM HERMEX,,,category:materiales,Materiales,medida:2,PIEZAS,,,,,27,27,27,,,1,9999,,ID producto origen: 195 | Medida origen: Pieza(s),true,false,1,1,true
196,MAT-00196,2710232262180,TAQUETES 5/16P,,,category:materiales,Materiales,medida:2,PIEZAS,,,,,0.5,0.5,0.5,,,1,9999,uploads/productos/WhatsApp Image 2025-09-30 at 9.37.51 AM.jpeg,ID producto origen: 196 | Medida origen: Pieza(s) | Generado sistema origen: 1,true,false,50,50,true
197,MAT-00197,7501206663141,CANDADO DE HIERRO 30MM HERMEX,,,category:materiales,Materiales,medida:2,PIEZAS,,,,,21,21,21,,,1,9999,,ID producto origen: 197 | Medida origen: Pieza(s),true,false,1,1,true
198,MAT-00198,8547915521371,TAQUETES 3/8P,,,category:materiales,Materiales,medida:2,PIEZAS,,,,,0.5,0.5,0.5,,,1,9999,uploads/productos/WhatsApp Image 2025-09-30 at 9.37.50 AM (1).jpeg,ID producto origen: 198 | Medida origen: Pieza(s) | Generado sistema origen: 1,true,false,50,50,true
199,MAT-00199,1486690056074,ADAPT CPVC HEMBRA 1/2 C/INSERTO BCE,,,category:materiales,Materiales,medida:2,PIEZAS,,,,,16,16,16,,,4,9999,uploads/productos/WhatsApp Image 2025-09-27 at 10.58.35.jpeg,ID producto origen: 199 | Medida origen: Pieza(s) | Generado sistema origen: 1,true,false,1,1,true
200,MAT-00200,7501206658291,CANDADO P/CORTINA 75MM HERMEX,,,category:materiales,Materiales,medida:2,PIEZAS,,,,,185,185,185,,,1,9999,,ID producto origen: 200 | Medida origen: Pieza(s),true,false,1,1,true
201,MAT-00201,1973830532630,"PIJAS PUNTA BROCA 14X1""",,,category:materiales,Materiales,medida:2,PIEZAS,,,,,1,1,1,,,1,9999,uploads/productos/WhatsApp Image 2025-10-01 at 14.44.19.jpeg,ID producto origen: 201 | Medida origen: Pieza(s) | Generado sistema origen: 1,true,false,1,1,true
202,MAT-00202,7501206638989,LONA 2X3M AZUL PRETUL,,,category:materiales,Materiales,medida:2,PIEZAS,,,,,85,85,85,,,1,9999,,ID producto origen: 202 | Medida origen: Pieza(s),true,false,1,1,true
203,MAT-00203,4363626547080,REDUCCION PVC 2X3,,,category:materiales,Materiales,medida:2,PIEZAS,,,,,6,6,6,5.73,5.73,4,9999,uploads/productos/WhatsApp Image 2025-09-26 at 09.20.41.jpeg,ID producto origen: 203 | Medida origen: Pieza(s) | Generado sistema origen: 1,true,false,1,1,true
204,MAT-00204,1634954759685,PIJAS PUNTA BROCA 14X1-1/2,,,category:materiales,Materiales,medida:2,PIEZAS,,,,,1.5,1.5,1.5,,,1,9999,uploads/productos/WhatsApp Image 2025-10-01 at 14.45.49.jpeg,ID producto origen: 204 | Medida origen: Pieza(s) | Generado sistema origen: 1,true,false,1,1,true
205,MAT-00205,7501206638996,LONA 3X3M AZUL PRETUL,,,category:materiales,Materiales,medida:2,PIEZAS,,,,,85,84,84,,,1,9999,,ID producto origen: 205 | Medida origen: Pieza(s),true,false,1,1,false
206,MAT-00206,7501206639009,LONA AZUL 3X4M PRETUL,,,category:materiales,Materiales,medida:2,PIEZAS,,,,,120,120,120,,,1,9999,,ID producto origen: 206 | Medida origen: Pieza(s),true,false,1,1,true
207,MAT-00207,7501206639023,LONA AZUL 4X6M PRETUL,,,category:materiales,Materiales,medida:2,PIEZAS,,,,,298,298,298,,,1,9999,,ID producto origen: 207 | Medida origen: Pieza(s),true,false,1,1,true
208,MAT-00208,7501206631478,MARTILLO SEMIPULIDO 16OZ UÑA RECTA PRETUL,,,category:materiales,Materiales,medida:2,PIEZAS,,,,,92,92,92,,,1,9999,,ID producto origen: 208 | Medida origen: Pieza(s),true,false,1,1,true
209,MAT-00209,7506240638438,ALAMBRE RECOCIDO CALIBRE-15 1KG FIERO,,,category:materiales,Materiales,medida:2,PIEZAS,,,,,37,36,36,,,1,9999,,ID producto origen: 209 | Medida origen: Pieza(s),true,false,1,1,false
210,MAT-00210,7501206691892,MANGUERA AZUL 1/2 3 CAPAS 10M CONEXIONES PLASTICAS,,,category:materiales,Materiales,medida:2,PIEZAS,,,,,85,85,85,,,1,9999,,ID producto origen: 210 | Medida origen: Pieza(s),true,false,1,1,true
211,MAT-00211,5423130219770,ADAPTADOR MACHO 3/4,,,category:materiales,Materiales,medida:2,PIEZAS,,,,,3,3,3,,,4,9999,uploads/productos/WhatsApp Image 2025-09-29 at 13.51.22.jpeg,ID producto origen: 211 | Medida origen: Pieza(s) | Generado sistema origen: 1,true,false,1,1,true
212,MAT-00212,,JUEGO CONECTORES 1/2 MACHO/HEMBRA DE LATON LAMINADO PRETUL,,,category:materiales,Materiales,medida:2,PIEZAS,,,,,0,0,0,,,1,9999,,ID producto origen: 212 | Medida origen: Pieza(s),false,false,6,12,false
213,MAT-00213,7506240686934,"MEZCLADORA LAVABO 4P SATIN, (AQUA)",,,category:materiales,Materiales,medida:2,PIEZAS,,,,,760,759,759,,,1,9999,,ID producto origen: 213 | Medida origen: Pieza(s),true,false,1,1,false
214,MAT-00214,7501206671740,CONECTORES 1/2 MACHO/HEMBRA D7LATON(PRETUL),,,category:materiales,Materiales,medida:2,PIEZAS,,,,,43,43,43,,,1,9999,,ID producto origen: 214 | Medida origen: Pieza(s),true,false,1,1,true
215,MAT-00215,2142528603856,TUERCA CPVC UNION 1/2,,,category:materiales,Materiales,medida:2,PIEZAS,,,,,8,8,8,,,4,9999,uploads/productos/WhatsApp Image 2025-09-26 at 3.02.47 PM.jpeg,ID producto origen: 215 | Medida origen: Pieza(s) | Generado sistema origen: 1,true,false,1,1,true
216,MAT-00216,7506240646662,PISTOLA P/RIEGO VERDE PRETUL,,,category:materiales,Materiales,medida:2,PIEZAS,,,,,34,34,34,,,1,9999,,ID producto origen: 216 | Medida origen: Pieza(s),true,false,1,1,true
217,MAT-00217,7506240652847,MEZCLADORA PLASTICA 4P ABS (BASIC),,,category:materiales,Materiales,medida:2,PIEZAS,,,,,173,172,172,,,1,9999,,ID producto origen: 217 | Medida origen: Pieza(s),true,false,1,1,false
218,MAT-00218,5387935617882,REDUCCION VERDE 1X3/4,,,category:materiales,Materiales,medida:2,PIEZAS,,,,,3,3,3,,,1,9999,uploads/productos/WhatsApp Image 2025-09-27 at 08.15.50.jpeg,ID producto origen: 218 | Medida origen: Pieza(s) | Generado sistema origen: 1,true,false,1,1,true
219,MAT-00219,7506240654643,FOCO LED ALTA POTENCIA 450W-50W,,,category:materiales,Materiales,medida:2,PIEZAS,,,,,168,167,167,,,1,9999,,ID producto origen: 219 | Medida origen: Pieza(s),true,false,1,1,false
220,MAT-00220,7506240645528,FOCO LED 60W - 9W,,,category:materiales,Materiales,medida:2,PIEZAS,,,,,19,18,18,,,1,9999,,ID producto origen: 220 | Medida origen: Pieza(s),true,false,1,1,false
221,MAT-00221,7506240645542,FOCO LED 75 W - 12W,,,category:materiales,Materiales,medida:2,PIEZAS,,,,,22,21,21,,,1,9999,,ID producto origen: 221 | Medida origen: Pieza(s),true,false,1,1,false
222,MAT-00222,6551419111411,"TEE CPVC 1/2""",,,category:materiales,Materiales,medida:2,PIEZAS,,,,,3,3,3,1.5,1.5,4,9999,uploads/productos/WhatsApp Image 2025-09-27 at 10.57.56.jpeg,ID producto origen: 222 | Medida origen: Pieza(s) | Generado sistema origen: 1,true,false,1,1,true
223,MAT-00223,7506240609247,"MEZCLADORA LAVABO 4P ABS, (BASIC)",,,category:materiales,Materiales,medida:2,PIEZAS,,,,,173,172,172,,,1,9999,,ID producto origen: 223 | Medida origen: Pieza(s),true,false,1,1,false
224,MAT-00224,1933071038506,"TAPON PVC 4""",,,category:materiales,Materiales,medida:2,PIEZAS,,,,,10,10,10,9.01,9.01,4,9999,uploads/productos/WhatsApp Image 2025-09-26 at 9.31.04 AM (2).jpeg,ID producto origen: 224 | Medida origen: Pieza(s) | Generado sistema origen: 1,true,false,1,1,true
225,MAT-00225,7506240620075,MEZCLADORA FREGADERO 8P ACABADO CROMADO,,,category:materiales,Materiales,medida:2,PIEZAS,,,,,528,527,527,,,1,9999,,ID producto origen: 225 | Medida origen: Pieza(s),true,false,1,1,false
226,MAT-00226,5841843325067,CODO PIPA MACHO 1/2(VERDE),,,category:materiales,Materiales,medida:2,PIEZAS,,,,,33,33,33,,,4,9999,uploads/productos/WhatsApp Image 2025-09-26 at 11.01.38.jpeg,ID producto origen: 226 | Medida origen: Pieza(s) | Generado sistema origen: 1,true,false,1,1,true
227,MAT-00227,7506240681052,MEZCLADORA FREGADERO 8P CUELLO FLEXIBLE,,,category:materiales,Materiales,medida:2,PIEZAS,,,,,632,631,631,,,1,9999,,ID producto origen: 227 | Medida origen: Pieza(s),true,false,1,1,false
228,MAT-00228,,CARRETILLA 6FT3 IMPONCHABLE (TRUPER EXPERT),,,category:materiales,Materiales,medida:2,PIEZAS,,,,,1915,1915,1915,1422.41,1422.41,1,9999,,ID producto origen: 228 | Medida origen: Pieza(s),true,false,1,1,true
229,MAT-00229,6517140279516,"CODO PIPA MACHO 1"" (VERDE)",,,category:materiales,Materiales,medida:2,PIEZAS,,,,,45,45,45,,,4,9999,uploads/productos/WhatsApp Image 2025-09-26 at 11.02.14.jpeg,ID producto origen: 229 | Medida origen: Pieza(s) | Generado sistema origen: 1,true,false,1,1,true
230,MAT-00230,9634679285492,CLAVIJA REDONDA KLEIMAN,,,category:materiales,Materiales,medida:2,PIEZAS,,,,,13,12,12,9.61,9.61,1,9999,uploads/productos/WhatsApp Image 2025-09-29 at 1.34.42 PM.jpeg,ID producto origen: 230 | Medida origen: Pieza(s) | Generado sistema origen: 1,true,false,1,1,false
231,MAT-00231,7506240677765,PINZA ELECTRICISTA 9,,,category:materiales,Materiales,medida:2,PIEZAS,,,,,150,150,150,111.21,111.21,1,9999,,ID producto origen: 231 | Medida origen: Pieza(s),true,false,1,1,true
232,MAT-00232,,TUBO CPVC DE 3/4X6 MTS,,,category:materiales,Materiales,medida:2,PIEZAS,,,,,310,310,310,273,273,1,9999,,ID producto origen: 232 | Medida origen: Pieza(s),true,false,1,1,true
233,MAT-00233,7507855081237,TAPON PVC 3,,,category:materiales,Materiales,medida:2,PIEZAS,,,,,10,10,10,8.84,8.84,4,9999,uploads/productos/WhatsApp Image 2025-09-26 at 9.31.04 AM (1).jpeg,ID producto origen: 233 | Medida origen: Pieza(s) | Generado sistema origen: 1,true,false,1,1,true
234,MAT-00234,,CLAVO ESTANDAR 75 CJA 25 KG,,,category:materiales,Materiales,medida:2,PIEZAS,,,,,808,807,807,33,33,1,9999,,ID producto origen: 234 | Medida origen: Pieza(s),false,false,1,1,false
235,MAT-00235,7506240679950,LLAVE D/JARDIN 1/2,,,category:materiales,Materiales,medida:2,PIEZAS,,,,,75,74,74,,,1,9999,,ID producto origen: 235 | Medida origen: Pieza(s),true,false,1,1,false
236,MAT-00236,7506183801302,CONTACTO USO RUDO C/TIERRA HULE KLEIMAN,,,category:materiales,Materiales,medida:2,PIEZAS,,,,,16,15,15,,,1,9999,,ID producto origen: 236 | Medida origen: Pieza(s),true,false,1,1,false
237,MAT-00237,,TUBO PVC SANITARIO NORMA 3,,,category:materiales,Materiales,medida:2,PIEZAS,,,,,251,250,250,95.32,95.32,1,9999,,ID producto origen: 237 | Medida origen: Pieza(s),true,false,1,1,false
238,MAT-00238,8734825259757,"LLAVE DE PASO VERDE 1""",,,category:materiales,Materiales,medida:2,PIEZAS,,,,,31,31,31,,,4,9999,uploads/productos/WhatsApp Image 2025-09-27 at 10.43.38.jpeg,ID producto origen: 238 | Medida origen: Pieza(s) | Generado sistema origen: 1,true,false,1,1,true
239,MAT-00239,7506240684398,CONECTORES 1/2P MACHO/HEMBRA ALUMINIO(TRUPER),,,category:materiales,Materiales,medida:2,PIEZAS,,,,,43,42,42,,,1,9999,,ID producto origen: 239 | Medida origen: Pieza(s),true,false,1,1,false
240,MAT-00240,4046865801341,TEE PVC 6,,,category:materiales,Materiales,medida:2,PIEZAS,,,,,69,69,69,,,4,9999,uploads/productos/WhatsApp Image 2025-09-26 at 09.07.01.jpeg,ID producto origen: 240 | Medida origen: Pieza(s) | Generado sistema origen: 1,true,false,1,1,true
241,MAT-00241,,CLAVO PCONCRETO NEGRO 2 CJA 25 KG,,,category:materiales,Materiales,medida:2,PIEZAS,,,,,1302,1301,1301,33,33,1,9999,,ID producto origen: 241 | Medida origen: Pieza(s),false,false,1,1,false
242,MAT-00242,7506240693932,PINZA 9P C/PONCHADOR DE TERMINARLES (EXPERT),,,category:materiales,Materiales,medida:2,PIEZAS,,,,,231,230,230,171.55,171.55,1,9999,,ID producto origen: 242 | Medida origen: Pieza(s),true,false,1,1,false
243,MAT-00243,7503011937226,FLEXODUCTO 3/4 NARANJA S GUIA ROLLO MTS,,,category:materiales,Materiales,medida:2,PIEZAS,,,,,595,594,594,,,1,9999,,ID producto origen: 243 | Medida origen: Pieza(s),true,false,1,1,false
244,MAT-00244,0085799665043,CODO PVC 3X90,,,category:materiales,Materiales,medida:2,PIEZAS,,,,,13,13,13,9.41,9.41,4,9999,uploads/productos/WhatsApp Image 2025-09-26 at 12.01.07 PM.jpeg,ID producto origen: 244 | Medida origen: Pieza(s) | Generado sistema origen: 1,true,false,1,1,true
245,MAT-00245,,TUBO FUSION CLI 1X4.1 MTS,,,category:materiales,Materiales,medida:2,PIEZAS,,,,,153,152,152,,,1,9999,,ID producto origen: 245 | Medida origen: Pieza(s),true,false,1,1,false
246,MAT-00246,,"TAPON PVC P/CONEXION 6""",,,category:materiales,Materiales,medida:2,PIEZAS,,,,,26,26,26,,,4,9999,,ID producto origen: 246 | Medida origen: Pieza(s),true,false,1,1,true
247,MAT-00247,,CLAVO P/CONCRETO NEGRON 4P GALV,,,category:materiales,Materiales,medida:2,PIEZAS,,,,,1302,1301,1301,33,33,1,9999,,ID producto origen: 247 | Medida origen: Pieza(s),true,false,1,1,false
248,MAT-00248,0177341372346,CONTACTO SENCILLO ATERRIZADO MARFIL VENECIA,,,category:materiales,Materiales,medida:2,PIEZAS,,,,,10,9,9,,,1,9999,uploads/productos/WhatsApp Image 2025-09-29 at 1.39.10 PM.jpeg,ID producto origen: 248 | Medida origen: Pieza(s) | Generado sistema origen: 1,true,false,1,1,false
249,MAT-00249,1197292433773,"COPLE VERDE HEMBRA 1""",,,category:materiales,Materiales,medida:2,PIEZAS,,,,,35,35,35,,,4,9999,uploads/productos/WhatsApp Image 2025-09-26 at 12.02.36.jpeg,ID producto origen: 249 | Medida origen: Pieza(s) | Generado sistema origen: 1,true,false,1,1,true
250,MAT-00250,7240578063387,CODO VERDE 1/2X90,,,category:materiales,Materiales,medida:2,PIEZAS,,,,,5,5,5,3.99,3.99,1,9999,uploads/productos/WhatsApp Image 2025-09-27 at 09.00.00.jpeg,ID producto origen: 250 | Medida origen: Pieza(s) | Generado sistema origen: 1,true,false,1,1,true
251,MAT-00251,,TUBO CPVC 1/2P 6 MT,,,category:materiales,Materiales,medida:2,PIEZAS,,,,,75,74,74,,,1,9999,,ID producto origen: 251 | Medida origen: Pieza(s),true,false,1,1,false
252,MAT-00252,9376471396463,COPLE VERDE MACHO 1,,,category:materiales,Materiales,medida:2,PIEZAS,,,,,41,41,41,,,4,9999,uploads/productos/WhatsApp Image 2025-09-27 at 08.15.35.jpeg,ID producto origen: 252 | Medida origen: Pieza(s) | Generado sistema origen: 1,true,false,1,1,true
253,MAT-00253,9651848323632,MANGUERA TRAMADA VERDE DE 1/2 X100 MTS,,,category:materiales,Materiales,medida:2,PIEZAS,,,,,8,8,8,4.97,4.97,1,9999,uploads/productos/WhatsApp Image 2025-09-25 at 2.49.36 PM (1).jpeg,ID producto origen: 253 | Medida origen: Pieza(s) | Generado sistema origen: 1,true,false,1,1,true
254,MAT-00254,1878268881025,ADAPTADOR CPVC MACHO 1|/2,,,category:materiales,Materiales,medida:2,PIEZAS,,,,,5,4,4,1.39,1.39,4,9999,uploads/productos/WhatsApp Image 2025-09-27 at 8.03.52 AM.jpeg,ID producto origen: 254 | Medida origen: Pieza(s) | Generado sistema origen: 1,true,false,1,1,false
255,MAT-00255,6211251338352,CODO CPVC 1/2X90,,,category:materiales,Materiales,medida:2,PIEZAS,,,,,2,2,2,0.82,0.82,4,9999,uploads/productos/WhatsApp Image 2025-09-27 at 10.58.16 (1)_7345.jpeg,ID producto origen: 255 | Medida origen: Pieza(s) | Generado sistema origen: 1,true,false,1,1,true
256,MAT-00256,,CABLE THW-LS 1 #14 VERDE EMPAQUE DE CARTON IUSA,,,category:materiales,Materiales,medida:2,PIEZAS,,,,,970,969,969,,,1,9999,,ID producto origen: 256 | Medida origen: Pieza(s),false,false,1,1,false
257,MAT-00257,1305141572201,COPLE PVC 2,,,category:materiales,Materiales,medida:2,PIEZAS,,,,,3,3,3,3.42,3.42,4,9999,uploads/productos/WhatsApp Image 2025-09-26 at 9.31.05 AM (1).jpeg,ID producto origen: 257 | Medida origen: Pieza(s) | Generado sistema origen: 1,true,false,1,1,true
258,MAT-00258,,TUBO FUSION 1/2 X 4.1 MTS,,,category:materiales,Materiales,medida:2,PIEZAS,,,,,74,74,74,,,1,9999,,ID producto origen: 258 | Medida origen: Pieza(s),true,false,1,1,true
259,MAT-00259,6846552350408,MANGUERA VERDE CON AMARILLO 1/2,,,category:materiales,Materiales,medida:2,PIEZAS,,,,,9,9,9,,,1,9999,uploads/productos/WhatsApp Image 2025-09-25 at 2.49.36 PM.jpeg,ID producto origen: 259 | Medida origen: Pieza(s) | Generado sistema origen: 1,true,false,1,1,true
260,MAT-00260,8687767595585,CODO PVC 3X45,,,category:materiales,Materiales,medida:2,PIEZAS,,,,,11,11,11,7.61,7.61,4,9999,uploads/productos/WhatsApp Image 2025-09-26 at 12.01.16 PM.jpeg,ID producto origen: 260 | Medida origen: Pieza(s) | Generado sistema origen: 1,true,false,1,1,true
261,MAT-00261,4133331763729,CODO PVC 4X45,,,category:materiales,Materiales,medida:2,PIEZAS,,,,,26,26,26,15.47,15.47,4,9999,uploads/productos/WhatsApp Image 2025-09-26 at 09.22.17.jpeg,ID producto origen: 261 | Medida origen: Pieza(s) | Generado sistema origen: 1,true,false,1,1,true
262,MAT-00262,,CLAVO P/CONCRETO NEGRO 3P (CAJA 25 KGS),,,category:materiales,Materiales,medida:2,PIEZAS,,,,,1302,1301,1301,,,1,9999,,ID producto origen: 262 | Medida origen: Pieza(s),false,false,1,1,false
263,MAT-00263,,CABLE THW-LS #10 NEGRO EMPAQUE DE CARTON IUSA,,,category:materiales,Materiales,medida:2,PIEZAS,,,,,2183,2182,2182,,,1,9999,,ID producto origen: 263 | Medida origen: Pieza(s),false,false,1,1,false
264,MAT-00264,8468106389764,CLAVO ESTANDAR 2P,,,category:materiales,Materiales,medida:1,KILOS,,,,,37,36,36,,,1,9999,uploads/productos/WhatsApp Image 2025-09-26 at 7.42.56 AM.jpeg,ID producto origen: 264 | Medida origen: Kilo(s) | Generado sistema origen: 1,true,true,1,1,false
265,MAT-00265,8716794220297,CAJA REGISTRO CUADRADA GALV 4X4 DE 3/4,,,category:materiales,Materiales,medida:2,PIEZAS,,,,,15,15,15,10,10,1,9999,uploads/productos/WhatsApp Image 2025-09-26 at 2.48.53 PM.jpeg,ID producto origen: 265 | Medida origen: Pieza(s) | Generado sistema origen: 1,true,false,1,1,true
266,MAT-00266,0544510625020,TEE PVC 3,,,category:materiales,Materiales,medida:2,PIEZAS,,,,,14,14,14,,,4,9999,uploads/productos/WhatsApp Image 2025-09-26 at 09.19.45.jpeg,ID producto origen: 266 | Medida origen: Pieza(s) | Generado sistema origen: 1,true,false,1,1,true
267,MAT-00267,,CLAVO ESTANDAR 4P,,,category:materiales,Materiales,medida:1,KILOS,,,,,808,807,807,,,1,9999,,ID producto origen: 267 | Medida origen: Kilo(s),false,true,1,1,false
268,MAT-00268,,CLAVO P/CONCRETO NEGRO 2 1/2,,,category:materiales,Materiales,medida:2,PIEZAS,,,,,1302,1301,1301,,,1,9999,,ID producto origen: 268 | Medida origen: Pieza(s),false,false,1,1,false
269,MAT-00269,,TUBO PVC SANITARIO NORMA 2P,,,category:materiales,Materiales,medida:2,PIEZAS,,,,,130,130,130,95.04,95.04,1,9999,,ID producto origen: 269 | Medida origen: Pieza(s),true,false,1,1,true
270,MAT-00270,4985321880301,CODO PIPA VERDE HEMBRA 1/2,,,category:materiales,Materiales,medida:2,PIEZAS,,,,,14,14,14,,,4,9999,uploads/productos/WhatsApp Image 2025-09-26 at 12.03.47.jpeg,ID producto origen: 270 | Medida origen: Pieza(s) | Generado sistema origen: 1,true,false,1,1,true
271,MAT-00271,3585587178689,REGISTRO CUADRA GALV 3X3 DE 1/2,,,category:materiales,Materiales,medida:2,PIEZAS,,,,,7,6,6,,,1,9999,uploads/productos/WhatsApp Image 2025-09-26 at 2.47.19 PM.jpeg,ID producto origen: 271 | Medida origen: Pieza(s) | Generado sistema origen: 1,true,false,1,1,false
272,MAT-00272,,TUBO PVC SANITARIO NORMA 4P TR,,,category:materiales,Materiales,medida:2,PIEZAS,,,,,190,189,189,,,1,9999,,ID producto origen: 272 | Medida origen: Pieza(s),false,false,1,1,false
273,MAT-00273,7503011937202,FLEXODUCTO 1/2P NARANJA S/GUIA ROLLO 100 MTS,,,category:materiales,Materiales,medida:2,PIEZAS,,,,,280,279,279,,,1,9999,,ID producto origen: 273 | Medida origen: Pieza(s),true,false,1,1,false
274,MAT-00274,,CAJA REGISTRO CUADRADA GALV 3X3 DE 1/2 CJA 25 KGM,,,category:materiales,Materiales,medida:1,KILOS,,,,,6,6,6,,,1,9999,,ID producto origen: 274 | Medida origen: Kilo(s),false,true,1,1,true
275,MAT-00275,,CLAVO ESTANDAR 2P 1/2,,,category:materiales,Materiales,medida:1,KILOS,,,,,808,807,807,,,1,9999,,ID producto origen: 275 | Medida origen: Kilo(s),false,true,1,1,false
276,MAT-00276,,TUBO PVC SANITARIO NORMAL6TR,,,category:materiales,Materiales,medida:2,PIEZAS,,,,,867,866,866,,,1,9999,,ID producto origen: 276 | Medida origen: Pieza(s),false,false,1,1,false
277,MAT-00277,,TUBO FUSION CLI 3/4X4 4.1MTS,,,category:materiales,Materiales,medida:2,PIEZAS,,,,,83,82,82,,,1,9999,,ID producto origen: 277 | Medida origen: Pieza(s),true,false,1,1,false
278,MAT-00278,0619143663050,CHALUPA GALVANIZADA 1/2 Y 3/4,,,category:materiales,Materiales,medida:2,PIEZAS,,,,,8,7,7,5,5,1,9999,uploads/productos/WhatsApp Image 2025-09-26 at 2.18.29 PM (1).jpeg,ID producto origen: 278 | Medida origen: Pieza(s) | Generado sistema origen: 1,true,false,1,1,false
279,MAT-00279,0496921960347,MANGUERA TIPO SILICON AZUL DE 1/2X 100 MTS,,,category:materiales,Materiales,medida:3,METROS,,,,,9,8,8,,,1,9999,uploads/productos/WhatsApp Image 2025-11-14 at 1.29.45 PM.jpeg,ID producto origen: 279 | Medida origen: Metro(s) | Generado sistema origen: 1,true,true,1,1,false
280,MAT-00280,4837805558483,MANGUERA VER/AMARILLO USO RUDO 1/2X,,,category:materiales,Materiales,medida:2,PIEZAS,,,,,1143,1142,1142,,,1,9999,uploads/productos/WhatsApp Image 2025-09-26 at 8.43.15 AM.jpeg,ID producto origen: 280 | Medida origen: Pieza(s) | Generado sistema origen: 1,true,false,1,1,false
281,MAT-00281,2443967457919,MANGUERA TIPO SILICON AZUL DE 3/4,,,category:materiales,Materiales,medida:3,METROS,,,,,16,15,15,,,1,9999,uploads/productos/WhatsApp Image 2025-09-25 at 14.08.53.jpeg,ID producto origen: 281 | Medida origen: Metro(s) | Generado sistema origen: 1,true,true,1,1,false
282,MAT-00282,9127920117,CABLE THW 12(NEGRO),,,category:materiales,Materiales,medida:3,METROS,,,,,1450,1450,1450,,,1,9999,,ID producto origen: 282 | Medida origen: Metro(s),true,true,1,1,true
283,MAT-00283,,ANILLO 10X10,,,category:materiales,Materiales,medida:1,KILOS,,,,,27,27,27,23,23,1,9999,,ID producto origen: 283 | Medida origen: Kilo(s),true,true,1,1,true
284,MAT-00284,,ALAMBRE QUEMADO,,,category:materiales,Materiales,medida:1,KILOS,,,,,28,28,28,24.13,24.13,1,9999,,ID producto origen: 284 | Medida origen: Kilo(s),true,true,1,1,true
285,MAT-00285,,ANILLO 10X15,,,category:materiales,Materiales,medida:1,KILOS,,,,,27,27,27,19.5,19.5,1,9999,,ID producto origen: 285 | Medida origen: Kilo(s),true,true,1,1,true
286,MAT-00286,,ANILLO 20X20,,,category:materiales,Materiales,medida:1,KILOS,,,,,27,27,27,19.5,19.5,1,9999,,ID producto origen: 286 | Medida origen: Kilo(s),true,true,1,1,true
287,MAT-00287,,ALAMBRON,,,category:materiales,Materiales,medida:1,KILOS,,,,,25,25,25,22.5,22.5,1,9999,,ID producto origen: 287 | Medida origen: Kilo(s),true,true,1,1,true
288,MAT-00288,,ARMEX SENCILLO 10X15,,,category:materiales,Materiales,medida:2,PIEZAS,,,,,200,200,200,132.04,132.04,1,9999,,ID producto origen: 288 | Medida origen: Pieza(s),true,false,1,1,true
289,MAT-00289,,ARMEX REFORZADO 10X15,,,category:materiales,Materiales,medida:2,PIEZAS,,,,,330,330,330,295,295,1,9999,,ID producto origen: 289 | Medida origen: Pieza(s),true,false,1,1,true
290,MAT-00290,,GACOFLEX 3 AA,,,category:materiales,Materiales,medida:2,PIEZAS,,,,,1624,1623,1623,,,1,9999,,ID producto origen: 290 | Medida origen: Pieza(s),true,false,1,1,false
291,MAT-00291,,CLAVO ESTANDAR 2P,,,category:materiales,Materiales,medida:1,KILOS,,,,,33,32,32,,,1,9999,,ID producto origen: 291 | Medida origen: Kilo(s),false,true,1,1,false
292,MAT-00292,4413117811289,CLAVO CONCRETO 2 PULGADAS,,,category:materiales,Materiales,medida:1,KILOS,,,,,60,59,59,44.44,44.44,1,9999,uploads/productos/WhatsApp Image 2025-09-26 at 08.02.17.jpeg,ID producto origen: 292 | Medida origen: Kilo(s) | Generado sistema origen: 1,true,true,1,1,false
293,MAT-00293,2487907891043,CLAVO ESTANDAR 2 1/2 P,,,category:materiales,Materiales,medida:1,KILOS,,,,,37,36,36,28,28,1,9999,uploads/productos/WhatsApp Image 2025-09-26 at 7.53.01 AM.jpeg,ID producto origen: 293 | Medida origen: Kilo(s) | Generado sistema origen: 1,true,true,1,1,false
294,MAT-00294,5968325852689,CLAVO CONCRETO 2-1/2 PULGADAS,,,category:materiales,Materiales,medida:1,KILOS,,,,,60,59,59,44.88,44.88,1,9999,uploads/productos/WhatsApp Image 2025-09-26 at 08.06.08.jpeg,ID producto origen: 294 | Medida origen: Kilo(s) | Generado sistema origen: 1,true,true,1,1,false
295,MAT-00295,1979801905755,CLAVO ESTANDAR 3P,,,category:materiales,Materiales,medida:1,KILOS,,,,,37,36,36,28,28,1,9999,uploads/productos/WhatsApp Image 2025-09-26 at 8.00.12 AM.jpeg,ID producto origen: 295 | Medida origen: Kilo(s) | Generado sistema origen: 1,true,true,1,1,false
296,MAT-00296,4589673423218,CLAVO ESTANDAR 4P,,,category:materiales,Materiales,medida:1,KILOS,,,,,38,38,38,28.54,28.54,1,9999,uploads/productos/WhatsApp Image 2025-09-26 at 8.07.21 AM.jpeg,ID producto origen: 296 | Medida origen: Kilo(s) | Generado sistema origen: 1,true,true,1,1,true
297,MAT-00297,4742264721791,CLAVO CONCRETO 3 PULGADAS,,,category:materiales,Materiales,medida:1,KILOS,,,,,60,59,59,,,1,9999,uploads/productos/WhatsApp Image 2025-09-26 at 08.11.07.jpeg,ID producto origen: 297 | Medida origen: Kilo(s) | Generado sistema origen: 1,true,true,1,1,false
298,MAT-00298,6228323006347,CLAVO CONCRETO 3-1/2,,,category:materiales,Materiales,medida:1,KILOS,,,,,52,51,51,,,1,9999,uploads/productos/WhatsApp Image 2025-09-26 at 08.15.21.jpeg,ID producto origen: 298 | Medida origen: Kilo(s) | Generado sistema origen: 1,true,true,1,1,false
299,MAT-00299,,mortero 25 kilogramos,,,category:materiales,Materiales,medida:1,KILOS,,,,,0,0,0,,,100,9999,,ID producto origen: 299 | Medida origen: Kilo(s),false,true,6,12,false
300,MAT-00300,7506055100014,SEGUETA SUKI-WAVE (HECORT),,,category:materiales,Materiales,medida:2,PIEZAS,,,,,15,14,14,142.12,142.12,1,9999,,ID producto origen: 300 | Medida origen: Pieza(s),true,false,1,1,false
301,MAT-00301,7506055126144,SEGUETA INFINITY BIMETAL (HECORT),,,category:materiales,Materiales,medida:2,PIEZAS,,,,,16,15,15,,,1,9999,,ID producto origen: 301 | Medida origen: Pieza(s),true,false,1,1,false
302,MAT-00302,7501206644911,CINTA DE AISLAR NEGRA TRUPER,,,category:materiales,Materiales,medida:2,PIEZAS,,,,,19,18,18,12.07,12.07,1,9999,,ID producto origen: 302 | Medida origen: Pieza(s),true,false,1,1,false
303,MAT-00303,1161609349125,ABRAZADERA ACERO INOX. 1/2,,,category:materiales,Materiales,medida:2,PIEZAS,,,,,8,7,7,,,1,9999,uploads/productos/WhatsApp Image 2025-09-27 at 09.32.30.jpeg,ID producto origen: 303 | Medida origen: Pieza(s) | Generado sistema origen: 1,true,false,1,1,false
304,MAT-00304,7501206646847,CINTA D/AISLAR VERDE TRUPER,,,category:materiales,Materiales,medida:2,PIEZAS,,,,,18,17,17,12.07,12.07,1,9999,,ID producto origen: 304 | Medida origen: Pieza(s),true,false,1,1,false
305,MAT-00305,1390459536113,ABRAZADERA ACERO INOX. 3/4,,,category:materiales,Materiales,medida:2,PIEZAS,,,,,8,7,7,,,1,9999,uploads/productos/WhatsApp Image 2025-09-27 at 09.31.49.jpeg,ID producto origen: 305 | Medida origen: Pieza(s) | Generado sistema origen: 1,true,false,1,1,false
306,MAT-00306,2190016724897,"ABRAZADERA ACERO INOX. 1""",,,category:materiales,Materiales,medida:2,PIEZAS,,,,,8,7,7,,,1,9999,uploads/productos/WhatsApp Image 2025-09-27 at 09.31.33.jpeg,ID producto origen: 306 | Medida origen: Pieza(s) | Generado sistema origen: 1,false,false,1,1,false
307,MAT-00307,,CINTA DE AISLAR DE 18X19MM VERDE TRUPER,,,category:materiales,Materiales,medida:2,PIEZAS,,,,,0,0,0,,,1,9999,,ID producto origen: 307 | Medida origen: Pieza(s),false,false,6,12,false
308,MAT-00308,0254535412368,"ABRAZADERA ACERO INOX. 2""",,,category:materiales,Materiales,medida:2,PIEZAS,,,,,10,9,9,,,1,9999,uploads/productos/WhatsApp Image 2025-09-27 at 09.30.53.jpeg,ID producto origen: 308 | Medida origen: Pieza(s) | Generado sistema origen: 1,true,false,1,1,false
309,MAT-00309,3077640758940,ABRAZADERA ACERO INOX. 3/8,,,category:materiales,Materiales,medida:2,PIEZAS,,,,,8,7,7,44.32,44.32,1,9999,uploads/productos/WhatsApp Image 2025-09-27 at 09.32.06.jpeg,ID producto origen: 309 | Medida origen: Pieza(s) | Generado sistema origen: 1,true,false,1,1,false
310,MAT-00310,7506240620273,ESPUMA EXPANSIVA 300 ML (TRUPER),,,category:materiales,Materiales,medida:2,PIEZAS,,,,,89,88,88,324.92,324.92,1,9999,,ID producto origen: 310 | Medida origen: Pieza(s),true,false,1,1,false
311,MAT-00311,7501206646861,CINTA D/AISLAR ROJA TRUPER,,,category:materiales,Materiales,medida:2,PIEZAS,,,,,18,17,17,,,1,9999,,ID producto origen: 311 | Medida origen: Pieza(s),true,false,1,1,false
312,MAT-00312,17506240624681,LIJA D/AGUA GRANO 2000 (TRUPER),,,category:materiales,Materiales,medida:2,PIEZAS,,,,,13,12,12,,,1,9999,,ID producto origen: 312 | Medida origen: Pieza(s),true,false,1,1,false
313,MAT-00313,7506240671077,CINCHOS PLASTICO NEGROS Y NATURALES,,,category:materiales,Materiales,medida:2,PIEZAS,,,,,0.5,0.5,0.5,,,1,9999,,ID producto origen: 313 | Medida origen: Pieza(s),true,false,1,1,true
314,MAT-00314,17506240624674,LIJA D/AGUA GRANO 1500 MICROFINA (TRUPER),,,category:materiales,Materiales,medida:2,PIEZAS,,,,,13,12,12,,,1,9999,,ID producto origen: 314 | Medida origen: Pieza(s),true,false,1,1,false
315,MAT-00315,17501206685478,LIJA D/AGUA GRANO 500 (TRUPER),,,category:materiales,Materiales,medida:2,PIEZAS,,,,,7,7,7,,,1,9999,,ID producto origen: 315 | Medida origen: Pieza(s),true,false,1,1,true
316,MAT-00316,17501206685485,LIJA D/AGUA GRANO 600 (TRUPER),,,category:materiales,Materiales,medida:2,PIEZAS,,,,,7,7,7,,,1,9999,,ID producto origen: 316 | Medida origen: Pieza(s),true,false,1,1,true
317,MAT-00317,17501206603151,LIJA D/ESMERIL ROJA GRANO 36 (TRUPER),,,category:materiales,Materiales,medida:2,PIEZAS,,,,,18,17,17,,,1,9999,,ID producto origen: 317 | Medida origen: Pieza(s),true,false,1,1,false
318,MAT-00318,6168907651450,CLAVOS DE CONCRETO NEGROS 1-1/2,,,category:materiales,Materiales,medida:1,KILOS,,,,,68,67,67,,,1,9999,uploads/productos/WhatsApp Image 2025-09-26 at 07.54.54.jpeg,ID producto origen: 318 | Medida origen: Kilo(s) | Generado sistema origen: 1,true,true,1,1,false
319,MAT-00319,8148597391674,PIJAS PAVONADA 6X1,,,category:materiales,Materiales,medida:2,PIEZAS,,,,,17,16,16,131,131,1,9999,uploads/productos/WhatsApp Image 2025-10-01 at 3.21.18 PM (1).jpeg,ID producto origen: 319 | Medida origen: Pieza(s) | Generado sistema origen: 1,true,false,1,1,false
320,MAT-00320,17501206603168,LIJA D/ESMERIL ROJA GRANO 50 DE OXIDO D/ALUMINIO(TRUPER),,,category:materiales,Materiales,medida:2,PIEZAS,,,,,16,15,15,,,1,9999,,ID producto origen: 320 | Medida origen: Pieza(s),true,false,1,1,false
321,MAT-00321,5248416566917,PIJAS 6X1-1/4,,,category:materiales,Materiales,medida:2,PIEZAS,,,,,0.5,0.5,0.5,,,1,9999,uploads/productos/WhatsApp Image 2025-10-01 at 3.21.12 PM.jpeg,ID producto origen: 321 | Medida origen: Pieza(s) | Generado sistema origen: 1,true,false,1,1,true
322,MAT-00322,17501206603175,LIJA D/ESMERIL ROJA GRANO 80 (TRUPER),,,category:materiales,Materiales,medida:2,PIEZAS,,,,,14,13,13,,,1,9999,,ID producto origen: 322 | Medida origen: Pieza(s),true,false,1,1,false
323,MAT-00323,17501206603182,LIJA D/ESMERIL ROJA GRANO FINO 120 (TRUPER),,,category:materiales,Materiales,medida:2,PIEZAS,,,,,13,12,12,,,1,9999,,ID producto origen: 323 | Medida origen: Pieza(s),true,false,1,1,false
324,MAT-00324,7010949828811,PIJAS 6X1-1/2,,,category:materiales,Materiales,medida:2,PIEZAS,,,,,0.5,0.5,0.5,,,1,9999,uploads/productos/WhatsApp Image 2025-10-01 at 3.21.06 PM.jpeg,ID producto origen: 324 | Medida origen: Pieza(s) | Generado sistema origen: 1,true,false,1,1,true
325,MAT-00325,7501206641675,CINTA TEFLON 1/2 (TRUPER),,,category:materiales,Materiales,medida:2,PIEZAS,,,,,4,4,4,3.45,3.45,1,9999,,ID producto origen: 325 | Medida origen: Pieza(s),true,false,1,1,true
326,MAT-00326,8268616091122,PIJAS PAVONADO 6X2,,,category:materiales,Materiales,medida:2,PIEZAS,,,,,0.5,0.5,0.5,,,1,9999,uploads/productos/WhatsApp Image 2025-10-01 at 3.20.56 PM.jpeg,ID producto origen: 326 | Medida origen: Pieza(s) | Generado sistema origen: 1,true,false,100,100,true
327,MAT-00327,7501206641682,CINTA TEFLON 3/4 (TRUPER),,,category:materiales,Materiales,medida:2,PIEZAS,,,,,5,5,5,4.74,4.74,1,9999,,ID producto origen: 327 | Medida origen: Pieza(s),true,false,1,1,true
328,MAT-00328,4770347229995,PIJAS PAVONADA 8X3/4,,,category:materiales,Materiales,medida:2,PIEZAS,,,,,16,15,15,,,1,9999,uploads/productos/WhatsApp Image 2025-10-01 at 3.20.52 PM.jpeg,ID producto origen: 328 | Medida origen: Pieza(s) | Generado sistema origen: 1,true,false,1,1,false
329,MAT-00329,7502309739801,ZAPAPICO 5LB (TRUPER),,,category:materiales,Materiales,medida:2,PIEZAS,,,,,299,298,298,409.58,409.58,1,9999,,ID producto origen: 329 | Medida origen: Pieza(s) | Generado sistema origen: 1,true,false,1,1,false
330,MAT-00330,6588338926253,PIJAS PAVONADO 8X1,,,category:materiales,Materiales,medida:2,PIEZAS,,,,,0.5,0.5,0.5,,,1,9999,uploads/productos/WhatsApp Image 2025-10-01 at 3.20.45 PM.jpeg,ID producto origen: 330 | Medida origen: Pieza(s) | Generado sistema origen: 1,true,false,1,1,true
331,MAT-00331,,TALACHO-PICO 5LB MAMGO D/MADERA 36P (TRUPER),,,category:materiales,Materiales,medida:2,PIEZAS,,,,,325,324,324,,,1,9999,,ID producto origen: 331 | Medida origen: Pieza(s),true,false,1,1,false
332,MAT-00332,6144322356989,PIJAS PAVONADO 8X1-1/2,,,category:materiales,Materiales,medida:2,PIEZAS,,,,,0.5,0.5,0.5,,,1,9999,uploads/productos/WhatsApp Image 2025-10-01 at 3.20.37 PM.jpeg,ID producto origen: 332 | Medida origen: Pieza(s) | Generado sistema origen: 1,true,false,1,1,true
333,MAT-00333,7501206646885,CINTA D/AISLAR BLANCA (TRUPER),,,category:materiales,Materiales,medida:2,PIEZAS,,,,,18,18,18,,,1,9999,,ID producto origen: 333 | Medida origen: Pieza(s),true,false,1,1,true
334,MAT-00334,7501206685006,PINTURA EN AEROSOL NEGRO MATTE 400ML,,,category:materiales,Materiales,medida:2,PIEZAS,,,,,50,49,49,170.66,170.66,1,9999,,ID producto origen: 334 | Medida origen: Pieza(s),true,false,1,1,false
335,MAT-00335,7501206685013,PINTURA EN AEROSOL BLANCO MATTE 400ML,,,category:materiales,Materiales,medida:2,PIEZAS,,,,,50,49,49,,,1,9999,,ID producto origen: 335 | Medida origen: Pieza(s),true,false,1,1,false
336,MAT-00336,4618060268085,PIJAS PAVONADO 8X2,,,category:materiales,Materiales,medida:2,PIEZAS,,,,,0.5,0.5,0.5,,,1,9999,uploads/productos/WhatsApp Image 2025-10-01 at 3.20.30 PM.jpeg,ID producto origen: 336 | Medida origen: Pieza(s) | Generado sistema origen: 1,true,false,1,1,true
337,MAT-00337,,PIJAS PARA LAMINA 8 X 1-1/2 P (FIERO),,,category:materiales,Materiales,medida:2,PIEZAS,,,,,0.5,0.5,0.5,,,1,9999,,ID producto origen: 337 | Medida origen: Pieza(s),true,false,1,1,true
338,MAT-00338,,PIJAS PARA LAMINA 8 X 2P (FIERO),,,category:materiales,Materiales,medida:2,PIEZAS,,,,,0.5,0.5,0.5,,,1,9999,,ID producto origen: 338 | Medida origen: Pieza(s),true,false,1,1,true
339,MAT-00339,7094395545201,PIJAS PAVONADA 10X1-1/2,,,category:materiales,Materiales,medida:2,PIEZAS,,,,,0.5,0.5,0.5,,,1,9999,uploads/productos/WhatsApp Image 2025-10-01 at 3.20.20 PM.jpeg,ID producto origen: 339 | Medida origen: Pieza(s) | Generado sistema origen: 1,true,false,1,1,true
340,MAT-00340,5083334871718,PIJAS PAVONADO 10X2,,,category:materiales,Materiales,medida:2,PIEZAS,,,,,0.5,0.5,0.5,,,1,9999,uploads/productos/WhatsApp Image 2025-10-01 at 3.20.14 PM.jpeg,ID producto origen: 340 | Medida origen: Pieza(s) | Generado sistema origen: 1,true,false,1,1,true
341,MAT-00341,,PIJAS PARA LAMINA 10 X 1P (FIERO),,,category:materiales,Materiales,medida:2,PIEZAS,,,,,0.5,0.5,0.5,,,1,9999,,ID producto origen: 341 | Medida origen: Pieza(s),true,false,1,1,true
342,MAT-00342,,PIJAS PARA LAMINA 10 X 1-1/2 (FIERO),,,category:materiales,Materiales,medida:2,PIEZAS,,,,,0.5,0.5,0.5,,,1,9999,,ID producto origen: 342 | Medida origen: Pieza(s),true,false,1,1,true
343,MAT-00343,,PIJAS PAVONADO 10X 2-1/2 (FIERO),,,category:materiales,Materiales,medida:2,PIEZAS,,,,,0.5,0.5,0.5,,,1,9999,,ID producto origen: 343 | Medida origen: Pieza(s),true,false,1,1,true
344,MAT-00344,0760369836053,PIJAS PARA LAMINA 10 X 2P,,,category:materiales,Materiales,medida:2,PIEZAS,,,,,0.5,0.5,0.5,,,1,9999,uploads/productos/WhatsApp Image 2025-10-01 at 4.27.19 PM.jpeg,ID producto origen: 344 | Medida origen: Pieza(s) | Generado sistema origen: 1,true,false,1,1,true
345,MAT-00345,,PIJAS PAVONADO 8 X 2-1/2P(FIERO),,,category:materiales,Materiales,medida:2,PIEZAS,,,,,0.5,0.5,0.5,,,1,9999,,ID producto origen: 345 | Medida origen: Pieza(s),true,false,1,1,true
346,MAT-00346,3492458391545,PIJAS PAVONADA 10X2-1/2,,,category:materiales,Materiales,medida:2,PIEZAS,,,,,0.5,0.5,0.5,,,1,9999,uploads/productos/WhatsApp Image 2025-10-01 at 3.20.09 PM.jpeg,ID producto origen: 346 | Medida origen: Pieza(s) | Generado sistema origen: 1,true,false,1,1,true
347,MAT-00347,,PIJAS PARA LAMINA 6 X 1-1/2 (FIERO),,,category:materiales,Materiales,medida:2,PIEZAS,,,,,0.5,0.5,0.5,,,1,9999,,ID producto origen: 347 | Medida origen: Pieza(s),true,false,1,1,true
348,MAT-00348,,PIJAS PARA LAMINA 6 X 1P (FIERO),,,category:materiales,Materiales,medida:2,PIEZAS,,,,,0.5,0.5,0.5,,,1,9999,,ID producto origen: 348 | Medida origen: Pieza(s),true,false,1,1,true
349,MAT-00349,6120724225801,PIJAS 8X1 FIERO,,,category:materiales,Materiales,medida:2,PIEZAS,,,,,0.5,0.5,0.5,,,1,9999,uploads/productos/WhatsApp Image 2025-10-01 at 4.27.20 PM.jpeg,ID producto origen: 349 | Medida origen: Pieza(s) | Generado sistema origen: 1,true,false,1,1,true
350,MAT-00350,,RACK PARA PALAS O ESCOBAS (TRUPER),,,category:materiales,Materiales,medida:2,PIEZAS,,,,,245,244,244,,,1,9999,,ID producto origen: 350 | Medida origen: Pieza(s),false,false,1,1,false
351,MAT-00351,0200942660489,TORNILLO ESTUFA 1/8X1/2,,,category:materiales,Materiales,medida:2,PIEZAS,,,,,0.5,0.5,0.5,,,1,9999,uploads/productos/WhatsApp Image 2025-10-01 at 11.36.43 AM (2).jpeg,ID producto origen: 351 | Medida origen: Pieza(s) | Generado sistema origen: 1,true,false,1,1,true
352,MAT-00352,7855404301153,TORNILLO HEXAGONAL 6X20(PAVONADO),,,category:materiales,Materiales,medida:2,PIEZAS,,,,,0.5,0.5,0.5,32.37,32.37,1,9999,uploads/productos/WhatsApp Image 2025-10-01 at 08.29.18.jpeg,ID producto origen: 352 | Medida origen: Pieza(s) | Generado sistema origen: 1,true,false,1,1,true
353,MAT-00353,1858743018665,TORNILLO HEXAGONAL 6X25(PAVONADO),,,category:materiales,Materiales,medida:2,PIEZAS,,,,,0.5,0.5,0.5,,,1,9999,uploads/productos/WhatsApp Image 2025-10-01 at 08.29.30 (1).jpeg,ID producto origen: 353 | Medida origen: Pieza(s) | Generado sistema origen: 1,true,false,1,1,true
354,MAT-00354,8316818695089,TORNILLO ESTUFA 1/8X5/8,,,category:materiales,Materiales,medida:2,PIEZAS,,,,,0.5,0.5,0.5,,,1,9999,uploads/productos/WhatsApp Image 2025-10-01 at 11.36.43 AM (1).jpeg,ID producto origen: 354 | Medida origen: Pieza(s) | Generado sistema origen: 1,true,false,1,1,true
355,MAT-00355,3384864261706,TORNILLO HEXAGONAL 6X30(PAVONADO),,,category:materiales,Materiales,medida:2,PIEZAS,,,,,1,1,1,,,1,9999,uploads/productos/WhatsApp Image 2025-10-01 at 08.29.40 (1).jpeg,ID producto origen: 355 | Medida origen: Pieza(s) | Generado sistema origen: 1,true,false,1,1,true
356,MAT-00356,,TORNILLO ESTUFA CABEZA(GALVANIZADO)1/8X3/4,,,category:materiales,Materiales,medida:2,PIEZAS,,,,,0,0,0,,,1,9999,,ID producto origen: 356 | Medida origen: Pieza(s),false,false,6,12,false
357,MAT-00357,8366748005786,TORNILLO ESTUFA 1/8X3/4,,,category:materiales,Materiales,medida:2,PIEZAS,,,,,0.5,0.5,0.5,,,1,9999,uploads/productos/WhatsApp Image 2025-10-01 at 11.36.43 AM.jpeg,ID producto origen: 357 | Medida origen: Pieza(s) | Generado sistema origen: 1,true,false,1,1,true
358,MAT-00358,0287168054094,TORNILLO ESTUFA 1/8X1,,,category:materiales,Materiales,medida:2,PIEZAS,,,,,0.5,0.5,0.5,,,1,9999,uploads/productos/WhatsApp Image 2025-10-01 at 11.36.42 AM (6)_6389.jpeg,ID producto origen: 358 | Medida origen: Pieza(s) | Generado sistema origen: 1,true,false,1,1,true
359,MAT-00359,5124897093510,TORNILLO ESTUFA 1/8X1-1/4,,,category:materiales,Materiales,medida:2,PIEZAS,,,,,0.5,0.5,0.5,,,1,9999,uploads/productos/WhatsApp Image 2025-10-01 at 11.36.42 AM (6).jpeg,ID producto origen: 359 | Medida origen: Pieza(s) | Generado sistema origen: 1,true,false,1,1,true
360,MAT-00360,4781237732136,TORNILLO ESTUFA 1/8X1-1/2,,,category:materiales,Materiales,medida:2,PIEZAS,,,,,0.5,0.5,0.5,,,1,9999,uploads/productos/WhatsApp Image 2025-10-01 at 11.36.42 AM (5)_2279.jpeg,ID producto origen: 360 | Medida origen: Pieza(s) | Generado sistema origen: 1,true,false,1,1,true
361,MAT-00361,8035247721274,TORNILLO ESTUFA 1/8X2,,,category:materiales,Materiales,medida:2,PIEZAS,,,,,0.5,0.5,0.5,,,1,9999,uploads/productos/WhatsApp Image 2025-10-01 at 11.36.42 AM (4).jpeg,ID producto origen: 361 | Medida origen: Pieza(s) | Generado sistema origen: 1,true,false,1,1,true
362,MAT-00362,9164667352122,TORNILLO ESTUFA 5/32X1/2,,,category:materiales,Materiales,medida:2,PIEZAS,,,,,0.5,0.5,0.5,,,1,9999,uploads/productos/WhatsApp Image 2025-09-30 at 1.41.33 PM (2).jpeg,ID producto origen: 362 | Medida origen: Pieza(s) | Generado sistema origen: 1,true,false,1,1,true
363,MAT-00363,3193989468996,TORNILLO ESTUFA 5/32X5/8,,,category:materiales,Materiales,medida:2,PIEZAS,,,,,0.5,0.5,0.5,,,1,9999,uploads/productos/WhatsApp Image 2025-09-30 at 1.41.33 PM (1).jpeg,ID producto origen: 363 | Medida origen: Pieza(s) | Generado sistema origen: 1,true,false,1,1,true
364,MAT-00364,8373760150196,TORNILLO ESTUFA 5/32X3/4,,,category:materiales,Materiales,medida:2,PIEZAS,,,,,0.5,0.5,0.5,,,1,9999,uploads/productos/WhatsApp Image 2025-09-30 at 1.41.33 PM.jpeg,ID producto origen: 364 | Medida origen: Pieza(s) | Generado sistema origen: 1,true,false,1,1,true
365,MAT-00365,,TORNILLO ESTUCA CABEZA(GALVANIZADO) 5/32X1,,,category:materiales,Materiales,medida:2,PIEZAS,,,,,0.5,0.5,0.5,,,1,9999,,ID producto origen: 365 | Medida origen: Pieza(s),true,false,1,1,true
366,MAT-00366,1816910938154,TORNILLO ESTUFA 5/32X1-1/4,,,category:materiales,Materiales,medida:2,PIEZAS,,,,,0.5,0.5,0.5,,,1,9999,uploads/productos/WhatsApp Image 2025-09-30 at 1.41.34 PM.jpeg,ID producto origen: 366 | Medida origen: Pieza(s) | Generado sistema origen: 1,true,false,1,1,true
367,MAT-00367,1112114788183,TORNILLO ESTUFA 5/32X1-1/2,,,category:materiales,Materiales,medida:2,PIEZAS,,,,,0.5,0.5,0.5,,,1,9999,uploads/productos/WhatsApp Image 2025-09-30 at 1.41.33 PM (4).jpeg,ID producto origen: 367 | Medida origen: Pieza(s) | Generado sistema origen: 1,true,false,1,1,true
368,MAT-00368,0070316440418,TORNILLO HEXAGONAL 6X35(PAVONADO),,,category:materiales,Materiales,medida:2,PIEZAS,,,,,1,1,1,25.47,25.47,1,9999,uploads/productos/WhatsApp Image 2025-10-01 at 08.29.52 (1).jpeg,ID producto origen: 368 | Medida origen: Pieza(s) | Generado sistema origen: 1,true,false,1,1,true
369,MAT-00369,4709325925949,TORNILLO ESTUFA 5/32X2,,,category:materiales,Materiales,medida:2,PIEZAS,,,,,0.5,0.5,0.5,,,1,9999,uploads/productos/WhatsApp Image 2025-09-30 at 1.41.32 PM (1).jpeg,ID producto origen: 369 | Medida origen: Pieza(s) | Generado sistema origen: 1,true,false,1,1,true
370,MAT-00370,8241849591263,TORNILLO HEXAGONAL 6X40(PAVONADO),,,category:materiales,Materiales,medida:2,PIEZAS,,,,,1,1,1,,,1,9999,uploads/productos/WhatsApp Image 2025-10-01 at 08.30.01.jpeg,ID producto origen: 370 | Medida origen: Pieza(s) | Generado sistema origen: 1,true,false,1,1,true
371,MAT-00371,8024829238590,TORNILLO ESTUFA 5/32X2-1/2,,,category:materiales,Materiales,medida:2,PIEZAS,,,,,0.5,0.5,0.5,,,1,9999,uploads/productos/WhatsApp Image 2025-09-30 at 1.41.32 PM.jpeg,ID producto origen: 371 | Medida origen: Pieza(s) | Generado sistema origen: 1,true,false,1,1,true
372,MAT-00372,7368017363369,TORNILLO HEXAGONAL 6X45(PAVONADO),,,category:materiales,Materiales,medida:2,PIEZAS,,,,,1,1,1,,,1,9999,uploads/productos/WhatsApp Image 2025-10-01 at 08.30.13 (1).jpeg,ID producto origen: 372 | Medida origen: Pieza(s) | Generado sistema origen: 1,true,false,20,20,true
373,MAT-00373,9685486588160,TORNILLO HEXAGONAL 6X50(PAVONADO),,,category:materiales,Materiales,medida:2,PIEZAS,,,,,1,1,1,,,1,9999,uploads/productos/WhatsApp Image 2025-10-01 at 08.30.23 (1).jpeg,ID producto origen: 373 | Medida origen: Pieza(s) | Generado sistema origen: 1,true,false,1,1,true
374,MAT-00374,4343507945297,TORNILLO ESTUFA 5/32X3,,,category:materiales,Materiales,medida:2,PIEZAS,,,,,0.5,0.5,0.5,,,1,9999,uploads/productos/WhatsApp Image 2025-09-30 at 1.41.31 PM.jpeg,ID producto origen: 374 | Medida origen: Pieza(s) | Generado sistema origen: 1,true,false,1,1,true
375,MAT-00375,0364357617039,TORNILLO HEXAGONAL 6X55(PAVONADO),,,category:materiales,Materiales,medida:2,PIEZAS,,,,,1,1,1,,,1,9999,uploads/productos/WhatsApp Image 2025-10-01 at 08.30.40 (1).jpeg,ID producto origen: 375 | Medida origen: Pieza(s) | Generado sistema origen: 1,true,false,1,1,true
376,MAT-00376,0675497350619,TORNILLO ESTUFA 3/16X1/2,,,category:materiales,Materiales,medida:2,PIEZAS,,,,,0.5,0.5,0.5,,,1,9999,uploads/productos/WhatsApp Image 2025-09-30 at 1.32.52 PM (1).jpeg,ID producto origen: 376 | Medida origen: Pieza(s) | Generado sistema origen: 1,true,false,1,1,true
377,MAT-00377,7725183476642,TORNILLO HEXAGONAL 8X12(PAVONADO),,,category:materiales,Materiales,medida:2,PIEZAS,,,,,1,1,1,,,1,9999,uploads/productos/WhatsApp Image 2025-10-01 at 14.46.01 (1).jpeg,ID producto origen: 377 | Medida origen: Pieza(s) | Generado sistema origen: 1,true,false,1,1,true
378,MAT-00378,8392157677924,TORNILLO ESTUFA 3/16X5/8,,,category:materiales,Materiales,medida:2,PIEZAS,,,,,0.5,0.5,0.5,,,1,9999,uploads/productos/WhatsApp Image 2025-09-30 at 1.32.52 PM.jpeg,ID producto origen: 378 | Medida origen: Pieza(s) | Generado sistema origen: 1,true,false,1,1,true
379,MAT-00379,8070598931415,TORNILLO HEXAGONAL 8X16(PAVONADO),,,category:materiales,Materiales,medida:2,PIEZAS,,,,,1,1,1,,,1,9999,uploads/productos/WhatsApp Image 2025-10-01 at 14.46.12.jpeg,ID producto origen: 379 | Medida origen: Pieza(s) | Generado sistema origen: 1,true,false,1,1,true
380,MAT-00380,0769445188666,TORNILLO HEXAGONAL 8X20(PAVONADO),,,category:materiales,Materiales,medida:2,PIEZAS,,,,,1,1,1,,,1,9999,uploads/productos/WhatsApp Image 2025-10-01 at 14.46.24.jpeg,ID producto origen: 380 | Medida origen: Pieza(s) | Generado sistema origen: 1,true,false,1,1,true
381,MAT-00381,5765998658224,TORNILLO ESTUFA 3/16X3/4,,,category:materiales,Materiales,medida:2,PIEZAS,,,,,0,0,0,,,1,9999,uploads/productos/WhatsApp Image 2025-09-30 at 1.32.51 PM.jpeg,ID producto origen: 381 | Medida origen: Pieza(s) | Generado sistema origen: 1,true,false,6,12,false
382,MAT-00382,3168122220328,TORNILLO HEXAGONAL 8X25(PAVONADO),,,category:materiales,Materiales,medida:2,PIEZAS,,,,,1.5,1.5,1.5,,,1,9999,uploads/productos/WhatsApp Image 2025-10-01 at 14.46.45 (1).jpeg,ID producto origen: 382 | Medida origen: Pieza(s) | Generado sistema origen: 1,true,false,1,1,true
383,MAT-00383,6889454150486,TORNILLO ESTUFA 3/16X1,,,category:materiales,Materiales,medida:2,PIEZAS,,,,,0.5,0.5,0.5,,,1,9999,uploads/productos/WhatsApp Image 2025-09-30 at 1.41.35 PM (2).jpeg,ID producto origen: 383 | Medida origen: Pieza(s) | Generado sistema origen: 1,true,false,1,1,true
384,MAT-00384,9740987269281,TORNILLO HEXAGONAL 8X30(PAVONADO),,,category:materiales,Materiales,medida:2,PIEZAS,,,,,1,1,1,,,1,9999,uploads/productos/WhatsApp Image 2025-10-01 at 14.46.55 (1).jpeg,ID producto origen: 384 | Medida origen: Pieza(s) | Generado sistema origen: 1,true,false,1,1,true
385,MAT-00385,7195113127126,TORNILLO HEXAGONAL 8X35(PAVONADO),,,category:materiales,Materiales,medida:2,PIEZAS,,,,,1.5,1.5,1.5,,,1,9999,uploads/productos/WhatsApp Image 2025-10-01 at 14.47.28 (1).jpeg,ID producto origen: 385 | Medida origen: Pieza(s) | Generado sistema origen: 1,true,false,1,1,true
386,MAT-00386,8966824923852,TORNILLO ESTUFA 3/16X1-1/4,,,category:materiales,Materiales,medida:2,PIEZAS,,,,,0.5,0.5,0.5,,,1,9999,uploads/productos/WhatsApp Image 2025-09-30 at 1.41.35 PM (1).jpeg,ID producto origen: 386 | Medida origen: Pieza(s) | Generado sistema origen: 1,true,false,1,1,true
387,MAT-00387,2600029573349,TORNILLO HEXAHONAL 8X40(PAVONADO),,,category:materiales,Materiales,medida:2,PIEZAS,,,,,2,2,2,,,1,9999,uploads/productos/WhatsApp Image 2025-10-01 at 14.47.39 (2).jpeg,ID producto origen: 387 | Medida origen: Pieza(s) | Generado sistema origen: 1,true,false,1,1,true
388,MAT-00388,5135988643620,TORNILLO ESTUFA 3/16X1-1/2,,,category:materiales,Materiales,medida:2,PIEZAS,,,,,0.5,0.5,0.5,,,1,9999,uploads/productos/WhatsApp Image 2025-09-30 at 1.41.35 PM_3219.jpeg,ID producto origen: 388 | Medida origen: Pieza(s) | Generado sistema origen: 1,true,false,1,1,true
389,MAT-00389,2396879061432,TORNILLO HEXAGONAL 8X45(PAVONADO),,,category:materiales,Materiales,medida:2,PIEZAS,,,,,2,2,2,,,1,9999,uploads/productos/WhatsApp Image 2025-10-01 at 14.47.49 (1).jpeg,ID producto origen: 389 | Medida origen: Pieza(s) | Generado sistema origen: 1,true,false,1,1,true
390,MAT-00390,7270382482920,TORNILLO ESTUFA 3/16X2,,,category:materiales,Materiales,medida:2,PIEZAS,,,,,0.5,0.5,0.5,,,1,9999,uploads/productos/WhatsApp Image 2025-09-30 at 1.41.35 PM.jpeg,ID producto origen: 390 | Medida origen: Pieza(s) | Generado sistema origen: 1,true,false,1,1,true
391,MAT-00391,7622005547217,TORNILLO HEXAGONAL 8X50(PAVONADO),,,category:materiales,Materiales,medida:2,PIEZAS,,,,,1,1,1,,,1,9999,uploads/productos/WhatsApp Image 2025-10-01 at 14.48.00.jpeg,ID producto origen: 391 | Medida origen: Pieza(s) | Generado sistema origen: 1,true,false,1,1,true
392,MAT-00392,3252463989072,TORNILLO ESTUFA 3/16X2-1/2,,,category:materiales,Materiales,medida:2,PIEZAS,,,,,0.5,0.5,0.5,,,1,9999,uploads/productos/WhatsApp Image 2025-09-30 at 1.41.34 PM (2).jpeg,ID producto origen: 392 | Medida origen: Pieza(s) | Generado sistema origen: 1,true,false,1,1,true
393,MAT-00393,,TUERCA HEXAGONAL8.8MM P1.00 NATUTAL 6,,,category:materiales,Materiales,medida:2,PIEZAS,,,,,0.5,0.5,0.5,,,1,9999,,ID producto origen: 393 | Medida origen: Pieza(s),true,false,1,1,true
394,MAT-00394,6348704733171,TORNILLO ESTUFA 3/16X3,,,category:materiales,Materiales,medida:2,PIEZAS,,,,,1,1,1,,,1,9999,uploads/productos/WhatsApp Image 2025-09-30 at 1.41.34 PM (1).jpeg,ID producto origen: 394 | Medida origen: Pieza(s) | Generado sistema origen: 1,true,false,1,1,true
395,MAT-00395,3981925148671,TUERCA HEXAGONAL LIVIANA 1/8,,,category:materiales,Materiales,medida:2,PIEZAS,,,,,0.5,0.5,0.5,,,1,9999,uploads/productos/WhatsApp Image 2025-09-29 at 4.21.41 PM.jpeg,ID producto origen: 395 | Medida origen: Pieza(s) | Generado sistema origen: 1,true,false,1,1,true
396,MAT-00396,9899858510288,TUERCA HEXAGONAL 8.8 - 6 NATU,,,category:materiales,Materiales,medida:2,PIEZAS,,,,,2,2,2,,,1,9999,uploads/productos/WhatsApp Image 2025-09-29 at 4.21.40 PM.jpeg,ID producto origen: 396 | Medida origen: Pieza(s) | Generado sistema origen: 1,true,false,1,1,true
397,MAT-00397,9904064328951,TUERCA HEXAGONAL LIVIANA 5/32,,,category:materiales,Materiales,medida:2,PIEZAS,,,,,0.5,0.5,0.5,,,1,9999,uploads/productos/WhatsApp Image 2025-09-29 at 4.21.41 PM (1).jpeg,ID producto origen: 397 | Medida origen: Pieza(s) | Generado sistema origen: 1,true,false,1,1,true
398,MAT-00398,9026562178606,TUERCA HEXAGONAL 8.8 MM,,,category:materiales,Materiales,medida:2,PIEZAS,,,,,0.5,0.5,0.5,,,1,9999,uploads/productos/WhatsApp Image 2025-09-29 at 15.22.07 (1).jpeg,ID producto origen: 398 | Medida origen: Pieza(s) | Generado sistema origen: 1,true,false,1,1,true
399,MAT-00399,3910788309585,TUERCA HEXAGONAL LIVIANA 3/16,,,category:materiales,Materiales,medida:2,PIEZAS,,,,,0.5,0.5,0.5,,,1,9999,uploads/productos/WhatsApp Image 2025-09-29 at 4.21.41 PM (2).jpeg,ID producto origen: 399 | Medida origen: Pieza(s) | Generado sistema origen: 1,true,false,1,1,true
400,MAT-00400,9421639642170,SEGURO ARGOLLA 3/16,,,category:materiales,Materiales,medida:2,PIEZAS,,,,,15,14,14,,,1,9999,uploads/productos/WhatsApp Image 2025-09-30 at 9.37.49 AM.jpeg,ID producto origen: 400 | Medida origen: Pieza(s) | Generado sistema origen: 1,true,false,1,1,false
401,MAT-00401,3216494790267,TORNILLO HEXA/P 1/4X1/2,,,category:materiales,Materiales,medida:2,PIEZAS,,,,,1,1,1,,,1,9999,uploads/productos/WhatsApp Image 2025-10-02 at 2.53.12 PM.jpeg,ID producto origen: 401 | Medida origen: Pieza(s) | Generado sistema origen: 1,true,false,1,1,true
402,MAT-00402,2625425292236,SEGURO ARGOLLA 1/4,,,category:materiales,Materiales,medida:2,PIEZAS,,,,,13.5,13,13,,,1,9999,uploads/productos/WhatsApp Image 2025-09-30 at 9.37.48 AM (1).jpeg,ID producto origen: 402 | Medida origen: Pieza(s) | Generado sistema origen: 1,true,false,1,1,false
403,MAT-00403,,TORNILLO HEXAGONAL(PAVONADO) 1/4X5/8,,,category:materiales,Materiales,medida:2,PIEZAS,,,,,1,1,1,,,1,9999,,ID producto origen: 403 | Medida origen: Pieza(s),true,false,1,1,true
404,MAT-00404,2510676581041,SEGURO ARGOLLA 5/16,,,category:materiales,Materiales,medida:2,PIEZAS,,,,,14,13,13,,,1,9999,uploads/productos/WhatsApp Image 2025-09-30 at 9.37.48 AM.jpeg,ID producto origen: 404 | Medida origen: Pieza(s) | Generado sistema origen: 1,true,false,1,1,false
405,MAT-00405,6164529561641,TORNILLO HEXA/P 1/4X3/4,,,category:materiales,Materiales,medida:2,PIEZAS,,,,,1,1,1,,,1,9999,uploads/productos/WhatsApp Image 2025-10-02 at 12.15.25 PM (5).jpeg,ID producto origen: 405 | Medida origen: Pieza(s) | Generado sistema origen: 1,true,false,1,1,true
406,MAT-00406,4334985121396,CHAVETA PULIDA 1/8X1,,,category:materiales,Materiales,medida:2,PIEZAS,,,,,1,1,1,,,1,9999,uploads/productos/WhatsApp Image 2025-09-30 at 9.37.49 AM (5).jpeg,ID producto origen: 406 | Medida origen: Pieza(s) | Generado sistema origen: 1,true,false,1,1,true
407,MAT-00407,0848434320376,TORNILLO HEXA/P 1/4X1,,,category:materiales,Materiales,medida:2,PIEZAS,,,,,1,1,1,,,1,9999,uploads/productos/WhatsApp Image 2025-10-02 at 12.15.25 PM (1).jpeg,ID producto origen: 407 | Medida origen: Pieza(s) | Generado sistema origen: 1,true,false,1,1,true
408,MAT-00408,1172420566486,CHAVETA PULIDA 1/8X1-1/2,,,category:materiales,Materiales,medida:2,PIEZAS,,,,,1,1,1,,,1,9999,uploads/productos/WhatsApp Image 2025-09-30 at 9.37.49 AM (4).jpeg,ID producto origen: 408 | Medida origen: Pieza(s) | Generado sistema origen: 1,true,false,1,1,true
409,MAT-00409,1202354651665,TORNILLO HEXA/P 1/4X1-1/4,,,category:materiales,Materiales,medida:2,PIEZAS,,,,,1,1,1,,,1,9999,uploads/productos/WhatsApp Image 2025-10-02 at 12.15.25 PM.jpeg,ID producto origen: 409 | Medida origen: Pieza(s) | Generado sistema origen: 1,true,false,1,1,true
410,MAT-00410,8459043241536,CHAVETA PULIDA 1/8X2,,,category:materiales,Materiales,medida:2,PIEZAS,,,,,1.5,1.5,1.5,,,1,9999,uploads/productos/WhatsApp Image 2025-09-30 at 9.37.49 AM (3).jpeg,ID producto origen: 410 | Medida origen: Pieza(s) | Generado sistema origen: 1,true,false,1,1,true
411,MAT-00411,8536121314655,CHAVETA PULIDA 3/16X1-1/2,,,category:materiales,Materiales,medida:2,PIEZAS,,,,,2.5,2.5,2.5,,,1,9999,uploads/productos/WhatsApp Image 2025-09-30 at 9.37.49 AM (2).jpeg,ID producto origen: 411 | Medida origen: Pieza(s) | Generado sistema origen: 1,true,false,1,1,true
412,MAT-00412,8018001561682,TORNILLO HEXAGONAL 1/4X1-1/2,,,category:materiales,Materiales,medida:2,PIEZAS,,,,,1,1,1,,,1,9999,uploads/productos/WhatsApp Image 2025-10-02 at 12.15.24 PM (2).jpeg,ID producto origen: 412 | Medida origen: Pieza(s) | Generado sistema origen: 1,true,false,1,1,true
413,MAT-00413,3427280049449,CHAVETA PULIDA 3/16X2,,,category:materiales,Materiales,medida:2,PIEZAS,,,,,3,3,3,,,1,9999,uploads/productos/WhatsApp Image 2025-09-30 at 9.37.49 AM (1).jpeg,ID producto origen: 413 | Medida origen: Pieza(s) | Generado sistema origen: 1,true,false,1,1,true
414,MAT-00414,8070093602469,TORNILLO HEXAGONAL 1/4X1-3/4,,,category:materiales,Materiales,medida:2,PIEZAS,,,,,1,1,1,,,1,9999,uploads/productos/WhatsApp Image 2025-10-02 at 12.15.21 PM.jpeg,ID producto origen: 414 | Medida origen: Pieza(s) | Generado sistema origen: 1,true,false,1,1,true
415,MAT-00415,1793993637023,TORNILLO HEXA/G 1/4X1/2,,,category:materiales,Materiales,medida:2,PIEZAS,,,,,0.5,0.5,0.5,,,1,9999,,ID producto origen: 415 | Medida origen: Pieza(s) | Generado sistema origen: 1,true,false,1,1,true
416,MAT-00416,8548927721476,TORNILLO HEXAGONAL P 1/4X2,,,category:materiales,Materiales,medida:2,PIEZAS,,,,,1.5,1.5,1.5,,,1,9999,uploads/productos/WhatsApp Image 2025-10-02 at 3.13.03 PM (3).jpeg,ID producto origen: 416 | Medida origen: Pieza(s) | Generado sistema origen: 1,true,false,1,1,true
417,MAT-00417,,TORNILLO HEXAGONAL GALVANIZADO 1/4X5/8,,,category:materiales,Materiales,medida:2,PIEZAS,,,,,0.5,0.5,0.5,,,1,9999,,ID producto origen: 417 | Medida origen: Pieza(s),true,false,1,1,true
418,MAT-00418,9398760868192,TORNILLO HEXAGONAL/P 1/4X2-1/2,,,category:materiales,Materiales,medida:2,PIEZAS,,,,,2,2,2,,,1,9999,uploads/productos/WhatsApp Image 2025-10-02 at 3.13.03 PM (2).jpeg,ID producto origen: 418 | Medida origen: Pieza(s) | Generado sistema origen: 1,true,false,1,1,true
419,MAT-00419,2738636474015,TORNILLO HEXA/G 1/4X5/8,,,category:materiales,Materiales,medida:2,PIEZAS,,,,,1,1,1,,,1,9999,uploads/productos/WhatsApp Image 2025-10-02 at 12.15.26 PM (1).jpeg,ID producto origen: 419 | Medida origen: Pieza(s) | Generado sistema origen: 1,true,false,1,1,true
420,MAT-00420,3899439439379,TORNILLO HEXAGONAL P 1/4X3,,,category:materiales,Materiales,medida:2,PIEZAS,,,,,2,2,2,,,1,9999,uploads/productos/WhatsApp Image 2025-10-02 at 3.13.02 PM (4).jpeg,ID producto origen: 420 | Medida origen: Pieza(s) | Generado sistema origen: 1,true,false,1,1,true
421,MAT-00421,6665870520658,TORNILLO HEXA/G 1/4X3/4,,,category:materiales,Materiales,medida:2,PIEZAS,,,,,0.5,0.5,0.5,,,1,9999,uploads/productos/WhatsApp Image 2025-10-02 at 12.15.25 PM (6).jpeg,ID producto origen: 421 | Medida origen: Pieza(s) | Generado sistema origen: 1,true,false,1,1,true
422,MAT-00422,2053510977476,TORNILLO HEXA/P 5/16X1/2,,,category:materiales,Materiales,medida:2,PIEZAS,,,,,1,1,1,,,1,9999,uploads/productos/WhatsApp Image 2025-10-03 at 9.24.53 AM.jpeg,ID producto origen: 422 | Medida origen: Pieza(s) | Generado sistema origen: 1,true,false,1,1,true
423,MAT-00423,5605558855567,TORNILLO HEXA/G 1/4X1,,,category:materiales,Materiales,medida:2,PIEZAS,,,,,0.5,0.5,0.5,,,1,9999,uploads/productos/WhatsApp Image 2025-10-02 at 12.15.25 PM (4).jpeg,ID producto origen: 423 | Medida origen: Pieza(s) | Generado sistema origen: 1,true,false,1,1,true
424,MAT-00424,0571453159411,TORNILLO HEXA/P 5/16X3/4,,,category:materiales,Materiales,medida:2,PIEZAS,,,,,1,1,1,,,1,9999,uploads/productos/WhatsApp Image 2025-10-03 at 9.24.45 AM.jpeg,ID producto origen: 424 | Medida origen: Pieza(s) | Generado sistema origen: 1,true,false,1,1,true
425,MAT-00425,6836077816251,TORNILLO HEXA/G 1/4X1-1/4,,,category:materiales,Materiales,medida:2,PIEZAS,,,,,1,1,1,,,1,9999,uploads/productos/WhatsApp Image 2025-10-02 at 12.15.25 PM (1)_8508.jpeg,ID producto origen: 425 | Medida origen: Pieza(s) | Generado sistema origen: 1,true,false,1,1,true
426,MAT-00426,2630882818530,TORNILLO HEXAGONAL/P 5/16X1,,,category:materiales,Materiales,medida:2,PIEZAS,,,,,1,1,1,,,1,9999,uploads/productos/WhatsApp Image 2025-10-06 at 9.54.38 AM (3)_1430.jpeg,ID producto origen: 426 | Medida origen: Pieza(s) | Generado sistema origen: 1,true,false,1,1,true
427,MAT-00427,0767873454575,TORNILLO HEXAGONAL 1/4X1-1/2,,,category:materiales,Materiales,medida:2,PIEZAS,,,,,1,1,1,,,1,9999,uploads/productos/WhatsApp Image 2025-10-02 at 12.15.24 PM.jpeg,ID producto origen: 427 | Medida origen: Pieza(s) | Generado sistema origen: 1,true,false,1,1,true
428,MAT-00428,8448023570421,TORNILLO HEXA/P 5/16X1-1/4,,,category:materiales,Materiales,medida:2,PIEZAS,,,,,1,1,1,,,1,9999,uploads/productos/WhatsApp Image 2025-10-03 at 9.24.12 AM.jpeg,ID producto origen: 428 | Medida origen: Pieza(s) | Generado sistema origen: 1,true,false,1,1,true
429,MAT-00429,3984512400350,TORNILLO HEXAGONAL/G 1/4X1-3/4,,,category:materiales,Materiales,medida:2,PIEZAS,,,,,1,1,1,,,1,9999,uploads/productos/WhatsApp Image 2025-10-03 at 9.16.01 AM.jpeg,ID producto origen: 429 | Medida origen: Pieza(s) | Generado sistema origen: 1,true,false,1,1,true
430,MAT-00430,7663891863678,TORNILLO HEXA/ P 5/16X1-1/2,,,category:materiales,Materiales,medida:2,PIEZAS,,,,,1.5,1.5,1.5,,,1,9999,uploads/productos/WhatsApp Image 2025-10-03 at 9.24.08 AM.jpeg,ID producto origen: 430 | Medida origen: Pieza(s) | Generado sistema origen: 1,true,false,1,1,true
431,MAT-00431,0721586247978,TORNILLO HEXA/P 5/16X1-3/4,,,category:materiales,Materiales,medida:2,PIEZAS,,,,,2,2,2,,,1,9999,uploads/productos/WhatsApp Image 2025-10-03 at 9.24.32 AM.jpeg,ID producto origen: 431 | Medida origen: Pieza(s) | Generado sistema origen: 1,true,false,1,1,true
432,MAT-00432,6884921470470,TORNILLO HEXA/P 5/16X2,,,category:materiales,Materiales,medida:2,PIEZAS,,,,,2,2,2,,,1,9999,uploads/productos/WhatsApp Image 2025-10-06 at 9.54.38 AM.jpeg,ID producto origen: 432 | Medida origen: Pieza(s) | Generado sistema origen: 1,true,false,1,1,true
433,MAT-00433,4775060915613,TORNILLO HEXAGONAL/G 1/4X2,,,category:materiales,Materiales,medida:2,PIEZAS,,,,,1,1,1,,,1,9999,uploads/productos/WhatsApp Image 2025-10-03 at 9.15.48 AM (1).jpeg,ID producto origen: 433 | Medida origen: Pieza(s) | Generado sistema origen: 1,true,false,1,1,true
434,MAT-00434,1306414526693,TORNILLO HEXAGONAL/G 1/4X2-1/2,,,category:materiales,Materiales,medida:2,PIEZAS,,,,,1,1,1,,,1,9999,uploads/productos/WhatsApp Image 2025-10-02 at 3.13.03 PM.jpeg,ID producto origen: 434 | Medida origen: Pieza(s) | Generado sistema origen: 1,true,false,1,1,true
435,MAT-00435,9694361449779,TORNILLO HEXAGONAL/G 1/4X3,,,category:materiales,Materiales,medida:2,PIEZAS,,,,,2,2,2,,,1,9999,uploads/productos/WhatsApp Image 2025-10-02 at 3.13.02 PM (5).jpeg,ID producto origen: 435 | Medida origen: Pieza(s) | Generado sistema origen: 1,true,false,1,1,true
436,MAT-00436,0054876566849,TORNILLO HEXA/G 5/16X3/4,,,category:materiales,Materiales,medida:2,PIEZAS,,,,,1,1,1,,,1,9999,uploads/productos/WhatsApp Image 2025-10-03 at 9.24.39 AM.jpeg,ID producto origen: 436 | Medida origen: Pieza(s) | Generado sistema origen: 1,true,false,1,1,true
437,MAT-00437,1478857541462,TORNILLO HEXA/G 5/16X1,,,category:materiales,Materiales,medida:2,PIEZAS,,,,,1,1,1,,,1,9999,uploads/productos/WhatsApp Image 2025-10-03 at 9.24.24 AM.jpeg,ID producto origen: 437 | Medida origen: Pieza(s) | Generado sistema origen: 1,true,false,1,1,true
438,MAT-00438,3928793488188,TORNILLO HEXA/G 5/16X1-1/4,,,category:materiales,Materiales,medida:2,PIEZAS,,,,,1,1,1,,,1,9999,uploads/productos/WhatsApp Image 2025-10-06 at 2.26.45 PM.jpeg,ID producto origen: 438 | Medida origen: Pieza(s) | Generado sistema origen: 1,true,false,1,1,true
439,MAT-00439,5496993969595,TORNILLO HEXA/G 5/16X1-1/2,,,category:materiales,Materiales,medida:2,PIEZAS,,,,,1,1,1,,,1,9999,uploads/productos/WhatsApp Image 2025-10-06 at 9.54.38 AM (2).jpeg,ID producto origen: 439 | Medida origen: Pieza(s) | Generado sistema origen: 1,true,false,1,1,true
440,MAT-00440,9662795773357,TORNILLO HEXA/G 5/16X2,,,category:materiales,Materiales,medida:2,PIEZAS,,,,,1.5,1.5,1.5,,,1,9999,uploads/productos/WhatsApp Image 2025-10-06 at 9.54.37 AM (3).jpeg,ID producto origen: 440 | Medida origen: Pieza(s) | Generado sistema origen: 1,true,false,1,1,true
441,MAT-00441,2044861923922,TORNILLO HEXA/ G 5/16X2-1/2,,,category:materiales,Materiales,medida:2,PIEZAS,,,,,2,2,2,,,1,9999,uploads/productos/WhatsApp Image 2025-10-06 at 9.54.37 AM (2).jpeg,ID producto origen: 441 | Medida origen: Pieza(s) | Generado sistema origen: 1,true,false,1,1,true
442,MAT-00442,2602731676097,TORNILLO HEXA/P 5/16X2-1/2,,,category:materiales,Materiales,medida:2,PIEZAS,,,,,2.5,2.5,2.5,,,1,9999,uploads/productos/WhatsApp Image 2025-10-06 at 9.54.37 AM (1).jpeg,ID producto origen: 442 | Medida origen: Pieza(s) | Generado sistema origen: 1,true,false,1,1,true
443,MAT-00443,2763567637000,TORNILLO HEXA/G 5/16X3,,,category:materiales,Materiales,medida:2,PIEZAS,,,,,2,2,2,,,1,9999,uploads/productos/WhatsApp Image 2025-10-06 at 9.54.36 AM (2).jpeg,ID producto origen: 443 | Medida origen: Pieza(s) | Generado sistema origen: 1,true,false,1,1,true
444,MAT-00444,4287001020756,TORNILLO 5/16X3(PAVONADO),,,category:materiales,Materiales,medida:2,PIEZAS,,,,,3,3,3,,,1,9999,uploads/productos/WhatsApp Image 2025-10-02 at 13.20.22 (1).jpeg,ID producto origen: 444 | Medida origen: Pieza(s) | Generado sistema origen: 1,true,false,1,1,true
445,MAT-00445,7780690951204,TORNILLO HEXAGONAL 3/8X1(GALVANIZADO),,,category:materiales,Materiales,medida:2,PIEZAS,,,,,1,1,1,,,1,9999,uploads/productos/WhatsApp Image 2025-10-03 at 08.11.20 (1).jpeg,ID producto origen: 445 | Medida origen: Pieza(s) | Generado sistema origen: 1,true,false,1,1,true
446,MAT-00446,5122308546259,TORNILLO 3/8X1/2(PAVONADO),,,category:materiales,Materiales,medida:2,PIEZAS,,,,,1,1,1,,,1,9999,uploads/productos/WhatsApp Image 2025-10-03 at 08.12.22 (1).jpeg,ID producto origen: 446 | Medida origen: Pieza(s) | Generado sistema origen: 1,true,false,1,1,true
447,MAT-00447,1529590701078,TORNILLO HEXAGONAL 3/8X1-1/4(GALVANIZADO),,,category:materiales,Materiales,medida:2,PIEZAS,,,,,1.5,1.5,1.5,,,1,9999,uploads/productos/WhatsApp Image 2025-10-03 at 08.11.34 (1).jpeg,ID producto origen: 447 | Medida origen: Pieza(s) | Generado sistema origen: 1,true,false,1,1,true
448,MAT-00448,6617887208357,TORNILLO 3/8X3/4(PAVONADO),,,category:materiales,Materiales,medida:2,PIEZAS,,,,,1,1,1,,,1,9999,uploads/productos/WhatsApp Image 2025-10-03 at 08.13.22.jpeg,ID producto origen: 448 | Medida origen: Pieza(s) | Generado sistema origen: 1,true,false,1,1,true
449,MAT-00449,1438168249389,TORNILLO HEXAGONAL 3/8X1-1/2(GALVANIZADO),,,category:materiales,Materiales,medida:2,PIEZAS,,,,,2,2,2,,,1,9999,uploads/productos/WhatsApp Image 2025-10-03 at 08.11.49 (2).jpeg,ID producto origen: 449 | Medida origen: Pieza(s) | Generado sistema origen: 1,true,false,1,1,true
450,MAT-00450,3594551365598,TORNILLO 3/8X1(PAVONADO),,,category:materiales,Materiales,medida:2,PIEZAS,,,,,1,1,1,,,1,9999,uploads/productos/WhatsApp Image 2025-10-03 at 08.29.07 (1).jpeg,ID producto origen: 450 | Medida origen: Pieza(s) | Generado sistema origen: 1,true,false,1,1,true
451,MAT-00451,0685974343782,TORNILLO HEXAGONAL 3/8X1-3/4(GALVANIZADO),,,category:materiales,Materiales,medida:2,PIEZAS,,,,,2,2,2,,,1,9999,uploads/productos/WhatsApp Image 2025-10-03 at 08.12.02 (1).jpeg,ID producto origen: 451 | Medida origen: Pieza(s) | Generado sistema origen: 1,true,false,1,1,true
452,MAT-00452,1074098300327,TORNILLO 3/8X1-1/4(PAVONADO),,,category:materiales,Materiales,medida:2,PIEZAS,,,,,2,2,2,,,1,9999,uploads/productos/WhatsApp Image 2025-10-03 at 08.29.17 (1).jpeg,ID producto origen: 452 | Medida origen: Pieza(s) | Generado sistema origen: 1,true,false,1,1,true
453,MAT-00453,5161326664446,TORNILLO HEXAGONAL 3/8X2(GALVANIZADO),,,category:materiales,Materiales,medida:2,PIEZAS,,,,,2,2,2,,,1,9999,uploads/productos/WhatsApp Image 2025-10-03 at 08.12.12 (1).jpeg,ID producto origen: 453 | Medida origen: Pieza(s) | Generado sistema origen: 1,true,false,1,1,true
454,MAT-00454,0336199957956,TORNILLO HEXAGONAL 3/8X2-1/2(GALVANIZADO),,,category:materiales,Materiales,medida:2,PIEZAS,,,,,2.5,2.5,2.5,,,1,9999,uploads/productos/WhatsApp Image 2025-10-03 at 08.30.08 (1).jpeg,ID producto origen: 454 | Medida origen: Pieza(s) | Generado sistema origen: 1,true,false,1,1,true
455,MAT-00455,5592570592313,TORNILLO 3/8X1-1/2(PAVONADO),,,category:materiales,Materiales,medida:2,PIEZAS,,,,,2,2,2,,,1,9999,uploads/productos/WhatsApp Image 2025-10-03 at 08.29.29 (1).jpeg,ID producto origen: 455 | Medida origen: Pieza(s) | Generado sistema origen: 1,true,false,1,1,true
456,MAT-00456,8031298481600,TORNILLO HEXAGONAL 3/8X3(GALVANIZADO),,,category:materiales,Materiales,medida:2,PIEZAS,,,,,3,3,3,,,1,9999,uploads/productos/WhatsApp Image 2025-10-03 at 08.30.16.jpeg,ID producto origen: 456 | Medida origen: Pieza(s) | Generado sistema origen: 1,true,false,1,1,true
457,MAT-00457,6402040358655,TUERCA HEXAGONAL LIVIANA 1/4,,,category:materiales,Materiales,medida:2,PIEZAS,,,,,0.5,0.5,0.5,,,1,9999,uploads/productos/WhatsApp Image 2025-09-29 at 4.21.41 PM (3).jpeg,ID producto origen: 457 | Medida origen: Pieza(s) | Generado sistema origen: 1,true,false,1,1,true
458,MAT-00458,1903041732628,TUERCA HEXAGONAL LIVIANA 5/16,,,category:materiales,Materiales,medida:2,PIEZAS,,,,,0.5,0.5,0.5,,,1,9999,uploads/productos/WhatsApp Image 2025-09-29 at 4.21.41 PM (4).jpeg,ID producto origen: 458 | Medida origen: Pieza(s) | Generado sistema origen: 1,true,false,1,1,true
459,MAT-00459,6670919040233,TORNILLO 3/8X1-3/4(PAVONADO),,,category:materiales,Materiales,medida:2,PIEZAS,,,,,3,3,3,,,1,9999,uploads/productos/WhatsApp Image 2025-10-03 at 08.29.37.jpeg,ID producto origen: 459 | Medida origen: Pieza(s) | Generado sistema origen: 1,true,false,1,1,true
460,MAT-00460,2183663886476,TUERCA HEXAGONAL LIVIANA 3/8,,,category:materiales,Materiales,medida:2,PIEZAS,,,,,0.5,0.5,0.5,,,1,9999,uploads/productos/WhatsApp Image 2025-09-29 at 4.21.42 PM.jpeg,ID producto origen: 460 | Medida origen: Pieza(s) | Generado sistema origen: 1,true,false,1,1,true
461,MAT-00461,3009203161294,TORNILLO 3/8X2(PAVONADO),,,category:materiales,Materiales,medida:2,PIEZAS,,,,,2,2,2,,,1,9999,uploads/productos/WhatsApp Image 2025-10-03 at 08.29.47 (1).jpeg,ID producto origen: 461 | Medida origen: Pieza(s) | Generado sistema origen: 1,true,false,1,1,true
462,MAT-00462,,VARILLA ROSCADA NATURAL 6,,,category:materiales,Materiales,medida:2,PIEZAS,,,,,14,13,13,,,1,9999,,ID producto origen: 462 | Medida origen: Pieza(s),true,false,1,1,false
463,MAT-00463,0434445581747,TORNILLO 3/8X2-1/2(PAVONADO),,,category:materiales,Materiales,medida:2,PIEZAS,,,,,3,3,3,,,1,9999,uploads/productos/WhatsApp Image 2025-10-03 at 08.29.55.jpeg,ID producto origen: 463 | Medida origen: Pieza(s) | Generado sistema origen: 1,true,false,1,1,true
464,MAT-00464,,VARILLA ROSCADA NATURAL 8,,,category:materiales,Materiales,medida:2,PIEZAS,,,,,24,23,23,,,1,9999,,ID producto origen: 464 | Medida origen: Pieza(s),true,false,1,1,false
465,MAT-00465,0525276646160,TORNILLO 3/8X3(PAVONADO),,,category:materiales,Materiales,medida:2,PIEZAS,,,,,4.5,4.5,4.5,,,1,9999,uploads/productos/WhatsApp Image 2025-10-02 at 09.24.25 (1).jpeg,ID producto origen: 465 | Medida origen: Pieza(s) | Generado sistema origen: 1,true,false,1,1,true
466,MAT-00466,6186521382161,TORNILLO COCHE/G 1/4X1,,,category:materiales,Materiales,medida:2,PIEZAS,,,,,1,1,1,,,1,9999,uploads/productos/WhatsApp Image 2025-10-02 at 12.15.25 PM (3).jpeg,ID producto origen: 466 | Medida origen: Pieza(s) | Generado sistema origen: 1,true,false,1,1,true
467,MAT-00467,5223947909464,TORNILLO COCHE/G 1/4X1-1/4,,,category:materiales,Materiales,medida:2,PIEZAS,,,,,1,1,1,,,1,9999,uploads/productos/WhatsApp Image 2025-10-02 at 12.15.25 PM (2).jpeg,ID producto origen: 467 | Medida origen: Pieza(s) | Generado sistema origen: 1,true,false,1,1,true
468,MAT-00468,7072187687292,TORNILLO COCHE 1/4X1-1/2,,,category:materiales,Materiales,medida:2,PIEZAS,,,,,1,1,1,,,1,9999,uploads/productos/WhatsApp Image 2025-10-02 at 12.15.24 PM (1).jpeg,ID producto origen: 468 | Medida origen: Pieza(s) | Generado sistema origen: 1,true,false,1,1,true
469,MAT-00469,9572251963485,TORNILLO COCHE 1/4X1-3/4,,,category:materiales,Materiales,medida:2,PIEZAS,,,,,1,1,1,,,1,9999,uploads/productos/WhatsApp Image 2025-10-02 at 12.15.23 PM.jpeg,ID producto origen: 469 | Medida origen: Pieza(s) | Generado sistema origen: 1,true,false,1,1,true
470,MAT-00470,8251159412486,TORNILLO 7/16X1(PAVONADO),,,category:materiales,Materiales,medida:2,PIEZAS,,,,,2,2,2,,,1,9999,uploads/productos/WhatsApp Image 2025-10-02 at 15.06.42.jpeg,ID producto origen: 470 | Medida origen: Pieza(s) | Generado sistema origen: 1,true,false,1,1,true
471,MAT-00471,0322660040906,TORNILLO COCHE/G 1/4X2,,,category:materiales,Materiales,medida:2,PIEZAS,,,,,1,1,1,,,1,9999,uploads/productos/WhatsApp Image 2025-10-03 at 9.15.48 AM.jpeg,ID producto origen: 471 | Medida origen: Pieza(s) | Generado sistema origen: 1,true,false,1,1,true
472,MAT-00472,4467821844422,TORNILLO COCHE/G 1/4X2-1/2,,,category:materiales,Materiales,medida:2,PIEZAS,,,,,1.5,1.5,1.5,,,1,9999,uploads/productos/WhatsApp Image 2025-10-02 at 3.13.03 PM (1).jpeg,ID producto origen: 472 | Medida origen: Pieza(s) | Generado sistema origen: 1,true,false,1,1,true
473,MAT-00473,6931676627670,TORNILLO COCHE 1/4X3,,,category:materiales,Materiales,medida:2,PIEZAS,,,,,2,2,2,,,1,9999,uploads/productos/WhatsApp Image 2025-10-02 at 3.13.02 PM (3).jpeg,ID producto origen: 473 | Medida origen: Pieza(s) | Generado sistema origen: 1,true,false,1,1,true
474,MAT-00474,0178342617641,TORNILLO 7/16X1-1/4(PAVONADO),,,category:materiales,Materiales,medida:2,PIEZAS,,,,,3,3,3,,,1,9999,uploads/productos/WhatsApp Image 2025-10-02 at 15.06.58.jpeg,ID producto origen: 474 | Medida origen: Pieza(s) | Generado sistema origen: 1,true,false,1,1,true
475,MAT-00475,6212596340550,TORNILLO COCHE 1/4X3-1/2,,,category:materiales,Materiales,medida:2,PIEZAS,,,,,2,2,2,,,1,9999,uploads/productos/WhatsApp Image 2025-10-02 at 3.13.02 PM (2).jpeg,ID producto origen: 475 | Medida origen: Pieza(s) | Generado sistema origen: 1,true,false,1,1,true
476,MAT-00476,6419569776693,TORNILLO COCHE 1/4X4,,,category:materiales,Materiales,medida:2,PIEZAS,,,,,2,2,2,,,1,9999,uploads/productos/WhatsApp Image 2025-10-02 at 3.13.02 PM (1).jpeg,ID producto origen: 476 | Medida origen: Pieza(s) | Generado sistema origen: 1,true,false,1,1,true
477,MAT-00477,3221263693946,TORNILLO COCHE 1/4X4-1/2,,,category:materiales,Materiales,medida:2,PIEZAS,,,,,2,2,2,,,1,9999,uploads/productos/WhatsApp Image 2025-10-02 at 3.13.02 PM.jpeg,ID producto origen: 477 | Medida origen: Pieza(s) | Generado sistema origen: 1,true,false,1,1,true
478,MAT-00478,2937091641844,TORNILLO COCHE 1/4X5,,,category:materiales,Materiales,medida:2,PIEZAS,,,,,3.5,3.5,3.5,,,1,9999,uploads/productos/WhatsApp Image 2025-10-02 at 3.13.01 PM (1).jpeg,ID producto origen: 478 | Medida origen: Pieza(s) | Generado sistema origen: 1,true,false,1,1,true
479,MAT-00479,6429268367573,TORNILLO 7/16X1-1/2(PAVONADO),,,category:materiales,Materiales,medida:2,PIEZAS,,,,,3,3,3,,,1,9999,uploads/productos/WhatsApp Image 2025-10-02 at 15.07.09 (1).jpeg,ID producto origen: 479 | Medida origen: Pieza(s) | Generado sistema origen: 1,true,false,1,1,true
480,MAT-00480,3376199224662,TORNILLO COCHE/G 5/16X1,,,category:materiales,Materiales,medida:2,PIEZAS,,,,,1,1,1,,,1,9999,uploads/productos/WhatsApp Image 2025-10-03 at 9.24.19 AM.jpeg,ID producto origen: 480 | Medida origen: Pieza(s) | Generado sistema origen: 1,true,false,1,1,true
481,MAT-00481,8179783839304,TORNILLO COCHE/G 5/16X1-1/4,,,category:materiales,Materiales,medida:2,PIEZAS,,,,,1,1,1,,,1,9999,uploads/productos/WhatsApp Image 2025-10-06 at 9.54.38 AM (3).jpeg,ID producto origen: 481 | Medida origen: Pieza(s) | Generado sistema origen: 1,true,false,1,1,true
482,MAT-00482,7898442340913,TORNILLO COCHE/G 5/16X1-1/2,,,category:materiales,Materiales,medida:2,PIEZAS,,,,,1,1,1,,,1,9999,uploads/productos/WhatsApp Image 2025-10-03 at 9.24.01 AM.jpeg,ID producto origen: 482 | Medida origen: Pieza(s) | Generado sistema origen: 1,true,false,1,1,true
483,MAT-00483,6896197168920,TORNILLO 7/16X1-3/4(PAVONADO),,,category:materiales,Materiales,medida:2,PIEZAS,,,,,3,3,3,,,1,9999,uploads/productos/WhatsApp Image 2025-10-02 at 15.07.23.jpeg,ID producto origen: 483 | Medida origen: Pieza(s) | Generado sistema origen: 1,true,false,1,1,true
484,MAT-00484,5397733184332,TORNILLO COCHE/G 5/16X1-3/4,,,category:materiales,Materiales,medida:2,PIEZAS,,,,,6,6,6,,,1,9999,uploads/productos/WhatsApp Image 2025-10-06 at 9.54.38 AM (1).jpeg,ID producto origen: 484 | Medida origen: Pieza(s) | Generado sistema origen: 1,true,false,1,1,true
485,MAT-00485,7184457383411,TORNILLO 7/16X2(PAVONADO),,,category:materiales,Materiales,medida:2,PIEZAS,,,,,4,4,4,,,1,9999,uploads/productos/WhatsApp Image 2025-10-02 at 15.07.33.jpeg,ID producto origen: 485 | Medida origen: Pieza(s) | Generado sistema origen: 1,true,false,1,1,true
486,MAT-00486,4663302925493,TORNILLO COCHE/G 5/16X2,,,category:materiales,Materiales,medida:2,PIEZAS,,,,,1.5,1.5,1.5,,,1,9999,uploads/productos/WhatsApp Image 2025-10-06 at 9.54.37 AM (4).jpeg,ID producto origen: 486 | Medida origen: Pieza(s) | Generado sistema origen: 1,true,false,1,1,true
487,MAT-00487,5611847853909,TORNILLO 7/16X2-1/2(PAVONADO),,,category:materiales,Materiales,medida:2,PIEZAS,,,,,5,5,5,,,1,9999,uploads/productos/WhatsApp Image 2025-10-02 at 15.07.45.jpeg,ID producto origen: 487 | Medida origen: Pieza(s) | Generado sistema origen: 1,true,false,1,1,true
488,MAT-00488,0049601308238,TORNILLO COCHE/G 5/16X2-1/2,,,category:materiales,Materiales,medida:2,PIEZAS,,,,,3,3,3,,,1,9999,uploads/productos/WhatsApp Image 2025-10-06 at 9.54.37 AM.jpeg,ID producto origen: 488 | Medida origen: Pieza(s) | Generado sistema origen: 1,true,false,1,1,true
489,MAT-00489,0707135595943,TORNILLO 7/16X3(PAVONADO),,,category:materiales,Materiales,medida:2,PIEZAS,,,,,6,6,6,,,1,9999,uploads/productos/WhatsApp Image 2025-10-02 at 13.20.54 (1).jpeg,ID producto origen: 489 | Medida origen: Pieza(s) | Generado sistema origen: 1,true,false,1,1,true
490,MAT-00490,2900995540681,TORNILLO COCHE/G 5/16X3,,,category:materiales,Materiales,medida:2,PIEZAS,,,,,2,2,2,,,1,9999,uploads/productos/WhatsApp Image 2025-10-06 at 9.54.36 AM (1).jpeg,ID producto origen: 490 | Medida origen: Pieza(s) | Generado sistema origen: 1,true,false,1,1,true
491,MAT-00491,8590861885738,TORNILLO COCHE/G 5/16X3-1/2,,,category:materiales,Materiales,medida:2,PIEZAS,,,,,2,2,2,,,1,9999,uploads/productos/WhatsApp Image 2025-10-06 at 9.54.36 AM (3).jpeg,ID producto origen: 491 | Medida origen: Pieza(s) | Generado sistema origen: 1,true,false,1,1,true
492,MAT-00492,9074265116319,TORNILLO 7/16X3-1/2(PAVONADO),,,category:materiales,Materiales,medida:2,PIEZAS,,,,,7,7,7,,,1,9999,uploads/productos/WhatsApp Image 2025-10-02 at 13.21.04 (1).jpeg,ID producto origen: 492 | Medida origen: Pieza(s) | Generado sistema origen: 1,true,false,1,1,true
493,MAT-00493,8007613133783,TORNILLO COCHE/G 5/16X4,,,category:materiales,Materiales,medida:2,PIEZAS,,,,,4,4,4,,,1,9999,uploads/productos/WhatsApp Image 2025-10-06 at 9.54.36 AM.jpeg,ID producto origen: 493 | Medida origen: Pieza(s) | Generado sistema origen: 1,true,false,1,1,true
494,MAT-00494,7751511794973,TORNILLO 7/16X4(PAVONADO),,,category:materiales,Materiales,medida:2,PIEZAS,,,,,7,7,7,,,1,9999,uploads/productos/WhatsApp Image 2025-10-02 at 13.21.18.jpeg,ID producto origen: 494 | Medida origen: Pieza(s) | Generado sistema origen: 1,true,false,1,1,true
495,MAT-00495,0202235290786,TORNILLO COCHE 3/8X1(GALVANIZADO),,,category:materiales,Materiales,medida:2,PIEZAS,,,,,1,1,1,,,1,9999,uploads/productos/WhatsApp Image 2025-10-03 at 12.30.13 (1).jpeg,ID producto origen: 495 | Medida origen: Pieza(s) | Generado sistema origen: 1,true,false,1,1,true
496,MAT-00496,3018406819154,TORNILLO 1/2X1(PAVONADO),,,category:materiales,Materiales,medida:2,PIEZAS,,,,,3,3,3,,,1,9999,uploads/productos/WhatsApp Image 2025-10-02 at 15.06.28.jpeg,ID producto origen: 496 | Medida origen: Pieza(s) | Generado sistema origen: 1,true,false,1,1,true
497,MAT-00497,4362888277032,TORNILLO COCHE 3/8X1-1/4(GALVANIZADO),,,category:materiales,Materiales,medida:2,PIEZAS,,,,,2,2,2,,,1,9999,uploads/productos/WhatsApp Image 2025-10-03 at 12.30.29 (1).jpeg,ID producto origen: 497 | Medida origen: Pieza(s) | Generado sistema origen: 1,true,false,1,1,true
498,MAT-00498,4695551417702,TORNILLO 1/2X1-1/4(PAVONADO),,,category:materiales,Materiales,medida:2,PIEZAS,,,,,4,4,4,,,1,9999,uploads/productos/WhatsApp Image 2025-10-02 at 15.07.55 (2).jpeg,ID producto origen: 498 | Medida origen: Pieza(s) | Generado sistema origen: 1,true,false,1,1,true
499,MAT-00499,6402431578907,TORNILLO COCHE 3/8X1-1/2(GALVANIZADO),,,category:materiales,Materiales,medida:2,PIEZAS,,,,,2,2,2,,,1,9999,uploads/productos/WhatsApp Image 2025-10-03 at 12.30.40 (1).jpeg,ID producto origen: 499 | Medida origen: Pieza(s) | Generado sistema origen: 1,true,false,1,1,true
500,MAT-00500,1438892435676,TORNILLO COCHE 3/8X1-3/4(GALVANIZADO),,,category:materiales,Materiales,medida:2,PIEZAS,,,,,3,3,3,,,1,9999,uploads/productos/WhatsApp Image 2025-10-03 at 12.36.28 (1).jpeg,ID producto origen: 500 | Medida origen: Pieza(s) | Generado sistema origen: 1,true,false,1,1,true
501,MAT-00501,7904935877160,TORNILLO 1/2X1-1/2(PAVONADO),,,category:materiales,Materiales,medida:2,PIEZAS,,,,,5,5,5,,,1,9999,uploads/productos/WhatsApp Image 2025-10-02 at 15.08.09 (1).jpeg,ID producto origen: 501 | Medida origen: Pieza(s) | Generado sistema origen: 1,true,false,1,1,true
502,MAT-00502,3033135227773,TORNILLO COCHE 3/8X2(GALVANIZADO),,,category:materiales,Materiales,medida:2,PIEZAS,,,,,3.5,3.5,3.5,,,1,9999,uploads/productos/WhatsApp Image 2025-10-03 at 12.37.50 (1).jpeg,ID producto origen: 502 | Medida origen: Pieza(s) | Generado sistema origen: 1,true,false,1,1,true
503,MAT-00503,4121151384408,TORNILLO COCHE 3/8X2-1/2(GALVANIZADO),,,category:materiales,Materiales,medida:2,PIEZAS,,,,,2,2,2,,,1,9999,uploads/productos/WhatsApp Image 2025-10-03 at 12.37.58 (1).jpeg,ID producto origen: 503 | Medida origen: Pieza(s) | Generado sistema origen: 1,true,false,1,1,true
504,MAT-00504,3855209563811,TORNILLO 1/2X2(PAVONADO),,,category:materiales,Materiales,medida:2,PIEZAS,,,,,6,6,6,,,1,9999,uploads/productos/WhatsApp Image 2025-10-02 at 15.08.42 (1).jpeg,ID producto origen: 504 | Medida origen: Pieza(s) | Generado sistema origen: 1,true,false,1,1,true
505,MAT-00505,1453787698660,TORNILLO COCHE 3/8X3(GALVANIZADO),,,category:materiales,Materiales,medida:2,PIEZAS,,,,,3,3,3,,,1,9999,uploads/productos/WhatsApp Image 2025-10-03 at 12.38.06.jpeg,ID producto origen: 505 | Medida origen: Pieza(s) | Generado sistema origen: 1,true,false,1,1,true
506,MAT-00506,1842313548966,TORNILLO 1/2X2-1/4(PAVONADA),,,category:materiales,Materiales,medida:2,PIEZAS,,,,,8,8,8,,,1,9999,uploads/productos/WhatsApp Image 2025-10-02 at 15.08.59 (1).jpeg,ID producto origen: 506 | Medida origen: Pieza(s) | Generado sistema origen: 1,true,false,1,1,true
507,MAT-00507,1700482288895,TORNILLO COCHE 3/8X3-1/2(GALVANIZADO),,,category:materiales,Materiales,medida:2,PIEZAS,,,,,3,3,3,,,1,9999,uploads/productos/WhatsApp Image 2025-10-03 at 12.38.16 (1).jpeg,ID producto origen: 507 | Medida origen: Pieza(s) | Generado sistema origen: 1,true,false,1,1,true
508,MAT-00508,3279066908460,TORNILLO 1/2X2-1/2(PAVONADO),,,category:materiales,Materiales,medida:2,PIEZAS,,,,,7,7,7,,,1,9999,uploads/productos/WhatsApp Image 2025-10-02 at 15.09.49 (1).jpeg,ID producto origen: 508 | Medida origen: Pieza(s) | Generado sistema origen: 1,true,false,1,1,true
509,MAT-00509,7020042040645,TORNILLO COCHE 3/8X4(GALVANIZADO),,,category:materiales,Materiales,medida:2,PIEZAS,,,,,5,5,5,,,1,9999,uploads/productos/WhatsApp Image 2025-10-03 at 12.38.27.jpeg,ID producto origen: 509 | Medida origen: Pieza(s) | Generado sistema origen: 1,true,false,1,1,true
510,MAT-00510,3335879004840,TORNILLO 1/2X3(PAVONADO),,,category:materiales,Materiales,medida:2,PIEZAS,,,,,9,9,9,7.41,7.41,1,9999,uploads/productos/WhatsApp Image 2025-10-02 at 12.33.47.jpeg,ID producto origen: 510 | Medida origen: Pieza(s) | Generado sistema origen: 1,true,false,1,1,true
511,MAT-00511,1800010027122,TUERCA HEXAGONAL FLANGE 1/4,,,category:materiales,Materiales,medida:2,PIEZAS,,,,,0.5,0.5,0.5,,,1,9999,uploads/productos/WhatsApp Image 2025-09-29 at 4.21.42 PM (1).jpeg,ID producto origen: 511 | Medida origen: Pieza(s) | Generado sistema origen: 1,true,false,1,1,true
512,MAT-00512,6069684680995,TORNILLO 1/2X3-1/2(PAVONADO),,,category:materiales,Materiales,medida:2,PIEZAS,,,,,10,10,10,8.78,8.78,1,9999,uploads/productos/WhatsApp Image 2025-10-02 at 12.33.58.jpeg,ID producto origen: 512 | Medida origen: Pieza(s) | Generado sistema origen: 1,true,false,1,1,true
513,MAT-00513,5564494459881,TORNILLO 1/2X4(PAVONADO),,,category:materiales,Materiales,medida:2,PIEZAS,,,,,11,11,11,,,1,9999,uploads/productos/WhatsApp Image 2025-10-02 at 12.34.08 (1).jpeg,ID producto origen: 513 | Medida origen: Pieza(s) | Generado sistema origen: 1,true,false,1,1,true
514,MAT-00514,8515085204431,TORNILLO 1/4X4-1/2(PAVONADO),,,category:materiales,Materiales,medida:2,PIEZAS,,,,,2,2,2,14.1,14.1,1,9999,uploads/productos/WhatsApp Image 2025-10-02 at 13.20.14.jpeg,ID producto origen: 514 | Medida origen: Pieza(s) | Generado sistema origen: 1,true,false,1,1,true
515,MAT-00515,7856950827364,TORNILLO HEXA/VAS 1/4X5,,,category:materiales,Materiales,medida:2,PIEZAS,,,,,3,3,3,5.79,5.79,1,9999,uploads/productos/WhatsApp Image 2025-10-02 at 3.13.01 PM.jpeg,ID producto origen: 515 | Medida origen: Pieza(s) | Generado sistema origen: 1,true,false,1,1,true
516,MAT-00516,7251668532836,TORNILLO 9/16X1-1/2(PAVONADO),,,category:materiales,Materiales,medida:2,PIEZAS,,,,,5,5,5,3.3,3.3,1,9999,uploads/productos/WhatsApp Image 2025-10-02 at 15.10.02 (1).jpeg,ID producto origen: 516 | Medida origen: Pieza(s) | Generado sistema origen: 1,true,false,1,1,true
517,MAT-00517,5293276531421,TUERCA HEXAGONAL FLANGE 5/16,,,category:materiales,Materiales,medida:2,PIEZAS,,,,,0.5,0.5,0.5,,,1,9999,uploads/productos/WhatsApp Image 2025-09-29 at 4.21.42 PM (2).jpeg,ID producto origen: 517 | Medida origen: Pieza(s) | Generado sistema origen: 1,true,false,1,1,true
518,MAT-00518,0600300417043,TORNILLO 9/16X1-3/4(PAVONADO),,,category:materiales,Materiales,medida:2,PIEZAS,,,,,11,11,11,,,1,9999,uploads/productos/WhatsApp Image 2025-10-02 at 15.10.48 (1).jpeg,ID producto origen: 518 | Medida origen: Pieza(s) | Generado sistema origen: 1,true,false,1,1,true
519,MAT-00519,,TORNILLO HEXAGONAL CUERDA CORRIDA 12H PAVONADO 9/16X1-3/4,,,category:materiales,Materiales,medida:2,PIEZAS,,,,,0,0,0,,,1,9999,,ID producto origen: 519 | Medida origen: Pieza(s),false,false,6,12,false
520,MAT-00520,3181601401766,TORNILLO 9/16X2(PAVONADO),,,category:materiales,Materiales,medida:2,PIEZAS,,,,,7,7,7,,,1,9999,uploads/productos/WhatsApp Image 2025-10-02 at 15.10.58.jpeg,ID producto origen: 520 | Medida origen: Pieza(s) | Generado sistema origen: 1,true,false,1,1,true
521,MAT-00521,4875565858153,TUERCA HEXAGONAL FLANGE 5/16,,,category:materiales,Materiales,medida:2,PIEZAS,,,,,1,1,1,,,1,9999,uploads/productos/WhatsApp Image 2025-09-29 at 4.21.42 PM (3).jpeg,ID producto origen: 521 | Medida origen: Pieza(s) | Generado sistema origen: 1,true,false,1,1,true
522,MAT-00522,2966670929899,TORNILLO 9/16X2-1/2(PAVONADO),,,category:materiales,Materiales,medida:2,PIEZAS,,,,,7,7,7,,,1,9999,uploads/productos/WhatsApp Image 2025-10-02 at 12.34.18.jpeg,ID producto origen: 522 | Medida origen: Pieza(s) | Generado sistema origen: 1,true,false,1,1,true
523,MAT-00523,9638911433757,TUERCA HEXAGONAL FLANGE 7/16,,,category:materiales,Materiales,medida:2,PIEZAS,,,,,1,1,1,,,1,9999,uploads/productos/WhatsApp Image 2025-09-29 at 4.21.42 PM (4).jpeg,ID producto origen: 523 | Medida origen: Pieza(s) | Generado sistema origen: 1,true,false,1,1,true
524,MAT-00524,8883943252413,TUERCA HEXAGONAL FLANGE 1/2,,,category:materiales,Materiales,medida:2,PIEZAS,,,,,2,2,2,,,1,9999,uploads/productos/WhatsApp Image 2025-09-29 at 4.21.42 PM (5).jpeg,ID producto origen: 524 | Medida origen: Pieza(s) | Generado sistema origen: 1,true,false,1,1,true
525,MAT-00525,3080182022523,TORNILLO PHILLIPS 6X12,,,category:materiales,Materiales,medida:2,PIEZAS,,,,,1,1,1,0.69,0.69,1,9999,uploads/productos/WhatsApp Image 2025-10-01 at 11.36.42 AM (3).jpeg,ID producto origen: 525 | Medida origen: Pieza(s) | Generado sistema origen: 1,true,false,1,1,true
526,MAT-00526,8400282640925,TORNILLO PHILLIPS 6X16,,,category:materiales,Materiales,medida:2,PIEZAS,,,,,1,1,1,,,1,9999,uploads/productos/WhatsApp Image 2025-10-01 at 11.36.42 AM (2).jpeg,ID producto origen: 526 | Medida origen: Pieza(s) | Generado sistema origen: 1,true,false,1,1,true
527,MAT-00527,1063287159198,TORNILLO PHILLIPS 6X20,,,category:materiales,Materiales,medida:2,PIEZAS,,,,,1,1,1,4.72,4.72,1,9999,uploads/productos/WhatsApp Image 2025-10-01 at 11.36.42 AM (1).jpeg,ID producto origen: 527 | Medida origen: Pieza(s) | Generado sistema origen: 1,true,false,1,1,true
528,MAT-00528,6790313646456,TORNILLO PHILLIPS 6X25,,,category:materiales,Materiales,medida:2,PIEZAS,,,,,2,2,2,,,1,9999,uploads/productos/WhatsApp Image 2025-10-01 at 11.36.42 AM.jpeg,ID producto origen: 528 | Medida origen: Pieza(s) | Generado sistema origen: 1,true,false,1,1,true
529,MAT-00529,3082194291799,TORNILLO PHILLIPS 6X30,,,category:materiales,Materiales,medida:2,PIEZAS,,,,,1,1,1,,,1,9999,uploads/productos/WhatsApp Image 2025-09-30 at 4.32.30 PM (3).jpeg,ID producto origen: 529 | Medida origen: Pieza(s) | Generado sistema origen: 1,true,false,1,1,true
530,MAT-00530,5761690388773,TORNILLO PHILLIPS8X16,,,category:materiales,Materiales,medida:2,PIEZAS,,,,,1.5,1.5,1.5,,,1,9999,uploads/productos/WhatsApp Image 2025-09-30 at 4.32.30 PM (2).jpeg,ID producto origen: 530 | Medida origen: Pieza(s) | Generado sistema origen: 1,true,false,1,1,true
531,MAT-00531,6955785877764,TORNILLO PHILLIPS 8X20,,,category:materiales,Materiales,medida:2,PIEZAS,,,,,2,2,2,,,1,9999,uploads/productos/WhatsApp Image 2025-09-30 at 4.32.30 PM (1).jpeg,ID producto origen: 531 | Medida origen: Pieza(s) | Generado sistema origen: 1,true,false,1,1,true
532,MAT-00532,3962419808844,TORNILLO PHILLIPS 8X25,,,category:materiales,Materiales,medida:2,PIEZAS,,,,,2,2,2,,,1,9999,uploads/productos/WhatsApp Image 2025-09-30 at 4.32.30 PM.jpeg,ID producto origen: 532 | Medida origen: Pieza(s) | Generado sistema origen: 1,true,false,1,1,true
533,MAT-00533,5140358738097,TORNILLO PHILLIPS 8X30,,,category:materiales,Materiales,medida:2,PIEZAS,,,,,2,2,2,,,1,9999,uploads/productos/WhatsApp Image 2025-09-30 at 4.32.29 PM.jpeg,ID producto origen: 533 | Medida origen: Pieza(s) | Generado sistema origen: 1,true,false,1,1,true
534,MAT-00534,8844734409836,PIJA PUNTA D/BROCA 8X1/2,,,category:materiales,Materiales,medida:2,PIEZAS,,,,,0.5,0.5,0.5,,,1,9999,uploads/productos/WhatsApp Image 2025-10-01 at 4.27.22 PM.jpeg,ID producto origen: 534 | Medida origen: Pieza(s) | Generado sistema origen: 1,true,false,1,1,true
535,MAT-00535,6467933158408,PIJA PUNTA D/BROCA 8X3/4,,,category:materiales,Materiales,medida:2,PIEZAS,,,,,0.5,0.5,0.5,,,1,9999,uploads/productos/WhatsApp Image 2025-10-01 at 4.27.21 PM (3).jpeg,ID producto origen: 535 | Medida origen: Pieza(s) | Generado sistema origen: 1,true,false,1,1,true
536,MAT-00536,5842324246154,PIJA PUNTA D/BROCA 8X1,,,category:materiales,Materiales,medida:2,PIEZAS,,,,,0.5,0.5,0.5,,,1,9999,uploads/productos/WhatsApp Image 2025-10-01 at 4.27.21 PM (2).jpeg,ID producto origen: 536 | Medida origen: Pieza(s) | Generado sistema origen: 1,true,false,1,1,true
537,MAT-00537,4299680267469,PIJA HEXAGONAL 1/4X3/4,,,category:materiales,Materiales,medida:2,PIEZAS,,,,,0.5,0.5,0.5,,,1,9999,uploads/productos/WhatsApp Image 2025-10-01 at 4.27.21 PM (1).jpeg,ID producto origen: 537 | Medida origen: Pieza(s) | Generado sistema origen: 1,true,false,1,1,true
538,MAT-00538,2462914262062,PIJA HEXAGONAL 1/4X1,,,category:materiales,Materiales,medida:2,PIEZAS,,,,,0.5,0.5,0.5,,,1,9999,uploads/productos/WhatsApp Image 2025-10-01 at 4.27.21 PM_2063.jpeg,ID producto origen: 538 | Medida origen: Pieza(s) | Generado sistema origen: 1,true,false,1,1,true
539,MAT-00539,5281407618745,PIJA HEXAGONAL 1/4X1-1/2,,,category:materiales,Materiales,medida:2,PIEZAS,,,,,1,1,1,,,1,9999,uploads/productos/WhatsApp Image 2025-10-01 at 4.27.21 PM.jpeg,ID producto origen: 539 | Medida origen: Pieza(s) | Generado sistema origen: 1,true,false,1,1,true
540,MAT-00540,7503000542141,SELLADOR PGALO 18K,,,category:materiales,Materiales,medida:2,PIEZAS,,,,,865,865,865,721.14,721.14,1,9999,,ID producto origen: 540 | Medida origen: Pieza(s),true,false,1,1,true
541,MAT-00541,7503000542158,SELLADOR PGALO 4 LITS,,,category:materiales,Materiales,medida:2,PIEZAS,,,,,225,225,225,189.09,189.09,1,9999,,ID producto origen: 541 | Medida origen: Pieza(s),true,false,1,1,true
542,MAT-00542,,SONOTUBO 15 (CARTON),,,category:materiales,Materiales,medida:2,PIEZAS,,,,,175,175,175,148,148,1,9999,,ID producto origen: 542 | Medida origen: Pieza(s),true,false,1,1,true
543,MAT-00543,,SONOTUBO 20 (CARTON),,,category:materiales,Materiales,medida:2,PIEZAS,,,,,219,219,219,183.36,183.36,1,9999,,ID producto origen: 543 | Medida origen: Pieza(s),true,false,1,1,true
544,MAT-00544,,SONOTUBO 25 (CARTON),,,category:materiales,Materiales,medida:2,PIEZAS,,,,,323,323,323,269.6,269.6,1,9999,,ID producto origen: 544 | Medida origen: Pieza(s),true,false,1,1,true
545,MAT-00545,,SONOTUBO 30 (CARTON),,,category:materiales,Materiales,medida:2,PIEZAS,,,,,366,366,366,308.77,308.77,1,9999,,ID producto origen: 545 | Medida origen: Pieza(s),true,false,1,1,true
546,MAT-00546,4618618717324,EMPAQUE AZUL P/MANGUERA,,,category:materiales,Materiales,medida:2,PIEZAS,,,,,1,1,1,0.42,0.42,1,9999,uploads/productos/WhatsApp Image 2025-09-27 at 09.30.13.jpeg,ID producto origen: 546 | Medida origen: Pieza(s) | Generado sistema origen: 1,true,false,1,1,true
547,MAT-00547,6016897908019,ACIDO MURIATICO,,,category:materiales,Materiales,medida:2,PIEZAS,,,,,30,30,30,25.12,25.12,1,9999,uploads/productos/WhatsApp Image 2025-09-25 at 11.41.50.jpeg,ID producto origen: 547 | Medida origen: Pieza(s) | Generado sistema origen: 1,true,false,1,1,true
548,MAT-00548,,BARRA 1X1 ACERO,,,category:materiales,Materiales,medida:2,PIEZAS,,,,,280,280,280,234,234,1,9999,,ID producto origen: 548 | Medida origen: Pieza(s),true,false,1,1,true
549,MAT-00549,8539189962820,CAZANGA CHICA,,,category:materiales,Materiales,medida:2,PIEZAS,,,,,115,115,115,96,96,1,9999,uploads/productos/WhatsApp Image 2025-09-25 at 12.00.28.jpeg,ID producto origen: 549 | Medida origen: Pieza(s) | Generado sistema origen: 1,true,false,1,1,true
550,MAT-00550,0553404496806,CAZANGA GRANDE,,,category:materiales,Materiales,medida:2,PIEZAS,,,,,130,130,130,108,108,1,9999,uploads/productos/WhatsApp Image 2025-09-25 at 12.00.23.jpeg,ID producto origen: 550 | Medida origen: Pieza(s) | Generado sistema origen: 1,true,false,1,1,true
551,MAT-00551,2250560125929,CINCEL PUNTA ANCHA,,,category:materiales,Materiales,medida:2,PIEZAS,,,,,72,72,72,59.34,59.34,1,9999,uploads/productos/WhatsApp Image 2025-09-25 at 12.08.07.jpeg,ID producto origen: 551 | Medida origen: Pieza(s) | Generado sistema origen: 1,true,false,1,1,true
552,MAT-00552,1052412032291,PIJA HEXAGONAL 1/4X2,,,category:materiales,Materiales,medida:2,PIEZAS,,,,,1,1,1,,,1,9999,uploads/productos/WhatsApp Image 2025-10-01 at 4.27.20 PM (1).jpeg,ID producto origen: 552 | Medida origen: Pieza(s) | Generado sistema origen: 1,true,false,1,1,true
553,MAT-00553,4158985011729,CINCEL PUNTA PICUDA,,,category:materiales,Materiales,medida:2,PIEZAS,,,,,55,55,55,45.54,45.54,1,9999,uploads/productos/WhatsApp Image 2025-09-25 at 11.48.41.jpeg,ID producto origen: 553 | Medida origen: Pieza(s) | Generado sistema origen: 1,true,false,1,1,true
554,MAT-00554,,COA CHICA,,,category:materiales,Materiales,medida:2,PIEZAS,,,,,82,82,82,69,69,1,9999,,ID producto origen: 554 | Medida origen: Pieza(s),true,false,1,1,true
555,MAT-00555,,COA GRANDE,,,category:materiales,Materiales,medida:2,PIEZAS,,,,,91,91,91,75.9,75.9,1,9999,,ID producto origen: 555 | Medida origen: Pieza(s),true,false,1,1,true
556,MAT-00556,7502222827869,ESTOPA 1 KG,,,category:materiales,Materiales,medida:1,KILOS,,,,,70,70,70,59.44,59.44,1,9999,,ID producto origen: 556 | Medida origen: Kilo(s),true,true,1,1,true
557,MAT-00557,7502222827852,ESTOPA 1/2KG,,,category:materiales,Materiales,medida:2,PIEZAS,,,,,37,37,37,31.25,31.25,1,9999,,ID producto origen: 557 | Medida origen: Pieza(s),true,false,1,1,true
558,MAT-00558,3318453947283,PIJA PUNTA BROCA 1/4X1,,,category:materiales,Materiales,medida:2,PIEZAS,,,,,1,1,1,0.8,0.8,1,9999,uploads/productos/WhatsApp Image 2025-10-01 at 14.45.15.jpeg,ID producto origen: 558 | Medida origen: Pieza(s) | Generado sistema origen: 1,true,false,1,1,true
559,MAT-00559,,TORNILLO HEXAGONAL CUERDA CORRIDA 12H PAVONAD0O 9/16X3,,,category:materiales,Materiales,medida:2,PIEZAS,,,,,10,10,10,,,1,9999,,ID producto origen: 559 | Medida origen: Pieza(s),true,false,1,1,true
560,MAT-00560,3049491467272,TORNILLO 9/16X3(PAVONADO),,,category:materiales,Materiales,medida:2,PIEZAS,,,,,10,10,10,,,1,9999,uploads/productos/WhatsApp Image 2025-10-02 at 12.34.29 (1).jpeg,ID producto origen: 560 | Medida origen: Pieza(s) | Generado sistema origen: 1,true,false,1,1,true
561,MAT-00561,2815674045527,TORNILLO 9/16X3-1/2(PAVONADO),,,category:materiales,Materiales,medida:2,PIEZAS,,,,,11,11,11,,,1,9999,uploads/productos/WhatsApp Image 2025-10-02 at 12.34.40.jpeg,ID producto origen: 561 | Medida origen: Pieza(s) | Generado sistema origen: 1,true,false,1,1,true
562,MAT-00562,5741447841447,TORNILLO 9/16X4(PAVONADO),,,category:materiales,Materiales,medida:2,PIEZAS,,,,,11,11,11,,,1,9999,uploads/productos/WhatsApp Image 2025-10-02 at 12.34.51.jpeg,ID producto origen: 562 | Medida origen: Pieza(s) | Generado sistema origen: 1,true,false,1,1,true
563,MAT-00563,9872479834650,TORNILLO 9/16X4-1/2(PAVONADO),,,category:materiales,Materiales,medida:2,PIEZAS,,,,,15,14,14,,,1,9999,uploads/productos/WhatsApp Image 2025-10-02 at 12.35.02.jpeg,ID producto origen: 563 | Medida origen: Pieza(s) | Generado sistema origen: 1,true,false,1,1,false
564,MAT-00564,0157738308622,TORNILLO 9/16X5(PAVONADO),,,category:materiales,Materiales,medida:2,PIEZAS,,,,,18,17,17,,,1,9999,uploads/productos/WhatsApp Image 2025-10-02 at 12.35.10.jpeg,ID producto origen: 564 | Medida origen: Pieza(s) | Generado sistema origen: 1,true,false,1,1,false
565,MAT-00565,1454961314161,TORNILLO 5/8X1-1/2(PAVONADO),,,category:materiales,Materiales,medida:2,PIEZAS,,,,,9,9,9,,,1,9999,uploads/productos/WhatsApp Image 2025-10-03 at 12.38.35.jpeg,ID producto origen: 565 | Medida origen: Pieza(s) | Generado sistema origen: 1,true,false,1,1,true
566,MAT-00566,4540194116157,TORNILLO 5/8X2(PAVONADO),,,category:materiales,Materiales,medida:2,PIEZAS,,,,,9,9,9,,,1,9999,uploads/productos/WhatsApp Image 2025-10-03 at 12.38.47.jpeg,ID producto origen: 566 | Medida origen: Pieza(s) | Generado sistema origen: 1,true,false,1,1,true
567,MAT-00567,2518481922059,PIJA PUNTA BROCA 1/4X1-1/4,,,category:materiales,Materiales,medida:2,PIEZAS,,,,,1,1,1,0.86,0.86,1,9999,uploads/productos/WhatsApp Image 2025-10-01 at 14.45.28.jpeg,ID producto origen: 567 | Medida origen: Pieza(s) | Generado sistema origen: 1,true,false,1,1,true
568,MAT-00568,,TORNILLO G5 11H 3/8x3 1/2,,,category:materiales,Materiales,medida:2,PIEZAS,,,,,12,12,12,,,1,9999,,ID producto origen: 568 | Medida origen: Pieza(s),true,false,1,1,true
569,MAT-00569,1791574222750,TORNILLO 5/8X2-1/2(PAVONADO),,,category:materiales,Materiales,medida:2,PIEZAS,,,,,11.5,11.5,11.5,,,1,9999,uploads/productos/WhatsApp Image 2025-10-02 at 09.57.22.jpeg,ID producto origen: 569 | Medida origen: Pieza(s) | Generado sistema origen: 1,true,false,1,1,true
570,MAT-00570,4337857926600,PIJA PUNTA BROCA 1/4X1-1/2,,,category:materiales,Materiales,medida:2,PIEZAS,,,,,1,1,1,,,1,9999,uploads/productos/WhatsApp Image 2025-10-01 at 14.45.38.jpeg,ID producto origen: 570 | Medida origen: Pieza(s) | Generado sistema origen: 1,true,false,1,1,true
571,MAT-00571,,TORNILLO G5 5/8 x 4 1/2,,,category:materiales,Materiales,medida:2,PIEZAS,,,,,15,15,15,,,1,9999,,ID producto origen: 571 | Medida origen: Pieza(s),true,false,1,1,true
572,MAT-00572,6445416955355,DADO MAGNETICO 3/8X1-3/4,,,category:materiales,Materiales,medida:2,PIEZAS,,,,,9.5,9.5,9.5,,,1,9999,uploads/productos/WhatsApp Image 2025-10-02 at 13.19.55 (1).jpeg,ID producto origen: 572 | Medida origen: Pieza(s) | Generado sistema origen: 1,true,false,1,1,true
573,MAT-00573,6667229146595,"RONDANA D/PRESION 9/16""(PAVONADA)",,,category:materiales,Materiales,medida:2,PIEZAS,,,,,1,1,1,,,1,9999,uploads/productos/WhatsApp Image 2025-09-29 at 16.19.34.jpeg,ID producto origen: 573 | Medida origen: Pieza(s) | Generado sistema origen: 1,true,false,1,1,true
574,MAT-00574,4158613878717,PUNTA PHILLIPS 2X2,,,category:materiales,Materiales,medida:2,PIEZAS,,,,,4,4,4,,,1,9999,uploads/productos/WhatsApp Image 2025-09-30 at 9.37.49 AM (6).jpeg,ID producto origen: 574 | Medida origen: Pieza(s) | Generado sistema origen: 1,true,false,1,1,true
575,MAT-00575,8176467116836,TORNILLO 5/8X7(PAVONADO),,,category:materiales,Materiales,medida:2,PIEZAS,,,,,23,22,22,,,1,9999,uploads/productos/WhatsApp Image 2025-10-02 at 10.00.04.jpeg,ID producto origen: 575 | Medida origen: Pieza(s) | Generado sistema origen: 1,false,false,1,1,false
576,MAT-00576,6765576187404,TORNILLO 5/8X8(PAVONADO),,,category:materiales,Materiales,medida:2,PIEZAS,,,,,28,27,27,,,1,9999,uploads/productos/WhatsApp Image 2025-10-02 at 10.00.15.jpeg,ID producto origen: 576 | Medida origen: Pieza(s) | Generado sistema origen: 1,true,false,1,1,false
577,MAT-00577,4343694299869,TORNILLO 3/4X2(PAVONADO),,,category:materiales,Materiales,medida:2,PIEZAS,,,,,13,12,12,,,1,9999,uploads/productos/WhatsApp Image 2025-10-02 at 09.23.57.jpeg,ID producto origen: 577 | Medida origen: Pieza(s) | Generado sistema origen: 1,true,false,1,1,false
578,MAT-00578,3120291829085,TORNILLO 3/4X2-1/2(PAVONADO),,,category:materiales,Materiales,medida:2,PIEZAS,,,,,19,19,19,16.02,16.02,1,9999,uploads/productos/WhatsApp Image 2025-10-02 at 09.24.08.jpeg,ID producto origen: 578 | Medida origen: Pieza(s) | Generado sistema origen: 1,true,false,1,1,true
579,MAT-00579,1542345749231,TORNILLO 3/4X3-1/2(PAVONADO),,,category:materiales,Materiales,medida:2,PIEZAS,,,,,23,22,22,,,1,9999,uploads/productos/WhatsApp Image 2025-10-02 at 09.24.40.jpeg,ID producto origen: 579 | Medida origen: Pieza(s) | Generado sistema origen: 1,true,false,1,1,false
580,MAT-00580,7503454974130,TORNILLO 5/8X4-1/2(PAVONADO),,,category:materiales,Materiales,medida:2,PIEZAS,,,,,17,16,16,,,1,9999,uploads/productos/WhatsApp Image 2025-10-02 at 09.58.16.jpeg,ID producto origen: 580 | Medida origen: Pieza(s) | Generado sistema origen: 1,true,false,1,1,false
581,MAT-00581,4484618303078,TORNILLO 3/4X4(PAVONADO),,,category:materiales,Materiales,medida:2,PIEZAS,,,,,25,24,24,,,1,9999,uploads/productos/WhatsApp Image 2025-10-02 at 09.24.52 (1).jpeg,ID producto origen: 581 | Medida origen: Pieza(s) | Generado sistema origen: 1,true,false,1,1,false
582,MAT-00582,3326338215297,TORNILLO 5/8X5(PAVONADO),,,category:materiales,Materiales,medida:2,PIEZAS,,,,,21,20,20,,,1,9999,uploads/productos/WhatsApp Image 2025-10-02 at 09.58.29.jpeg,ID producto origen: 582 | Medida origen: Pieza(s) | Generado sistema origen: 1,true,false,1,1,false
583,MAT-00583,3551300109902,TORNILLO 5/8X5-1/2(PAVONADO),,,category:materiales,Materiales,medida:2,PIEZAS,,,,,20,19,19,,,1,9999,uploads/productos/WhatsApp Image 2025-10-02 at 09.58.41.jpeg,ID producto origen: 583 | Medida origen: Pieza(s) | Generado sistema origen: 1,true,false,1,1,false
584,MAT-00584,6166318628504,TORNILLO 3/4X4-1/2(PAVONADO),,,category:materiales,Materiales,medida:2,PIEZAS,,,,,30,30,30,25.64,25.64,1,9999,uploads/productos/WhatsApp Image 2025-10-02 at 09.25.04 (1).jpeg,ID producto origen: 584 | Medida origen: Pieza(s) | Generado sistema origen: 1,true,false,1,1,true
585,MAT-00585,3137982480876,TORNILLO 5/8X6(PAVONADO),,,category:materiales,Materiales,medida:2,PIEZAS,,,,,25,24,24,,,1,9999,uploads/productos/WhatsApp Image 2025-10-02 at 09.58.56 (1).jpeg,ID producto origen: 585 | Medida origen: Pieza(s) | Generado sistema origen: 1,true,false,1,1,false
586,MAT-00586,5803890325780,TORNILLO 3/4X5(PAVONADO),,,category:materiales,Materiales,medida:2,PIEZAS,,,,,31,30,30,,,1,9999,uploads/productos/WhatsApp Image 2025-10-02 at 09.25.26.jpeg,ID producto origen: 586 | Medida origen: Pieza(s) | Generado sistema origen: 1,true,false,1,1,false
587,MAT-00587,9952985741953,"TUERCA HEXAGONAL 1/4""(PAVONADO)",,,category:materiales,Materiales,medida:2,PIEZAS,,,,,0.56,0.5,0.5,,,1,9999,uploads/productos/WhatsApp Image 2025-09-29 at 15.22.22.jpeg,ID producto origen: 587 | Medida origen: Pieza(s) | Generado sistema origen: 1,true,false,1,1,false
588,MAT-00588,4977773435864,TORNILLO 3/4X5-1/2(PAVONADO),,,category:materiales,Materiales,medida:2,PIEZAS,,,,,34,33,33,,,1,9999,uploads/productos/WhatsApp Image 2025-10-02 at 09.25.38 (1).jpeg,ID producto origen: 588 | Medida origen: Pieza(s) | Generado sistema origen: 1,true,false,1,1,false
589,MAT-00589,6127817021623,TUERCA HEXAGONAL 5/16,,,category:materiales,Materiales,medida:2,PIEZAS,,,,,0.5,0.5,0.5,,,1,9999,uploads/productos/WhatsApp Image 2025-09-29 at 15.22.34.jpeg,ID producto origen: 589 | Medida origen: Pieza(s) | Generado sistema origen: 1,true,false,1,1,true
590,MAT-00590,4162488844531,TORNILLO 3/4X6(PAVONADO),,,category:materiales,Materiales,medida:2,PIEZAS,,,,,34,33,33,,,1,9999,uploads/productos/WhatsApp Image 2025-10-02 at 09.26.27.jpeg,ID producto origen: 590 | Medida origen: Pieza(s) | Generado sistema origen: 1,true,false,1,1,false
591,MAT-00591,3062614942296,TORNILLO 3/4X6-1/2(PAVONADO),,,category:materiales,Materiales,medida:2,PIEZAS,,,,,35,34,34,,,1,9999,uploads/productos/WhatsApp Image 2025-10-02 at 09.26.39 (1).jpeg,ID producto origen: 591 | Medida origen: Pieza(s) | Generado sistema origen: 1,true,false,1,1,false
592,MAT-00592,3720276368815,TUERCA HEXAGONAL 3/8,,,category:materiales,Materiales,medida:2,PIEZAS,,,,,1,1,1,0.51,0.51,1,9999,uploads/productos/WhatsApp Image 2025-09-29 at 15.22.49.jpeg,ID producto origen: 592 | Medida origen: Pieza(s) | Generado sistema origen: 1,true,false,1,1,true
593,MAT-00593,9725965830264,TORNILLO 3/4X7(PAVONADO),,,category:materiales,Materiales,medida:2,PIEZAS,,,,,42,41,41,,,1,9999,uploads/productos/WhatsApp Image 2025-10-02 at 09.26.59.jpeg,ID producto origen: 593 | Medida origen: Pieza(s) | Generado sistema origen: 1,true,false,1,1,false
594,MAT-00594,,VARILLA 1/2,,,category:materiales,Materiales,medida:2,PIEZAS,,,,,275,275,275,223.53,223.53,84,9999,,ID producto origen: 594 | Medida origen: Pieza(s),true,false,1,1,true
595,MAT-00595,6054069996921,TUERCA HEXAGONAL 7/16,,,category:materiales,Materiales,medida:2,PIEZAS,,,,,1,1,1,,,1,9999,uploads/productos/WhatsApp Image 2025-09-29 at 15.23.01.jpeg,ID producto origen: 595 | Medida origen: Pieza(s) | Generado sistema origen: 1,true,false,1,1,true
596,MAT-00596,,VARILLA 3/8,,,category:materiales,Materiales,medida:2,PIEZAS,,,,,155,155,155,19604,19604,150,9999,,ID producto origen: 596 | Medida origen: Pieza(s),true,false,1,1,true
597,MAT-00597,9148291929974,"TUERCA HEXAGONAL 1/2""(PAVONADO)",,,category:materiales,Materiales,medida:2,PIEZAS,,,,,1.5,1.5,1.5,,,1,9999,uploads/productos/WhatsApp Image 2025-09-29 at 15.23.17.jpeg,ID producto origen: 597 | Medida origen: Pieza(s) | Generado sistema origen: 1,true,false,1,1,true
598,MAT-00598,3376833018817,TORNILLO 3/4X8(PAVONADO),,,category:materiales,Materiales,medida:2,PIEZAS,,,,,47,46,46,,,1,9999,uploads/productos/WhatsApp Image 2025-10-02 at 09.27.21.jpeg,ID producto origen: 598 | Medida origen: Pieza(s) | Generado sistema origen: 1,true,false,1,1,false
599,MAT-00599,2444005423675,TUERCA HEXAGONAL 9/16,,,category:materiales,Materiales,medida:2,PIEZAS,,,,,2,2,2,,,1,9999,uploads/productos/WhatsApp Image 2025-09-29 at 15.23.29 (1).jpeg,ID producto origen: 599 | Medida origen: Pieza(s) | Generado sistema origen: 1,true,false,1,1,true
600,MAT-00600,6105305553511,TUERCA HEXAGONAL 5/8,,,category:materiales,Materiales,medida:2,PIEZAS,,,,,2.5,2.5,2.5,,,1,9999,uploads/productos/WhatsApp Image 2025-09-29 at 15.23.41 (1).jpeg,ID producto origen: 600 | Medida origen: Pieza(s) | Generado sistema origen: 1,true,false,1,1,true
601,MAT-00601,5460956967447,"TUERCA HEXAGONAL 3/4""(PAVONADO)",,,category:materiales,Materiales,medida:2,PIEZAS,,,,,4,4,4,,,1,9999,uploads/productos/WhatsApp Image 2025-09-29 at 15.23.57.jpeg,ID producto origen: 601 | Medida origen: Pieza(s) | Generado sistema origen: 1,true,false,1,1,true
602,MAT-00602,7141321472961,TUERCA SEGURIDA 1/4 GALVANIZADA,,,category:materiales,Materiales,medida:2,PIEZAS,,,,,1,1,1,0.28,0.28,1,9999,uploads/productos/WhatsApp Image 2025-09-29 at 3.24.48 PM.jpeg,ID producto origen: 602 | Medida origen: Pieza(s) | Generado sistema origen: 1,true,false,1,1,true
603,MAT-00603,8751538449626,TUERCA SEGURIDAD 5/16 GALVANIZADA,,,category:materiales,Materiales,medida:2,PIEZAS,,,,,0.5,0.5,0.5,,,1,9999,uploads/productos/WhatsApp Image 2025-09-29 at 3.25.15 PM.jpeg,ID producto origen: 603 | Medida origen: Pieza(s) | Generado sistema origen: 1,true,false,1,1,true
604,MAT-00604,6752824255961,TUERCA SEGURIDAD 3/8 GALVANIZADA,,,category:materiales,Materiales,medida:2,PIEZAS,,,,,1,1,1,0.02,0.02,1,9999,uploads/productos/WhatsApp Image 2025-09-29 at 3.25.36 PM.jpeg,ID producto origen: 604 | Medida origen: Pieza(s) | Generado sistema origen: 1,true,false,1,1,true
605,MAT-00605,7060816965958,TUERCA SEGURIDAD 7/16 GALVANIZADA,,,category:materiales,Materiales,medida:2,PIEZAS,,,,,1,1,1,,,1,9999,uploads/productos/WhatsApp Image 2025-09-29 at 3.25.48 PM.jpeg,ID producto origen: 605 | Medida origen: Pieza(s) | Generado sistema origen: 1,true,false,1,1,true
606,MAT-00606,7345674571429,TUERCA SEGURIDAIZADA D 1/2 GALVAN,,,category:materiales,Materiales,medida:2,PIEZAS,,,,,2,2,2,0.62,0.62,1,9999,uploads/productos/WhatsApp Image 2025-09-29 at 3.26.28 PM.jpeg,ID producto origen: 606 | Medida origen: Pieza(s) | Generado sistema origen: 1,true,false,1,1,true
607,MAT-00607,4540860092983,TUERCA SEGURIDAD 9/16 GALVANIZADA,,,category:materiales,Materiales,medida:2,PIEZAS,,,,,3,3,3,,,1,9999,uploads/productos/WhatsApp Image 2025-09-29 at 3.26.39 PM.jpeg,ID producto origen: 607 | Medida origen: Pieza(s) | Generado sistema origen: 1,true,false,1,1,true
608,MAT-00608,5791420939838,TUERCA SEGURIDAD 5/8 GALVANIZADA,,,category:materiales,Materiales,medida:2,PIEZAS,,,,,4,4,4,,,1,9999,uploads/productos/WhatsApp Image 2025-09-29 at 3.26.54 PM.jpeg,ID producto origen: 608 | Medida origen: Pieza(s) | Generado sistema origen: 1,true,false,1,1,true
609,MAT-00609,3414189986340,TUERCA SEGURIDAD 3/4 GALVANIZADA,,,category:materiales,Materiales,medida:2,PIEZAS,,,,,5,5,5,,,1,9999,uploads/productos/WhatsApp Image 2025-09-29 at 3.27.08 PM.jpeg,ID producto origen: 609 | Medida origen: Pieza(s) | Generado sistema origen: 1,true,false,1,1,true
610,MAT-00610,4537709507838,RONDANA PLANA 1/4,,,category:materiales,Materiales,medida:2,PIEZAS,,,,,1.5,1.5,1.5,0.56,0.56,1,9999,uploads/productos/WhatsApp Image 2025-09-30 at 7.36.09 AM.jpeg,ID producto origen: 610 | Medida origen: Pieza(s) | Generado sistema origen: 1,true,false,1,1,true
611,MAT-00611,,RONDANA PLANA GALVANIZADA 5/16,,,category:materiales,Materiales,medida:2,PIEZAS,,,,,0,0,0,,,1,9999,,ID producto origen: 611 | Medida origen: Pieza(s),false,false,6,12,false
612,MAT-00612,2089801955656,RONDANA PLANA 5/16,,,category:materiales,Materiales,medida:2,PIEZAS,,,,,1,1,1,0.54,0.54,1,9999,uploads/productos/WhatsApp Image 2025-09-30 at 7.36.09 AM (1).jpeg,ID producto origen: 612 | Medida origen: Pieza(s) | Generado sistema origen: 1,true,false,1,1,true
613,MAT-00613,1814193245525,RONDANA PLANA 3/8,,,category:materiales,Materiales,medida:2,PIEZAS,,,,,1,1,1,0.54,0.54,1,9999,uploads/productos/WhatsApp Image 2025-09-30 at 7.36.10 AM.jpeg,ID producto origen: 613 | Medida origen: Pieza(s) | Generado sistema origen: 1,true,false,1,1,true
614,MAT-00614,4095801704147,RONDANA PLANA 7/16,,,category:materiales,Materiales,medida:2,PIEZAS,,,,,1,1,1,0.8,0.8,1,9999,uploads/productos/WhatsApp Image 2025-09-30 at 7.36.10 AM (1).jpeg,ID producto origen: 614 | Medida origen: Pieza(s) | Generado sistema origen: 1,true,false,1,1,true
615,MAT-00615,9867510192868,RONDANA PLANA 1/2,,,category:materiales,Materiales,medida:2,PIEZAS,,,,,1,1,1,0.9,0.9,1,9999,uploads/productos/WhatsApp Image 2025-09-30 at 7.36.10 AM (2).jpeg,ID producto origen: 615 | Medida origen: Pieza(s) | Generado sistema origen: 1,true,false,1,1,true
616,MAT-00616,3192137172792,RONDANA PLANA 9/16,,,category:materiales,Materiales,medida:2,PIEZAS,,,,,1.5,1.5,1.5,,,1,9999,uploads/productos/WhatsApp Image 2025-09-30 at 7.36.10 AM (3).jpeg,ID producto origen: 616 | Medida origen: Pieza(s) | Generado sistema origen: 1,true,false,1,1,true
617,MAT-00617,9169360911546,RONDANA PLANA 5/8,,,category:materiales,Materiales,medida:2,PIEZAS,,,,,2,2,2,1.98,1.98,1,9999,uploads/productos/WhatsApp Image 2025-09-30 at 7.36.10 AM (4).jpeg,ID producto origen: 617 | Medida origen: Pieza(s) | Generado sistema origen: 1,true,false,1,1,true
618,MAT-00618,7604665831608,"RONDANA D/PRESION 1/4""(PAVONADA)",,,category:materiales,Materiales,medida:2,PIEZAS,,,,,0.5,0.5,0.5,,,1,9999,uploads/productos/WhatsApp Image 2025-09-29 at 16.18.10.jpeg,ID producto origen: 618 | Medida origen: Pieza(s) | Generado sistema origen: 1,true,false,1,1,true
619,MAT-00619,4968290957298,"RONDANA D/PRESION 5/16""(PAVONADA)",,,category:materiales,Materiales,medida:2,PIEZAS,,,,,0.5,0.5,0.5,,,1,9999,uploads/productos/WhatsApp Image 2025-09-29 at 16.18.29.jpeg,ID producto origen: 619 | Medida origen: Pieza(s) | Generado sistema origen: 1,true,false,1,1,true
620,MAT-00620,9393254137952,RONDANA D/PRESION 5/8,,,category:materiales,Materiales,medida:2,PIEZAS,,,,,1,1,1,,,1,9999,uploads/productos/WhatsApp Image 2025-09-29 at 16.19.51.jpeg,ID producto origen: 620 | Medida origen: Pieza(s) | Generado sistema origen: 1,true,false,1,1,true
621,MAT-00621,6857328041536,RONDANA D/PRESION 3/8,,,category:materiales,Materiales,medida:2,PIEZAS,,,,,0.5,0.5,0.5,,,1,9999,uploads/productos/WhatsApp Image 2025-09-29 at 16.18.47.jpeg,ID producto origen: 621 | Medida origen: Pieza(s) | Generado sistema origen: 1,true,false,1,1,true
622,MAT-00622,4693976837150,GRASERA MILIMETRICA RECTA 6X1,,,category:materiales,Materiales,medida:2,PIEZAS,,,,,1.5,1.5,1.5,,,1,9999,uploads/productos/WhatsApp Image 2025-09-30 at 9.37.50 AM.jpeg,ID producto origen: 622 | Medida origen: Pieza(s) | Generado sistema origen: 1,true,false,1,1,true
623,MAT-00623,0631523143099,RONDANA D/PRESION 7/16,,,category:materiales,Materiales,medida:2,PIEZAS,,,,,0.5,0.5,0.5,,,1,9999,uploads/productos/WhatsApp Image 2025-09-29 at 16.19.02.jpeg,ID producto origen: 623 | Medida origen: Pieza(s) | Generado sistema origen: 1,true,false,1,1,true
624,MAT-00624,5078460336880,RONDANA D/PRESION 1/2,,,category:materiales,Materiales,medida:2,PIEZAS,,,,,0.5,0.5,0.5,,,1,9999,uploads/productos/WhatsApp Image 2025-09-29 at 16.19.19.jpeg,ID producto origen: 624 | Medida origen: Pieza(s) | Generado sistema origen: 1,true,false,1,1,true
625,MAT-00625,,VARILLA ROSCADA 1/4,,,category:materiales,Materiales,medida:2,PIEZAS,,,,,14,13,13,,,1,9999,,ID producto origen: 625 | Medida origen: Pieza(s),true,false,1,1,false
626,MAT-00626,,VARILLA ROSCADA 5/16,,,category:materiales,Materiales,medida:2,PIEZAS,,,,,20.5,20,20,,,1,9999,,ID producto origen: 626 | Medida origen: Pieza(s),true,false,1,1,false
627,MAT-00627,5823673134712,TORNILLO HEXAGONAL 6X16 (PAVONADO),,,category:materiales,Materiales,medida:2,PIEZAS,,,,,0.5,0.5,0.5,,,20,9999,uploads/productos/WhatsApp Image 2025-10-01 at 08.29.00 (1).jpeg,ID producto origen: 627 | Medida origen: Pieza(s) | Generado sistema origen: 1,true,false,1,1,true
628,MAT-00628,7879036346672,TORNILLO HEXAGONAL 6X12 (PAVONADO),,,category:materiales,Materiales,medida:2,PIEZAS,,,,,0.5,0.5,0.5,,,1,9999,uploads/productos/WhatsApp Image 2025-10-01 at 08.28.50 (2).jpeg,ID producto origen: 628 | Medida origen: Pieza(s) | Generado sistema origen: 1,true,false,1,1,true
629,MAT-00629,,VARILLA ROSCADA 3/8,,,category:materiales,Materiales,medida:2,PIEZAS,,,,,23,22,22,,,1,9999,,ID producto origen: 629 | Medida origen: Pieza(s),true,false,1,1,false
630,MAT-00630,,VARILLA ROSCADA 5/8,,,category:materiales,Materiales,medida:2,PIEZAS,,,,,97,98,98,,,1,9999,,ID producto origen: 630 | Medida origen: Pieza(s),true,false,1,1,false
631,MAT-00631,,VARILLA ROSCADA 7/16,,,category:materiales,Materiales,medida:2,PIEZAS,,,,,43,42,42,,,1,9999,,ID producto origen: 631 | Medida origen: Pieza(s),true,false,1,1,false
632,MAT-00632,,VARILLA ROSCADA 1/2,,,category:materiales,Materiales,medida:2,PIEZAS,,,,,42,41,41,,,1,9999,,ID producto origen: 632 | Medida origen: Pieza(s),true,false,1,1,false
633,MAT-00633,,TUBO SANITARIO NORMA 4 P 100 MM,,,category:materiales,Materiales,medida:2,PIEZAS,,,,,322,322,322,239.67,239.67,1,9999,,ID producto origen: 633 | Medida origen: Pieza(s),true,false,1,1,true
634,MAT-00634,1473498259875,CODO GALVANIZADO 1/2P X 90,,,category:materiales,Materiales,medida:2,PIEZAS,,,,,9,8,8,5.16,5.16,1,9999,uploads/productos/WhatsApp Image 2025-09-27 at 8.56.52 AM.jpeg,ID producto origen: 634 | Medida origen: Pieza(s) | Generado sistema origen: 1,true,false,1,1,false
635,MAT-00635,9594868761544,TEE GALVANIZADA 1/2P,,,category:materiales,Materiales,medida:2,PIEZAS,,,,,13.5,13,13,,,1,9999,uploads/productos/WhatsApp Image 2025-09-27 at 8.56.51 AM (1).jpeg,ID producto origen: 635 | Medida origen: Pieza(s) | Generado sistema origen: 1,true,false,1,1,false
636,MAT-00636,0230287415208,ADAPTADOR HEMBRA 1/2P X 3/8P,,,category:materiales,Materiales,medida:2,PIEZAS,,,,,6.5,6,6,,,1,9999,uploads/productos/WhatsApp Image 2025-09-29 at 11.59.18 AM.jpeg,ID producto origen: 636 | Medida origen: Pieza(s) | Generado sistema origen: 1,true,false,1,1,false
637,MAT-00637,7506344175198,MANGUERA DE VINIL 40 CM DICA,,,category:materiales,Materiales,medida:2,PIEZAS,,,,,20,19,19,,,1,9999,,ID producto origen: 637 | Medida origen: Pieza(s),true,false,1,1,false
638,MAT-00638,6578281789487,NIPLE 1/2P,,,category:materiales,Materiales,medida:2,PIEZAS,,,,,5,5,5,2.24,2.24,1,9999,uploads/productos/WhatsApp Image 2025-09-29 at 9.37.48 AM (1)_4892.jpeg,ID producto origen: 638 | Medida origen: Pieza(s) | Generado sistema origen: 1,true,false,1,1,true
639,MAT-00639,3997604859400,NIPLE 3/4P,,,category:materiales,Materiales,medida:2,PIEZAS,,,,,9,8,8,1.2,1.2,1,9999,uploads/productos/WhatsApp Image 2025-09-29 at 9.37.48 AM (1).jpeg,ID producto origen: 639 | Medida origen: Pieza(s) | Generado sistema origen: 1,true,false,1,1,false
640,MAT-00640,7506344175211,MANGUERA DE VINIL 35 CM DICA,,,category:materiales,Materiales,medida:2,PIEZAS,,,,,20,19,19,,,1,9999,,ID producto origen: 640 | Medida origen: Pieza(s),true,false,1,1,false
641,MAT-00641,2373257985573,NIPLE 1P,,,category:materiales,Materiales,medida:2,PIEZAS,,,,,8,8,8,5.86,5.86,1,9999,uploads/productos/WhatsApp Image 2025-09-29 at 9.30.49 AM (1).jpeg,ID producto origen: 641 | Medida origen: Pieza(s) | Generado sistema origen: 1,true,false,1,1,true
642,MAT-00642,8600171506497,ADAPTADOR MACHO CPVC 3/4,,,category:materiales,Materiales,medida:2,PIEZAS,,,,,4,4,4,2.11,2.11,1,9999,uploads/productos/WhatsApp Image 2025-09-27 at 8.04.13 AM.jpeg,ID producto origen: 642 | Medida origen: Pieza(s) | Generado sistema origen: 1,true,false,1,1,true
643,MAT-00643,,SEGUETA BIMETALICA DIENTE GRUESO,,,category:materiales,Materiales,medida:2,PIEZAS,,,,,21,20,20,,,1,9999,,ID producto origen: 643 | Medida origen: Pieza(s),true,false,1,1,false
644,MAT-00644,,PORTALAMPARA S/LLAVE,,,category:materiales,Materiales,medida:2,PIEZAS,,,,,14,13,13,,,1,9999,,ID producto origen: 644 | Medida origen: Pieza(s),true,false,1,1,false
645,MAT-00645,8642781061546,"EMPAQUE CHUPON 2""X 1-1/2""",,,category:materiales,Materiales,medida:2,PIEZAS,,,,,5.5,5,5,,,1,9999,uploads/productos/WhatsApp Image 2025-09-29 at 09.08.09.jpeg,ID producto origen: 645 | Medida origen: Pieza(s) | Generado sistema origen: 1,true,false,1,1,false
646,MAT-00646,7473504127475,TEE GALVANIZADA 3/4P,,,category:materiales,Materiales,medida:2,PIEZAS,,,,,17,16,16,,,1,9999,uploads/productos/WhatsApp Image 2025-09-27 at 8.56.51 AM.jpeg,ID producto origen: 646 | Medida origen: Pieza(s) | Generado sistema origen: 1,true,false,1,1,false
647,MAT-00647,501746050753,PASTA PARA SOLDAR SILER 75 GR,,,category:materiales,Materiales,medida:2,PIEZAS,,,,,60,59,59,,,1,9999,,ID producto origen: 647 | Medida origen: Pieza(s),true,false,1,1,false
648,MAT-00648,8516190705066,TAPON CACHUCHA 1P,,,category:materiales,Materiales,medida:2,PIEZAS,,,,,19,18,18,,,1,9999,uploads/productos/WhatsApp Image 2025-09-27 at 1.06.48 PM.jpeg,ID producto origen: 648 | Medida origen: Pieza(s) | Generado sistema origen: 1,true,false,1,1,false
649,MAT-00649,5652534772530,TEE GALVANIZADA 1P,,,category:materiales,Materiales,medida:2,PIEZAS,,,,,31,30,30,,,1,9999,uploads/productos/WhatsApp Image 2025-09-27 at 8.56.51 AM (2).jpeg,ID producto origen: 649 | Medida origen: Pieza(s) | Generado sistema origen: 1,true,false,1,1,false
650,MAT-00650,8238896372945,PORTA LAMPARA REDONDA -IUSA,,,category:materiales,Materiales,medida:2,PIEZAS,,,,,20,19,19,,,1,9999,uploads/productos/WhatsApp Image 2025-09-25 at 13.06.24.jpeg,ID producto origen: 650 | Medida origen: Pieza(s) | Generado sistema origen: 1,true,false,1,1,false
651,MAT-00651,1252231927246,TAPON CACHUCHA 3/4P,,,category:materiales,Materiales,medida:2,PIEZAS,,,,,14,13,13,,,1,9999,uploads/productos/WhatsApp Image 2025-09-27 at 1.08.50 PM.jpeg,ID producto origen: 651 | Medida origen: Pieza(s) | Generado sistema origen: 1,true,false,1,1,false
652,MAT-00652,7506374000828,"PICHANCHA10-3/4"" CANASTILLA DE PLASTICO",,,category:materiales,Materiales,medida:2,PIEZAS,,,,,20,19,19,,,1,9999,,ID producto origen: 652 | Medida origen: Pieza(s),true,false,1,1,false
653,MAT-00653,0899656774300,NIPLE PLASTICO 1/2P,,,category:materiales,Materiales,medida:2,PIEZAS,,,,,6,5,5,,,1,9999,uploads/productos/WhatsApp Image 2025-11-03 at 2.53.43 PM.jpeg,ID producto origen: 653 | Medida origen: Pieza(s) | Generado sistema origen: 1,true,false,1,1,false
654,MAT-00654,0798320788141,NIPLE 1P X 5P,,,category:materiales,Materiales,medida:2,PIEZAS,,,,,27,26,26,,,1,9999,uploads/productos/WhatsApp Image 2025-10-06 at 8.20.17 AM.jpeg,ID producto origen: 654 | Medida origen: Pieza(s) | Generado sistema origen: 1,true,false,1,1,false
655,MAT-00655,7506638700112,SOLDADURA 50/50 LUZEL PREMIUM,,,category:materiales,Materiales,medida:2,PIEZAS,,,,,55,54,54,,,1,9999,,ID producto origen: 655 | Medida origen: Pieza(s),true,false,1,1,false
656,MAT-00656,6731842919307,NIPLE PLASTICO 1P,,,category:materiales,Materiales,medida:2,PIEZAS,,,,,5,10,10,,,1,9999,uploads/productos/WhatsApp Image 2025-11-03 at 2.52.01 PM.jpeg,ID producto origen: 656 | Medida origen: Pieza(s) | Generado sistema origen: 1,true,false,1,1,false
657,MAT-00657,2095758096236,TAPON MACHO 1P,,,category:materiales,Materiales,medida:2,PIEZAS,,,,,11,10,10,,,0,9999,uploads/productos/WhatsApp Image 2025-09-29 at 9.09.42 AM.jpeg,ID producto origen: 657 | Medida origen: Pieza(s) | Generado sistema origen: 1,true,false,1,1,false
658,MAT-00658,7502236967056,CARTUCHO DE GAS BUTANO 275 GRS,,,category:materiales,Materiales,medida:2,PIEZAS,,,,,59,58,58,,,1,9999,,ID producto origen: 658 | Medida origen: Pieza(s),true,false,1,1,false
659,MAT-00659,2947982778887,TAPON MACHO 3/4P,,,category:materiales,Materiales,medida:2,PIEZAS,,,,,8,7,7,,,1,9999,uploads/productos/WhatsApp Image 2025-09-29 at 9.09.32 AM.jpeg,ID producto origen: 659 | Medida origen: Pieza(s) | Generado sistema origen: 1,true,false,1,1,false
660,MAT-00660,7501816630359,CENTRO DE CARGA 1 VENTANA,,,category:materiales,Materiales,medida:2,PIEZAS,,,,,105,104,104,,,1,9999,,ID producto origen: 660 | Medida origen: Pieza(s),true,false,1,1,false
661,MAT-00661,8169472812473,NIPLE 1/2P X 5P,,,category:materiales,Materiales,medida:2,PIEZAS,,,,,15,14,14,,,1,9999,uploads/productos/WhatsApp Image 2025-10-06 at 7.53.01 AM.jpeg,ID producto origen: 661 | Medida origen: Pieza(s) | Generado sistema origen: 1,true,false,1,1,false
662,MAT-00662,1889794319227,CODO GALVANIZADO 1P X 90,,,category:materiales,Materiales,medida:2,PIEZAS,,,,,24,23,23,,,1,9999,uploads/productos/WhatsApp Image 2025-09-27 at 8.56.52 AM (3).jpeg,ID producto origen: 662 | Medida origen: Pieza(s) | Generado sistema origen: 1,true,false,1,1,false
663,MAT-00663,7506344174986,LLAVE ANGULAR CARTUCHO 1/4(DICA),,,category:materiales,Materiales,medida:2,PIEZAS,,,,,36,35,35,18.97,18.97,1,9999,,ID producto origen: 663 | Medida origen: Pieza(s),true,false,1,1,false
664,MAT-00664,9001668087922,COPLE LISO 1/2P,,,category:materiales,Materiales,medida:2,PIEZAS,,,,,9,8,8,,,1,9999,uploads/productos/WhatsApp Image 2025-09-27 at 8.56.51 AM (4).jpeg,ID producto origen: 664 | Medida origen: Pieza(s) | Generado sistema origen: 1,true,false,1,1,false
665,MAT-00665,7364333335455,NIPLE 3/4X6,,,category:materiales,Materiales,medida:2,PIEZAS,,,,,23,22,22,,,1,9999,uploads/productos/WhatsApp Image 2025-10-06 at 8.35.23 AM.jpeg,ID producto origen: 665 | Medida origen: Pieza(s) | Generado sistema origen: 1,true,false,1,1,false
666,MAT-00666,4367024870825,COPLE LISO 1P,,,category:materiales,Materiales,medida:2,PIEZAS,,,,,20,19,19,17,17,1,9999,uploads/productos/WhatsApp Image 2025-09-27 at 8.56.50 AM.jpeg,ID producto origen: 666 | Medida origen: Pieza(s) | Generado sistema origen: 1,true,false,1,1,false
667,MAT-00667,,PICHANCHA CON CUERPO DE LATON Y CANASTILLA DE ACERO 1P 25MM,,,category:materiales,Materiales,medida:2,PIEZAS,,,,,0,0,0,,,1,9999,,ID producto origen: 667 | Medida origen: Pieza(s),false,false,6,12,false
668,MAT-00668,9881893548586,COPLE LISO 3/4P,,,category:materiales,Materiales,medida:2,PIEZAS,,,,,12,12,12,10,10,1,9999,uploads/productos/WhatsApp Image 2025-09-27 at 8.56.51 AM (3).jpeg,ID producto origen: 668 | Medida origen: Pieza(s) | Generado sistema origen: 1,true,false,1,1,true
669,MAT-00669,799592748192,DISCO PARA CORTE 4 1/2,,,category:materiales,Materiales,medida:2,PIEZAS,,,,,9,8,8,6,6,1,9999,,ID producto origen: 669 | Medida origen: Pieza(s),true,false,1,1,false
670,MAT-00670,6241157596372,CODO GALVANIZADO 3/4P X 45,,,category:materiales,Materiales,medida:2,PIEZAS,,,,,18,17,17,,,1,9999,uploads/productos/WhatsApp Image 2025-09-27 at 8.56.52 AM (4).jpeg,ID producto origen: 670 | Medida origen: Pieza(s) | Generado sistema origen: 1,true,false,1,1,false
671,MAT-00671,1106309257523,TAPON MACHO 1/2P,,,category:materiales,Materiales,medida:2,PIEZAS,,,,,7,6,6,,,1,9999,uploads/productos/WhatsApp Image 2025-09-29 at 9.09.23 AM (1).jpeg,ID producto origen: 671 | Medida origen: Pieza(s) | Generado sistema origen: 1,true,false,1,1,false
672,MAT-00672,7502252572159,PLACA LUCEK CON 1 APAGADOR SENCILLO Y 1 APAGADOR ESCALERA BLANCA,,,category:materiales,Materiales,medida:2,PIEZAS,,,,,43,42,42,,,1,9999,,ID producto origen: 672 | Medida origen: Pieza(s),true,false,1,1,false
673,MAT-00673,8528108153067,NIPLE PLASTICO 3/4P,,,category:materiales,Materiales,medida:2,PIEZAS,,,,,7,6,6,10.94,10.94,1,9999,uploads/productos/WhatsApp Image 2025-11-03 at 2.52.44 PM.jpeg,ID producto origen: 673 | Medida origen: Pieza(s) | Generado sistema origen: 1,true,false,1,1,false
674,MAT-00674,7501816604015,CENTRO DE CARGA 2 VENTANAS,,,category:materiales,Materiales,medida:2,PIEZAS,,,,,112,111,111,,,1,9999,,ID producto origen: 674 | Medida origen: Pieza(s),true,false,1,1,false
675,MAT-00675,1920635440271,EMPAQUE CHUPON 2,,,category:materiales,Materiales,medida:2,PIEZAS,,,,,5.5,5,5,,,1,9999,uploads/productos/WhatsApp Image 2025-09-29 at 09.07.59.jpeg,ID producto origen: 675 | Medida origen: Pieza(s) | Generado sistema origen: 1,true,false,1,1,false
676,MAT-00676,1057697962134,TAPON CACHUCHA 1/2P,,,category:materiales,Materiales,medida:2,PIEZAS,,,,,10,9,9,7.27,7.27,1,9999,uploads/productos/WhatsApp Image 2025-09-27 at 1.07.50 PM.jpeg,ID producto origen: 676 | Medida origen: Pieza(s) | Generado sistema origen: 1,true,false,1,1,false
677,MAT-00677,7506374004857,"PICHANCHA 1 1/4"" (ALAN)",,,category:materiales,Materiales,medida:2,PIEZAS,,,,,161,160,160,,,1,9999,,ID producto origen: 677 | Medida origen: Pieza(s),true,false,1,1,false
678,MAT-00678,6214008600177,CODO GALVANIZADO 1/2P X 45,,,category:materiales,Materiales,medida:2,PIEZAS,,,,,12.5,12,12,,,1,9999,uploads/productos/WhatsApp Image 2025-09-27 at 8.56.52 AM (1).jpeg,ID producto origen: 678 | Medida origen: Pieza(s) | Generado sistema origen: 1,true,false,1,1,false
679,MAT-00679,7501816630342,CENTRO DE CARGA 4 VENTANAS,,,category:materiales,Materiales,medida:2,PIEZAS,,,,,280,279,279,,,1,9999,,ID producto origen: 679 | Medida origen: Pieza(s),true,false,1,1,false
680,MAT-00680,4293569300322,CODO GALVANIZADO 3/4P X 90,,,category:materiales,Materiales,medida:2,PIEZAS,,,,,13,12,12,7.7,7.7,1,9999,uploads/productos/WhatsApp Image 2025-09-27 at 8.56.52 AM (5).jpeg,ID producto origen: 680 | Medida origen: Pieza(s) | Generado sistema origen: 1,true,false,1,1,false
681,MAT-00681,7500462462420,PLACA LUCEK CRISTAL 3 CONTACTOS NEGRO,,,category:materiales,Materiales,medida:2,PIEZAS,,,,,144,143,143,,,1,9999,,ID producto origen: 681 | Medida origen: Pieza(s),true,false,1,1,false
682,MAT-00682,6509105820512,CODO GALVANIZADO 1P X 45,,,category:materiales,Materiales,medida:2,PIEZAS,,,,,22,21,21,,,1,9999,uploads/productos/WhatsApp Image 2025-09-27 at 8.56.52 AM (2).jpeg,ID producto origen: 682 | Medida origen: Pieza(s) | Generado sistema origen: 1,true,false,1,1,false
683,MAT-00683,0799592746501,DISCO P/CORTE 4 1/2,,,category:materiales,Materiales,medida:2,PIEZAS,,,,,7,6,6,4.85,4.85,1,9999,,ID producto origen: 683 | Medida origen: Pieza(s),true,false,1,1,false
684,MAT-00684,7500462462505,PLACA LUCEK CRISTAL CON APAGADOR SENCILLO Y 2 CONTACTOS NEGRO,,,category:materiales,Materiales,medida:2,PIEZAS,,,,,143,142,142,,,1,9999,,ID producto origen: 684 | Medida origen: Pieza(s),true,false,1,1,false
685,MAT-00685,7503027806806,"DISCO CORTE D/PIEDRA 4 1/2""",,,category:materiales,Materiales,medida:2,PIEZAS,,,,,181,180,180,,,1,9999,,ID producto origen: 685 | Medida origen: Pieza(s),true,false,1,1,false
686,MAT-00686,7500464110374,PLACA LUCEK ESPEJO C/CONTACTO DUPLEX NEGRO,,,category:materiales,Materiales,medida:2,PIEZAS,,,,,114,113,113,,,1,9999,,ID producto origen: 686 | Medida origen: Pieza(s),true,false,1,1,false
687,MAT-00687,7503027976646,DISCO P/CORTE 7,,,category:materiales,Materiales,medida:2,PIEZAS,,,,,29,28,28,,,1,9999,,ID producto origen: 687 | Medida origen: Pieza(s),true,false,1,1,false
688,MAT-00688,9176920079745,"PICHANCHA 1/2""",,,category:materiales,Materiales,medida:2,PIEZAS,,,,,79,78,78,,,1,9999,uploads/productos/WhatsApp Image 2025-09-25 at 13.02.41.jpeg,ID producto origen: 688 | Medida origen: Pieza(s) | Generado sistema origen: 1,true,false,1,1,false
689,MAT-00689,7206840298659,NIPLE 1/2P X 6P,,,category:materiales,Materiales,medida:2,PIEZAS,,,,,18,17,17,,,1,9999,uploads/productos/WhatsApp Image 2025-10-06 at 8.04.24 AM.jpeg,ID producto origen: 689 | Medida origen: Pieza(s) | Generado sistema origen: 1,true,false,1,1,false
690,MAT-00690,7503005326166,SELLADOR SHELLAC 56 G,,,category:materiales,Materiales,medida:2,PIEZAS,,,,,67,66,66,,,1,9999,,ID producto origen: 690 | Medida origen: Pieza(s),true,false,1,1,false
691,MAT-00691,799592019209,ROLLO DE LIJA PARA PLOMERO GRANO 120 38X45,,,category:materiales,Materiales,medida:2,PIEZAS,,,,,517,516,516,,,1,9999,,ID producto origen: 691 | Medida origen: Pieza(s),true,false,1,1,false
692,MAT-00692,,PLACA LUCKE PREMIUM CON 1 APAGADOR SENCILLO PLATEADO,,,category:materiales,Materiales,medida:2,PIEZAS,,,,,78,77,77,,,1,9999,,ID producto origen: 692 | Medida origen: Pieza(s),true,false,1,1,false
693,MAT-00693,7501323700095,CESPOFLEX LAVABO CON ARO CROMADA OVALIN,,,category:materiales,Materiales,medida:2,PIEZAS,,,,,60,59,59,,,1,9999,,ID producto origen: 693 | Medida origen: Pieza(s),true,false,1,1,false
694,MAT-00694,7502252572180,PLACA LUCEK CON 2 CONTACTOS BLANCO,,,category:materiales,Materiales,medida:2,PIEZAS,,,,,42,41,41,30.23,30.23,1,9999,,ID producto origen: 694 | Medida origen: Pieza(s),true,false,1,1,false
695,MAT-00695,1759050911994,GRAPA PARA PUA NEGRA,,,category:materiales,Materiales,medida:1,KILOS,,,,,62,61,61,,,1,9999,uploads/productos/WhatsApp Image 2025-09-26 at 8.10.38 AM.jpeg,ID producto origen: 695 | Medida origen: Kilo(s) | Generado sistema origen: 1,true,true,1,1,false
696,MAT-00696,,MALLA POLLERA,,,category:materiales,Materiales,medida:2,PIEZAS,,,,,853,852,852,612.87,612.87,1,9999,,ID producto origen: 696 | Medida origen: Pieza(s),true,false,1,1,false
697,MAT-00697,,ARMEX SENCILLO 10X10,,,category:materiales,Materiales,medida:2,PIEZAS,,,,,153,153,153,132.04,132.04,1,9999,,ID producto origen: 697 | Medida origen: Pieza(s),true,false,1,1,true
698,MAT-00698,,MORTERO CRUZ AZUL 50 KILOS,,,category:materiales,Materiales,medida:2,PIEZAS,,,,,3800,3800,3800,170,170,1,9999,,ID producto origen: 698 | Medida origen: Pieza(s),true,false,20,20,true
699,MAT-00699,,CEMENTO CRUZ AZUL 25 KILOS,,,category:materiales,Materiales,medida:2,PIEZAS,,,,,125,125,125,110,110,1,9999,,ID producto origen: 699 | Medida origen: Pieza(s),false,false,1,1,true
700,MAT-00700,,TINACO 450L (ROTOPLAS),,,category:materiales,Materiales,medida:2,PIEZAS,,,,,2262,2262,2262,2501.2,2501.2,1,9999,,ID producto origen: 700 | Medida origen: Pieza(s),true,false,1,1,true
701,MAT-00701,,TINACO 800 L ROTOPLAS,,,category:materiales,Materiales,medida:2,PIEZAS,,,,,3118,3118,3118,2317.29,2317.29,1,9999,,ID producto origen: 701 | Medida origen: Pieza(s),true,false,1,1,true
702,MAT-00702,,TINACO 1100 L ROTOPLAS,,,category:materiales,Materiales,medida:2,PIEZAS,,,,,3324,3324,3324,3236.12,3236.12,1,9999,,ID producto origen: 702 | Medida origen: Pieza(s),true,false,1,1,true
703,MAT-00703,,ARENA TANHUATO,,,category:materiales,Materiales,medida:3,METROS,,,,,600,600,600,486.67,486.67,1,9999,,ID producto origen: 703 | Medida origen: Metro(s),true,true,1,1,true
704,MAT-00704,7503005496609,CEPILLO DE ALAMBRE NO ´64,,,category:materiales,Materiales,medida:2,PIEZAS,,,,,34,33,33,,,1,9999,,ID producto origen: 704 | Medida origen: Pieza(s),true,false,1,1,false
705,MAT-00705,4483967944826,REGISTRO REDONDO 1/2(GALVANIZADA),,,category:materiales,Materiales,medida:2,PIEZAS,,,,,9,9,9,8,8,1,9999,uploads/productos/WhatsApp Image 2025-09-26 at 2.18.29 PM.jpeg,ID producto origen: 705 | Medida origen: Pieza(s) | Generado sistema origen: 1,true,false,1,1,true
706,MAT-00706,,CHALUPA PLASTICA,,,category:materiales,Materiales,medida:2,PIEZAS,,,,,10,9,9,,,1,9999,,ID producto origen: 706 | Medida origen: Pieza(s),false,false,1,1,false
707,MAT-00707,751299006210,CERRADURA DE SOBREPONER 715 PHILLIPS,,,category:materiales,Materiales,medida:2,PIEZAS,,,,,218,217,217,,,1,9999,,ID producto origen: 707 | Medida origen: Pieza(s),true,false,1,1,false
708,MAT-00708,,PICHANCHA 1P,,,category:materiales,Materiales,medida:2,PIEZAS,,,,,100,99,99,,,1,9999,,ID producto origen: 708 | Medida origen: Pieza(s),false,false,1,1,false
709,MAT-00709,0710631908292,CONECTOR P/FREGADERO 55CM,,,category:materiales,Materiales,medida:2,PIEZAS,,,,,70,69,69,,,1,9999,,ID producto origen: 709 | Medida origen: Pieza(s),true,false,1,1,false
710,MAT-00710,7502252573347,PLACA BOTON TIMBRE(PLATEADA) LUCEK,,,category:materiales,Materiales,medida:2,PIEZAS,,,,,85,84,84,,,1,9999,,ID producto origen: 710 | Medida origen: Pieza(s),true,false,1,1,false
711,MAT-00711,751299006203,CERRADURA DE SOBREPONER 715 PHILLIPS,,,category:materiales,Materiales,medida:2,PIEZAS,,,,,218,217,217,,,1,9999,,ID producto origen: 711 | Medida origen: Pieza(s),true,false,1,1,false
712,MAT-00712,751299000997,CERRADURA DE BARRA DERECHA (PHILLIPS),,,category:materiales,Materiales,medida:2,PIEZAS,,,,,356,355,355,,,1,9999,,ID producto origen: 712 | Medida origen: Pieza(s),true,false,1,1,false
713,MAT-00713,75129900000,CERRADURA DE BARRA IZQUIERDA PHILLIPS,,,category:materiales,Materiales,medida:2,PIEZAS,,,,,356,355,355,,,1,9999,,ID producto origen: 713 | Medida origen: Pieza(s),true,false,1,1,false
714,MAT-00714,7502252573231,PLACA LUCEK 1 APAGADOR ESCALERA PLATEADA,,,category:materiales,Materiales,medida:2,PIEZAS,,,,,78,77,77,,,1,9999,,ID producto origen: 714 | Medida origen: Pieza(s),true,false,1,1,false
715,MAT-00715,277174637939,CAJA CHALUPA PLASTICO 2X4P,,,category:materiales,Materiales,medida:2,PIEZAS,,,,,11,11,11,9,9,1,9999,,ID producto origen: 715 | Medida origen: Pieza(s) | Generado sistema origen: 1,true,false,1,1,true
716,MAT-00716,7506374004659,"PICHANCHA 1"" (ALAN)",,,category:materiales,Materiales,medida:2,PIEZAS,,,,,100,99,99,,,1,9999,,ID producto origen: 716 | Medida origen: Pieza(s),true,false,1,1,false
717,MAT-00717,07502309200523,CABLE KOBREX 14 BLANCO,,,category:materiales,Materiales,medida:3,METROS,,,,,11,11,11,,,1,9999,,ID producto origen: 717 | Medida origen: Metro(s),true,true,1,1,true
718,MAT-00718,,CABLE KOBREX 14 BLANCO (CAJA),,,category:materiales,Materiales,medida:2,PIEZAS,,,,,0,0,0,,,1,9999,,ID producto origen: 718 | Medida origen: Pieza(s),false,false,6,12,false
719,MAT-00719,9127500461,CABLE USO RUDO 2X12,,,category:materiales,Materiales,medida:3,METROS,,,,,50,49,49,,,1,9999,,ID producto origen: 719 | Medida origen: Metro(s),true,true,1,1,false
720,MAT-00720,9127500461,ROLLO CORDON IUSA USO RUDO 2X12 (ROLLO),,,category:materiales,Materiales,medida:2,PIEZAS,,,,,5009,5008,5008,,,1,9999,,ID producto origen: 720 | Medida origen: Pieza(s),false,false,1,1,false
721,MAT-00721,07502309200813,CABLE KOBREX 14 NEGRO,,,category:materiales,Materiales,medida:3,METROS,,,,,11,10,10,,,1,9999,,ID producto origen: 721 | Medida origen: Metro(s),true,true,1,1,false
722,MAT-00722,,CABLE KOBREX 14 NEGRO ( CAJA),,,category:materiales,Materiales,medida:2,PIEZAS,,,,,1108,1107,1107,,,1,9999,,ID producto origen: 722 | Medida origen: Pieza(s),false,false,1,1,false
723,MAT-00723,3000646,CABLE KOBREX 12 ROJO,,,category:materiales,Materiales,medida:3,METROS,,,,,15,14,14,12.51,12.51,1,9999,,ID producto origen: 723 | Medida origen: Metro(s),true,true,1,1,false
724,MAT-00724,,CABLE KOBREX 12 ROJO (CAJA),,,category:materiales,Materiales,medida:2,PIEZAS,,,,,1562,1561,1561,,,1,9999,,ID producto origen: 724 | Medida origen: Pieza(s),false,false,1,1,false
725,MAT-00725,,CABLE KOBREX 10 ROJO (CAJA),,,category:materiales,Materiales,medida:2,PIEZAS,,,,,2459,2458,2458,,,1,9999,,ID producto origen: 725 | Medida origen: Pieza(s),false,false,1,1,false
726,MAT-00726,,CABLE KOBREX 10 ROJO,,,category:materiales,Materiales,medida:3,METROS,,,,,25,24,24,,,1,9999,,ID producto origen: 726 | Medida origen: Metro(s),true,true,1,1,false
727,MAT-00727,,TRAPO INDUSTRIAL,,,category:materiales,Materiales,medida:1,KILOS,,,,,49,48,48,,,1,9999,,ID producto origen: 727 | Medida origen: Kilo(s),true,true,1,1,false
728,MAT-00728,,CANALETA 1 VIA 10X20,,,category:materiales,Materiales,medida:2,PIEZAS,,,,,21,20,20,,,1,9999,,ID producto origen: 728 | Medida origen: Pieza(s),true,false,1,1,false
729,MAT-00729,,CABLE KOBREK 14 ROJO,,,category:materiales,Materiales,medida:3,METROS,,,,,11,10,10,,,1,9999,,ID producto origen: 729 | Medida origen: Metro(s),false,true,1,1,false
730,MAT-00730,07502309201162,CABLE KOBREX 14 ROJO,,,category:materiales,Materiales,medida:3,METROS,,,,,11,10,10,16.77,16.77,1,9999,,ID producto origen: 730 | Medida origen: Metro(s),true,true,1,1,false
731,MAT-00731,,CABLE KOBREX 12 NEGRO,,,category:materiales,Materiales,medida:3,METROS,,,,,16,16,16,,,1,9999,,ID producto origen: 731 | Medida origen: Metro(s),true,true,1,1,true
732,MAT-00732,,CABLE KOBREX 12 NEGRO(CAJA),,,category:materiales,Materiales,medida:2,PIEZAS,,,,,1562,1562,1562,,,1,9999,,ID producto origen: 732 | Medida origen: Pieza(s),false,false,1,1,true
733,MAT-00733,,ARMEX REFORZADO 10X10,,,category:materiales,Materiales,medida:2,PIEZAS,,,,,308,308,308,272.6,272.6,1,9999,,ID producto origen: 733 | Medida origen: Pieza(s),true,false,1,1,true
734,MAT-00734,,CABLE KOBREX 14 BLANCO,,,category:materiales,Materiales,medida:2,PIEZAS,,,,,0,0,0,,,1,9999,,ID producto origen: 734 | Medida origen: Pieza(s),false,false,6,12,false
735,MAT-00735,,MALLA SOLDADA 2.5 X 40 M,,,category:materiales,Materiales,medida:3,METROS,,,,,2200,2200,2200,1908.94,1908.94,1,9999,,ID producto origen: 735 | Medida origen: Metro(s),true,true,1,1,true
736,MAT-00736,9839752319273,SOLDADURA 6013 1/8,,,category:materiales,Materiales,medida:1,KILOS,,,,,104,103,103,73.61,73.61,1,9999,uploads/productos/WhatsApp Image 2025-09-25 at 13.57.16.jpeg,ID producto origen: 736 | Medida origen: Kilo(s) | Generado sistema origen: 1,true,true,1,1,false
737,MAT-00737,9127900465,CABLE USO RUDO 3X14,,,category:materiales,Materiales,medida:3,METROS,,,,,47,47,47,,,1,9999,,ID producto origen: 737 | Medida origen: Metro(s),true,true,1,1,true
738,MAT-00738,3000641,CABLE KOBREX 12 BLANCO,,,category:materiales,Materiales,medida:3,METROS,,,,,16,16,16,,,1,9999,,ID producto origen: 738 | Medida origen: Metro(s),true,true,1,1,true
739,MAT-00739,,CABLE KOBREX 12 BLANCO(CAJA),,,category:materiales,Materiales,medida:2,PIEZAS,,,,,1562,1562,1562,,,1,9999,,ID producto origen: 739 | Medida origen: Pieza(s),false,false,1,1,true
740,MAT-00740,9127900460,CABLE USO RUDO 2X14,,,category:materiales,Materiales,medida:3,METROS,,,,,34,34,34,,,1,9999,,ID producto origen: 740 | Medida origen: Metro(s),true,true,1,1,true
741,MAT-00741,,CANALETA 10X20 C/ADHESIVO,,,category:materiales,Materiales,medida:2,PIEZAS,,,,,30,29,29,,,1,9999,,ID producto origen: 741 | Medida origen: Pieza(s),true,false,1,1,false
742,MAT-00742,9127900466,CABLE USO RUDO 3X12,,,category:materiales,Materiales,medida:3,METROS,,,,,70,70,70,,,1,9999,,ID producto origen: 742 | Medida origen: Metro(s),true,true,1,1,true
743,MAT-00743,,SOLDADURA 7018 1/8 INFRA,,,category:materiales,Materiales,medida:1,KILOS,,,,,103,102,102,,,1,9999,,ID producto origen: 743 | Medida origen: Kilo(s),false,true,1,1,false
744,MAT-00744,9922115619100,FLOTA NEGRA,,,category:materiales,Materiales,medida:2,PIEZAS,,,,,31,30,30,,,1,9999,uploads/productos/WhatsApp Image 2025-09-25 at 11.34.44.jpeg,ID producto origen: 744 | Medida origen: Pieza(s) | Generado sistema origen: 1,true,false,1,1,false
745,MAT-00745,7502252573248,PLACA LUCEK 2/APAGADORES SENCILLOS(PLATEADA),,,category:materiales,Materiales,medida:2,PIEZAS,,,,,96,95,95,452.67,452.67,1,9999,,ID producto origen: 745 | Medida origen: Pieza(s),true,false,1,1,false
746,MAT-00746,4895174130976,PLAFON REDONDO 12W,,,category:materiales,Materiales,medida:2,PIEZAS,,,,,48,47,47,,,1,9999,,ID producto origen: 746 | Medida origen: Pieza(s),true,false,1,1,false
747,MAT-00747,,CABLE THW 8(VERDE),,,category:materiales,Materiales,medida:3,METROS,,,,,3750,3750,3750,1741.13,1741.13,1,9999,,ID producto origen: 747 | Medida origen: Metro(s),true,true,1,1,true
748,MAT-00748,9127920124,CABLE THW 8(BLANCO),,,category:materiales,Materiales,medida:3,METROS,,,,,42,42,42,,,1,9999,,ID producto origen: 748 | Medida origen: Metro(s),true,true,1,1,true
749,MAT-00749,,CABLE THW ROJO 14,,,category:materiales,Materiales,medida:3,METROS,,,,,10,9,9,,,1,9999,,ID producto origen: 749 | Medida origen: Metro(s),false,true,1,1,false
750,MAT-00750,9127920115,CABLE THW ROJO 14,,,category:materiales,Materiales,medida:3,METROS,,,,,12,11,11,,,1,9999,,ID producto origen: 750 | Medida origen: Metro(s),true,true,1,1,false
751,MAT-00751,9127920123,CABLE THW 8(NEGRO),,,category:materiales,Materiales,medida:3,METROS,,,,,3750,3750,3750,,,1,9999,,ID producto origen: 751 | Medida origen: Metro(s),true,true,1,1,true
752,MAT-00752,,CABLE THW BLANCO 14,,,category:materiales,Materiales,medida:3,METROS,,,,,12,12,12,,,1,9999,,ID producto origen: 752 | Medida origen: Metro(s),true,true,1,1,true
753,MAT-00753,9127920125,CABLE THW 8(ROJO),,,category:materiales,Materiales,medida:3,METROS,,,,,42,42,42,,,1,9999,,ID producto origen: 753 | Medida origen: Metro(s),true,true,1,1,true
754,MAT-00754,,CABLE THW BLANCO 14,,,category:materiales,Materiales,medida:2,PIEZAS,,,,,993,992,992,,,1,9999,,ID producto origen: 754 | Medida origen: Pieza(s),false,false,1,1,false
755,MAT-00755,9127920119,CABLE THW 10(NEGRO),,,category:materiales,Materiales,medida:3,METROS,,,,,26,25,25,,,1,9999,,ID producto origen: 755 | Medida origen: Metro(s),true,true,1,1,false
756,MAT-00756,,CABLE THW VERDE 14,,,category:materiales,Materiales,medida:3,METROS,,,,,10,9,9,,,1,9999,,ID producto origen: 756 | Medida origen: Metro(s),false,true,1,1,false
757,MAT-00757,9127920116,CABLE THW VERDE 14,,,category:materiales,Materiales,medida:3,METROS,,,,,12,12,12,,,1,9999,,ID producto origen: 757 | Medida origen: Metro(s),true,true,1,1,true
758,MAT-00758,,CABLE THW NEGRO 14,,,category:materiales,Materiales,medida:3,METROS,,,,,10,9,9,,,1,9999,,ID producto origen: 758 | Medida origen: Metro(s),false,true,1,1,false
759,MAT-00759,9127920122,CABLE THW 10(VERDE),,,category:materiales,Materiales,medida:3,METROS,,,,,26,26,26,,,1,9999,,ID producto origen: 759 | Medida origen: Metro(s),true,true,1,1,true
760,MAT-00760,,CABLE THW NEGRO 14,,,category:materiales,Materiales,medida:3,METROS,,,,,1035,1035,1035,,,1,9999,,ID producto origen: 760 | Medida origen: Metro(s),true,true,1,1,true
761,MAT-00761,8045776852080,CONECTOR PVC CONDUIT PESADO,,,category:materiales,Materiales,medida:2,PIEZAS,,,,,17,16,16,,,1,9999,uploads/productos/WhatsApp Image 2025-09-26 at 2.54.55 PM.jpeg,ID producto origen: 761 | Medida origen: Pieza(s) | Generado sistema origen: 1,true,false,1,1,false
762,MAT-00762,2018543764080,CURVA PVC CONDUIT PESADO,,,category:materiales,Materiales,medida:2,PIEZAS,,,,,50,50,50,,,1,9999,uploads/productos/WhatsApp Image 2025-09-29 at 12.32.54 PM.jpeg,ID producto origen: 762 | Medida origen: Pieza(s) | Generado sistema origen: 1,true,false,1,1,true
763,MAT-00763,,CABLE THW 12 ROJO,,,category:materiales,Materiales,medida:3,METROS,,,,,16,15,15,,,1,9999,,ID producto origen: 763 | Medida origen: Metro(s),true,true,1,1,false
764,MAT-00764,,CABLE THW 12 ROJO,,,category:materiales,Materiales,medida:2,PIEZAS,,,,,1348,1347,1347,,,1,9999,,ID producto origen: 764 | Medida origen: Pieza(s),false,false,1,1,false
765,MAT-00765,9127920112,CABLE THW 12 BLANCO,,,category:materiales,Materiales,medida:3,METROS,,,,,17,16,16,,,1,9999,,ID producto origen: 765 | Medida origen: Metro(s),true,true,1,1,false
766,MAT-00766,,CABLE THW 12 BLANCO,,,category:materiales,Materiales,medida:2,PIEZAS,,,,,1390,1389,1389,,,1,9999,,ID producto origen: 766 | Medida origen: Pieza(s),false,false,1,1,false
767,MAT-00767,9127920121,CABLE THW 10(ROJO),,,category:materiales,Materiales,medida:3,METROS,,,,,2326,2326,2326,,,1,9999,,ID producto origen: 767 | Medida origen: Metro(s),true,true,1,1,true
768,MAT-00768,,CABLE THW 12 VERDE,,,category:materiales,Materiales,medida:3,METROS,,,,,17,17,17,,,1,9999,,ID producto origen: 768 | Medida origen: Metro(s),true,true,1,1,true
769,MAT-00769,,CABLE THW 12 VERDE,,,category:materiales,Materiales,medida:2,PIEZAS,,,,,1390,1390,1390,,,1,9999,,ID producto origen: 769 | Medida origen: Pieza(s),false,false,1,1,true
770,MAT-00770,9127920120,CABLE THW 10(BLANCO),,,category:materiales,Materiales,medida:3,METROS,,,,,26,26,26,,,1,9999,,ID producto origen: 770 | Medida origen: Metro(s),true,true,1,1,true
771,MAT-00771,6245699656624,CONEXION P/MANGUERA HEMBRA 1/2,,,category:materiales,Materiales,medida:2,PIEZAS,,,,,18,17,17,2422.1,2422.1,1,9999,uploads/productos/WhatsApp Image 2025-11-14 at 11.24.13 AM.jpeg,ID producto origen: 771 | Medida origen: Pieza(s) | Generado sistema origen: 1,true,false,1,1,false
772,MAT-00772,7506240657729,"LLANA CANTO REDONDA 24""X5""",,,category:materiales,Materiales,medida:2,PIEZAS,,,,,330,329,329,211.21,211.21,1,9999,,ID producto origen: 772 | Medida origen: Pieza(s),true,false,1,1,false
773,MAT-00773,7506055130103,SILICON ALTAS TEMPERATURA(NEGRO 280ML),,,category:materiales,Materiales,medida:2,PIEZAS,,,,,121,120,120,,,1,9999,,ID producto origen: 773 | Medida origen: Pieza(s),true,false,1,1,false
774,MAT-00774,7506055130097,SILICON ALTAS TEMPERATURAS(ROJO 280ML),,,category:materiales,Materiales,medida:2,PIEZAS,,,,,121,120,120,,,1,9999,,ID producto origen: 774 | Medida origen: Pieza(s),true,false,1,1,false
775,MAT-00775,000251000163,ALAMBRE DE PUAS,,,category:materiales,Materiales,medida:2,PIEZAS,,,,,1300,1299,1299,,,1,9999,,ID producto origen: 775 | Medida origen: Pieza(s),true,false,1,1,false
776,MAT-00776,7501316150807,SILICON USO GENERAL PEPE-SILICON TRASPARENTE,,,category:materiales,Materiales,medida:2,PIEZAS,,,,,72,71,71,53.43,53.43,1,9999,,ID producto origen: 776 | Medida origen: Pieza(s),true,false,1,1,false
777,MAT-00777,7500372103963,FLOTA DE ESPONJA MANGO DE MADEDRA 9,,,category:materiales,Materiales,medida:2,PIEZAS,,,,,157.5,156.5,156.5,115.9,115.9,1,9999,,ID producto origen: 777 | Medida origen: Pieza(s),true,false,1,1,false
778,MAT-00778,7500372112866,"FLOTA DE ESPONJA MANGO MADERA 12""",,,category:materiales,Materiales,medida:2,PIEZAS,,,,,210,209,209,,,1,9999,,ID producto origen: 778 | Medida origen: Pieza(s),true,false,1,1,false
779,MAT-00779,7503027806820,DISCO DE CORTE DIAMANTE 4 1/2,,,category:materiales,Materiales,medida:2,PIEZAS,,,,,58,57,57,,,1,9999,,ID producto origen: 779 | Medida origen: Pieza(s),true,false,1,1,false
780,MAT-00780,,JAL DE PENJAMO,,,category:materiales,Materiales,medida:3,METROS,,,,,540,540,540,466.66,466.66,1,9999,,ID producto origen: 780 | Medida origen: Metro(s),true,true,1,1,true
781,MAT-00781,,PEGAPISO ADE1000,,,category:materiales,Materiales,medida:2,PIEZAS,,,,,89,88,88,81.4,81.4,1,9999,,ID producto origen: 781 | Medida origen: Pieza(s),true,false,1,1,false
782,MAT-00782,,PEGAPORCELANICO,,,category:materiales,Materiales,medida:2,PIEZAS,,,,,190,189,189,170,170,1,9999,,ID producto origen: 782 | Medida origen: Pieza(s),true,false,1,1,false
783,MAT-00783,7502309110419,PLAFON 15W 17.3 CM,,,category:materiales,Materiales,medida:2,PIEZAS,,,,,54,53,53,38.81,38.81,1,9999,,ID producto origen: 783 | Medida origen: Pieza(s),true,false,1,1,false
784,MAT-00784,1257401426,PEGAMENTO PARA PVC AMARILLO TUBO 59ML,,,category:materiales,Materiales,medida:2,PIEZAS,,,,,32,31,31,,,1,9999,,ID producto origen: 784 | Medida origen: Pieza(s),true,false,1,1,false
785,MAT-00785,1257401425,PEGAMENTO PARA PVC AZUL TUBO 59ML,,,category:materiales,Materiales,medida:2,PIEZAS,,,,,30,29,29,,,1,9999,,ID producto origen: 785 | Medida origen: Pieza(s),true,false,1,1,false
786,MAT-00786,1257410229,PEGAMENTO PARA PVC AZUL LATA 59 ML,,,category:materiales,Materiales,medida:2,PIEZAS,,,,,43,42,42,,,1,9999,,ID producto origen: 786 | Medida origen: Pieza(s),true,false,1,1,false
787,MAT-00787,7501973706997,CINTA TEFLON 1/2 (DICA),,,category:materiales,Materiales,medida:2,PIEZAS,,,,,4,4,4,,,1,9999,,ID producto origen: 787 | Medida origen: Pieza(s),true,false,1,1,true
788,MAT-00788,9299600281,PEGAMENTO PARA PVC AZUL LATA 118ML,,,category:materiales,Materiales,medida:2,PIEZAS,,,,,58,57,57,40.46,40.46,1,9999,,ID producto origen: 788 | Medida origen: Pieza(s),true,false,1,1,false
789,MAT-00789,7503007746160,LIMPIADOR CONTACT 205 CON APLICADOR 240 ML,,,category:materiales,Materiales,medida:2,PIEZAS,,,,,80,79,79,,,1,9999,,ID producto origen: 789 | Medida origen: Pieza(s),true,false,1,1,false
790,MAT-00790,1257410223,PEGAMENTO PARA PVC AMARILLO LATA 59 ML,,,category:materiales,Materiales,medida:2,PIEZAS,,,,,45,44,44,,,1,9999,,ID producto origen: 790 | Medida origen: Pieza(s),true,false,1,1,false
791,MAT-00791,1257401519,PEGAMENTO PARA PVC 118ML(LATA AMARILLA),,,category:materiales,Materiales,medida:2,PIEZAS,,,,,65,64,64,,,1,9999,,ID producto origen: 791 | Medida origen: Pieza(s),true,false,1,1,false
792,MAT-00792,7501973707017,CINTA TEFLON 3/4(DICA),,,category:materiales,Materiales,medida:2,PIEZAS,,,,,6,5,5,,,1,9999,,ID producto origen: 792 | Medida origen: Pieza(s),true,false,1,1,false
793,MAT-00793,7501081093200,GUANTE ALGODON C/PUNTOS PVC,,,category:materiales,Materiales,medida:2,PIEZAS,,,,,33,32,32,,,1,9999,,ID producto origen: 793 | Medida origen: Pieza(s),true,false,1,1,false
794,MAT-00794,727502100112,CILINDRO GAS(4KG),,,category:materiales,Materiales,medida:2,PIEZAS,,,,,1116,1115,1115,,,1,9999,,ID producto origen: 794 | Medida origen: Pieza(s),true,false,1,1,false
795,MAT-00795,727502100129,CILINDRO GAS(6KG),,,category:materiales,Materiales,medida:2,PIEZAS,,,,,1275,1274,1274,,,1,9999,,ID producto origen: 795 | Medida origen: Pieza(s),true,false,1,1,false
796,MAT-00796,0487934353073,CILINDRO GAS(10KGS),,,category:materiales,Materiales,medida:2,PIEZAS,,,,,1029,1028,1028,,,1,9999,uploads/productos/WhatsApp Image 2025-09-26 at 08.22.21.jpeg,ID producto origen: 796 | Medida origen: Pieza(s) | Generado sistema origen: 1,true,false,1,1,false
797,MAT-00797,733704550228,ACEITE 2 TIEMPOS PARA 20 LITROS (STIHL),,,category:materiales,Materiales,medida:2,PIEZAS,,,,,145,144,144,483.87,483.87,1,9999,,ID producto origen: 797 | Medida origen: Pieza(s),true,false,1,1,false
798,MAT-00798,733704550211,ACEITE 2 TIEMPOS PARA 5 LITROS (STIHL),,,category:materiales,Materiales,medida:2,PIEZAS,,,,,49,48,48,,,1,9999,,ID producto origen: 798 | Medida origen: Pieza(s),true,false,1,1,false
799,MAT-00799,,SOGA ECONOMICA 10 MM3/8,,,category:materiales,Materiales,medida:1,KILOS,,,,,85,84,84,2914.84,2914.84,1,9999,,ID producto origen: 799 | Medida origen: Kilo(s),true,true,1,1,false
800,MAT-00800,,SOGA ECONOMICA 13MM 1/2,,,category:materiales,Materiales,medida:1,KILOS,,,,,86,85,85,1975.79,1975.79,1,9999,,ID producto origen: 800 | Medida origen: Kilo(s),true,true,1,1,false
801,MAT-00801,,SOGA ECONOMICA 16 MM 5/8,,,category:materiales,Materiales,medida:1,KILOS,,,,,85,84,84,1828.53,1828.53,1,9999,,ID producto origen: 801 | Medida origen: Kilo(s),true,true,1,1,false
802,MAT-00802,7501081097383,GUANTE DE NITRILO ELASTICO CH,,,category:materiales,Materiales,medida:2,PIEZAS,,,,,64,63,63,47.71,47.71,1,9999,,ID producto origen: 802 | Medida origen: Pieza(s),true,false,1,1,false
803,MAT-00803,7501081097727,GUANTE DE NITRILO ELASTICO G,,,category:materiales,Materiales,medida:2,PIEZAS,,,,,74,73,73,55.13,55.13,1,9999,,ID producto origen: 803 | Medida origen: Pieza(s),true,false,1,1,false
804,MAT-00804,7800665318068,TAPA PARA REGISTRO REDONDA 1/2 GALVANIZADA,,,category:materiales,Materiales,medida:2,PIEZAS,,,,,3,3,3,2.22,2.22,1,9999,uploads/productos/WhatsApp Image 2025-09-26 at 2.18.29 PM_1706.jpeg,ID producto origen: 804 | Medida origen: Pieza(s) | Generado sistema origen: 1,true,false,1,1,true
805,MAT-00805,,ANILLO 11 X 11,,,category:materiales,Materiales,medida:1,KILOS,,,,,20.5,20.5,20.5,,,1,9999,,ID producto origen: 805 | Medida origen: Kilo(s),false,true,1,1,true
806,MAT-00806,1945449151656,CODO COBRE 1/2 X 90,,,category:materiales,Materiales,medida:2,PIEZAS,,,,,20,20,20,11.38,11.38,1,9999,uploads/productos/WhatsApp Image 2025-09-27 at 12.05.59 PM.jpeg,ID producto origen: 806 | Medida origen: Pieza(s) | Generado sistema origen: 1,true,false,1,1,true
807,MAT-00807,3066032490070,CODO COBRE 1/2 X 45,,,category:materiales,Materiales,medida:2,PIEZAS,,,,,28,27,27,20.65,20.65,1,9999,uploads/productos/WhatsApp Image 2025-09-27 at 11.34.47 AM (1).jpeg,ID producto origen: 807 | Medida origen: Pieza(s) | Generado sistema origen: 1,true,false,1,1,false
808,MAT-00808,0326119376004,CODO COBRE 3/4 X 90,,,category:materiales,Materiales,medida:2,PIEZAS,,,,,34,33,33,25.28,25.28,1,9999,uploads/productos/WhatsApp Image 2025-09-27 at 12.06.01 PM (1).jpeg,ID producto origen: 808 | Medida origen: Pieza(s) | Generado sistema origen: 1,true,false,1,1,false
809,MAT-00809,1662081104528,CODO COBRE 3/4 X 45,,,category:materiales,Materiales,medida:2,PIEZAS,,,,,47,46,46,35.15,35.15,1,9999,uploads/productos/WhatsApp Image 2025-09-27 at 11.34.47 AM.jpeg,ID producto origen: 809 | Medida origen: Pieza(s) | Generado sistema origen: 1,true,false,1,1,false
810,MAT-00810,1936599843935,CODO PIPA HEMBRA 1/2 COBRE,,,category:materiales,Materiales,medida:2,PIEZAS,,,,,71,70,70,53.06,53.06,1,9999,uploads/productos/WhatsApp Image 2025-09-29 at 8.36.02 AM.jpeg,ID producto origen: 810 | Medida origen: Pieza(s) | Generado sistema origen: 1,true,false,1,1,false
811,MAT-00811,2965485731291,CODO PIPA HEMBRA 3/4 COBRE,,,category:materiales,Materiales,medida:2,PIEZAS,,,,,159,158,158,117.94,117.94,1,9999,uploads/productos/WhatsApp Image 2025-09-29 at 8.35.56 AM.jpeg,ID producto origen: 811 | Medida origen: Pieza(s) | Generado sistema origen: 1,true,false,1,1,false
812,MAT-00812,,TUBO KOBREX P/MUFA CONDUIT 1P 1/4 X 4MT,,,category:materiales,Materiales,medida:2,PIEZAS,,,,,380,379,379,282.58,282.58,1,9999,,ID producto origen: 812 | Medida origen: Pieza(s),true,false,1,1,false
813,MAT-00813,9127900720,BASE P/MEDIDOR MONOFASICA,,,category:materiales,Materiales,medida:2,PIEZAS,,,,,221,220,220,164.55,164.55,1,9999,,ID producto origen: 813 | Medida origen: Pieza(s),true,false,1,1,false
814,MAT-00814,5581401372811,CONECTOR COBRE ROSCA HEMBRA 1/2,,,category:materiales,Materiales,medida:2,PIEZAS,,,,,40,40,40,25.43,25.43,1,9999,uploads/productos/WhatsApp Image 2025-09-27 at 12.47.39 PM.jpeg,ID producto origen: 814 | Medida origen: Pieza(s) | Generado sistema origen: 1,true,false,1,1,true
815,MAT-00815,9213404537398,CONECTOR COBRE ROSCA HEMBRA 3/4,,,category:materiales,Materiales,medida:2,PIEZAS,,,,,51,50,50,37.9,37.9,1,9999,uploads/productos/WhatsApp Image 2025-09-27 at 12.41.43 PM.jpeg,ID producto origen: 815 | Medida origen: Pieza(s) | Generado sistema origen: 1,true,false,1,1,false
816,MAT-00816,,CONECTOR COBRE ROSCA (INT) 1/2,,,category:materiales,Materiales,medida:2,PIEZAS,,,,,23,22,22,,,1,9999,,ID producto origen: 816 | Medida origen: Pieza(s),false,false,1,1,false
817,MAT-00817,6244217048057,CONECTOR COBRE ROSCA MACHO 3/4,,,category:materiales,Materiales,medida:2,PIEZAS,,,,,45,44,44,33.71,33.71,1,9999,uploads/productos/WhatsApp Image 2025-09-27 at 12.58.05 PM.jpeg,ID producto origen: 817 | Medida origen: Pieza(s) | Generado sistema origen: 1,true,false,1,1,false
818,MAT-00818,1157385338798,TEE COBRE 1/2,,,category:materiales,Materiales,medida:2,PIEZAS,,,,,29,29,29,17.37,17.37,1,9999,uploads/productos/WhatsApp Image 2025-09-27 at 11.34.46 AM.jpeg,ID producto origen: 818 | Medida origen: Pieza(s) | Generado sistema origen: 1,true,false,1,1,true
819,MAT-00819,2504768600062,TEE COBRE 3/4,,,category:materiales,Materiales,medida:2,PIEZAS,,,,,62,61,61,46.41,46.41,1,9999,uploads/productos/WhatsApp Image 2025-09-27 at 11.34.46 AM (1).jpeg,ID producto origen: 819 | Medida origen: Pieza(s) | Generado sistema origen: 1,true,false,1,1,false
820,MAT-00820,7305121874527,TUBO NACOBRE 1/2,,,category:materiales,Materiales,medida:2,PIEZAS,,,,,886,885,885,658.43,658.43,1,9999,uploads/productos/WhatsApp Image 2025-11-19 at 11.59.00 AM (1).jpeg,ID producto origen: 820 | Medida origen: Pieza(s) | Generado sistema origen: 1,true,false,1,1,false
821,MAT-00821,1822311436434,TUBO NACOBRE 3/4,,,category:materiales,Materiales,medida:2,PIEZAS,,,,,1460,1459,1459,1085.08,1085.08,1,9999,uploads/productos/WhatsApp Image 2025-11-19 at 12.10.12 PM.jpeg,ID producto origen: 821 | Medida origen: Pieza(s) | Generado sistema origen: 1,true,false,1,1,false
822,MAT-00822,9302244578408,TUBO PVC CONDT PESADO 1/2,,,category:materiales,Materiales,medida:2,PIEZAS,,,,,25,24,24,15.29,15.29,1,9999,uploads/productos/WhatsApp Image 2025-11-19 at 12.19.39 PM.jpeg,ID producto origen: 822 | Medida origen: Pieza(s) | Generado sistema origen: 1,true,false,1,1,false
823,MAT-00823,0583861302082,TUBO PVC CONDT PESADO 3/4,,,category:materiales,Materiales,medida:2,PIEZAS,,,,,33,32,32,20.44,20.44,1,9999,uploads/productos/WhatsApp Image 2025-11-19 at 12.19.29 PM.jpeg,ID producto origen: 823 | Medida origen: Pieza(s) | Generado sistema origen: 1,true,false,1,1,false
824,MAT-00824,6466490786949,CONECTOR COBRE ROSCA MACHO 1/2,,,category:materiales,Materiales,medida:2,PIEZAS,,,,,23,22,22,17.43,17.43,1,9999,uploads/productos/WhatsApp Image 2025-09-27 at 12.56.28 PM.jpeg,ID producto origen: 824 | Medida origen: Pieza(s) | Generado sistema origen: 1,true,false,1,1,false
825,MAT-00825,,CEMENTO BIGBAG,,,category:materiales,Materiales,medida:1,KILOS,,,,,3900,3900,3900,3498.48,3498.48,1,9999,,ID producto origen: 825 | Medida origen: Kilo(s),false,true,1,1,true
826,MAT-00826,7506325114208,BRIDA WC 3P,,,category:materiales,Materiales,medida:2,PIEZAS,,,,,130,129,129,96.92,96.92,1,9999,,ID producto origen: 826 | Medida origen: Pieza(s),true,false,1,1,false
827,MAT-00827,71063191197,BRIDA FLEXIBLE 3P,,,category:materiales,Materiales,medida:2,PIEZAS,,,,,160,159,159,119.19,119.19,1,9999,,ID producto origen: 827 | Medida origen: Pieza(s),true,false,1,1,false
828,MAT-00828,7502252574146,EXTENSION BLANCA 10M,,,category:materiales,Materiales,medida:2,PIEZAS,,,,,52,51,51,39,39,1,9999,,ID producto origen: 828 | Medida origen: Pieza(s),true,false,1,1,false
829,MAT-00829,7502252574122,EXTENSION BLANCA 5M,,,category:materiales,Materiales,medida:2,PIEZAS,,,,,31,30,30,23,23,1,9999,,ID producto origen: 829 | Medida origen: Pieza(s),true,false,1,1,false
830,MAT-00830,502252574115,EXTENSION BLANCA 3M,,,category:materiales,Materiales,medida:2,PIEZAS,,,,,22,21,21,16,16,1,9999,,ID producto origen: 830 | Medida origen: Pieza(s),true,false,1,1,false
831,MAT-00831,7502252574160,EXTENSION USO RUDO 3M,,,category:materiales,Materiales,medida:2,PIEZAS,,,,,31,30,30,23,23,1,9999,,ID producto origen: 831 | Medida origen: Pieza(s),true,false,1,1,false
832,MAT-00832,7506401306350,EXTENSION USO RUDO 30M,,,category:materiales,Materiales,medida:2,PIEZAS,,,,,493,493,493,425,425,1,9999,,ID producto origen: 832 | Medida origen: Pieza(s),true,false,1,1,true
833,MAT-00833,500463049446,PLACA 1/APAGADOR 1/CONTACTO(BLANCO LUCEK),,,category:materiales,Materiales,medida:2,PIEZAS,,,,,40,39,39,29.63,29.63,1,9999,,ID producto origen: 833 | Medida origen: Pieza(s),true,false,1,1,false
834,MAT-00834,7502252573378,PLACA 1/APAGADOR 1/CONTACTO(PLATEADO LUCEK),,,category:materiales,Materiales,medida:2,PIEZAS,,,,,97,96,96,71.73,71.73,1,9999,,ID producto origen: 834 | Medida origen: Pieza(s),true,false,1,1,false
835,MAT-00835,7501973707963,"VALVULA PVC CEMENTAR 1 1/2""(DICA)",,,category:materiales,Materiales,medida:2,PIEZAS,,,,,157,156,156,117,117,1,9999,,ID producto origen: 835 | Medida origen: Pieza(s),true,false,1,1,false
836,MAT-00836,7501973707864,VALVULA PVC ROSCABLE 1/2,,,category:materiales,Materiales,medida:2,PIEZAS,,,,,41,40,40,30.4,30.4,1,9999,,ID producto origen: 836 | Medida origen: Pieza(s),true,false,1,1,false
837,MAT-00837,7501973707932,"VALVULA PVC CEMENTAR 3/4""(DICA)",,,category:materiales,Materiales,medida:2,PIEZAS,,,,,55,54,54,40.8,40.8,1,9999,,ID producto origen: 837 | Medida origen: Pieza(s),true,false,1,1,false
838,MAT-00838,7501973707970,VALVULA PVC CEMENTAR 2,,,category:materiales,Materiales,medida:2,PIEZAS,,,,,196,195,195,146,146,1,9999,,ID producto origen: 838 | Medida origen: Pieza(s),true,false,1,1,false
839,MAT-00839,3466470106241,CUELLO DE CERA,,,category:materiales,Materiales,medida:1,KILOS,,,,,38,37,37,28.65,28.65,1,9999,uploads/productos/WhatsApp Image 2025-09-27 at 13.05.34.jpeg,ID producto origen: 839 | Medida origen: Kilo(s) | Generado sistema origen: 1,true,true,1,1,false
840,MAT-00840,7501973707925,"VALVULA PVC CEMENTAR 1/2""(DICA)",,,category:materiales,Materiales,medida:2,PIEZAS,,,,,40,39,39,29.5,29.5,1,9999,,ID producto origen: 840 | Medida origen: Pieza(s),true,false,1,1,false
841,MAT-00841,7501973707871,VALVULA ESFERA PVC ROSCABLE 3/4,,,category:materiales,Materiales,medida:2,PIEZAS,,,,,59,58,58,43.8,43.8,1,9999,,ID producto origen: 841 | Medida origen: Pieza(s),true,false,1,1,false
842,MAT-00842,9380815867519,CUELLO DE CERA SIN GUIA,,,category:materiales,Materiales,medida:2,PIEZAS,,,,,35,34,34,26.1,26.1,1,9999,uploads/productos/WhatsApp Image 2025-09-27 at 13.05.12.jpeg,ID producto origen: 842 | Medida origen: Pieza(s) | Generado sistema origen: 1,true,false,1,1,false
843,MAT-00843,7501973707949,VALVULA PVC CEMENTAR 1,,,category:materiales,Materiales,medida:2,PIEZAS,,,,,75,74,74,55.4,55.4,1,9999,,ID producto origen: 843 | Medida origen: Pieza(s),true,false,1,1,false
844,MAT-00844,7501973707918,VALVULA ESFERA PVC ROSCABLE 2P,,,category:materiales,Materiales,medida:2,PIEZAS,,,,,207,206,206,154,154,1,9999,,ID producto origen: 844 | Medida origen: Pieza(s),true,false,1,1,false
845,MAT-00845,7501973707888,"VALVULA ESFERA PVC ROSCABLE 1""",,,category:materiales,Materiales,medida:2,PIEZAS,,,,,78,77,77,58,58,1,9999,,ID producto origen: 845 | Medida origen: Pieza(s),true,false,1,1,false
846,MAT-00846,710631909794,BRIDA FLEXIBLE CORTA 4P COFLEX,,,category:materiales,Materiales,medida:2,PIEZAS,,,,,158,157,157,117.6,117.6,1,9999,,ID producto origen: 846 | Medida origen: Pieza(s),true,false,1,1,false
847,MAT-00847,7502252574191,EXTENCION USO RUDO 10M,,,category:materiales,Materiales,medida:2,PIEZAS,,,,,81,80,80,60,60,1,9999,,ID producto origen: 847 | Medida origen: Pieza(s),true,false,1,1,false
848,MAT-00848,7500462462406,PLACA LUCEK 1 APAGADOR Y 1 CONTACTO NEGRO,,,category:materiales,Materiales,medida:2,PIEZAS,,,,,113,112,112,83.94,83.94,1,9999,,ID producto origen: 848 | Medida origen: Pieza(s),true,false,1,1,false
849,MAT-00849,7502252574177,EXTENSION USO RUDO 5 M,,,category:materiales,Materiales,medida:2,PIEZAS,,,,,46,45,45,34,34,1,9999,,ID producto origen: 849 | Medida origen: Pieza(s),true,false,1,1,false
850,MAT-00850,,CHUPON DE HULE NEGRO 2X1 1/4,,,category:materiales,Materiales,medida:2,PIEZAS,,,,,6,5,5,4.39,4.39,1,9999,,ID producto origen: 850 | Medida origen: Pieza(s),false,false,1,1,false
851,MAT-00851,6000681509438,SOLDADURA 7018 1/8 INFRA,,,category:materiales,Materiales,medida:1,KILOS,,,,,103,102,102,72.99,72.99,1,9999,uploads/productos/WhatsApp Image 2025-09-25 at 13.57.36.jpeg,ID producto origen: 851 | Medida origen: Kilo(s) | Generado sistema origen: 1,true,true,1,1,false
852,MAT-00852,,GRAVA,,,category:materiales,Materiales,medida:3,METROS,,,,,450,450,450,383.33,383.33,1,9999,,ID producto origen: 852 | Medida origen: Metro(s),true,true,1,1,true
853,MAT-00853,,ARENA DE SAN ISIDRO,,,category:materiales,Materiales,medida:3,METROS,,,,,650,650,650,566.66,566.66,1,9999,,ID producto origen: 853 | Medida origen: Metro(s),true,true,1,1,true
854,MAT-00854,7501658382164,ESCALERA 5 ESCALONES,,,category:materiales,Materiales,medida:2,PIEZAS,,,,,1936,1935,1935,1438.4,1438.4,1,9999,,ID producto origen: 854 | Medida origen: Pieza(s),true,false,1,1,false
855,MAT-00855,7501658382393,ESCALERA 6 ESCALONES,,,category:materiales,Materiales,medida:2,PIEZAS,,,,,2431,2430,2430,1806.7,1806.7,1,9999,,ID producto origen: 855 | Medida origen: Pieza(s),true,false,1,1,false
856,MAT-00856,7501658382157,ESCALERA 4 ESCALONES,,,category:materiales,Materiales,medida:2,PIEZAS,,,,,1736,1735,1735,1289.78,1289.78,1,9999,,ID producto origen: 856 | Medida origen: Pieza(s),true,false,1,1,false
857,MAT-00857,,BROCA PARA METAL 3/32,,,category:materiales,Materiales,medida:2,PIEZAS,,,,,13,12,12,9.48,9.48,1,9999,,ID producto origen: 857 | Medida origen: Pieza(s),true,false,1,1,false
858,MAT-00858,,BROCA PARA METAL 9/64,,,category:materiales,Materiales,medida:2,PIEZAS,,,,,16,15,15,12.07,12.07,1,9999,,ID producto origen: 858 | Medida origen: Pieza(s),true,false,1,1,false
859,MAT-00859,,BROCA PARA METAL 5/32,,,category:materiales,Materiales,medida:2,PIEZAS,,,,,17,16,16,12.93,12.93,1,9999,,ID producto origen: 859 | Medida origen: Pieza(s),true,false,1,1,false
860,MAT-00860,,BROCA PARA METAL 11/64,,,category:materiales,Materiales,medida:2,PIEZAS,,,,,21,20,20,15.52,15.52,1,9999,,ID producto origen: 860 | Medida origen: Pieza(s),true,false,1,1,false
861,MAT-00861,,BROCA PARA METAL 7/32,,,category:materiales,Materiales,medida:2,PIEZAS,,,,,32,31,31,24.13,24.13,1,9999,,ID producto origen: 861 | Medida origen: Pieza(s),true,false,1,1,false
862,MAT-00862,,BROCA PARA METAL 1/4X4,,,category:materiales,Materiales,medida:2,PIEZAS,,,,,43,42,42,15.95,15.95,1,9999,,ID producto origen: 862 | Medida origen: Pieza(s),true,false,1,1,false
863,MAT-00863,,BROCA PARA CONCRETO 3/16X4,,,category:materiales,Materiales,medida:2,PIEZAS,,,,,11.5,11.5,11.5,8.62,8.62,1,9999,,ID producto origen: 863 | Medida origen: Pieza(s),true,false,1,1,true
864,MAT-00864,,BROCA PARA CONCRETO 1/4X6,,,category:materiales,Materiales,medida:2,PIEZAS,,,,,16,15,15,12.07,12.07,1,9999,,ID producto origen: 864 | Medida origen: Pieza(s),true,false,1,1,false
865,MAT-00865,,BROCA PARA CONCRETO 5/16X6,,,category:materiales,Materiales,medida:2,PIEZAS,,,,,21,20,20,15.52,15.52,1,9999,,ID producto origen: 865 | Medida origen: Pieza(s),true,false,1,1,false
866,MAT-00866,,BROCA PARA CONCRETO 3/8X5,,,category:materiales,Materiales,medida:2,PIEZAS,,,,,25,24,24,18.97,18.97,1,9999,,ID producto origen: 866 | Medida origen: Pieza(s),true,false,1,1,false
867,MAT-00867,,BROCA PARA CONCRETO 3/8X5,,,category:materiales,Materiales,medida:2,PIEZAS,,,,,0,0,0,,,1,9999,,ID producto origen: 867 | Medida origen: Pieza(s),false,false,6,12,false
868,MAT-00868,7501206628515,BOLSA C/200 SEPARADORES 2MM,,,category:materiales,Materiales,medida:2,PIEZAS,,,,,25,24,24,18.97,18.97,1,9999,,ID producto origen: 868 | Medida origen: Pieza(s),true,false,1,1,false
869,MAT-00869,7501206628522,BOLSA C/150 SEPARADORES 3MM,,,category:materiales,Materiales,medida:2,PIEZAS,,,,,29,28,28,21.55,21.55,1,9999,,ID producto origen: 869 | Medida origen: Pieza(s),true,false,1,1,false
870,MAT-00870,7501206628539,BOLSA C/100 SEPARADORES 5MM,,,category:materiales,Materiales,medida:2,PIEZAS,,,,,31,30,30,23.28,23.28,1,9999,,ID producto origen: 870 | Medida origen: Pieza(s),true,false,1,1,false
871,MAT-00871,7501206630945,CUCHARA P/ALBAÑIL 6P(TRUPER),,,category:materiales,Materiales,medida:2,PIEZAS,,,,,150,149,149,111.21,111.21,1,9999,,ID producto origen: 871 | Medida origen: Pieza(s),true,false,1,1,false
872,MAT-00872,7501206643297,CORTADOR DE TUBO (PRETUL),,,category:materiales,Materiales,medida:2,PIEZAS,,,,,110,109,109,81.9,81.9,1,9999,,ID producto origen: 872 | Medida origen: Pieza(s),true,false,1,1,false
873,MAT-00873,7501206632512,CUCHARA P/ALBAÑIL 8P(PRETUL),,,category:materiales,Materiales,medida:2,PIEZAS,,,,,66,65,65,49.14,49.14,1,9999,,ID producto origen: 873 | Medida origen: Pieza(s),true,false,1,1,false
874,MAT-00874,7501206632529,CUCHARA P/ALBAÑIL 9P(PRETUL),,,category:materiales,Materiales,medida:2,PIEZAS,,,,,72,71,71,53.45,53.45,1,9999,,ID producto origen: 874 | Medida origen: Pieza(s),true,false,1,1,false
875,MAT-00875,7501206633366,CUCHARA P/ALBAÑIL 9P G(PRETUL),,,category:materiales,Materiales,medida:2,PIEZAS,,,,,83,82,82,62.32,62.32,1,9999,,ID producto origen: 875 | Medida origen: Pieza(s),true,false,1,1,false
876,MAT-00876,,CANDADO ANTIPALANCA 50MM(HERMEX BASIC),,,category:materiales,Materiales,medida:2,PIEZAS,,,,,191,190,190,142.24,142.24,1,9999,,ID producto origen: 876 | Medida origen: Pieza(s),true,false,1,1,false
877,MAT-00877,7501206674277,CANDADO DE HIERRO 38MM(HERMEX),,,category:materiales,Materiales,medida:2,PIEZAS,,,,,47,46,46,34.48,34.48,1,9999,,ID producto origen: 877 | Medida origen: Pieza(s),true,false,1,1,false
878,MAT-00878,7501206674291,CANDADO DE HIERRO 50MM(HERMEX),,,category:materiales,Materiales,medida:2,PIEZAS,,,,,73,72,72,54.31,54.31,1,9999,,ID producto origen: 878 | Medida origen: Pieza(s),true,false,1,1,false
879,MAT-00879,7501206674543,CANDADO DE HIERRO 45MM(HERMEX),,,category:materiales,Materiales,medida:2,PIEZAS,,,,,60,59,59,44.83,44.83,1,9999,,ID producto origen: 879 | Medida origen: Pieza(s),true,false,1,1,false
880,MAT-00880,7501206621936,HILO PARA ALBAÑIL(BLANCO TRUPER),,,category:materiales,Materiales,medida:2,PIEZAS,,,,,21,20,20,26.05,26.05,1,9999,,ID producto origen: 880 | Medida origen: Pieza(s),true,false,1,1,false
881,MAT-00881,,GANCHO RECTO,,,category:materiales,Materiales,medida:2,PIEZAS,,,,,10,10,10,,,1,9999,,ID producto origen: 881 | Medida origen: Pieza(s),true,false,1,1,true
882,MAT-00882,,GANCHO RECTO 2,,,category:materiales,Materiales,medida:2,PIEZAS,,,,,10,10,10,3245.99,3245.99,1,9999,,ID producto origen: 882 | Medida origen: Pieza(s),true,false,1,1,true
883,MAT-00883,,ADEFINE 25 KG,,,category:materiales,Materiales,medida:2,PIEZAS,,,,,115,114,114,96.24,96.24,1,9999,,ID producto origen: 883 | Medida origen: Pieza(s),true,false,1,1,false
884,MAT-00884,,JUNTEADOR MARFIL S/ARENA,,,category:materiales,Materiales,medida:2,PIEZAS,,,,,150,149,149,124.8,124.8,1,9999,,ID producto origen: 884 | Medida origen: Pieza(s),true,false,1,1,false
885,MAT-00885,3165140970556,DISCO DE SIERRA P/MADERA 7 1/4,,,category:materiales,Materiales,medida:2,PIEZAS,,,,,175,174,174,129.5,129.5,1,9999,,ID producto origen: 885 | Medida origen: Pieza(s),true,false,1,1,false
886,MAT-00886,,JUNTEADOR GRIS S/ARENA,,,category:materiales,Materiales,medida:2,PIEZAS,,,,,150,149,149,124.8,124.8,1,9999,,ID producto origen: 886 | Medida origen: Pieza(s),true,false,1,1,false
887,MAT-00887,,JUNTEADOR NEGRO S/ARENA,,,category:materiales,Materiales,medida:2,PIEZAS,,,,,150,149,149,124.8,124.8,1,9999,,ID producto origen: 887 | Medida origen: Pieza(s),true,false,1,1,false
888,MAT-00888,,JUNTEADOR ROJO S/ARENA,,,category:materiales,Materiales,medida:2,PIEZAS,,,,,150,149,149,124.8,124.8,1,9999,,ID producto origen: 888 | Medida origen: Pieza(s),true,false,1,1,false
889,MAT-00889,,BOQUILLA C/ARENA 10K BLANCO,,,category:materiales,Materiales,medida:2,PIEZAS,,,,,170,169,169,145.4,145.4,1,9999,,ID producto origen: 889 | Medida origen: Pieza(s),true,false,1,1,false
890,MAT-00890,,BOQUILLA C/ARENA 10K MARFIL,,,category:materiales,Materiales,medida:2,PIEZAS,,,,,170,169,169,145.4,145.4,1,9999,,ID producto origen: 890 | Medida origen: Pieza(s),true,false,1,1,false
891,MAT-00891,,BOQUILLA C/ARENA 10K NEGRO,,,category:materiales,Materiales,medida:2,PIEZAS,,,,,170,169,169,145.4,145.4,1,9999,,ID producto origen: 891 | Medida origen: Pieza(s),true,false,1,1,false
892,MAT-00892,,BOQUILLA C/ARENA 10K GRIS,,,category:materiales,Materiales,medida:2,PIEZAS,,,,,170,169,169,145.4,145.4,1,9999,,ID producto origen: 892 | Medida origen: Pieza(s),true,false,1,1,false
893,MAT-00893,,BOQUILLA C/ARENA 10K ROJO,,,category:materiales,Materiales,medida:2,PIEZAS,,,,,170,169,169,145.4,145.4,1,9999,,ID producto origen: 893 | Medida origen: Pieza(s),true,false,1,1,false
894,MAT-00894,506240647089,ACEITE 4 TIEMPOS 400 ML,,,category:materiales,Materiales,medida:2,PIEZAS,,,,,68,67,67,59,59,1,9999,,ID producto origen: 894 | Medida origen: Pieza(s),true,false,1,1,false
895,MAT-00895,506240647096,ACEITE 4 TIEMPOS 1000 ML,,,category:materiales,Materiales,medida:2,PIEZAS,,,,,133,132,132,115,115,1,9999,,ID producto origen: 895 | Medida origen: Pieza(s),true,false,1,1,false
896,MAT-00896,,RACK PARA PALAS,,,category:materiales,Materiales,medida:2,PIEZAS,,,,,1,1,1,2125,2125,1,9999,,ID producto origen: 896 | Medida origen: Pieza(s),true,false,1,1,true
897,MAT-00897,9234118838625,DISCO DIAMANTE 4 1/2,,,category:materiales,Materiales,medida:2,PIEZAS,,,,,34,33,33,28,28,1,9999,uploads/productos/WhatsApp Image 2025-09-25 at 08.54.43.jpeg,ID producto origen: 897 | Medida origen: Pieza(s) | Generado sistema origen: 1,true,false,1,1,false
898,MAT-00898,4861080167368,LENTE TRANSPARENTE LION TOOLS,,,category:materiales,Materiales,medida:2,PIEZAS,,,,,22,21,21,18.67,18.67,1,9999,uploads/productos/WhatsApp Image 2025-09-25 at 14.48.20.jpeg,ID producto origen: 898 | Medida origen: Pieza(s) | Generado sistema origen: 1,true,false,1,1,false
899,MAT-00899,7984093950141,LENTE NEGRO LION TOOLS,,,category:materiales,Materiales,medida:2,PIEZAS,,,,,22,21,21,18.67,18.67,1,9999,uploads/productos/WhatsApp Image 2025-09-25 at 14.47.46.jpeg,ID producto origen: 899 | Medida origen: Pieza(s) | Generado sistema origen: 1,true,false,1,1,false
900,MAT-00900,8249880854583,GUANTE NITRILO M (LION TOOLS),,,category:materiales,Materiales,medida:2,PIEZAS,,,,,17,16,16,13.5,13.5,1,9999,uploads/productos/WhatsApp Image 2025-09-25 at 15.00.33.jpeg,ID producto origen: 900 | Medida origen: Pieza(s) | Generado sistema origen: 1,true,false,1,1,false
901,MAT-00901,0162685692342,CALENTADOR D/INMERSION,,,category:materiales,Materiales,medida:2,PIEZAS,,,,,42,41,41,35.33,35.33,1,9999,uploads/productos/WhatsApp Image 2025-09-25 at 3.19.30 PM.jpeg,ID producto origen: 901 | Medida origen: Pieza(s) | Generado sistema origen: 1,true,false,1,1,false
902,MAT-00902,7503048422849,PEGA RATON,,,category:materiales,Materiales,medida:2,PIEZAS,,,,,15,14,14,12.67,12.67,1,9999,,ID producto origen: 902 | Medida origen: Pieza(s),true,false,1,1,false
903,MAT-00903,,MEZCLERO CHICO,,,category:materiales,Materiales,medida:2,PIEZAS,,,,,150,150,150,149.33,149.33,1,9999,,ID producto origen: 903 | Medida origen: Pieza(s),true,false,1,1,true
904,MAT-00904,,MEZCLERO GRANDE 61X43,,,category:materiales,Materiales,medida:2,PIEZAS,,,,,170,170,170,120,120,1,9999,,ID producto origen: 904 | Medida origen: Pieza(s),true,false,1,1,true
905,MAT-00905,2910463615766,AMARRADOR 1/2,,,category:materiales,Materiales,medida:2,PIEZAS,,,,,78,77,77,65.33,65.33,1,9999,uploads/productos/WhatsApp Image 2025-09-25 at 15.31.23.jpeg,ID producto origen: 905 | Medida origen: Pieza(s) | Generado sistema origen: 1,true,false,1,1,false
906,MAT-00906,,ANILLO 10X12,,,category:materiales,Materiales,medida:1,KILOS,,,,,25,25,25,22,22,1,9999,,ID producto origen: 906 | Medida origen: Kilo(s),true,true,1,1,true
907,MAT-00907,8804386128394,TUERCA P/TINACO 1 1/2,,,category:materiales,Materiales,medida:2,PIEZAS,,,,,48,47,47,35.82,35.82,1,9999,uploads/productos/WhatsApp Image 2025-09-27 at 13.04.56.jpeg,ID producto origen: 907 | Medida origen: Pieza(s) | Generado sistema origen: 1,true,false,1,1,false
908,MAT-00908,7501973705785,VALVULA ESFERA ROSCABLE 1,,,category:materiales,Materiales,medida:2,PIEZAS,,,,,195,194,194,145,145,1,9999,,ID producto origen: 908 | Medida origen: Pieza(s),true,false,1,1,false
909,MAT-00909,7501973705778,"VALVULA ESFERA ROSCABLE 3/4 ""DICA""",,,category:materiales,Materiales,medida:2,PIEZAS,,,,,114,113,113,84.9,84.9,1,9999,,ID producto origen: 909 | Medida origen: Pieza(s),true,false,1,1,false
910,MAT-00910,,VALVULA ESFERA ROSCABLE 1/2,,,category:materiales,Materiales,medida:2,PIEZAS,,,,,79,78,78,58.59,58.59,1,9999,,ID producto origen: 910 | Medida origen: Pieza(s),false,false,1,1,false
911,MAT-00911,,PLACA LUCEK 1 APAGADOR ESCALERA(BLANCA),,,category:materiales,Materiales,medida:2,PIEZAS,,,,,28,27,27,20.56,20.56,1,9999,,ID producto origen: 911 | Medida origen: Pieza(s),false,false,1,1,false
912,MAT-00912,7502252572128,PLACA LUCEK 1 APAGADOR SENCILLO(BLANCA),,,category:materiales,Materiales,medida:2,PIEZAS,,,,,26,25,25,19.23,19.23,1,9999,,ID producto origen: 912 | Medida origen: Pieza(s),true,false,1,1,false
913,MAT-00913,,ARENA DE GUADALAJARA,,,category:materiales,Materiales,medida:3,METROS,,,,,530,530,530,1089.29,1089.29,1,9999,,ID producto origen: 913 | Medida origen: Metro(s),true,true,1,1,true
914,MAT-00914,,PEGAPISO GRIS,,,category:materiales,Materiales,medida:2,PIEZAS,,,,,73,73,73,60.25,60.25,1,9999,,ID producto origen: 914 | Medida origen: Pieza(s),false,false,1,1,true
915,MAT-00915,,PEGAPORCELANICO GRIS,,,category:materiales,Materiales,medida:2,PIEZAS,,,,,158,158,158,157.52,157.52,1,9999,,ID producto origen: 915 | Medida origen: Pieza(s),false,false,1,1,true
916,MAT-00916,,APAGADOR 4 VIAS 1 MODULO(BLANCO),,,category:materiales,Materiales,medida:2,PIEZAS,,,,,37,36,36,27.54,27.54,1,9999,,ID producto origen: 916 | Medida origen: Pieza(s),true,false,1,1,false
917,MAT-00917,,PLACA LUCEK 1 TOMA COAXIAL BLANCA,,,category:materiales,Materiales,medida:2,PIEZAS,,,,,30,29,29,22.38,22.38,1,9999,,ID producto origen: 917 | Medida origen: Pieza(s),true,false,1,1,false
918,MAT-00918,,PLACA 2 INTERRUCTORES DE ESCALERA 1.5 MODULOS,,,category:materiales,Materiales,medida:2,PIEZAS,,,,,42,41,41,32.6,32.6,1,9999,,ID producto origen: 918 | Medida origen: Pieza(s),true,false,1,1,false
919,MAT-00919,,PLACA 1 INTERRUPTOR ESCALERA 1 CONTACTO,,,category:materiales,Materiales,medida:2,PIEZAS,,,,,42,41,41,31.47,31.47,1,9999,,ID producto origen: 919 | Medida origen: Pieza(s),true,false,1,1,false
920,MAT-00920,,PLACA 1 MODULO BLANCO,,,category:materiales,Materiales,medida:2,PIEZAS,,,,,64,63,63,47.37,47.37,1,9999,,ID producto origen: 920 | Medida origen: Pieza(s),true,false,1,1,false
921,MAT-00921,,PEGA PISO ADE,,,category:materiales,Materiales,medida:2,PIEZAS,,,,,73,73,73,69.89,69.89,1,9999,,ID producto origen: 921 | Medida origen: Pieza(s),false,false,1,1,true
922,MAT-00922,7501206620540,MARTILLO TRUPER UÑA RECTA,,,category:materiales,Materiales,medida:2,PIEZAS,,,,,104,103,103,,,1,9999,,ID producto origen: 922 | Medida origen: Pieza(s),true,false,1,1,false
923,MAT-00923,,ARENA DE ACUMBARO,,,category:materiales,Materiales,medida:3,METROS,,,,,330,330,330,150,150,1,9999,,ID producto origen: 923 | Medida origen: Metro(s),true,true,1,1,true
924,MAT-00924,7501206654477,BROCASIERRA 1,,,category:materiales,Materiales,medida:2,PIEZAS,,,,,191,190,190,142.24,142.24,1,9999,,ID producto origen: 924 | Medida origen: Pieza(s),true,false,1,1,false
925,MAT-00925,7501206654514,BROCASIERRA 1-1/2(TRUPER),,,category:materiales,Materiales,medida:2,PIEZAS,,,,,284,283,283,211.21,211.21,1,9999,,ID producto origen: 925 | Medida origen: Pieza(s),true,false,1,1,false
926,MAT-00926,7506240677208,FAJA NARANJA CINTAS DE ALTA VISIBILIDAD CH,,,category:materiales,Materiales,medida:2,PIEZAS,,,,,197,196,196,146.55,146.55,1,9999,,ID producto origen: 926 | Medida origen: Pieza(s),true,false,1,1,false
927,MAT-00927,7501206654538,BROCASIERRA 2,,,category:materiales,Materiales,medida:2,PIEZAS,,,,,365,364,364,422.59,422.59,1,9999,,ID producto origen: 927 | Medida origen: Pieza(s),true,false,1,1,false
928,MAT-00928,7506240677215,FAJA NARANJA CINTAS DE ALTA VISIBILIDAD M,,,category:materiales,Materiales,medida:2,PIEZAS,,,,,209,209,209,316.2,316.2,1,9999,,ID producto origen: 928 | Medida origen: Pieza(s),true,false,1,1,true
929,MAT-00929,7506240677222,FAJA NARANJA CINTAS DE ALTA VISIBILIDAD G,,,category:materiales,Materiales,medida:2,PIEZAS,,,,,197,196,196,146.55,146.55,1,9999,,ID producto origen: 929 | Medida origen: Pieza(s),true,false,1,1,false
930,MAT-00930,7506240621225,FAJA LUMBAR CH,,,category:materiales,Materiales,medida:2,PIEZAS,,,,,208,208,208,155.17,155.17,1,9999,,ID producto origen: 930 | Medida origen: Pieza(s),true,false,1,1,true
931,MAT-00931,7506240621232,FAJA LUMBAR EG,,,category:materiales,Materiales,medida:2,PIEZAS,,,,,186,185,185,240.7,240.7,1,9999,,ID producto origen: 931 | Medida origen: Pieza(s),true,false,1,1,false
932,MAT-00932,,"TUBO PVC CONDT 2"" (ELECTRICO)",,,category:materiales,Materiales,medida:2,PIEZAS,,,,,114,113,113,,,1,9999,,ID producto origen: 932 | Medida origen: Pieza(s),true,false,1,1,false
933,MAT-00933,,TUBO CORRUGADO 12P,,,category:materiales,Materiales,medida:2,PIEZAS,,,,,1888,1887,1887,1403.12,1403.12,1,9999,,ID producto origen: 933 | Medida origen: Pieza(s),true,false,1,1,false
934,MAT-00934,,PAYLOADER,,,category:materiales,Materiales,medida:2,PIEZAS,,,,,1000,1000,1000,,,1,9999,,ID producto origen: 934 | Medida origen: Pieza(s),true,false,1,1,true
935,MAT-00935,,MANITA DE CHANGO,,,category:materiales,Materiales,medida:2,PIEZAS,,,,,700,700,700,,,1,9999,,ID producto origen: 935 | Medida origen: Pieza(s),true,false,1,1,true
936,MAT-00936,,PIEDRA,,,category:materiales,Materiales,medida:3,METROS,,,,,1500,1500,1500,285.71,285.71,1,9999,,ID producto origen: 936 | Medida origen: Metro(s),true,true,7,7,true
937,MAT-00937,3812723773232,REDUCCION BUSHING 1X3/4,,,category:materiales,Materiales,medida:2,PIEZAS,,,,,27,26,26,19.89,19.89,1,9999,uploads/productos/WhatsApp Image 2025-09-29 at 3.14.14 PM.jpeg,ID producto origen: 937 | Medida origen: Pieza(s) | Generado sistema origen: 1,true,false,1,1,false
938,MAT-00938,8954653005719,REDUCCION BUSHING 3/4X1/2,,,category:materiales,Materiales,medida:2,PIEZAS,,,,,11,10,10,8.51,8.51,1,9999,uploads/productos/WhatsApp Image 2025-09-29 at 3.16.33 PM.jpeg,ID producto origen: 938 | Medida origen: Pieza(s) | Generado sistema origen: 1,true,false,1,1,false
939,MAT-00939,5949478324834,REDUCCION CAMPANA 3/4X1/2,,,category:materiales,Materiales,medida:2,PIEZAS,,,,,15,14,14,10.9,10.9,1,9999,uploads/productos/WhatsApp Image 2025-09-29 at 2.58.29 PM.jpeg,ID producto origen: 939 | Medida origen: Pieza(s) | Generado sistema origen: 1,true,false,1,1,false
940,MAT-00940,8618114242852,REDUCCION CAMPANA 1,,,category:materiales,Materiales,medida:2,PIEZAS,,,,,20,19,19,14.58,14.58,1,9999,uploads/productos/WhatsApp Image 2025-09-29 at 2.58.29 PM_7408.jpeg,ID producto origen: 940 | Medida origen: Pieza(s) | Generado sistema origen: 1,true,false,1,1,false
941,MAT-00941,7506325101062,COLADERA SALIDA UNIVERSAL,,,category:materiales,Materiales,medida:2,PIEZAS,,,,,57,56,56,42,42,1,9999,,ID producto origen: 941 | Medida origen: Pieza(s) | Generado sistema origen: 0,true,false,1,1,false
942,MAT-00942,7503007746108,PEGAMENTO CONTACT AZUL PVC 120 ML,,,category:materiales,Materiales,medida:2,PIEZAS,,,,,62,61,61,52.58,52.58,1,9999,,ID producto origen: 942 | Medida origen: Pieza(s) | Generado sistema origen: 0,true,false,1,1,false
943,MAT-00943,6041373210843,REDUCCION BUSHING 1 1/4X1/2,,,category:materiales,Materiales,medida:2,PIEZAS,,,,,29,28,28,21.34,21.34,1,9999,uploads/productos/WhatsApp Image 2025-09-29 at 3.10.55 PM.jpeg,ID producto origen: 943 | Medida origen: Pieza(s) | Generado sistema origen: 1,true,false,1,1,false
944,MAT-00944,2467146493703,MANGUERA DE NIVEL TRANSP.,,,category:materiales,Materiales,medida:2,PIEZAS,,,,,7,6,6,5.25,5.25,1,9999,uploads/productos/WhatsApp Image 2025-09-25 at 14.05.08.jpeg,ID producto origen: 944 | Medida origen: Pieza(s) | Generado sistema origen: 1,true,false,1,1,false
945,MAT-00945,,TUBO GALVANIZADO 1/2 TAPA ROJA ROSCA,,,category:materiales,Materiales,medida:2,PIEZAS,,,,,565,565,565,2222.45,2222.45,1,9999,,ID producto origen: 945 | Medida origen: Pieza(s) | Generado sistema origen: 0,true,false,1,1,true
946,MAT-00946,,TUBO GALVANIZADO 3/4 TAPA ROJA ROSCA,,,category:materiales,Materiales,medida:2,PIEZAS,,,,,543,542,542,583.73,583.73,1,9999,,ID producto origen: 946 | Medida origen: Pieza(s) | Generado sistema origen: 0,true,false,1,1,false
947,MAT-00947,7506240639701,CANDADO ANTIPALANCA 60MM(HERMEX),,,category:materiales,Materiales,medida:2,PIEZAS,,,,,191,190,190,,,1,9999,,ID producto origen: 947 | Medida origen: Pieza(s) | Generado sistema origen: 0,true,false,1,1,false
948,MAT-00948,7502252573224,PLACA LUCEK 1 APAGADOR SENCILLO PLATEADO,,,category:materiales,Materiales,medida:2,PIEZAS,,,,,78,77,77,,,1,9999,,ID producto origen: 948 | Medida origen: Pieza(s) | Generado sistema origen: 0,true,false,1,1,false
949,MAT-00949,7501206620564,MARTILLO 16 OZ UÑA RECTA TRUPER,,,category:materiales,Materiales,medida:2,PIEZAS,,,,,104,103,103,,,1,9999,,ID producto origen: 949 | Medida origen: Pieza(s) | Generado sistema origen: 0,true,false,1,1,false
950,MAT-00950,,GAVETA,,,category:materiales,Materiales,medida:2,PIEZAS,,,,,17,17,17,17.24,17.24,0,9999,,ID producto origen: 950 | Medida origen: Pieza(s) | Generado sistema origen: 0,true,false,1,1,true
951,MAT-00951,4429822337082,HILO AZUL P/ALBAÑIL (PIOLA),,,category:materiales,Materiales,medida:2,PIEZAS,,,,,49,49,49,42.15,42.15,1,9999,uploads/productos/WhatsApp Image 2025-09-27 at 07.53.08.jpeg,ID producto origen: 951 | Medida origen: Pieza(s) | Generado sistema origen: 1,true,false,1,1,true
952,MAT-00952,7502252572142,PLACA LUCEK 2/APAGADORES SENCILLOS(BLANCA),,,category:materiales,Materiales,medida:2,PIEZAS,,,,,39,38,38,29.02,29.02,1,9999,,ID producto origen: 952 | Medida origen: Pieza(s) | Generado sistema origen: 0,true,false,1,1,false
953,MAT-00953,0783643334823,PASTILLA 30 AMPERES,,,category:materiales,Materiales,medida:2,PIEZAS,,,,,230,229,229,170.69,170.69,1,9999,,ID producto origen: 953 | Medida origen: Pieza(s) | Generado sistema origen: 0,true,false,1,1,false
954,MAT-00954,7506055139274,DISCO P/DESBASTE 4-1/2,,,category:materiales,Materiales,medida:2,PIEZAS,,,,,28,27,27,8.25,8.25,1,9999,,ID producto origen: 954 | Medida origen: Pieza(s) | Generado sistema origen: 0,true,false,1,1,false
955,MAT-00955,7501973706133,"VALVULA P/FLOTADOR 1/2"" (DICA)",,,category:materiales,Materiales,medida:2,PIEZAS,,,,,129,128,128,95.53,95.53,1,9999,,ID producto origen: 955 | Medida origen: Pieza(s) | Generado sistema origen: 0,true,false,1,1,false
956,MAT-00956,3264827023742,CODO OREJA CPVC 1/2,,,category:materiales,Materiales,medida:2,PIEZAS,,,,,68,67,67,5.57,5.57,1,9999,uploads/productos/WhatsApp Image 2025-09-29 at 14.59.58.jpeg,ID producto origen: 956 | Medida origen: Pieza(s) | Generado sistema origen: 1,true,false,1,1,false
957,MAT-00957,,TEPETATE,,,category:materiales,Materiales,medida:3,METROS,,,,,230,230,230,173.33,173.33,1,9999,,ID producto origen: 957 | Medida origen: Metro(s) | Generado sistema origen: 0,true,true,1,1,true
958,MAT-00958,,TEPETATE,,,category:materiales,Materiales,medida:3,METROS,,,,,0,0,0,,,1,9999,,ID producto origen: 958 | Medida origen: Metro(s) | Generado sistema origen: 0,false,true,6,12,false
959,MAT-00959,,TUBO SANITARIO PVC 6,,,category:materiales,Materiales,medida:2,PIEZAS,,,,,867,867,867,,,1,9999,,ID producto origen: 959 | Medida origen: Pieza(s) | Generado sistema origen: 0,true,false,1,1,true
960,MAT-00960,4797773707385,COPLE PVC 6,,,category:materiales,Materiales,medida:2,PIEZAS,,,,,35,35,35,25.59,25.59,1,9999,uploads/productos/WhatsApp Image 2025-10-01 at 3.08.31 PM.jpeg,ID producto origen: 960 | Medida origen: Pieza(s) | Generado sistema origen: 1,true,false,1,1,true
961,MAT-00961,2637148889020,"ABRAZADERA OMEGA 1/2""",,,category:materiales,Materiales,medida:2,PIEZAS,,,,,2,2,2,1.44,1.44,1,9999,uploads/productos/WhatsApp Image 2025-10-02 at 07.45.07.jpeg,ID producto origen: 961 | Medida origen: Pieza(s) | Generado sistema origen: 1,true,false,1,1,true
962,MAT-00962,,"TUBO PVC ABOCINADO 2""",,,category:materiales,Materiales,medida:2,PIEZAS,,,,,185,185,185,233.26,233.26,1,9999,,ID producto origen: 962 | Medida origen: Pieza(s) | Generado sistema origen: 0,true,false,1,1,true
963,MAT-00963,,"TUBO PVC ABOCINADO 1-1/2""",,,category:materiales,Materiales,medida:2,PIEZAS,,,,,234,233,233,174.16,174.16,1,9999,,ID producto origen: 963 | Medida origen: Pieza(s) | Generado sistema origen: 0,true,false,1,1,false
964,MAT-00964,,"TUBO PVC ABOCINADO 3/4""",,,category:materiales,Materiales,medida:2,PIEZAS,,,,,98,97,97,72.48,72.48,1,9999,,ID producto origen: 964 | Medida origen: Pieza(s) | Generado sistema origen: 0,true,false,1,1,false
965,MAT-00965,,"TUBO PVC ABOCINADO 1/2""",,,category:materiales,Materiales,medida:2,PIEZAS,,,,,72,71,71,53.87,53.87,1,9999,,ID producto origen: 965 | Medida origen: Pieza(s) | Generado sistema origen: 0,true,false,1,1,false
966,MAT-00966,3857388903228,PIJAS 10X2,,,category:materiales,Materiales,medida:2,PIEZAS,,,,,1,1,1,,,1,9999,uploads/productos/WhatsApp Image 2025-10-02 at 10.01.51 AM.jpeg,ID producto origen: 966 | Medida origen: Pieza(s) | Generado sistema origen: 1,true,false,1,1,true
967,MAT-00967,1535462065278,PIJAS 10X1 1/2,,,category:materiales,Materiales,medida:2,PIEZAS,,,,,0,0,0,,,1,9999,uploads/productos/WhatsApp Image 2025-10-02 at 10.01.51 AM (1).jpeg,ID producto origen: 967 | Medida origen: Pieza(s) | Generado sistema origen: 1,true,false,6,12,false
968,MAT-00968,6688687925881,PIJA 10X1,,,category:materiales,Materiales,medida:2,PIEZAS,,,,,0.5,0.5,0.5,,,1,9999,uploads/productos/WhatsApp Image 2025-10-02 at 10.01.51 AM (2).jpeg,ID producto origen: 968 | Medida origen: Pieza(s) | Generado sistema origen: 1,true,false,1,1,true
969,MAT-00969,0476905536553,PIJA 8X2,,,category:materiales,Materiales,medida:2,PIEZAS,,,,,1,1,1,,,1,9999,uploads/productos/WhatsApp Image 2025-10-02 at 10.01.51 AM (3).jpeg,ID producto origen: 969 | Medida origen: Pieza(s) | Generado sistema origen: 1,true,false,1,1,true
970,MAT-00970,0953750080023,PIJA 8X1 1/2,,,category:materiales,Materiales,medida:2,PIEZAS,,,,,0.5,0.5,0.5,,,1,9999,uploads/productos/WhatsApp Image 2025-10-02 at 10.01.51 AM (4).jpeg,ID producto origen: 970 | Medida origen: Pieza(s) | Generado sistema origen: 1,true,false,1,1,true
971,MAT-00971,9863108408007,PIJAS P/LAMINA 8X1,,,category:materiales,Materiales,medida:2,PIEZAS,,,,,0.5,0.5,0.5,,,1,9999,uploads/productos/WhatsApp Image 2025-10-02 at 10.01.52 AM.jpeg,ID producto origen: 971 | Medida origen: Pieza(s) | Generado sistema origen: 1,true,false,1,1,true
972,MAT-00972,4853826065885,PIJA P/LAMINA 6X1 1/2,,,category:materiales,Materiales,medida:2,PIEZAS,,,,,0.5,0.5,0.5,,,1,9999,uploads/productos/WhatsApp Image 2025-10-02 at 10.01.53 AM.jpeg,ID producto origen: 972 | Medida origen: Pieza(s) | Generado sistema origen: 1,true,false,1,1,true
973,MAT-00973,9221830381188,PIJA 6X1,,,category:materiales,Materiales,medida:2,PIEZAS,,,,,0.5,0.5,0.5,,,1,9999,uploads/productos/WhatsApp Image 2025-10-02 at 10.01.53 AM (1).jpeg,ID producto origen: 973 | Medida origen: Pieza(s) | Generado sistema origen: 1,true,false,1,1,true
974,MAT-00974,4234715510455,TORNILLO 5/8X1-3/4(PAVONADO),,,category:materiales,Materiales,medida:2,PIEZAS,,,,,9,8,8,,,1,9999,uploads/productos/WhatsApp Image 2025-10-02 at 09.57.10.jpeg,ID producto origen: 974 | Medida origen: Pieza(s) | Generado sistema origen: 1,true,false,1,1,false
975,MAT-00975,2417253391218,TORNILLO 5/8X3(PAVONADO),,,category:materiales,Materiales,medida:2,PIEZAS,,,,,14,14,14,11.79,11.79,1,9999,uploads/productos/WhatsApp Image 2025-10-02 at 09.57.43 (1).jpeg,ID producto origen: 975 | Medida origen: Pieza(s) | Generado sistema origen: 1,true,false,1,1,true
976,MAT-00976,6923752968739,TORNILLO 5/8X3-1/2(PAVONADO),,,category:materiales,Materiales,medida:2,PIEZAS,,,,,12,11,11,,,1,9999,uploads/productos/WhatsApp Image 2025-10-02 at 09.57.55.jpeg,ID producto origen: 976 | Medida origen: Pieza(s) | Generado sistema origen: 1,true,false,1,1,false
977,MAT-00977,6648135990571,TORNILLO 5/8X4(PAVONADO),,,category:materiales,Materiales,medida:2,PIEZAS,,,,,19,19,19,15.92,15.92,1,9999,uploads/productos/WhatsApp Image 2025-10-02 at 09.58.05.jpeg,ID producto origen: 977 | Medida origen: Pieza(s) | Generado sistema origen: 1,true,false,1,1,true
978,MAT-00978,5859454970767,TORNILLO 5/8X7(PAVONADO),,,category:materiales,Materiales,medida:2,PIEZAS,,,,,32,32,32,27.4,27.4,1,9999,uploads/productos/WhatsApp Image 2025-10-02 at 10.00.04_2567.jpeg,ID producto origen: 978 | Medida origen: Pieza(s) | Generado sistema origen: 1,true,false,1,1,true
979,MAT-00979,,PEGAPISO GOL,,,category:materiales,Materiales,medida:2,PIEZAS,,,,,72,71,71,65,65,1,9999,,ID producto origen: 979 | Medida origen: Pieza(s) | Generado sistema origen: 0,true,false,1,1,false
980,MAT-00980,,ESTUCO,,,category:materiales,Materiales,medida:2,PIEZAS,,,,,146,146,146,142,142,1,9999,,ID producto origen: 980 | Medida origen: Pieza(s) | Generado sistema origen: 0,true,false,1,1,true
981,MAT-00981,,PEGAZULEJO GOL,,,category:materiales,Materiales,medida:2,PIEZAS,,,,,99,99,99,72,72,1,9999,,ID producto origen: 981 | Medida origen: Pieza(s) | Generado sistema origen: 0,true,false,1,1,true
982,MAT-00982,,PEGAPORCELANATO GRIS GOL,,,category:materiales,Materiales,medida:2,PIEZAS,,,,,132,131,131,164.58,164.58,1,9999,,ID producto origen: 982 | Medida origen: Pieza(s) | Generado sistema origen: 0,true,false,1,1,false
983,MAT-00983,7501206643495,JUEGO 8 LLAVES ALLEN(PRETUL),,,category:materiales,Materiales,medida:2,PIEZAS,,,,,23,22,22,20,20,1,9999,,ID producto origen: 983 | Medida origen: Pieza(s) | Generado sistema origen: 0,true,false,1,1,false
984,MAT-00984,7501206632130,GRIFA,,,category:materiales,Materiales,medida:2,PIEZAS,,,,,168,167,167,125,125,1,9999,,ID producto origen: 984 | Medida origen: Pieza(s) | Generado sistema origen: 0,true,false,1,1,false
985,MAT-00985,7501206602201,ARCO DE SOLERA P/SEGUETA,,,category:materiales,Materiales,medida:2,PIEZAS,,,,,99,98,98,88.34,88.34,1,9999,,ID producto origen: 985 | Medida origen: Pieza(s) | Generado sistema origen: 0,true,false,1,1,false
986,MAT-00986,,BOVEDILLA S/PATIN 13X58X3,,,category:materiales,Materiales,medida:2,PIEZAS,,,,,324,324,324,,,1,9999,,ID producto origen: 986 | Medida origen: Pieza(s) | Generado sistema origen: 0,true,false,1,1,true
987,MAT-00987,,CEMENTO BIGBAG,,,category:materiales,Materiales,medida:1,KILOS,,,,,4.23,4.23,4.23,3.65,3.65,1000,9999,,ID producto origen: 987 | Medida origen: Kilo(s) | Generado sistema origen: 0,true,true,1,1,true
988,MAT-00988,,BALASTRE,,,category:materiales,Materiales,medida:3,METROS,,,,,3800,3800,3800,,,1,9999,,ID producto origen: 988 | Medida origen: Metro(s) | Generado sistema origen: 0,true,true,14,14,true
989,MAT-00989,,BOVEDILLA 14X58X3,,,category:materiales,Materiales,medida:2,PIEZAS,,,,,346,346,346,,,1,9999,,ID producto origen: 989 | Medida origen: Pieza(s) | Generado sistema origen: 0,true,false,1,1,true
990,MAT-00990,,MORTERO HOLCIM 50 KILOS,,,category:materiales,Materiales,medida:2,PIEZAS,,,,,0,0,0,,,1,9999,,ID producto origen: 990 | Medida origen: Pieza(s) | Generado sistema origen: 0,false,false,6,12,false
991,MAT-00991,,MANGUERA NEGRA 1/2,,,category:materiales,Materiales,medida:2,PIEZAS,,,,,6,5,5,3.2,3.2,1,9999,,ID producto origen: 991 | Medida origen: Pieza(s) | Generado sistema origen: 0,true,false,1,1,false
992,MAT-00992,,MANGUERA NEGRA 3/4,,,category:materiales,Materiales,medida:2,PIEZAS,,,,,7.5,7.5,7.5,591,591,1,9999,,ID producto origen: 992 | Medida origen: Pieza(s) | Generado sistema origen: 0,true,false,1,1,true
993,MAT-00993,,MANGUERA NEGRA 1P,,,category:materiales,Materiales,medida:2,PIEZAS,,,,,1225,1225,1225,910.3,910.3,1,9999,,ID producto origen: 993 | Medida origen: Pieza(s) | Generado sistema origen: 0,true,false,1,1,true
994,MAT-00994,0506055445648,HULE NEGRO 6M,,,category:materiales,Materiales,medida:1,KILOS,,,,,56,55,55,37.63,37.63,1,9999,uploads/productos/WhatsApp Image 2025-10-16 at 11.24.48 AM.jpeg,ID producto origen: 994 | Medida origen: Kilo(s) | Generado sistema origen: 1,true,true,1,1,false
995,MAT-00995,,HULE NEGRO 4M,,,category:materiales,Materiales,medida:1,KILOS,,,,,56,55,55,37.63,37.63,1,9999,uploads/productos/WhatsApp Image 2025-10-16 at 11.24.48 AM (1).jpeg,ID producto origen: 995 | Medida origen: Kilo(s) | Generado sistema origen: 1,true,true,1,1,false
996,MAT-00996,6856751193690,CONECTOR PVC CONDUIT PESADO 1/2,,,category:materiales,Materiales,medida:2,PIEZAS,,,,,3,3,3,2.33,2.33,1,9999,uploads/productos/WhatsApp Image 2025-10-16 at 11.56.13 AM.jpeg,ID producto origen: 996 | Medida origen: Pieza(s) | Generado sistema origen: 1,true,false,1,1,true
997,MAT-00997,4052493583948,CONECTOR PVC CONDUIT PESADO 3/4,,,category:materiales,Materiales,medida:2,PIEZAS,,,,,4,4,4,2.92,2.92,1,9999,uploads/productos/WhatsApp Image 2025-10-16 at 11.56.05 AM.jpeg,ID producto origen: 997 | Medida origen: Pieza(s) | Generado sistema origen: 1,true,false,1,1,true
998,MAT-00998,7501206654897,FAJA LUMBAR M,,,category:materiales,Materiales,medida:2,PIEZAS,,,,,209,208,208,155.17,155.17,1,9999,,ID producto origen: 998 | Medida origen: Pieza(s) | Generado sistema origen: 0,true,false,1,1,false
999,MAT-00999,,BASE PARA TINACO,,,category:materiales,Materiales,medida:2,PIEZAS,,,,,1380,1380,1380,1200,1200,1,9999,,ID producto origen: 999 | Medida origen: Pieza(s) | Generado sistema origen: 0,true,false,1,1,true
1000,MAT-01000,1529900948,"DISCO CORTE 14""",,,category:materiales,Materiales,medida:2,PIEZAS,,,,,75,75,75,55,55,1,9999,,ID producto origen: 1000 | Medida origen: Pieza(s) | Generado sistema origen: 0,true,false,1,1,true
1001,MAT-01001,1529900952,DISCO LAMINADO 60 DRAGON,,,category:materiales,Materiales,medida:1,KILOS,,,,,34,33,33,28,28,1,9999,,ID producto origen: 1001 | Medida origen: Kilo(s) | Generado sistema origen: 0,true,true,1,1,false
1002,MAT-01002,9620507422,DISCO LAMINADO 80 DRAGON,,,category:materiales,Materiales,medida:2,PIEZAS,,,,,34,33,33,28,28,1,9999,,ID producto origen: 1002 | Medida origen: Pieza(s) | Generado sistema origen: 0,true,false,1,1,false
1003,MAT-01003,1529900954,DISCO LAMINADO 120 DRAGON,,,category:materiales,Materiales,medida:2,PIEZAS,,,,,34,33,33,28,28,1,9999,,ID producto origen: 1003 | Medida origen: Pieza(s) | Generado sistema origen: 0,true,false,1,1,false
1004,MAT-01004,,BROCA CONCRETO 5/16X12,,,category:materiales,Materiales,medida:2,PIEZAS,,,,,39,38,38,31.73,31.73,1,9999,,ID producto origen: 1004 | Medida origen: Pieza(s) | Generado sistema origen: 0,true,false,1,1,false
1005,MAT-01005,,BROCA CONCRETO 3/8X12,,,category:materiales,Materiales,medida:2,PIEZAS,,,,,53,52,52,44.17,44.17,1,9999,,ID producto origen: 1005 | Medida origen: Pieza(s) | Generado sistema origen: 0,true,false,1,1,false
1006,MAT-01006,,BROCA CONCRETO 1/4X3,,,category:materiales,Materiales,medida:2,PIEZAS,,,,,13,12,12,11.17,11.17,1,9999,,ID producto origen: 1006 | Medida origen: Pieza(s) | Generado sistema origen: 0,true,false,1,1,false
1007,MAT-01007,,BROCA CONCRETO 5/16X6,,,category:materiales,Materiales,medida:2,PIEZAS,,,,,30,29,29,24.62,24.62,1,9999,,ID producto origen: 1007 | Medida origen: Pieza(s) | Generado sistema origen: 0,true,false,1,1,false
1008,MAT-01008,,BROCA CONCRETO 3/8X6,,,category:materiales,Materiales,medida:2,PIEZAS,,,,,32,31,31,26.16,26.16,1,9999,,ID producto origen: 1008 | Medida origen: Pieza(s) | Generado sistema origen: 0,true,false,1,1,false
1009,MAT-01009,,BROCA CONCRETO 1/2X6,,,category:materiales,Materiales,medida:2,PIEZAS,,,,,45,44,44,37.14,37.14,1,9999,,ID producto origen: 1009 | Medida origen: Pieza(s) | Generado sistema origen: 0,true,false,1,1,false
1010,MAT-01010,,BROCA METAL 7/64,,,category:materiales,Materiales,medida:2,PIEZAS,,,,,9,9,9,7.43,7.43,1,9999,,ID producto origen: 1010 | Medida origen: Pieza(s) | Generado sistema origen: 0,true,false,1,1,true
1011,MAT-01011,,BROCA METAL 1/8,,,category:materiales,Materiales,medida:2,PIEZAS,,,,,11,11,11,9,9,1,9999,,ID producto origen: 1011 | Medida origen: Pieza(s) | Generado sistema origen: 0,true,false,1,1,true
1012,MAT-01012,,BROCA METAL 7/16,,,category:materiales,Materiales,medida:2,PIEZAS,,,,,136,135,135,113.33,113.33,1,9999,,ID producto origen: 1012 | Medida origen: Pieza(s) | Generado sistema origen: 0,true,false,1,1,false
1013,MAT-01013,,BROCA METAL 1/2,,,category:materiales,Materiales,medida:2,PIEZAS,,,,,170,169,169,141.49,141.49,1,9999,,ID producto origen: 1013 | Medida origen: Pieza(s) | Generado sistema origen: 0,true,false,1,1,false
1014,MAT-01014,,TUBO PLUS 1/2,,,category:materiales,Materiales,medida:2,PIEZAS,,,,,100,100,100,71.91,71.91,1,9999,,ID producto origen: 1014 | Medida origen: Pieza(s) | Generado sistema origen: 0,true,false,1,1,true
1015,MAT-01015,,TUBO PLUS 3/4,,,category:materiales,Materiales,medida:2,PIEZAS,,,,,182,181,181,135.38,135.38,1,9999,,ID producto origen: 1015 | Medida origen: Pieza(s) | Generado sistema origen: 0,true,false,1,1,false
1016,MAT-01016,7520857784548,GUANTE OPERADOR C/CINTILLO,,,category:materiales,Materiales,medida:2,PIEZAS,,,,,54,53,53,40,40,1,9999,uploads/productos/WhatsApp Image 2025-10-25 at 08.11.55.jpeg,ID producto origen: 1016 | Medida origen: Pieza(s) | Generado sistema origen: 1,true,false,1,1,false
1017,MAT-01017,5621421586246,GUANTE ARGONERO C/HEBILLA,,,category:materiales,Materiales,medida:2,PIEZAS,,,,,60,59,59,22.5,22.5,1,9999,uploads/productos/WhatsApp Image 2025-10-25 at 08.11.55 (1).jpeg,ID producto origen: 1017 | Medida origen: Pieza(s) | Generado sistema origen: 1,true,false,1,1,false
1018,MAT-01018,6861764225368,GUANTE ARGONERO C/RESORTE,,,category:materiales,Materiales,medida:2,PIEZAS,,,,,58,57,57,43,43,1,9999,uploads/productos/WhatsApp Image 2025-10-25 at 08.11.55 (2).jpeg,ID producto origen: 1018 | Medida origen: Pieza(s) | Generado sistema origen: 1,true,false,1,1,false
1019,MAT-01019,5437603124133,GUANTE PEMEX,,,category:materiales,Materiales,medida:2,PIEZAS,,,,,65,64,64,82.2,82.2,1,9999,uploads/productos/WhatsApp Image 2025-10-25 at 08.11.55 (3).jpeg,ID producto origen: 1019 | Medida origen: Pieza(s) | Generado sistema origen: 1,true,false,1,1,false
1020,MAT-01020,6593800011344,GUANTE OPERADOR S/CINTILLO,,,category:materiales,Materiales,medida:2,PIEZAS,,,,,51,50,50,38,38,1,9999,uploads/productos/WhatsApp Image 2025-10-25 at 08.11.55 (4).jpeg,ID producto origen: 1020 | Medida origen: Pieza(s) | Generado sistema origen: 1,true,false,1,1,false
1021,MAT-01021,,ANILLO 12X15,,,category:materiales,Materiales,medida:2,PIEZAS,,,,,27,27,27,22,22,1,9999,,ID producto origen: 1021 | Medida origen: Pieza(s) | Generado sistema origen: 0,true,false,1,1,true
1022,MAT-01022,7503000544909,IMPERMEABLE ASFALTICO,,,category:materiales,Materiales,medida:2,PIEZAS,,,,,825,824,824,613.41,613.41,1,9999,,ID producto origen: 1022 | Medida origen: Pieza(s) | Generado sistema origen: 0,true,false,1,1,false
1023,MAT-01023,,DESPACHADOR DE BROCAS,,,category:materiales,Materiales,medida:2,PIEZAS,,,,,1665,1664,1664,1664.99,1664.99,1,9999,,ID producto origen: 1023 | Medida origen: Pieza(s) | Generado sistema origen: 0,true,false,1,1,false
1024,MAT-01024,,FLETE,,,category:materiales,Materiales,medida:2,PIEZAS,,,,,100,100,100,,,1,9999,,ID producto origen: 1024 | Medida origen: Pieza(s) | Generado sistema origen: 0,true,false,1,1,true
1025,MAT-01025,501973705761,VALVULA DE ESFERA 1/2 DICA,,,category:materiales,Materiales,medida:2,PIEZAS,,,,,79,78,78,,,1,9999,,ID producto origen: 1025 | Medida origen: Pieza(s) | Generado sistema origen: 0,true,false,1,1,false
1026,MAT-01026,503022983236,PEPE SILICON 75G,,,category:materiales,Materiales,medida:2,PIEZAS,,,,,38,37,37,28.34,28.34,1,9999,,ID producto origen: 1026 | Medida origen: Pieza(s) | Generado sistema origen: 0,true,false,1,1,false
1027,MAT-01027,506401322947,PASTILLA TERMOMAGNETICA 20 APERES 1 POLO,,,category:materiales,Materiales,medida:2,PIEZAS,,,,,42,41,41,31,31,1,9999,,ID producto origen: 1027 | Medida origen: Pieza(s) | Generado sistema origen: 0,true,false,1,1,false
1028,MAT-01028,501206631904,LLANA RECTA,,,category:materiales,Materiales,medida:2,PIEZAS,,,,,148,147,147,110.01,110.01,1,9999,,ID producto origen: 1028 | Medida origen: Pieza(s) | Generado sistema origen: 0,true,false,1,1,false
1029,MAT-01029,7503007746115,PEGAMENTO CONTACT 240,,,category:materiales,Materiales,medida:2,PIEZAS,,,,,93,93,93,76.79,76.79,1,9999,,ID producto origen: 1029 | Medida origen: Pieza(s) | Generado sistema origen: 0,true,false,1,1,true
1030,MAT-01030,,PIEDRA DE AFILAR,,,category:materiales,Materiales,medida:2,PIEZAS,,,,,37,37,37,19.65,19.65,1,9999,,ID producto origen: 1030 | Medida origen: Pieza(s) | Generado sistema origen: 0,true,false,1,1,true
1031,MAT-01031,,TARIMAS PRESTADAS,,,category:materiales,Materiales,medida:2,PIEZAS,,,,,0.1,0.1,0.1,,,1,9999,,ID producto origen: 1031 | Medida origen: Pieza(s) | Generado sistema origen: 0,true,false,1,1,true
1032,MAT-01032,9036842901121,CLAVIJA HEMBRA OVALADA KLEIMAN,,,category:materiales,Materiales,medida:2,PIEZAS,,,,,19,18,18,,,1,9999,uploads/productos/WhatsApp Image 2025-11-14 at 14.57.04.jpeg,ID producto origen: 1032 | Medida origen: Pieza(s) | Generado sistema origen: 1,true,false,1,1,false
1033,MAT-01033,4320716983265,MANGUERA TRAMADA VERDE 3/4,,,category:materiales,Materiales,medida:3,METROS,,,,,16,15,15,11.67,11.67,1,9999,uploads/productos/WhatsApp Image 2025-11-15 at 8.09.27 AM.jpeg,ID producto origen: 1033 | Medida origen: Metro(s) | Generado sistema origen: 1,true,true,1,1,false
1034,MAT-01034,502309734707,"CUCHARA PARA ALBAÑIL 12""",,,category:materiales,Materiales,medida:2,PIEZAS,,,,,215,214,214,159.48,159.48,1,9999,,ID producto origen: 1034 | Medida origen: Pieza(s) | Generado sistema origen: 0,true,false,1,1,false
1035,MAT-01035,7501206602461,"CUCHARA PARA ALBAÑIL 10""",,,category:materiales,Materiales,medida:2,PIEZAS,,,,,192,191,191,142.24,142.24,1,9999,,ID producto origen: 1035 | Medida origen: Pieza(s) | Generado sistema origen: 0,true,false,1,1,false
1036,MAT-01036,501206691281,MANGO DE REPOSICION TRUPER,,,category:materiales,Materiales,medida:2,PIEZAS,,,,,80,79,79,59.48,59.48,1,9999,,ID producto origen: 1036 | Medida origen: Pieza(s) | Generado sistema origen: 0,true,false,1,1,false
1037,MAT-01037,506240616245,MANGO REPOSICION PRETUL,,,category:materiales,Materiales,medida:2,PIEZAS,,,,,57,56,56,42.24,42.24,1,9999,,ID producto origen: 1037 | Medida origen: Pieza(s) | Generado sistema origen: 0,true,false,1,1,false
1038,MAT-01038,506240620419,MAZO HULE 24 OZ,,,category:materiales,Materiales,medida:2,PIEZAS,,,,,103,102,102,76.72,76.72,1,9999,,ID producto origen: 1038 | Medida origen: Pieza(s) | Generado sistema origen: 0,true,false,1,1,false
1039,MAT-01039,501206674994,BROCHA PINTOR 6,,,category:materiales,Materiales,medida:2,PIEZAS,,,,,45,44,44,142.95,142.95,1,9999,,ID producto origen: 1039 | Medida origen: Pieza(s) | Generado sistema origen: 0,true,false,1,1,false
1040,MAT-01040,501316150906,ESPUMA EXPANSIVA PENS,,,category:materiales,Materiales,medida:2,PIEZAS,,,,,127,126,126,94.27,94.27,1,9999,,ID producto origen: 1040 | Medida origen: Pieza(s) | Generado sistema origen: 0,true,false,1,1,false
1041,MAT-01041,,CEPILLO PERICO INDUSTRIAL,,,category:materiales,Materiales,medida:2,PIEZAS,,,,,228,227,227,190,190,1,9999,uploads/productos/WhatsApp Image 2025-12-01 at 12.26.30 PM.jpeg,ID producto origen: 1041 | Medida origen: Pieza(s) | Generado sistema origen: 0,true,false,1,1,false
1042,MAT-01042,,CEPILLO TALLER MED,,,category:materiales,Materiales,medida:2,PIEZAS,,,,,204,205,205,170,170,1,9999,uploads/productos/WhatsApp Image 2025-12-01 at 1.32.13 PM.jpeg,ID producto origen: 1042 | Medida origen: Pieza(s) | Generado sistema origen: 0,true,false,1,1,false
1043,MAT-01043,501293651809,CEPILLO CESTOR CH,,,category:materiales,Materiales,medida:2,PIEZAS,,,,,160,159,159,160,160,1,9999,,ID producto origen: 1043 | Medida origen: Pieza(s) | Generado sistema origen: 0,true,false,1,1,false
1044,MAT-01044,501293621802,CEPILLO CESTOR MEDIANO,,,category:materiales,Materiales,medida:2,PIEZAS,,,,,216,215,215,180,180,1,9999,,ID producto origen: 1044 | Medida origen: Pieza(s) | Generado sistema origen: 0,true,false,1,1,false
1045,MAT-01045,501293622809,CEPILLO CESTOR GDE,,,category:materiales,Materiales,medida:2,PIEZAS,,,,,0,0,0,,,1,9999,,ID producto origen: 1045 | Medida origen: Pieza(s) | Generado sistema origen: 0,false,false,6,12,false
1046,MAT-01046,,TRAPEADOR,,,category:materiales,Materiales,medida:2,PIEZAS,,,,,130,129,129,110,110,1,9999,,ID producto origen: 1046 | Medida origen: Pieza(s) | Generado sistema origen: 0,true,false,1,1,false
1047,MAT-01047,0436011048,ESCOBA ECONOMICA,,,category:materiales,Materiales,medida:2,PIEZAS,,,,,100,99,99,85,85,1,9999,uploads/productos/WhatsApp Image 2025-12-01 at 1.34.48 PM.jpeg,ID producto origen: 1047 | Medida origen: Pieza(s) | Generado sistema origen: 0,true,false,1,1,false
1048,MAT-01048,,CEPILLO LAVA CARROS,,,category:materiales,Materiales,medida:2,PIEZAS,,,,,220,220,220,190,190,1,9999,uploads/productos/WhatsApp Image 2025-12-01 at 12.26.30 PM (2).jpeg,ID producto origen: 1048 | Medida origen: Pieza(s) | Generado sistema origen: 0,true,false,1,1,true
1049,MAT-01049,501293622809,CEPILLO CESTOR GRANDE,,,category:materiales,Materiales,medida:2,PIEZAS,,,,,228,227,227,190,190,1,9999,,ID producto origen: 1049 | Medida origen: Pieza(s) | Generado sistema origen: 0,true,false,1,1,false
1050,MAT-01050,,ESCOBA SUABE,,,category:materiales,Materiales,medida:2,PIEZAS,,,,,100,100,100,95,95,1,9999,,ID producto origen: 1050 | Medida origen: Pieza(s) | Generado sistema origen: 0,true,false,1,1,true
1051,MAT-01051,7502309737012,MANGO DE MADERA ZAPAPICOS,,,category:materiales,Materiales,medida:2,PIEZAS,,,,,156,155,155,135,135,1,9999,,ID producto origen: 1051 | Medida origen: Pieza(s) | Generado sistema origen: 0,true,false,1,1,false
1052,MAT-01052,7501147411092,BICOLOR JUMBO,,,category:materiales,Materiales,medida:2,PIEZAS,,,,,9,8,8,6.52,6.52,1,9999,,ID producto origen: 1052 | Medida origen: Pieza(s) | Generado sistema origen: 0,true,false,1,1,false
1053,MAT-01053,7501147415724,BICOLOR DELGADO,,,category:materiales,Materiales,medida:2,PIEZAS,,,,,7,6,6,5.19,5.19,1,9999,,ID producto origen: 1053 | Medida origen: Pieza(s) | Generado sistema origen: 0,true,false,1,1,false
1054,MAT-01054,,CLAVO CONCRETO 4 PULGADAS,,,category:materiales,Materiales,medida:2,PIEZAS,,,,,90,90,90,28.54,28.54,1,9999,,ID producto origen: 1054 | Medida origen: Pieza(s) | Generado sistema origen: 0,true,false,1,1,true
1055,MAT-01055,,CLAVO 3 PULGADAS,,,category:materiales,Materiales,medida:2,PIEZAS,,,,,48,48,48,39.97,39.97,1,9999,,ID producto origen: 1055 | Medida origen: Pieza(s) | Generado sistema origen: 0,true,false,1,1,true
1056,MAT-01056,,BASE ECONOMICA,,,category:materiales,Materiales,medida:2,PIEZAS,,,,,430,430,430,310,310,1,9999,,ID producto origen: 1056 | Medida origen: Pieza(s) | Generado sistema origen: 0,true,false,1,1,true
1057,MAT-01057,1486151197360,TUERCA EST 1/4,,,category:materiales,Materiales,medida:2,PIEZAS,,,,,1,1,1,0.42,0.42,1,9999,,ID producto origen: 1057 | Medida origen: Pieza(s) | Generado sistema origen: 1,true,false,1,1,true
1058,MAT-01058,4174047493586,TUERCA EST 5/16,,,category:materiales,Materiales,medida:2,PIEZAS,,,,,1,1,1,0.41,0.41,1,9999,,ID producto origen: 1058 | Medida origen: Pieza(s) | Generado sistema origen: 1,true,false,1,1,true
1059,MAT-01059,6876528196310,TUERCA EST 3/8,,,category:materiales,Materiales,medida:2,PIEZAS,,,,,1,1,1,0.59,0.59,1,9999,,ID producto origen: 1059 | Medida origen: Pieza(s) | Generado sistema origen: 1,true,false,1,1,true
1060,MAT-01060,9682446150962,TUERCA NAYLON 5/16,,,category:materiales,Materiales,medida:2,PIEZAS,,,,,1,1,1,0.02,0.02,1,9999,,ID producto origen: 1060 | Medida origen: Pieza(s) | Generado sistema origen: 1,true,false,1,1,true
1061,MAT-01061,4896609689946,TUERCA NAYLON 3/8,,,category:materiales,Materiales,medida:2,PIEZAS,,,,,1.5,1.5,1.5,0.86,0.86,1,9999,,ID producto origen: 1061 | Medida origen: Pieza(s) | Generado sistema origen: 1,true,false,1,1,true
1062,MAT-01062,,BROCA DE CONCRETO 3/8X12,,,category:materiales,Materiales,medida:2,PIEZAS,,,,,0,0,0,,,1,9999,,ID producto origen: 1062 | Medida origen: Pieza(s) | Generado sistema origen: 0,false,false,6,12,false
1063,MAT-01063,,BROCA CONCRETO 1/4X12,,,category:materiales,Materiales,medida:2,PIEZAS,,,,,29,28,28,24.15,24.15,1,9999,,ID producto origen: 1063 | Medida origen: Pieza(s) | Generado sistema origen: 0,true,false,1,1,false
1064,MAT-01064,9000714908853,TORNILLO 7/16X5,,,category:materiales,Materiales,medida:2,PIEZAS,,,,,12,11,11,29.19,29.19,1,9999,uploads/productos/WhatsApp Image 2025-12-15 at 8.10.15 AM.jpeg,ID producto origen: 1064 | Medida origen: Pieza(s) | Generado sistema origen: 1,true,false,1,1,false
1065,MAT-01065,,BROCA CONCRETO 5/32,,,category:materiales,Materiales,medida:2,PIEZAS,,,,,12,11,11,9.41,9.41,1,9999,,ID producto origen: 1065 | Medida origen: Pieza(s) | Generado sistema origen: 0,true,false,1,1,false
1066,MAT-01066,,BROCA METAL 3/16X3,,,category:materiales,Materiales,medida:2,PIEZAS,,,,,12,11,11,9.17,9.17,1,9999,,ID producto origen: 1066 | Medida origen: Pieza(s) | Generado sistema origen: 0,true,false,1,1,false
1067,MAT-01067,,BROCA CONCRETO 1/8X3,,,category:materiales,Materiales,medida:2,PIEZAS,,,,,12,11,11,9.17,9.17,1,9999,,ID producto origen: 1067 | Medida origen: Pieza(s) | Generado sistema origen: 0,true,false,1,1,false
1068,MAT-01068,,BROCA CONCRETO 1/4X4,,,category:materiales,Materiales,medida:2,PIEZAS,,,,,0,0,0,,,1,9999,,ID producto origen: 1068 | Medida origen: Pieza(s) | Generado sistema origen: 0,false,false,6,12,false
1069,MAT-01069,9904898145502,TORNILLO 7/8X2,,,category:materiales,Materiales,medida:2,PIEZAS,,,,,25,24,24,20.83,20.83,1,9999,uploads/productos/WhatsApp Image 2025-12-15 at 7.48.56 AM.jpeg,ID producto origen: 1069 | Medida origen: Pieza(s) | Generado sistema origen: 1,true,false,1,1,false
1070,MAT-01070,2741656996160,TORNILLO 7/8X2 1/2,,,category:materiales,Materiales,medida:2,PIEZAS,,,,,29,28,28,24.15,24.15,1,9999,uploads/productos/WhatsApp Image 2025-12-15 at 7.59.15 AM.jpeg,ID producto origen: 1070 | Medida origen: Pieza(s) | Generado sistema origen: 1,true,false,1,1,false
1071,MAT-01071,0727198823005,TORNILLO 7/8X3,,,category:materiales,Materiales,medida:2,PIEZAS,,,,,33,32,32,27.56,27.56,1,9999,uploads/productos/WhatsApp Image 2025-12-15 at 8.05.39 AM.jpeg,ID producto origen: 1071 | Medida origen: Pieza(s) | Generado sistema origen: 1,true,false,1,1,false
1072,MAT-01072,5309097182756,TORNILLO 7/8X3 1/2,,,category:materiales,Materiales,medida:2,PIEZAS,,,,,37,36,36,31.06,31.06,1,9999,uploads/productos/WhatsApp Image 2025-12-15 at 8.04.11 AM.jpeg,ID producto origen: 1072 | Medida origen: Pieza(s) | Generado sistema origen: 1,true,false,1,1,false
1073,MAT-01073,8071181595700,TORNILLO 7/8X4,,,category:materiales,Materiales,medida:2,PIEZAS,,,,,42,41,41,34.47,34.47,1,9999,uploads/productos/WhatsApp Image 2025-12-15 at 7.56.00 AM_1429.jpeg,ID producto origen: 1073 | Medida origen: Pieza(s) | Generado sistema origen: 1,true,false,1,1,false
1074,MAT-01074,6661315904236,TORNILLO 7/8X5,,,category:materiales,Materiales,medida:2,PIEZAS,,,,,50,49,49,41.38,41.38,1,9999,uploads/productos/WhatsApp Image 2025-12-15 at 7.56.00 AM.jpeg,ID producto origen: 1074 | Medida origen: Pieza(s) | Generado sistema origen: 1,true,false,1,1,false
1075,MAT-01075,7262156435621,TORNILLO 7/8X6,,,category:materiales,Materiales,medida:2,PIEZAS,,,,,58,57,57,48.29,48.29,1,9999,uploads/productos/WhatsApp Image 2025-12-15 at 7.53.22 AM.jpeg,ID producto origen: 1075 | Medida origen: Pieza(s) | Generado sistema origen: 1,true,false,1,1,false
1076,MAT-01076,5071033984396,TORNILLO 7/8X7,,,category:materiales,Materiales,medida:2,PIEZAS,,,,,67,66,66,4.42,4.42,1,9999,uploads/productos/WhatsApp Image 2025-12-15 at 8.07.55 AM.jpeg,ID producto origen: 1076 | Medida origen: Pieza(s) | Generado sistema origen: 1,true,false,1,1,false
1077,MAT-01077,1234510924412,TUERCA 7/8,,,category:materiales,Materiales,medida:2,PIEZAS,,,,,10,9,9,1.55,1.55,1,9999,uploads/productos/WhatsApp Image 2025-12-15 at 8.00.52 AM.jpeg,ID producto origen: 1077 | Medida origen: Pieza(s) | Generado sistema origen: 1,true,false,1,1,false
1078,MAT-01078,5148761232690,RONDANA 7/8,,,category:materiales,Materiales,medida:2,PIEZAS,,,,,7,7,7,,,1,9999,,ID producto origen: 1078 | Medida origen: Pieza(s) | Generado sistema origen: 1,true,false,1,1,true
1079,MAT-01079,,MARMOLINA,,,category:materiales,Materiales,medida:2,PIEZAS,,,,,105,105,105,65,65,1,9999,,ID producto origen: 1079 | Medida origen: Pieza(s) | Generado sistema origen: 0,true,false,1,1,true
1080,MAT-01080,,CODO PULPO,,,category:materiales,Materiales,medida:2,PIEZAS,,,,,40,39,39,35,35,1,9999,,ID producto origen: 1080 | Medida origen: Pieza(s) | Generado sistema origen: 0,true,false,1,1,false
1081,MAT-01081,7501206604571,ESCOBA PLASTICA 30D TRUPER,,,category:materiales,Materiales,medida:2,PIEZAS,,,,,173,172,172,128.45,128.45,1,9999,,ID producto origen: 1081 | Medida origen: Pieza(s) | Generado sistema origen: 0,true,false,1,1,false
1082,MAT-01082,7501206659922,ESCOBA PLASTICA 26D TRUPER,,,category:materiales,Materiales,medida:2,PIEZAS,,,,,122,121,121,90.52,90.52,1,9999,,ID producto origen: 1082 | Medida origen: Pieza(s) | Generado sistema origen: 0,true,false,1,1,false
1083,MAT-01083,,JALADOR,,,category:materiales,Materiales,medida:2,PIEZAS,,,,,68,67,67,56,56,1,9999,,ID producto origen: 1083 | Medida origen: Pieza(s) | Generado sistema origen: 0,true,false,1,1,false
1084,MAT-01084,7501206691076,"CAMARA PARA LLANTA 16""",,,category:materiales,Materiales,medida:2,PIEZAS,,,,,43,42,42,31.9,31.9,1,9999,,ID producto origen: 1084 | Medida origen: Pieza(s) | Generado sistema origen: 0,true,false,1,1,false
1085,MAT-01085,4769,EMBUDO,,,category:materiales,Materiales,medida:2,PIEZAS,,,,,22,22,22,17.67,17.67,1,9999,,ID producto origen: 1085 | Medida origen: Pieza(s) | Generado sistema origen: 0,true,false,1,1,true
1086,MAT-01086,7501206622902,"LLANTA IMPONCHABLE 16""",,,category:materiales,Materiales,medida:2,PIEZAS,,,,,493,492,492,366.38,366.38,1,9999,,ID producto origen: 1086 | Medida origen: Pieza(s) | Generado sistema origen: 0,true,false,1,1,false
1087,MAT-01087,71356,PLOMODE 1,,,category:materiales,Materiales,medida:2,PIEZAS,,,,,132,131,131,109.9,109.9,1,9999,uploads/productos/WhatsApp Image 2025-12-15 at 11.46.43 AM (1).jpeg,ID producto origen: 1087 | Medida origen: Pieza(s) | Generado sistema origen: 1,true,false,1,1,false
1088,MAT-01088,7501206691052,"LLANTA NEUMATICA 16""",,,category:materiales,Materiales,medida:2,PIEZAS,,,,,342,341,341,254.31,254.31,1,9999,,ID producto origen: 1088 | Medida origen: Pieza(s) | Generado sistema origen: 0,true,false,1,1,false
1089,MAT-01089,7501206691069,"LLANTA NEUMATICA LISA 16""",,,category:materiales,Materiales,medida:2,PIEZAS,,,,,319,318,318,237.07,237.07,1,9999,,ID producto origen: 1089 | Medida origen: Pieza(s) | Generado sistema origen: 0,true,false,1,1,false
1090,MAT-01090,7501206698655,"CORTAPERNOS 14""",,,category:materiales,Materiales,medida:2,PIEZAS,,,,,365,364,364,271.55,271.55,1,9999,,ID producto origen: 1090 | Medida origen: Pieza(s) | Generado sistema origen: 0,true,false,1,1,false
1091,MAT-01091,7501206698679,"CORTAPERNOS 24""",,,category:materiales,Materiales,medida:2,PIEZAS,,,,,609,608,608,452.59,452.59,1,9999,,ID producto origen: 1091 | Medida origen: Pieza(s) | Generado sistema origen: 0,true,false,1,1,false
1092,MAT-01092,7501206698686,"CORTAPERNOS 30""",,,category:materiales,Materiales,medida:2,PIEZAS,,,,,841,840,840,625,625,1,9999,,ID producto origen: 1092 | Medida origen: Pieza(s) | Generado sistema origen: 0,true,false,1,1,false
1093,MAT-01093,8884950444273,PLAMODE 2,,,category:materiales,Materiales,medida:2,PIEZAS,,,,,140,139,139,116.55,116.55,1,9999,uploads/productos/WhatsApp Image 2025-12-15 at 1.05.02 PM.jpeg,ID producto origen: 1093 | Medida origen: Pieza(s) | Generado sistema origen: 1,true,false,1,1,false
1094,MAT-01094,5155287014167,PLAMODE 3,,,category:materiales,Materiales,medida:2,PIEZAS,,,,,180,179,179,150.15,150.15,1,9999,uploads/productos/WhatsApp Image 2025-12-15 at 2.31.16 PM.jpeg,ID producto origen: 1094 | Medida origen: Pieza(s) | Generado sistema origen: 1,true,false,1,1,false
1095,MAT-01095,7736,CINTA TRASPARENTE 150M,,,category:materiales,Materiales,medida:2,PIEZAS,,,,,32,31,31,26.13,26.13,1,9999,,ID producto origen: 1095 | Medida origen: Pieza(s) | Generado sistema origen: 0,true,false,1,1,false
1096,MAT-01096,7735,CINTA TRASPARENTE 40M,,,category:materiales,Materiales,medida:2,PIEZAS,,,,,11,11,11,8.63,8.63,1,9999,,ID producto origen: 1096 | Medida origen: Pieza(s) | Generado sistema origen: 0,true,false,1,1,true
1097,MAT-01097,8056,TIRALINEAS,,,category:materiales,Materiales,medida:2,PIEZAS,,,,,46,45,45,37.8,37.8,1,9999,,ID producto origen: 1097 | Medida origen: Pieza(s) | Generado sistema origen: 0,true,false,1,1,false
1098,MAT-01098,2122,ACCESORIOS DE AIRE,,,category:materiales,Materiales,medida:2,PIEZAS,,,,,215,214,214,179.2,179.2,1,9999,,ID producto origen: 1098 | Medida origen: Pieza(s) | Generado sistema origen: 1,true,false,1,1,false
1099,MAT-01099,2341,ARCO PEQUEÑO,,,category:materiales,Materiales,medida:2,PIEZAS,,,,,56,55,55,46.2,46.2,1,9999,,ID producto origen: 1099 | Medida origen: Pieza(s) | Generado sistema origen: 0,true,false,1,1,false
1100,MAT-01100,5433742273206,TORNILLO ESTUFA 5/32X1,,,category:materiales,Materiales,medida:2,PIEZAS,,,,,0,0,0,,,1,9999,,ID producto origen: 1100 | Medida origen: Pieza(s) | Generado sistema origen: 1,true,false,6,12,false
1101,MAT-01101,501206671795,LENTE DE SEGURIDAD TRU NEGRO,,,category:materiales,Materiales,medida:2,PIEZAS,,,,,29,28,28,21.55,21.55,1,9999,,ID producto origen: 1101 | Medida origen: Pieza(s) | Generado sistema origen: 0,true,false,1,1,false
1102,MAT-01102,501206655764,CUBREBOCA,,,category:materiales,Materiales,medida:2,PIEZAS,,,,,4,4,4,2.85,2.85,1,9999,,ID producto origen: 1102 | Medida origen: Pieza(s) | Generado sistema origen: 0,true,false,1,1,true
1103,MAT-01103,501206693988,ABRAZADERA 5/8,,,category:materiales,Materiales,medida:2,PIEZAS,,,,,10,9,9,8.9,8.9,1,9999,,ID producto origen: 1103 | Medida origen: Pieza(s) | Generado sistema origen: 0,true,false,1,1,false
1104,MAT-01104,7501206660676,PISTOLA CALAFATEADORA,,,category:materiales,Materiales,medida:2,PIEZAS,,,,,56,55,55,42.24,42.24,1,9999,,ID producto origen: 1104 | Medida origen: Pieza(s) | Generado sistema origen: 0,true,false,1,1,false
1105,MAT-01105,7501206683507,PISTOLA CALAFATEADORA REFORZADA,,,category:materiales,Materiales,medida:2,PIEZAS,,,,,156,155,155,116.38,116.38,1,9999,,ID producto origen: 1105 | Medida origen: Pieza(s) | Generado sistema origen: 0,true,false,1,1,false
1106,MAT-01106,0737658568063,ABRAZADERA 1 1/4,,,category:materiales,Materiales,medida:2,PIEZAS,,,,,10,9,9,26.79,26.79,1,9999,,ID producto origen: 1106 | Medida origen: Pieza(s) | Generado sistema origen: 1,true,false,1,1,false
1107,MAT-01107,,ANILLO 10X20,,,category:materiales,Materiales,medida:1,KILOS,,,,,27,27,27,19.5,19.5,1,9999,,ID producto origen: 1107 | Medida origen: Kilo(s) | Generado sistema origen: 0,true,true,1,1,true
1108,MAT-01108,506401313600,ADAPTADOR TRIPLE IGOTO,,,category:materiales,Materiales,medida:2,PIEZAS,,,,,42,42,42,30.76,30.76,1,9999,,ID producto origen: 1108 | Medida origen: Pieza(s) | Generado sistema origen: 0,true,false,1,1,true
1109,MAT-01109,503007746122,PEGAMENTO CONTACT 475 ML,,,category:materiales,Materiales,medida:1,KILOS,,,,,170,170,170,129.29,129.29,1,9999,,ID producto origen: 1109 | Medida origen: Kilo(s) | Generado sistema origen: 0,true,true,1,1,true
1110,MAT-01110,1827228581826,MANGUERA/NIVEL 5/16,,,category:materiales,Materiales,medida:2,PIEZAS,,,,,4,4,4,2.61,2.61,1,9999,uploads/productos/WhatsApp Image 2026-01-12 at 3.08.18 PM.jpeg,ID producto origen: 1110 | Medida origen: Pieza(s) | Generado sistema origen: 1,true,false,1,1,true
1111,MAT-01111,7851747052134,MANGUERA DE NIVEL 1/4,,,category:materiales,Materiales,medida:3,METROS,,,,,3,3,3,1.87,1.87,1,9999,uploads/productos/WhatsApp Image 2026-01-12 at 3.20.33 PM.jpeg,ID producto origen: 1111 | Medida origen: Metro(s) | Generado sistema origen: 1,true,true,1,1,true
1112,MAT-01112,502244712556,BROCHA 1/2,,,category:materiales,Materiales,medida:2,PIEZAS,,,,,8,8,8,4.79,4.79,1,9999,,ID producto origen: 1112 | Medida origen: Pieza(s) | Generado sistema origen: 0,true,false,1,1,true
1113,MAT-01113,,REDUCCION 4 A 3,,,category:materiales,Materiales,medida:2,PIEZAS,,,,,25,25,25,22,22,1,9999,,ID producto origen: 1113 | Medida origen: Pieza(s) | Generado sistema origen: 0,false,false,1,1,true
1114,MAT-01114,501087651314,ARRANCADOR,,,category:materiales,Materiales,medida:2,PIEZAS,,,,,100,99,99,,,1,9999,,ID producto origen: 1114 | Medida origen: Pieza(s) | Generado sistema origen: 0,true,false,1,1,false
1115,MAT-01115,,CUBETA DE GRASA,,,category:materiales,Materiales,medida:2,PIEZAS,,,,,520,520,520,,,1,9999,,ID producto origen: 1115 | Medida origen: Pieza(s) | Generado sistema origen: 0,true,false,1,1,true
1116,MAT-01116,,"TUBO TERMO FUSION VERDE 1""",,,category:materiales,Materiales,medida:2,PIEZAS,,,,,219,218,218,163.55,163.55,1,9999,,ID producto origen: 1116 | Medida origen: Pieza(s) | Generado sistema origen: 0,true,false,1,1,false
1117,MAT-01117,,TUBO TERMO FUSION VERDE 3/4,,,category:materiales,Materiales,medida:2,PIEZAS,,,,,128,128,128,95.59,95.59,1,9999,,ID producto origen: 1117 | Medida origen: Pieza(s) | Generado sistema origen: 0,true,false,1,1,true
1118,MAT-01118,,REDUCCION DE 1 A 3/4 VERDE,,,category:materiales,Materiales,medida:2,PIEZAS,,,,,11,11,11,7.7,7.7,1,9999,,ID producto origen: 1118 | Medida origen: Pieza(s) | Generado sistema origen: 0,true,false,1,1,true
1119,MAT-01119,,CODO VERDE 1 PULGADA,,,category:materiales,Materiales,medida:2,PIEZAS,,,,,15,15,15,10.81,10.81,1,9999,,ID producto origen: 1119 | Medida origen: Pieza(s) | Generado sistema origen: 0,true,false,1,1,true
1120,MAT-01120,,SELLO,,,category:materiales,Materiales,medida:3,METROS,,,,,370,370,370,333.33,333.33,1,9999,,ID producto origen: 1120 | Medida origen: Metro(s) | Generado sistema origen: 0,true,true,1,1,true
1121,MAT-01121,6425348845719,TEE VERDE 1 1/2,,,category:materiales,Materiales,medida:2,PIEZAS,,,,,62,61,61,45.86,45.86,1,9999,uploads/productos/TEE VERDE.webp,ID producto origen: 1121 | Medida origen: Pieza(s) | Generado sistema origen: 1,true,false,1,1,false
1122,MAT-01122,4183537728732,REDUCCION 1 1/2 A 1 VERDE,,,category:materiales,Materiales,medida:2,PIEZAS,,,,,35,34,34,25.55,25.55,1,9999,uploads/productos/REDUCCION VERDE.jpg,ID producto origen: 1122 | Medida origen: Pieza(s) | Generado sistema origen: 1,true,false,1,1,false
1123,MAT-01123,,CURVA CONDUIT PESADO 3/4,,,category:materiales,Materiales,medida:2,PIEZAS,,,,,8,8,8,4.75,4.75,1,9999,,ID producto origen: 1123 | Medida origen: Pieza(s) | Generado sistema origen: 0,true,false,1,1,true
1124,MAT-01124,,CODO GALV 3/4X90,,,category:materiales,Materiales,medida:2,PIEZAS,,,,,0,0,0,,,1,9999,,ID producto origen: 1124 | Medida origen: Pieza(s) | Generado sistema origen: 0,false,false,6,12,false
1125,MAT-01125,,TIJERAS,,,category:materiales,Materiales,medida:2,PIEZAS,,,,,146,146,146,,,1,9999,,ID producto origen: 1125 | Medida origen: Pieza(s) | Generado sistema origen: 0,true,false,1,1,true
1126,MAT-01126,,TUBO TERMO FUSION VERDE 1/2,,,category:materiales,Materiales,medida:2,PIEZAS,,,,,74,73,73,55.28,55.28,1,9999,,ID producto origen: 1126 | Medida origen: Pieza(s) | Generado sistema origen: 0,true,false,1,1,false
1127,MAT-01127,,TUBO TERMO FUSION VERDE 1-1/2,,,category:materiales,Materiales,medida:2,PIEZAS,,,,,507,506,506,789.46,789.46,1,9999,,ID producto origen: 1127 | Medida origen: Pieza(s) | Generado sistema origen: 0,true,false,1,1,false
1128,MAT-01128,7500462073282,PLACA LUCEK CIEGA,,,category:materiales,Materiales,medida:2,PIEZAS,,,,,0,0,0,,,1,9999,,ID producto origen: 1128 | Medida origen: Pieza(s) | Generado sistema origen: 0,false,false,6,12,false
1129,MAT-01129,7500462073282,PLACA LUCEK CIEGA,,,category:materiales,Materiales,medida:2,PIEZAS,,,,,16,15,15,11.44,11.44,1,9999,,ID producto origen: 1129 | Medida origen: Pieza(s) | Generado sistema origen: 0,true,false,1,1,false
1130,MAT-01130,7502252572227,PLACA LUCEK 1 TIMBRE,,,category:materiales,Materiales,medida:2,PIEZAS,,,,,30,29,29,22.13,22.13,1,9999,,ID producto origen: 1130 | Medida origen: Pieza(s) | Generado sistema origen: 0,true,false,1,1,false
1131,MAT-01131,7502252572203,PLACA LUCEK 1 TOMA D/TELEVISION,,,category:materiales,Materiales,medida:2,PIEZAS,,,,,30,29,29,22.38,22.38,1,9999,,ID producto origen: 1131 | Medida origen: Pieza(s) | Generado sistema origen: 0,true,false,1,1,false
1132,MAT-01132,,DESPOLVE,,,category:materiales,Materiales,medida:3,METROS,,,,,2000,2000,2000,176.67,176.67,1,9999,,ID producto origen: 1132 | Medida origen: Metro(s) | Generado sistema origen: 0,true,true,1,1,true
1133,MAT-01133,7500463049453,PLACA LUCEK 2 INTERRUPTORES ESCALERA,,,category:materiales,Materiales,medida:2,PIEZAS,,,,,44,43,43,30.51,30.51,1,9999,,ID producto origen: 1133 | Medida origen: Pieza(s) | Generado sistema origen: 0,true,false,1,1,false
1134,MAT-01134,7501316150821,SILICON USO GENERAL PEPE-SILICON BLANCO,,,category:materiales,Materiales,medida:2,PIEZAS,,,,,78,77,77,58,58,1,9999,,ID producto origen: 1134 | Medida origen: Pieza(s) | Generado sistema origen: 0,true,false,1,1,false
1135,MAT-01135,7501206683040,GUANTE LATEX INDUST. G,,,category:materiales,Materiales,medida:2,PIEZAS,,,,,122,121,121,90.52,90.52,1,9999,,ID producto origen: 1135 | Medida origen: Pieza(s) | Generado sistema origen: 0,false,false,1,1,false
1136,MAT-01136,7506240643449,GUANTE LATEX REFOR. CH,,,category:materiales,Materiales,medida:2,PIEZAS,,,,,41,40,40,30.17,30.17,1,9999,,ID producto origen: 1136 | Medida origen: Pieza(s) | Generado sistema origen: 0,false,false,1,1,false
1137,MAT-01137,7506240617808,BARBOQUEJO P/CASCO DE SEGURIDAD,,,category:materiales,Materiales,medida:2,PIEZAS,,,,,20,19,19,14.66,14.66,1,9999,,ID producto origen: 1137 | Medida origen: Pieza(s) | Generado sistema origen: 0,true,false,1,1,false
1138,MAT-01138,0577382741147,CARILLO N 4,,,category:materiales,Materiales,medida:2,PIEZAS,,,,,180,179,179,133.4,133.4,1,9999,,ID producto origen: 1138 | Medida origen: Pieza(s) | Generado sistema origen: 1,true,false,1,1,false
1139,MAT-01139,9667842423889,CARILLO N5,,,category:materiales,Materiales,medida:2,PIEZAS,,,,,267,267,267,168.48,168.48,1,9999,,ID producto origen: 1139 | Medida origen: Pieza(s) | Generado sistema origen: 1,true,false,1,1,true
1140,MAT-01140,4969536989301,CARILLO N 6,,,category:materiales,Materiales,medida:2,PIEZAS,,,,,274,273,273,284.45,284.45,1,9999,,ID producto origen: 1140 | Medida origen: Pieza(s) | Generado sistema origen: 1,true,false,1,1,false
1141,MAT-01141,,CEMENTO HOLCIM 25 KILOS,,,category:materiales,Materiales,medida:2,PIEZAS,,,,,120,120,120,107.63,107.63,1,9999,,ID producto origen: 1141 | Medida origen: Pieza(s) | Generado sistema origen: 0,true,false,1,1,true
1142,MAT-01142,7506240681687,CASCO DE SEGURIDAD,,,category:materiales,Materiales,medida:2,PIEZAS,,,,,103,102,102,76.72,76.72,1,9999,,ID producto origen: 1142 | Medida origen: Pieza(s) | Generado sistema origen: 0,true,false,1,1,false
1143,MAT-01143,7501206626115,TIJERA D/AVIACION CORTE RECTO,,,category:materiales,Materiales,medida:2,PIEZAS,,,,,215,214,214,159.48,159.48,1,9999,,ID producto origen: 1143 | Medida origen: Pieza(s) | Generado sistema origen: 0,true,false,1,1,false
1144,MAT-01144,7501206626122,TIJERA D/AVIACION CORTE IZQUIERDO,,,category:materiales,Materiales,medida:2,PIEZAS,,,,,215,214,214,159.48,159.48,1,9999,,ID producto origen: 1144 | Medida origen: Pieza(s) | Generado sistema origen: 0,true,false,1,1,false
1145,MAT-01145,7501206626139,TIJERA D/AVIACION CORTE DERECHO,,,category:materiales,Materiales,medida:2,PIEZAS,,,,,215,214,214,159.48,159.48,1,9999,,ID producto origen: 1145 | Medida origen: Pieza(s) | Generado sistema origen: 0,true,false,1,1,false
1146,MAT-01146,7506240634898,CHALECO SEGURIDAD TRUPER,,,category:materiales,Materiales,medida:2,PIEZAS,,,,,261,260,260,193.97,193.97,1,9999,,ID producto origen: 1146 | Medida origen: Pieza(s) | Generado sistema origen: 0,true,false,1,1,false
1147,MAT-01147,,BOTA DE SEGURIDAD,,,category:materiales,Materiales,medida:2,PIEZAS,,,,,806,805,805,599.14,599.14,1,9999,,ID producto origen: 1147 | Medida origen: Pieza(s) | Generado sistema origen: 0,true,false,1,1,false
1148,MAT-01148,,BASE,,,category:materiales,Materiales,medida:2,PIEZAS,,,,,11300,11300,11300,310,310,1,9999,,ID producto origen: 1148 | Medida origen: Pieza(s) | Generado sistema origen: 0,true,false,30,30,true
1149,MAT-01149,,TINACO RESISTEC,,,category:materiales,Materiales,medida:2,PIEZAS,,,,,2598,2598,2598,2240,2240,1,9999,,ID producto origen: 1149 | Medida origen: Pieza(s) | Generado sistema origen: 0,true,false,1,1,true
1150,MAT-01150,7506325111245,"JUEGO DE HERRAJES 2""",,,category:materiales,Materiales,medida:2,PIEZAS,,,,,145,144,144,108,108,1,9999,,ID producto origen: 1150 | Medida origen: Pieza(s) | Generado sistema origen: 0,true,false,1,1,false
1151,MAT-01151,0873012929740,"ABRAZADERA OMEGA 3/4""",,,category:materiales,Materiales,medida:2,PIEZAS,,,,,19,18,18,1.6,1.6,1,9999,,ID producto origen: 1151 | Medida origen: Pieza(s) | Generado sistema origen: 1,true,false,1,1,false
1152,MAT-01152,795577006257,FLOTADOR P/TINACO,,,category:materiales,Materiales,medida:2,PIEZAS,,,,,270,269,269,200.82,200.82,1,9999,,ID producto origen: 1152 | Medida origen: Pieza(s) | Generado sistema origen: 0,true,false,1,1,false
1153,MAT-01153,7501973737908,VALVULA P/GAS (DICA),,,category:materiales,Materiales,medida:2,PIEZAS,,,,,87,86,86,64.64,64.64,1,9999,,ID producto origen: 1153 | Medida origen: Pieza(s) | Generado sistema origen: 0,true,false,1,1,false
1154,MAT-01154,7506325102670,JUEGO DE HERRAJES,,,category:materiales,Materiales,medida:2,PIEZAS,,,,,90,89,89,67,67,1,9999,,ID producto origen: 1154 | Medida origen: Pieza(s) | Generado sistema origen: 0,true,false,1,1,false
1155,MAT-01155,0584588598291,"ABRAZADERA OMEGA 2""",,,category:materiales,Materiales,medida:2,PIEZAS,,,,,39,38,38,5.8,5.8,1,9999,,ID producto origen: 1155 | Medida origen: Pieza(s) | Generado sistema origen: 1,true,false,1,1,false
1156,MAT-01156,6926441078689,"ABRAZADERA OMEGA 4""",,,category:materiales,Materiales,medida:2,PIEZAS,,,,,97,96,96,14.4,14.4,1,9999,,ID producto origen: 1156 | Medida origen: Pieza(s) | Generado sistema origen: 1,true,false,1,1,false
1157,MAT-01157,0721173542967,"ABRAZADERA OMEGA 1""",,,category:materiales,Materiales,medida:2,PIEZAS,,,,,32,31,31,2.4,2.4,1,9999,,ID producto origen: 1157 | Medida origen: Pieza(s) | Generado sistema origen: 1,true,false,1,1,false
1158,MAT-01158,5582488317832,"ABRAZADERA OMEGA 3""",,,category:materiales,Materiales,medida:2,PIEZAS,,,,,87,86,86,13,13,1,9999,,ID producto origen: 1158 | Medida origen: Pieza(s) | Generado sistema origen: 1,true,false,1,1,false
1159,MAT-01159,,MALLA CRIBA,,,category:materiales,Materiales,medida:3,METROS,,,,,129,128,128,95.56,95.56,1,9999,,ID producto origen: 1159 | Medida origen: Metro(s) | Generado sistema origen: 0,true,true,1,1,false
1160,MAT-01160,502252572135,PLACA LUCEK 1 APAGADOR ESCALERA,,,category:materiales,Materiales,medida:2,PIEZAS,,,,,29,29,29,,,1,9999,,ID producto origen: 1160 | Medida origen: Pieza(s) | Generado sistema origen: 0,true,false,1,1,true
1161,MAT-01161,7506240602545,CINTA TEFLON 3/4 INDUSTRIAL (TRUPER),,,category:materiales,Materiales,medida:2,PIEZAS,,,,,9,8,8,6.9,6.9,1,9999,,ID producto origen: 1161 | Medida origen: Pieza(s) | Generado sistema origen: 0,true,false,1,1,false
1162,MAT-01162,,GRAVA 1 1/2,,,category:materiales,Materiales,medida:2,PIEZAS,,,,,480,480,480,300,300,1,9999,,ID producto origen: 1162 | Medida origen: Pieza(s) | Generado sistema origen: 0,true,false,1,1,true
1163,MAT-01163,,PEGA AZULEJO ADE,,,category:materiales,Materiales,medida:2,PIEZAS,,,,,114,114,114,85,85,1,9999,,ID producto origen: 1163 | Medida origen: Pieza(s) | Generado sistema origen: 0,true,false,1,1,true
1164,MAT-01164,3184684801362,BASE PARA FOCO,,,category:materiales,Materiales,medida:2,PIEZAS,,,,,25,24,24,,,1,9999,,ID producto origen: 1164 | Medida origen: Pieza(s) | Generado sistema origen: 1,true,false,1,1,false
1165,MAT-01165,,CODO HEMBRA 1/2 TERMO,,,category:materiales,Materiales,medida:2,PIEZAS,,,,,41,40,40,35,35,1,9999,,ID producto origen: 1165 | Medida origen: Pieza(s) | Generado sistema origen: 0,true,false,1,1,false
1166,MAT-01166,,TAPON 1/2 GAL,,,category:materiales,Materiales,medida:2,PIEZAS,,,,,0,0,0,,,1,9999,,ID producto origen: 1166 | Medida origen: Pieza(s) | Generado sistema origen: 0,true,false,6,12,false
1167,MAT-01167,,NIPLE 1/2X2,,,category:materiales,Materiales,medida:2,PIEZAS,,,,,10,10,10,8,8,1,9999,,ID producto origen: 1167 | Medida origen: Pieza(s) | Generado sistema origen: 0,true,false,1,1,true
1168,MAT-01168,,TEE HEMBRA 1/2 TERMO,,,category:materiales,Materiales,medida:2,PIEZAS,,,,,39,38,38,33,33,1,9999,,ID producto origen: 1168 | Medida origen: Pieza(s) | Generado sistema origen: 0,true,false,1,1,false
1169,MAT-01169,,RED 3/4 -12,,,category:materiales,Materiales,medida:2,PIEZAS,,,,,4,4,4,3.3,3.3,1,9999,,ID producto origen: 1169 | Medida origen: Pieza(s) | Generado sistema origen: 0,true,false,1,1,true
1170,MAT-01170,501206647189,LLAVE COMBINADA 5/8,,,category:materiales,Materiales,medida:2,PIEZAS,,,,,104,104,104,89,89,1,9999,,ID producto origen: 1170 | Medida origen: Pieza(s) | Generado sistema origen: 0,true,false,1,1,true
1171,MAT-01171,,REDUCCION 4A2 PVC,,,category:materiales,Materiales,medida:2,PIEZAS,,,,,22,22,22,18,18,1,9999,,ID producto origen: 1171 | Medida origen: Pieza(s) | Generado sistema origen: 0,true,false,1,1,true
1172,MAT-01172,,CODO OREJA TERMO FU 1/2,,,category:materiales,Materiales,medida:2,PIEZAS,,,,,41,40,40,35,35,1,9999,,ID producto origen: 1172 | Medida origen: Pieza(s) | Generado sistema origen: 0,true,false,1,1,false
1173,MAT-01173,,REDU 1 A 3/4 TERMO,,,category:materiales,Materiales,medida:2,PIEZAS,,,,,8,8,8,6.5,6.5,1,9999,,ID producto origen: 1173 | Medida origen: Pieza(s) | Generado sistema origen: 0,true,false,1,1,true
1174,MAT-01174,,REDU 3/4 A 1/2 TERMO,,,category:materiales,Materiales,medida:2,PIEZAS,,,,,4,4,4,3.3,3.3,1,9999,,ID producto origen: 1174 | Medida origen: Pieza(s) | Generado sistema origen: 0,true,false,1,1,true
1175,MAT-01175,,NIPLE 1/2X2 GAL,,,category:materiales,Materiales,medida:2,PIEZAS,,,,,9,9,9,7,7,1,9999,,ID producto origen: 1175 | Medida origen: Pieza(s) | Generado sistema origen: 0,true,false,1,1,true
1176,MAT-01176,8184290684064,TEE 1/2 P/MAN,,,category:materiales,Materiales,medida:2,PIEZAS,,,,,16,16,16,13.2,13.2,1,9999,,ID producto origen: 1176 | Medida origen: Pieza(s) | Generado sistema origen: 1,true,false,1,1,true
1177,MAT-01177,5493919264703,TAPON 1/2 PVC,,,category:materiales,Materiales,medida:2,PIEZAS,,,,,8,8,8,6.5,6.5,1,9999,,ID producto origen: 1177 | Medida origen: Pieza(s) | Generado sistema origen: 1,true,false,1,1,true
1178,MAT-01178,,ARENA TRITURADA,,,category:materiales,Materiales,medida:3,METROS,,,,,500,500,500,366.67,366.67,1,9999,,ID producto origen: 1178 | Medida origen: Metro(s) | Generado sistema origen: 0,true,true,1,1,true
1179,MAT-01179,,JALADOR DE CONCRETO,,,category:materiales,Materiales,medida:2,PIEZAS,,,,,342,341,341,254.31,254.31,1,9999,,ID producto origen: 1179 | Medida origen: Pieza(s) | Generado sistema origen: 0,true,false,1,1,false
1180,MAT-01180,7506240657590,GUANTE DE NITRILO M (PRETUL),,,category:materiales,Materiales,medida:2,PIEZAS,,,,,33,32,32,24.14,24.14,1,9999,,ID producto origen: 1180 | Medida origen: Pieza(s) | Generado sistema origen: 0,true,false,1,1,false
1181,MAT-01181,7506240609971,FLOTA NEGRA (PRETUL),,,category:materiales,Materiales,medida:2,PIEZAS,,,,,68,67,67,50.86,50.86,1,9999,,ID producto origen: 1181 | Medida origen: Pieza(s) | Generado sistema origen: 0,true,false,1,1,false
1182,MAT-01182,7501206694046,"ABRAZADERA MIN1-13/16"" MAX2-3/4"" (FIERO)",,,category:materiales,Materiales,medida:2,PIEZAS,,,,,13,13,13,9.31,9.31,1,9999,,ID producto origen: 1182 | Medida origen: Pieza(s) | Generado sistema origen: 0,true,false,1,1,true
1183,MAT-01183,7501206693957,ABRAZADERA MIN 1/2 (FIERO),,,category:materiales,Materiales,medida:2,PIEZAS,,,,,8,8,8,5.63,5.63,1,9999,,ID producto origen: 1183 | Medida origen: Pieza(s) | Generado sistema origen: 0,true,false,1,1,true
1184,MAT-01184,7501206693964,"ABRAZADERA MIN5/8"" MAX7/8"" (FIERO)",,,category:materiales,Materiales,medida:2,PIEZAS,,,,,8,8,8,5.95,5.95,1,9999,,ID producto origen: 1184 | Medida origen: Pieza(s) | Generado sistema origen: 0,true,false,1,1,true
1185,MAT-01185,7501206693971,"ABRAZADERA MIN3/4"" MAX1-1/16"" (FIERO)",,,category:materiales,Materiales,medida:2,PIEZAS,,,,,8,8,8,5.95,5.95,1,9999,,ID producto origen: 1185 | Medida origen: Pieza(s) | Generado sistema origen: 0,true,false,1,1,true
1186,MAT-01186,,TRIPLAY MADERA,,,category:materiales,Materiales,medida:2,PIEZAS,,,,,575,575,575,500,500,1,9999,,ID producto origen: 1186 | Medida origen: Pieza(s) | Generado sistema origen: 0,true,false,1,1,true
1187,MAT-01187,,POLVILLO,,,category:materiales,Materiales,medida:2,PIEZAS,,,,,430,430,430,,,1,9999,,ID producto origen: 1187 | Medida origen: Pieza(s) | Generado sistema origen: 0,true,false,1,1,true
1188,MAT-01188,503007746092,PEGAMENTO CTC TUBO PVC 60ML,,,category:materiales,Materiales,medida:2,PIEZAS,,,,,30,30,30,22.39,22.39,1,9999,,ID producto origen: 1188 | Medida origen: Pieza(s) | Generado sistema origen: 0,true,false,1,1,true
1189,MAT-01189,,ANILLO 10X25,,,category:materiales,Materiales,medida:2,PIEZAS,,,,,27,27,27,23,23,1,9999,,ID producto origen: 1189 | Medida origen: Pieza(s) | Generado sistema origen: 0,true,false,1,1,true
1190,MAT-01190,,GACO FLOX,,,category:materiales,Materiales,medida:2,PIEZAS,,,,,0,0,0,,,1,9999,,ID producto origen: 1190 | Medida origen: Pieza(s) | Generado sistema origen: 0,true,false,6,12,false
1191,MAT-01191,,ADESTUK ADE1000,,,category:materiales,Materiales,medida:2,PIEZAS,,,,,130,130,130,,,1,9999,,ID producto origen: 1191 | Medida origen: Pieza(s) | Generado sistema origen: 0,false,false,1,1,true
1192,MAT-01192,,SOBRE TECHO,,,category:materiales,Materiales,medida:2,PIEZAS,,,,,3.2,3.2,3.2,,,1,9999,,ID producto origen: 1192 | Medida origen: Pieza(s) | Generado sistema origen: 0,true,false,1,1,true
1193,MAT-01193,,varilla GRUESA 5/8,,,category:materiales,Materiales,medida:2,PIEZAS,,,,,430,430,430,19.37,19.37,1,9999,,ID producto origen: 1193 | Medida origen: Pieza(s) | Generado sistema origen: 0,true,false,1,1,true
1194,MAT-01194,,MANGUERA NARANJA 1/2 LISA,,,category:materiales,Materiales,medida:2,PIEZAS,,,,,650,650,650,562,562,1,9999,,ID producto origen: 1194 | Medida origen: Pieza(s) | Generado sistema origen: 0,true,false,1,1,true
1195,MAT-01195,,CEMENTO BLANCO,,,category:materiales,Materiales,medida:2,PIEZAS,,,,,240,240,240,220,220,1,9999,,ID producto origen: 1195 | Medida origen: Pieza(s) | Generado sistema origen: 0,true,false,1,1,true
1196,MAT-01196,7500012016462,DISCO DIAMANTE CONTINUO(HUM),,,category:materiales,Materiales,medida:2,PIEZAS,,,,,96,95,95,71.94,71.94,1,9999,,ID producto origen: 1196 | Medida origen: Pieza(s) | Generado sistema origen: 0,true,false,1,1,false
1197,MAT-01197,75066102226395,AFLOJA TODO TRUPER 400ML,,,category:materiales,Materiales,medida:2,PIEZAS,,,,,68,67,67,50.43,50.43,1,9999,,ID producto origen: 1197 | Medida origen: Pieza(s) | Generado sistema origen: 0,true,false,1,1,false
1198,MAT-01198,7506610226388,AFLOJA TODO TRUPER 235ML,,,category:materiales,Materiales,medida:2,PIEZAS,,,,,47,46,46,34.91,34.91,1,9999,,ID producto origen: 1198 | Medida origen: Pieza(s) | Generado sistema origen: 0,true,false,1,1,false
1199,MAT-01199,7506610212565,AFLOJA TODO TRUPER 176ML,,,category:materiales,Materiales,medida:2,PIEZAS,,,,,39,38,38,46.66,46.66,1,9999,,ID producto origen: 1199 | Medida origen: Pieza(s) | Generado sistema origen: 0,true,false,1,1,false
1200,MAT-01200,,ANILLO 25X25,,,category:materiales,Materiales,medida:1,KILOS,,,,,27,27,27,23,23,1,9999,,ID producto origen: 1200 | Medida origen: Kilo(s) | Generado sistema origen: 0,true,true,1,1,true
1201,MAT-01201,,ANILLO 10X30,,,category:materiales,Materiales,medida:1,KILOS,,,,,27,27,27,23,23,1,9999,,ID producto origen: 1201 | Medida origen: Kilo(s) | Generado sistema origen: 0,true,true,1,1,true
1202,MAT-01202,,ANILLO 30X30,,,category:materiales,Materiales,medida:1,KILOS,,,,,27,27,27,23,23,1,9999,,ID producto origen: 1202 | Medida origen: Kilo(s) | Generado sistema origen: 0,true,true,1,1,true
1203,MAT-01203,,CARTUCHO PARA GAS,,,category:materiales,Materiales,medida:2,PIEZAS,,,,,161,161,161,139,139,1,9999,,ID producto origen: 1203 | Medida origen: Pieza(s) | Generado sistema origen: 0,true,false,1,1,true
1204,MAT-01204,,BROCA PARA CONCRETO 7/8 12PULGADAS,,,category:materiales,Materiales,medida:2,PIEZAS,,,,,359,359,359,309,309,1,9999,,ID producto origen: 1204 | Medida origen: Pieza(s) | Generado sistema origen: 0,true,false,1,1,true
1205,MAT-01205,501206694022,ABRAZADERA 1 1/2 - 2 1/4,,,category:materiales,Materiales,medida:2,PIEZAS,,,,,11,11,11,7.93,7.93,1,9999,,ID producto origen: 1205 | Medida origen: Pieza(s) | Generado sistema origen: 0,true,false,1,1,true
1206,MAT-01206,501206636077,LLAVE DE JARDIN 3/4 - 1/2,,,category:materiales,Materiales,medida:2,PIEZAS,,,,,80,79,79,59.48,59.48,1,9999,,ID producto origen: 1206 | Medida origen: Pieza(s) | Generado sistema origen: 0,true,false,1,1,false
1207,MAT-01207,501206656709,LLAVE JARDIN 3/4 - 1/2,,,category:materiales,Materiales,medida:2,PIEZAS,,,,,57,56,56,42.24,42.24,1,9999,,ID producto origen: 1207 | Medida origen: Pieza(s) | Generado sistema origen: 0,true,false,1,1,false
1208,MAT-01208,,EXTENSION PARA RODILLO TRUPER,,,category:materiales,Materiales,medida:2,PIEZAS,,,,,41,40,40,30.17,30.17,1,9999,,ID producto origen: 1208 | Medida origen: Pieza(s) | Generado sistema origen: 0,true,false,1,1,false
1209,MAT-01209,,VALVULA CHEK,,,category:materiales,Materiales,medida:2,PIEZAS,,,,,191,191,191,165,165,1,9999,,ID producto origen: 1209 | Medida origen: Pieza(s) | Generado sistema origen: 0,true,false,1,1,true
1210,MAT-01210,,GUIA PARA CABLE,,,category:materiales,Materiales,medida:2,PIEZAS,,,,,675,675,675,645,645,1,9999,,ID producto origen: 1210 | Medida origen: Pieza(s) | Generado sistema origen: 0,true,false,1,1,true
1211,MAT-01211,,ANILLO 9X13,,,category:materiales,Materiales,medida:1,KILOS,,,,,27,27,27,23,23,1,9999,,ID producto origen: 1211 | Medida origen: Kilo(s) | Generado sistema origen: 0,true,true,1,1,true
1212,MAT-01212,,LLAVE EMPOTRAR,,,category:materiales,Materiales,medida:2,PIEZAS,,,,,670,670,670,,,1,9999,,ID producto origen: 1212 | Medida origen: Pieza(s) | Generado sistema origen: 0,true,false,1,1,true
1213,MAT-01213,506240697749,LLAVE ANGU,,,category:materiales,Materiales,medida:2,PIEZAS,,,,,70,70,70,,,1,9999,,ID producto origen: 1213 | Medida origen: Pieza(s) | Generado sistema origen: 0,true,false,1,1,true
1214,MAT-01214,7506240699989,"PALA CUADRADA T-2000 MANGO36"" TRUPER",,,category:materiales,Materiales,medida:2,PIEZAS,,,,,249,248,248,185.34,185.34,1,9999,,ID producto origen: 1214 | Medida origen: Pieza(s) | Generado sistema origen: 0,true,false,1,1,false
1215,MAT-01215,7854161783646,CORTADORA ESTACIONARIA 14,,,category:materiales,Materiales,medida:2,PIEZAS,,,,,42,41,41,383.34,383.34,1,9999,uploads/productos/WhatsApp Image 2026-06-06 at 08.56.37.jpeg,ID producto origen: 1215 | Medida origen: Pieza(s) | Generado sistema origen: 1,true,false,1,1,false
1216,MAT-01216,,CUBETA SELLADOR,,,category:materiales,Materiales,medida:2,PIEZAS,,,,,1270,1270,1270,1096,1096,1,9999,,ID producto origen: 1216 | Medida origen: Pieza(s) | Generado sistema origen: 0,true,false,1,1,true
1217,MAT-01217,,GUANTE ROJO,,,category:materiales,Materiales,medida:2,PIEZAS,,,,,27,27,27,22,22,1,9999,,ID producto origen: 1217 | Medida origen: Pieza(s) | Generado sistema origen: 0,true,false,1,1,true
1218,MAT-01218,,YEE 4A2,,,category:materiales,Materiales,medida:2,PIEZAS,,,,,49,49,49,42,42,1,9999,,ID producto origen: 1218 | Medida origen: Pieza(s) | Generado sistema origen: 0,true,false,1,1,true
1219,MAT-01219,501206674048,"DISCO 14"" TRUPER",,,category:materiales,Materiales,medida:2,PIEZAS,,,,,98,98,98,73.28,73.28,1,9999,,ID producto origen: 1219 | Medida origen: Pieza(s) | Generado sistema origen: 0,true,false,1,1,true
1220,MAT-01220,506240636861,GUANTE ANTIDERRAPANTE M,,,category:materiales,Materiales,medida:2,PIEZAS,,,,,45,45,45,33.62,33.62,1,9999,,ID producto origen: 1220 | Medida origen: Pieza(s) | Generado sistema origen: 0,true,false,1,1,true
1221,MAT-01221,501206640944,NAJARA RETRACTIL,,,category:materiales,Materiales,medida:2,PIEZAS,,,,,133,133,133,99.14,99.14,1,9999,,ID producto origen: 1221 | Medida origen: Pieza(s) | Generado sistema origen: 0,true,false,1,1,true
1222,MAT-01222,506240657606,GUANTE NITRILO G,,,category:materiales,Materiales,medida:2,PIEZAS,,,,,34,34,34,23.89,23.89,1,9999,,ID producto origen: 1222 | Medida origen: Pieza(s) | Generado sistema origen: 0,true,false,1,1,true
1223,MAT-01223,501206657188,DISCO DIAMANTE 7/8,,,category:materiales,Materiales,medida:2,PIEZAS,,,,,191,190,190,142.24,142.24,1,9999,,ID producto origen: 1223 | Medida origen: Pieza(s) | Generado sistema origen: 0,true,false,1,1,false
1224,MAT-01224,501206682067,GUANTE LATEX G,,,category:materiales,Materiales,medida:2,PIEZAS,,,,,23,23,23,17.24,17.24,1,9999,,ID producto origen: 1224 | Medida origen: Pieza(s) | Generado sistema origen: 0,true,false,1,1,true
1225,MAT-01225,,BOTA SEGURIDAD,,,category:materiales,Materiales,medida:2,PIEZAS,,,,,0,0,0,,,1,9999,,ID producto origen: 1225 | Medida origen: Pieza(s) | Generado sistema origen: 0,false,false,6,12,false
1226,MAT-01226,506610217669,CLAVIJA REFORZADA,,,category:materiales,Materiales,medida:2,PIEZAS,,,,,11,11,11,8.62,8.62,1,9999,,ID producto origen: 1226 | Medida origen: Pieza(s) | Generado sistema origen: 0,true,false,1,1,true
1227,MAT-01227,501206659441,CLAVIJA SIN TIERRA,,,category:materiales,Materiales,medida:2,PIEZAS,,,,,17,16,16,12.93,12.93,1,9999,,ID producto origen: 1227 | Medida origen: Pieza(s) | Generado sistema origen: 0,true,false,1,1,false
1228,MAT-01228,506240618805,CLAVIJA REDONDA 2,,,category:materiales,Materiales,medida:2,PIEZAS,,,,,21,20,20,15.52,15.52,1,9999,,ID producto origen: 1228 | Medida origen: Pieza(s) | Generado sistema origen: 0,true,false,1,1,false
1229,MAT-01229,501206690765,1 CLAVIJA Y UN CONTACTO,,,category:materiales,Materiales,medida:2,PIEZAS,,,,,18,18,18,146.66,146.66,1,9999,,ID producto origen: 1229 | Medida origen: Pieza(s) | Generado sistema origen: 0,true,false,1,1,true
1230,MAT-01230,,PICHANCHA 3/4,,,category:materiales,Materiales,medida:2,PIEZAS,,,,,148,147,147,,,1,9999,,ID producto origen: 1230 | Medida origen: Pieza(s) | Generado sistema origen: 0,true,false,1,1,false
1231,MAT-01231,,TUERCA UNION 3/4,,,category:materiales,Materiales,medida:2,PIEZAS,,,,,72,72,72,,,1,9999,,ID producto origen: 1231 | Medida origen: Pieza(s) | Generado sistema origen: 0,true,false,1,1,true
1232,MAT-01232,,VARILLA 3/4,,,category:materiales,Materiales,medida:1,KILOS,,,,,21.5,21.5,21.5,19.37,19.37,1,9999,,ID producto origen: 1232 | Medida origen: Kilo(s) | Generado sistema origen: 0,true,true,1,1,true
1233,MAT-01233,,"VARILLA 1""",,,category:materiales,Materiales,medida:1,KILOS,,,,,21.5,21.5,21.5,,,1,9999,,ID producto origen: 1233 | Medida origen: Kilo(s) | Generado sistema origen: 0,true,true,1,1,true
1234,MAT-01234,,LAVABO,,,category:materiales,Materiales,medida:2,PIEZAS,,,,,640,640,640,550,550,1,9999,,ID producto origen: 1234 | Medida origen: Pieza(s) | Generado sistema origen: 0,true,false,1,1,true
1235,MAT-01235,,ANILLO 9X13,,,category:materiales,Materiales,medida:1,KILOS,,,,,0,0,0,,,1,9999,,ID producto origen: 1235 | Medida origen: Kilo(s) | Generado sistema origen: 0,false,true,6,12,false
1236,MAT-01236,,BOLSA NIVELADORES,,,category:materiales,Materiales,medida:2,PIEZAS,,,,,108,108,108,93,93,1,9999,,ID producto origen: 1236 | Medida origen: Pieza(s) | Generado sistema origen: 0,true,false,1,1,true
1237,MAT-01237,,BOLSA SEPARADORES,,,category:materiales,Materiales,medida:2,PIEZAS,,,,,40,40,40,31,31,1,9999,,ID producto origen: 1237 | Medida origen: Pieza(s) | Generado sistema origen: 0,true,false,1,1,true
1238,MAT-01238,,CASETON 40X40X15,,,category:materiales,Materiales,medida:2,PIEZAS,,,,,35,35,35,28,28,1,9999,,ID producto origen: 1238 | Medida origen: Pieza(s) | Generado sistema origen: 0,true,false,1,1,true
1239,MAT-01239,,MANGUERA NARANJA LISA 3/4,,,category:materiales,Materiales,medida:2,PIEZAS,,,,,910,910,910,813,813,1,9999,,ID producto origen: 1239 | Medida origen: Pieza(s) | Generado sistema origen: 0,true,false,1,1,true
1240,MAT-01240,,REDUCCION 4A3,,,category:materiales,Materiales,medida:2,PIEZAS,,,,,22,22,22,36,36,1,9999,,ID producto origen: 1240 | Medida origen: Pieza(s) | Generado sistema origen: 0,true,false,1,1,true
1241,MAT-01241,,BASE PARA LAMPARA,,,category:materiales,Materiales,medida:2,PIEZAS,,,,,47,47,47,40,40,1,9999,,ID producto origen: 1241 | Medida origen: Pieza(s) | Generado sistema origen: 0,true,false,1,1,true
1242,MAT-01242,,CESPO PARA LAVABO,,,category:materiales,Materiales,medida:2,PIEZAS,,,,,60,60,60,50,50,1,9999,,ID producto origen: 1242 | Medida origen: Pieza(s) | Generado sistema origen: 0,true,false,1,1,true
1243,MAT-01243,,ANILLO 12X12,,,category:materiales,Materiales,medida:1,KILOS,,,,,25,25,25,23,23,1,9999,,ID producto origen: 1243 | Medida origen: Kilo(s) | Generado sistema origen: 0,true,true,1,1,true
1244,MAT-01244,,ANILLO 23X23,,,category:materiales,Materiales,medida:1,KILOS,,,,,27,27,27,23,23,1,9999,,ID producto origen: 1244 | Medida origen: Kilo(s) | Generado sistema origen: 0,true,true,1,1,true
