legacy_id,branch_legacy_id,customer_legacy_id,payment_method,price_type,subtotal,discount_amount,total,delivery_address,notes,created_by,created_at,deleted_at,delete_note,coupon_code,wallet_used,credit_used,cash_received,payment_type_audit,split_payment_method,split_payment_amount
1,branch:default,2,EFECTIVO,MENUDEO,230,0,230,DEGOLLADO,Usuario origen: ALONDRA2025 | Liquidado origen: 1 | Credito abonado origen: 230 | Dias restantes origen: 0 | Status origen: 0,,2025-07-08 23:06:09,,,,0,0,230,[],,0
2,branch:default,3,EFECTIVO,MENUDEO,132,0,132,JESUS MARIA,Usuario origen: ALEXA2025 | Liquidado origen: 1 | Credito abonado origen: 132 | Fecha limite origen: 2025-08-10 | Dias restantes origen: 30 | Status origen: 1,,2025-07-11 17:13:13,,,,0,0,132,[],,0
3,branch:default,3,EFECTIVO,MENUDEO,165,0,165,JESUS MARIA,Usuario origen: ALEXA2025 | Liquidado origen: 1 | Credito abonado origen: 165 | Fecha limite origen: 2025-08-10 | Dias restantes origen: 30 | Status origen: 1,,2025-07-11 17:15:25,,,,0,0,165,[],,0
4,branch:default,3,EFECTIVO,MENUDEO,2162,0,2162,JESUS MARIA,Usuario origen: ALEXA2025 | Liquidado origen: 1 | Credito abonado origen: 2162 | Fecha limite origen: 2025-07-26 | Dias restantes origen: 15 | Status origen: 1,,2025-07-11 22:05:06,,,,0,0,2162,[],,0
5,branch:default,2,EFECTIVO,MENUDEO,145,0,145,JESUS MARIA,Usuario origen: ALEXA2025 | Liquidado origen: 1 | Credito abonado origen: 145 | Dias restantes origen: 0 | Status origen: 0,,2025-07-14 19:30:19,,,,0,0,145,[],,0
6,branch:default,4,EFECTIVO,MENUDEO,2300,0,2300,LA CIERRITA,Usuario origen: ALONDRA2025 | Liquidado origen: 1 | Credito abonado origen: 2300 | Dias restantes origen: 0 | Status origen: 0,,2025-07-17 18:18:38,,,,0,0,2300,[],,0
7,branch:default,5,EFECTIVO,ESPECIAL,45960,0,45960,CEN COMER,Usuario origen: JUANDEJESUS | Liquidado origen: 1 | Credito abonado origen: 45960 | Fecha limite origen: 2025-08-02 | Dias restantes origen: 15 | Status origen: 1,,2025-07-18 19:25:59,,,,0,0,45960,[],,0
8,branch:default,5,EFECTIVO,MENUDEO,2450,0,2450,CEN COMER,Usuario origen: ALEXA2025 | Liquidado origen: 1 | Credito abonado origen: 2450 | Fecha limite origen: 2025-08-05 | Dias restantes origen: 15 | Status origen: 1,,2025-07-21 18:22:18,,,,0,0,2450,[],,0
9,branch:default,2,EFECTIVO,MENUDEO,103,0,103,JESUS MARIA,Usuario origen: ALEXA2025 | Liquidado origen: 1 | Credito abonado origen: 103 | Dias restantes origen: 0 | Status origen: 1,,2025-07-23 14:17:42,,,,0,0,103,[],,0
10,branch:default,6,EFECTIVO,MENUDEO,4300,0,4300,LOS LADRILLOS,Usuario origen: ALONDRA2025 | Liquidado origen: 1 | Credito abonado origen: 4300 | Dias restantes origen: 0 | Status origen: 1,,2025-07-24 15:03:07,,,,0,0,4300,[],,0
11,branch:default,7,EFECTIVO,MENUDEO,1390,0,1390,JESUS MARIA,Usuario origen: ALEXA2025 | Liquidado origen: 1 | Credito abonado origen: 1390 | Fecha limite origen: 2025-08-23 | Dias restantes origen: 30 | Status origen: 1,,2025-07-24 16:12:03,,,,0,0,1390,[],,0
12,branch:default,2,EFECTIVO,MENUDEO,45,0,45,JESUS MARIA,Usuario origen: ALEXA2025 | Liquidado origen: 1 | Credito abonado origen: 45 | Dias restantes origen: 0 | Status origen: 1,,2025-07-24 18:35:25,,,,0,0,45,[],,0
13,branch:default,3,EFECTIVO,MENUDEO,125,0,125,JESUS MARIA,Usuario origen: ALONDRA2025 | Liquidado origen: 1 | Credito abonado origen: 125 | Fecha limite origen: 2025-08-09 | Dias restantes origen: 15 | Status origen: 1,,2025-07-25 15:37:53,,,,0,0,125,[],,0
14,branch:default,8,EFECTIVO,MENUDEO,8100,0,8100,LAS LAGUNAS,Usuario origen: ALONDRA2025 | Liquidado origen: 1 | Credito abonado origen: 8100 | Fecha limite origen: 2025-08-09 | Dias restantes origen: 15 | Status origen: 1,,2025-07-25 17:32:58,,,,0,0,8100,[],,0
15,branch:default,8,EFECTIVO,MENUDEO,16000,0,16000,JESUS MARIA,Usuario origen: ALEXA2025 | Liquidado origen: 1 | Credito abonado origen: 16000 | Fecha limite origen: 2025-08-12 | Dias restantes origen: 15 | Status origen: 1,,2025-07-28 19:46:46,,,,0,0,16000,[],,0
16,branch:default,2,EFECTIVO,MENUDEO,7,0,7,JESUS MARIA,Usuario origen: ALEXA2025 | Liquidado origen: 1 | Credito abonado origen: 7 | Dias restantes origen: 0 | Status origen: 1,,2025-07-28 22:42:17,,,,0,0,7,[],,0
17,branch:default,9,EFECTIVO,MENUDEO,356,0,356,JESUS MARIA,Usuario origen: ALONDRA2025 | Liquidado origen: 1 | Credito abonado origen: 356 | Fecha limite origen: 2025-08-14 | Dias restantes origen: 15 | Status origen: 1,,2025-07-30 18:19:47,,,,0,0,356,[],,0
18,branch:default,3,EFECTIVO,MENUDEO,256,0,256,JESUS MARIA,Usuario origen: ALEXA2025 | Liquidado origen: 1 | Credito abonado origen: 256 | Fecha limite origen: 2025-08-14 | Dias restantes origen: 15 | Status origen: 1,,2025-07-30 19:44:08,,,,0,0,256,[],,0
19,branch:default,2,EFECTIVO,MENUDEO,15,0,15,JESUS MARIA,Usuario origen: ALONDRA2025 | Liquidado origen: 1 | Credito abonado origen: 15 | Dias restantes origen: 0 | Status origen: 1,,2025-07-30 19:54:14,,,,0,0,15,[],,0
20,branch:default,3,EFECTIVO,MENUDEO,104,0,104,JESUS MARIA,Usuario origen: ALEXA2025 | Liquidado origen: 1 | Credito abonado origen: 104 | Fecha limite origen: 2025-08-14 | Dias restantes origen: 15 | Status origen: 1,,2025-07-30 20:14:13,,,,0,0,104,[],,0
21,branch:default,3,EFECTIVO,MENUDEO,2000,0,2000,JESUS MARIA,Usuario origen: ALONDRA2025 | Liquidado origen: 1 | Credito abonado origen: 2000 | Fecha limite origen: 2025-08-14 | Dias restantes origen: 15 | Status origen: 1,,2025-07-30 20:18:43,,,,0,0,2000,[],,0
22,branch:default,8,EFECTIVO,MENUDEO,13800,0,13800,CURCERO DEL JOSEFINNO,Usuario origen: ALEXA2025 | Liquidado origen: 1 | Credito abonado origen: 13800 | Fecha limite origen: 2025-08-14 | Dias restantes origen: 15 | Status origen: 1,,2025-07-30 21:19:11,,,,0,0,13800,[],,0
23,branch:default,10,EFECTIVO,MENUDEO,72,0,72,JESUS MARIA,Usuario origen: ALEXA2025 | Liquidado origen: 1 | Credito abonado origen: 72 | Fecha limite origen: 2025-08-15 | Dias restantes origen: 15 | Status origen: 1,,2025-07-31 16:09:53,,,,0,0,72,[],,0
24,branch:default,11,EFECTIVO,MENUDEO,2750,0,2750,JESUS MARIA,Usuario origen: ALONDRA2025 | Liquidado origen: 1 | Credito abonado origen: 2750 | Dias restantes origen: 0 | Status origen: 1,,2025-07-31 18:28:02,,,,0,0,2750,[],,0
25,branch:default,11,EFECTIVO,MENUDEO,230,0,230,JESUS MARIA,Usuario origen: ALONDRA2025 | Liquidado origen: 1 | Credito abonado origen: 230 | Dias restantes origen: 0 | Status origen: 1,,2025-07-31 18:37:55,,,,0,0,230,[],,0
26,branch:default,8,EFECTIVO,MENUDEO,7000,0,7000,LAS LAGUNAS,Usuario origen: ALONDRA2025 | Liquidado origen: 1 | Credito abonado origen: 7000 | Fecha limite origen: 2025-08-16 | Dias restantes origen: 15 | Status origen: 1,,2025-08-01 14:11:56,,,,0,0,7000,[],,0
27,branch:default,8,EFECTIVO,MENUDEO,283,0,283,LAS LAGUNAS,Usuario origen: ALONDRA2025 | Liquidado origen: 1 | Credito abonado origen: 283 | Fecha limite origen: 2025-08-16 | Dias restantes origen: 15 | Status origen: 1,,2025-08-01 14:20:56,,,,0,0,283,[],,0
28,branch:default,10,EFECTIVO,MENUDEO,7,0,7,JESUS MARIA,Usuario origen: ALEXA2025 | Liquidado origen: 1 | Credito abonado origen: 7 | Fecha limite origen: 2025-08-16 | Dias restantes origen: 15 | Status origen: 1,,2025-08-01 18:37:53,,,,0,0,7,[],,0
29,branch:default,3,EFECTIVO,MENUDEO,64,0,64,JESUS MARIA,Usuario origen: ALONDRA2025 | Liquidado origen: 1 | Credito abonado origen: 64 | Fecha limite origen: 2025-08-16 | Dias restantes origen: 15 | Status origen: 1,,2025-08-01 20:10:46,,,,0,0,64,[],,0
30,branch:default,2,EFECTIVO,MENUDEO,87,0,87,JESUS MARIA,Usuario origen: ALEXA2025 | Liquidado origen: 1 | Credito abonado origen: 87 | Dias restantes origen: 0 | Status origen: 1,,2025-08-02 14:47:16,,,,0,0,87,[],,0
31,branch:default,2,EFECTIVO,MENUDEO,466,0,466,JESUS MARIA,Usuario origen: ALONDRA2025 | Liquidado origen: 1 | Credito abonado origen: 466 | Dias restantes origen: 0 | Status origen: 1,,2025-08-04 22:04:16,,,,0,0,466,[],,0
32,branch:default,9,EFECTIVO,MENUDEO,2980,0,2980,EL ROBLE,Usuario origen: ALEXA2025 | Liquidado origen: 1 | Credito abonado origen: 2980 | Fecha limite origen: 2025-08-20 | Dias restantes origen: 15 | Status origen: 1,,2025-08-05 14:19:57,,,,0,0,2980,[],,0
33,branch:default,3,EFECTIVO,MENUDEO,2024,0,2024,JESUS MARIA,Usuario origen: ALEXA2025 | Liquidado origen: 1 | Credito abonado origen: 2024 | Fecha limite origen: 2025-08-20 | Dias restantes origen: 15 | Status origen: 1,,2025-08-05 18:10:38,,,,0,0,2024,[],,0
34,branch:default,8,EFECTIVO,MENUDEO,7500,0,7500,LAS LAGUNAS,Usuario origen: ALONDRA2025 | Liquidado origen: 1 | Credito abonado origen: 7500 | Fecha limite origen: 2025-08-20 | Dias restantes origen: 15 | Status origen: 1,,2025-08-05 18:18:33,,,,0,0,7500,[],,0
35,branch:default,11,EFECTIVO,MENUDEO,100,0,100,JESUS MARIA,Usuario origen: ALONDRA2025 | Liquidado origen: 1 | Credito abonado origen: 100 | Dias restantes origen: 0 | Status origen: 1,,2025-08-06 15:18:44,,,,0,0,100,[],,0
36,branch:default,7,EFECTIVO,MENUDEO,1420,0,1420,JESUS MARIA,Usuario origen: ALEXA2025 | Liquidado origen: 1 | Credito abonado origen: 1420 | Fecha limite origen: 2025-09-05 | Dias restantes origen: 30 | Status origen: 1,,2025-08-06 20:24:14,,,,0,0,1420,[],,0
37,branch:default,8,EFECTIVO,MENUDEO,24630,0,24630,LAS LAGUNAS,Usuario origen: ALONDRA2025 | Liquidado origen: 1 | Credito abonado origen: 24630 | Fecha limite origen: 2025-08-22 | Dias restantes origen: 15 | Status origen: 1,,2025-08-07 14:19:38,,,,0,0,24630,[],,0
38,branch:default,2,EFECTIVO,MENUDEO,1150,0,1150,JESUS MARIA,Usuario origen: ALONDRA2025 | Liquidado origen: 1 | Credito abonado origen: 1150 | Dias restantes origen: 0 | Status origen: 0,,2025-08-07 19:31:15,,,,0,0,1150,[],,0
39,branch:default,12,EFECTIVO,MENUDEO,1150,0,1150,AYOTLAN,Usuario origen: ALONDRA2025 | Liquidado origen: 1 | Credito abonado origen: 1150 | Fecha limite origen: 2025-09-06 | Dias restantes origen: 30 | Status origen: 1,,2025-08-07 19:43:10,,,,0,0,1150,[],,0
40,branch:default,3,EFECTIVO,MENUDEO,86,0,86,JESUS MARIA,Usuario origen: ALEXA2025 | Liquidado origen: 1 | Credito abonado origen: 86 | Fecha limite origen: 2025-08-23 | Dias restantes origen: 15 | Status origen: 1,,2025-08-08 18:02:02,,,,0,0,86,[],,0
41,branch:default,9,EFECTIVO,MENUDEO,1800,0,1800,EL ROBLE,Usuario origen: ALONDRA2025 | Liquidado origen: 1 | Credito abonado origen: 1800 | Fecha limite origen: 2025-08-23 | Dias restantes origen: 15 | Status origen: 1,,2025-08-08 18:03:38,,,,0,0,1800,[],,0
42,branch:default,3,EFECTIVO,MENUDEO,90,0,90,JESUS MARIA,Usuario origen: ALEXA2025 | Liquidado origen: 1 | Credito abonado origen: 90 | Fecha limite origen: 2025-08-23 | Dias restantes origen: 15 | Status origen: 1,,2025-08-08 19:14:24,,,,0,0,90,[],,0
43,branch:default,3,EFECTIVO,MENUDEO,120,0,120,JESUS MARIA,Usuario origen: ALEXA2025 | Liquidado origen: 1 | Credito abonado origen: 120 | Fecha limite origen: 2025-08-23 | Dias restantes origen: 15 | Status origen: 1,,2025-08-08 19:26:42,,,,0,0,120,[],,0
44,branch:default,3,EFECTIVO,MENUDEO,52,0,52,JESUS MARIA,Usuario origen: ALEXA2025 | Liquidado origen: 1 | Credito abonado origen: 52 | Fecha limite origen: 2025-08-23 | Dias restantes origen: 15 | Status origen: 1,,2025-08-08 20:58:15,,,,0,0,52,[],,0
45,branch:default,12,CREDITO,MENUDEO,2760,0,2760,SAN RAFAEL,Usuario origen: ALONDRA2025 | Liquidado origen: 0 | Credito abonado origen: 0 | Fecha limite origen: 2025-09-07 | Dias restantes origen: 30 | Status origen: 0,,2025-08-08 21:15:59,,,,0,2760,0,[],,0
46,branch:default,12,EFECTIVO,MENUDEO,1380,0,1380,SAN RAFEL,Usuario origen: ALONDRA2025 | Liquidado origen: 1 | Credito abonado origen: 1380 | Fecha limite origen: 2025-09-07 | Dias restantes origen: 30 | Status origen: 1,,2025-08-08 21:23:27,,,,0,0,1380,[],,0
47,branch:default,13,EFECTIVO,MENUDEO,4350,0,4350,JESUS MARIA,Usuario origen: ALEXA2025 | Liquidado origen: 1 | Credito abonado origen: 4350 | Fecha limite origen: 2025-08-24 | Dias restantes origen: 15 | Status origen: 1,,2025-08-09 15:38:13,,,,0,0,4350,[],,0
48,branch:default,2,EFECTIVO,MENUDEO,23,0,23,JESUS MARIA,Usuario origen: ALEXA2025 | Liquidado origen: 1 | Credito abonado origen: 23 | Dias restantes origen: 0 | Status origen: 1,,2025-08-09 16:03:52,,,,0,0,23,[],,0
49,branch:default,3,EFECTIVO,MENUDEO,86,0,86,JESUS MARIA,Usuario origen: ALEXA2025 | Liquidado origen: 1 | Credito abonado origen: 86 | Fecha limite origen: 2025-08-26 | Dias restantes origen: 15 | Status origen: 1,,2025-08-11 15:04:17,,,,0,0,86,[],,0
50,branch:default,10,CREDITO,MENUDEO,556,0,556,JESUS MARIA,Usuario origen: ALONDRA2025 | Liquidado origen: 0 | Credito abonado origen: 0 | Fecha limite origen: 2025-08-26 | Dias restantes origen: 15 | Status origen: 1,,2025-08-11 15:07:48,,,,0,556,0,[],,0
51,branch:default,12,EFECTIVO,MENUDEO,1840,0,1840,SAN RAFAEL,Usuario origen: ALEXA2025 | Liquidado origen: 1 | Credito abonado origen: 1840 | Fecha limite origen: 2025-09-10 | Dias restantes origen: 30 | Status origen: 1,,2025-08-11 22:53:13,,,,0,0,1840,[],,0
52,branch:default,9,EFECTIVO,MENUDEO,944,0,944,EL ROBLE,Usuario origen: ALEXA2025 | Liquidado origen: 1 | Credito abonado origen: 944 | Fecha limite origen: 2025-08-27 | Dias restantes origen: 15 | Status origen: 1,,2025-08-12 13:44:19,,,,0,0,944,[],,0
53,branch:default,5,CREDITO,MENUDEO,4700,0,4700,LAS CANOAS,Usuario origen: ALONDRA2025 | Liquidado origen: 0 | Credito abonado origen: 0 | Fecha limite origen: 2025-08-27 | Dias restantes origen: 15 | Status origen: 0,,2025-08-12 14:26:05,,,,0,4700,0,[],,0
54,branch:default,10,CREDITO,MENUDEO,892,0,892,JESUS MARIA,Usuario origen: ALEXA2025 | Liquidado origen: 0 | Credito abonado origen: 0 | Fecha limite origen: 2025-08-27 | Dias restantes origen: 15 | Status origen: 1,,2025-08-12 14:48:55,,,,0,892,0,[],,0
55,branch:default,7,EFECTIVO,MENUDEO,4700,0,4700,LAS CANOAS,Usuario origen: ALONDRA2025 | Liquidado origen: 1 | Credito abonado origen: 4700 | Fecha limite origen: 2025-09-11 | Dias restantes origen: 30 | Status origen: 1,,2025-08-12 14:50:51,,,,0,0,4700,[],,0
56,branch:default,3,EFECTIVO,MENUDEO,118,0,118,JESUS MARIA,Usuario origen: ALEXA2025 | Liquidado origen: 1 | Credito abonado origen: 118 | Fecha limite origen: 2025-08-27 | Dias restantes origen: 15 | Status origen: 1,,2025-08-12 15:53:13,,,,0,0,118,[],,0
57,branch:default,3,EFECTIVO,MENUDEO,1030,0,1030,JESUS MARIA,Usuario origen: ALEXA2025 | Liquidado origen: 1 | Credito abonado origen: 1030 | Fecha limite origen: 2025-08-27 | Dias restantes origen: 15 | Status origen: 1,,2025-08-12 17:33:38,,,,0,0,1030,[],,0
58,branch:default,2,EFECTIVO,MENUDEO,5,0,5,JESUS MARIA,Usuario origen: ALEXA2025 | Liquidado origen: 1 | Credito abonado origen: 5 | Dias restantes origen: 0 | Status origen: 1,,2025-08-12 18:44:11,,,,0,0,5,[],,0
59,branch:default,10,CREDITO,MENUDEO,58,0,58,JESUS MARIA,Usuario origen: ALONDRA2025 | Liquidado origen: 0 | Credito abonado origen: 0 | Fecha limite origen: 2025-08-28 | Dias restantes origen: 15 | Status origen: 1,,2025-08-13 17:57:49,,,,0,58,0,[],,0
60,branch:default,3,EFECTIVO,MENUDEO,230,0,230,JESUS MARIA,Usuario origen: ALONDRA2025 | Liquidado origen: 1 | Credito abonado origen: 230 | Fecha limite origen: 2025-08-28 | Dias restantes origen: 15 | Status origen: 1,,2025-08-13 18:59:05,,,,0,0,230,[],,0
61,branch:default,11,CREDITO,MENUDEO,1604,0,1604,JESUS MARIA,Usuario origen: ALEXA2025 | Liquidado origen: 0 | Credito abonado origen: 0 | Fecha limite origen: 2025-08-29 | Dias restantes origen: 15 | Status origen: 0,,2025-08-14 18:07:05,,,,0,1604,0,[],,0
62,branch:default,11,EFECTIVO,MENUDEO,1765,0,1765,JESUS MARIA,Usuario origen: ALEXA2025 | Liquidado origen: 1 | Credito abonado origen: 1765 | Fecha limite origen: 2025-08-29 | Dias restantes origen: 15 | Status origen: 1,,2025-08-14 18:16:11,,,,0,0,1765,[],,0
63,branch:default,11,EFECTIVO,MENUDEO,87.5,0,87.5,JESUS MARIA,Usuario origen: ALEXA2025 | Liquidado origen: 1 | Credito abonado origen: 87.5 | Fecha limite origen: 2025-08-29 | Dias restantes origen: 15 | Status origen: 1,,2025-08-14 18:23:14,,,,0,0,87.5,[],,0
64,branch:default,11,EFECTIVO,MENUDEO,219,0,219,JESUS MARIA,Usuario origen: ALEXA2025 | Liquidado origen: 1 | Credito abonado origen: 219 | Fecha limite origen: 2025-08-29 | Dias restantes origen: 15 | Status origen: 1,,2025-08-14 18:28:39,,,,0,0,219,[],,0
65,branch:default,12,EFECTIVO,MENUDEO,2300,0,2300,SAN RAFAEL,Usuario origen: ALONDRA2025 | Liquidado origen: 1 | Credito abonado origen: 2300 | Fecha limite origen: 2025-09-13 | Dias restantes origen: 30 | Status origen: 1,,2025-08-14 20:27:02,,,,0,0,2300,[],,0
66,branch:default,8,EFECTIVO,MENUDEO,13800,0,13800,LAS LAGUNAS,Usuario origen: ALONDRA2025 | Liquidado origen: 1 | Credito abonado origen: 13800 | Fecha limite origen: 2025-08-30 | Dias restantes origen: 15 | Status origen: 1,,2025-08-15 14:34:35,,,,0,0,13800,[],,0
67,branch:default,2,EFECTIVO,MENUDEO,4700,0,4700,NUEVO LEON(CALLE DEL TIANGUIS),Usuario origen: ALEXA2025 | Liquidado origen: 1 | Credito abonado origen: 4700 | Dias restantes origen: 0 | Status origen: 1,,2025-08-15 18:06:08,,,,0,0,4700,[],,0
68,branch:default,2,EFECTIVO,MENUDEO,62.5,0,62.5,JESUS MARIA,Usuario origen: ALEXA2025 | Liquidado origen: 1 | Credito abonado origen: 62.5 | Dias restantes origen: 0 | Status origen: 1,,2025-08-15 20:25:45,,,,0,0,62.5,[],,0
69,branch:default,7,EFECTIVO,MENUDEO,3200,0,3200,JESUS MARIA,Usuario origen: ALEXA2025 | Liquidado origen: 1 | Credito abonado origen: 3200 | Fecha limite origen: 2025-09-15 | Dias restantes origen: 30 | Status origen: 1,,2025-08-16 15:32:44,,,,0,0,3200,[],,0
70,branch:default,2,CREDITO,MENUDEO,230,0,230,JESUS MARIA,Usuario origen: ALEXA2025 | Liquidado origen: 0 | Credito abonado origen: 0 | Fecha limite origen: 2025-08-16 | Dias restantes origen: 0 | Status origen: 1,,2025-08-16 17:11:11,,,,0,230,0,[],,0
71,branch:default,3,EFECTIVO,MENUDEO,16,0,16,JESUS MARIA,Usuario origen: ALEXA2025 | Liquidado origen: 1 | Credito abonado origen: 16 | Fecha limite origen: 2025-08-31 | Dias restantes origen: 15 | Status origen: 1,,2025-08-16 19:10:30,,,,0,0,16,[],,0
72,branch:default,11,EFECTIVO,MENUDEO,3000,0,3000,JESUS MARIA,Usuario origen: ALONDRA2025 | Liquidado origen: 1 | Credito abonado origen: 3000 | Fecha limite origen: 2025-08-31 | Dias restantes origen: 15 | Status origen: 1,,2025-08-16 19:40:53,,,,0,0,3000,[],,0
73,branch:default,11,EFECTIVO,MENUDEO,323,0,323,JESUS MARIA,Usuario origen: ALONDRA2025 | Liquidado origen: 1 | Credito abonado origen: 323 | Dias restantes origen: 0 | Status origen: 1,,2025-08-16 19:45:06,,,,0,0,323,[],,0
74,branch:default,2,EFECTIVO,MENUDEO,45,0,45,JESUS MARIA,Usuario origen: ALONDRA2025 | Liquidado origen: 1 | Credito abonado origen: 45 | Dias restantes origen: 0 | Status origen: 1,,2025-08-18 14:56:20,,,,0,0,45,[],,0
75,branch:default,3,EFECTIVO,MENUDEO,52,0,52,JESUS MARIA,Usuario origen: ALEXA2025 | Liquidado origen: 1 | Credito abonado origen: 52 | Fecha limite origen: 2025-09-02 | Dias restantes origen: 15 | Status origen: 1,,2025-08-18 15:56:06,,,,0,0,52,[],,0
76,branch:default,12,EFECTIVO,MENUDEO,2070,0,2070,SAN RAFAEL,Usuario origen: ALONDRA2025 | Liquidado origen: 1 | Credito abonado origen: 2070 | Fecha limite origen: 2025-09-19 | Dias restantes origen: 30 | Status origen: 1,,2025-08-20 15:57:44,,,,0,0,2070,[],,0
77,branch:default,11,EFECTIVO,MENUDEO,380,0,380,JESUS MARIA,Usuario origen: ALEXA2025 | Liquidado origen: 1 | Credito abonado origen: 380 | Dias restantes origen: 0 | Status origen: 1,,2025-08-20 16:01:01,,,,0,0,380,[],,0
78,branch:default,3,EFECTIVO,MENUDEO,1030,0,1030,JESUS MARIA,Usuario origen: ALEXA2025 | Liquidado origen: 1 | Credito abonado origen: 1030 | Fecha limite origen: 2025-09-04 | Dias restantes origen: 15 | Status origen: 1,,2025-08-20 19:21:39,,,,0,0,1030,[],,0
79,branch:default,3,EFECTIVO,MENUDEO,2996,0,2996,JESUS MARIA,Usuario origen: ALONDRA2025 | Liquidado origen: 1 | Credito abonado origen: 2996 | Fecha limite origen: 2025-09-05 | Dias restantes origen: 15 | Status origen: 1,,2025-08-21 14:58:28,,,,0,0,2996,[],,0
80,branch:default,14,EFECTIVO,MENUDEO,82000,0,82000,ARANDAS,Usuario origen: ALONDRA2025 | Liquidado origen: 1 | Credito abonado origen: 82000 | Fecha limite origen: 2025-09-05 | Dias restantes origen: 15 | Status origen: 1,,2025-08-21 15:32:02,,,,0,0,82000,[],,0
81,branch:default,12,EFECTIVO,MENUDEO,472,0,472,JESUS MARIA,Usuario origen: ALEXA2025 | Liquidado origen: 1 | Credito abonado origen: 472 | Fecha limite origen: 2025-09-20 | Dias restantes origen: 30 | Status origen: 1,,2025-08-21 20:39:29,,,,0,0,472,[],,0
82,branch:default,3,EFECTIVO,MENUDEO,192,0,192,JESUS MARIA,Usuario origen: ALEXA2025 | Liquidado origen: 1 | Credito abonado origen: 192 | Fecha limite origen: 2025-09-05 | Dias restantes origen: 15 | Status origen: 1,,2025-08-21 21:14:06,,,,0,0,192,[],,0
83,branch:default,9,EFECTIVO,MENUDEO,2390,0,2390,EL ROBLE,Usuario origen: ALEXA2025 | Liquidado origen: 1 | Credito abonado origen: 2390 | Fecha limite origen: 2025-09-05 | Dias restantes origen: 15 | Status origen: 1,,2025-08-21 21:52:28,,,,0,0,2390,[],,0
84,branch:default,3,EFECTIVO,MENUDEO,90,0,90,JESUS MARIA,Usuario origen: ALEXA2025 | Liquidado origen: 1 | Credito abonado origen: 90 | Fecha limite origen: 2025-09-06 | Dias restantes origen: 15 | Status origen: 1,,2025-08-22 16:09:58,,,,0,0,90,[],,0
85,branch:default,2,EFECTIVO,MENUDEO,472,0,472,JESUS MARIA,Usuario origen: ALEXA2025 | Liquidado origen: 1 | Credito abonado origen: 472 | Dias restantes origen: 0 | Status origen: 1,,2025-08-22 20:33:53,,,,0,0,472,[],,0
86,branch:default,2,EFECTIVO,MENUDEO,1,0,1,JESUS MARIA,Usuario origen: ALONDRA2025 | Liquidado origen: 1 | Credito abonado origen: 1 | Dias restantes origen: 0 | Status origen: 1,,2025-08-22 20:39:51,,,,0,0,1,[],,0
87,branch:default,8,CREDITO,MENUDEO,4200,0,4200,JESUS MARIA,Usuario origen: ALONDRA2025 | Liquidado origen: 0 | Credito abonado origen: 0 | Fecha limite origen: 2025-09-06 | Dias restantes origen: 15 | Status origen: 0,,2025-08-22 22:53:27,,,,0,4200,0,[],,0
88,branch:default,2,EFECTIVO,MENUDEO,33,0,33,JESUS MARIA,Usuario origen: ALONDRA2025 | Liquidado origen: 1 | Credito abonado origen: 33 | Dias restantes origen: 0 | Status origen: 1,,2025-08-23 17:48:17,,,,0,0,33,[],,0
89,branch:default,15,EFECTIVO,MENUDEO,261,0,261,JESUS MARIA,Usuario origen: ALEXA2025 | Liquidado origen: 1 | Credito abonado origen: 261 | Fecha limite origen: 2025-09-07 | Dias restantes origen: 15 | Status origen: 1,,2025-08-23 19:38:29,,,,0,0,261,[],,0
90,branch:default,7,EFECTIVO,MENUDEO,9400,0,9400,JESUS MARIA,Usuario origen: ALONDRA2025 | Liquidado origen: 1 | Credito abonado origen: 9400 | Fecha limite origen: 2025-09-24 | Dias restantes origen: 30 | Status origen: 1,,2025-08-25 14:06:56,,,,0,0,9400,[],,0
91,branch:default,3,EFECTIVO,MENUDEO,28,0,28,jesus maria,Usuario origen: ALONDRA2025 | Liquidado origen: 1 | Credito abonado origen: 28 | Fecha limite origen: 2025-09-09 | Dias restantes origen: 15 | Status origen: 1,,2025-08-25 19:14:26,,,,0,0,28,[],,0
92,branch:default,2,EFECTIVO,MENUDEO,270,0,270,JESUS MARIA,Usuario origen: ALEXA2025 | Liquidado origen: 1 | Credito abonado origen: 270 | Dias restantes origen: 0 | Status origen: 1,,2025-08-25 19:14:32,,,,0,0,270,[],,0
93,branch:default,5,EFECTIVO,MENUDEO,8300,0,8300,CEN COMER,Usuario origen: ALEXA2025 | Liquidado origen: 1 | Credito abonado origen: 8300 | Fecha limite origen: 2025-09-09 | Dias restantes origen: 15 | Status origen: 1,,2025-08-25 20:47:30,,,,0,0,8300,[],,0
94,branch:default,5,EFECTIVO,MENUDEO,4600,0,4600,JESUS MARIA,Usuario origen: ALONDRA2025 | Liquidado origen: 1 | Credito abonado origen: 4600 | Fecha limite origen: 2025-09-10 | Dias restantes origen: 15 | Status origen: 1,,2025-08-26 14:24:45,,,,0,0,4600,[],,0
95,branch:default,17,EFECTIVO,MENUDEO,6150,0,6150,JESUS MARIA,Usuario origen: ALEXA2025 | Liquidado origen: 1 | Credito abonado origen: 6150 | Dias restantes origen: 0 | Status origen: 1,,2025-08-26 19:17:36,,,,0,0,6150,[],,0
96,branch:default,17,EFECTIVO,MENUDEO,1150,0,1150,JESUS MARIA,Usuario origen: ALEXA2025 | Liquidado origen: 1 | Credito abonado origen: 1150 | Fecha limite origen: 2025-09-10 | Dias restantes origen: 15 | Status origen: 1,,2025-08-26 23:00:24,,,,0,0,1150,[],,0
97,branch:default,3,EFECTIVO,MENUDEO,515,0,515,JESUS MARIA,Usuario origen: ALEXA2025 | Liquidado origen: 1 | Credito abonado origen: 515 | Fecha limite origen: 2025-09-10 | Dias restantes origen: 15 | Status origen: 1,,2025-08-26 23:03:54,,,,0,0,515,[],,0
98,branch:default,16,CREDITO,MENUDEO,1913.5,0,1913.5,EL RANERO,Usuario origen: ALONDRA2025 | Liquidado origen: 0 | Credito abonado origen: 0 | Fecha limite origen: 2025-09-26 | Dias restantes origen: 30 | Status origen: 1,,2025-08-27 14:43:56,,,,0,1913.5,0,[],,0
99,branch:default,2,EFECTIVO,MENUDEO,118,0,118,JESUS MARIA,Usuario origen: ALONDRA2025 | Liquidado origen: 1 | Credito abonado origen: 118 | Dias restantes origen: 0 | Status origen: 1,,2025-08-27 14:57:02,,,,0,0,118,[],,0
100,branch:default,5,EFECTIVO,MENUDEO,4600,0,4600,JESUS MARIA,Usuario origen: ALONDRA2025 | Liquidado origen: 1 | Credito abonado origen: 4600 | Fecha limite origen: 2025-09-11 | Dias restantes origen: 15 | Status origen: 1,,2025-08-27 21:27:00,,,,0,0,4600,[],,0
101,branch:default,5,CREDITO,MENUDEO,2100,0,2100,JESUS MARIA,Usuario origen: ALONDRA2025 | Liquidado origen: 0 | Credito abonado origen: 0 | Fecha limite origen: 2025-09-12 | Dias restantes origen: 15 | Status origen: 0,,2025-08-28 17:51:26,,,,0,2100,0,[],,0
102,branch:default,5,EFECTIVO,MENUDEO,4600,0,4600,CEN COMER,Usuario origen: ALEXA2025 | Liquidado origen: 1 | Credito abonado origen: 4600 | Fecha limite origen: 2025-09-13 | Dias restantes origen: 15 | Status origen: 1,,2025-08-29 14:47:18,,,,0,0,4600,[],,0
103,branch:default,18,EFECTIVO,MENUDEO,4600,0,4600,CRUCERO POMEZ,Usuario origen: ALONDRA2025 | Liquidado origen: 1 | Credito abonado origen: 4600 | Fecha limite origen: 2025-09-13 | Dias restantes origen: 15 | Status origen: 1,,2025-08-29 14:53:17,,,,0,0,4600,[],,0
104,branch:default,11,EFECTIVO,MENUDEO,250,0,250,JESUS MARIA,Usuario origen: ALEXA2025 | Liquidado origen: 1 | Credito abonado origen: 250 | Dias restantes origen: 0 | Status origen: 1,,2025-08-29 15:26:38,,,,0,0,250,[],,0
105,branch:default,3,CREDITO,MENUDEO,15,0,15,JESUS MARIA,Usuario origen: ALONDRA2025 | Liquidado origen: 0 | Credito abonado origen: 0 | Fecha limite origen: 2025-09-13 | Dias restantes origen: 15 | Status origen: 1,,2025-08-29 20:13:33,,,,0,15,0,[],,0
106,branch:default,3,EFECTIVO,MENUDEO,10,0,10,JESUS MARIA,Usuario origen: ALONDRA2025 | Liquidado origen: 1 | Credito abonado origen: 10 | Fecha limite origen: 2025-09-13 | Dias restantes origen: 15 | Status origen: 1,,2025-08-29 20:14:32,,,,0,0,10,[],,0
107,branch:default,5,EFECTIVO,MENUDEO,900,0,900,CEN COMER,Usuario origen: ALEXA2025 | Liquidado origen: 1 | Credito abonado origen: 900 | Fecha limite origen: 2025-09-13 | Dias restantes origen: 15 | Status origen: 1,,2025-08-29 21:36:31,,,,0,0,900,[],,0
108,branch:default,5,EFECTIVO,MENUDEO,8300,0,8300,CEN COMER,Usuario origen: ALEXA2025 | Liquidado origen: 1 | Credito abonado origen: 8300 | Fecha limite origen: 2025-09-16 | Dias restantes origen: 15 | Status origen: 1,,2025-09-01 14:14:32,,,,0,0,8300,[],,0
109,branch:default,18,EFECTIVO,MENUDEO,8294,0,8294,JESUS MARIA,Usuario origen: ALEXA2025 | Liquidado origen: 1 | Credito abonado origen: 8294 | Fecha limite origen: 2025-09-16 | Dias restantes origen: 15 | Status origen: 1,,2025-09-01 15:08:52,,,,0,0,8294,[],,0
110,branch:default,3,EFECTIVO,MENUDEO,515,0,515,JESUS MARIA,Usuario origen: ALONDRA2025 | Liquidado origen: 1 | Credito abonado origen: 515 | Fecha limite origen: 2025-09-16 | Dias restantes origen: 15 | Status origen: 1,,2025-09-01 18:22:58,,,,0,0,515,[],,0
111,branch:default,5,EFECTIVO,MENUDEO,4600,0,4600,JESUS MARIA,Usuario origen: ALONDRA2025 | Liquidado origen: 1 | Credito abonado origen: 4600 | Fecha limite origen: 2025-09-18 | Dias restantes origen: 15 | Status origen: 1,,2025-09-03 14:47:00,,,,0,0,4600,[],,0
112,branch:default,2,EFECTIVO,MENUDEO,1175,0,1175,JESUS MARIA,Usuario origen: ALEXA2025 | Liquidado origen: 1 | Credito abonado origen: 1175 | Dias restantes origen: 0 | Status origen: 1,,2025-09-03 16:40:52,,,,0,0,1175,[],,0
113,branch:default,3,EFECTIVO,MENUDEO,98,0,98,JESUS MARIA,Usuario origen: ALEXA2025 | Liquidado origen: 1 | Credito abonado origen: 98 | Fecha limite origen: 2025-09-18 | Dias restantes origen: 15 | Status origen: 1,,2025-09-03 16:59:04,,,,0,0,98,[],,0
114,branch:default,2,EFECTIVO,MENUDEO,1400,0,1400,JESUS MARIA,Usuario origen: ALONDRA2025 | Liquidado origen: 1 | Credito abonado origen: 1400 | Dias restantes origen: 0 | Status origen: 0,,2025-09-03 20:44:38,,,,0,0,1400,[],,0
115,branch:default,2,EFECTIVO,MENUDEO,1175,0,1175,JESUS MARIA,Usuario origen: ALONDRA2025 | Liquidado origen: 1 | Credito abonado origen: 1175 | Dias restantes origen: 0 | Status origen: 1,,2025-09-03 21:22:49,,,,0,0,1175,[],,0
116,branch:default,3,EFECTIVO,MENUDEO,9,0,9,JESUS MARIA,Usuario origen: ALEXA2025 | Liquidado origen: 1 | Credito abonado origen: 9 | Fecha limite origen: 2025-09-18 | Dias restantes origen: 15 | Status origen: 1,,2025-09-03 23:01:10,,,,0,0,9,[],,0
117,branch:default,5,EFECTIVO,MENUDEO,4200,0,4200,CEM COMER,Usuario origen: ALONDRA2025 | Liquidado origen: 1 | Credito abonado origen: 4200 | Fecha limite origen: 2025-09-19 | Dias restantes origen: 15 | Status origen: 1,,2025-09-04 13:13:28,,,,0,0,4200,[],,0
118,branch:default,3,EFECTIVO,MENUDEO,1.5,0,1.5,JESUS MARIA,Usuario origen: ALEXA2025 | Liquidado origen: 1 | Credito abonado origen: 1.5 | Fecha limite origen: 2025-09-19 | Dias restantes origen: 15 | Status origen: 1,,2025-09-04 18:45:11,,,,0,0,1.5,[],,0
119,branch:default,2,EFECTIVO,MENUDEO,284,0,284,JESUS MARIA,Usuario origen: ALEXA2025 | Liquidado origen: 1 | Credito abonado origen: 284 | Dias restantes origen: 0 | Status origen: 1,,2025-09-04 20:37:16,,,,0,0,284,[],,0
120,branch:default,3,EFECTIVO,MENUDEO,1194,0,1194,JESUS MARIA,Usuario origen: ALEXA2025 | Liquidado origen: 1 | Credito abonado origen: 1194 | Fecha limite origen: 2025-09-19 | Dias restantes origen: 15 | Status origen: 1,,2025-09-04 21:44:07,,,,0,0,1194,[],,0
121,branch:default,3,EFECTIVO,MENUDEO,49,0,49,JESUS MARIA,Usuario origen: ALEXA2025 | Liquidado origen: 1 | Credito abonado origen: 49 | Fecha limite origen: 2025-09-19 | Dias restantes origen: 15 | Status origen: 1,,2025-09-04 22:12:13,,,,0,0,49,[],,0
122,branch:default,19,EFECTIVO,MENUDEO,1450,0,1450,JESUS MARIA,Usuario origen: ALEXA2025 | Liquidado origen: 1 | Credito abonado origen: 1450 | Dias restantes origen: 0 | Status origen: 1,,2025-09-05 15:12:49,,,,0,0,1450,[],,0
123,branch:default,11,EFECTIVO,MENUDEO,228,0,228,JESUS MARIA,Usuario origen: ALONDRA2025 | Liquidado origen: 1 | Credito abonado origen: 228 | Dias restantes origen: 0 | Status origen: 1,,2025-09-05 17:23:53,,,,0,0,228,[],,0
124,branch:default,2,EFECTIVO,MENUDEO,50,0,50,JESUS MARIA,Usuario origen: ALEXA2025 | Liquidado origen: 1 | Credito abonado origen: 50 | Dias restantes origen: 0 | Status origen: 1,,2025-09-05 20:03:21,,,,0,0,50,[],,0
125,branch:default,19,EFECTIVO,MENUDEO,7500,0,7500,LA LEONERA,Usuario origen: ALEXA2025 | Liquidado origen: 1 | Credito abonado origen: 7500 | Fecha limite origen: 2025-09-20 | Dias restantes origen: 15 | Status origen: 1,,2025-09-05 22:07:43,,,,0,0,7500,[],,0
126,branch:default,9,EFECTIVO,MENUDEO,590,0,590,JESUS MARIA,Usuario origen: ALONDRA2025 | Liquidado origen: 1 | Credito abonado origen: 590 | Dias restantes origen: 0 | Status origen: 1,,2025-09-05 22:09:43,,,,0,0,590,[],,0
127,branch:default,13,CREDITO,MENUDEO,8800,0,8800,JESUS MARIA,Usuario origen: ALONDRA2025 | Liquidado origen: 0 | Credito abonado origen: 0 | Fecha limite origen: 2025-09-21 | Dias restantes origen: 15 | Status origen: 0,,2025-09-06 13:46:56,,,,0,8800,0,[],,0
128,branch:default,13,EFECTIVO,MENUDEO,10900,0,10900,JESUS MARIA,Usuario origen: ALONDRA2025 | Liquidado origen: 1 | Credito abonado origen: 10900 | Fecha limite origen: 2025-09-21 | Dias restantes origen: 15 | Status origen: 1,,2025-09-06 16:25:45,,,,0,0,10900,[],,0
129,branch:default,5,EFECTIVO,MENUDEO,4600,0,4600,SEM COMER,Usuario origen: ALONDRA2025 | Liquidado origen: 1 | Credito abonado origen: 4600 | Fecha limite origen: 2025-09-21 | Dias restantes origen: 15 | Status origen: 1,,2025-09-06 18:25:17,,,,0,0,4600,[],,0
130,branch:default,8,EFECTIVO,MENUDEO,28548,0,28548,LAS LAGUNAS,Usuario origen: ALEXA2025 | Liquidado origen: 1 | Credito abonado origen: 28548 | Fecha limite origen: 2025-09-23 | Dias restantes origen: 15 | Status origen: 1,,2025-09-08 15:14:32,,,,0,0,28548,[],,0
131,branch:default,3,EFECTIVO,MENUDEO,52,0,52,JESUS MARIA,Usuario origen: ALEXA2025 | Liquidado origen: 1 | Credito abonado origen: 52 | Fecha limite origen: 2025-09-23 | Dias restantes origen: 15 | Status origen: 1,,2025-09-08 16:06:35,,,,0,0,52,[],,0
132,branch:default,3,EFECTIVO,MENUDEO,225,0,225,JESUS MARIA,Usuario origen: ALEXA2025 | Liquidado origen: 1 | Credito abonado origen: 225 | Fecha limite origen: 2025-09-23 | Dias restantes origen: 15 | Status origen: 1,,2025-09-08 19:59:56,,,,0,0,225,[],,0
133,branch:default,17,EFECTIVO,MENUDEO,248,0,248,JESUS MARIA,Usuario origen: ALEXA2025 | Liquidado origen: 1 | Credito abonado origen: 248 | Dias restantes origen: 0 | Status origen: 1,,2025-09-08 23:06:16,,,,0,0,248,[],,0
134,branch:default,2,EFECTIVO,MENUDEO,21,0,21,JESUS MARIA,Usuario origen: ALEXA2025 | Liquidado origen: 1 | Credito abonado origen: 21 | Dias restantes origen: 0 | Status origen: 1,,2025-09-09 14:38:53,,,,0,0,21,[],,0
135,branch:default,12,EFECTIVO,MENUDEO,1725,0,1725,SAN RAFAEL,Usuario origen: ALEXA2025 | Liquidado origen: 1 | Credito abonado origen: 1725 | Fecha limite origen: 2025-10-09 | Dias restantes origen: 30 | Status origen: 1,,2025-09-09 17:33:13,,,,0,0,1725,[],,0
136,branch:default,2,EFECTIVO,MENUDEO,1200,0,1200,EL PANTEON,Usuario origen: ALEXA2025 | Liquidado origen: 1 | Credito abonado origen: 1200 | Dias restantes origen: 0 | Status origen: 1,,2025-09-09 17:46:15,,,,0,0,1200,[],,0
137,branch:default,13,EFECTIVO,MENUDEO,3630,0,3630,JESUS MARIA,Usuario origen: ALEXA2025 | Liquidado origen: 1 | Credito abonado origen: 3630 | Fecha limite origen: 2025-09-24 | Dias restantes origen: 15 | Status origen: 1,,2025-09-09 18:36:42,,,,0,0,3630,[],,0
138,branch:default,5,EFECTIVO,MENUDEO,4600,0,4600,CEN COMER,Usuario origen: ALEXA2025 | Liquidado origen: 1 | Credito abonado origen: 4600 | Fecha limite origen: 2025-09-24 | Dias restantes origen: 15 | Status origen: 1,,2025-09-09 22:29:33,,,,0,0,4600,[],,0
139,branch:default,5,EFECTIVO,MENUDEO,3600,0,3600,CEN COMER,Usuario origen: ALEXA2025 | Liquidado origen: 1 | Credito abonado origen: 3600 | Fecha limite origen: 2025-09-24 | Dias restantes origen: 15 | Status origen: 1,,2025-09-09 22:38:40,,,,0,0,3600,[],,0
140,branch:default,12,EFECTIVO,MENUDEO,1930,0,1930,JESUS MARIA,Usuario origen: ALEXA2025 | Liquidado origen: 1 | Credito abonado origen: 1930 | Fecha limite origen: 2025-10-10 | Dias restantes origen: 30 | Status origen: 1,,2025-09-10 14:57:37,,,,0,0,1930,[],,0
141,branch:default,2,EFECTIVO,MENUDEO,22,0,22,JESUS MARIA,Usuario origen: ALEXA2025 | Liquidado origen: 1 | Credito abonado origen: 22 | Dias restantes origen: 0 | Status origen: 1,,2025-09-10 16:04:38,,,,0,0,22,[],,0
142,branch:default,12,EFECTIVO,MENUDEO,1840,0,1840,SAN RAFAEL,Usuario origen: ALEXA2025 | Liquidado origen: 1 | Credito abonado origen: 1840 | Fecha limite origen: 2025-10-10 | Dias restantes origen: 30 | Status origen: 1,,2025-09-10 19:34:41,,,,0,0,1840,[],,0
143,branch:default,8,EFECTIVO,MENUDEO,92,0,92,JESUS MARIA,Usuario origen: ALEXA2025 | Liquidado origen: 1 | Credito abonado origen: 92 | Fecha limite origen: 2025-09-25 | Dias restantes origen: 15 | Status origen: 1,,2025-09-10 19:36:05,,,,0,0,92,[],,0
144,branch:default,17,EFECTIVO,MENUDEO,767,0,767,LAS CANOAS,Usuario origen: ALEXA2025 | Liquidado origen: 1 | Credito abonado origen: 767 | Fecha limite origen: 2025-09-25 | Dias restantes origen: 15 | Status origen: 1,,2025-09-10 22:24:43,,,,0,0,767,[],,0
145,branch:default,7,EFECTIVO,MENUDEO,4822,0,4822,LAS CANOAS,Usuario origen: ALEXA2025 | Liquidado origen: 1 | Credito abonado origen: 4822 | Fecha limite origen: 2025-10-11 | Dias restantes origen: 30 | Status origen: 1,,2025-09-11 14:49:59,,,,0,0,4822,[],,0
146,branch:default,17,EFECTIVO,MENUDEO,20,0,20,JESUS MARIA,Usuario origen: ALEXA2025 | Liquidado origen: 1 | Credito abonado origen: 20 | Dias restantes origen: 0 | Status origen: 1,,2025-09-11 14:53:59,,,,0,0,20,[],,0
147,branch:default,2,EFECTIVO,MENUDEO,20,0,20,JESUS MARIA,Usuario origen: ALEXA2025 | Liquidado origen: 1 | Credito abonado origen: 20 | Dias restantes origen: 0 | Status origen: 1,,2025-09-11 15:58:19,,,,0,0,20,[],,0
148,branch:default,2,EFECTIVO,MENUDEO,44,0,44,JESUS MARIA,Usuario origen: ALEXA2025 | Liquidado origen: 1 | Credito abonado origen: 44 | Dias restantes origen: 0 | Status origen: 1,,2025-09-11 17:39:20,,,,0,0,44,[],,0
149,branch:default,7,EFECTIVO,MENUDEO,4100,0,4100,LAS CANOAS,Usuario origen: ALEXA2025 | Liquidado origen: 1 | Credito abonado origen: 4100 | Fecha limite origen: 2025-10-11 | Dias restantes origen: 30 | Status origen: 1,,2025-09-11 19:51:46,,,,0,0,4100,[],,0
150,branch:default,2,EFECTIVO,MENUDEO,70,0,70,JESUS MARIA,Usuario origen: ALEXA2025 | Liquidado origen: 1 | Credito abonado origen: 70 | Dias restantes origen: 0 | Status origen: 1,,2025-09-11 22:37:01,,,,0,0,70,[],,0
151,branch:default,7,EFECTIVO,MENUDEO,4600,0,4600,LAS CANOAS,Usuario origen: ALEXA2025 | Liquidado origen: 1 | Credito abonado origen: 4600 | Fecha limite origen: 2025-10-12 | Dias restantes origen: 30 | Status origen: 1,,2025-09-12 13:09:43,,,,0,0,4600,[],,0
152,branch:default,5,EFECTIVO,MENUDEO,6450,0,6450,CEN COMER,Usuario origen: ALEXA2025 | Liquidado origen: 1 | Credito abonado origen: 6450 | Fecha limite origen: 2025-09-27 | Dias restantes origen: 15 | Status origen: 1,,2025-09-12 13:40:33,,,,0,0,6450,[],,0
153,branch:default,2,EFECTIVO,MENUDEO,115,0,115,JESUS MARIA,Usuario origen: ALEXA2025 | Liquidado origen: 1 | Credito abonado origen: 115 | Dias restantes origen: 0 | Status origen: 1,,2025-09-12 14:30:22,,,,0,0,115,[],,0
154,branch:default,14,EFECTIVO,MENUDEO,54700,0,54700,ARANDAS,Usuario origen: ALEXA2025 | Liquidado origen: 1 | Credito abonado origen: 54700 | Fecha limite origen: 2025-09-27 | Dias restantes origen: 15 | Status origen: 1,,2025-09-12 18:18:40,,,,0,0,54700,[],,0
155,branch:default,12,EFECTIVO,MENUDEO,2070,0,2070,SAN RAFAEL,Usuario origen: ALEXA2025 | Liquidado origen: 1 | Credito abonado origen: 2070 | Fecha limite origen: 2025-10-12 | Dias restantes origen: 30 | Status origen: 1,,2025-09-12 19:43:59,,,,0,0,2070,[],,0
156,branch:default,2,EFECTIVO,MENUDEO,3,0,3,JESUS MARIA,Usuario origen: ALEXA2025 | Liquidado origen: 1 | Credito abonado origen: 3 | Dias restantes origen: 0 | Status origen: 1,,2025-09-12 19:46:32,,,,0,0,3,[],,0
157,branch:default,2,EFECTIVO,MENUDEO,1150,0,1150,JESUS MARIA,Usuario origen: ALEXA2025 | Liquidado origen: 1 | Credito abonado origen: 1150 | Dias restantes origen: 0 | Status origen: 1,,2025-09-12 19:54:54,,,,0,0,1150,[],,0
158,branch:default,2,EFECTIVO,MENUDEO,45,0,45,JESUS MARIA,Usuario origen: ALEXA2025 | Liquidado origen: 1 | Credito abonado origen: 45 | Dias restantes origen: 0 | Status origen: 1,,2025-09-15 15:44:51,,,,0,0,45,[],,0
159,branch:default,14,EFECTIVO,MENUDEO,36500,0,36500,ARANDAS,Usuario origen: ALEXA2025 | Liquidado origen: 1 | Credito abonado origen: 36500 | Fecha limite origen: 2025-09-30 | Dias restantes origen: 15 | Status origen: 1,,2025-09-15 17:59:22,,,,0,0,36500,[],,0
160,branch:default,2,EFECTIVO,MENUDEO,472,0,472,JESUS MARIA,Usuario origen: ALEXA2025 | Liquidado origen: 1 | Credito abonado origen: 472 | Dias restantes origen: 0 | Status origen: 0,,2025-09-15 20:03:16,,,,0,0,472,[],,0
161,branch:default,2,EFECTIVO,MENUDEO,460,0,460,JESUS MARIA,Usuario origen: ALEXA2025 | Liquidado origen: 1 | Credito abonado origen: 460 | Dias restantes origen: 0 | Status origen: 1,,2025-09-15 20:10:18,,,,0,0,460,[],,0
162,branch:default,18,EFECTIVO,MENUDEO,135320,0,135320,CRUCERO POMEZ,Usuario origen: ALEXA2025 | Liquidado origen: 1 | Credito abonado origen: 135320 | Fecha limite origen: 2025-09-30 | Dias restantes origen: 15 | Status origen: 1,,2025-09-15 22:30:54,,,,0,0,135320,[],,0
163,branch:default,11,CREDITO,MENUDEO,5725,0,5725,JESUS MARIA,Usuario origen: ALEXA2025 | Liquidado origen: 0 | Credito abonado origen: 0 | Fecha limite origen: 2025-10-02 | Dias restantes origen: 15 | Status origen: 1,,2025-09-17 13:42:05,,,,0,5725,0,[],,0
164,branch:default,21,EFECTIVO,MENUDEO,2300,0,2300,JESUS MARIA,Usuario origen: ALEXA2025 | Liquidado origen: 1 | Credito abonado origen: 2300 | Fecha limite origen: 2025-10-02 | Dias restantes origen: 15 | Status origen: 1,,2025-09-17 14:02:08,,,,0,0,2300,[],,0
165,branch:default,20,EFECTIVO,MENUDEO,104,0,104,JESUS MARIA,Usuario origen: ALEXA2025 | Liquidado origen: 1 | Credito abonado origen: 104 | Fecha limite origen: 2025-10-17 | Dias restantes origen: 30 | Status origen: 1,,2025-09-17 14:08:03,,,,0,0,104,[],,0
166,branch:default,12,EFECTIVO,MENUDEO,1725,0,1725,SAN RAFAEL,Usuario origen: ALEXA2025 | Liquidado origen: 1 | Credito abonado origen: 1725 | Fecha limite origen: 2025-10-17 | Dias restantes origen: 30 | Status origen: 1,,2025-09-17 20:22:40,,,,0,0,1725,[],,0
167,branch:default,2,EFECTIVO,MENUDEO,50,0,50,JESUS MARIA,Usuario origen: ALEXA2025 | Liquidado origen: 1 | Credito abonado origen: 50 | Dias restantes origen: 0 | Status origen: 1,,2025-09-17 20:37:05,,,,0,0,50,[],,0
168,branch:default,2,EFECTIVO,MENUDEO,50,0,50,JESUS MARIA,Usuario origen: ALEXA2025 | Liquidado origen: 1 | Credito abonado origen: 50 | Dias restantes origen: 0 | Status origen: 1,,2025-09-17 20:41:40,,,,0,0,50,[],,0
169,branch:default,5,EFECTIVO,MENUDEO,4600,0,4600,CEN COMER,Usuario origen: ALEXA2025 | Liquidado origen: 1 | Credito abonado origen: 4600 | Fecha limite origen: 2025-10-02 | Dias restantes origen: 15 | Status origen: 1,,2025-09-17 23:22:19,,,,0,0,4600,[],,0
170,branch:default,5,EFECTIVO,MENUDEO,3700,0,3700,CEN COMER,Usuario origen: ALEXA2025 | Liquidado origen: 1 | Credito abonado origen: 3700 | Fecha limite origen: 2025-10-03 | Dias restantes origen: 15 | Status origen: 1,,2025-09-18 17:47:21,,,,0,0,3700,[],,0
171,branch:default,7,EFECTIVO,MENUDEO,4320,0,4320,LAS CANOAS,Usuario origen: ALEXA2025 | Liquidado origen: 1 | Credito abonado origen: 4320 | Fecha limite origen: 2025-10-18 | Dias restantes origen: 30 | Status origen: 1,,2025-09-18 17:53:54,,,,0,0,4320,[],,0
172,branch:default,12,EFECTIVO,MENUDEO,1725,0,1725,SAN RAFAEL,Usuario origen: ALEXA2025 | Liquidado origen: 1 | Credito abonado origen: 1725 | Fecha limite origen: 2025-10-18 | Dias restantes origen: 30 | Status origen: 1,,2025-09-18 17:59:26,,,,0,0,1725,[],,0
173,branch:default,8,EFECTIVO,MENUDEO,11265,0,11265,LAS LAGUNAS,Usuario origen: ALEXA2025 | Liquidado origen: 1 | Credito abonado origen: 11265 | Fecha limite origen: 2025-10-03 | Dias restantes origen: 15 | Status origen: 1,,2025-09-18 18:10:11,,,,0,0,11265,[],,0
174,branch:default,7,EFECTIVO,MENUDEO,250,0,250,LAS CANOAS,Usuario origen: ALEXA2025 | Liquidado origen: 1 | Credito abonado origen: 250 | Fecha limite origen: 2025-10-18 | Dias restantes origen: 30 | Status origen: 1,,2025-09-18 18:15:07,,,,0,0,250,[],,0
175,branch:default,2,EFECTIVO,MENUDEO,185,0,185,JESUS MARIA,Usuario origen: ALEXA2025 | Liquidado origen: 1 | Credito abonado origen: 185 | Dias restantes origen: 0 | Status origen: 1,,2025-09-18 20:28:39,,,,0,0,185,[],,0
176,branch:default,12,EFECTIVO,MENUDEO,3450,0,3450,SAN RAFAEL,Usuario origen: ALEXA2025 | Liquidado origen: 1 | Credito abonado origen: 3450 | Fecha limite origen: 2025-10-19 | Dias restantes origen: 30 | Status origen: 1,,2025-09-19 15:34:27,,,,0,0,3450,[],,0
177,branch:default,2,EFECTIVO,MENUDEO,14,0,14,jesus maria,Usuario origen: ALONDRA2025 | Liquidado origen: 1 | Credito abonado origen: 14 | Dias restantes origen: 0 | Status origen: 1,,2025-09-19 17:19:54,,,,0,0,14,[],,0
178,branch:default,19,CREDITO,MENUDEO,750,0,750,LA LEONERA,Usuario origen: ALEXA2025 | Liquidado origen: 0 | Credito abonado origen: 0 | Fecha limite origen: 2025-10-04 | Dias restantes origen: 15 | Status origen: 0,,2025-09-19 19:15:40,,,,0,750,0,[],,0
179,branch:default,19,EFECTIVO,MENUDEO,5750,0,5750,JESUS MARIA,Usuario origen: ALEXA2025 | Liquidado origen: 1 | Credito abonado origen: 5750 | Fecha limite origen: 2025-10-04 | Dias restantes origen: 15 | Status origen: 1,,2025-09-19 20:14:42,,,,0,0,5750,[],,0
180,branch:default,5,EFECTIVO,MENUDEO,3600,0,3600,CEN COMER,Usuario origen: ALEXA2025 | Liquidado origen: 1 | Credito abonado origen: 3600 | Fecha limite origen: 2025-10-04 | Dias restantes origen: 15 | Status origen: 1,,2025-09-19 21:58:06,,,,0,0,3600,[],,0
181,branch:default,5,EFECTIVO,MENUDEO,3700,0,3700,CEN COMER,Usuario origen: ALEXA2025 | Liquidado origen: 1 | Credito abonado origen: 3700 | Fecha limite origen: 2025-10-05 | Dias restantes origen: 15 | Status origen: 1,,2025-09-20 14:49:24,,,,0,0,3700,[],,0
182,branch:default,5,CREDITO,MENUDEO,2100,0,2100,CEN COMER,Usuario origen: ALONDRA2025 | Liquidado origen: 0 | Credito abonado origen: 0 | Fecha limite origen: 2025-10-05 | Dias restantes origen: 15 | Status origen: 0,,2025-09-20 15:40:55,,,,0,2100,0,[],,0
183,branch:default,16,CREDITO,MENUDEO,598,0,598,JESUS MARIA,Usuario origen: ALONDRA2025 | Liquidado origen: 0 | Credito abonado origen: 0 | Fecha limite origen: 2025-10-20 | Dias restantes origen: 30 | Status origen: 1,,2025-09-20 17:36:27,,,,0,598,0,[],,0
184,branch:default,3,EFECTIVO,MENUDEO,3928,0,3928,JESUS MARIA,Usuario origen: ALEXA2025 | Liquidado origen: 1 | Credito abonado origen: 3928 | Fecha limite origen: 2025-10-05 | Dias restantes origen: 15 | Status origen: 1,,2025-09-20 18:49:01,,,,0,0,3928,[],,0
185,branch:default,3,EFECTIVO,MENUDEO,2481,0,2481,LAS CANOAS,Usuario origen: ALONDRA2025 | Liquidado origen: 1 | Credito abonado origen: 2481 | Fecha limite origen: 2025-10-05 | Dias restantes origen: 15 | Status origen: 1,,2025-09-20 19:15:52,,,,0,0,2481,[],,0
186,branch:default,5,EFECTIVO,MENUDEO,2000,0,2000,CEN COMER,Usuario origen: ALONDRA2025 | Liquidado origen: 1 | Credito abonado origen: 2000 | Fecha limite origen: 2025-10-07 | Dias restantes origen: 15 | Status origen: 1,,2025-09-22 13:54:57,,,,0,0,2000,[],,0
187,branch:default,9,EFECTIVO,MENUDEO,6390,0,6390,EL ROBLE,Usuario origen: ALONDRA2025 | Liquidado origen: 1 | Credito abonado origen: 6390 | Fecha limite origen: 2025-10-07 | Dias restantes origen: 15 | Status origen: 1,,2025-09-22 14:06:36,,,,0,0,6390,[],,0
188,branch:default,7,EFECTIVO,MENUDEO,8300,0,8300,LAS CANOAS,Usuario origen: ALONDRA2025 | Liquidado origen: 1 | Credito abonado origen: 8300 | Fecha limite origen: 2025-10-22 | Dias restantes origen: 30 | Status origen: 1,,2025-09-22 14:41:12,,,,0,0,8300,[],,0
189,branch:default,22,EFECTIVO,MENUDEO,2075,0,2075,JESUS MARIA,Usuario origen: ALONDRA2025 | Liquidado origen: 1 | Credito abonado origen: 2075 | Fecha limite origen: 2025-10-07 | Dias restantes origen: 15 | Status origen: 1,,2025-09-22 14:53:21,,,,0,0,2075,[],,0
190,branch:default,23,EFECTIVO,MENUDEO,22656,0,22656,LAS CANOAS,Usuario origen: ALONDRA2025 | Liquidado origen: 1 | Credito abonado origen: 22656 | Fecha limite origen: 2025-10-07 | Dias restantes origen: 15 | Status origen: 1,,2025-09-22 15:10:53,,,,0,0,22656,[],,0
191,branch:default,18,EFECTIVO,MENUDEO,3000,0,3000,CRUCERO PEZ,Usuario origen: ALONDRA2025 | Liquidado origen: 1 | Credito abonado origen: 3000 | Fecha limite origen: 2025-10-07 | Dias restantes origen: 15 | Status origen: 1,,2025-09-22 15:46:19,,,,0,0,3000,[],,0
192,branch:default,3,EFECTIVO,MENUDEO,9569,0,9569,JESUS MARIA,Usuario origen: ALEXA2025 | Liquidado origen: 1 | Credito abonado origen: 9569 | Fecha limite origen: 2025-10-07 | Dias restantes origen: 15 | Status origen: 1,,2025-09-22 18:07:41,,,,0,0,9569,[],,0
193,branch:default,18,EFECTIVO,MENUDEO,1900,0,1900,CRUCERO POMEZ,Usuario origen: ALEXA2025 | Liquidado origen: 1 | Credito abonado origen: 1900 | Fecha limite origen: 2025-10-07 | Dias restantes origen: 15 | Status origen: 1,,2025-09-22 20:40:32,,,,0,0,1900,[],,0
194,branch:default,21,EFECTIVO,MENUDEO,599,0,599,JESUS MARIA,Usuario origen: ALONDRA2025 | Liquidado origen: 1 | Credito abonado origen: 599 | Fecha limite origen: 2025-10-08 | Dias restantes origen: 15 | Status origen: 1,,2025-09-23 13:47:04,,,,0,0,599,[],,0
195,branch:default,12,EFECTIVO,MENUDEO,1610,0,1610,SAN RAFAEL,Usuario origen: ALONDRA2025 | Liquidado origen: 1 | Credito abonado origen: 1610 | Fecha limite origen: 2025-10-23 | Dias restantes origen: 30 | Status origen: 1,,2025-09-23 15:04:09,,,,0,0,1610,[],,0
196,branch:default,5,EFECTIVO,MENUDEO,4600,0,4600,CEN COMER,Usuario origen: ALONDRA2025 | Liquidado origen: 1 | Credito abonado origen: 4600 | Fecha limite origen: 2025-10-08 | Dias restantes origen: 15 | Status origen: 1,,2025-09-23 15:56:49,,,,0,0,4600,[],,0
197,branch:default,2,CREDITO,MENUDEO,3600,0,3600,jesus maria,Usuario origen: AIMEGONZALEZ | Vendedor origen: 1 | Liquidado origen: 0 | Credito abonado origen: 0 | Fecha limite origen: 2025-09-23 | Dias restantes origen: 0 | Status origen: 0,,2025-09-23 17:00:09,,,,0,3600,0,[],,0
198,branch:default,2,CREDITO,MENUDEO,3600,0,3600,jesus maria,Usuario origen: AIMEGONZALEZ | Vendedor origen: 1 | Liquidado origen: 0 | Credito abonado origen: 0 | Fecha limite origen: 2025-09-23 | Dias restantes origen: 0 | Status origen: 0,,2025-09-23 17:02:14,,,,0,3600,0,[],,0
199,branch:default,5,EFECTIVO,MENUDEO,460,0,460,CEN COMER,Usuario origen: ALEXA2025 | Liquidado origen: 1 | Credito abonado origen: 460 | Fecha limite origen: 2025-10-08 | Dias restantes origen: 15 | Status origen: 1,,2025-09-23 17:04:41,,,,0,0,460,[],,0
200,branch:default,2,CREDITO,MENUDEO,3600,0,3600,jesus maria,Usuario origen: AIMEGONZALEZ | Vendedor origen: 1 | Liquidado origen: 0 | Credito abonado origen: 0 | Fecha limite origen: 2025-09-23 | Dias restantes origen: 0 | Status origen: 0,,2025-09-23 17:09:46,,,,0,3600,0,[],,0
201,branch:default,2,CREDITO,MENUDEO,90,0,90,jesus maria,Usuario origen: AIMEGONZALEZ | Vendedor origen: 1 | Liquidado origen: 0 | Credito abonado origen: 0 | Fecha limite origen: 2025-09-23 | Dias restantes origen: 0 | Status origen: 0,,2025-09-23 17:12:04,,,,0,90,0,[],,0
202,branch:default,2,CREDITO,MENUDEO,3600,0,3600,jesus maria,Usuario origen: AIMEGONZALEZ | Vendedor origen: 1 | Liquidado origen: 0 | Credito abonado origen: 0 | Fecha limite origen: 2025-09-23 | Dias restantes origen: 0 | Status origen: 0,,2025-09-23 17:12:55,,,,0,3600,0,[],,0
203,branch:default,24,EFECTIVO,MENUDEO,4200,0,4200,JESUS MARIA,Usuario origen: ALONDRA2025 | Liquidado origen: 1 | Credito abonado origen: 4200 | Dias restantes origen: 0 | Status origen: 1,,2025-09-23 19:02:29,,,,0,0,4200,[],,0
204,branch:default,19,EFECTIVO,MENUDEO,370,0,370,JESUS MARIA,Usuario origen: ALEXA2025 | Liquidado origen: 1 | Credito abonado origen: 370 | Fecha limite origen: 2025-10-08 | Dias restantes origen: 15 | Status origen: 1,,2025-09-23 19:56:14,,,,0,0,370,[],,0
205,branch:default,2,EFECTIVO,MENUDEO,2,0,2,JESUS MARIA,Usuario origen: ALEXA2025 | Liquidado origen: 1 | Credito abonado origen: 2 | Dias restantes origen: 0 | Status origen: 1,,2025-09-23 22:05:00,,,,0,0,2,[],,0
206,branch:default,2,EFECTIVO,MENUDEO,2,0,2,JESUS MARIA,Usuario origen: ALEXA2025 | Liquidado origen: 1 | Credito abonado origen: 2 | Dias restantes origen: 0 | Status origen: 1,,2025-09-23 22:26:07,,,,0,0,2,[],,0
207,branch:default,5,EFECTIVO,MENUDEO,115,0,115,CEN COMER,Usuario origen: ALONDRA2025 | Liquidado origen: 1 | Credito abonado origen: 115 | Fecha limite origen: 2025-10-09 | Dias restantes origen: 15 | Status origen: 1,,2025-09-24 13:43:08,,,,0,0,115,[],,0
208,branch:default,3,EFECTIVO,MENUDEO,3010,0,3010,LAS CANOAS,Usuario origen: ALEXA2025 | Liquidado origen: 1 | Credito abonado origen: 3010 | Fecha limite origen: 2025-10-09 | Dias restantes origen: 15 | Status origen: 1,,2025-09-24 13:52:17,,,,0,0,3010,[],,0
209,branch:default,12,EFECTIVO,MENUDEO,1610,0,1610,SAN RAFAEL,Usuario origen: ALEXA2025 | Liquidado origen: 1 | Credito abonado origen: 1610 | Fecha limite origen: 2025-10-24 | Dias restantes origen: 30 | Status origen: 1,,2025-09-24 14:53:20,,,,0,0,1610,[],,0
210,branch:default,18,EFECTIVO,MENUDEO,7350,0,7350,CRUCERO POMEZ,Usuario origen: ALEXA2025 | Liquidado origen: 1 | Credito abonado origen: 7350 | Fecha limite origen: 2025-10-09 | Dias restantes origen: 15 | Status origen: 1,,2025-09-24 16:26:02,,,,0,0,7350,[],,0
211,branch:default,19,EFECTIVO,MENUDEO,240,0,240,JESUS MARIA,Usuario origen: ALEXA2025 | Liquidado origen: 1 | Credito abonado origen: 240 | Fecha limite origen: 2025-10-10 | Dias restantes origen: 15 | Status origen: 1,,2025-09-25 16:00:11,,,,0,0,240,[],,0
212,branch:default,12,EFECTIVO,MENUDEO,1725,0,1725,SAN RAFAEL,Usuario origen: ALONDRA2025 | Liquidado origen: 1 | Credito abonado origen: 1725 | Fecha limite origen: 2025-10-25 | Dias restantes origen: 30 | Status origen: 1,,2025-09-25 16:12:49,,,,0,0,1725,[],,0
213,branch:default,3,EFECTIVO,MENUDEO,1526,0,1526,LAS CANOAS,Usuario origen: ALONDRA2025 | Liquidado origen: 1 | Credito abonado origen: 1526 | Fecha limite origen: 2025-10-10 | Dias restantes origen: 15 | Status origen: 1,,2025-09-25 16:46:19,,,,0,0,1526,[],,0
214,branch:default,3,EFECTIVO,MENUDEO,4309,0,4309,JESUS MARIA,Usuario origen: ALEXA2025 | Liquidado origen: 1 | Credito abonado origen: 4309 | Fecha limite origen: 2025-10-11 | Dias restantes origen: 15 | Status origen: 1,,2025-09-26 13:51:01,,,,0,0,4309,[],,0
215,branch:default,7,EFECTIVO,MENUDEO,1750,0,1750,LAS CANOAS,Usuario origen: ALONDRA2025 | Liquidado origen: 1 | Credito abonado origen: 1750 | Fecha limite origen: 2025-10-26 | Dias restantes origen: 30 | Status origen: 1,,2025-09-26 14:53:08,,,,0,0,1750,[],,0
216,branch:default,7,EFECTIVO,MENUDEO,144,0,144,LAS CANOAS,Usuario origen: ALONDRA2025 | Liquidado origen: 1 | Credito abonado origen: 144 | Fecha limite origen: 2025-10-26 | Dias restantes origen: 30 | Status origen: 1,,2025-09-26 15:07:42,,,,0,0,144,[],,0
217,branch:default,17,EFECTIVO,MENUDEO,170,0,170,JESUS MARIA,Usuario origen: ALEXA2025 | Liquidado origen: 1 | Credito abonado origen: 170 | Dias restantes origen: 0 | Status origen: 1,,2025-09-26 15:55:05,,,,0,0,170,[],,0
218,branch:default,17,EFECTIVO,MENUDEO,34,0,34,JESUS MARIA,Usuario origen: ALEXA2025 | Liquidado origen: 1 | Credito abonado origen: 34 | Dias restantes origen: 0 | Status origen: 1,,2025-09-26 16:13:28,,,,0,0,34,[],,0
219,branch:default,9,EFECTIVO,MENUDEO,2080,0,2080,EL ROBLE,Usuario origen: ALEXA2025 | Liquidado origen: 1 | Credito abonado origen: 2080 | Fecha limite origen: 2025-10-11 | Dias restantes origen: 15 | Status origen: 1,,2025-09-26 16:27:41,,,,0,0,2080,[],,0
220,branch:default,6,EFECTIVO,MENUDEO,708,0,708,LOS LADRILLOS,Usuario origen: ALEXA2025 | Liquidado origen: 1 | Credito abonado origen: 708 | Fecha limite origen: 2025-09-26 | Dias restantes origen: 0 | Status origen: 1,,2025-09-26 16:43:23,,,,0,0,708,[],,0
221,branch:default,6,EFECTIVO,MENUDEO,450,0,450,JESUS MARIA,Usuario origen: ALONDRA2025 | Liquidado origen: 1 | Credito abonado origen: 450 | Dias restantes origen: 0 | Status origen: 1,,2025-09-26 17:44:16,,,,0,0,450,[],,0
222,branch:default,2,EFECTIVO,MENUDEO,236,0,236,JESUS MARIA,Usuario origen: ALONDRA2025 | Liquidado origen: 1 | Credito abonado origen: 236 | Dias restantes origen: 0 | Status origen: 1,,2025-09-26 18:28:12,,,,0,0,236,[],,0
223,branch:default,16,EFECTIVO,MENUDEO,224.5,0,224.5,JESUS MARIA,Usuario origen: ALEXA2025 | Liquidado origen: 1 | Credito abonado origen: 224.5 | Dias restantes origen: 0 | Status origen: 1,,2025-09-26 20:36:10,,,,0,0,224.5,[],,0
224,branch:default,3,EFECTIVO,MENUDEO,5,0,5,JESUS MARIA,Usuario origen: ALEXA2025 | Liquidado origen: 1 | Credito abonado origen: 5 | Fecha limite origen: 2025-10-11 | Dias restantes origen: 15 | Status origen: 1,,2025-09-26 22:10:47,,,,0,0,5,[],,0
225,branch:default,2,EFECTIVO,MENUDEO,236,0,236,JESUS MARIA,Usuario origen: ALONDRA2025 | Liquidado origen: 1 | Credito abonado origen: 236 | Dias restantes origen: 0 | Status origen: 1,,2025-09-27 13:35:59,,,,0,0,236,[],,0
226,branch:default,21,EFECTIVO,MENUDEO,1845,0,1845,JESUS MARIA,Usuario origen: ALONDRA2025 | Liquidado origen: 1 | Credito abonado origen: 1845 | Fecha limite origen: 2025-10-12 | Dias restantes origen: 15 | Status origen: 1,,2025-09-27 14:30:45,,,,0,0,1845,[],,0
227,branch:default,3,CREDITO,MENUDEO,2105,0,2105,JESUS MARIA,Usuario origen: ALEXA2025 | Liquidado origen: 0 | Credito abonado origen: 0 | Fecha limite origen: 2025-10-14 | Dias restantes origen: 15 | Status origen: 0,,2025-09-29 14:07:51,,,,0,2105,0,[],,0
228,branch:default,3,CREDITO,MENUDEO,2099,0,2099,JESUS MARIA,Usuario origen: ALEXA2025 | Liquidado origen: 0 | Credito abonado origen: 0 | Fecha limite origen: 2025-10-14 | Dias restantes origen: 15 | Status origen: 0,,2025-09-29 14:12:27,,,,0,2099,0,[],,0
229,branch:default,3,EFECTIVO,MENUDEO,2600,0,2600,JESUS MARIA,Usuario origen: ALEXA2025 | Liquidado origen: 1 | Credito abonado origen: 2600 | Fecha limite origen: 2025-10-14 | Dias restantes origen: 15 | Status origen: 1,,2025-09-29 14:33:31,,,,0,0,2600,[],,0
230,branch:default,2,EFECTIVO,MENUDEO,900,0,900,JESUS MARIA,Usuario origen: ALEXA2025 | Liquidado origen: 1 | Credito abonado origen: 900 | Dias restantes origen: 0 | Status origen: 1,,2025-09-29 16:04:07,,,,0,0,900,[],,0
231,branch:default,19,EFECTIVO,MENUDEO,4200,0,4200,LA LEONERA,Usuario origen: ALEXA2025 | Liquidado origen: 1 | Credito abonado origen: 4200 | Fecha limite origen: 2025-10-14 | Dias restantes origen: 15 | Status origen: 1,,2025-09-29 17:02:45,,,,0,0,4200,[],,0
232,branch:default,2,EFECTIVO,MENUDEO,64,0,64,JESUS MARIA,Usuario origen: ALEXA2025 | Liquidado origen: 1 | Credito abonado origen: 64 | Dias restantes origen: 0 | Status origen: 1,,2025-09-29 17:07:01,,,,0,0,64,[],,0
233,branch:default,18,EFECTIVO,MENUDEO,9500,0,9500,CRUCERO POMEZ,Usuario origen: ALONDRA2025 | Liquidado origen: 1 | Credito abonado origen: 9500 | Fecha limite origen: 2025-10-14 | Dias restantes origen: 15 | Status origen: 1,,2025-09-29 17:14:40,,,,0,0,9500,[],,0
234,branch:default,3,EFECTIVO,MENUDEO,15200,0,15200,LAS CANOAS,Usuario origen: ALONDRA2025 | Liquidado origen: 1 | Credito abonado origen: 15200 | Fecha limite origen: 2025-10-14 | Dias restantes origen: 15 | Status origen: 1,,2025-09-29 17:39:57,,,,0,0,15200,[],,0
235,branch:default,2,EFECTIVO,MENUDEO,615,0,615,JESUS MARIA,Usuario origen: ALEXA2025 | Liquidado origen: 1 | Credito abonado origen: 615 | Dias restantes origen: 0 | Status origen: 1,,2025-09-29 18:18:54,,,,0,0,615,[],,0
236,branch:default,8,CREDITO,MENUDEO,4200,0,4200,LAS LAGUNAS,Usuario origen: ALEXA2025 | Liquidado origen: 0 | Credito abonado origen: 0 | Fecha limite origen: 2025-10-14 | Dias restantes origen: 15 | Status origen: 0,,2025-09-29 19:48:47,,,,0,4200,0,[],,0
237,branch:default,2,EFECTIVO,MENUDEO,64,0,64,JESUS MARIA,Usuario origen: ALONDRA2025 | Liquidado origen: 1 | Credito abonado origen: 64 | Dias restantes origen: 0 | Status origen: 1,,2025-09-29 20:01:38,,,,0,0,64,[],,0
238,branch:default,8,EFECTIVO,MENUDEO,5400,0,5400,LAS LAGUNAS,Usuario origen: ALONDRA2025 | Liquidado origen: 1 | Credito abonado origen: 5400 | Fecha limite origen: 2025-10-14 | Dias restantes origen: 15 | Status origen: 1,,2025-09-29 20:16:23,,,,0,0,5400,[],,0
239,branch:default,18,EFECTIVO,MENUDEO,7350,0,7350,CRUCERO POMEZ,Usuario origen: ALONDRA2025 | Liquidado origen: 1 | Credito abonado origen: 7350 | Fecha limite origen: 2025-10-15 | Dias restantes origen: 15 | Status origen: 1,,2025-09-30 13:50:37,,,,0,0,7350,[],,0
240,branch:default,7,EFECTIVO,MENUDEO,2425,0,2425,LAS CANOAS,Usuario origen: ALONDRA2025 | Liquidado origen: 1 | Credito abonado origen: 2425 | Fecha limite origen: 2025-10-30 | Dias restantes origen: 30 | Status origen: 1,,2025-09-30 14:16:47,,,,0,0,2425,[],,0
241,branch:default,5,EFECTIVO,MENUDEO,4600,0,4600,CEN COMER,Usuario origen: ALONDRA2025 | Liquidado origen: 1 | Credito abonado origen: 4600 | Fecha limite origen: 2025-10-15 | Dias restantes origen: 15 | Status origen: 1,,2025-09-30 14:42:06,,,,0,0,4600,[],,0
242,branch:default,2,EFECTIVO,MENUDEO,2825,0,2825,JESUS MARIA,Usuario origen: ALONDRA2025 | Liquidado origen: 1 | Credito abonado origen: 2825 | Dias restantes origen: 0 | Status origen: 1,,2025-09-30 15:03:57,,,,0,0,2825,[],,0
243,branch:default,2,EFECTIVO,MENUDEO,236,0,236,JESUS MARIA,Usuario origen: ALONDRA2025 | Liquidado origen: 1 | Credito abonado origen: 236 | Dias restantes origen: 0 | Status origen: 1,,2025-09-30 17:48:31,,,,0,0,236,[],,0
244,branch:default,25,EFECTIVO,MENUDEO,1900,0,1900,JESUS MARIA,Usuario origen: ALONDRA2025 | Liquidado origen: 1 | Credito abonado origen: 1900 | Dias restantes origen: 0 | Status origen: 1,,2025-09-30 22:20:02,,,,0,0,1900,[],,0
245,branch:default,5,EFECTIVO,MENUDEO,4200,0,4200,CEN COMER,Usuario origen: ALONDRA2025 | Liquidado origen: 1 | Credito abonado origen: 4200 | Fecha limite origen: 2025-10-15 | Dias restantes origen: 15 | Status origen: 1,,2025-09-30 22:28:02,,,,0,0,4200,[],,0
246,branch:default,26,EFECTIVO,MENUDEO,8400,0,8400,JESUS MARIA,Usuario origen: ALONDRA2025 | Liquidado origen: 1 | Credito abonado origen: 8400 | Dias restantes origen: 0 | Status origen: 1,,2025-10-01 00:03:47,,,,0,0,8400,[],,0
247,branch:default,25,EFECTIVO,MENUDEO,2500,0,2500,JESUS MARIA,Usuario origen: ALONDRA2025 | Liquidado origen: 1 | Credito abonado origen: 2500 | Fecha limite origen: 2025-10-15 | Dias restantes origen: 15 | Status origen: 0,,2025-10-01 00:15:35,,,,0,0,2500,[],,0
248,branch:default,5,EFECTIVO,MENUDEO,4600,0,4600,CEN COMER,Usuario origen: ALEXA2025 | Liquidado origen: 1 | Credito abonado origen: 4600 | Fecha limite origen: 2025-10-16 | Dias restantes origen: 15 | Status origen: 1,,2025-10-01 13:15:43,,,,0,0,4600,[],,0
249,branch:default,2,EFECTIVO,MENUDEO,9200,0,9200,JESUS MARIA,Usuario origen: ALONDRA2025 | Liquidado origen: 1 | Credito abonado origen: 9200 | Dias restantes origen: 0 | Status origen: 0,,2025-10-01 14:39:19,,,,0,0,9200,[],,0
250,branch:default,2,EFECTIVO,MENUDEO,70,0,70,JESUS MARIA,Usuario origen: ALONDRA2025 | Liquidado origen: 1 | Credito abonado origen: 70 | Dias restantes origen: 0 | Status origen: 1,,2025-10-01 14:45:58,,,,0,0,70,[],,0
251,branch:default,2,EFECTIVO,MENUDEO,9300,0,9300,JESUS MARIA,Usuario origen: ALONDRA2025 | Liquidado origen: 1 | Credito abonado origen: 9300 | Dias restantes origen: 0 | Status origen: 1,,2025-10-01 14:48:15,,,,0,0,9300,[],,0
252,branch:default,2,EFECTIVO,MENUDEO,8,0,8,JESUS MARIA,Usuario origen: ALEXA2025 | Liquidado origen: 1 | Credito abonado origen: 8 | Dias restantes origen: 0 | Status origen: 1,,2025-10-01 15:03:52,,,,0,0,8,[],,0
253,branch:default,27,EFECTIVO,MENUDEO,4470,0,4470,JESUS MARIA,Usuario origen: ALEXA2025 | Liquidado origen: 1 | Credito abonado origen: 4470 | Fecha limite origen: 2025-10-16 | Dias restantes origen: 15 | Status origen: 1,,2025-10-01 15:43:08,,,,0,0,4470,[],,0
254,branch:default,27,EFECTIVO,MENUDEO,278,0,278,JESUS MARIA,Usuario origen: ALONDRA2025 | Liquidado origen: 1 | Credito abonado origen: 278 | Dias restantes origen: 0 | Status origen: 1,,2025-10-01 15:45:55,,,,0,0,278,[],,0
255,branch:default,22,EFECTIVO,MENUDEO,329,0,329,JESUS MARIA,Usuario origen: ALEXA2025 | Liquidado origen: 1 | Credito abonado origen: 329 | Fecha limite origen: 2025-10-16 | Dias restantes origen: 15 | Status origen: 1,,2025-10-01 15:48:59,,,,0,0,329,[],,0
256,branch:default,7,EFECTIVO,MENUDEO,4600,0,4600,LAS CANOAS,Usuario origen: ALONDRA2025 | Liquidado origen: 1 | Credito abonado origen: 4600 | Fecha limite origen: 2025-10-31 | Dias restantes origen: 30 | Status origen: 1,,2025-10-01 15:51:20,,,,0,0,4600,[],,0
257,branch:default,2,EFECTIVO,MENUDEO,426,0,426,JESUS MARIA,Usuario origen: ALEXA2025 | Liquidado origen: 1 | Credito abonado origen: 426 | Dias restantes origen: 0 | Status origen: 1,,2025-10-01 16:26:13,,,,0,0,426,[],,0
258,branch:default,18,EFECTIVO,MENUDEO,76000,0,76000,CRUCERO POMEZ,Usuario origen: ALEXA2025 | Liquidado origen: 1 | Credito abonado origen: 76000 | Fecha limite origen: 2025-10-16 | Dias restantes origen: 15 | Status origen: 1,,2025-10-01 17:07:05,,,,0,0,76000,[],,0
259,branch:default,16,CREDITO,MENUDEO,111,0,111,JESUS MARIA,Usuario origen: ALONDRA2025 | Liquidado origen: 0 | Credito abonado origen: 0 | Fecha limite origen: 2025-10-31 | Dias restantes origen: 30 | Status origen: 1,,2025-10-01 18:26:50,,,,0,111,0,[],,0
260,branch:default,2,EFECTIVO,MENUDEO,300,0,300,JESUS MARIA,Usuario origen: ALEXA2025 | Liquidado origen: 1 | Credito abonado origen: 300 | Dias restantes origen: 0 | Status origen: 1,,2025-10-01 22:17:55,,,,0,0,300,[],,0
261,branch:default,3,EFECTIVO,MENUDEO,3240,0,3240,JESUS MARIA,Usuario origen: ALEXA2025 | Liquidado origen: 1 | Credito abonado origen: 3240 | Fecha limite origen: 2025-10-17 | Dias restantes origen: 15 | Status origen: 1,,2025-10-02 13:59:49,,,,0,0,3240,[],,0
262,branch:default,28,EFECTIVO,MENUDEO,9200,0,9200,PRIMARIA POMEZ,Usuario origen: ALEXA2025 | Liquidado origen: 1 | Credito abonado origen: 9200 | Fecha limite origen: 2025-10-17 | Dias restantes origen: 15 | Status origen: 1,,2025-10-02 14:30:30,,,,0,0,9200,[],,0
263,branch:default,2,EFECTIVO,MENUDEO,583,0,583,JESUS MARIA,Usuario origen: ALONDRA2025 | Liquidado origen: 1 | Credito abonado origen: 583 | Dias restantes origen: 0 | Status origen: 1,,2025-10-02 14:43:38,,,,0,0,583,[],,0
264,branch:default,8,EFECTIVO,MENUDEO,860,0,860,JESUS MARIA,Usuario origen: ALEXA2025 | Liquidado origen: 1 | Credito abonado origen: 860 | Dias restantes origen: 0 | Status origen: 1,,2025-10-02 14:55:39,,,,0,0,860,[],,0
265,branch:default,2,EFECTIVO,MENUDEO,2380,0,2380,JESUS MARIA,Usuario origen: ALONDRA2025 | Liquidado origen: 1 | Credito abonado origen: 2380 | Dias restantes origen: 0 | Status origen: 1,,2025-10-02 14:56:10,,,,0,0,2380,[],,0
266,branch:default,13,EFECTIVO,MENUDEO,1250,0,1250,JESUS MARIA,Usuario origen: ALONDRA2025 | Liquidado origen: 1 | Credito abonado origen: 1250 | Fecha limite origen: 2025-10-17 | Dias restantes origen: 15 | Status origen: 1,,2025-10-02 15:11:55,,,,0,0,1250,[],,0
267,branch:default,2,EFECTIVO,MENUDEO,157,0,157,JESUS MARIA,Usuario origen: ALEXA2025 | Liquidado origen: 1 | Credito abonado origen: 157 | Dias restantes origen: 0 | Status origen: 1,,2025-10-02 17:22:15,,,,0,0,157,[],,0
268,branch:default,26,EFECTIVO,MENUDEO,8400,0,8400,JESUS MARIA,Usuario origen: ALEXA2025 | Liquidado origen: 1 | Credito abonado origen: 8400 | Fecha limite origen: 2025-11-01 | Dias restantes origen: 30 | Status origen: 1,,2025-10-02 17:52:13,,,,0,0,8400,[],,0
269,branch:default,2,EFECTIVO,MENUDEO,300,0,300,JESUS MARIA,Usuario origen: ALEXA2025 | Liquidado origen: 1 | Credito abonado origen: 300 | Dias restantes origen: 0 | Status origen: 1,,2025-10-02 18:46:41,,,,0,0,300,[],,0
270,branch:default,2,EFECTIVO,MENUDEO,185,0,185,JESUS MARIA,Usuario origen: ALONDRA2025 | Liquidado origen: 1 | Credito abonado origen: 185 | Dias restantes origen: 0 | Status origen: 0,,2025-10-02 19:31:15,,,,0,0,185,[],,0
271,branch:default,2,EFECTIVO,MENUDEO,178.5,0,178.5,JESUS MARIA,Usuario origen: ALONDRA2025 | Liquidado origen: 1 | Credito abonado origen: 178.5 | Dias restantes origen: 0 | Status origen: 1,,2025-10-02 19:33:36,,,,0,0,178.5,[],,0
272,branch:default,29,EFECTIVO,MENUDEO,7156,0,7156,PANDILLO,Usuario origen: ALEXA2025 | Liquidado origen: 1 | Credito abonado origen: 7156 | Fecha limite origen: 2025-11-01 | Dias restantes origen: 30 | Status origen: 1,,2025-10-02 19:39:11,,,,0,0,7156,[],,0
273,branch:default,18,EFECTIVO,MENUDEO,2500,0,2500,JESUS MARIA,Usuario origen: ALONDRA2025 | Liquidado origen: 1 | Credito abonado origen: 2500 | Fecha limite origen: 2025-10-17 | Dias restantes origen: 15 | Status origen: 1,,2025-10-02 20:16:32,,,,0,0,2500,[],,0
274,branch:default,8,EFECTIVO,MENUDEO,176,0,176,LAS CANOAS,Usuario origen: ALONDRA2025 | Liquidado origen: 1 | Credito abonado origen: 176 | Dias restantes origen: 0 | Status origen: 1,,2025-10-02 20:49:18,,,,0,0,176,[],,0
275,branch:default,3,EFECTIVO,MENUDEO,1850,0,1850,LAS CANOAS,Usuario origen: ALONDRA2025 | Liquidado origen: 1 | Credito abonado origen: 1850 | Fecha limite origen: 2025-10-17 | Dias restantes origen: 15 | Status origen: 1,,2025-10-02 21:15:19,,,,0,0,1850,[],,0
276,branch:default,3,EFECTIVO,MENUDEO,252,0,252,JESUS MARIA,Usuario origen: ALONDRA2025 | Liquidado origen: 1 | Credito abonado origen: 252 | Fecha limite origen: 2025-10-18 | Dias restantes origen: 15 | Status origen: 1,,2025-10-03 13:13:50,,,,0,0,252,[],,0
277,branch:default,23,EFECTIVO,MENUDEO,3167,0,3167,JESUS MARIA,Usuario origen: ALEXA2025 | Liquidado origen: 1 | Credito abonado origen: 3167 | Fecha limite origen: 2025-10-18 | Dias restantes origen: 15 | Status origen: 1,,2025-10-03 14:01:44,,,,0,0,3167,[],,0
278,branch:default,7,EFECTIVO,MENUDEO,2750,0,2750,LAS CANOAS,Usuario origen: ALONDRA2025 | Liquidado origen: 1 | Credito abonado origen: 2750 | Fecha limite origen: 2025-11-02 | Dias restantes origen: 30 | Status origen: 1,,2025-10-03 14:25:24,,,,0,0,2750,[],,0
279,branch:default,2,EFECTIVO,MENUDEO,8,0,8,JESUS MARIA,Usuario origen: ALONDRA2025 | Liquidado origen: 1 | Credito abonado origen: 8 | Dias restantes origen: 0 | Status origen: 1,,2025-10-03 14:28:36,,,,0,0,8,[],,0
280,branch:default,2,EFECTIVO,MENUDEO,708,0,708,JESUS MARIA,Usuario origen: ALONDRA2025 | Liquidado origen: 1 | Credito abonado origen: 708 | Dias restantes origen: 0 | Status origen: 1,,2025-10-03 14:50:03,,,,0,0,708,[],,0
281,branch:default,19,EFECTIVO,MENUDEO,3000,0,3000,LA LEONERA,Usuario origen: ALONDRA2025 | Liquidado origen: 1 | Credito abonado origen: 3000 | Dias restantes origen: 0 | Status origen: 0,,2025-10-03 15:08:24,,,,0,0,3000,[],,0
282,branch:default,3,EFECTIVO,MENUDEO,3200,0,3200,JESUS MARIA,Usuario origen: ALEXA2025 | Liquidado origen: 1 | Credito abonado origen: 3200 | Fecha limite origen: 2025-10-18 | Dias restantes origen: 15 | Status origen: 1,,2025-10-03 15:41:25,,,,0,0,3200,[],,0
283,branch:default,19,EFECTIVO,MENUDEO,1000,0,1000,LA LEONERA,Usuario origen: ALONDRA2025 | Liquidado origen: 1 | Credito abonado origen: 1000 | Fecha limite origen: 2025-10-18 | Dias restantes origen: 15 | Status origen: 1,,2025-10-03 15:48:09,,,,0,0,1000,[],,0
284,branch:default,8,EFECTIVO,MENUDEO,330,0,330,JESUS MARIA,Usuario origen: ALEXA2025 | Liquidado origen: 1 | Credito abonado origen: 330 | Dias restantes origen: 0 | Status origen: 1,,2025-10-03 15:55:04,,,,0,0,330,[],,0
285,branch:default,26,EFECTIVO,MENUDEO,8400,0,8400,JESUS MARIA,Usuario origen: ALEXA2025 | Liquidado origen: 1 | Credito abonado origen: 8400 | Fecha limite origen: 2025-11-02 | Dias restantes origen: 30 | Status origen: 1,,2025-10-03 16:38:10,,,,0,0,8400,[],,0
286,branch:default,2,EFECTIVO,MENUDEO,172,0,172,JESUS MARIA,Usuario origen: ALONDRA2025 | Liquidado origen: 1 | Credito abonado origen: 172 | Dias restantes origen: 0 | Status origen: 1,,2025-10-03 17:12:51,,,,0,0,172,[],,0
287,branch:default,3,EFECTIVO,MENUDEO,1450,0,1450,JESUS MARIA,Usuario origen: ALEXA2025 | Liquidado origen: 1 | Credito abonado origen: 1450 | Fecha limite origen: 2025-10-18 | Dias restantes origen: 15 | Status origen: 1,,2025-10-03 18:07:51,,,,0,0,1450,[],,0
288,branch:default,5,EFECTIVO,MENUDEO,4200,0,4200,CEN COMER,Usuario origen: ALONDRA2025 | Liquidado origen: 1 | Credito abonado origen: 4200 | Fecha limite origen: 2025-10-18 | Dias restantes origen: 15 | Status origen: 1,,2025-10-03 18:28:02,,,,0,0,4200,[],,0
289,branch:default,2,EFECTIVO,MENUDEO,3353,0,3353,JESUS MARIA,Usuario origen: ALONDRA2025 | Liquidado origen: 1 | Credito abonado origen: 3353 | Dias restantes origen: 0 | Status origen: 1,,2025-10-03 19:50:36,,,,0,0,3353,[],,0
290,branch:default,26,EFECTIVO,MENUDEO,4200,0,4200,JESUS MARIA,Usuario origen: ALEXA2025 | Liquidado origen: 1 | Credito abonado origen: 4200 | Fecha limite origen: 2025-11-02 | Dias restantes origen: 30 | Status origen: 1,,2025-10-03 20:41:46,,,,0,0,4200,[],,0
291,branch:default,3,EFECTIVO,MENUDEO,250,0,250,LAS CANOAS,Usuario origen: ALONDRA2025 | Liquidado origen: 1 | Credito abonado origen: 250 | Fecha limite origen: 2025-10-19 | Dias restantes origen: 15 | Status origen: 1,,2025-10-04 13:50:19,,,,0,0,250,[],,0
292,branch:default,2,EFECTIVO,MENUDEO,72,0,72,JESUS MARIA,Usuario origen: ALONDRA2025 | Liquidado origen: 1 | Credito abonado origen: 72 | Dias restantes origen: 0 | Status origen: 1,,2025-10-04 15:03:01,,,,0,0,72,[],,0
293,branch:default,3,EFECTIVO,MENUDEO,8510,0,8510,JESUS MARIA,Usuario origen: ALEXA2025 | Liquidado origen: 1 | Credito abonado origen: 8510 | Fecha limite origen: 2025-10-19 | Dias restantes origen: 15 | Status origen: 1,,2025-10-04 15:20:15,,,,0,0,8510,[],,0
294,branch:default,21,EFECTIVO,MENUDEO,1550,0,1550,JESUS MARIA,Usuario origen: ALONDRA2025 | Liquidado origen: 1 | Credito abonado origen: 1550 | Fecha limite origen: 2025-10-21 | Dias restantes origen: 15 | Status origen: 1,,2025-10-06 14:17:38,,,,0,0,1550,[],,0
295,branch:default,3,EFECTIVO,MENUDEO,3360,0,3360,JESUS MARIA,Usuario origen: ALEXA2025 | Liquidado origen: 1 | Credito abonado origen: 3360 | Fecha limite origen: 2025-10-21 | Dias restantes origen: 15 | Status origen: 1,,2025-10-06 14:19:32,,,,0,0,3360,[],,0
296,branch:default,18,EFECTIVO,MENUDEO,66,0,66,CRUCERO POMEZ,Usuario origen: ALEXA2025 | Liquidado origen: 1 | Credito abonado origen: 66 | Fecha limite origen: 2025-10-21 | Dias restantes origen: 15 | Status origen: 1,,2025-10-06 14:38:37,,,,0,0,66,[],,0
297,branch:default,26,EFECTIVO,MENUDEO,534,0,534,EL CHARRO,Usuario origen: ALONDRA2025 | Liquidado origen: 1 | Credito abonado origen: 534 | Fecha limite origen: 2025-11-05 | Dias restantes origen: 30 | Status origen: 1,,2025-10-06 14:46:58,,,,0,0,534,[],,0
298,branch:default,26,EFECTIVO,MENUDEO,792,0,792,EL CHARRO,Usuario origen: ALONDRA2025 | Liquidado origen: 1 | Credito abonado origen: 792 | Fecha limite origen: 2025-11-05 | Dias restantes origen: 30 | Status origen: 1,,2025-10-06 15:25:14,,,,0,0,792,[],,0
299,branch:default,18,EFECTIVO,MENUDEO,4200,0,4200,CRUCERO POMEZ,Usuario origen: ALONDRA2025 | Liquidado origen: 1 | Credito abonado origen: 4200 | Fecha limite origen: 2025-10-21 | Dias restantes origen: 15 | Status origen: 1,,2025-10-06 15:55:46,,,,0,0,4200,[],,0
300,branch:default,6,EFECTIVO,MENUDEO,4700,0,4700,JESUS MARIA,Usuario origen: ALEXA2025 | Liquidado origen: 1 | Credito abonado origen: 4700 | Fecha limite origen: 2025-10-06 | Dias restantes origen: 0 | Status origen: 1,,2025-10-06 16:32:14,,,,0,0,4700,[],,0
301,branch:default,8,EFECTIVO,MENUDEO,12000,0,12000,LAS LAGUNAS,Usuario origen: ALONDRA2025 | Liquidado origen: 1 | Credito abonado origen: 12000 | Fecha limite origen: 2025-10-21 | Dias restantes origen: 15 | Status origen: 1,,2025-10-06 18:12:05,,,,0,0,12000,[],,0
302,branch:default,26,EFECTIVO,MENUDEO,185,0,185,JESUS MARIA,Usuario origen: ALONDRA2025 | Liquidado origen: 1 | Credito abonado origen: 185 | Dias restantes origen: 0 | Status origen: 1,,2025-10-06 18:36:54,,,,0,0,185,[],,0
303,branch:default,2,EFECTIVO,MENUDEO,118,0,118,JESUS MARIA,Usuario origen: ALONDRA2025 | Liquidado origen: 1 | Credito abonado origen: 118 | Fecha limite origen: 2025-10-06 | Dias restantes origen: 0 | Status origen: 1,,2025-10-06 19:50:07,,,,0,0,118,[],,0
304,branch:default,28,EFECTIVO,MENUDEO,9200,0,9200,LAS POMEZ,Usuario origen: ALONDRA2025 | Liquidado origen: 1 | Credito abonado origen: 9200 | Fecha limite origen: 2025-10-21 | Dias restantes origen: 15 | Status origen: 1,,2025-10-06 21:03:13,,,,0,0,9200,[],,0
305,branch:default,3,EFECTIVO,MENUDEO,6650,0,6650,LAS CANOAS,Usuario origen: ALONDRA2025 | Liquidado origen: 1 | Credito abonado origen: 6650 | Fecha limite origen: 2025-10-21 | Dias restantes origen: 15 | Status origen: 1,,2025-10-06 21:34:46,,,,0,0,6650,[],,0
306,branch:default,26,EFECTIVO,MENUDEO,10218,0,10218,EL CHARRO,Usuario origen: ALEXA2025 | Liquidado origen: 1 | Credito abonado origen: 10218 | Fecha limite origen: 2025-11-05 | Dias restantes origen: 30 | Status origen: 1,,2025-10-06 21:51:02,,,,0,0,10218,[],,0
307,branch:default,3,EFECTIVO,MENUDEO,1283,0,1283,JESUS MARIA,Usuario origen: ALONDRA2025 | Liquidado origen: 1 | Credito abonado origen: 1283 | Fecha limite origen: 2025-10-21 | Dias restantes origen: 15 | Status origen: 1,,2025-10-06 22:14:45,,,,0,0,1283,[],,0
308,branch:default,6,EFECTIVO,MENUDEO,4700,0,4700,ARANDAS,Usuario origen: ALONDRA2025 | Liquidado origen: 1 | Credito abonado origen: 4700 | Fecha limite origen: 2025-10-07 | Dias restantes origen: 0 | Status origen: 1,,2025-10-07 13:20:37,,,,0,0,4700,[],,0
309,branch:default,30,EFECTIVO,MENUDEO,3700,0,3700,JESUS MARIA,Usuario origen: ALONDRA2025 | Liquidado origen: 1 | Credito abonado origen: 3700 | Fecha limite origen: 2025-11-06 | Dias restantes origen: 30 | Status origen: 1,,2025-10-07 13:30:50,,,,0,0,3700,[],,0
310,branch:default,30,EFECTIVO,MENUDEO,450,0,450,JESUS MARIA,Usuario origen: ALONDRA2025 | Liquidado origen: 1 | Credito abonado origen: 450 | Fecha limite origen: 2025-11-06 | Dias restantes origen: 30 | Status origen: 1,,2025-10-07 14:55:46,,,,0,0,450,[],,0
311,branch:default,26,EFECTIVO,MENUDEO,10260,0,10260,EL CHARRO,Usuario origen: ALEXA2025 | Liquidado origen: 1 | Credito abonado origen: 10260 | Fecha limite origen: 2025-11-06 | Dias restantes origen: 30 | Status origen: 1,,2025-10-07 17:10:58,,,,0,0,10260,[],,0
312,branch:default,2,EFECTIVO,MENUDEO,52,0,52,JESUS MARIA,Usuario origen: ALONDRA2025 | Liquidado origen: 1 | Credito abonado origen: 52 | Dias restantes origen: 0 | Status origen: 1,,2025-10-07 17:29:34,,,,0,0,52,[],,0
313,branch:default,3,EFECTIVO,MENUDEO,45000,0,45000,JESUS MARIA,Usuario origen: ALEXA2025 | Liquidado origen: 1 | Credito abonado origen: 45000 | Fecha limite origen: 2025-10-22 | Dias restantes origen: 15 | Status origen: 1,,2025-10-07 22:38:10,,,,0,0,45000,[],,0
314,branch:default,3,EFECTIVO,MENUDEO,11000,0,11000,JESUS MARIA,Usuario origen: ALEXA2025 | Liquidado origen: 1 | Credito abonado origen: 11000 | Fecha limite origen: 2025-10-22 | Dias restantes origen: 15 | Status origen: 1,,2025-10-07 22:41:41,,,,0,0,11000,[],,0
315,branch:default,3,EFECTIVO,MENUDEO,16000,0,16000,JESUS MARIA,Usuario origen: ALEXA2025 | Liquidado origen: 1 | Credito abonado origen: 16000 | Fecha limite origen: 2025-10-22 | Dias restantes origen: 15 | Status origen: 1,,2025-10-07 22:59:00,,,,0,0,16000,[],,0
316,branch:default,5,EFECTIVO,MENUDEO,4600,0,4600,CEN COMER,Usuario origen: ALONDRA2025 | Liquidado origen: 1 | Credito abonado origen: 4600 | Fecha limite origen: 2025-10-23 | Dias restantes origen: 15 | Status origen: 1,,2025-10-08 13:16:03,,,,0,0,4600,[],,0
317,branch:default,2,EFECTIVO,MENUDEO,50,0,50,JESUS MARIA,Usuario origen: ALONDRA2025 | Liquidado origen: 1 | Credito abonado origen: 50 | Dias restantes origen: 0 | Status origen: 1,,2025-10-08 14:01:53,,,,0,0,50,[],,0
318,branch:default,29,EFECTIVO,MENUDEO,4800,0,4800,JESUS MARIA,Usuario origen: ALONDRA2025 | Liquidado origen: 1 | Credito abonado origen: 4800 | Fecha limite origen: 2025-11-07 | Dias restantes origen: 30 | Status origen: 1,,2025-10-08 14:16:27,,,,0,0,4800,[],,0
319,branch:default,2,EFECTIVO,MENUDEO,888,0,888,JESUS MARIA,Usuario origen: ALONDRA2025 | Liquidado origen: 1 | Credito abonado origen: 888 | Dias restantes origen: 0 | Status origen: 1,,2025-10-08 15:39:22,,,,0,0,888,[],,0
320,branch:default,2,EFECTIVO,MENUDEO,299,0,299,JESUS MARIA,Usuario origen: ALONDRA2025 | Liquidado origen: 1 | Credito abonado origen: 299 | Dias restantes origen: 0 | Status origen: 1,,2025-10-08 17:13:15,,,,0,0,299,[],,0
321,branch:default,19,EFECTIVO,MENUDEO,462.5,0,462.5,JESUS MARIA,Usuario origen: ALONDRA2025 | Liquidado origen: 1 | Credito abonado origen: 462.5 | Fecha limite origen: 2025-10-23 | Dias restantes origen: 15 | Status origen: 1,,2025-10-08 18:04:50,,,,0,0,462.5,[],,0
322,branch:default,2,EFECTIVO,MENUDEO,65.5,0,65.5,LAS CANOAS,Usuario origen: ALONDRA2025 | Liquidado origen: 1 | Credito abonado origen: 65.5 | Dias restantes origen: 0 | Status origen: 1,,2025-10-08 18:58:48,,,,0,0,65.5,[],,0
323,branch:default,5,EFECTIVO,MENUDEO,7400,0,7400,CEN COMER,Usuario origen: ALONDRA2025 | Liquidado origen: 1 | Credito abonado origen: 7400 | Fecha limite origen: 2025-10-23 | Dias restantes origen: 15 | Status origen: 1,,2025-10-08 19:16:11,,,,0,0,7400,[],,0
324,branch:default,8,EFECTIVO,MENUDEO,9,0,9,LAS CANOAS,Usuario origen: ALONDRA2025 | Liquidado origen: 1 | Credito abonado origen: 9 | Fecha limite origen: 2025-10-23 | Dias restantes origen: 15 | Status origen: 1,,2025-10-08 20:00:29,,,,0,0,9,[],,0
325,branch:default,8,EFECTIVO,MENUDEO,81,0,81,LAS CANOAS,Usuario origen: ALONDRA2025 | Liquidado origen: 1 | Credito abonado origen: 81 | Fecha limite origen: 2025-10-23 | Dias restantes origen: 15 | Status origen: 1,,2025-10-08 20:58:04,,,,0,0,81,[],,0
326,branch:default,3,EFECTIVO,MENUDEO,92000,0,92000,JESUS MARIA,Usuario origen: ALEXA2025 | Liquidado origen: 1 | Credito abonado origen: 92000 | Fecha limite origen: 2025-10-23 | Dias restantes origen: 15 | Status origen: 1,,2025-10-08 21:09:54,,,,0,0,92000,[],,0
327,branch:default,2,EFECTIVO,MENUDEO,4,0,4,JESUS MARIA,Usuario origen: ALONDRA2025 | Liquidado origen: 1 | Credito abonado origen: 4 | Dias restantes origen: 0 | Status origen: 1,,2025-10-08 22:07:29,,,,0,0,4,[],,0
328,branch:default,18,EFECTIVO,MENUDEO,24000,0,24000,CRUCERO POMEZ,Usuario origen: ALONDRA2025 | Liquidado origen: 1 | Credito abonado origen: 24000 | Fecha limite origen: 2025-10-24 | Dias restantes origen: 15 | Status origen: 1,,2025-10-09 13:29:19,,,,0,0,24000,[],,0
329,branch:default,30,EFECTIVO,MENUDEO,900,0,900,JESUS MARIA,Usuario origen: ALONDRA2025 | Liquidado origen: 1 | Credito abonado origen: 900 | Fecha limite origen: 2025-11-08 | Dias restantes origen: 30 | Status origen: 1,,2025-10-09 15:28:29,,,,0,0,900,[],,0
330,branch:default,6,EFECTIVO,MENUDEO,2763,0,2763,JESUS MARIA,Usuario origen: ALONDRA2025 | Liquidado origen: 1 | Credito abonado origen: 2763 | Fecha limite origen: 2025-10-09 | Dias restantes origen: 0 | Status origen: 1,,2025-10-09 15:35:07,,,,0,0,2763,[],,0
331,branch:default,2,EFECTIVO,MENUDEO,472,0,472,JESUS MARIA,Usuario origen: ALONDRA2025 | Liquidado origen: 1 | Credito abonado origen: 472 | Dias restantes origen: 0 | Status origen: 1,,2025-10-09 16:06:18,,,,0,0,472,[],,0
332,branch:default,26,EFECTIVO,MENUDEO,19814,0,19814,EL CHARRO,Usuario origen: ALONDRA2025 | Liquidado origen: 1 | Credito abonado origen: 19814 | Fecha limite origen: 2025-11-08 | Dias restantes origen: 30 | Status origen: 1,,2025-10-09 20:43:54,,,,0,0,19814,[],,0
333,branch:default,2,EFECTIVO,MENUDEO,688,0,688,JESUS MARIA,Usuario origen: ALONDRA2025 | Liquidado origen: 1 | Credito abonado origen: 688 | Dias restantes origen: 0 | Status origen: 1,,2025-10-10 14:27:08,,,,0,0,688,[],,0
334,branch:default,18,EFECTIVO,MENUDEO,19698,0,19698,CRUCERO POMEZ,Usuario origen: ALONDRA2025 | Liquidado origen: 1 | Credito abonado origen: 19698 | Fecha limite origen: 2025-10-25 | Dias restantes origen: 15 | Status origen: 1,,2025-10-10 14:50:03,,,,0,0,19698,[],,0
335,branch:default,12,EFECTIVO,MENUDEO,1725,0,1725,SAN RAFAEL,Usuario origen: ALONDRA2025 | Liquidado origen: 1 | Credito abonado origen: 1725 | Fecha limite origen: 2025-11-09 | Dias restantes origen: 30 | Status origen: 1,,2025-10-10 15:11:44,,,,0,0,1725,[],,0
336,branch:default,2,EFECTIVO,MENUDEO,10962.5,0,10962.5,EL MATERO,Usuario origen: ALONDRA2025 | Liquidado origen: 1 | Credito abonado origen: 10962.5 | Dias restantes origen: 0 | Status origen: 1,,2025-10-10 16:02:08,,,,0,0,10962.5,[],,0
337,branch:default,2,EFECTIVO,MENUDEO,49,0,49,JESUS MARIA,Usuario origen: ALONDRA2025 | Liquidado origen: 1 | Credito abonado origen: 49 | Dias restantes origen: 0 | Status origen: 1,,2025-10-10 16:48:43,,,,0,0,49,[],,0
338,branch:default,5,EFECTIVO,MENUDEO,4600,0,4600,CEN COMER,Usuario origen: ALONDRA2025 | Liquidado origen: 1 | Credito abonado origen: 4600 | Fecha limite origen: 2025-10-25 | Dias restantes origen: 15 | Status origen: 1,,2025-10-10 18:59:58,,,,0,0,4600,[],,0
339,branch:default,3,EFECTIVO,MENUDEO,52000,0,52000,JESUS MARIA,Usuario origen: ALEXA2025 | Liquidado origen: 1 | Credito abonado origen: 52000 | Fecha limite origen: 2025-10-25 | Dias restantes origen: 15 | Status origen: 1,,2025-10-10 20:33:54,,,,0,0,52000,[],,0
340,branch:default,8,EFECTIVO,MENUDEO,3151,0,3151,JESUS MARIA,Usuario origen: ALONDRA2025 | Liquidado origen: 1 | Credito abonado origen: 3151 | Dias restantes origen: 0 | Status origen: 1,,2025-10-10 20:38:13,,,,0,0,3151,[],,0
341,branch:default,31,EFECTIVO,MENUDEO,4700,0,4700,JESUS MARIA,Usuario origen: ALONDRA2025 | Liquidado origen: 1 | Credito abonado origen: 4700 | Fecha limite origen: 2025-10-25 | Dias restantes origen: 15 | Status origen: 1,,2025-10-10 20:46:03,,,,0,0,4700,[],,0
342,branch:default,30,EFECTIVO,MENUDEO,2032,0,2032,JESUS MARIA,Usuario origen: ALONDRA2025 | Liquidado origen: 1 | Credito abonado origen: 2032 | Fecha limite origen: 2025-11-10 | Dias restantes origen: 30 | Status origen: 1,,2025-10-11 15:45:12,,,,0,0,2032,[],,0
343,branch:default,30,EFECTIVO,MENUDEO,1900,0,1900,JESUS MARIA,Usuario origen: ALONDRA2025 | Liquidado origen: 1 | Credito abonado origen: 1900 | Fecha limite origen: 2025-11-10 | Dias restantes origen: 30 | Status origen: 1,,2025-10-11 16:01:08,,,,0,0,1900,[],,0
344,branch:default,30,EFECTIVO,MENUDEO,127,0,127,JESUS MARIA,Usuario origen: ALONDRA2025 | Liquidado origen: 1 | Credito abonado origen: 127 | Fecha limite origen: 2025-11-10 | Dias restantes origen: 30 | Status origen: 1,,2025-10-11 17:46:51,,,,0,0,127,[],,0
345,branch:default,30,EFECTIVO,MENUDEO,190,0,190,JESUS MARIA,Usuario origen: ALONDRA2025 | Liquidado origen: 1 | Credito abonado origen: 190 | Dias restantes origen: 0 | Status origen: 1,,2025-10-11 18:16:26,,,,0,0,190,[],,0
346,branch:default,32,EFECTIVO,MENUDEO,31500,0,31500,CAMPO AZUL,Usuario origen: ALONDRA2025 | Liquidado origen: 1 | Credito abonado origen: 31500 | Fecha limite origen: 2025-11-12 | Dias restantes origen: 30 | Status origen: 1,,2025-10-13 13:12:04,,,,0,0,31500,[],,0
347,branch:default,20,CREDITO,MENUDEO,186,0,186,JESUS MARIA,Usuario origen: ALONDRA2025 | Liquidado origen: 0 | Credito abonado origen: 0 | Fecha limite origen: 2025-11-12 | Dias restantes origen: 30 | Status origen: 1,,2025-10-13 13:24:18,,,,0,186,0,[],,0
348,branch:default,20,CREDITO,MENUDEO,197,0,197,JESUS MARIA,Usuario origen: ALONDRA2025 | Liquidado origen: 0 | Credito abonado origen: 0 | Fecha limite origen: 2025-11-12 | Dias restantes origen: 30 | Status origen: 1,,2025-10-13 13:36:36,,,,0,197,0,[],,0
349,branch:default,5,EFECTIVO,MENUDEO,8200,0,8200,CEN COMER,Usuario origen: ALONDRA2025 | Liquidado origen: 1 | Credito abonado origen: 8200 | Fecha limite origen: 2025-10-28 | Dias restantes origen: 15 | Status origen: 1,,2025-10-13 14:20:25,,,,0,0,8200,[],,0
350,branch:default,30,EFECTIVO,MENUDEO,422,0,422,JESUS MARIA,Usuario origen: ALONDRA2025 | Liquidado origen: 1 | Credito abonado origen: 422 | Dias restantes origen: 0 | Status origen: 1,,2025-10-13 15:04:01,,,,0,0,422,[],,0
351,branch:default,30,CREDITO,MENUDEO,2000,0,2000,JESUS MARIA,Usuario origen: ALONDRA2025 | Liquidado origen: 0 | Credito abonado origen: 0 | Fecha limite origen: 2025-11-12 | Dias restantes origen: 30 | Status origen: 0,,2025-10-13 15:53:57,,,,0,2000,0,[],,0
352,branch:default,12,EFECTIVO,MENUDEO,2070,0,2070,JESUS MARIA,Usuario origen: ALONDRA2025 | Liquidado origen: 1 | Credito abonado origen: 2070 | Fecha limite origen: 2025-11-12 | Dias restantes origen: 30 | Status origen: 1,,2025-10-13 16:22:57,,,,0,0,2070,[],,0
353,branch:default,2,EFECTIVO,MENUDEO,20,0,20,JESUS MARIA,Usuario origen: ALONDRA2025 | Liquidado origen: 1 | Credito abonado origen: 20 | Dias restantes origen: 0 | Status origen: 1,,2025-10-13 21:12:03,,,,0,0,20,[],,0
354,branch:default,2,EFECTIVO,MENUDEO,236,0,236,JESUS MARIA,Usuario origen: ALONDRA2025 | Liquidado origen: 1 | Credito abonado origen: 236 | Dias restantes origen: 0 | Status origen: 1,,2025-10-14 14:09:03,,,,0,0,236,[],,0
355,branch:default,2,EFECTIVO,MENUDEO,900,0,900,JESUS MARIA,Usuario origen: ALONDRA2025 | Liquidado origen: 1 | Credito abonado origen: 900 | Dias restantes origen: 0 | Status origen: 1,,2025-10-14 14:12:19,,,,0,0,900,[],,0
356,branch:default,2,EFECTIVO,MENUDEO,313,0,313,JESUS MARIA,Usuario origen: ALONDRA2025 | Liquidado origen: 1 | Credito abonado origen: 313 | Dias restantes origen: 0 | Status origen: 1,,2025-10-14 15:39:19,,,,0,0,313,[],,0
357,branch:default,2,EFECTIVO,MENUDEO,104,0,104,JESUS MARIA,Usuario origen: ALONDRA2025 | Liquidado origen: 1 | Credito abonado origen: 104 | Dias restantes origen: 0 | Status origen: 1,,2025-10-14 15:45:55,,,,0,0,104,[],,0
358,branch:default,30,EFECTIVO,MENUDEO,3620,0,3620,JESUS MARIA,Usuario origen: ALONDRA2025 | Liquidado origen: 1 | Credito abonado origen: 3620 | Fecha limite origen: 2025-11-13 | Dias restantes origen: 30 | Status origen: 1,,2025-10-14 15:51:35,,,,0,0,3620,[],,0
359,branch:default,28,EFECTIVO,MENUDEO,9200,0,9200,LAS POMEZ,Usuario origen: ALONDRA2025 | Liquidado origen: 1 | Credito abonado origen: 9200 | Fecha limite origen: 2025-10-29 | Dias restantes origen: 15 | Status origen: 1,,2025-10-14 15:52:50,,,,0,0,9200,[],,0
360,branch:default,2,EFECTIVO,MENUDEO,21,0,21,JESUS MARIA,Usuario origen: ALONDRA2025 | Liquidado origen: 1 | Credito abonado origen: 21 | Dias restantes origen: 0 | Status origen: 1,,2025-10-14 17:56:03,,,,0,0,21,[],,0
361,branch:default,2,EFECTIVO,MENUDEO,14,0,14,JESUS MARIA,Usuario origen: ALONDRA2025 | Liquidado origen: 1 | Credito abonado origen: 14 | Dias restantes origen: 0 | Status origen: 1,,2025-10-14 17:58:57,,,,0,0,14,[],,0
362,branch:default,12,EFECTIVO,MENUDEO,2760,0,2760,SAN RAFAEL,Usuario origen: ALONDRA2025 | Liquidado origen: 1 | Credito abonado origen: 2760 | Fecha limite origen: 2025-11-13 | Dias restantes origen: 30 | Status origen: 1,,2025-10-14 19:18:41,,,,0,0,2760,[],,0
363,branch:default,3,EFECTIVO,MENUDEO,45,0,45,LAS CANOAS,Usuario origen: ALONDRA2025 | Liquidado origen: 1 | Credito abonado origen: 45 | Fecha limite origen: 2025-10-29 | Dias restantes origen: 15 | Status origen: 1,,2025-10-14 21:58:41,,,,0,0,45,[],,0
364,branch:default,5,EFECTIVO,MENUDEO,8300,0,8300,CEN COMER,Usuario origen: ALONDRA2025 | Liquidado origen: 1 | Credito abonado origen: 8300 | Fecha limite origen: 2025-10-30 | Dias restantes origen: 15 | Status origen: 1,,2025-10-15 13:22:40,,,,0,0,8300,[],,0
365,branch:default,2,EFECTIVO,MENUDEO,1914,0,1914,JESUS MARIA,Usuario origen: ALONDRA2025 | Liquidado origen: 1 | Credito abonado origen: 1914 | Dias restantes origen: 0 | Status origen: 1,,2025-10-15 13:48:31,,,,0,0,1914,[],,0
366,branch:default,8,EFECTIVO,MENUDEO,104,0,104,JESUS MARIA,Usuario origen: ALONDRA2025 | Liquidado origen: 1 | Credito abonado origen: 104 | Fecha limite origen: 2025-10-30 | Dias restantes origen: 15 | Status origen: 1,,2025-10-15 15:17:55,,,,0,0,104,[],,0
367,branch:default,2,EFECTIVO,MENUDEO,2070,0,2070,JESUS MARIA,Usuario origen: ALONDRA2025 | Liquidado origen: 1 | Credito abonado origen: 2070 | Dias restantes origen: 0 | Status origen: 0,,2025-10-15 15:46:25,,,,0,0,2070,[],,0
368,branch:default,2,EFECTIVO,MENUDEO,1770,0,1770,JESUS MARIA,Usuario origen: ALONDRA2025 | Liquidado origen: 1 | Credito abonado origen: 1770 | Dias restantes origen: 0 | Status origen: 1,,2025-10-15 15:58:11,,,,0,0,1770,[],,0
369,branch:default,2,EFECTIVO,MENUDEO,126,0,126,JESUS MARIA,Usuario origen: ALEXA2025 | Liquidado origen: 1 | Credito abonado origen: 126 | Dias restantes origen: 0 | Status origen: 1,,2025-10-15 17:31:51,,,,0,0,126,[],,0
370,branch:default,26,EFECTIVO,MENUDEO,1780,0,1780,JESUS MARIA,Usuario origen: ALONDRA2025 | Liquidado origen: 1 | Credito abonado origen: 1780 | Fecha limite origen: 2025-11-14 | Dias restantes origen: 30 | Status origen: 1,,2025-10-15 19:44:32,,,,0,0,1780,[],,0
371,branch:default,5,EFECTIVO,MENUDEO,894,0,894,CEN COMER,Usuario origen: ALONDRA2025 | Liquidado origen: 1 | Credito abonado origen: 894 | Fecha limite origen: 2025-10-30 | Dias restantes origen: 15 | Status origen: 1,,2025-10-15 20:19:58,,,,0,0,894,[],,0
372,branch:default,2,EFECTIVO,MENUDEO,49,0,49,JESUS MARIA,Usuario origen: ALONDRA2025 | Liquidado origen: 1 | Credito abonado origen: 49 | Dias restantes origen: 0 | Status origen: 1,,2025-10-15 20:25:26,,,,0,0,49,[],,0
373,branch:default,2,EFECTIVO,MENUDEO,14,0,14,JESUS MARIA,Usuario origen: ALONDRA2025 | Liquidado origen: 1 | Credito abonado origen: 14 | Dias restantes origen: 0 | Status origen: 1,,2025-10-15 21:39:08,,,,0,0,14,[],,0
374,branch:default,8,EFECTIVO,MENUDEO,1720,0,1720,JESUS MARIA,Usuario origen: ALONDRA2025 | Liquidado origen: 1 | Credito abonado origen: 1720 | Dias restantes origen: 0 | Status origen: 1,,2025-10-15 22:24:09,,,,0,0,1720,[],,0
375,branch:default,26,EFECTIVO,MENUDEO,125,0,125,EL CHARRO,Usuario origen: ALONDRA2025 | Liquidado origen: 1 | Credito abonado origen: 125 | Fecha limite origen: 2025-11-15 | Dias restantes origen: 30 | Status origen: 1,,2025-10-16 13:11:11,,,,0,0,125,[],,0
376,branch:default,26,EFECTIVO,MENUDEO,103,0,103,EL CHARRO,Usuario origen: ALONDRA2025 | Liquidado origen: 1 | Credito abonado origen: 103 | Fecha limite origen: 2025-11-15 | Dias restantes origen: 30 | Status origen: 1,,2025-10-16 13:14:41,,,,0,0,103,[],,0
377,branch:default,30,EFECTIVO,MENUDEO,1780,0,1780,JESUS MARIA,Usuario origen: ALONDRA2025 | Liquidado origen: 1 | Credito abonado origen: 1780 | Fecha limite origen: 2025-11-15 | Dias restantes origen: 30 | Status origen: 1,,2025-10-16 14:22:32,,,,0,0,1780,[],,0
378,branch:default,2,EFECTIVO,MENUDEO,74,0,74,JESUS MARIA,Usuario origen: ALONDRA2025 | Liquidado origen: 1 | Credito abonado origen: 74 | Dias restantes origen: 0 | Status origen: 1,,2025-10-16 14:36:13,,,,0,0,74,[],,0
379,branch:default,5,EFECTIVO,MENUDEO,8821,0,8821,CEN COMER,Usuario origen: ALONDRA2025 | Liquidado origen: 1 | Credito abonado origen: 8821 | Fecha limite origen: 2025-10-31 | Dias restantes origen: 15 | Status origen: 1,,2025-10-16 15:53:44,,,,0,0,8821,[],,0
380,branch:default,7,CREDITO,MENUDEO,148,0,148,LAS CANOAS,Usuario origen: ALONDRA2025 | Liquidado origen: 0 | Credito abonado origen: 0 | Fecha limite origen: 2025-11-15 | Dias restantes origen: 30 | Status origen: 0,,2025-10-16 16:14:40,,,,0,148,0,[],,0
381,branch:default,21,EFECTIVO,MENUDEO,1062,0,1062,JESUS MARIA,Usuario origen: ALONDRA2025 | Liquidado origen: 1 | Credito abonado origen: 1062 | Fecha limite origen: 2025-10-31 | Dias restantes origen: 15 | Status origen: 1,,2025-10-16 17:36:49,,,,0,0,1062,[],,0
382,branch:default,2,EFECTIVO,MENUDEO,16.5,0,16.5,JESUS MARIA,Usuario origen: ALONDRA2025 | Liquidado origen: 1 | Credito abonado origen: 16.5 | Dias restantes origen: 0 | Status origen: 1,,2025-10-16 17:46:42,,,,0,0,16.5,[],,0
383,branch:default,7,EFECTIVO,MENUDEO,10,0,10,JESUS MARIA,Usuario origen: ALONDRA2025 | Liquidado origen: 1 | Credito abonado origen: 10 | Fecha limite origen: 2025-11-15 | Dias restantes origen: 30 | Status origen: 1,,2025-10-16 19:13:54,,,,0,0,10,[],,0
384,branch:default,7,EFECTIVO,MENUDEO,123,0,123,JESUS MARIA,Usuario origen: ALONDRA2025 | Liquidado origen: 1 | Credito abonado origen: 123 | Fecha limite origen: 2025-11-15 | Dias restantes origen: 30 | Status origen: 1,,2025-10-16 19:18:38,,,,0,0,123,[],,0
385,branch:default,2,EFECTIVO,MENUDEO,22,0,22,JESUS MARIA,Usuario origen: ALONDRA2025 | Liquidado origen: 1 | Credito abonado origen: 22 | Fecha limite origen: 2025-10-16 | Dias restantes origen: 0 | Status origen: 1,,2025-10-16 21:10:04,,,,0,0,22,[],,0
386,branch:default,2,EFECTIVO,MENUDEO,22,0,22,JESUS MARIA,Usuario origen: ALONDRA2025 | Liquidado origen: 1 | Credito abonado origen: 22 | Dias restantes origen: 0 | Status origen: 1,,2025-10-16 21:58:02,,,,0,0,22,[],,0
387,branch:default,2,EFECTIVO,MENUDEO,300,0,300,JESUS MARIA,Usuario origen: ALONDRA2025 | Liquidado origen: 1 | Credito abonado origen: 300 | Dias restantes origen: 0 | Status origen: 1,,2025-10-17 14:48:06,,,,0,0,300,[],,0
388,branch:default,30,EFECTIVO,MENUDEO,2360,0,2360,JESUS MARIA,Usuario origen: ALONDRA2025 | Liquidado origen: 1 | Credito abonado origen: 2360 | Fecha limite origen: 2025-11-16 | Dias restantes origen: 30 | Status origen: 1,,2025-10-17 15:44:23,,,,0,0,2360,[],,0
389,branch:default,8,EFECTIVO,MENUDEO,1731,0,1731,JESUS MARIA,Usuario origen: ALONDRA2025 | Liquidado origen: 1 | Credito abonado origen: 1731 | Fecha limite origen: 2025-11-01 | Dias restantes origen: 15 | Status origen: 1,,2025-10-17 16:28:24,,,,0,0,1731,[],,0
390,branch:default,22,EFECTIVO,MENUDEO,197,0,197,JESUS MARIA,Usuario origen: ALONDRA2025 | Liquidado origen: 1 | Credito abonado origen: 197 | Fecha limite origen: 2025-11-01 | Dias restantes origen: 15 | Status origen: 1,,2025-10-17 19:22:43,,,,0,0,197,[],,0
391,branch:default,5,EFECTIVO,MENUDEO,5335,0,5335,CEN COMER,Usuario origen: ALONDRA2025 | Liquidado origen: 1 | Credito abonado origen: 5335 | Fecha limite origen: 2025-11-01 | Dias restantes origen: 15 | Status origen: 1,,2025-10-17 20:11:18,,,,0,0,5335,[],,0
392,branch:default,12,EFECTIVO,MENUDEO,1840,0,1840,JESUS MARIA,Usuario origen: ALONDRA2025 | Liquidado origen: 1 | Credito abonado origen: 1840 | Fecha limite origen: 2025-11-16 | Dias restantes origen: 30 | Status origen: 1,,2025-10-17 20:28:42,,,,0,0,1840,[],,0
393,branch:default,22,EFECTIVO,MENUDEO,8,0,8,JESUS MARIA,Usuario origen: ALONDRA2025 | Liquidado origen: 1 | Credito abonado origen: 8 | Dias restantes origen: 0 | Status origen: 1,,2025-10-17 21:26:24,,,,0,0,8,[],,0
394,branch:default,2,EFECTIVO,MENUDEO,4700,0,4700,JESUS MARIA,Usuario origen: ALONDRA2025 | Liquidado origen: 1 | Credito abonado origen: 4700 | Dias restantes origen: 0 | Status origen: 1,,2025-10-17 21:57:57,,,,0,0,4700,[],,0
395,branch:default,2,EFECTIVO,MENUDEO,103,0,103,JESUS MARIA,Usuario origen: ALONDRA2025 | Liquidado origen: 1 | Credito abonado origen: 103 | Dias restantes origen: 0 | Status origen: 1,,2025-10-17 22:09:56,,,,0,0,103,[],,0
396,branch:default,5,EFECTIVO,MENUDEO,3360,0,3360,CEN COMER,Usuario origen: ALONDRA2025 | Liquidado origen: 1 | Credito abonado origen: 3360 | Fecha limite origen: 2025-11-02 | Dias restantes origen: 15 | Status origen: 1,,2025-10-18 14:11:12,,,,0,0,3360,[],,0
397,branch:default,5,EFECTIVO,MENUDEO,4702,0,4702,CEN COMER,Usuario origen: ALONDRA2025 | Liquidado origen: 1 | Credito abonado origen: 4702 | Fecha limite origen: 2025-11-02 | Dias restantes origen: 15 | Status origen: 1,,2025-10-18 14:23:51,,,,0,0,4702,[],,0
398,branch:default,8,EFECTIVO,MENUDEO,20,0,20,JESUS MARIA,Usuario origen: ALONDRA2025 | Liquidado origen: 1 | Credito abonado origen: 20 | Dias restantes origen: 0 | Status origen: 1,,2025-10-18 16:25:13,,,,0,0,20,[],,0
399,branch:default,2,EFECTIVO,MENUDEO,475,0,475,JESUS MARIA,Usuario origen: ALONDRA2025 | Liquidado origen: 1 | Credito abonado origen: 475 | Dias restantes origen: 0 | Status origen: 1,,2025-10-18 19:12:52,,,,0,0,475,[],,0
400,branch:default,2,EFECTIVO,MENUDEO,382,0,382,JESUS MARIA,Usuario origen: ALONDRA2025 | Liquidado origen: 1 | Credito abonado origen: 382 | Dias restantes origen: 0 | Status origen: 1,,2025-10-20 15:32:20,,,,0,0,382,[],,0
401,branch:default,12,EFECTIVO,MENUDEO,1150,0,1150,SAN RAFAEL,Usuario origen: ALONDRA2025 | Liquidado origen: 1 | Credito abonado origen: 1150 | Fecha limite origen: 2025-11-19 | Dias restantes origen: 30 | Status origen: 1,,2025-10-20 15:49:37,,,,0,0,1150,[],,0
402,branch:default,28,EFECTIVO,MENUDEO,9200,0,9200,JESUS MARIA,Usuario origen: ALONDRA2025 | Liquidado origen: 1 | Credito abonado origen: 9200 | Fecha limite origen: 2025-11-04 | Dias restantes origen: 15 | Status origen: 1,,2025-10-20 15:52:25,,,,0,0,9200,[],,0
403,branch:default,5,EFECTIVO,MENUDEO,5350,0,5350,CEN COMER,Usuario origen: ALONDRA2025 | Liquidado origen: 1 | Credito abonado origen: 5350 | Fecha limite origen: 2025-11-04 | Dias restantes origen: 15 | Status origen: 1,,2025-10-20 16:17:30,,,,0,0,5350,[],,0
404,branch:default,5,EFECTIVO,MENUDEO,62.5,0,62.5,CEN COMER,Usuario origen: ALONDRA2025 | Liquidado origen: 1 | Credito abonado origen: 62.5 | Fecha limite origen: 2025-11-04 | Dias restantes origen: 15 | Status origen: 1,,2025-10-20 16:41:14,,,,0,0,62.5,[],,0
405,branch:default,2,EFECTIVO,MENUDEO,267,0,267,JESUS MARIA,Usuario origen: ALONDRA2025 | Liquidado origen: 1 | Credito abonado origen: 267 | Dias restantes origen: 0 | Status origen: 1,,2025-10-20 16:55:09,,,,0,0,267,[],,0
406,branch:default,33,EFECTIVO,MENUDEO,185,0,185,JESUS MARIA,Usuario origen: ALONDRA2025 | Liquidado origen: 1 | Credito abonado origen: 185 | Fecha limite origen: 2025-11-04 | Dias restantes origen: 15 | Status origen: 1,,2025-10-20 17:59:04,,,,0,0,185,[],,0
407,branch:default,2,EFECTIVO,MENUDEO,100,0,100,JESUS MARIA,Usuario origen: ALONDRA2025 | Liquidado origen: 1 | Credito abonado origen: 100 | Dias restantes origen: 0 | Status origen: 1,,2025-10-20 18:39:53,,,,0,0,100,[],,0
408,branch:default,34,EFECTIVO,MENUDEO,4600,0,4600,JESUS MARIA,Usuario origen: ALONDRA2025 | Liquidado origen: 1 | Credito abonado origen: 4600 | Fecha limite origen: 2025-11-19 | Dias restantes origen: 30 | Status origen: 1,,2025-10-20 20:28:26,,,,0,0,4600,[],,0
409,branch:default,5,EFECTIVO,MENUDEO,4600,0,4600,CEN COMER,Usuario origen: ALONDRA2025 | Liquidado origen: 1 | Credito abonado origen: 4600 | Fecha limite origen: 2025-11-04 | Dias restantes origen: 15 | Status origen: 1,,2025-10-20 20:55:12,,,,0,0,4600,[],,0
410,branch:default,7,EFECTIVO,MENUDEO,678,0,678,JESUS MARIA,Usuario origen: ALONDRA2025 | Liquidado origen: 1 | Credito abonado origen: 678 | Fecha limite origen: 2025-11-19 | Dias restantes origen: 30 | Status origen: 1,,2025-10-20 21:21:29,,,,0,0,678,[],,0
411,branch:default,33,EFECTIVO,MENUDEO,848,0,848,JESUS MARIA,Usuario origen: ALONDRA2025 | Liquidado origen: 1 | Credito abonado origen: 848 | Fecha limite origen: 2025-11-04 | Dias restantes origen: 15 | Status origen: 1,,2025-10-20 21:44:12,,,,0,0,848,[],,0
412,branch:default,3,EFECTIVO,MENUDEO,920,0,920,JESUS MARIA,Usuario origen: ALONDRA2025 | Liquidado origen: 1 | Credito abonado origen: 920 | Fecha limite origen: 2025-11-04 | Dias restantes origen: 15 | Status origen: 1,,2025-10-20 22:37:24,,,,0,0,920,[],,0
413,branch:default,3,EFECTIVO,MENUDEO,7449,0,7449,JESUS MARIA,Usuario origen: ALONDRA2025 | Liquidado origen: 1 | Credito abonado origen: 7449 | Fecha limite origen: 2025-11-05 | Dias restantes origen: 15 | Status origen: 1,,2025-10-21 13:35:17,,,,0,0,7449,[],,0
414,branch:default,3,EFECTIVO,MENUDEO,7410,0,7410,JESUS MARIA,Usuario origen: ALONDRA2025 | Liquidado origen: 1 | Credito abonado origen: 7410 | Fecha limite origen: 2025-11-05 | Dias restantes origen: 15 | Status origen: 1,,2025-10-21 13:49:10,,,,0,0,7410,[],,0
415,branch:default,7,EFECTIVO,MENUDEO,2378,0,2378,JESUS MARIA,Usuario origen: ALONDRA2025 | Liquidado origen: 1 | Credito abonado origen: 2378 | Fecha limite origen: 2025-11-20 | Dias restantes origen: 30 | Status origen: 1,,2025-10-21 14:19:37,,,,0,0,2378,[],,0
416,branch:default,2,EFECTIVO,MENUDEO,1725,0,1725,EL MATADERO,Usuario origen: ALONDRA2025 | Liquidado origen: 1 | Credito abonado origen: 1725 | Fecha limite origen: 2025-10-21 | Dias restantes origen: 0 | Status origen: 1,,2025-10-21 14:43:25,,,,0,0,1725,[],,0
417,branch:default,3,EFECTIVO,MENUDEO,5627.7,0,5627.7,JESUS MARIA,Usuario origen: ALONDRA2025 | Liquidado origen: 1 | Credito abonado origen: 5627.7 | Fecha limite origen: 2025-11-05 | Dias restantes origen: 15 | Status origen: 1,,2025-10-21 15:07:52,,,,0,0,5627.7,[],,0
418,branch:default,12,EFECTIVO,MENUDEO,460,0,460,SAN RAFAEL,Usuario origen: ALONDRA2025 | Liquidado origen: 1 | Credito abonado origen: 460 | Fecha limite origen: 2025-11-20 | Dias restantes origen: 30 | Status origen: 1,,2025-10-21 15:11:39,,,,0,0,460,[],,0
419,branch:default,2,EFECTIVO,MENUDEO,94,0,94,JESUS MARIA,Usuario origen: ALONDRA2025 | Liquidado origen: 1 | Credito abonado origen: 94 | Dias restantes origen: 0 | Status origen: 1,,2025-10-21 15:17:54,,,,0,0,94,[],,0
420,branch:default,5,EFECTIVO,MENUDEO,4600,0,4600,CEN COMER,Usuario origen: ALONDRA2025 | Liquidado origen: 1 | Credito abonado origen: 4600 | Fecha limite origen: 2025-11-05 | Dias restantes origen: 15 | Status origen: 1,,2025-10-21 17:33:17,,,,0,0,4600,[],,0
421,branch:default,12,EFECTIVO,MENUDEO,260,0,260,SAN RAFAEL,Usuario origen: ALONDRA2025 | Liquidado origen: 1 | Credito abonado origen: 260 | Fecha limite origen: 2025-11-20 | Dias restantes origen: 30 | Status origen: 1,,2025-10-21 18:28:24,,,,0,0,260,[],,0
422,branch:default,30,EFECTIVO,MENUDEO,413,0,413,JESUS MARIA,Usuario origen: ALONDRA2025 | Liquidado origen: 1 | Credito abonado origen: 413 | Dias restantes origen: 0 | Status origen: 1,,2025-10-21 19:29:00,,,,0,0,413,[],,0
423,branch:default,8,EFECTIVO,MENUDEO,1080,0,1080,JESUS MARIA,Usuario origen: ALONDRA2025 | Liquidado origen: 1 | Credito abonado origen: 1080 | Dias restantes origen: 0 | Status origen: 1,,2025-10-21 20:12:26,,,,0,0,1080,[],,0
424,branch:default,5,EFECTIVO,MENUDEO,4200,0,4200,CEN COMER,Usuario origen: ALONDRA2025 | Liquidado origen: 1 | Credito abonado origen: 4200 | Fecha limite origen: 2025-11-05 | Dias restantes origen: 15 | Status origen: 1,,2025-10-21 20:17:18,,,,0,0,4200,[],,0
425,branch:default,2,EFECTIVO,MENUDEO,55,0,55,JESUS MARIA,Usuario origen: ALEXA2025 | Liquidado origen: 1 | Credito abonado origen: 55 | Dias restantes origen: 0 | Status origen: 1,,2025-10-21 20:47:37,,,,0,0,55,[],,0
426,branch:default,2,EFECTIVO,MENUDEO,1200,0,1200,EL PANTEON,Usuario origen: ALEXA2025 | Liquidado origen: 1 | Credito abonado origen: 1200 | Dias restantes origen: 0 | Status origen: 1,,2025-10-21 20:58:59,,,,0,0,1200,[],,0
427,branch:default,35,EFECTIVO,MENUDEO,24720,0,24720,JESUS MARIA,Usuario origen: ALONDRA2025 | Liquidado origen: 1 | Credito abonado origen: 24720 | Fecha limite origen: 2025-11-20 | Dias restantes origen: 30 | Status origen: 1,,2025-10-21 21:11:51,,,,0,0,24720,[],,0
428,branch:default,2,EFECTIVO,MENUDEO,118,0,118,JESUS MARIA,Usuario origen: ALONDRA2025 | Liquidado origen: 1 | Credito abonado origen: 118 | Dias restantes origen: 0 | Status origen: 1,,2025-10-21 22:06:35,,,,0,0,118,[],,0
429,branch:default,2,EFECTIVO,MENUDEO,16,0,16,JESUS MARIA,Usuario origen: ALONDRA2025 | Liquidado origen: 1 | Credito abonado origen: 16 | Dias restantes origen: 0 | Status origen: 1,,2025-10-21 23:08:07,,,,0,0,16,[],,0
430,branch:default,8,EFECTIVO,MENUDEO,192,0,192,LAS CANOAS,Usuario origen: ALONDRA2025 | Liquidado origen: 1 | Credito abonado origen: 192 | Fecha limite origen: 2025-11-06 | Dias restantes origen: 15 | Status origen: 1,,2025-10-22 14:04:32,,,,0,0,192,[],,0
431,branch:default,2,EFECTIVO,MENUDEO,81,0,81,JESUS MARIA,Usuario origen: ALONDRA2025 | Liquidado origen: 1 | Credito abonado origen: 81 | Fecha limite origen: 2025-10-22 | Dias restantes origen: 0 | Status origen: 1,,2025-10-22 14:17:50,,,,0,0,81,[],,0
432,branch:default,34,EFECTIVO,MENUDEO,1229,0,1229,ARANDAS,Usuario origen: ALONDRA2025 | Liquidado origen: 1 | Credito abonado origen: 1229 | Fecha limite origen: 2025-11-21 | Dias restantes origen: 30 | Status origen: 1,,2025-10-22 14:27:21,,,,0,0,1229,[],,0
433,branch:default,7,EFECTIVO,MENUDEO,10,0,10,JESUS MARIA,Usuario origen: ALONDRA2025 | Liquidado origen: 1 | Credito abonado origen: 10 | Fecha limite origen: 2025-11-21 | Dias restantes origen: 30 | Status origen: 1,,2025-10-22 14:42:43,,,,0,0,10,[],,0
434,branch:default,2,EFECTIVO,MENUDEO,50,0,50,JESUS MARIA,Usuario origen: ALONDRA2025 | Liquidado origen: 1 | Credito abonado origen: 50 | Fecha limite origen: 2025-10-22 | Dias restantes origen: 0 | Status origen: 1,,2025-10-22 14:45:41,,,,0,0,50,[],,0
435,branch:default,8,EFECTIVO,MENUDEO,104,0,104,JESUS MARIA,Usuario origen: ALONDRA2025 | Liquidado origen: 1 | Credito abonado origen: 104 | Fecha limite origen: 2025-11-06 | Dias restantes origen: 15 | Status origen: 1,,2025-10-22 16:22:19,,,,0,0,104,[],,0
436,branch:default,2,EFECTIVO,MENUDEO,25,0,25,JESUS MARIA,Usuario origen: ALONDRA2025 | Liquidado origen: 1 | Credito abonado origen: 25 | Dias restantes origen: 0 | Status origen: 1,,2025-10-22 18:24:08,,,,0,0,25,[],,0
437,branch:default,8,EFECTIVO,MENUDEO,13800,0,13800,LAS LAGUNAS,Usuario origen: ALONDRA2025 | Liquidado origen: 1 | Credito abonado origen: 13800 | Fecha limite origen: 2025-11-06 | Dias restantes origen: 15 | Status origen: 1,,2025-10-22 18:54:15,,,,0,0,13800,[],,0
438,branch:default,29,EFECTIVO,MENUDEO,4150,0,4150,JESUS MARIA,Usuario origen: ALONDRA2025 | Liquidado origen: 1 | Credito abonado origen: 4150 | Fecha limite origen: 2025-11-21 | Dias restantes origen: 30 | Status origen: 1,,2025-10-22 20:48:47,,,,0,0,4150,[],,0
439,branch:default,7,EFECTIVO,MENUDEO,4228,0,4228,LAS CANOAS,Usuario origen: ALONDRA2025 | Liquidado origen: 1 | Credito abonado origen: 4228 | Fecha limite origen: 2025-11-22 | Dias restantes origen: 30 | Status origen: 1,,2025-10-23 17:47:02,,,,0,0,4228,[],,0
440,branch:default,2,EFECTIVO,MENUDEO,3850,0,3850,LOS OJOS DE AGUA,Usuario origen: ALONDRA2025 | Liquidado origen: 1 | Credito abonado origen: 3850 | Dias restantes origen: 0 | Status origen: 1,,2025-10-23 18:59:51,,,,0,0,3850,[],,0
441,branch:default,12,EFECTIVO,MENUDEO,1840,0,1840,SAN RAFAEL,Usuario origen: ALONDRA2025 | Liquidado origen: 1 | Credito abonado origen: 1840 | Fecha limite origen: 2025-11-22 | Dias restantes origen: 30 | Status origen: 1,,2025-10-23 19:14:27,,,,0,0,1840,[],,0
442,branch:default,33,EFECTIVO,MENUDEO,90,0,90,JESUS MARIA,Usuario origen: ALONDRA2025 | Liquidado origen: 1 | Credito abonado origen: 90 | Fecha limite origen: 2025-11-07 | Dias restantes origen: 15 | Status origen: 1,,2025-10-23 20:52:32,,,,0,0,90,[],,0
443,branch:default,5,EFECTIVO,MENUDEO,8800,0,8800,CEN COMER,Usuario origen: ALONDRA2025 | Liquidado origen: 1 | Credito abonado origen: 8800 | Fecha limite origen: 2025-11-07 | Dias restantes origen: 15 | Status origen: 1,,2025-10-23 22:07:58,,,,0,0,8800,[],,0
444,branch:default,2,EFECTIVO,MENUDEO,241,0,241,JESUS MARIA,Usuario origen: ALONDRA2025 | Liquidado origen: 1 | Credito abonado origen: 241 | Dias restantes origen: 0 | Status origen: 1,,2025-10-23 22:46:55,,,,0,0,241,[],,0
445,branch:default,13,EFECTIVO,MENUDEO,4700,0,4700,JESUS MARIA,Usuario origen: ALONDRA2025 | Liquidado origen: 1 | Credito abonado origen: 4700 | Fecha limite origen: 2025-11-08 | Dias restantes origen: 15 | Status origen: 1,,2025-10-24 14:57:08,,,,0,0,4700,[],,0
446,branch:default,8,EFECTIVO,MENUDEO,1440,0,1440,JESUS MARIA,Usuario origen: ALONDRA2025 | Liquidado origen: 1 | Credito abonado origen: 1440 | Fecha limite origen: 2025-11-08 | Dias restantes origen: 15 | Status origen: 1,,2025-10-24 14:59:00,,,,0,0,1440,[],,0
447,branch:default,7,EFECTIVO,MENUDEO,96,0,96,JESUS MARIA,Usuario origen: ALONDRA2025 | Liquidado origen: 1 | Credito abonado origen: 96 | Fecha limite origen: 2025-11-23 | Dias restantes origen: 30 | Status origen: 1,,2025-10-24 16:19:21,,,,0,0,96,[],,0
448,branch:default,2,EFECTIVO,MENUDEO,545,0,545,JESUS MARIA,Usuario origen: ALONDRA2025 | Liquidado origen: 1 | Credito abonado origen: 545 | Dias restantes origen: 0 | Status origen: 1,,2025-10-24 17:33:51,,,,0,0,545,[],,0
449,branch:default,35,EFECTIVO,MENUDEO,1939,0,1939,JESUS MARIA,Usuario origen: ALONDRA2025 | Liquidado origen: 1 | Credito abonado origen: 1939 | Fecha limite origen: 2025-11-23 | Dias restantes origen: 30 | Status origen: 1,,2025-10-24 18:13:49,,,,0,0,1939,[],,0
450,branch:default,2,EFECTIVO,MENUDEO,30,0,30,JESUS MARIA,Usuario origen: ALONDRA2025 | Liquidado origen: 1 | Credito abonado origen: 30 | Dias restantes origen: 0 | Status origen: 1,,2025-10-24 18:17:58,,,,0,0,30,[],,0
451,branch:default,12,EFECTIVO,MENUDEO,1610,0,1610,JESUS MARIA,Usuario origen: ALONDRA2025 | Liquidado origen: 1 | Credito abonado origen: 1610 | Fecha limite origen: 2025-11-23 | Dias restantes origen: 30 | Status origen: 1,,2025-10-24 18:47:10,,,,0,0,1610,[],,0
452,branch:default,28,EFECTIVO,MENUDEO,9200,0,9200,LAS POMEZ,Usuario origen: ALONDRA2025 | Liquidado origen: 1 | Credito abonado origen: 9200 | Fecha limite origen: 2025-11-08 | Dias restantes origen: 15 | Status origen: 1,,2025-10-24 20:58:55,,,,0,0,9200,[],,0
453,branch:default,3,EFECTIVO,MENUDEO,16000,0,16000,VIAJE PARA LA CONCRETERA,Usuario origen: ALEXA2025 | Liquidado origen: 1 | Credito abonado origen: 16000 | Fecha limite origen: 2025-11-08 | Dias restantes origen: 15 | Status origen: 1,,2025-10-24 22:06:00,,,,0,0,16000,[],,0
454,branch:default,2,EFECTIVO,MENUDEO,90,0,90,JESUS MARIA,Usuario origen: ALONDRA2025 | Liquidado origen: 1 | Credito abonado origen: 90 | Dias restantes origen: 0 | Status origen: 1,,2025-10-24 23:28:00,,,,0,0,90,[],,0
455,branch:default,35,EFECTIVO,MENUDEO,1800,0,1800,JESUS MARIA,Usuario origen: ALONDRA2025 | Liquidado origen: 1 | Credito abonado origen: 1800 | Fecha limite origen: 2025-11-24 | Dias restantes origen: 30 | Status origen: 1,,2025-10-25 13:21:05,,,,0,0,1800,[],,0
456,branch:default,6,EFECTIVO,MENUDEO,4700,0,4700,JESUS MARIA,Usuario origen: ALONDRA2025 | Liquidado origen: 1 | Credito abonado origen: 4700 | Dias restantes origen: 0 | Status origen: 1,,2025-10-25 13:48:20,,,,0,0,4700,[],,0
457,branch:default,5,EFECTIVO,MENUDEO,12000,0,12000,CEN COMER,Usuario origen: ALONDRA2025 | Liquidado origen: 1 | Credito abonado origen: 12000 | Fecha limite origen: 2025-11-09 | Dias restantes origen: 15 | Status origen: 1,,2025-10-25 15:13:35,,,,0,0,12000,[],,0
458,branch:default,30,EFECTIVO,MENUDEO,1064,0,1064,JESUS MARIA,Usuario origen: ALONDRA2025 | Liquidado origen: 1 | Credito abonado origen: 1064 | Fecha limite origen: 2025-11-24 | Dias restantes origen: 30 | Status origen: 1,,2025-10-25 15:57:13,,,,0,0,1064,[],,0
459,branch:default,8,EFECTIVO,MENUDEO,1455,0,1455,JESUS MARIA,Usuario origen: ALONDRA2025 | Liquidado origen: 1 | Credito abonado origen: 1455 | Dias restantes origen: 0 | Status origen: 1,,2025-10-25 17:08:31,,,,0,0,1455,[],,0
460,branch:default,18,EFECTIVO,MENUDEO,2500,0,2500,JESUS MARIA,Usuario origen: ALONDRA2025 | Liquidado origen: 1 | Credito abonado origen: 2500 | Fecha limite origen: 2025-11-09 | Dias restantes origen: 15 | Status origen: 1,,2025-10-25 17:37:24,,,,0,0,2500,[],,0
461,branch:default,30,EFECTIVO,MENUDEO,2562.5,0,2562.5,JESUS MARIA,Usuario origen: ALONDRA2025 | Liquidado origen: 1 | Credito abonado origen: 2562.5 | Dias restantes origen: 0 | Status origen: 1,,2025-10-27 14:04:33,,,,0,0,2562.5,[],,0
462,branch:default,35,EFECTIVO,MENUDEO,4700,0,4700,JESUS MARIA,Usuario origen: ALONDRA2025 | Liquidado origen: 1 | Credito abonado origen: 4700 | Fecha limite origen: 2025-11-26 | Dias restantes origen: 30 | Status origen: 1,,2025-10-27 14:10:47,,,,0,0,4700,[],,0
463,branch:default,3,EFECTIVO,MENUDEO,168,0,168,JESUS MARIA,Usuario origen: ALONDRA2025 | Liquidado origen: 1 | Credito abonado origen: 168 | Fecha limite origen: 2025-11-11 | Dias restantes origen: 15 | Status origen: 1,,2025-10-27 14:15:05,,,,0,0,168,[],,0
464,branch:default,36,EFECTIVO,MENUDEO,1000,0,1000,FRACCIONAMIENTO SANTA FE,Usuario origen: ALONDRA2025 | Liquidado origen: 1 | Credito abonado origen: 1000 | Fecha limite origen: 2025-11-11 | Dias restantes origen: 15 | Status origen: 1,,2025-10-27 14:52:31,,,,0,0,1000,[],,0
465,branch:default,37,EFECTIVO,MENUDEO,1800,0,1800,LAS LAGUNAS,Usuario origen: ALONDRA2025 | Liquidado origen: 1 | Credito abonado origen: 1800 | Fecha limite origen: 2025-11-11 | Dias restantes origen: 15 | Status origen: 1,,2025-10-27 14:59:06,,,,0,0,1800,[],,0
466,branch:default,6,EFECTIVO,MENUDEO,2754,0,2754,JESUS MARIA,Usuario origen: ALONDRA2025 | Liquidado origen: 1 | Credito abonado origen: 2754 | Fecha limite origen: 2025-10-27 | Dias restantes origen: 0 | Status origen: 1,,2025-10-27 15:07:25,,,,0,0,2754,[],,0
467,branch:default,9,EFECTIVO,MENUDEO,1372,0,1372,EL ROBLE,Usuario origen: ALONDRA2025 | Liquidado origen: 1 | Credito abonado origen: 1372 | Fecha limite origen: 2025-11-11 | Dias restantes origen: 15 | Status origen: 1,,2025-10-27 16:05:00,,,,0,0,1372,[],,0
468,branch:default,2,EFECTIVO,MENUDEO,73,0,73,JESUS MARIA,Usuario origen: ALONDRA2025 | Liquidado origen: 1 | Credito abonado origen: 73 | Dias restantes origen: 0 | Status origen: 1,,2025-10-27 16:29:49,,,,0,0,73,[],,0
469,branch:default,3,EFECTIVO,MENUDEO,2070,0,2070,JESUS MARIA,Usuario origen: ALONDRA2025 | Liquidado origen: 1 | Credito abonado origen: 2070 | Fecha limite origen: 2025-11-11 | Dias restantes origen: 15 | Status origen: 1,,2025-10-27 18:19:50,,,,0,0,2070,[],,0
470,branch:default,16,CREDITO,MENUDEO,15,0,15,JESUS MARIA,Usuario origen: ALONDRA2025 | Liquidado origen: 0 | Credito abonado origen: 0 | Fecha limite origen: 2025-11-26 | Dias restantes origen: 30 | Status origen: 1,,2025-10-27 18:25:50,,,,0,15,0,[],,0
471,branch:default,12,EFECTIVO,MENUDEO,1380,0,1380,JESUS MARIA,Usuario origen: ALONDRA2025 | Liquidado origen: 1 | Credito abonado origen: 1380 | Fecha limite origen: 2025-11-26 | Dias restantes origen: 30 | Status origen: 1,,2025-10-27 18:48:01,,,,0,0,1380,[],,0
472,branch:default,8,EFECTIVO,MENUDEO,104,0,104,JESUS MARIA,Usuario origen: ALONDRA2025 | Liquidado origen: 1 | Credito abonado origen: 104 | Fecha limite origen: 2025-11-11 | Dias restantes origen: 15 | Status origen: 1,,2025-10-27 18:54:54,,,,0,0,104,[],,0
473,branch:default,7,EFECTIVO,MENUDEO,127,0,127,JESUS MARIA,Usuario origen: ALONDRA2025 | Liquidado origen: 1 | Credito abonado origen: 127 | Fecha limite origen: 2025-11-26 | Dias restantes origen: 30 | Status origen: 1,,2025-10-27 18:55:23,,,,0,0,127,[],,0
474,branch:default,38,EFECTIVO,MENUDEO,8440,0,8440,TIERRAS COLORADAS,Usuario origen: ALONDRA2025 | Liquidado origen: 1 | Credito abonado origen: 8440 | Fecha limite origen: 2025-11-26 | Dias restantes origen: 30 | Status origen: 1,,2025-10-27 19:22:35,,,,0,0,8440,[],,0
475,branch:default,8,EFECTIVO,MENUDEO,121,0,121,JESUS MARIA,Usuario origen: ALONDRA2025 | Liquidado origen: 1 | Credito abonado origen: 121 | Fecha limite origen: 2025-11-11 | Dias restantes origen: 15 | Status origen: 1,,2025-10-27 20:44:14,,,,0,0,121,[],,0
476,branch:default,38,EFECTIVO,MENUDEO,1180,0,1180,TIERRAS COLORADAS,Usuario origen: ALONDRA2025 | Liquidado origen: 1 | Credito abonado origen: 1180 | Fecha limite origen: 2025-11-26 | Dias restantes origen: 30 | Status origen: 1,,2025-10-27 20:46:11,,,,0,0,1180,[],,0
477,branch:default,30,EFECTIVO,MENUDEO,79,0,79,JESUS MARIA,Usuario origen: ALONDRA2025 | Liquidado origen: 1 | Credito abonado origen: 79 | Fecha limite origen: 2025-11-26 | Dias restantes origen: 30 | Status origen: 1,,2025-10-27 22:17:32,,,,0,0,79,[],,0
478,branch:default,19,EFECTIVO,MENUDEO,7144,0,7144,JESUS MARIA,Usuario origen: ALONDRA2025 | Liquidado origen: 1 | Credito abonado origen: 7144 | Fecha limite origen: 2025-11-12 | Dias restantes origen: 15 | Status origen: 1,,2025-10-28 15:07:38,,,,0,0,7144,[],,0
479,branch:default,35,EFECTIVO,MENUDEO,1524,0,1524,JESUS MARIA,Usuario origen: ALONDRA2025 | Liquidado origen: 1 | Credito abonado origen: 1524 | Fecha limite origen: 2025-11-27 | Dias restantes origen: 30 | Status origen: 1,,2025-10-28 17:31:13,,,,0,0,1524,[],,0
480,branch:default,8,EFECTIVO,MENUDEO,100,0,100,JESUS MARIA,Usuario origen: ALONDRA2025 | Liquidado origen: 1 | Credito abonado origen: 100 | Fecha limite origen: 2025-11-12 | Dias restantes origen: 15 | Status origen: 1,,2025-10-28 20:47:31,,,,0,0,100,[],,0
481,branch:default,2,EFECTIVO,MENUDEO,80,0,80,JESUS MARIA,Usuario origen: ALONDRA2025 | Liquidado origen: 1 | Credito abonado origen: 80 | Dias restantes origen: 0 | Status origen: 1,,2025-10-28 22:13:21,,,,0,0,80,[],,0
482,branch:default,7,EFECTIVO,MENUDEO,4700,0,4700,JESUS MARIA,Usuario origen: ALONDRA2025 | Liquidado origen: 1 | Credito abonado origen: 4700 | Fecha limite origen: 2025-11-28 | Dias restantes origen: 30 | Status origen: 1,,2025-10-29 14:32:50,,,,0,0,4700,[],,0
483,branch:default,3,EFECTIVO,MENUDEO,1077,0,1077,JESUS MARIA,Usuario origen: ALONDRA2025 | Liquidado origen: 1 | Credito abonado origen: 1077 | Fecha limite origen: 2025-11-13 | Dias restantes origen: 15 | Status origen: 1,,2025-10-29 15:46:40,,,,0,0,1077,[],,0
484,branch:default,18,EFECTIVO,MENUDEO,8400,0,8400,JESUS MARIA,Usuario origen: ALONDRA2025 | Liquidado origen: 1 | Credito abonado origen: 8400 | Fecha limite origen: 2025-11-13 | Dias restantes origen: 15 | Status origen: 1,,2025-10-29 17:04:47,,,,0,0,8400,[],,0
485,branch:default,3,EFECTIVO,MAYOREO,1393,0,1393,JESUS MARIA,Usuario origen: ALONDRA2025 | Liquidado origen: 1 | Credito abonado origen: 1393 | Fecha limite origen: 2025-11-13 | Dias restantes origen: 15 | Status origen: 1,,2025-10-29 17:51:58,,,,0,0,1393,[],,0
486,branch:default,8,EFECTIVO,MENUDEO,100,0,100,JESUS MARIA,Usuario origen: ALONDRA2025 | Liquidado origen: 1 | Credito abonado origen: 100 | Fecha limite origen: 2025-11-13 | Dias restantes origen: 15 | Status origen: 1,,2025-10-29 18:10:32,,,,0,0,100,[],,0
487,branch:default,30,EFECTIVO,MENUDEO,1180,0,1180,JESUS MARIA,Usuario origen: ALONDRA2025 | Liquidado origen: 1 | Credito abonado origen: 1180 | Fecha limite origen: 2025-11-28 | Dias restantes origen: 30 | Status origen: 1,,2025-10-29 19:57:34,,,,0,0,1180,[],,0
488,branch:default,3,EFECTIVO,MENUDEO,197,0,197,JESUS MARIA,Usuario origen: ALONDRA2025 | Liquidado origen: 1 | Credito abonado origen: 197 | Fecha limite origen: 2025-11-14 | Dias restantes origen: 15 | Status origen: 1,,2025-10-30 14:06:15,,,,0,0,197,[],,0
489,branch:default,5,EFECTIVO,MENUDEO,9580,0,9580,CEN COMER,Usuario origen: ALONDRA2025 | Liquidado origen: 1 | Credito abonado origen: 9580 | Fecha limite origen: 2025-11-14 | Dias restantes origen: 15 | Status origen: 1,,2025-10-30 14:22:04,,,,0,0,9580,[],,0
490,branch:default,2,EFECTIVO,MENUDEO,30,0,30,JESUS MARIA,Usuario origen: ALONDRA2025 | Liquidado origen: 1 | Credito abonado origen: 30 | Dias restantes origen: 0 | Status origen: 1,,2025-10-30 15:35:57,,,,0,0,30,[],,0
491,branch:default,2,EFECTIVO,MENUDEO,90,0,90,JESUS MARIA,Usuario origen: ALONDRA2025 | Liquidado origen: 1 | Credito abonado origen: 90 | Dias restantes origen: 0 | Status origen: 1,,2025-10-30 15:39:43,,,,0,0,90,[],,0
492,branch:default,2,EFECTIVO,MENUDEO,26,0,26,JESUS MARIA,Usuario origen: ALONDRA2025 | Liquidado origen: 1 | Credito abonado origen: 26 | Dias restantes origen: 0 | Status origen: 1,,2025-10-30 17:45:41,,,,0,0,26,[],,0
493,branch:default,28,EFECTIVO,MENUDEO,9200,0,9200,JESUS MARIA,Usuario origen: ALONDRA2025 | Liquidado origen: 1 | Credito abonado origen: 9200 | Fecha limite origen: 2025-11-14 | Dias restantes origen: 15 | Status origen: 1,,2025-10-30 18:32:07,,,,0,0,9200,[],,0
494,branch:default,35,EFECTIVO,MENUDEO,3718,0,3718,JESUS MARIA,Usuario origen: ALONDRA2025 | Liquidado origen: 1 | Credito abonado origen: 3718 | Fecha limite origen: 2025-11-29 | Dias restantes origen: 30 | Status origen: 1,,2025-10-30 18:41:29,,,,0,0,3718,[],,0
495,branch:default,6,EFECTIVO,MENUDEO,1427,0,1427,JESUS MARIA,Usuario origen: ALONDRA2025 | Liquidado origen: 1 | Credito abonado origen: 1427 | Fecha limite origen: 2025-10-30 | Dias restantes origen: 0 | Status origen: 1,,2025-10-30 20:26:46,,,,0,0,1427,[],,0
496,branch:default,31,EFECTIVO,MENUDEO,4700,0,4700,JESUS MARIA,Usuario origen: ALONDRA2025 | Liquidado origen: 1 | Credito abonado origen: 4700 | Fecha limite origen: 2025-11-14 | Dias restantes origen: 15 | Status origen: 1,,2025-10-30 21:21:18,,,,0,0,4700,[],,0
497,branch:default,3,EFECTIVO,MENUDEO,7144,0,7144,JESUS MARIA,Usuario origen: ALONDRA2025 | Liquidado origen: 1 | Credito abonado origen: 7144 | Fecha limite origen: 2025-11-14 | Dias restantes origen: 15 | Status origen: 1,,2025-10-30 23:08:48,,,,0,0,7144,[],,0
498,branch:default,3,EFECTIVO,MENUDEO,7449,0,7449,JESUS MARIA,Usuario origen: ALONDRA2025 | Liquidado origen: 1 | Credito abonado origen: 7449 | Fecha limite origen: 2025-11-14 | Dias restantes origen: 15 | Status origen: 1,,2025-10-30 23:10:42,,,,0,0,7449,[],,0
499,branch:default,30,EFECTIVO,MENUDEO,825,0,825,JESUS MARIA,Usuario origen: ALONDRA2025 | Liquidado origen: 1 | Credito abonado origen: 825 | Fecha limite origen: 2025-11-30 | Dias restantes origen: 30 | Status origen: 1,,2025-10-31 14:18:32,,,,0,0,825,[],,0
500,branch:default,2,EFECTIVO,MENUDEO,49,0,49,JESUS MARIA,Usuario origen: ALONDRA2025 | Liquidado origen: 1 | Credito abonado origen: 49 | Dias restantes origen: 0 | Status origen: 1,,2025-10-31 15:17:40,,,,0,0,49,[],,0
501,branch:default,7,EFECTIVO,MENUDEO,1914,0,1914,LAS CANOAS,Usuario origen: ALONDRA2025 | Liquidado origen: 1 | Credito abonado origen: 1914 | Fecha limite origen: 2025-11-30 | Dias restantes origen: 30 | Status origen: 1,,2025-10-31 16:07:52,,,,0,0,1914,[],,0
502,branch:default,35,EFECTIVO,MENUDEO,4847,0,4847,JESUS MARIA,Usuario origen: ALONDRA2025 | Liquidado origen: 1 | Credito abonado origen: 4847 | Fecha limite origen: 2025-11-30 | Dias restantes origen: 30 | Status origen: 1,,2025-10-31 17:08:35,,,,0,0,4847,[],,0
503,branch:default,7,EFECTIVO,MENUDEO,127,0,127,JESUS MARIA,Usuario origen: ALONDRA2025 | Liquidado origen: 1 | Credito abonado origen: 127 | Fecha limite origen: 2025-11-30 | Dias restantes origen: 30 | Status origen: 1,,2025-10-31 18:01:31,,,,0,0,127,[],,0
504,branch:default,2,EFECTIVO,MENUDEO,8400,0,8400,JESUS MARIA,Usuario origen: ALONDRA2025 | Liquidado origen: 1 | Credito abonado origen: 8400 | Dias restantes origen: 0 | Status origen: 1,,2025-10-31 18:13:25,,,,0,0,8400,[],,0
505,branch:default,3,EFECTIVO,MENUDEO,16000,0,16000,VIAJE PARA LA CONCRETERA,Usuario origen: ALEXA2025 | Liquidado origen: 1 | Credito abonado origen: 16000 | Fecha limite origen: 2025-11-15 | Dias restantes origen: 15 | Status origen: 1,,2025-10-31 19:24:02,,,,0,0,16000,[],,0
506,branch:default,3,EFECTIVO,MENUDEO,15000,0,15000,VIAJE PARA LA CONCRETERA,Usuario origen: ALEXA2025 | Liquidado origen: 1 | Credito abonado origen: 15000 | Fecha limite origen: 2025-11-15 | Dias restantes origen: 15 | Status origen: 1,,2025-10-31 19:26:52,,,,0,0,15000,[],,0
507,branch:default,2,EFECTIVO,MENUDEO,66,0,66,JESUS MARIA,Usuario origen: ALONDRA2025 | Liquidado origen: 1 | Credito abonado origen: 66 | Dias restantes origen: 0 | Status origen: 1,,2025-11-01 13:58:45,,,,0,0,66,[],,0
508,branch:default,6,EFECTIVO,MENUDEO,381,0,381,JESUS MARIA,Usuario origen: ALONDRA2025 | Liquidado origen: 1 | Credito abonado origen: 381 | Fecha limite origen: 2025-11-01 | Dias restantes origen: 0 | Status origen: 1,,2025-11-01 14:44:48,,,,0,0,381,[],,0
509,branch:default,2,EFECTIVO,MENUDEO,104,0,104,JESUS MARIA,Usuario origen: ALONDRA2025 | Liquidado origen: 1 | Credito abonado origen: 104 | Dias restantes origen: 0 | Status origen: 1,,2025-11-01 15:16:00,,,,0,0,104,[],,0
510,branch:default,3,EFECTIVO,MENUDEO,15000,0,15000,VIAJE PARA LA CONCRETERA,Usuario origen: ALEXA2025 | Liquidado origen: 1 | Credito abonado origen: 15000 | Fecha limite origen: 2025-11-16 | Dias restantes origen: 15 | Status origen: 1,,2025-11-01 15:28:17,,,,0,0,15000,[],,0
511,branch:default,34,EFECTIVO,MENUDEO,8200,0,8200,ARANDAS,Usuario origen: ALONDRA2025 | Liquidado origen: 1 | Credito abonado origen: 8200 | Fecha limite origen: 2025-12-01 | Dias restantes origen: 30 | Status origen: 1,,2025-11-01 15:40:40,,,,0,0,8200,[],,0
512,branch:default,30,EFECTIVO,MENUDEO,85,0,85,JESUS MARIA,Usuario origen: ALONDRA2025 | Liquidado origen: 1 | Credito abonado origen: 85 | Fecha limite origen: 2025-12-01 | Dias restantes origen: 30 | Status origen: 1,,2025-11-01 17:48:15,,,,0,0,85,[],,0
513,branch:default,2,EFECTIVO,MENUDEO,36,0,36,JESUS MARIA,Usuario origen: ALONDRA2025 | Liquidado origen: 1 | Credito abonado origen: 36 | Dias restantes origen: 0 | Status origen: 1,,2025-11-01 18:01:23,,,,0,0,36,[],,0
514,branch:default,5,EFECTIVO,MENUDEO,9785,0,9785,CEN COMER,Usuario origen: ALONDRA2025 | Liquidado origen: 1 | Credito abonado origen: 9785 | Fecha limite origen: 2025-11-18 | Dias restantes origen: 15 | Status origen: 1,,2025-11-03 14:32:43,,,,0,0,9785,[],,0
515,branch:default,8,EFECTIVO,MENUDEO,149,0,149,JESUS MARIA,Usuario origen: ALONDRA2025 | Liquidado origen: 1 | Credito abonado origen: 149 | Dias restantes origen: 0 | Status origen: 1,,2025-11-03 15:25:55,,,,0,0,149,[],,0
516,branch:default,30,EFECTIVO,MENUDEO,1666,0,1666,JESUS MARIA,Usuario origen: ALONDRA2025 | Liquidado origen: 1 | Credito abonado origen: 1666 | Fecha limite origen: 2025-12-03 | Dias restantes origen: 30 | Status origen: 1,,2025-11-03 16:32:49,,,,0,0,1666,[],,0
517,branch:default,39,EFECTIVO,MENUDEO,2045,0,2045,JESUS MARIA,Usuario origen: ALONDRA2025 | Liquidado origen: 1 | Credito abonado origen: 2045 | Fecha limite origen: 2025-12-03 | Dias restantes origen: 30 | Status origen: 1,,2025-11-03 19:55:54,,,,0,0,2045,[],,0
518,branch:default,7,EFECTIVO,MENUDEO,4700,0,4700,LAS CANOAS,Usuario origen: ALONDRA2025 | Liquidado origen: 1 | Credito abonado origen: 4700 | Fecha limite origen: 2025-12-03 | Dias restantes origen: 30 | Status origen: 1,,2025-11-03 21:14:46,,,,0,0,4700,[],,0
519,branch:default,2,EFECTIVO,MENUDEO,22,0,22,JESUS MARIA,Usuario origen: ALONDRA2025 | Liquidado origen: 1 | Credito abonado origen: 22 | Dias restantes origen: 0 | Status origen: 1,,2025-11-04 14:00:17,,,,0,0,22,[],,0
520,branch:default,39,EFECTIVO,MENUDEO,865,0,865,JESUS MARIA,Usuario origen: ALONDRA2025 | Liquidado origen: 1 | Credito abonado origen: 865 | Fecha limite origen: 2025-12-04 | Dias restantes origen: 30 | Status origen: 1,,2025-11-04 14:20:04,,,,0,0,865,[],,0
521,branch:default,19,EFECTIVO,MENUDEO,11400,0,11400,JESUS MARIA,Usuario origen: ALONDRA2025 | Liquidado origen: 1 | Credito abonado origen: 11400 | Fecha limite origen: 2025-11-19 | Dias restantes origen: 15 | Status origen: 1,,2025-11-04 14:28:13,,,,0,0,11400,[],,0
522,branch:default,32,CREDITO,MENUDEO,2800,0,2800,JESUS MARIA,Usuario origen: ALONDRA2025 | Liquidado origen: 0 | Credito abonado origen: 0 | Fecha limite origen: 2025-12-04 | Dias restantes origen: 30 | Status origen: 1,,2025-11-04 15:44:11,,,,0,2800,0,[],,0
523,branch:default,8,EFECTIVO,MENUDEO,13600,0,13600,LAS LAGUNAS,Usuario origen: ALONDRA2025 | Liquidado origen: 1 | Credito abonado origen: 13600 | Fecha limite origen: 2025-11-19 | Dias restantes origen: 15 | Status origen: 1,,2025-11-04 16:02:33,,,,0,0,13600,[],,0
524,branch:default,33,EFECTIVO,MENUDEO,56,0,56,JESUS MARIA,Usuario origen: ALONDRA2025 | Liquidado origen: 1 | Credito abonado origen: 56 | Dias restantes origen: 0 | Status origen: 1,,2025-11-04 16:45:20,,,,0,0,56,[],,0
525,branch:default,2,EFECTIVO,MENUDEO,2820,0,2820,JESUS MARIA,Usuario origen: ALONDRA2025 | Liquidado origen: 1 | Credito abonado origen: 2820 | Fecha limite origen: 2025-11-04 | Dias restantes origen: 0 | Status origen: 1,,2025-11-04 19:03:53,,,,0,0,2820,[],,0
526,branch:default,28,EFECTIVO,MENUDEO,8600,0,8600,LAS POMEZ,Usuario origen: ALONDRA2025 | Liquidado origen: 1 | Credito abonado origen: 8600 | Fecha limite origen: 2025-11-19 | Dias restantes origen: 15 | Status origen: 1,,2025-11-04 19:15:26,,,,0,0,8600,[],,0
527,branch:default,7,EFECTIVO,MENUDEO,4700,0,4700,LAS CANOAS,Usuario origen: ALONDRA2025 | Liquidado origen: 1 | Credito abonado origen: 4700 | Fecha limite origen: 2025-12-04 | Dias restantes origen: 30 | Status origen: 1,,2025-11-04 20:11:40,,,,0,0,4700,[],,0
528,branch:default,2,EFECTIVO,MENUDEO,31,0,31,JESUS MARIA,Usuario origen: ALONDRA2025 | Liquidado origen: 1 | Credito abonado origen: 31 | Dias restantes origen: 0 | Status origen: 1,,2025-11-04 20:20:57,,,,0,0,31,[],,0
529,branch:default,5,EFECTIVO,MENUDEO,4200,0,4200,CEN COMER,Usuario origen: ALONDRA2025 | Liquidado origen: 1 | Credito abonado origen: 4200 | Fecha limite origen: 2025-11-19 | Dias restantes origen: 15 | Status origen: 1,,2025-11-04 20:25:21,,,,0,0,4200,[],,0
530,branch:default,3,EFECTIVO,MENUDEO,15000,0,15000,VIAJE PARA LA CONCRETERA,Usuario origen: ALEXA2025 | Liquidado origen: 1 | Credito abonado origen: 15000 | Fecha limite origen: 2025-11-19 | Dias restantes origen: 15 | Status origen: 1,,2025-11-04 22:27:10,,,,0,0,15000,[],,0
531,branch:default,3,EFECTIVO,MENUDEO,15000,0,15000,VIAJE PARA LA CONCRETERA,Usuario origen: ALEXA2025 | Liquidado origen: 1 | Credito abonado origen: 15000 | Fecha limite origen: 2025-11-19 | Dias restantes origen: 15 | Status origen: 1,,2025-11-04 22:30:07,,,,0,0,15000,[],,0
532,branch:default,18,EFECTIVO,MENUDEO,2500,0,2500,CRUCERO POMEZ,Usuario origen: ALONDRA2025 | Liquidado origen: 1 | Credito abonado origen: 2500 | Fecha limite origen: 2025-11-20 | Dias restantes origen: 15 | Status origen: 1,,2025-11-05 15:07:25,,,,0,0,2500,[],,0
533,branch:default,35,EFECTIVO,MENUDEO,1270,0,1270,JESUS MARIA,Usuario origen: ALONDRA2025 | Liquidado origen: 1 | Credito abonado origen: 1270 | Fecha limite origen: 2025-12-05 | Dias restantes origen: 30 | Status origen: 1,,2025-11-05 15:48:34,,,,0,0,1270,[],,0
534,branch:default,35,EFECTIVO,MENUDEO,2000,0,2000,JESUS MARIA,Usuario origen: ALONDRA2025 | Liquidado origen: 1 | Credito abonado origen: 2000 | Fecha limite origen: 2025-12-05 | Dias restantes origen: 30 | Status origen: 1,,2025-11-05 16:40:39,,,,0,0,2000,[],,0
535,branch:default,6,EFECTIVO,MENUDEO,4700,0,4700,JESUS MARIA,Usuario origen: ALONDRA2025 | Liquidado origen: 1 | Credito abonado origen: 4700 | Fecha limite origen: 2025-11-05 | Dias restantes origen: 0 | Status origen: 1,,2025-11-05 17:17:52,,,,0,0,4700,[],,0
536,branch:default,21,EFECTIVO,MENUDEO,1230,0,1230,JESUS MARIA,Usuario origen: ALONDRA2025 | Liquidado origen: 1 | Credito abonado origen: 1230 | Fecha limite origen: 2025-11-20 | Dias restantes origen: 15 | Status origen: 1,,2025-11-05 18:37:00,,,,0,0,1230,[],,0
537,branch:default,33,EFECTIVO,MENUDEO,517,0,517,JESUS MARIA,Usuario origen: ALONDRA2025 | Liquidado origen: 1 | Credito abonado origen: 517 | Fecha limite origen: 2025-11-20 | Dias restantes origen: 15 | Status origen: 1,,2025-11-05 22:45:18,,,,0,0,517,[],,0
538,branch:default,33,EFECTIVO,MENUDEO,517,0,517,JESUS MARIA,Usuario origen: ALONDRA2025 | Liquidado origen: 1 | Credito abonado origen: 517 | Fecha limite origen: 2025-11-20 | Dias restantes origen: 15 | Status origen: 1,,2025-11-05 22:45:18,,,,0,0,517,[],,0
539,branch:default,7,EFECTIVO,MENUDEO,1350,0,1350,JESUS MARIA,Usuario origen: ALONDRA2025 | Liquidado origen: 1 | Credito abonado origen: 1350 | Fecha limite origen: 2025-12-06 | Dias restantes origen: 30 | Status origen: 1,,2025-11-06 14:06:35,,,,0,0,1350,[],,0
540,branch:default,2,EFECTIVO,MENUDEO,49,0,49,JESUS MARIA,Usuario origen: ALONDRA2025 | Liquidado origen: 1 | Credito abonado origen: 49 | Fecha limite origen: 2025-11-06 | Dias restantes origen: 0 | Status origen: 1,,2025-11-06 15:42:06,,,,0,0,49,[],,0
541,branch:default,8,EFECTIVO,MENUDEO,90,0,90,JESUS MARIA,Usuario origen: ALONDRA2025 | Liquidado origen: 1 | Credito abonado origen: 90 | Fecha limite origen: 2025-11-21 | Dias restantes origen: 15 | Status origen: 1,,2025-11-06 16:52:25,,,,0,0,90,[],,0
542,branch:default,5,EFECTIVO,MENUDEO,4700,0,4700,JESUS MARIA,Usuario origen: ALONDRA2025 | Liquidado origen: 1 | Credito abonado origen: 4700 | Fecha limite origen: 2025-11-21 | Dias restantes origen: 15 | Status origen: 1,,2025-11-06 17:49:49,,,,0,0,4700,[],,0
543,branch:default,22,EFECTIVO,MENUDEO,310,0,310,JESUS MARIA,Usuario origen: ALONDRA2025 | Liquidado origen: 1 | Credito abonado origen: 310 | Fecha limite origen: 2025-11-21 | Dias restantes origen: 15 | Status origen: 1,,2025-11-06 18:26:19,,,,0,0,310,[],,0
544,branch:default,40,EFECTIVO,MENUDEO,1900,0,1900,JESUS MARIA,Usuario origen: ALONDRA2025 | Liquidado origen: 1 | Credito abonado origen: 1900 | Fecha limite origen: 2025-12-06 | Dias restantes origen: 30 | Status origen: 1,,2025-11-06 19:59:06,,,,0,0,1900,[],,0
545,branch:default,41,EFECTIVO,MENUDEO,2800,0,2800,JESUS MARIA,Usuario origen: ALONDRA2025 | Liquidado origen: 1 | Credito abonado origen: 2800 | Fecha limite origen: 2025-12-06 | Dias restantes origen: 30 | Status origen: 1,,2025-11-06 21:15:14,,,,0,0,2800,[],,0
546,branch:default,41,EFECTIVO,MENUDEO,2800,0,2800,JESUS MARIA,Usuario origen: ALONDRA2025 | Liquidado origen: 1 | Credito abonado origen: 2800 | Fecha limite origen: 2025-12-06 | Dias restantes origen: 30 | Status origen: 1,,2025-11-06 21:15:47,,,,0,0,2800,[],,0
547,branch:default,2,EFECTIVO,MENUDEO,60,0,60,JESUS MARIA,Usuario origen: ALONDRA2025 | Liquidado origen: 1 | Credito abonado origen: 60 | Fecha limite origen: 2025-11-06 | Dias restantes origen: 0 | Status origen: 1,,2025-11-06 21:44:30,,,,0,0,60,[],,0
548,branch:default,5,EFECTIVO,MENUDEO,1380,0,1380,CEN COMER,Usuario origen: ALONDRA2025 | Liquidado origen: 1 | Credito abonado origen: 1380 | Fecha limite origen: 2025-11-21 | Dias restantes origen: 15 | Status origen: 1,,2025-11-06 21:47:51,,,,0,0,1380,[],,0
549,branch:default,2,EFECTIVO,MENUDEO,157,0,157,JESUS MARIA,Usuario origen: ALONDRA2025 | Liquidado origen: 1 | Credito abonado origen: 157 | Fecha limite origen: 2025-11-06 | Dias restantes origen: 0 | Status origen: 1,,2025-11-07 03:10:51,,,,0,0,157,[],,0
550,branch:default,3,CREDITO,MENUDEO,9660,0,9660,JESUS MARIA,Usuario origen: ALONDRA2025 | Liquidado origen: 0 | Credito abonado origen: 0 | Fecha limite origen: 2025-11-22 | Dias restantes origen: 15 | Status origen: 1,,2025-11-07 13:17:55,,,,0,9660,0,[],,0
551,branch:default,3,EFECTIVO,MENUDEO,14976,0,14976,JESUS MARIA,Usuario origen: ALONDRA2025 | Liquidado origen: 1 | Credito abonado origen: 14976 | Fecha limite origen: 2025-11-22 | Dias restantes origen: 15 | Status origen: 1,,2025-11-07 13:20:56,,,,0,0,14976,[],,0
552,branch:default,2,EFECTIVO,MENUDEO,575,0,575,JESUS MARIA,Usuario origen: ALONDRA2025 | Liquidado origen: 1 | Credito abonado origen: 575 | Dias restantes origen: 0 | Status origen: 1,,2025-11-07 14:47:33,,,,0,0,575,[],,0
553,branch:default,2,EFECTIVO,MENUDEO,517.5,0,517.5,JESUS MARIA,Usuario origen: ALONDRA2025 | Liquidado origen: 1 | Credito abonado origen: 517.5 | Dias restantes origen: 0 | Status origen: 1,,2025-11-07 15:08:51,,,,0,0,517.5,[],,0
554,branch:default,30,EFECTIVO,MENUDEO,3031,0,3031,JESUS MARIA,Usuario origen: ALONDRA2025 | Liquidado origen: 1 | Credito abonado origen: 3031 | Fecha limite origen: 2025-12-07 | Dias restantes origen: 30 | Status origen: 1,,2025-11-07 15:27:56,,,,0,0,3031,[],,0
555,branch:default,34,EFECTIVO,MENUDEO,5900,0,5900,ARANDAS,Usuario origen: ALONDRA2025 | Liquidado origen: 1 | Credito abonado origen: 5900 | Fecha limite origen: 2025-12-07 | Dias restantes origen: 30 | Status origen: 1,,2025-11-07 15:35:18,,,,0,0,5900,[],,0
556,branch:default,2,EFECTIVO,MENUDEO,1069.5,0,1069.5,JESUS MARIA,Usuario origen: ALONDRA2025 | Liquidado origen: 1 | Credito abonado origen: 1069.5 | Dias restantes origen: 0 | Status origen: 1,,2025-11-07 16:30:35,,,,0,0,1069.5,[],,0
557,branch:default,41,CREDITO,MENUDEO,1800,0,1800,JESUS MARIA,Usuario origen: ALONDRA2025 | Liquidado origen: 0 | Credito abonado origen: 0 | Fecha limite origen: 2025-12-07 | Dias restantes origen: 30 | Status origen: 1,,2025-11-07 17:26:36,,,,0,1800,0,[],,0
558,branch:default,3,EFECTIVO,MENUDEO,16000,0,16000,VIAJE PARA LA CONCRETERA,Usuario origen: ALEXA2025 | Liquidado origen: 1 | Credito abonado origen: 16000 | Fecha limite origen: 2025-11-22 | Dias restantes origen: 15 | Status origen: 1,,2025-11-07 17:37:08,,,,0,0,16000,[],,0
559,branch:default,3,EFECTIVO,MENUDEO,16000,0,16000,VIAJE PARA LA CONCRETERA,Usuario origen: ALEXA2025 | Liquidado origen: 1 | Credito abonado origen: 16000 | Fecha limite origen: 2025-11-22 | Dias restantes origen: 15 | Status origen: 1,,2025-11-07 17:37:49,,,,0,0,16000,[],,0
560,branch:default,41,EFECTIVO,MENUDEO,2800,0,2800,EL NACIMIENTO,Usuario origen: ALONDRA2025 | Liquidado origen: 1 | Credito abonado origen: 2800 | Fecha limite origen: 2025-12-07 | Dias restantes origen: 30 | Status origen: 1,,2025-11-07 18:59:16,,,,0,0,2800,[],,0
561,branch:default,28,EFECTIVO,MENUDEO,8600,0,8600,LAS POMEZ,Usuario origen: ALONDRA2025 | Liquidado origen: 1 | Credito abonado origen: 8600 | Fecha limite origen: 2025-11-22 | Dias restantes origen: 15 | Status origen: 1,,2025-11-07 19:41:26,,,,0,0,8600,[],,0
562,branch:default,33,EFECTIVO,MENUDEO,762,0,762,JESUS MARIA,Usuario origen: ALONDRA2025 | Liquidado origen: 1 | Credito abonado origen: 762 | Fecha limite origen: 2025-11-22 | Dias restantes origen: 15 | Status origen: 1,,2025-11-07 19:57:14,,,,0,0,762,[],,0
563,branch:default,43,EFECTIVO,MENUDEO,44000,0,44000,LA BARCA,Usuario origen: ALONDRA2025 | Liquidado origen: 1 | Credito abonado origen: 44000 | Fecha limite origen: 2025-12-07 | Dias restantes origen: 30 | Status origen: 1,,2025-11-07 20:59:33,,,,0,0,44000,[],,0
564,branch:default,3,EFECTIVO,MENUDEO,15000,0,15000,VIAJE PARA LA CONCRETERA,Usuario origen: ALEXA2025 | Liquidado origen: 1 | Credito abonado origen: 15000 | Fecha limite origen: 2025-11-22 | Dias restantes origen: 15 | Status origen: 1,,2025-11-07 21:13:37,,,,0,0,15000,[],,0
565,branch:default,5,EFECTIVO,MENUDEO,4200,0,4200,CEN COMER,Usuario origen: ALONDRA2025 | Liquidado origen: 1 | Credito abonado origen: 4200 | Fecha limite origen: 2025-11-22 | Dias restantes origen: 15 | Status origen: 1,,2025-11-07 22:54:52,,,,0,0,4200,[],,0
566,branch:default,8,EFECTIVO,MENUDEO,66,0,66,JESUS MARIA,Usuario origen: ALONDRA2025 | Liquidado origen: 1 | Credito abonado origen: 66 | Fecha limite origen: 2025-11-23 | Dias restantes origen: 15 | Status origen: 1,,2025-11-08 15:15:18,,,,0,0,66,[],,0
567,branch:default,35,EFECTIVO,MENUDEO,5970,0,5970,JESUS MARIA,Usuario origen: ALONDRA2025 | Liquidado origen: 1 | Credito abonado origen: 5970 | Fecha limite origen: 2025-12-08 | Dias restantes origen: 30 | Status origen: 1,,2025-11-08 15:33:19,,,,0,0,5970,[],,0
568,branch:default,2,EFECTIVO,MENUDEO,44,0,44,JESUS MARIA,Usuario origen: ALONDRA2025 | Liquidado origen: 1 | Credito abonado origen: 44 | Dias restantes origen: 0 | Status origen: 1,,2025-11-08 15:53:51,,,,0,0,44,[],,0
569,branch:default,44,EFECTIVO,MENUDEO,11660,0,11660,EL MATADERO,Usuario origen: ALONDRA2025 | Liquidado origen: 1 | Credito abonado origen: 11660 | Fecha limite origen: 2025-12-08 | Dias restantes origen: 30 | Status origen: 1,,2025-11-08 16:26:51,,,,0,0,11660,[],,0
570,branch:default,7,EFECTIVO,MENUDEO,2360,0,2360,JESUS MARIA,Usuario origen: ALONDRA2025 | Liquidado origen: 1 | Credito abonado origen: 2360 | Fecha limite origen: 2025-12-08 | Dias restantes origen: 30 | Status origen: 1,,2025-11-08 17:12:30,,,,0,0,2360,[],,0
571,branch:default,35,EFECTIVO,MENUDEO,1250,0,1250,JESUS MARIA,Usuario origen: ALONDRA2025 | Liquidado origen: 1 | Credito abonado origen: 1250 | Fecha limite origen: 2025-12-08 | Dias restantes origen: 30 | Status origen: 1,,2025-11-08 17:54:53,,,,0,0,1250,[],,0
572,branch:default,2,EFECTIVO,MENUDEO,3150,0,3150,JESUS MARIA,Usuario origen: ALONDRA2025 | Liquidado origen: 1 | Credito abonado origen: 3150 | Fecha limite origen: 2025-11-08 | Dias restantes origen: 0 | Status origen: 1,,2025-11-08 18:10:15,,,,0,0,3150,[],,0
573,branch:default,21,EFECTIVO,MENUDEO,3120,0,3120,JESUS MARIA,Usuario origen: ALONDRA2025 | Liquidado origen: 1 | Credito abonado origen: 3120 | Dias restantes origen: 0 | Status origen: 1,,2025-11-10 14:50:34,,,,0,0,3120,[],,0
574,branch:default,21,EFECTIVO,MENUDEO,585,0,585,JESUS MARIA,Usuario origen: ALONDRA2025 | Liquidado origen: 1 | Credito abonado origen: 585 | Dias restantes origen: 0 | Status origen: 1,,2025-11-10 15:00:35,,,,0,0,585,[],,0
575,branch:default,5,EFECTIVO,MENUDEO,4600,0,4600,CEN COMER,Usuario origen: ALONDRA2025 | Liquidado origen: 1 | Credito abonado origen: 4600 | Fecha limite origen: 2025-11-25 | Dias restantes origen: 15 | Status origen: 1,,2025-11-10 15:51:19,,,,0,0,4600,[],,0
576,branch:default,2,EFECTIVO,MENUDEO,52,0,52,JESUS MARIA,Usuario origen: ALONDRA2025 | Liquidado origen: 1 | Credito abonado origen: 52 | Dias restantes origen: 0 | Status origen: 1,,2025-11-10 15:51:57,,,,0,0,52,[],,0
577,branch:default,3,EFECTIVO,MENUDEO,642.5,0,642.5,JESUS MARIA,Usuario origen: ALONDRA2025 | Liquidado origen: 1 | Credito abonado origen: 642.5 | Fecha limite origen: 2025-11-25 | Dias restantes origen: 15 | Status origen: 1,,2025-11-10 16:02:12,,,,0,0,642.5,[],,0
578,branch:default,30,EFECTIVO,MENUDEO,1270,0,1270,JESUS MARIA,Usuario origen: ALONDRA2025 | Liquidado origen: 1 | Credito abonado origen: 1270 | Fecha limite origen: 2025-12-10 | Dias restantes origen: 30 | Status origen: 1,,2025-11-10 16:25:44,,,,0,0,1270,[],,0
579,branch:default,2,EFECTIVO,MENUDEO,14,0,14,JESUS MARIA,Usuario origen: ALONDRA2025 | Liquidado origen: 1 | Credito abonado origen: 14 | Dias restantes origen: 0 | Status origen: 1,,2025-11-10 17:01:47,,,,0,0,14,[],,0
580,branch:default,33,EFECTIVO,MENUDEO,500,0,500,JESUS MARIA,Usuario origen: ALONDRA2025 | Liquidado origen: 1 | Credito abonado origen: 500 | Fecha limite origen: 2025-11-25 | Dias restantes origen: 15 | Status origen: 1,,2025-11-10 17:10:23,,,,0,0,500,[],,0
581,branch:default,33,EFECTIVO,MENUDEO,250,0,250,JESUS MARIA,Usuario origen: ALONDRA2025 | Liquidado origen: 1 | Credito abonado origen: 250 | Fecha limite origen: 2025-11-25 | Dias restantes origen: 15 | Status origen: 1,,2025-11-10 17:11:40,,,,0,0,250,[],,0
582,branch:default,33,EFECTIVO,MENUDEO,6,0,6,JESUS MARIA,Usuario origen: ALONDRA2025 | Liquidado origen: 1 | Credito abonado origen: 6 | Dias restantes origen: 0 | Status origen: 1,,2025-11-10 17:15:34,,,,0,0,6,[],,0
583,branch:default,3,EFECTIVO,MENUDEO,8050,0,8050,JESUS MARIA,Usuario origen: ALONDRA2025 | Liquidado origen: 1 | Credito abonado origen: 8050 | Fecha limite origen: 2025-11-25 | Dias restantes origen: 15 | Status origen: 1,,2025-11-10 17:32:37,,,,0,0,8050,[],,0
584,branch:default,3,EFECTIVO,MENUDEO,5850,0,5850,JESUS MARIA,Usuario origen: ALONDRA2025 | Liquidado origen: 1 | Credito abonado origen: 5850 | Fecha limite origen: 2025-11-25 | Dias restantes origen: 15 | Status origen: 1,,2025-11-10 18:28:58,,,,0,0,5850,[],,0
585,branch:default,18,EFECTIVO,MENUDEO,7400,0,7400,CRUCERO POMEZ,Usuario origen: ALONDRA2025 | Liquidado origen: 1 | Credito abonado origen: 7400 | Fecha limite origen: 2025-11-25 | Dias restantes origen: 15 | Status origen: 1,,2025-11-10 18:32:07,,,,0,0,7400,[],,0
586,branch:default,19,EFECTIVO,MENUDEO,4600,0,4600,LA LEONERA,Usuario origen: ALONDRA2025 | Liquidado origen: 1 | Credito abonado origen: 4600 | Fecha limite origen: 2025-11-25 | Dias restantes origen: 15 | Status origen: 1,,2025-11-10 19:55:52,,,,0,0,4600,[],,0
587,branch:default,33,EFECTIVO,MENUDEO,924,0,924,JESUS MARIA,Usuario origen: ALONDRA2025 | Liquidado origen: 1 | Credito abonado origen: 924 | Fecha limite origen: 2025-11-25 | Dias restantes origen: 15 | Status origen: 1,,2025-11-10 20:09:52,,,,0,0,924,[],,0
588,branch:default,45,EFECTIVO,MENUDEO,5078,0,5078,LOS OJOS DE AGUA,Usuario origen: ALONDRA2025 | Liquidado origen: 1 | Credito abonado origen: 5078 | Fecha limite origen: 2025-12-10 | Dias restantes origen: 30 | Status origen: 1,,2025-11-10 22:22:56,,,,0,0,5078,[],,0
589,branch:default,45,EFECTIVO,MENUDEO,400,0,400,LOS OJOS DE AGUA,Usuario origen: ALONDRA2025 | Liquidado origen: 1 | Credito abonado origen: 400 | Fecha limite origen: 2025-12-11 | Dias restantes origen: 30 | Status origen: 1,,2025-11-11 13:15:13,,,,0,0,400,[],,0
590,branch:default,5,EFECTIVO,MENUDEO,3600,0,3600,CEN COMER,Usuario origen: ALONDRA2025 | Liquidado origen: 1 | Credito abonado origen: 3600 | Fecha limite origen: 2025-11-26 | Dias restantes origen: 15 | Status origen: 1,,2025-11-11 13:43:06,,,,0,0,3600,[],,0
591,branch:default,7,EFECTIVO,MENUDEO,2474.5,0,2474.5,LAS CANOAS,Usuario origen: ALONDRA2025 | Liquidado origen: 1 | Credito abonado origen: 2474.5 | Fecha limite origen: 2025-12-11 | Dias restantes origen: 30 | Status origen: 1,,2025-11-11 14:34:32,,,,0,0,2474.5,[],,0
592,branch:default,30,EFECTIVO,MENUDEO,1095,0,1095,JESUS MARIA,Usuario origen: ALONDRA2025 | Liquidado origen: 1 | Credito abonado origen: 1095 | Fecha limite origen: 2025-12-11 | Dias restantes origen: 30 | Status origen: 1,,2025-11-11 14:41:08,,,,0,0,1095,[],,0
593,branch:default,8,EFECTIVO,MENUDEO,208,0,208,JESUS MARIA,Usuario origen: ALONDRA2025 | Liquidado origen: 1 | Credito abonado origen: 208 | Fecha limite origen: 2025-11-26 | Dias restantes origen: 15 | Status origen: 1,,2025-11-11 22:21:35,,,,0,0,208,[],,0
594,branch:default,3,EFECTIVO,MENUDEO,30000,0,30000,VIAJE PARA LA CONCRETERA,Usuario origen: ALEXA2025 | Liquidado origen: 1 | Credito abonado origen: 30000 | Fecha limite origen: 2025-11-27 | Dias restantes origen: 15 | Status origen: 1,,2025-11-12 13:17:40,,,,0,0,30000,[],,0
595,branch:default,30,EFECTIVO,MENUDEO,1180,0,1180,JESUS MARIA,Usuario origen: ALONDRA2025 | Liquidado origen: 1 | Credito abonado origen: 1180 | Fecha limite origen: 2025-12-12 | Dias restantes origen: 30 | Status origen: 1,,2025-11-12 14:06:01,,,,0,0,1180,[],,0
596,branch:default,28,EFECTIVO,MENUDEO,8600,0,8600,LAS POMEZ,Usuario origen: ALONDRA2025 | Liquidado origen: 1 | Credito abonado origen: 8600 | Fecha limite origen: 2025-11-27 | Dias restantes origen: 15 | Status origen: 1,,2025-11-12 18:01:29,,,,0,0,8600,[],,0
597,branch:default,28,EFECTIVO,MENUDEO,8600,0,8600,LAS POMEZ,Usuario origen: ALONDRA2025 | Liquidado origen: 1 | Credito abonado origen: 8600 | Fecha limite origen: 2025-11-27 | Dias restantes origen: 15 | Status origen: 1,,2025-11-12 18:04:31,,,,0,0,8600,[],,0
598,branch:default,7,EFECTIVO,MENUDEO,2400,0,2400,LAS CANOAS,Usuario origen: ALONDRA2025 | Liquidado origen: 1 | Credito abonado origen: 2400 | Fecha limite origen: 2025-12-12 | Dias restantes origen: 30 | Status origen: 1,,2025-11-12 21:39:09,,,,0,0,2400,[],,0
599,branch:default,2,EFECTIVO,MENUDEO,52,0,52,JESUS MARIA,Usuario origen: ALONDRA2025 | Liquidado origen: 1 | Credito abonado origen: 52 | Dias restantes origen: 0 | Status origen: 1,,2025-11-12 22:11:54,,,,0,0,52,[],,0
600,branch:default,35,EFECTIVO,MENUDEO,900,0,900,JESUS MARIA,Usuario origen: ALONDRA2025 | Liquidado origen: 1 | Credito abonado origen: 900 | Fecha limite origen: 2025-12-12 | Dias restantes origen: 30 | Status origen: 1,,2025-11-12 22:19:11,,,,0,0,900,[],,0
601,branch:default,2,EFECTIVO,MENUDEO,402,0,402,JESUS MARIA,Usuario origen: ALONDRA2025 | Liquidado origen: 1 | Credito abonado origen: 402 | Dias restantes origen: 0 | Status origen: 1,,2025-11-12 22:27:06,,,,0,0,402,[],,0
602,branch:default,17,EFECTIVO,MENUDEO,106,0,106,JESUS MARIA,Usuario origen: ALONDRA2025 | Liquidado origen: 1 | Credito abonado origen: 106 | Dias restantes origen: 0 | Status origen: 1,,2025-11-12 22:34:19,,,,0,0,106,[],,0
603,branch:default,46,EFECTIVO,MENUDEO,1008,0,1008,JESUS MARIA,Usuario origen: ALONDRA2025 | Liquidado origen: 1 | Credito abonado origen: 1008 | Fecha limite origen: 2025-12-13 | Dias restantes origen: 30 | Status origen: 1,,2025-11-13 14:11:17,,,,0,0,1008,[],,0
604,branch:default,3,EFECTIVO,MENUDEO,15000,0,15000,VIAJE PARA LA CONCRETERA,Usuario origen: ALEXA2025 | Liquidado origen: 1 | Credito abonado origen: 15000 | Fecha limite origen: 2025-11-28 | Dias restantes origen: 15 | Status origen: 1,,2025-11-13 15:01:25,,,,0,0,15000,[],,0
605,branch:default,47,CREDITO,MENUDEO,72,0,72,JESUS MARIA,Usuario origen: ALONDRA2025 | Liquidado origen: 0 | Credito abonado origen: 0 | Fecha limite origen: 2025-12-13 | Dias restantes origen: 30 | Status origen: 1,,2025-11-13 15:01:34,,,,0,72,0,[],,0
606,branch:default,29,EFECTIVO,MENUDEO,3632,0,3632,JESUS MARIA,Usuario origen: ALONDRA2025 | Liquidado origen: 1 | Credito abonado origen: 3632 | Fecha limite origen: 2025-12-13 | Dias restantes origen: 30 | Status origen: 1,,2025-11-13 15:31:34,,,,0,0,3632,[],,0
607,branch:default,7,EFECTIVO,MENUDEO,3700,0,3700,LAS CANOAS,Usuario origen: ALONDRA2025 | Liquidado origen: 1 | Credito abonado origen: 3700 | Fecha limite origen: 2025-12-13 | Dias restantes origen: 30 | Status origen: 1,,2025-11-13 15:46:14,,,,0,0,3700,[],,0
608,branch:default,35,EFECTIVO,MENUDEO,2718,0,2718,JESUS MARIA,Usuario origen: ALONDRA2025 | Liquidado origen: 1 | Credito abonado origen: 2718 | Fecha limite origen: 2025-12-13 | Dias restantes origen: 30 | Status origen: 1,,2025-11-13 16:05:32,,,,0,0,2718,[],,0
609,branch:default,35,EFECTIVO,MENUDEO,4969,0,4969,JESUS MARIA,Usuario origen: ALONDRA2025 | Liquidado origen: 1 | Credito abonado origen: 4969 | Fecha limite origen: 2025-12-13 | Dias restantes origen: 30 | Status origen: 1,,2025-11-13 16:09:17,,,,0,0,4969,[],,0
610,branch:default,30,EFECTIVO,MENUDEO,168,0,168,JESUS MARIA,Usuario origen: ALONDRA2025 | Liquidado origen: 1 | Credito abonado origen: 168 | Dias restantes origen: 0 | Status origen: 1,,2025-11-13 16:34:28,,,,0,0,168,[],,0
611,branch:default,19,EFECTIVO,MENUDEO,500,0,500,JESUS MARIA,Usuario origen: ALONDRA2025 | Liquidado origen: 1 | Credito abonado origen: 500 | Dias restantes origen: 0 | Status origen: 1,,2025-11-13 16:41:19,,,,0,0,500,[],,0
612,branch:default,19,EFECTIVO,MENUDEO,45,0,45,JESUS MARIA,Usuario origen: ALONDRA2025 | Liquidado origen: 1 | Credito abonado origen: 45 | Fecha limite origen: 2025-11-28 | Dias restantes origen: 15 | Status origen: 1,,2025-11-13 16:50:44,,,,0,0,45,[],,0
613,branch:default,8,EFECTIVO,MENUDEO,104,0,104,JESUS MARIA,Usuario origen: ALONDRA2025 | Liquidado origen: 1 | Credito abonado origen: 104 | Fecha limite origen: 2025-11-28 | Dias restantes origen: 15 | Status origen: 1,,2025-11-13 18:35:29,,,,0,0,104,[],,0
614,branch:default,2,EFECTIVO,MENUDEO,49,0,49,JESUS MARIA,Usuario origen: ALONDRA2025 | Liquidado origen: 1 | Credito abonado origen: 49 | Dias restantes origen: 0 | Status origen: 1,,2025-11-13 23:03:14,,,,0,0,49,[],,0
615,branch:default,30,EFECTIVO,MENUDEO,85,0,85,JESUS MARIA,Usuario origen: ALONDRA2025 | Liquidado origen: 1 | Credito abonado origen: 85 | Dias restantes origen: 0 | Status origen: 1,,2025-11-14 14:04:53,,,,0,0,85,[],,0
616,branch:default,2,EFECTIVO,MENUDEO,54,0,54,JESUS MARIA,Usuario origen: ALONDRA2025 | Liquidado origen: 1 | Credito abonado origen: 54 | Dias restantes origen: 0 | Status origen: 1,,2025-11-14 14:08:18,,,,0,0,54,[],,0
617,branch:default,5,EFECTIVO,MENUDEO,3600,0,3600,CEN COMER,Usuario origen: ALONDRA2025 | Liquidado origen: 1 | Credito abonado origen: 3600 | Fecha limite origen: 2025-11-29 | Dias restantes origen: 15 | Status origen: 1,,2025-11-14 14:46:02,,,,0,0,3600,[],,0
618,branch:default,44,EFECTIVO,MENUDEO,5700,0,5700,EL MATADERO,Usuario origen: ALONDRA2025 | Liquidado origen: 1 | Credito abonado origen: 5700 | Fecha limite origen: 2025-12-14 | Dias restantes origen: 30 | Status origen: 1,,2025-11-14 16:08:02,,,,0,0,5700,[],,0
619,branch:default,44,EFECTIVO,MENUDEO,1350,0,1350,EL MATADERO,Usuario origen: ALONDRA2025 | Liquidado origen: 1 | Credito abonado origen: 1350 | Fecha limite origen: 2025-12-14 | Dias restantes origen: 30 | Status origen: 1,,2025-11-14 16:10:32,,,,0,0,1350,[],,0
620,branch:default,28,EFECTIVO,MENUDEO,3900,0,3900,LAS POMEZ,Usuario origen: ALONDRA2025 | Liquidado origen: 1 | Credito abonado origen: 3900 | Fecha limite origen: 2025-11-29 | Dias restantes origen: 15 | Status origen: 1,,2025-11-14 17:49:05,,,,0,0,3900,[],,0
621,branch:default,2,EFECTIVO,MENUDEO,1950,0,1950,JESUS MARIA,Usuario origen: ALONDRA2025 | Liquidado origen: 1 | Credito abonado origen: 1950 | Dias restantes origen: 0 | Status origen: 1,,2025-11-14 22:32:05,,,,0,0,1950,[],,0
622,branch:default,2,EFECTIVO,MENUDEO,46,0,46,JESUS MARIA,Usuario origen: ALONDRA2025 | Liquidado origen: 1 | Credito abonado origen: 46 | Dias restantes origen: 0 | Status origen: 1,,2025-11-14 22:37:03,,,,0,0,46,[],,0
623,branch:default,5,EFECTIVO,MENUDEO,8200,0,8200,CEN COMER,Usuario origen: ALONDRA2025 | Liquidado origen: 1 | Credito abonado origen: 8200 | Fecha limite origen: 2025-11-30 | Dias restantes origen: 15 | Status origen: 1,,2025-11-15 13:48:15,,,,0,0,8200,[],,0
624,branch:default,30,EFECTIVO,MENUDEO,1366,0,1366,JESUS MARIA,Usuario origen: ALONDRA2025 | Liquidado origen: 1 | Credito abonado origen: 1366 | Fecha limite origen: 2025-12-15 | Dias restantes origen: 30 | Status origen: 1,,2025-11-15 15:13:07,,,,0,0,1366,[],,0
625,branch:default,45,EFECTIVO,MENUDEO,300,0,300,JESUS MARIA,Usuario origen: ALONDRA2025 | Liquidado origen: 1 | Credito abonado origen: 300 | Fecha limite origen: 2025-12-15 | Dias restantes origen: 30 | Status origen: 1,,2025-11-15 15:40:15,,,,0,0,300,[],,0
626,branch:default,30,EFECTIVO,MENUDEO,354,0,354,JESUS MARIA,Usuario origen: ALONDRA2025 | Liquidado origen: 1 | Credito abonado origen: 354 | Fecha limite origen: 2025-12-15 | Dias restantes origen: 30 | Status origen: 1,,2025-11-15 15:41:45,,,,0,0,354,[],,0
627,branch:default,8,EFECTIVO,MENUDEO,720,0,720,JESUS MARIA,Usuario origen: ALONDRA2025 | Liquidado origen: 1 | Credito abonado origen: 720 | Dias restantes origen: 0 | Status origen: 1,,2025-11-17 15:48:14,,,,0,0,720,[],,0
628,branch:default,30,EFECTIVO,MENUDEO,292,0,292,JESUS MARIA,Usuario origen: ALONDRA2025 | Liquidado origen: 1 | Credito abonado origen: 292 | Dias restantes origen: 0 | Status origen: 1,,2025-11-17 16:36:20,,,,0,0,292,[],,0
629,branch:default,48,EFECTIVO,MENUDEO,3800,0,3800,EL ROBLE,Usuario origen: ALONDRA2025 | Liquidado origen: 1 | Credito abonado origen: 3800 | Dias restantes origen: 0 | Status origen: 1,,2025-11-17 17:08:37,,,,0,0,3800,[],,0
630,branch:default,19,EFECTIVO,MENUDEO,2000,0,2000,LA LEONERA,Usuario origen: ALONDRA2025 | Liquidado origen: 1 | Credito abonado origen: 2000 | Fecha limite origen: 2025-12-02 | Dias restantes origen: 15 | Status origen: 1,,2025-11-17 17:12:11,,,,0,0,2000,[],,0
631,branch:default,19,EFECTIVO,MENUDEO,7366,0,7366,LA LEONERA,Usuario origen: ALONDRA2025 | Liquidado origen: 1 | Credito abonado origen: 7366 | Fecha limite origen: 2025-12-02 | Dias restantes origen: 15 | Status origen: 1,,2025-11-17 18:16:20,,,,0,0,7366,[],,0
632,branch:default,19,EFECTIVO,MENUDEO,1920,0,1920,JESUS MARIA,Usuario origen: ALONDRA2025 | Liquidado origen: 1 | Credito abonado origen: 1920 | Fecha limite origen: 2025-12-02 | Dias restantes origen: 15 | Status origen: 1,,2025-11-17 18:17:20,,,,0,0,1920,[],,0
633,branch:default,2,EFECTIVO,MENUDEO,15,0,15,JESUS MARIA,Usuario origen: ALONDRA2025 | Liquidado origen: 1 | Credito abonado origen: 15 | Dias restantes origen: 0 | Status origen: 1,,2025-11-17 19:17:23,,,,0,0,15,[],,0
634,branch:default,7,EFECTIVO,MENUDEO,8647,0,8647,LAS CANOAS,Usuario origen: ALONDRA2025 | Liquidado origen: 1 | Credito abonado origen: 8647 | Fecha limite origen: 2025-12-17 | Dias restantes origen: 30 | Status origen: 1,,2025-11-17 19:32:15,,,,0,0,8647,[],,0
635,branch:default,35,EFECTIVO,MENUDEO,1200,0,1200,JESUS MARIA,Usuario origen: ALONDRA2025 | Liquidado origen: 1 | Credito abonado origen: 1200 | Fecha limite origen: 2025-12-17 | Dias restantes origen: 30 | Status origen: 1,,2025-11-17 19:50:15,,,,0,0,1200,[],,0
636,branch:default,19,EFECTIVO,MENUDEO,6840,0,6840,JESUS MARIA,Usuario origen: ALONDRA2025 | Liquidado origen: 1 | Credito abonado origen: 6840 | Fecha limite origen: 2025-12-02 | Dias restantes origen: 15 | Status origen: 1,,2025-11-17 19:54:15,,,,0,0,6840,[],,0
637,branch:default,6,EFECTIVO,MENUDEO,1000,0,1000,JESUS MARIA,Usuario origen: ALONDRA2025 | Liquidado origen: 1 | Credito abonado origen: 1000 | Fecha limite origen: 2025-11-17 | Dias restantes origen: 0 | Status origen: 1,,2025-11-17 22:06:37,,,,0,0,1000,[],,0
638,branch:default,9,EFECTIVO,MENUDEO,1608,0,1608,JESUS MARIA,Usuario origen: ALONDRA2025 | Liquidado origen: 1 | Credito abonado origen: 1608 | Fecha limite origen: 2025-12-03 | Dias restantes origen: 15 | Status origen: 1,,2025-11-18 13:47:30,,,,0,0,1608,[],,0
639,branch:default,31,EFECTIVO,MENUDEO,4700,0,4700,JESUS MARIA,Usuario origen: ALONDRA2025 | Liquidado origen: 1 | Credito abonado origen: 4700 | Fecha limite origen: 2025-12-03 | Dias restantes origen: 15 | Status origen: 1,,2025-11-18 14:27:02,,,,0,0,4700,[],,0
640,branch:default,28,EFECTIVO,MENUDEO,8600,0,8600,LAS POMEZ,Usuario origen: ALONDRA2025 | Liquidado origen: 1 | Credito abonado origen: 8600 | Fecha limite origen: 2025-12-03 | Dias restantes origen: 15 | Status origen: 1,,2025-11-18 14:37:38,,,,0,0,8600,[],,0
641,branch:default,19,EFECTIVO,MENUDEO,500,0,500,JESUS MARIA,Usuario origen: ALONDRA2025 | Liquidado origen: 1 | Credito abonado origen: 500 | Fecha limite origen: 2025-12-03 | Dias restantes origen: 15 | Status origen: 1,,2025-11-18 15:11:47,,,,0,0,500,[],,0
642,branch:default,2,EFECTIVO,MENUDEO,1200,0,1200,LIENZO CHARRO RAMIREZ NOGALES,Usuario origen: ALONDRA2025 | Liquidado origen: 1 | Credito abonado origen: 1200 | Dias restantes origen: 0 | Status origen: 1,,2025-11-18 19:05:14,,,,0,0,1200,[],,0
643,branch:default,7,EFECTIVO,MENUDEO,450,0,450,LAS CANOAS,Usuario origen: ALONDRA2025 | Liquidado origen: 1 | Credito abonado origen: 450 | Fecha limite origen: 2025-12-18 | Dias restantes origen: 30 | Status origen: 1,,2025-11-18 20:07:23,,,,0,0,450,[],,0
644,branch:default,7,EFECTIVO,MENUDEO,2400,0,2400,LAS CANOAS,Usuario origen: ALONDRA2025 | Liquidado origen: 1 | Credito abonado origen: 2400 | Fecha limite origen: 2025-12-18 | Dias restantes origen: 30 | Status origen: 1,,2025-11-18 20:29:04,,,,0,0,2400,[],,0
645,branch:default,5,EFECTIVO,MENUDEO,8200,0,8200,CEN COMER,Usuario origen: ALONDRA2025 | Liquidado origen: 1 | Credito abonado origen: 8200 | Fecha limite origen: 2025-12-03 | Dias restantes origen: 15 | Status origen: 1,,2025-11-18 21:08:45,,,,0,0,8200,[],,0
646,branch:default,18,EFECTIVO,MENUDEO,7020,0,7020,CRUCERO POMEZ,Usuario origen: ALONDRA2025 | Liquidado origen: 1 | Credito abonado origen: 7020 | Fecha limite origen: 2025-12-04 | Dias restantes origen: 15 | Status origen: 1,,2025-11-19 14:04:39,,,,0,0,7020,[],,0
647,branch:default,5,CREDITO,MENUDEO,7823,0,7823,CEN COMER,Usuario origen: ALONDRA2025 | Liquidado origen: 0 | Credito abonado origen: 0 | Fecha limite origen: 2025-12-04 | Dias restantes origen: 15 | Status origen: 1,,2025-11-19 15:10:06,,,,0,7823,0,[],,0
648,branch:default,5,EFECTIVO,MENUDEO,7433,0,7433,CEN COMER,Usuario origen: ALONDRA2025 | Liquidado origen: 1 | Credito abonado origen: 7433 | Fecha limite origen: 2025-12-04 | Dias restantes origen: 15 | Status origen: 1,,2025-11-19 15:43:18,,,,0,0,7433,[],,0
649,branch:default,2,EFECTIVO,MENUDEO,122,0,122,JESUS MARIA,Usuario origen: ALONDRA2025 | Liquidado origen: 1 | Credito abonado origen: 122 | Dias restantes origen: 0 | Status origen: 1,,2025-11-19 17:05:31,,,,0,0,122,[],,0
650,branch:default,2,EFECTIVO,MENUDEO,9,0,9,JESUS MARIA,Usuario origen: ALONDRA2025 | Liquidado origen: 1 | Credito abonado origen: 9 | Dias restantes origen: 0 | Status origen: 1,,2025-11-19 18:22:45,,,,0,0,9,[],,0
651,branch:default,48,EFECTIVO,MENUDEO,2550,0,2550,EL ROBLE,Usuario origen: ALONDRA2025 | Liquidado origen: 1 | Credito abonado origen: 2550 | Dias restantes origen: 0 | Status origen: 1,,2025-11-19 19:53:03,,,,0,0,2550,[],,0
652,branch:default,16,CREDITO,MENUDEO,145,0,145,EL RANERO,Usuario origen: ALONDRA2025 | Liquidado origen: 0 | Credito abonado origen: 0 | Fecha limite origen: 2025-12-19 | Dias restantes origen: 30 | Status origen: 1,,2025-11-19 20:20:55,,,,0,145,0,[],,0
653,branch:default,2,EFECTIVO,MENUDEO,497,0,497,JESUS MARIA,Usuario origen: ALONDRA2025 | Liquidado origen: 1 | Credito abonado origen: 497 | Dias restantes origen: 0 | Status origen: 1,,2025-11-19 21:39:53,,,,0,0,497,[],,0
654,branch:default,35,EFECTIVO,MENUDEO,6387,0,6387,JESUS MARIA,Usuario origen: ALONDRA2025 | Liquidado origen: 1 | Credito abonado origen: 6387 | Fecha limite origen: 2025-12-19 | Dias restantes origen: 30 | Status origen: 1,,2025-11-19 21:43:20,,,,0,0,6387,[],,0
655,branch:default,49,EFECTIVO,MENUDEO,4200,0,4200,DIF JESUS MARIA,Usuario origen: ALONDRA2025 | Liquidado origen: 1 | Credito abonado origen: 4200 | Fecha limite origen: 2025-12-04 | Dias restantes origen: 15 | Status origen: 1,,2025-11-19 22:08:30,,,,0,0,4200,[],,0
656,branch:default,49,EFECTIVO,MENUDEO,7400,0,7400,DIF JESUS MARIA,Usuario origen: ALONDRA2025 | Liquidado origen: 1 | Credito abonado origen: 7400 | Fecha limite origen: 2025-12-04 | Dias restantes origen: 15 | Status origen: 1,,2025-11-19 22:20:42,,,,0,0,7400,[],,0
657,branch:default,49,EFECTIVO,MENUDEO,3360,0,3360,DIF JESUS MARIA,Usuario origen: ALONDRA2025 | Liquidado origen: 1 | Credito abonado origen: 3360 | Fecha limite origen: 2025-12-04 | Dias restantes origen: 15 | Status origen: 1,,2025-11-19 23:12:58,,,,0,0,3360,[],,0
658,branch:default,30,EFECTIVO,MENUDEO,3014,0,3014,JESUS MARIA,Usuario origen: ALONDRA2025 | Liquidado origen: 1 | Credito abonado origen: 3014 | Fecha limite origen: 2025-12-21 | Dias restantes origen: 30 | Status origen: 1,,2025-11-21 14:13:36,,,,0,0,3014,[],,0
659,branch:default,28,EFECTIVO,MENUDEO,8600,0,8600,ESCUELA DE LAS POMEZ,Usuario origen: ALONDRA2025 | Liquidado origen: 1 | Credito abonado origen: 8600 | Fecha limite origen: 2025-12-06 | Dias restantes origen: 15 | Status origen: 1,,2025-11-21 14:19:46,,,,0,0,8600,[],,0
660,branch:default,5,EFECTIVO,MENUDEO,3600,0,3600,CEN COMER,Usuario origen: ALONDRA2025 | Liquidado origen: 1 | Credito abonado origen: 3600 | Fecha limite origen: 2025-12-06 | Dias restantes origen: 15 | Status origen: 1,,2025-11-21 15:46:52,,,,0,0,3600,[],,0
661,branch:default,2,EFECTIVO,MENUDEO,1520,0,1520,JESUS MARIA,Usuario origen: ALONDRA2025 | Liquidado origen: 1 | Credito abonado origen: 1520 | Dias restantes origen: 0 | Status origen: 1,,2025-11-21 16:05:28,,,,0,0,1520,[],,0
662,branch:default,7,EFECTIVO,MENUDEO,1850,0,1850,JESUS MARIA,Usuario origen: ALONDRA2025 | Liquidado origen: 1 | Credito abonado origen: 1850 | Fecha limite origen: 2025-12-21 | Dias restantes origen: 30 | Status origen: 1,,2025-11-21 17:15:29,,,,0,0,1850,[],,0
663,branch:default,2,EFECTIVO,MENUDEO,28,0,28,JESUS MARIA,Usuario origen: ALONDRA2025 | Liquidado origen: 1 | Credito abonado origen: 28 | Dias restantes origen: 0 | Status origen: 1,,2025-11-22 14:02:33,,,,0,0,28,[],,0
664,branch:default,2,EFECTIVO,MENUDEO,34,0,34,JESUS MARIA,Usuario origen: ALONDRA2025 | Liquidado origen: 1 | Credito abonado origen: 34 | Dias restantes origen: 0 | Status origen: 1,,2025-11-22 14:20:55,,,,0,0,34,[],,0
665,branch:default,7,EFECTIVO,MENUDEO,450,0,450,JESUS MARIA,Usuario origen: ALONDRA2025 | Liquidado origen: 1 | Credito abonado origen: 450 | Fecha limite origen: 2025-12-22 | Dias restantes origen: 30 | Status origen: 1,,2025-11-22 17:15:44,,,,0,0,450,[],,0
666,branch:default,16,EFECTIVO,MENUDEO,102,0,102,EL RANERO,Usuario origen: ALONDRA2025 | Liquidado origen: 1 | Credito abonado origen: 102 | Fecha limite origen: 2025-12-22 | Dias restantes origen: 30 | Status origen: 1,,2025-11-22 18:41:56,,,,0,0,102,[],,0
667,branch:default,5,EFECTIVO,MENUDEO,4600,0,4600,CEN COMER,Usuario origen: ALONDRA2025 | Liquidado origen: 1 | Credito abonado origen: 4600 | Fecha limite origen: 2025-12-07 | Dias restantes origen: 15 | Status origen: 1,,2025-11-22 19:39:09,,,,0,0,4600,[],,0
668,branch:default,5,EFECTIVO,MENUDEO,5520,0,5520,CEN COMER,Usuario origen: ALONDRA2025 | Liquidado origen: 1 | Credito abonado origen: 5520 | Fecha limite origen: 2025-12-09 | Dias restantes origen: 15 | Status origen: 1,,2025-11-24 14:21:24,,,,0,0,5520,[],,0
669,branch:default,35,EFECTIVO,MENUDEO,825,0,825,JESUS MARIA,Usuario origen: ALONDRA2025 | Liquidado origen: 1 | Credito abonado origen: 825 | Fecha limite origen: 2025-12-24 | Dias restantes origen: 30 | Status origen: 1,,2025-11-24 15:08:53,,,,0,0,825,[],,0
670,branch:default,30,EFECTIVO,MENUDEO,1558.5,0,1558.5,JESUS MARIA,Usuario origen: ALONDRA2025 | Liquidado origen: 1 | Credito abonado origen: 1558.5 | Dias restantes origen: 0 | Status origen: 1,,2025-11-24 17:53:37,,,,0,0,1558.5,[],,0
671,branch:default,2,EFECTIVO,MENUDEO,6,0,6,JESUS MARIA,Usuario origen: ALONDRA2025 | Liquidado origen: 1 | Credito abonado origen: 6 | Dias restantes origen: 0 | Status origen: 1,,2025-11-24 20:40:29,,,,0,0,6,[],,0
672,branch:default,3,EFECTIVO,MENUDEO,5850,0,5850,JESUS MARIA,Usuario origen: ALONDRA2025 | Liquidado origen: 1 | Credito abonado origen: 5850 | Fecha limite origen: 2025-12-10 | Dias restantes origen: 15 | Status origen: 1,,2025-11-25 13:33:49,,,,0,0,5850,[],,0
673,branch:default,3,EFECTIVO,MENUDEO,7020,0,7020,JESUS MARIA,Usuario origen: ALONDRA2025 | Liquidado origen: 1 | Credito abonado origen: 7020 | Fecha limite origen: 2025-12-10 | Dias restantes origen: 15 | Status origen: 1,,2025-11-25 13:35:12,,,,0,0,7020,[],,0
674,branch:default,3,EFECTIVO,MENUDEO,45000,0,45000,VIAJE PARA LA CONCRETERA,Usuario origen: ALEXA2025 | Liquidado origen: 1 | Credito abonado origen: 45000 | Fecha limite origen: 2025-12-10 | Dias restantes origen: 15 | Status origen: 1,,2025-11-25 13:40:49,,,,0,0,45000,[],,0
675,branch:default,3,EFECTIVO,MENUDEO,5850,0,5850,JESUS MARIA,Usuario origen: ALONDRA2025 | Liquidado origen: 1 | Credito abonado origen: 5850 | Fecha limite origen: 2025-12-10 | Dias restantes origen: 15 | Status origen: 1,,2025-11-25 14:07:10,,,,0,0,5850,[],,0
676,branch:default,30,EFECTIVO,MENUDEO,1496,0,1496,JESUS MARIA,Usuario origen: ALONDRA2025 | Liquidado origen: 1 | Credito abonado origen: 1496 | Fecha limite origen: 2025-12-25 | Dias restantes origen: 30 | Status origen: 1,,2025-11-25 14:44:30,,,,0,0,1496,[],,0
677,branch:default,30,EFECTIVO,MENUDEO,1180,0,1180,JESUS MARIA,Usuario origen: ALONDRA2025 | Liquidado origen: 1 | Credito abonado origen: 1180 | Fecha limite origen: 2025-12-25 | Dias restantes origen: 30 | Status origen: 1,,2025-11-25 14:49:09,,,,0,0,1180,[],,0
678,branch:default,28,EFECTIVO,MENUDEO,4600,0,4600,LAS POMEZ,Usuario origen: ALONDRA2025 | Liquidado origen: 1 | Credito abonado origen: 4600 | Fecha limite origen: 2025-12-10 | Dias restantes origen: 15 | Status origen: 1,,2025-11-25 18:16:00,,,,0,0,4600,[],,0
679,branch:default,19,EFECTIVO,MENUDEO,250,0,250,JESUS MARIA,Usuario origen: ALONDRA2025 | Liquidado origen: 1 | Credito abonado origen: 250 | Fecha limite origen: 2025-12-10 | Dias restantes origen: 15 | Status origen: 1,,2025-11-25 21:24:41,,,,0,0,250,[],,0
680,branch:default,5,EFECTIVO,MENUDEO,4600,0,4600,CEN COMER,Usuario origen: ALONDRA2025 | Liquidado origen: 1 | Credito abonado origen: 4600 | Fecha limite origen: 2025-12-10 | Dias restantes origen: 15 | Status origen: 1,,2025-11-25 22:19:46,,,,0,0,4600,[],,0
681,branch:default,35,EFECTIVO,MENUDEO,7500,0,7500,JESUS MARIA,Usuario origen: ALONDRA2025 | Liquidado origen: 1 | Credito abonado origen: 7500 | Fecha limite origen: 2025-12-26 | Dias restantes origen: 30 | Status origen: 1,,2025-11-26 13:27:01,,,,0,0,7500,[],,0
682,branch:default,29,EFECTIVO,MENUDEO,32,0,32,JESUS MARIA,Usuario origen: ALONDRA2025 | Liquidado origen: 1 | Credito abonado origen: 32 | Fecha limite origen: 2025-12-26 | Dias restantes origen: 30 | Status origen: 1,,2025-11-26 13:31:28,,,,0,0,32,[],,0
683,branch:default,19,EFECTIVO,MENUDEO,12800,0,12800,ACUMBARO,Usuario origen: ALONDRA2025 | Liquidado origen: 1 | Credito abonado origen: 12800 | Fecha limite origen: 2025-12-11 | Dias restantes origen: 15 | Status origen: 1,,2025-11-26 17:15:10,,,,0,0,12800,[],,0
684,branch:default,5,EFECTIVO,MENUDEO,3600,0,3600,CEN COMER,Usuario origen: ALONDRA2025 | Liquidado origen: 1 | Credito abonado origen: 3600 | Fecha limite origen: 2025-12-11 | Dias restantes origen: 15 | Status origen: 1,,2025-11-26 18:39:23,,,,0,0,3600,[],,0
685,branch:default,3,EFECTIVO,MENUDEO,998.5,0,998.5,JESUS MARIA,Usuario origen: ALONDRA2025 | Liquidado origen: 1 | Credito abonado origen: 998.5 | Fecha limite origen: 2025-12-11 | Dias restantes origen: 15 | Status origen: 1,,2025-11-26 20:14:13,,,,0,0,998.5,[],,0
686,branch:default,32,EFECTIVO,MENUDEO,690,0,690,JESUS MARIA,Usuario origen: ALONDRA2025 | Liquidado origen: 1 | Credito abonado origen: 690 | Dias restantes origen: 0 | Status origen: 1,,2025-11-26 22:45:06,,,,0,0,690,[],,0
687,branch:default,50,EFECTIVO,MENUDEO,296,0,296,JESUS MARIA,Usuario origen: ALONDRA2025 | Liquidado origen: 1 | Credito abonado origen: 296 | Dias restantes origen: 0 | Status origen: 1,,2025-11-27 14:01:05,,,,0,0,296,[],,0
688,branch:default,50,EFECTIVO,MENUDEO,8100,0,8100,LAS CRUCES,Usuario origen: ALONDRA2025 | Liquidado origen: 1 | Credito abonado origen: 8100 | Dias restantes origen: 0 | Status origen: 1,,2025-11-27 14:09:32,,,,0,0,8100,[],,0
689,branch:default,21,EFECTIVO,MENUDEO,4160,0,4160,JESUS MARIA,Usuario origen: ALONDRA2025 | Liquidado origen: 1 | Credito abonado origen: 4160 | Dias restantes origen: 0 | Status origen: 1,,2025-11-27 15:42:40,,,,0,0,4160,[],,0
690,branch:default,28,EFECTIVO,MENUDEO,8600,0,8600,LAS POMEZ,Usuario origen: ALONDRA2025 | Liquidado origen: 1 | Credito abonado origen: 8600 | Fecha limite origen: 2025-12-12 | Dias restantes origen: 15 | Status origen: 1,,2025-11-27 19:22:33,,,,0,0,8600,[],,0
691,branch:default,2,EFECTIVO,MENUDEO,7024,0,7024,JESUS MARIA,Usuario origen: ALONDRA2025 | Liquidado origen: 1 | Credito abonado origen: 7024 | Dias restantes origen: 0 | Status origen: 1,,2025-11-27 19:45:40,,,,0,0,7024,[],,0
692,branch:default,51,EFECTIVO,MENUDEO,920,0,920,JESUS MARIA,Usuario origen: ALONDRA2025 | Liquidado origen: 1 | Credito abonado origen: 920 | Fecha limite origen: 2025-12-12 | Dias restantes origen: 15 | Status origen: 1,,2025-11-27 21:16:56,,,,0,0,920,[],,0
693,branch:default,19,EFECTIVO,MENUDEO,475,0,475,JESUS MARIA,Usuario origen: ALONDRA2025 | Liquidado origen: 1 | Credito abonado origen: 475 | Fecha limite origen: 2025-12-13 | Dias restantes origen: 15 | Status origen: 1,,2025-11-28 13:38:16,,,,0,0,475,[],,0
694,branch:default,52,EFECTIVO,MENUDEO,24200,0,24200,JESUS MARIA,Usuario origen: ALONDRA2025 | Liquidado origen: 1 | Credito abonado origen: 24200 | Fecha limite origen: 2025-12-28 | Dias restantes origen: 30 | Status origen: 1,,2025-11-28 13:59:24,,,,0,0,24200,[],,0
695,branch:default,52,EFECTIVO,MENUDEO,14700,0,14700,JESUS MARIA,Usuario origen: ALONDRA2025 | Liquidado origen: 1 | Credito abonado origen: 14700 | Fecha limite origen: 2025-12-28 | Dias restantes origen: 30 | Status origen: 1,,2025-11-28 14:09:00,,,,0,0,14700,[],,0
696,branch:default,9,EFECTIVO,MENUDEO,900,0,900,EL ROBLE,Usuario origen: ALONDRA2025 | Liquidado origen: 1 | Credito abonado origen: 900 | Fecha limite origen: 2025-12-13 | Dias restantes origen: 15 | Status origen: 1,,2025-11-28 14:09:57,,,,0,0,900,[],,0
697,branch:default,3,EFECTIVO,MENUDEO,28000,0,28000,VIAJE PARA LA CONCRETERA,Usuario origen: ALEXA2025 | Liquidado origen: 1 | Credito abonado origen: 28000 | Fecha limite origen: 2025-12-13 | Dias restantes origen: 15 | Status origen: 1,,2025-11-28 14:42:44,,,,0,0,28000,[],,0
698,branch:default,30,EFECTIVO,MENUDEO,280,0,280,JESUS MARIA,Usuario origen: ALONDRA2025 | Liquidado origen: 1 | Credito abonado origen: 280 | Dias restantes origen: 0 | Status origen: 1,,2025-11-28 14:59:29,,,,0,0,280,[],,0
699,branch:default,5,EFECTIVO,MENUDEO,7250,0,7250,CEN COMER,Usuario origen: ALONDRA2025 | Liquidado origen: 1 | Credito abonado origen: 7250 | Fecha limite origen: 2025-12-13 | Dias restantes origen: 15 | Status origen: 1,,2025-11-28 19:11:59,,,,0,0,7250,[],,0
700,branch:default,9,EFECTIVO,MENUDEO,450,0,450,EL ROBLE,Usuario origen: ALONDRA2025 | Liquidado origen: 1 | Credito abonado origen: 450 | Fecha limite origen: 2025-12-13 | Dias restantes origen: 15 | Status origen: 1,,2025-11-28 21:56:17,,,,0,0,450,[],,0
701,branch:default,52,EFECTIVO,MENUDEO,3150,0,3150,JESUS MARIA,Usuario origen: ALONDRA2025 | Liquidado origen: 1 | Credito abonado origen: 3150 | Fecha limite origen: 2025-12-29 | Dias restantes origen: 30 | Status origen: 1,,2025-11-29 13:50:31,,,,0,0,3150,[],,0
702,branch:default,2,EFECTIVO,MENUDEO,116,0,116,JESUS MARIA,Usuario origen: ALONDRA2025 | Liquidado origen: 1 | Credito abonado origen: 116 | Dias restantes origen: 0 | Status origen: 1,,2025-11-29 14:53:11,,,,0,0,116,[],,0
703,branch:default,5,EFECTIVO,MENUDEO,6478,0,6478,CEN COMER,Usuario origen: ALONDRA2025 | Liquidado origen: 1 | Credito abonado origen: 6478 | Fecha limite origen: 2025-12-14 | Dias restantes origen: 15 | Status origen: 1,,2025-11-29 16:09:57,,,,0,0,6478,[],,0
704,branch:default,17,EFECTIVO,MENUDEO,616,0,616,JESUS MARIA,Usuario origen: ALONDRA2025 | Liquidado origen: 1 | Credito abonado origen: 616 | Fecha limite origen: 2025-12-14 | Dias restantes origen: 15 | Status origen: 1,,2025-11-29 17:20:00,,,,0,0,616,[],,0
705,branch:default,2,EFECTIVO,MENUDEO,76,0,76,JESUS MARIA,Usuario origen: ALONDRA2025 | Liquidado origen: 1 | Credito abonado origen: 76 | Dias restantes origen: 0 | Status origen: 1,,2025-11-29 18:22:12,,,,0,0,76,[],,0
706,branch:default,2,EFECTIVO,MENUDEO,152,0,152,JESUS MARIA,Usuario origen: ALONDRA2025 | Liquidado origen: 1 | Credito abonado origen: 152 | Dias restantes origen: 0 | Status origen: 1,,2025-11-29 20:24:08,,,,0,0,152,[],,0
707,branch:default,17,EFECTIVO,MENUDEO,366,0,366,JESUS MARIA,Usuario origen: ALONDRA2025 | Liquidado origen: 1 | Credito abonado origen: 366 | Dias restantes origen: 0 | Status origen: 1,,2025-11-29 21:07:17,,,,0,0,366,[],,0
708,branch:default,5,EFECTIVO,MENUDEO,8200,0,8200,CEN COMER,Usuario origen: ALONDRA2025 | Liquidado origen: 1 | Credito abonado origen: 8200 | Fecha limite origen: 2025-12-16 | Dias restantes origen: 15 | Status origen: 1,,2025-12-01 13:50:25,,,,0,0,8200,[],,0
709,branch:default,49,EFECTIVO,MENUDEO,4200,0,4200,DIF JESUS MARIA,Usuario origen: ALONDRA2025 | Liquidado origen: 1 | Credito abonado origen: 4200 | Fecha limite origen: 2025-12-16 | Dias restantes origen: 15 | Status origen: 1,,2025-12-01 15:53:58,,,,0,0,4200,[],,0
710,branch:default,44,EFECTIVO,MENUDEO,3995,0,3995,EL MATADERO,Usuario origen: ALONDRA2025 | Liquidado origen: 1 | Credito abonado origen: 3995 | Fecha limite origen: 2025-12-31 | Dias restantes origen: 30 | Status origen: 1,,2025-12-01 17:02:40,,,,0,0,3995,[],,0
711,branch:default,30,EFECTIVO,MENUDEO,97,0,97,JESUS MARIA,Usuario origen: ALONDRA2025 | Liquidado origen: 1 | Credito abonado origen: 97 | Dias restantes origen: 0 | Status origen: 1,,2025-12-01 17:26:02,,,,0,0,97,[],,0
712,branch:default,30,EFECTIVO,MENUDEO,1950,0,1950,JESUS MARIA,Usuario origen: ALONDRA2025 | Liquidado origen: 1 | Credito abonado origen: 1950 | Fecha limite origen: 2025-12-31 | Dias restantes origen: 30 | Status origen: 1,,2025-12-01 17:58:38,,,,0,0,1950,[],,0
713,branch:default,2,EFECTIVO,MENUDEO,23,0,23,JESUS MARIA,Usuario origen: ALONDRA2025 | Liquidado origen: 1 | Credito abonado origen: 23 | Dias restantes origen: 0 | Status origen: 1,,2025-12-01 18:51:00,,,,0,0,23,[],,0
714,branch:default,35,EFECTIVO,MENUDEO,8200,0,8200,JESUS MARIA,Usuario origen: ALONDRA2025 | Liquidado origen: 1 | Credito abonado origen: 8200 | Fecha limite origen: 2025-12-31 | Dias restantes origen: 30 | Status origen: 1,,2025-12-01 18:57:32,,,,0,0,8200,[],,0
715,branch:default,5,EFECTIVO,MENUDEO,4200,0,4200,CEN COMER,Usuario origen: ALONDRA2025 | Liquidado origen: 1 | Credito abonado origen: 4200 | Fecha limite origen: 2025-12-16 | Dias restantes origen: 15 | Status origen: 1,,2025-12-01 21:14:56,,,,0,0,4200,[],,0
716,branch:default,30,EFECTIVO,MENUDEO,250,0,250,JESUS MARIA,Usuario origen: ALONDRA2025 | Liquidado origen: 1 | Credito abonado origen: 250 | Fecha limite origen: 2026-01-01 | Dias restantes origen: 30 | Status origen: 1,,2025-12-02 15:00:33,,,,0,0,250,[],,0
717,branch:default,5,EFECTIVO,MENUDEO,600,0,600,JESUS MARIA,Usuario origen: ALONDRA2025 | Liquidado origen: 1 | Credito abonado origen: 600 | Fecha limite origen: 2025-12-17 | Dias restantes origen: 15 | Status origen: 1,,2025-12-02 18:55:00,,,,0,0,600,[],,0
718,branch:default,34,EFECTIVO,MENUDEO,8200,0,8200,ARANDAS,Usuario origen: ALONDRA2025 | Liquidado origen: 1 | Credito abonado origen: 8200 | Fecha limite origen: 2026-01-02 | Dias restantes origen: 30 | Status origen: 1,,2025-12-03 14:11:14,,,,0,0,8200,[],,0
719,branch:default,52,EFECTIVO,MENUDEO,4200,0,4200,JESUS MARIA,Usuario origen: ALONDRA2025 | Liquidado origen: 1 | Credito abonado origen: 4200 | Fecha limite origen: 2026-01-02 | Dias restantes origen: 30 | Status origen: 1,,2025-12-03 15:51:21,,,,0,0,4200,[],,0
720,branch:default,52,EFECTIVO,MENUDEO,3150,0,3150,JESUS MARIA,Usuario origen: ALONDRA2025 | Liquidado origen: 1 | Credito abonado origen: 3150 | Fecha limite origen: 2026-01-02 | Dias restantes origen: 30 | Status origen: 1,,2025-12-03 16:17:36,,,,0,0,3150,[],,0
721,branch:default,52,EFECTIVO,MENUDEO,24900,0,24900,JESUS MARIA,Usuario origen: ALONDRA2025 | Liquidado origen: 1 | Credito abonado origen: 24900 | Fecha limite origen: 2026-01-02 | Dias restantes origen: 30 | Status origen: 1,,2025-12-03 16:45:16,,,,0,0,24900,[],,0
722,branch:default,52,EFECTIVO,MENUDEO,2500,0,2500,JESUS MARIA,Usuario origen: ALONDRA2025 | Liquidado origen: 1 | Credito abonado origen: 2500 | Fecha limite origen: 2026-01-02 | Dias restantes origen: 30 | Status origen: 1,,2025-12-03 17:52:38,,,,0,0,2500,[],,0
723,branch:default,2,EFECTIVO,MENUDEO,201.5,0,201.5,JESUS MARIA,Usuario origen: ALONDRA2025 | Liquidado origen: 1 | Credito abonado origen: 201.5 | Dias restantes origen: 0 | Status origen: 1,,2025-12-03 21:08:10,,,,0,0,201.5,[],,0
724,branch:default,2,EFECTIVO,MENUDEO,103,0,103,JESUS MARIA,Usuario origen: ALONDRA2025 | Liquidado origen: 1 | Credito abonado origen: 103 | Fecha limite origen: 2025-12-03 | Dias restantes origen: 0 | Status origen: 1,,2025-12-03 21:30:41,,,,0,0,103,[],,0
725,branch:default,53,EFECTIVO,MENUDEO,23303,0,23303,LA GILA,Usuario origen: ALONDRA2025 | Liquidado origen: 1 | Credito abonado origen: 23303 | Fecha limite origen: 2026-01-02 | Dias restantes origen: 30 | Status origen: 1,,2025-12-03 23:08:26,,,,0,0,23303,[],,0
726,branch:default,49,EFECTIVO,MENUDEO,4200,0,4200,DIF JESUS MARIA,Usuario origen: ALONDRA2025 | Liquidado origen: 1 | Credito abonado origen: 4200 | Fecha limite origen: 2025-12-19 | Dias restantes origen: 15 | Status origen: 1,,2025-12-04 15:05:15,,,,0,0,4200,[],,0
727,branch:default,2,EFECTIVO,MENUDEO,4,0,4,JESUS MARIA,Usuario origen: ALONDRA2025 | Liquidado origen: 1 | Credito abonado origen: 4 | Dias restantes origen: 0 | Status origen: 1,,2025-12-04 16:29:03,,,,0,0,4,[],,0
728,branch:default,2,EFECTIVO,MENUDEO,122,0,122,JESUS MARIA,Usuario origen: ALONDRA2025 | Liquidado origen: 1 | Credito abonado origen: 122 | Dias restantes origen: 0 | Status origen: 1,,2025-12-04 16:55:12,,,,0,0,122,[],,0
729,branch:default,3,EFECTIVO,MENUDEO,29000,0,29000,VIAJE PARA LA CONCRETERA,Usuario origen: ALEXA2025 | Liquidado origen: 1 | Credito abonado origen: 29000 | Fecha limite origen: 2025-12-19 | Dias restantes origen: 15 | Status origen: 1,,2025-12-04 18:55:54,,,,0,0,29000,[],,0
730,branch:default,54,EFECTIVO,MENUDEO,16000,0,16000,JESUS MARIA,Usuario origen: ALONDRA2025 | Liquidado origen: 1 | Credito abonado origen: 16000 | Fecha limite origen: 2025-12-19 | Dias restantes origen: 15 | Status origen: 1,,2025-12-04 19:21:45,,,,0,0,16000,[],,0
731,branch:default,44,EFECTIVO,MENUDEO,3300,0,3300,ARANDAS,Usuario origen: ALONDRA2025 | Liquidado origen: 1 | Credito abonado origen: 3300 | Fecha limite origen: 2026-01-03 | Dias restantes origen: 30 | Status origen: 1,,2025-12-04 21:14:28,,,,0,0,3300,[],,0
732,branch:default,2,EFECTIVO,MENUDEO,4400,0,4400,JESUS MARIA,Usuario origen: ALONDRA2025 | Liquidado origen: 1 | Credito abonado origen: 4400 | Dias restantes origen: 0 | Status origen: 1,,2025-12-04 21:17:03,,,,0,0,4400,[],,0
733,branch:default,19,EFECTIVO,MENUDEO,5700,0,5700,JESUS MARIA,Usuario origen: ALONDRA2025 | Liquidado origen: 1 | Credito abonado origen: 5700 | Fecha limite origen: 2025-12-19 | Dias restantes origen: 15 | Status origen: 1,,2025-12-04 21:51:46,,,,0,0,5700,[],,0
734,branch:default,30,EFECTIVO,MENUDEO,1567,0,1567,JESUS MARIA,Usuario origen: ALONDRA2025 | Liquidado origen: 1 | Credito abonado origen: 1567 | Fecha limite origen: 2026-01-04 | Dias restantes origen: 30 | Status origen: 1,,2025-12-05 14:22:16,,,,0,0,1567,[],,0
735,branch:default,44,EFECTIVO,MENUDEO,1950,0,1950,ARANDAS,Usuario origen: ALONDRA2025 | Liquidado origen: 1 | Credito abonado origen: 1950 | Fecha limite origen: 2026-01-04 | Dias restantes origen: 30 | Status origen: 1,,2025-12-05 14:34:35,,,,0,0,1950,[],,0
736,branch:default,6,EFECTIVO,MENUDEO,4700,0,4700,JESUS MARIA,Usuario origen: ALONDRA2025 | Liquidado origen: 1 | Credito abonado origen: 4700 | Fecha limite origen: 2025-12-05 | Dias restantes origen: 0 | Status origen: 1,,2025-12-05 14:57:39,,,,0,0,4700,[],,0
737,branch:default,5,EFECTIVO,MENUDEO,9200,0,9200,CEN COMER,Usuario origen: ALONDRA2025 | Liquidado origen: 1 | Credito abonado origen: 9200 | Fecha limite origen: 2025-12-20 | Dias restantes origen: 15 | Status origen: 1,,2025-12-05 15:57:35,,,,0,0,9200,[],,0
738,branch:default,30,EFECTIVO,MENUDEO,1180,0,1180,JESUS MARIA,Usuario origen: ALONDRA2025 | Liquidado origen: 1 | Credito abonado origen: 1180 | Fecha limite origen: 2026-01-04 | Dias restantes origen: 30 | Status origen: 1,,2025-12-05 16:28:22,,,,0,0,1180,[],,0
739,branch:default,3,EFECTIVO,MENUDEO,15000,0,15000,VIAJE DEL 25-NOV,Usuario origen: ALEXA2025 | Liquidado origen: 1 | Credito abonado origen: 15000 | Fecha limite origen: 2025-12-20 | Dias restantes origen: 15 | Status origen: 1,,2025-12-05 23:06:28,,,,0,0,15000,[],,0
740,branch:default,5,EFECTIVO,MENUDEO,1380,0,1380,CEN COMER,Usuario origen: ALONDRA2025 | Liquidado origen: 1 | Credito abonado origen: 1380 | Fecha limite origen: 2025-12-21 | Dias restantes origen: 15 | Status origen: 1,,2025-12-06 15:02:43,,,,0,0,1380,[],,0
741,branch:default,2,EFECTIVO,MENUDEO,51,0,51,JESUS MARIA,Usuario origen: ALONDRA2025 | Liquidado origen: 1 | Credito abonado origen: 51 | Dias restantes origen: 0 | Status origen: 1,,2025-12-06 16:20:36,,,,0,0,51,[],,0
742,branch:default,2,EFECTIVO,MENUDEO,9,0,9,JESUS MARIA,Usuario origen: ALONDRA2025 | Liquidado origen: 1 | Credito abonado origen: 9 | Dias restantes origen: 0 | Status origen: 1,,2025-12-06 17:46:13,,,,0,0,9,[],,0
743,branch:default,30,EFECTIVO,MENUDEO,354,0,354,JESUS MARIA,Usuario origen: ALONDRA2025 | Liquidado origen: 1 | Credito abonado origen: 354 | Dias restantes origen: 0 | Status origen: 1,,2025-12-06 19:19:59,,,,0,0,354,[],,0
744,branch:default,2,EFECTIVO,MENUDEO,34,0,34,JESUS MARIA,Usuario origen: ALONDRA2025 | Liquidado origen: 1 | Credito abonado origen: 34 | Dias restantes origen: 0 | Status origen: 1,,2025-12-08 14:48:07,,,,0,0,34,[],,0
745,branch:default,36,EFECTIVO,MENUDEO,1754,0,1754,FRACCIONAMIENTO SANTA FE,Usuario origen: ALONDRA2025 | Liquidado origen: 1 | Credito abonado origen: 1754 | Fecha limite origen: 2025-12-23 | Dias restantes origen: 15 | Status origen: 1,,2025-12-08 15:23:33,,,,0,0,1754,[],,0
746,branch:default,52,EFECTIVO,MENUDEO,8000,0,8000,JESUS MARIA,Usuario origen: ALONDRA2025 | Liquidado origen: 1 | Credito abonado origen: 8000 | Fecha limite origen: 2026-01-07 | Dias restantes origen: 30 | Status origen: 1,,2025-12-08 16:32:48,,,,0,0,8000,[],,0
747,branch:default,30,EFECTIVO,MENUDEO,240,0,240,JESUS MARIA,Usuario origen: ALONDRA2025 | Liquidado origen: 1 | Credito abonado origen: 240 | Fecha limite origen: 2026-01-07 | Dias restantes origen: 30 | Status origen: 1,,2025-12-08 19:20:49,,,,0,0,240,[],,0
748,branch:default,5,EFECTIVO,MENUDEO,4200,0,4200,CEN COMER,Usuario origen: ALONDRA2025 | Liquidado origen: 1 | Credito abonado origen: 4200 | Fecha limite origen: 2025-12-23 | Dias restantes origen: 15 | Status origen: 1,,2025-12-08 19:39:04,,,,0,0,4200,[],,0
749,branch:default,55,EFECTIVO,MENUDEO,11400,0,11400,PUERTA DE CARRETA,Usuario origen: ALONDRA2025 | Liquidado origen: 1 | Credito abonado origen: 11400 | Fecha limite origen: 2026-01-07 | Dias restantes origen: 30 | Status origen: 1,,2025-12-08 20:06:58,,,,0,0,11400,[],,0
750,branch:default,18,EFECTIVO,MENUDEO,3360,0,3360,CRUCERO POMEZ,Usuario origen: ALONDRA2025 | Liquidado origen: 1 | Credito abonado origen: 3360 | Fecha limite origen: 2025-12-23 | Dias restantes origen: 15 | Status origen: 1,,2025-12-08 22:29:42,,,,0,0,3360,[],,0
751,branch:default,52,EFECTIVO,MENUDEO,1270,0,1270,JESUS MARIA,Usuario origen: ALONDRA2025 | Liquidado origen: 1 | Credito abonado origen: 1270 | Fecha limite origen: 2026-01-07 | Dias restantes origen: 30 | Status origen: 1,,2025-12-08 22:44:00,,,,0,0,1270,[],,0
752,branch:default,18,CREDITO,MENUDEO,3360,0,3360,JESUS MARIA,Usuario origen: ALONDRA2025 | Liquidado origen: 0 | Credito abonado origen: 0 | Fecha limite origen: 2025-12-23 | Dias restantes origen: 15 | Status origen: 0,,2025-12-08 23:05:18,,,,0,3360,0,[],,0
753,branch:default,21,EFECTIVO,MENUDEO,2360,0,2360,JESUS MARIA,Usuario origen: ALONDRA2025 | Liquidado origen: 1 | Credito abonado origen: 2360 | Dias restantes origen: 0 | Status origen: 1,,2025-12-09 15:26:41,,,,0,0,2360,[],,0
754,branch:default,21,EFECTIVO,MENUDEO,60,0,60,JESUS MARIA,Usuario origen: ALONDRA2025 | Liquidado origen: 1 | Credito abonado origen: 60 | Dias restantes origen: 0 | Status origen: 1,,2025-12-09 15:28:09,,,,0,0,60,[],,0
755,branch:default,21,EFECTIVO,MENUDEO,3260,0,3260,JESUS MARIA,Usuario origen: ALONDRA2025 | Liquidado origen: 1 | Credito abonado origen: 3260 | Fecha limite origen: 2025-12-24 | Dias restantes origen: 15 | Status origen: 1,,2025-12-09 16:32:02,,,,0,0,3260,[],,0
756,branch:default,49,EFECTIVO,MENUDEO,4200,0,4200,DIF JESUS MARIA,Usuario origen: ALONDRA2025 | Liquidado origen: 1 | Credito abonado origen: 4200 | Fecha limite origen: 2025-12-24 | Dias restantes origen: 15 | Status origen: 1,,2025-12-09 17:16:54,,,,0,0,4200,[],,0
757,branch:default,5,EFECTIVO,MENUDEO,4600,0,4600,CEN COMER,Usuario origen: ALONDRA2025 | Liquidado origen: 1 | Credito abonado origen: 4600 | Fecha limite origen: 2025-12-24 | Dias restantes origen: 15 | Status origen: 1,,2025-12-09 20:30:18,,,,0,0,4600,[],,0
758,branch:default,20,CREDITO,MENUDEO,95,0,95,JESUS MARIA,Usuario origen: ALONDRA2025 | Liquidado origen: 0 | Credito abonado origen: 0 | Fecha limite origen: 2026-01-08 | Dias restantes origen: 30 | Status origen: 1,,2025-12-09 21:28:20,,,,0,95,0,[],,0
759,branch:default,31,EFECTIVO,MENUDEO,5150,0,5150,JESUS MARIA,Usuario origen: ALONDRA2025 | Liquidado origen: 1 | Credito abonado origen: 5150 | Fecha limite origen: 2025-12-25 | Dias restantes origen: 15 | Status origen: 1,,2025-12-10 13:22:57,,,,0,0,5150,[],,0
760,branch:default,56,EFECTIVO,MENUDEO,4550,0,4550,ESCUELA DE LAS POMEZ,Usuario origen: ALONDRA2025 | Liquidado origen: 1 | Credito abonado origen: 4550 | Fecha limite origen: 2026-01-09 | Dias restantes origen: 30 | Status origen: 1,,2025-12-10 13:27:23,,,,0,0,4550,[],,0
761,branch:default,3,EFECTIVO,MENUDEO,690,0,690,JESUS MARIA,Usuario origen: ALONDRA2025 | Liquidado origen: 1 | Credito abonado origen: 690 | Fecha limite origen: 2025-12-25 | Dias restantes origen: 15 | Status origen: 1,,2025-12-10 13:32:06,,,,0,0,690,[],,0
762,branch:default,3,EFECTIVO,MENUDEO,5850,0,5850,JESUS MARIA,Usuario origen: ALONDRA2025 | Liquidado origen: 1 | Credito abonado origen: 5850 | Fecha limite origen: 2025-12-25 | Dias restantes origen: 15 | Status origen: 1,,2025-12-10 14:14:24,,,,0,0,5850,[],,0
763,branch:default,3,EFECTIVO,MENUDEO,1821.3,0,1821.3,JESUS MARIA,Usuario origen: ALONDRA2025 | Liquidado origen: 1 | Credito abonado origen: 1821.3 | Fecha limite origen: 2025-12-25 | Dias restantes origen: 15 | Status origen: 1,,2025-12-10 14:25:05,,,,0,0,1821.3,[],,0
764,branch:default,56,EFECTIVO,MENUDEO,4550,0,4550,JESUS MARIA,Usuario origen: ALONDRA2025 | Liquidado origen: 1 | Credito abonado origen: 4550 | Fecha limite origen: 2026-01-09 | Dias restantes origen: 30 | Status origen: 1,,2025-12-10 14:42:43,,,,0,0,4550,[],,0
765,branch:default,49,EFECTIVO,MENUDEO,4200,0,4200,JESUS MARIA,Usuario origen: ALONDRA2025 | Liquidado origen: 1 | Credito abonado origen: 4200 | Fecha limite origen: 2025-12-25 | Dias restantes origen: 15 | Status origen: 1,,2025-12-10 15:06:54,,,,0,0,4200,[],,0
766,branch:default,5,EFECTIVO,MENUDEO,3600,0,3600,CEN COMER,Usuario origen: ALONDRA2025 | Liquidado origen: 1 | Credito abonado origen: 3600 | Fecha limite origen: 2025-12-25 | Dias restantes origen: 15 | Status origen: 1,,2025-12-10 19:29:41,,,,0,0,3600,[],,0
767,branch:default,53,EFECTIVO,MENUDEO,32213,0,32213,AGVINA,Usuario origen: ALONDRA2025 | Liquidado origen: 1 | Credito abonado origen: 32213 | Fecha limite origen: 2026-01-09 | Dias restantes origen: 30 | Status origen: 1,,2025-12-10 20:25:59,,,,0,0,32213,[],,0
768,branch:default,2,EFECTIVO,MENUDEO,567,0,567,JESUS MARIA,Usuario origen: ALONDRA2025 | Liquidado origen: 1 | Credito abonado origen: 567 | Dias restantes origen: 0 | Status origen: 1,,2025-12-10 21:59:39,,,,0,0,567,[],,0
769,branch:default,3,EFECTIVO,MENUDEO,30000,0,30000,VIAJE DEL 10-DIC,Usuario origen: ALEXA2025 | Liquidado origen: 1 | Credito abonado origen: 30000 | Fecha limite origen: 2025-12-26 | Dias restantes origen: 15 | Status origen: 1,,2025-12-11 13:21:56,,,,0,0,30000,[],,0
770,branch:default,53,EFECTIVO,MENUDEO,8874.5,0,8874.5,ARANDAS,Usuario origen: ALONDRA2025 | Liquidado origen: 1 | Credito abonado origen: 8874.5 | Fecha limite origen: 2026-01-10 | Dias restantes origen: 30 | Status origen: 1,,2025-12-11 13:36:48,,,,0,0,8874.5,[],,0
771,branch:default,2,EFECTIVO,MENUDEO,23,0,23,JESUS MARIA,Usuario origen: ALONDRA2025 | Liquidado origen: 1 | Credito abonado origen: 23 | Dias restantes origen: 0 | Status origen: 1,,2025-12-11 14:15:03,,,,0,0,23,[],,0
772,branch:default,3,EFECTIVO,MENUDEO,805,0,805,JESUS MARIA,Usuario origen: ALONDRA2025 | Liquidado origen: 1 | Credito abonado origen: 805 | Fecha limite origen: 2025-12-26 | Dias restantes origen: 15 | Status origen: 1,,2025-12-11 15:39:03,,,,0,0,805,[],,0
773,branch:default,53,EFECTIVO,MENUDEO,7900,0,7900,ARANDAS- NISLA C37,Usuario origen: ALONDRA2025 | Liquidado origen: 1 | Credito abonado origen: 7900 | Fecha limite origen: 2026-01-10 | Dias restantes origen: 30 | Status origen: 1,,2025-12-11 17:44:54,,,,0,0,7900,[],,0
774,branch:default,19,EFECTIVO,MENUDEO,60,0,60,JESUS MARIA,Usuario origen: ALONDRA2025 | Liquidado origen: 1 | Credito abonado origen: 60 | Dias restantes origen: 0 | Status origen: 1,,2025-12-11 19:12:41,,,,0,0,60,[],,0
775,branch:default,19,EFECTIVO,MENUDEO,45,0,45,JESUS MARIA,Usuario origen: ALONDRA2025 | Liquidado origen: 1 | Credito abonado origen: 45 | Dias restantes origen: 0 | Status origen: 1,,2025-12-11 19:13:22,,,,0,0,45,[],,0
776,branch:default,8,EFECTIVO,MENUDEO,2592,0,2592,JESUS MARIA,Usuario origen: ALONDRA2025 | Liquidado origen: 1 | Credito abonado origen: 2592 | Fecha limite origen: 2025-12-26 | Dias restantes origen: 15 | Status origen: 1,,2025-12-11 19:59:48,,,,0,0,2592,[],,0
777,branch:default,52,EFECTIVO,MENUDEO,2555,0,2555,JESUS MARIA,Usuario origen: ALONDRA2025 | Liquidado origen: 1 | Credito abonado origen: 2555 | Fecha limite origen: 2026-01-10 | Dias restantes origen: 30 | Status origen: 1,,2025-12-11 20:28:07,,,,0,0,2555,[],,0
778,branch:default,2,EFECTIVO,MENUDEO,115,0,115,JESUS MARIA,Usuario origen: ALONDRA2025 | Liquidado origen: 1 | Credito abonado origen: 115 | Dias restantes origen: 0 | Status origen: 1,,2025-12-11 21:54:49,,,,0,0,115,[],,0
779,branch:default,49,EFECTIVO,MENUDEO,4200,0,4200,DIF JESUS MARIA,Usuario origen: ALONDRA2025 | Liquidado origen: 1 | Credito abonado origen: 4200 | Fecha limite origen: 2025-12-27 | Dias restantes origen: 15 | Status origen: 1,,2025-12-12 13:45:53,,,,0,0,4200,[],,0
780,branch:default,5,EFECTIVO,MENUDEO,4600,0,4600,CEN COMER,Usuario origen: ALONDRA2025 | Liquidado origen: 1 | Credito abonado origen: 4600 | Fecha limite origen: 2025-12-27 | Dias restantes origen: 15 | Status origen: 1,,2025-12-12 13:56:25,,,,0,0,4600,[],,0
781,branch:default,30,EFECTIVO,MENUDEO,4160,0,4160,JESUS MARIA,Usuario origen: ALONDRA2025 | Liquidado origen: 1 | Credito abonado origen: 4160 | Fecha limite origen: 2026-01-11 | Dias restantes origen: 30 | Status origen: 1,,2025-12-12 14:01:28,,,,0,0,4160,[],,0
782,branch:default,30,EFECTIVO,MENUDEO,13,0,13,JESUS MARIA,Usuario origen: ALONDRA2025 | Liquidado origen: 1 | Credito abonado origen: 13 | Fecha limite origen: 2026-01-11 | Dias restantes origen: 30 | Status origen: 1,,2025-12-12 14:17:22,,,,0,0,13,[],,0
783,branch:default,52,EFECTIVO,MENUDEO,2085,0,2085,JESUS MARIA,Usuario origen: ALONDRA2025 | Liquidado origen: 1 | Credito abonado origen: 2085 | Fecha limite origen: 2026-01-11 | Dias restantes origen: 30 | Status origen: 1,,2025-12-12 14:32:35,,,,0,0,2085,[],,0
784,branch:default,52,EFECTIVO,MENUDEO,158,0,158,JESUS MARIA,Usuario origen: ALONDRA2025 | Liquidado origen: 1 | Credito abonado origen: 158 | Fecha limite origen: 2026-01-11 | Dias restantes origen: 30 | Status origen: 0,,2025-12-12 15:37:50,,,,0,0,158,[],,0
785,branch:default,2,EFECTIVO,MENUDEO,236,0,236,JESUS MARIA,Usuario origen: ALONDRA2025 | Liquidado origen: 1 | Credito abonado origen: 236 | Dias restantes origen: 0 | Status origen: 1,,2025-12-12 15:38:29,,,,0,0,236,[],,0
786,branch:default,52,EFECTIVO,MENUDEO,136,0,136,JESUS MARIA,Usuario origen: ALONDRA2025 | Liquidado origen: 1 | Credito abonado origen: 136 | Fecha limite origen: 2026-01-11 | Dias restantes origen: 30 | Status origen: 1,,2025-12-12 15:42:58,,,,0,0,136,[],,0
787,branch:default,57,EFECTIVO,MENUDEO,28500,0,28500,MANUEL DOBLADO,Usuario origen: ALONDRA2025 | Liquidado origen: 1 | Credito abonado origen: 28500 | Fecha limite origen: 2026-01-12 | Dias restantes origen: 30 | Status origen: 1,,2025-12-13 13:27:27,,,,0,0,28500,[],,0
788,branch:default,3,EFECTIVO,MENUDEO,14000,0,14000,VIAJE DEL 11-DIC,Usuario origen: ALEXA2025 | Liquidado origen: 1 | Credito abonado origen: 14000 | Fecha limite origen: 2025-12-28 | Dias restantes origen: 15 | Status origen: 1,,2025-12-13 14:03:18,,,,0,0,14000,[],,0
789,branch:default,3,EFECTIVO,MENUDEO,14000,0,14000,VIAJE DEL 12-DIC,Usuario origen: ALEXA2025 | Liquidado origen: 1 | Credito abonado origen: 14000 | Fecha limite origen: 2025-12-28 | Dias restantes origen: 15 | Status origen: 1,,2025-12-13 14:06:03,,,,0,0,14000,[],,0
790,branch:default,8,EFECTIVO,MENUDEO,5226,0,5226,JESUS MARIA,Usuario origen: ALONDRA2025 | Liquidado origen: 1 | Credito abonado origen: 5226 | Fecha limite origen: 2025-12-28 | Dias restantes origen: 15 | Status origen: 1,,2025-12-13 15:32:30,,,,0,0,5226,[],,0
791,branch:default,2,EFECTIVO,MENUDEO,22,0,22,JESUS MARIA,Usuario origen: ALONDRA2025 | Liquidado origen: 1 | Credito abonado origen: 22 | Dias restantes origen: 0 | Status origen: 1,,2025-12-13 18:02:18,,,,0,0,22,[],,0
792,branch:default,3,EFECTIVO,MENUDEO,15000,0,15000,VIAJE DEL 13-DIC,Usuario origen: ALEXA2025 | Liquidado origen: 1 | Credito abonado origen: 15000 | Fecha limite origen: 2025-12-28 | Dias restantes origen: 15 | Status origen: 1,,2025-12-13 18:03:34,,,,0,0,15000,[],,0
793,branch:default,2,EFECTIVO,MENUDEO,472,0,472,JESUS MARIA,Usuario origen: ALONDRA2025 | Liquidado origen: 1 | Credito abonado origen: 472 | Fecha limite origen: 2025-12-13 | Dias restantes origen: 0 | Status origen: 1,,2025-12-13 18:52:07,,,,0,0,472,[],,0
794,branch:default,2,EFECTIVO,MENUDEO,124,0,124,JESUS MARIA,Usuario origen: ALONDRA2025 | Liquidado origen: 1 | Credito abonado origen: 124 | Fecha limite origen: 2025-12-13 | Dias restantes origen: 0 | Status origen: 1,,2025-12-13 18:55:04,,,,0,0,124,[],,0
795,branch:default,2,EFECTIVO,MENUDEO,230,0,230,JESUS MARIA,Usuario origen: ALONDRA2025 | Liquidado origen: 1 | Credito abonado origen: 230 | Fecha limite origen: 2025-12-13 | Dias restantes origen: 0 | Status origen: 1,,2025-12-13 19:18:40,,,,0,0,230,[],,0
796,branch:default,5,EFECTIVO,MENUDEO,4600,0,4600,CEN COMER,Usuario origen: ALONDRA2025 | Liquidado origen: 1 | Credito abonado origen: 4600 | Fecha limite origen: 2025-12-30 | Dias restantes origen: 15 | Status origen: 1,,2025-12-15 15:55:37,,,,0,0,4600,[],,0
797,branch:default,3,EFECTIVO,MENUDEO,3315,0,3315,JESUS MARIA,Usuario origen: ALONDRA2025 | Liquidado origen: 1 | Credito abonado origen: 3315 | Fecha limite origen: 2025-12-30 | Dias restantes origen: 15 | Status origen: 1,,2025-12-15 18:46:54,,,,0,0,3315,[],,0
798,branch:default,5,EFECTIVO,MENUDEO,1380,0,1380,CEN COMER,Usuario origen: ALONDRA2025 | Liquidado origen: 1 | Credito abonado origen: 1380 | Fecha limite origen: 2025-12-30 | Dias restantes origen: 15 | Status origen: 1,,2025-12-15 19:53:28,,,,0,0,1380,[],,0
799,branch:default,52,EFECTIVO,MENUDEO,5328,0,5328,JESUS MARIA,Usuario origen: ALONDRA2025 | Liquidado origen: 1 | Credito abonado origen: 5328 | Fecha limite origen: 2026-01-14 | Dias restantes origen: 30 | Status origen: 1,,2025-12-15 19:59:25,,,,0,0,5328,[],,0
800,branch:default,52,EFECTIVO,MENUDEO,1350,0,1350,JESUS MARIA,Usuario origen: ALONDRA2025 | Liquidado origen: 1 | Credito abonado origen: 1350 | Fecha limite origen: 2026-01-14 | Dias restantes origen: 30 | Status origen: 1,,2025-12-15 21:28:03,,,,0,0,1350,[],,0
801,branch:default,20,CREDITO,MENUDEO,365,0,365,JESUS MARIA,Usuario origen: ALONDRA2025 | Liquidado origen: 0 | Credito abonado origen: 0 | Fecha limite origen: 2026-01-14 | Dias restantes origen: 30 | Status origen: 1,,2025-12-15 21:49:13,,,,0,365,0,[],,0
802,branch:default,52,EFECTIVO,MENUDEO,2800,0,2800,JESUS MARIA,Usuario origen: ALONDRA2025 | Liquidado origen: 1 | Credito abonado origen: 2800 | Fecha limite origen: 2026-01-14 | Dias restantes origen: 30 | Status origen: 1,,2025-12-15 22:06:37,,,,0,0,2800,[],,0
803,branch:default,2,EFECTIVO,MENUDEO,236,0,236,JESUS MARIA,Usuario origen: ALONDRA2025 | Liquidado origen: 1 | Credito abonado origen: 236 | Dias restantes origen: 0 | Status origen: 1,,2025-12-15 22:46:06,,,,0,0,236,[],,0
804,branch:default,3,EFECTIVO,MENUDEO,30000,0,30000,VIAJE DEL 15-DIC,Usuario origen: ALEXA2025 | Liquidado origen: 1 | Credito abonado origen: 30000 | Fecha limite origen: 2025-12-31 | Dias restantes origen: 15 | Status origen: 1,,2025-12-16 13:19:17,,,,0,0,30000,[],,0
805,branch:default,2,EFECTIVO,MENUDEO,4553.5,0,4553.5,CALLE MATAMOROS,Usuario origen: ALONDRA2025 | Liquidado origen: 1 | Credito abonado origen: 4553.5 | Dias restantes origen: 0 | Status origen: 1,,2025-12-16 13:26:02,,,,0,0,4553.5,[],,0
806,branch:default,2,EFECTIVO,MENUDEO,2400,0,2400,CALLE MATAMOROS,Usuario origen: ALONDRA2025 | Liquidado origen: 1 | Credito abonado origen: 2400 | Dias restantes origen: 0 | Status origen: 1,,2025-12-16 13:28:21,,,,0,0,2400,[],,0
807,branch:default,58,EFECTIVO,MENUDEO,2833,0,2833,LAS POMEZ,Usuario origen: ALONDRA2025 | Liquidado origen: 1 | Credito abonado origen: 2833 | Fecha limite origen: 2026-01-15 | Dias restantes origen: 30 | Status origen: 1,,2025-12-16 18:21:01,,,,0,0,2833,[],,0
808,branch:default,35,EFECTIVO,MENUDEO,3858,0,3858,JESUS MARIA,Usuario origen: ALONDRA2025 | Liquidado origen: 1 | Credito abonado origen: 3858 | Fecha limite origen: 2026-01-15 | Dias restantes origen: 30 | Status origen: 1,,2025-12-16 22:10:05,,,,0,0,3858,[],,0
809,branch:default,2,EFECTIVO,MENUDEO,140,0,140,JESUS MARIA,Usuario origen: ALONDRA2025 | Liquidado origen: 1 | Credito abonado origen: 140 | Dias restantes origen: 0 | Status origen: 1,,2025-12-16 23:07:42,,,,0,0,140,[],,0
810,branch:default,35,EFECTIVO,MENUDEO,8300,0,8300,JESUS MARIA,Usuario origen: ALONDRA2025 | Liquidado origen: 1 | Credito abonado origen: 8300 | Fecha limite origen: 2026-01-16 | Dias restantes origen: 30 | Status origen: 1,,2025-12-17 13:44:44,,,,0,0,8300,[],,0
811,branch:default,19,EFECTIVO,MENUDEO,2925,0,2925,LA LEONERA,Usuario origen: ALONDRA2025 | Liquidado origen: 1 | Credito abonado origen: 2925 | Fecha limite origen: 2026-01-01 | Dias restantes origen: 15 | Status origen: 1,,2025-12-17 13:49:10,,,,0,0,2925,[],,0
812,branch:default,52,EFECTIVO,MENUDEO,2800,0,2800,JESUS MARIA,Usuario origen: ALONDRA2025 | Liquidado origen: 1 | Credito abonado origen: 2800 | Fecha limite origen: 2026-01-16 | Dias restantes origen: 30 | Status origen: 1,,2025-12-17 13:54:21,,,,0,0,2800,[],,0
813,branch:default,2,EFECTIVO,MENUDEO,6500,0,6500,JESUS MARIA,Usuario origen: ALONDRA2025 | Liquidado origen: 1 | Credito abonado origen: 6500 | Dias restantes origen: 0 | Status origen: 1,,2025-12-17 15:16:04,,,,0,0,6500,[],,0
814,branch:default,29,EFECTIVO,MENUDEO,2506,0,2506,JESUS MARIA,Usuario origen: ALONDRA2025 | Liquidado origen: 1 | Credito abonado origen: 2506 | Fecha limite origen: 2026-01-16 | Dias restantes origen: 30 | Status origen: 1,,2025-12-17 15:21:34,,,,0,0,2506,[],,0
815,branch:default,52,EFECTIVO,MENUDEO,3700,0,3700,JESUS MARIA,Usuario origen: ALONDRA2025 | Liquidado origen: 1 | Credito abonado origen: 3700 | Fecha limite origen: 2026-01-16 | Dias restantes origen: 30 | Status origen: 1,,2025-12-17 18:02:37,,,,0,0,3700,[],,0
816,branch:default,52,EFECTIVO,MENUDEO,1800,0,1800,JESUS MARIA,Usuario origen: ALONDRA2025 | Liquidado origen: 1 | Credito abonado origen: 1800 | Fecha limite origen: 2026-01-16 | Dias restantes origen: 30 | Status origen: 1,,2025-12-17 18:29:52,,,,0,0,1800,[],,0
817,branch:default,19,EFECTIVO,MENUDEO,1050,0,1050,LA LEONERA,Usuario origen: ALONDRA2025 | Liquidado origen: 1 | Credito abonado origen: 1050 | Fecha limite origen: 2026-01-01 | Dias restantes origen: 15 | Status origen: 1,,2025-12-17 19:12:51,,,,0,0,1050,[],,0
818,branch:default,56,EFECTIVO,MENUDEO,9100,0,9100,ESCUELA DE LAS POMEZ,Usuario origen: ALONDRA2025 | Liquidado origen: 1 | Credito abonado origen: 9100 | Fecha limite origen: 2026-01-16 | Dias restantes origen: 30 | Status origen: 1,,2025-12-17 20:30:50,,,,0,0,9100,[],,0
819,branch:default,57,EFECTIVO,MENUDEO,9750,0,9750,MANUEL DOBLADO,Usuario origen: ALONDRA2025 | Liquidado origen: 1 | Credito abonado origen: 9750 | Fecha limite origen: 2026-01-17 | Dias restantes origen: 30 | Status origen: 1,,2025-12-18 13:35:35,,,,0,0,9750,[],,0
820,branch:default,49,EFECTIVO,MENUDEO,4200,0,4200,DIF JESUS MARIA,Usuario origen: ALONDRA2025 | Liquidado origen: 1 | Credito abonado origen: 4200 | Fecha limite origen: 2026-01-02 | Dias restantes origen: 15 | Status origen: 1,,2025-12-18 13:36:36,,,,0,0,4200,[],,0
821,branch:default,52,EFECTIVO,MENUDEO,1040,0,1040,JESUS MARIA,Usuario origen: ALONDRA2025 | Liquidado origen: 1 | Credito abonado origen: 1040 | Fecha limite origen: 2026-01-17 | Dias restantes origen: 30 | Status origen: 1,,2025-12-18 16:26:08,,,,0,0,1040,[],,0
822,branch:default,52,EFECTIVO,MENUDEO,780,0,780,JESUS MARIA,Usuario origen: ALONDRA2025 | Liquidado origen: 1 | Credito abonado origen: 780 | Fecha limite origen: 2026-01-17 | Dias restantes origen: 30 | Status origen: 1,,2025-12-18 20:25:47,,,,0,0,780,[],,0
823,branch:default,35,EFECTIVO,MENUDEO,2405,0,2405,JESUS MARIA,Usuario origen: ALONDRA2025 | Liquidado origen: 1 | Credito abonado origen: 2405 | Fecha limite origen: 2026-01-17 | Dias restantes origen: 30 | Status origen: 1,,2025-12-18 20:30:30,,,,0,0,2405,[],,0
824,branch:default,5,EFECTIVO,MENUDEO,2300,0,2300,JESUS MARIA,Usuario origen: ALONDRA2025 | Liquidado origen: 1 | Credito abonado origen: 2300 | Fecha limite origen: 2026-01-02 | Dias restantes origen: 15 | Status origen: 1,,2025-12-18 21:38:08,,,,0,0,2300,[],,0
825,branch:default,36,EFECTIVO,MENUDEO,1000,0,1000,JESUS MARIA,Usuario origen: ALONDRA2025 | Liquidado origen: 1 | Credito abonado origen: 1000 | Fecha limite origen: 2026-01-03 | Dias restantes origen: 15 | Status origen: 1,,2025-12-19 13:16:56,,,,0,0,1000,[],,0
826,branch:default,3,EFECTIVO,MENUDEO,44000,0,44000,VIAJE DEL 17-DIC Y 18-DIC,Usuario origen: ALEXA2025 | Liquidado origen: 1 | Credito abonado origen: 44000 | Fecha limite origen: 2026-01-03 | Dias restantes origen: 15 | Status origen: 1,,2025-12-19 13:31:46,,,,0,0,44000,[],,0
827,branch:default,52,EFECTIVO,MENUDEO,7400,0,7400,JESUS MARIA,Usuario origen: ALONDRA2025 | Liquidado origen: 1 | Credito abonado origen: 7400 | Fecha limite origen: 2026-01-18 | Dias restantes origen: 30 | Status origen: 1,,2025-12-19 15:16:14,,,,0,0,7400,[],,0
828,branch:default,2,EFECTIVO,MENUDEO,7,0,7,JESUS MARIA,Usuario origen: ALONDRA2025 | Liquidado origen: 1 | Credito abonado origen: 7 | Dias restantes origen: 0 | Status origen: 1,,2025-12-19 16:53:09,,,,0,0,7,[],,0
829,branch:default,6,EFECTIVO,MENUDEO,2360,0,2360,JESUS MARIA,Usuario origen: ALONDRA2025 | Liquidado origen: 1 | Credito abonado origen: 2360 | Fecha limite origen: 2025-12-19 | Dias restantes origen: 0 | Status origen: 1,,2025-12-19 17:35:42,,,,0,0,2360,[],,0
830,branch:default,49,EFECTIVO,MENUDEO,4200,0,4200,DIF JESUS MARIA,Usuario origen: ALONDRA2025 | Liquidado origen: 1 | Credito abonado origen: 4200 | Fecha limite origen: 2026-01-03 | Dias restantes origen: 15 | Status origen: 1,,2025-12-19 18:01:57,,,,0,0,4200,[],,0
831,branch:default,12,EFECTIVO,MENUDEO,90,0,90,JESUS MARIA,Usuario origen: ALONDRA2025 | Liquidado origen: 1 | Credito abonado origen: 90 | Fecha limite origen: 2026-01-18 | Dias restantes origen: 30 | Status origen: 1,,2025-12-19 18:45:14,,,,0,0,90,[],,0
832,branch:default,2,EFECTIVO,MENUDEO,59,0,59,JESUS MARIA,Usuario origen: ALONDRA2025 | Liquidado origen: 1 | Credito abonado origen: 59 | Fecha limite origen: 2025-12-19 | Dias restantes origen: 0 | Status origen: 1,,2025-12-19 21:56:15,,,,0,0,59,[],,0
833,branch:default,30,EFECTIVO,MENUDEO,3260,0,3260,JESUS MARIA,Usuario origen: ALONDRA2025 | Liquidado origen: 1 | Credito abonado origen: 3260 | Fecha limite origen: 2026-01-19 | Dias restantes origen: 30 | Status origen: 0,,2025-12-20 14:05:15,,,,0,0,3260,[],,0
834,branch:default,30,EFECTIVO,MENUDEO,2080,0,2080,JESUS MARIA,Usuario origen: ALONDRA2025 | Liquidado origen: 1 | Credito abonado origen: 2080 | Fecha limite origen: 2026-01-19 | Dias restantes origen: 30 | Status origen: 1,,2025-12-20 14:09:30,,,,0,0,2080,[],,0
835,branch:default,52,EFECTIVO,MENUDEO,6350,0,6350,JESUS MARIA,Usuario origen: ALONDRA2025 | Liquidado origen: 1 | Credito abonado origen: 6350 | Fecha limite origen: 2026-01-19 | Dias restantes origen: 30 | Status origen: 1,,2025-12-20 16:11:50,,,,0,0,6350,[],,0
836,branch:default,58,EFECTIVO,MENUDEO,180,0,180,JESUS MARIA,Usuario origen: ALONDRA2025 | Liquidado origen: 1 | Credito abonado origen: 180 | Dias restantes origen: 0 | Status origen: 1,,2025-12-20 17:17:55,,,,0,0,180,[],,0
837,branch:default,58,EFECTIVO,MENUDEO,65,0,65,JESUS MARIA,Usuario origen: ALONDRA2025 | Liquidado origen: 1 | Credito abonado origen: 65 | Dias restantes origen: 0 | Status origen: 1,,2025-12-20 17:22:35,,,,0,0,65,[],,0
838,branch:default,52,EFECTIVO,MENUDEO,4200,0,4200,JESUS MARIA,Usuario origen: ALONDRA2025 | Liquidado origen: 1 | Credito abonado origen: 4200 | Fecha limite origen: 2026-01-19 | Dias restantes origen: 30 | Status origen: 1,,2025-12-20 17:25:04,,,,0,0,4200,[],,0
839,branch:default,2,EFECTIVO,MENUDEO,1770,0,1770,JESUS MARIA,Usuario origen: ALONDRA2025 | Liquidado origen: 1 | Credito abonado origen: 1770 | Fecha limite origen: 2025-12-20 | Dias restantes origen: 0 | Status origen: 1,,2025-12-20 17:31:06,,,,0,0,1770,[],,0
840,branch:default,31,EFECTIVO,MENUDEO,1180,0,1180,JESUS MARIA,Usuario origen: ALONDRA2025 | Liquidado origen: 1 | Credito abonado origen: 1180 | Fecha limite origen: 2026-01-04 | Dias restantes origen: 15 | Status origen: 1,,2025-12-20 17:58:42,,,,0,0,1180,[],,0
841,branch:default,2,EFECTIVO,MENUDEO,18,0,18,JESUS MARIA,Usuario origen: ALONDRA2025 | Liquidado origen: 1 | Credito abonado origen: 18 | Fecha limite origen: 2025-12-20 | Dias restantes origen: 0 | Status origen: 1,,2025-12-20 20:45:08,,,,0,0,18,[],,0
842,branch:default,46,EFECTIVO,MENUDEO,2200,0,2200,JESUS MARIA,Usuario origen: ALONDRA2025 | Liquidado origen: 1 | Credito abonado origen: 2200 | Fecha limite origen: 2026-01-21 | Dias restantes origen: 30 | Status origen: 1,,2025-12-22 13:30:07,,,,0,0,2200,[],,0
843,branch:default,59,EFECTIVO,MENUDEO,2360,0,2360,JESUS MARIA,Usuario origen: ALONDRA2025 | Liquidado origen: 1 | Credito abonado origen: 2360 | Fecha limite origen: 2026-01-21 | Dias restantes origen: 30 | Status origen: 1,,2025-12-22 14:21:08,,,,0,0,2360,[],,0
844,branch:default,2,EFECTIVO,MENUDEO,190,0,190,JESUS MARIA,Usuario origen: ALONDRA2025 | Liquidado origen: 1 | Credito abonado origen: 190 | Fecha limite origen: 2025-12-22 | Dias restantes origen: 0 | Status origen: 1,,2025-12-22 15:34:46,,,,0,0,190,[],,0
845,branch:default,46,EFECTIVO,MENUDEO,1102.5,0,1102.5,JESUS MARIA,Usuario origen: ALONDRA2025 | Liquidado origen: 1 | Credito abonado origen: 1102.5 | Fecha limite origen: 2026-01-21 | Dias restantes origen: 30 | Status origen: 1,,2025-12-22 18:33:16,,,,0,0,1102.5,[],,0
846,branch:default,52,EFECTIVO,MENUDEO,607,0,607,JESUS MARIA,Usuario origen: ALONDRA2025 | Liquidado origen: 1 | Credito abonado origen: 607 | Fecha limite origen: 2026-01-21 | Dias restantes origen: 30 | Status origen: 1,,2025-12-22 19:39:47,,,,0,0,607,[],,0
847,branch:default,58,EFECTIVO,MENUDEO,832,0,832,JESUS MARIA,Usuario origen: ALONDRA2025 | Liquidado origen: 1 | Credito abonado origen: 832 | Fecha limite origen: 2026-01-21 | Dias restantes origen: 30 | Status origen: 1,,2025-12-22 19:42:14,,,,0,0,832,[],,0
848,branch:default,57,EFECTIVO,MENUDEO,1900,0,1900,MANUEL DOBLADO,Usuario origen: ALONDRA2025 | Liquidado origen: 1 | Credito abonado origen: 1900 | Fecha limite origen: 2026-01-21 | Dias restantes origen: 30 | Status origen: 1,,2025-12-22 19:54:05,,,,0,0,1900,[],,0
849,branch:default,36,CREDITO,MENUDEO,857,0,857,JESUS MARIA,Usuario origen: ALONDRA2025 | Liquidado origen: 0 | Credito abonado origen: 0 | Fecha limite origen: 2026-01-07 | Dias restantes origen: 15 | Status origen: 1,,2025-12-23 13:25:09,,,,0,857,0,[],,0
850,branch:default,46,EFECTIVO,MENUDEO,343,0,343,CALLE NUEVO LEON,Usuario origen: ALONDRA2025 | Liquidado origen: 1 | Credito abonado origen: 343 | Fecha limite origen: 2026-01-22 | Dias restantes origen: 30 | Status origen: 1,,2025-12-23 14:53:33,,,,0,0,343,[],,0
851,branch:default,46,EFECTIVO,MENUDEO,90,0,90,CALLE NUEVO LEON,Usuario origen: ALONDRA2025 | Liquidado origen: 1 | Credito abonado origen: 90 | Fecha limite origen: 2026-01-22 | Dias restantes origen: 30 | Status origen: 1,,2025-12-23 14:56:11,,,,0,0,90,[],,0
852,branch:default,46,EFECTIVO,MENUDEO,3800,0,3800,JESUS MARIA,Usuario origen: ALONDRA2025 | Liquidado origen: 1 | Credito abonado origen: 3800 | Fecha limite origen: 2026-01-22 | Dias restantes origen: 30 | Status origen: 1,,2025-12-23 15:13:46,,,,0,0,3800,[],,0
853,branch:default,49,EFECTIVO,MENUDEO,4200,0,4200,DIF JESUS MARIA,Usuario origen: ALONDRA2025 | Liquidado origen: 1 | Credito abonado origen: 4200 | Dias restantes origen: 0 | Status origen: 1,,2025-12-23 15:42:49,,,,0,0,4200,[],,0
854,branch:default,31,EFECTIVO,MENUDEO,354,0,354,JESUS MARIA,Usuario origen: ALONDRA2025 | Liquidado origen: 1 | Credito abonado origen: 354 | Fecha limite origen: 2026-01-07 | Dias restantes origen: 15 | Status origen: 1,,2025-12-23 15:57:55,,,,0,0,354,[],,0
855,branch:default,3,EFECTIVO,MENUDEO,2006,0,2006,JESUS MARIA,Usuario origen: ALONDRA2025 | Liquidado origen: 1 | Credito abonado origen: 2006 | Fecha limite origen: 2026-01-07 | Dias restantes origen: 15 | Status origen: 1,,2025-12-23 19:16:38,,,,0,0,2006,[],,0
856,branch:default,2,EFECTIVO,MENUDEO,50,0,50,JESUS MARIA,Usuario origen: ALONDRA2025 | Liquidado origen: 1 | Credito abonado origen: 50 | Dias restantes origen: 0 | Status origen: 1,,2025-12-23 19:41:21,,,,0,0,50,[],,0
857,branch:default,3,EFECTIVO,MENUDEO,2439.5,0,2439.5,JESUS MARIA,Usuario origen: ALONDRA2025 | Liquidado origen: 1 | Credito abonado origen: 2439.5 | Fecha limite origen: 2026-01-07 | Dias restantes origen: 15 | Status origen: 1,,2025-12-23 20:53:21,,,,0,0,2439.5,[],,0
858,branch:default,19,EFECTIVO,MENUDEO,102,0,102,JESUS MARIA,Usuario origen: ALONDRA2025 | Liquidado origen: 1 | Credito abonado origen: 102 | Fecha limite origen: 2026-01-07 | Dias restantes origen: 15 | Status origen: 1,,2025-12-23 21:52:59,,,,0,0,102,[],,0
859,branch:default,29,EFECTIVO,MENUDEO,12470,0,12470,JESUS MARIA,Usuario origen: ALONDRA2025 | Liquidado origen: 1 | Credito abonado origen: 12470 | Fecha limite origen: 2026-01-23 | Dias restantes origen: 30 | Status origen: 1,,2025-12-24 13:13:24,,,,0,0,12470,[],,0
860,branch:default,2,EFECTIVO,MENUDEO,2100,0,2100,JESUS MARIA,Usuario origen: ALONDRA2025 | Liquidado origen: 1 | Credito abonado origen: 2100 | Fecha limite origen: 2025-12-24 | Dias restantes origen: 0 | Status origen: 1,,2025-12-24 13:18:26,,,,0,0,2100,[],,0
861,branch:default,3,EFECTIVO,MENUDEO,14000,0,14000,VIAJE DEL 23-DIC-25,Usuario origen: ALEXA2025 | Liquidado origen: 1 | Credito abonado origen: 14000 | Fecha limite origen: 2026-01-08 | Dias restantes origen: 15 | Status origen: 1,,2025-12-24 15:00:03,,,,0,0,14000,[],,0
862,branch:default,6,EFECTIVO,MENUDEO,250,0,250,JESUS MARIA,Usuario origen: ALONDRA2025 | Liquidado origen: 1 | Credito abonado origen: 250 | Fecha limite origen: 2025-12-24 | Dias restantes origen: 0 | Status origen: 1,,2025-12-24 17:40:29,,,,0,0,250,[],,0
863,branch:default,49,EFECTIVO,MENUDEO,4200,0,4200,DIF JESUS MARIA,Usuario origen: ALONDRA2025 | Liquidado origen: 1 | Credito abonado origen: 4200 | Fecha limite origen: 2026-01-10 | Dias restantes origen: 15 | Status origen: 1,,2025-12-26 18:41:19,,,,0,0,4200,[],,0
864,branch:default,21,EFECTIVO,MENUDEO,4160,0,4160,JESUS MARIA,Usuario origen: ALONDRA2025 | Liquidado origen: 1 | Credito abonado origen: 4160 | Fecha limite origen: 2026-01-10 | Dias restantes origen: 15 | Status origen: 1,,2025-12-26 19:08:56,,,,0,0,4160,[],,0
865,branch:default,3,EFECTIVO,MENUDEO,194,0,194,JESUS MARIA,Usuario origen: ALONDRA2025 | Liquidado origen: 1 | Credito abonado origen: 194 | Fecha limite origen: 2026-01-10 | Dias restantes origen: 15 | Status origen: 1,,2025-12-26 19:19:19,,,,0,0,194,[],,0
866,branch:default,29,EFECTIVO,MENUDEO,360,0,360,JESUS MARIA,Usuario origen: ALONDRA2025 | Liquidado origen: 1 | Credito abonado origen: 360 | Fecha limite origen: 2026-01-25 | Dias restantes origen: 30 | Status origen: 1,,2025-12-26 22:26:33,,,,0,0,360,[],,0
867,branch:default,3,CREDITO,MENUDEO,15000,0,15000,VIAJE DEL 26-DIC,Usuario origen: ALEXA2025 | Liquidado origen: 0 | Credito abonado origen: 0 | Fecha limite origen: 2026-01-11 | Dias restantes origen: 15 | Status origen: 0,,2025-12-27 13:55:15,,,,0,15000,0,[],,0
868,branch:default,19,EFECTIVO,MENUDEO,5700,0,5700,JESUS MARIA,Usuario origen: ALONDRA2025 | Liquidado origen: 1 | Credito abonado origen: 5700 | Fecha limite origen: 2026-01-11 | Dias restantes origen: 15 | Status origen: 1,,2025-12-27 15:06:45,,,,0,0,5700,[],,0
869,branch:default,58,EFECTIVO,MENUDEO,250,0,250,JESUS MARIA,Usuario origen: ALONDRA2025 | Liquidado origen: 1 | Credito abonado origen: 250 | Fecha limite origen: 2026-01-26 | Dias restantes origen: 30 | Status origen: 1,,2025-12-27 17:33:38,,,,0,0,250,[],,0
870,branch:default,2,EFECTIVO,MENUDEO,5150,0,5150,JESUS MARIA,Usuario origen: ALONDRA2025 | Liquidado origen: 1 | Credito abonado origen: 5150 | Dias restantes origen: 0 | Status origen: 1,,2025-12-27 17:54:15,,,,0,0,5150,[],,0
871,branch:default,2,EFECTIVO,MENUDEO,285,0,285,JESUS MARIA,Usuario origen: ALONDRA2025 | Liquidado origen: 1 | Credito abonado origen: 285 | Dias restantes origen: 0 | Status origen: 1,,2025-12-27 18:48:20,,,,0,0,285,[],,0
872,branch:default,2,EFECTIVO,MENUDEO,280,0,280,JESUS MARIA,Usuario origen: ALONDRA2025 | Liquidado origen: 1 | Credito abonado origen: 280 | Dias restantes origen: 0 | Status origen: 1,,2025-12-27 19:36:53,,,,0,0,280,[],,0
873,branch:default,2,EFECTIVO,MENUDEO,140,0,140,JESUS MARIA,Usuario origen: ALONDRA2025 | Liquidado origen: 1 | Credito abonado origen: 140 | Dias restantes origen: 0 | Status origen: 1,,2025-12-29 23:10:02,,,,0,0,140,[],,0
874,branch:default,54,EFECTIVO,MENUDEO,16000,0,16000,JESUS MARIA,Usuario origen: ALONDRA2025 | Liquidado origen: 1 | Credito abonado origen: 16000 | Fecha limite origen: 2026-01-14 | Dias restantes origen: 15 | Status origen: 1,,2025-12-30 14:02:00,,,,0,0,16000,[],,0
875,branch:default,54,EFECTIVO,MENUDEO,16000,0,16000,JESUS MARIA,Usuario origen: ALONDRA2025 | Liquidado origen: 1 | Credito abonado origen: 16000 | Fecha limite origen: 2026-01-14 | Dias restantes origen: 15 | Status origen: 1,,2025-12-30 14:26:59,,,,0,0,16000,[],,0
876,branch:default,54,EFECTIVO,MENUDEO,16000,0,16000,JESUS MARIA,Usuario origen: ALONDRA2025 | Liquidado origen: 1 | Credito abonado origen: 16000 | Fecha limite origen: 2026-01-14 | Dias restantes origen: 15 | Status origen: 1,,2025-12-30 14:31:35,,,,0,0,16000,[],,0
877,branch:default,12,EFECTIVO,MENUDEO,1428,0,1428,JESUS MARIA,Usuario origen: ALONDRA2025 | Liquidado origen: 1 | Credito abonado origen: 1428 | Fecha limite origen: 2026-01-29 | Dias restantes origen: 30 | Status origen: 1,,2025-12-30 15:21:11,,,,0,0,1428,[],,0
878,branch:default,2,EFECTIVO,MENUDEO,1818,0,1818,CALLE GUANAJUATO #92,Usuario origen: ALONDRA2025 | Liquidado origen: 1 | Credito abonado origen: 1818 | Fecha limite origen: 2025-12-30 | Dias restantes origen: 0 | Status origen: 1,,2025-12-30 15:26:56,,,,0,0,1818,[],,0
879,branch:default,37,EFECTIVO,MENUDEO,1200,0,1200,LIENZO CHARRO RAMIREZ NOGALES,Usuario origen: ALONDRA2025 | Liquidado origen: 1 | Credito abonado origen: 1200 | Fecha limite origen: 2026-01-14 | Dias restantes origen: 15 | Status origen: 1,,2025-12-30 16:24:23,,,,0,0,1200,[],,0
880,branch:default,49,EFECTIVO,MENUDEO,4200,0,4200,DIF JESUS MARIA,Usuario origen: ALONDRA2025 | Liquidado origen: 1 | Credito abonado origen: 4200 | Dias restantes origen: 0 | Status origen: 1,,2025-12-30 17:16:06,,,,0,0,4200,[],,0
881,branch:default,53,EFECTIVO,MENUDEO,4650,0,4650,NISLA C37 ARANDAS,Usuario origen: ALONDRA2025 | Liquidado origen: 1 | Credito abonado origen: 4650 | Fecha limite origen: 2026-01-29 | Dias restantes origen: 30 | Status origen: 1,,2025-12-30 20:21:04,,,,0,0,4650,[],,0
882,branch:default,2,EFECTIVO,MENUDEO,97,0,97,JESUS MARIA,Usuario origen: ALONDRA2025 | Liquidado origen: 1 | Credito abonado origen: 97 | Fecha limite origen: 2025-12-31 | Dias restantes origen: 0 | Status origen: 1,,2025-12-31 14:39:44,,,,0,0,97,[],,0
883,branch:default,12,EFECTIVO,MENUDEO,1150,0,1150,SAN RAFAEL,Usuario origen: ALONDRA2025 | Liquidado origen: 1 | Credito abonado origen: 1150 | Fecha limite origen: 2026-01-30 | Dias restantes origen: 30 | Status origen: 1,,2025-12-31 15:16:42,,,,0,0,1150,[],,0
884,branch:default,53,EFECTIVO,MENUDEO,4985,0,4985,HERRADURA 1 ARANDAS,Usuario origen: ALONDRA2025 | Liquidado origen: 1 | Credito abonado origen: 4985 | Fecha limite origen: 2026-01-30 | Dias restantes origen: 30 | Status origen: 1,,2025-12-31 15:47:52,,,,0,0,4985,[],,0
885,branch:default,60,CREDITO,MENUDEO,39600,0,39600,DEGOLLADO,Usuario origen: ALONDRA2025 | Liquidado origen: 0 | Credito abonado origen: 0 | Fecha limite origen: 2026-01-30 | Dias restantes origen: 30 | Status origen: 0,,2025-12-31 16:20:28,,,,0,39600,0,[],,0
886,branch:default,60,EFECTIVO,MENUDEO,26400,0,26400,DEGOLLADO,Usuario origen: ALONDRA2025 | Liquidado origen: 1 | Credito abonado origen: 26400 | Fecha limite origen: 2026-01-30 | Dias restantes origen: 30 | Status origen: 1,,2025-12-31 17:10:27,,,,0,0,26400,[],,0
887,branch:default,61,EFECTIVO,MENUDEO,1770,0,1770,JESUS MARIA,Usuario origen: ALONDRA2025 | Liquidado origen: 1 | Credito abonado origen: 1770 | Fecha limite origen: 2026-01-15 | Dias restantes origen: 15 | Status origen: 1,,2025-12-31 17:17:41,,,,0,0,1770,[],,0
888,branch:default,2,EFECTIVO,MENUDEO,28,0,28,JESUS MARIA,Usuario origen: ALONDRA2025 | Liquidado origen: 1 | Credito abonado origen: 28 | Fecha limite origen: 2025-12-31 | Dias restantes origen: 0 | Status origen: 1,,2025-12-31 19:14:58,,,,0,0,28,[],,0
889,branch:default,2,EFECTIVO,MENUDEO,21,0,21,JESUS MARIA,Usuario origen: ALONDRA2025 | Liquidado origen: 1 | Credito abonado origen: 21 | Dias restantes origen: 0 | Status origen: 1,,2025-12-31 19:17:57,,,,0,0,21,[],,0
890,branch:default,58,EFECTIVO,MENUDEO,326,0,326,JESUS MARIA,Usuario origen: ALONDRA2025 | Liquidado origen: 1 | Credito abonado origen: 326 | Dias restantes origen: 0 | Status origen: 1,,2025-12-31 20:15:19,,,,0,0,326,[],,0
891,branch:default,12,EFECTIVO,MENUDEO,345,0,345,SAN RAFAEL,Usuario origen: ALONDRA2025 | Liquidado origen: 1 | Credito abonado origen: 345 | Fecha limite origen: 2026-02-01 | Dias restantes origen: 30 | Status origen: 1,,2026-01-02 15:35:17,,,,0,0,345,[],,0
892,branch:default,2,EFECTIVO,MENUDEO,879,0,879,CALLE GUANAJUATO #92,Usuario origen: ALONDRA2025 | Liquidado origen: 1 | Credito abonado origen: 879 | Fecha limite origen: 2026-01-02 | Dias restantes origen: 0 | Status origen: 1,,2026-01-02 15:52:28,,,,0,0,879,[],,0
893,branch:default,62,EFECTIVO,MENUDEO,1698,0,1698,EL SABINITO,Usuario origen: ALONDRA2025 | Liquidado origen: 1 | Credito abonado origen: 1698 | Fecha limite origen: 2026-01-17 | Dias restantes origen: 15 | Status origen: 1,,2026-01-02 18:53:34,,,,0,0,1698,[],,0
894,branch:default,2,EFECTIVO,MENUDEO,35,0,35,JESUS MARIA,Usuario origen: Administrador | Liquidado origen: 1 | Credito abonado origen: 35 | Dias restantes origen: 0 | Status origen: 1,,2026-01-03 18:18:02,,,,0,0,35,[],,0
895,branch:default,60,EFECTIVO,MENUDEO,33000,0,33000,DEGOLLADO,Usuario origen: Administrador | Liquidado origen: 1 | Credito abonado origen: 33000 | Fecha limite origen: 2026-02-02 | Dias restantes origen: 30 | Status origen: 1,,2026-01-03 18:34:53,,,,0,0,33000,[],,0
896,branch:default,50,EFECTIVO,MENUDEO,4600,0,4600,ACUMBARO,Usuario origen: Administrador | Liquidado origen: 1 | Credito abonado origen: 4600 | Fecha limite origen: 2026-02-02 | Dias restantes origen: 30 | Status origen: 1,,2026-01-03 18:41:41,,,,0,0,4600,[],,0
897,branch:default,49,EFECTIVO,MENUDEO,4200,0,4200,JESUS MARIA,Usuario origen: Administrador | Liquidado origen: 1 | Credito abonado origen: 4200 | Dias restantes origen: 0 | Status origen: 1,,2026-01-05 13:15:21,,,,0,0,4200,[],,0
898,branch:default,59,EFECTIVO,MENUDEO,2670,0,2670,JESUS MARIA,Usuario origen: Administrador | Liquidado origen: 1 | Credito abonado origen: 2670 | Fecha limite origen: 2026-02-04 | Dias restantes origen: 30 | Status origen: 1,,2026-01-05 14:44:12,,,,0,0,2670,[],,0
899,branch:default,35,EFECTIVO,MENUDEO,4700,0,4700,JESUS MARIA,Usuario origen: Administrador | Liquidado origen: 1 | Credito abonado origen: 4700 | Fecha limite origen: 2026-02-04 | Dias restantes origen: 30 | Status origen: 1,,2026-01-05 18:08:07,,,,0,0,4700,[],,0
900,branch:default,53,EFECTIVO,MENUDEO,74660,0,74660,AGAVINA,Usuario origen: Administrador | Liquidado origen: 1 | Credito abonado origen: 74660 | Fecha limite origen: 2026-02-04 | Dias restantes origen: 30 | Status origen: 1,,2026-01-05 19:41:54,,,,0,0,74660,[],,0
901,branch:default,35,EFECTIVO,MENUDEO,4200,0,4200,JESUS MARIA,Usuario origen: Administrador | Liquidado origen: 1 | Credito abonado origen: 4200 | Fecha limite origen: 2026-02-04 | Dias restantes origen: 30 | Status origen: 1,,2026-01-05 19:59:27,,,,0,0,4200,[],,0
902,branch:default,4,EFECTIVO,MENUDEO,2654,0,2654,JESUS MARIA,Usuario origen: Administrador | Liquidado origen: 1 | Credito abonado origen: 2654 | Fecha limite origen: 2026-02-04 | Dias restantes origen: 30 | Status origen: 1,,2026-01-05 20:17:58,,,,0,0,2654,[],,0
903,branch:default,53,EFECTIVO,MENUDEO,4550,0,4550,NISLA C37,Usuario origen: Administrador | Liquidado origen: 1 | Credito abonado origen: 4550 | Fecha limite origen: 2026-02-04 | Dias restantes origen: 30 | Status origen: 1,,2026-01-05 21:06:27,,,,0,0,4550,[],,0
904,branch:default,5,EFECTIVO,MENUDEO,5850,0,5850,CEN COMER,Usuario origen: Administrador | Liquidado origen: 1 | Credito abonado origen: 5850 | Fecha limite origen: 2026-01-20 | Dias restantes origen: 15 | Status origen: 1,,2026-01-05 21:19:55,,,,0,0,5850,[],,0
905,branch:default,54,EFECTIVO,MENUDEO,16000,0,16000,JESUS MARIA,Usuario origen: Administrador | Liquidado origen: 1 | Credito abonado origen: 16000 | Fecha limite origen: 2026-01-20 | Dias restantes origen: 15 | Status origen: 1,,2026-01-05 21:26:12,,,,0,0,16000,[],,0
906,branch:default,52,EFECTIVO,MENUDEO,26348,0,26348,JESUS MARIA,Usuario origen: Administrador | Liquidado origen: 1 | Credito abonado origen: 26348 | Fecha limite origen: 2026-02-05 | Dias restantes origen: 30 | Status origen: 1,,2026-01-06 14:05:46,,,,0,0,26348,[],,0
907,branch:default,60,EFECTIVO,MENUDEO,26400,0,26400,DEGOLLADO,Usuario origen: Administrador | Liquidado origen: 1 | Credito abonado origen: 26400 | Fecha limite origen: 2026-02-05 | Dias restantes origen: 30 | Status origen: 1,,2026-01-06 14:18:20,,,,0,0,26400,[],,0
908,branch:default,56,EFECTIVO,ESPECIAL,9100,0,9100,ESCUELA DE LAS POMEZ,Usuario origen: Administrador | Liquidado origen: 1 | Credito abonado origen: 9100 | Fecha limite origen: 2026-02-05 | Dias restantes origen: 30 | Status origen: 1,,2026-01-06 15:07:32,,,,0,0,9100,[],,0
909,branch:default,8,EFECTIVO,MENUDEO,8750,0,8750,LAS LAGUNAS,Usuario origen: Administrador | Liquidado origen: 1 | Credito abonado origen: 8750 | Fecha limite origen: 2026-01-21 | Dias restantes origen: 15 | Status origen: 1,,2026-01-06 17:23:19,,,,0,0,8750,[],,0
910,branch:default,8,EFECTIVO,MENUDEO,4500,0,4500,LAS LAGUNAS,Usuario origen: Administrador | Liquidado origen: 1 | Credito abonado origen: 4500 | Fecha limite origen: 2026-01-21 | Dias restantes origen: 15 | Status origen: 1,,2026-01-06 17:41:56,,,,0,0,4500,[],,0
911,branch:default,49,EFECTIVO,MENUDEO,4200,0,4200,JESUS MARIA,Usuario origen: Administrador | Liquidado origen: 1 | Credito abonado origen: 4200 | Fecha limite origen: 2026-01-21 | Dias restantes origen: 15 | Status origen: 1,,2026-01-06 18:13:21,,,,0,0,4200,[],,0
912,branch:default,2,EFECTIVO,MENUDEO,236,0,236,JESUS MARIA,Usuario origen: Administrador | Liquidado origen: 1 | Credito abonado origen: 236 | Dias restantes origen: 0 | Status origen: 1,,2026-01-06 18:15:33,,,,0,0,236,[],,0
913,branch:default,48,EFECTIVO,MENUDEO,6050,0,6050,EL ROBLE,Usuario origen: Administrador | Liquidado origen: 1 | Credito abonado origen: 6050 | Fecha limite origen: 2026-01-21 | Dias restantes origen: 15 | Status origen: 1,,2026-01-06 18:31:58,,,,0,0,6050,[],,0
914,branch:default,6,EFECTIVO,MENUDEO,1125,0,1125,JESUS MARIA,Usuario origen: Administrador | Liquidado origen: 1 | Credito abonado origen: 1125 | Fecha limite origen: 2026-01-06 | Dias restantes origen: 0 | Status origen: 1,,2026-01-06 20:49:12,,,,0,0,1125,[],,0
915,branch:default,32,CREDITO,MENUDEO,13800,0,13800,TEQUILERA TEREMANA,Usuario origen: Administrador | Liquidado origen: 0 | Credito abonado origen: 0 | Fecha limite origen: 2026-02-05 | Dias restantes origen: 30 | Status origen: 1,,2026-01-06 22:25:21,,,,0,13800,0,[],,0
916,branch:default,52,EFECTIVO,MENUDEO,4820,0,4820,JESUS MARIA,Usuario origen: Administrador | Liquidado origen: 1 | Credito abonado origen: 4820 | Fecha limite origen: 2026-02-06 | Dias restantes origen: 30 | Status origen: 1,,2026-01-07 13:56:27,,,,0,0,4820,[],,0
917,branch:default,30,EFECTIVO,MENUDEO,2150,0,2150,JESUS MARIA,Usuario origen: Administrador | Liquidado origen: 1 | Credito abonado origen: 2150 | Fecha limite origen: 2026-02-06 | Dias restantes origen: 30 | Status origen: 1,,2026-01-07 14:04:45,,,,0,0,2150,[],,0
918,branch:default,32,CREDITO,MENUDEO,7400,0,7400,TEQUILERA TEREMANA,Usuario origen: Administrador | Liquidado origen: 0 | Credito abonado origen: 0 | Fecha limite origen: 2026-02-06 | Dias restantes origen: 30 | Status origen: 1,,2026-01-07 14:28:07,,,,0,7400,0,[],,0
919,branch:default,38,EFECTIVO,MENUDEO,9235,0,9235,JESUS MARIA,Usuario origen: Administrador | Liquidado origen: 1 | Credito abonado origen: 9235 | Fecha limite origen: 2026-02-06 | Dias restantes origen: 30 | Status origen: 1,,2026-01-07 14:45:56,,,,0,0,9235,[],,0
920,branch:default,2,EFECTIVO,MENUDEO,1230,0,1230,JESUS MARIA,Usuario origen: Administrador | Liquidado origen: 1 | Credito abonado origen: 1230 | Fecha limite origen: 2026-01-07 | Dias restantes origen: 0 | Status origen: 1,,2026-01-07 16:11:30,,,,0,0,1230,[],,0
921,branch:default,52,EFECTIVO,MENUDEO,720,0,720,JESUS MARIA,Usuario origen: Administrador | Liquidado origen: 1 | Credito abonado origen: 720 | Fecha limite origen: 2026-02-06 | Dias restantes origen: 30 | Status origen: 1,,2026-01-07 16:34:49,,,,0,0,720,[],,0
922,branch:default,18,EFECTIVO,MENUDEO,3700,0,3700,CRUCERO POMEZ,Usuario origen: Administrador | Liquidado origen: 1 | Credito abonado origen: 3700 | Fecha limite origen: 2026-01-22 | Dias restantes origen: 15 | Status origen: 1,,2026-01-07 17:24:29,,,,0,0,3700,[],,0
923,branch:default,53,EFECTIVO,MENUDEO,7450,0,7450,ARANDAS,Usuario origen: Administrador | Liquidado origen: 1 | Credito abonado origen: 7450 | Fecha limite origen: 2026-02-06 | Dias restantes origen: 30 | Status origen: 1,,2026-01-07 18:26:18,,,,0,0,7450,[],,0
924,branch:default,21,EFECTIVO,MENUDEO,4912,0,4912,JESUS MARIA,Usuario origen: Administrador | Liquidado origen: 1 | Credito abonado origen: 4912 | Fecha limite origen: 2026-01-22 | Dias restantes origen: 15 | Status origen: 1,,2026-01-07 18:51:47,,,,0,0,4912,[],,0
925,branch:default,29,EFECTIVO,MENUDEO,64,0,64,JESUS MARIA,Usuario origen: Administrador | Liquidado origen: 1 | Credito abonado origen: 64 | Dias restantes origen: 0 | Status origen: 1,,2026-01-07 20:37:50,,,,0,0,64,[],,0
926,branch:default,19,EFECTIVO,MENUDEO,13680,0,13680,JESUS MARIA,Usuario origen: Administrador | Liquidado origen: 1 | Credito abonado origen: 13680 | Fecha limite origen: 2026-01-22 | Dias restantes origen: 15 | Status origen: 1,,2026-01-07 20:44:29,,,,0,0,13680,[],,0
927,branch:default,63,EFECTIVO,MENUDEO,5918,0,5918,ABAJO DE LA BASCULA FUENTES,Usuario origen: Administrador | Liquidado origen: 1 | Credito abonado origen: 5918 | Fecha limite origen: 2026-01-22 | Dias restantes origen: 15 | Status origen: 1,,2026-01-07 21:04:43,,,,0,0,5918,[],,0
928,branch:default,18,EFECTIVO,MENUDEO,3150,0,3150,CRUCERO POMEZ,Usuario origen: Administrador | Liquidado origen: 1 | Credito abonado origen: 3150 | Fecha limite origen: 2026-01-22 | Dias restantes origen: 15 | Status origen: 1,,2026-01-07 21:08:30,,,,0,0,3150,[],,0
929,branch:default,5,EFECTIVO,MENUDEO,1800,0,1800,CEN COMER,Usuario origen: Administrador | Liquidado origen: 1 | Credito abonado origen: 1800 | Fecha limite origen: 2026-01-23 | Dias restantes origen: 15 | Status origen: 1,,2026-01-08 13:35:09,,,,0,0,1800,[],,0
930,branch:default,21,EFECTIVO,MENUDEO,408,0,408,JESUS MARIA,Usuario origen: Administrador | Liquidado origen: 1 | Credito abonado origen: 408 | Fecha limite origen: 2026-01-23 | Dias restantes origen: 15 | Status origen: 1,,2026-01-08 13:40:10,,,,0,0,408,[],,0
931,branch:default,35,EFECTIVO,MENUDEO,3360,0,3360,JESUS MARIA,Usuario origen: Administrador | Liquidado origen: 1 | Credito abonado origen: 3360 | Fecha limite origen: 2026-02-07 | Dias restantes origen: 30 | Status origen: 1,,2026-01-08 15:14:03,,,,0,0,3360,[],,0
932,branch:default,4,EFECTIVO,MENUDEO,261,0,261,JESUS MARIA,Usuario origen: Administrador | Liquidado origen: 1 | Credito abonado origen: 261 | Fecha limite origen: 2026-02-07 | Dias restantes origen: 30 | Status origen: 1,,2026-01-08 18:37:45,,,,0,0,261,[],,0
933,branch:default,49,EFECTIVO,MENUDEO,4200,0,4200,DIF JESUS MARIA,Usuario origen: Administrador | Liquidado origen: 1 | Credito abonado origen: 4200 | Fecha limite origen: 2026-01-23 | Dias restantes origen: 15 | Status origen: 1,,2026-01-08 19:28:22,,,,0,0,4200,[],,0
934,branch:default,5,EFECTIVO,MENUDEO,1800,0,1800,CEN COMER,Usuario origen: Administrador | Liquidado origen: 1 | Credito abonado origen: 1800 | Fecha limite origen: 2026-01-24 | Dias restantes origen: 15 | Status origen: 1,,2026-01-09 13:43:28,,,,0,0,1800,[],,0
935,branch:default,59,EFECTIVO,MENUDEO,345,0,345,EL SABINITO,Usuario origen: Administrador | Liquidado origen: 1 | Credito abonado origen: 345 | Fecha limite origen: 2026-02-08 | Dias restantes origen: 30 | Status origen: 1,,2026-01-09 13:55:23,,,,0,0,345,[],,0
936,branch:default,30,EFECTIVO,MENUDEO,72,0,72,JESUS MARIA,Usuario origen: Administrador | Liquidado origen: 1 | Credito abonado origen: 72 | Dias restantes origen: 0 | Status origen: 1,,2026-01-09 14:23:21,,,,0,0,72,[],,0
937,branch:default,53,EFECTIVO,MENUDEO,5000,0,5000,AGAVINA,Usuario origen: Administrador | Liquidado origen: 1 | Credito abonado origen: 5000 | Fecha limite origen: 2026-02-08 | Dias restantes origen: 30 | Status origen: 1,,2026-01-09 17:51:35,,,,0,0,5000,[],,0
938,branch:default,53,EFECTIVO,MENUDEO,1800,0,1800,AGAVINA,Usuario origen: Administrador | Liquidado origen: 1 | Credito abonado origen: 1800 | Fecha limite origen: 2026-02-08 | Dias restantes origen: 30 | Status origen: 1,,2026-01-09 18:15:05,,,,0,0,1800,[],,0
939,branch:default,52,EFECTIVO,MENUDEO,1905,0,1905,JESUS MARIA,Usuario origen: Administrador | Liquidado origen: 1 | Credito abonado origen: 1905 | Fecha limite origen: 2026-02-08 | Dias restantes origen: 30 | Status origen: 1,,2026-01-09 18:17:07,,,,0,0,1905,[],,0
940,branch:default,35,EFECTIVO,MENUDEO,7200,0,7200,JESUS MARIA,Usuario origen: Administrador | Liquidado origen: 1 | Credito abonado origen: 7200 | Fecha limite origen: 2026-02-08 | Dias restantes origen: 30 | Status origen: 1,,2026-01-09 21:13:32,,,,0,0,7200,[],,0
941,branch:default,5,EFECTIVO,MENUDEO,7700,0,7700,CEN COMER,Usuario origen: Administrador | Liquidado origen: 1 | Credito abonado origen: 7700 | Fecha limite origen: 2026-01-25 | Dias restantes origen: 15 | Status origen: 1,,2026-01-10 13:57:41,,,,0,0,7700,[],,0
942,branch:default,46,EFECTIVO,MENUDEO,1900,0,1900,JESUS MARIA,Usuario origen: Administrador | Liquidado origen: 1 | Credito abonado origen: 1900 | Fecha limite origen: 2026-02-09 | Dias restantes origen: 30 | Status origen: 1,,2026-01-10 14:37:16,,,,0,0,1900,[],,0
943,branch:default,5,EFECTIVO,MENUDEO,555,0,555,CEN COMER,Usuario origen: Administrador | Liquidado origen: 1 | Credito abonado origen: 555 | Fecha limite origen: 2026-01-25 | Dias restantes origen: 15 | Status origen: 1,,2026-01-10 14:55:45,,,,0,0,555,[],,0
944,branch:default,30,EFECTIVO,MENUDEO,1075,0,1075,JESUS MARIA,Usuario origen: Administrador | Liquidado origen: 1 | Credito abonado origen: 1075 | Fecha limite origen: 2026-02-09 | Dias restantes origen: 30 | Status origen: 1,,2026-01-10 20:34:04,,,,0,0,1075,[],,0
945,branch:default,52,EFECTIVO,MENUDEO,171,0,171,JESUS MARIA,Usuario origen: Administrador | Liquidado origen: 1 | Credito abonado origen: 171 | Fecha limite origen: 2026-02-11 | Dias restantes origen: 30 | Status origen: 1,,2026-01-12 15:00:48,,,,0,0,171,[],,0
946,branch:default,5,EFECTIVO,MENUDEO,4600,0,4600,CEN COMER,Usuario origen: Administrador | Liquidado origen: 1 | Credito abonado origen: 4600 | Fecha limite origen: 2026-01-27 | Dias restantes origen: 15 | Status origen: 1,,2026-01-12 15:18:11,,,,0,0,4600,[],,0
947,branch:default,21,EFECTIVO,MENUDEO,4950,0,4950,JESUS MARIA,Usuario origen: Administrador | Liquidado origen: 1 | Credito abonado origen: 4950 | Fecha limite origen: 2026-01-27 | Dias restantes origen: 15 | Status origen: 1,,2026-01-12 18:06:20,,,,0,0,4950,[],,0
948,branch:default,2,EFECTIVO,MENUDEO,21,0,21,JESUS MARIA,Usuario origen: Administrador | Liquidado origen: 1 | Credito abonado origen: 21 | Dias restantes origen: 0 | Status origen: 1,,2026-01-12 18:25:49,,,,0,0,21,[],,0
949,branch:default,64,EFECTIVO,MENUDEO,35205,0,35205,SAN JOSE DE LA PAZ,Usuario origen: Administrador | Liquidado origen: 1 | Credito abonado origen: 35205 | Fecha limite origen: 2026-02-11 | Dias restantes origen: 30 | Status origen: 1,,2026-01-12 19:29:15,,,,0,0,35205,[],,0
950,branch:default,44,EFECTIVO,MENUDEO,1580,0,1580,CAPULIN,Usuario origen: Administrador | Liquidado origen: 1 | Credito abonado origen: 1580 | Fecha limite origen: 2026-02-11 | Dias restantes origen: 30 | Status origen: 1,,2026-01-12 19:33:12,,,,0,0,1580,[],,0
951,branch:default,5,EFECTIVO,MENUDEO,1250,0,1250,CEN COMER,Usuario origen: Administrador | Liquidado origen: 1 | Credito abonado origen: 1250 | Fecha limite origen: 2026-01-27 | Dias restantes origen: 15 | Status origen: 1,,2026-01-12 19:56:33,,,,0,0,1250,[],,0
952,branch:default,53,EFECTIVO,MENUDEO,3500,0,3500,AGAVINA,Usuario origen: Administrador | Liquidado origen: 1 | Credito abonado origen: 3500 | Fecha limite origen: 2026-02-11 | Dias restantes origen: 30 | Status origen: 1,,2026-01-12 22:56:12,,,,0,0,3500,[],,0
953,branch:default,53,EFECTIVO,MENUDEO,504,0,504,AGAVINA,Usuario origen: Administrador | Liquidado origen: 1 | Credito abonado origen: 504 | Fecha limite origen: 2026-02-11 | Dias restantes origen: 30 | Status origen: 1,,2026-01-12 23:24:09,,,,0,0,504,[],,0
954,branch:default,2,EFECTIVO,MENUDEO,1080,0,1080,JESUS MARIA,Usuario origen: Administrador | Liquidado origen: 1 | Credito abonado origen: 1080 | Fecha limite origen: 2026-01-13 | Dias restantes origen: 0 | Status origen: 1,,2026-01-13 13:46:13,,,,0,0,1080,[],,0
955,branch:default,52,EFECTIVO,MENUDEO,111,0,111,JESUS MARIA,Usuario origen: Administrador | Liquidado origen: 1 | Credito abonado origen: 111 | Fecha limite origen: 2026-02-12 | Dias restantes origen: 30 | Status origen: 1,,2026-01-13 13:59:15,,,,0,0,111,[],,0
956,branch:default,53,EFECTIVO,MENUDEO,14000,0,14000,AGAVINA,Usuario origen: Administrador | Liquidado origen: 1 | Credito abonado origen: 14000 | Fecha limite origen: 2026-02-12 | Dias restantes origen: 30 | Status origen: 1,,2026-01-13 15:00:04,,,,0,0,14000,[],,0
957,branch:default,64,EFECTIVO,MENUDEO,2081,0,2081,SAN JOSE DE LA PAZ,Usuario origen: Administrador | Liquidado origen: 1 | Credito abonado origen: 2081 | Fecha limite origen: 2026-02-12 | Dias restantes origen: 30 | Status origen: 1,,2026-01-13 16:14:43,,,,0,0,2081,[],,0
958,branch:default,64,EFECTIVO,MENUDEO,2700,0,2700,SAN JOSE DE LA PAZ,Usuario origen: Administrador | Liquidado origen: 1 | Credito abonado origen: 2700 | Fecha limite origen: 2026-02-12 | Dias restantes origen: 30 | Status origen: 1,,2026-01-13 16:16:38,,,,0,0,2700,[],,0
959,branch:default,64,EFECTIVO,MENUDEO,3150,0,3150,SAN JOSE DE LA PAZ,Usuario origen: Administrador | Liquidado origen: 1 | Credito abonado origen: 3150 | Fecha limite origen: 2026-02-12 | Dias restantes origen: 30 | Status origen: 1,,2026-01-13 16:19:42,,,,0,0,3150,[],,0
960,branch:default,62,EFECTIVO,MENUDEO,115,0,115,JESUS MARIA,Usuario origen: Administrador | Liquidado origen: 1 | Credito abonado origen: 115 | Fecha limite origen: 2026-01-28 | Dias restantes origen: 15 | Status origen: 1,,2026-01-13 18:25:19,,,,0,0,115,[],,0
961,branch:default,53,EFECTIVO,MENUDEO,5000,0,5000,AGAVINA,Usuario origen: Administrador | Liquidado origen: 1 | Credito abonado origen: 5000 | Fecha limite origen: 2026-02-12 | Dias restantes origen: 30 | Status origen: 1,,2026-01-13 18:59:57,,,,0,0,5000,[],,0
962,branch:default,52,EFECTIVO,MENUDEO,6100,0,6100,JESUS MARIA,Usuario origen: Administrador | Liquidado origen: 1 | Credito abonado origen: 6100 | Fecha limite origen: 2026-02-12 | Dias restantes origen: 30 | Status origen: 1,,2026-01-13 19:20:19,,,,0,0,6100,[],,0
963,branch:default,4,EFECTIVO,MENUDEO,92.5,0,92.5,JESUS MARIA,Usuario origen: Administrador | Liquidado origen: 1 | Credito abonado origen: 92.5 | Fecha limite origen: 2026-02-12 | Dias restantes origen: 30 | Status origen: 1,,2026-01-13 19:54:29,,,,0,0,92.5,[],,0
964,branch:default,2,EFECTIVO,MENUDEO,1250,0,1250,JESUS MARIA,Usuario origen: Administrador | Liquidado origen: 1 | Credito abonado origen: 1250 | Fecha limite origen: 2026-01-13 | Dias restantes origen: 0 | Status origen: 1,,2026-01-13 20:26:14,,,,0,0,1250,[],,0
965,branch:default,65,EFECTIVO,MENUDEO,1800,0,1800,JESUS MARIA,Usuario origen: Administrador | Liquidado origen: 1 | Credito abonado origen: 1800 | Fecha limite origen: 2026-02-12 | Dias restantes origen: 30 | Status origen: 1,,2026-01-13 20:28:38,,,,0,0,1800,[],,0
966,branch:default,65,EFECTIVO,MENUDEO,1800,0,1800,JESUS MARIA,Usuario origen: Administrador | Liquidado origen: 1 | Credito abonado origen: 1800 | Fecha limite origen: 2026-02-12 | Dias restantes origen: 30 | Status origen: 1,,2026-01-13 20:29:13,,,,0,0,1800,[],,0
967,branch:default,5,EFECTIVO,MENUDEO,3600,0,3600,CEN COMER,Usuario origen: Administrador | Liquidado origen: 1 | Credito abonado origen: 3600 | Fecha limite origen: 2026-01-28 | Dias restantes origen: 15 | Status origen: 1,,2026-01-13 22:25:14,,,,0,0,3600,[],,0
968,branch:default,30,EFECTIVO,MENUDEO,1725,0,1725,JESUS MARIA,Usuario origen: Administrador | Liquidado origen: 1 | Credito abonado origen: 1725 | Fecha limite origen: 2026-02-13 | Dias restantes origen: 30 | Status origen: 1,,2026-01-14 14:23:42,,,,0,0,1725,[],,0
969,branch:default,53,EFECTIVO,MENUDEO,1290,0,1290,AGAVINA,Usuario origen: Administrador | Liquidado origen: 1 | Credito abonado origen: 1290 | Fecha limite origen: 2026-02-13 | Dias restantes origen: 30 | Status origen: 1,,2026-01-14 15:54:13,,,,0,0,1290,[],,0
970,branch:default,53,EFECTIVO,MENUDEO,665,0,665,AGAVINA,Usuario origen: Administrador | Liquidado origen: 1 | Credito abonado origen: 665 | Fecha limite origen: 2026-02-13 | Dias restantes origen: 30 | Status origen: 1,,2026-01-14 16:15:05,,,,0,0,665,[],,0
971,branch:default,5,EFECTIVO,MENUDEO,4600,0,4600,CEN COMER,Usuario origen: Administrador | Liquidado origen: 1 | Credito abonado origen: 4600 | Fecha limite origen: 2026-01-29 | Dias restantes origen: 15 | Status origen: 1,,2026-01-14 18:42:47,,,,0,0,4600,[],,0
972,branch:default,56,EFECTIVO,MENUDEO,9100,0,9100,ESCUELA DE LAS POMEZ,Usuario origen: Administrador | Liquidado origen: 1 | Credito abonado origen: 9100 | Fecha limite origen: 2026-02-13 | Dias restantes origen: 30 | Status origen: 1,,2026-01-14 20:48:03,,,,0,0,9100,[],,0
973,branch:default,32,CREDITO,MENUDEO,3360,0,3360,TEQUILERA TEREMANA,Usuario origen: Administrador | Liquidado origen: 0 | Credito abonado origen: 0 | Fecha limite origen: 2026-02-13 | Dias restantes origen: 30 | Status origen: 1,,2026-01-14 20:55:45,,,,0,3360,0,[],,0
974,branch:default,53,EFECTIVO,MENUDEO,5000,0,5000,AGAVINA,Usuario origen: Administrador | Liquidado origen: 1 | Credito abonado origen: 5000 | Fecha limite origen: 2026-02-13 | Dias restantes origen: 30 | Status origen: 1,,2026-01-14 21:06:46,,,,0,0,5000,[],,0
975,branch:default,53,EFECTIVO,MENUDEO,5000,0,5000,AGAVINA,Usuario origen: Administrador | Liquidado origen: 1 | Credito abonado origen: 5000 | Fecha limite origen: 2026-02-13 | Dias restantes origen: 30 | Status origen: 1,,2026-01-14 21:07:56,,,,0,0,5000,[],,0
976,branch:default,53,EFECTIVO,MENUDEO,5000,0,5000,AGAVINA,Usuario origen: Administrador | Liquidado origen: 1 | Credito abonado origen: 5000 | Fecha limite origen: 2026-02-13 | Dias restantes origen: 30 | Status origen: 1,,2026-01-14 21:10:18,,,,0,0,5000,[],,0
977,branch:default,53,EFECTIVO,MENUDEO,5000,0,5000,AGAVINA,Usuario origen: Administrador | Liquidado origen: 1 | Credito abonado origen: 5000 | Fecha limite origen: 2026-02-13 | Dias restantes origen: 30 | Status origen: 1,,2026-01-14 21:10:47,,,,0,0,5000,[],,0
978,branch:default,53,EFECTIVO,MENUDEO,5000,0,5000,AGAVINA,Usuario origen: Administrador | Liquidado origen: 1 | Credito abonado origen: 5000 | Fecha limite origen: 2026-02-13 | Dias restantes origen: 30 | Status origen: 1,,2026-01-14 21:11:46,,,,0,0,5000,[],,0
979,branch:default,4,EFECTIVO,MENUDEO,4600,0,4600,LA CIERRITA,Usuario origen: Administrador | Liquidado origen: 1 | Credito abonado origen: 4600 | Fecha limite origen: 2026-02-14 | Dias restantes origen: 30 | Status origen: 1,,2026-01-15 13:34:15,,,,0,0,4600,[],,0
980,branch:default,53,EFECTIVO,MENUDEO,5000,0,5000,AGAVINA,Usuario origen: Administrador | Liquidado origen: 1 | Credito abonado origen: 5000 | Fecha limite origen: 2026-02-14 | Dias restantes origen: 30 | Status origen: 1,,2026-01-15 17:57:46,,,,0,0,5000,[],,0
981,branch:default,53,EFECTIVO,MENUDEO,5000,0,5000,AGAVINA,Usuario origen: Administrador | Liquidado origen: 1 | Credito abonado origen: 5000 | Fecha limite origen: 2026-02-14 | Dias restantes origen: 30 | Status origen: 1,,2026-01-15 17:58:34,,,,0,0,5000,[],,0
982,branch:default,53,EFECTIVO,MENUDEO,5000,0,5000,AGAVINA,Usuario origen: Administrador | Liquidado origen: 1 | Credito abonado origen: 5000 | Fecha limite origen: 2026-02-14 | Dias restantes origen: 30 | Status origen: 1,,2026-01-15 17:59:10,,,,0,0,5000,[],,0
983,branch:default,53,EFECTIVO,MENUDEO,5000,0,5000,AGAVINA,Usuario origen: Administrador | Liquidado origen: 1 | Credito abonado origen: 5000 | Fecha limite origen: 2026-02-14 | Dias restantes origen: 30 | Status origen: 1,,2026-01-15 18:00:23,,,,0,0,5000,[],,0
984,branch:default,53,EFECTIVO,MENUDEO,5000,0,5000,AGAVINA,Usuario origen: Administrador | Liquidado origen: 1 | Credito abonado origen: 5000 | Fecha limite origen: 2026-02-14 | Dias restantes origen: 30 | Status origen: 1,,2026-01-15 18:04:10,,,,0,0,5000,[],,0
985,branch:default,53,EFECTIVO,MENUDEO,5000,0,5000,AGAVINA,Usuario origen: Administrador | Liquidado origen: 1 | Credito abonado origen: 5000 | Fecha limite origen: 2026-02-14 | Dias restantes origen: 30 | Status origen: 1,,2026-01-15 18:04:44,,,,0,0,5000,[],,0
986,branch:default,53,EFECTIVO,MENUDEO,5000,0,5000,AGAVINA,Usuario origen: Administrador | Liquidado origen: 1 | Credito abonado origen: 5000 | Fecha limite origen: 2026-02-14 | Dias restantes origen: 30 | Status origen: 1,,2026-01-15 18:06:22,,,,0,0,5000,[],,0
987,branch:default,5,EFECTIVO,MENUDEO,4200,0,4200,CEN COMER,Usuario origen: Administrador | Liquidado origen: 1 | Credito abonado origen: 4200 | Fecha limite origen: 2026-01-30 | Dias restantes origen: 15 | Status origen: 1,,2026-01-15 18:10:21,,,,0,0,4200,[],,0
988,branch:default,5,EFECTIVO,MENUDEO,3600,0,3600,CEN COMER,Usuario origen: Administrador | Liquidado origen: 1 | Credito abonado origen: 3600 | Fecha limite origen: 2026-01-30 | Dias restantes origen: 15 | Status origen: 1,,2026-01-15 18:13:30,,,,0,0,3600,[],,0
989,branch:default,53,EFECTIVO,MENUDEO,300,0,300,AGAVINA,Usuario origen: Administrador | Liquidado origen: 1 | Credito abonado origen: 300 | Fecha limite origen: 2026-02-14 | Dias restantes origen: 30 | Status origen: 1,,2026-01-15 18:15:13,,,,0,0,300,[],,0
990,branch:default,46,EFECTIVO,MENUDEO,1677,0,1677,JESUS MARIA,Usuario origen: Administrador | Liquidado origen: 1 | Credito abonado origen: 1677 | Fecha limite origen: 2026-02-14 | Dias restantes origen: 30 | Status origen: 1,,2026-01-15 19:27:03,,,,0,0,1677,[],,0
991,branch:default,18,EFECTIVO,MENUDEO,675,0,675,CRUCERO POMEZ,Usuario origen: Administrador | Liquidado origen: 1 | Credito abonado origen: 675 | Fecha limite origen: 2026-01-30 | Dias restantes origen: 15 | Status origen: 1,,2026-01-15 19:51:31,,,,0,0,675,[],,0
992,branch:default,53,EFECTIVO,MENUDEO,8100,0,8100,ARANDAS,Usuario origen: Administrador | Liquidado origen: 1 | Credito abonado origen: 8100 | Fecha limite origen: 2026-02-14 | Dias restantes origen: 30 | Status origen: 1,,2026-01-15 19:58:23,,,,0,0,8100,[],,0
993,branch:default,52,EFECTIVO,MENUDEO,3150,0,3150,JESUS MARIA,Usuario origen: Administrador | Liquidado origen: 1 | Credito abonado origen: 3150 | Fecha limite origen: 2026-02-14 | Dias restantes origen: 30 | Status origen: 0,,2026-01-15 21:31:24,,,,0,0,3150,[],,0
994,branch:default,35,EFECTIVO,MENUDEO,11294,0,11294,JESUS MARIA,Usuario origen: Administrador | Liquidado origen: 1 | Credito abonado origen: 11294 | Fecha limite origen: 2026-02-14 | Dias restantes origen: 30 | Status origen: 1,,2026-01-15 22:04:03,,,,0,0,11294,[],,0
995,branch:default,52,EFECTIVO,MENUDEO,4200,0,4200,JESUS MARIA,Usuario origen: Administrador | Liquidado origen: 1 | Credito abonado origen: 4200 | Fecha limite origen: 2026-02-14 | Dias restantes origen: 30 | Status origen: 1,,2026-01-15 22:06:05,,,,0,0,4200,[],,0
996,branch:default,5,EFECTIVO,MENUDEO,4600,0,4600,CEN COMER,Usuario origen: Administrador | Liquidado origen: 1 | Credito abonado origen: 4600 | Fecha limite origen: 2026-01-30 | Dias restantes origen: 15 | Status origen: 1,,2026-01-15 23:29:56,,,,0,0,4600,[],,0
997,branch:default,5,EFECTIVO,MENUDEO,4600,0,4600,CEN COMER,Usuario origen: Administrador | Liquidado origen: 1 | Credito abonado origen: 4600 | Fecha limite origen: 2026-01-30 | Dias restantes origen: 15 | Status origen: 1,,2026-01-15 23:30:31,,,,0,0,4600,[],,0
998,branch:default,3,EFECTIVO,MENUDEO,1380.5,0,1380.5,JESUS MARIA,Usuario origen: Administrador | Liquidado origen: 1 | Credito abonado origen: 1380.5 | Fecha limite origen: 2026-01-30 | Dias restantes origen: 15 | Status origen: 1,,2026-01-16 00:09:12,,,,0,0,1380.5,[],,0
999,branch:default,53,EFECTIVO,MENUDEO,602,0,602,AGAVINA,Usuario origen: Administrador | Liquidado origen: 1 | Credito abonado origen: 602 | Fecha limite origen: 2026-02-15 | Dias restantes origen: 30 | Status origen: 1,,2026-01-16 13:39:51,,,,0,0,602,[],,0
1000,branch:default,53,EFECTIVO,MENUDEO,1720,0,1720,ARANDAS,Usuario origen: Administrador | Liquidado origen: 1 | Credito abonado origen: 1720 | Fecha limite origen: 2026-02-15 | Dias restantes origen: 30 | Status origen: 1,,2026-01-16 13:45:52,,,,0,0,1720,[],,0
1001,branch:default,53,EFECTIVO,MENUDEO,5000,0,5000,AGAVINA,Usuario origen: Administrador | Liquidado origen: 1 | Credito abonado origen: 5000 | Fecha limite origen: 2026-02-15 | Dias restantes origen: 30 | Status origen: 1,,2026-01-16 15:27:44,,,,0,0,5000,[],,0
1002,branch:default,53,EFECTIVO,MENUDEO,5000,0,5000,AGAVINA,Usuario origen: Administrador | Liquidado origen: 1 | Credito abonado origen: 5000 | Fecha limite origen: 2026-02-15 | Dias restantes origen: 30 | Status origen: 1,,2026-01-16 15:28:17,,,,0,0,5000,[],,0
1003,branch:default,53,EFECTIVO,MAYOREO,5000,0,5000,AGAVINA,Usuario origen: Administrador | Liquidado origen: 1 | Credito abonado origen: 5000 | Fecha limite origen: 2026-02-15 | Dias restantes origen: 30 | Status origen: 1,,2026-01-16 15:29:24,,,,0,0,5000,[],,0
1004,branch:default,53,EFECTIVO,MENUDEO,5000,0,5000,AGAVINA,Usuario origen: Administrador | Liquidado origen: 1 | Credito abonado origen: 5000 | Fecha limite origen: 2026-02-15 | Dias restantes origen: 30 | Status origen: 1,,2026-01-16 15:30:07,,,,0,0,5000,[],,0
1005,branch:default,53,EFECTIVO,MENUDEO,5000,0,5000,AGAVINA,Usuario origen: Administrador | Liquidado origen: 1 | Credito abonado origen: 5000 | Fecha limite origen: 2026-02-15 | Dias restantes origen: 30 | Status origen: 1,,2026-01-16 15:31:20,,,,0,0,5000,[],,0
1006,branch:default,2,EFECTIVO,MENUDEO,930,0,930,JESUS MARIA,Usuario origen: Administrador | Liquidado origen: 1 | Credito abonado origen: 930 | Fecha limite origen: 2026-01-16 | Dias restantes origen: 0 | Status origen: 1,,2026-01-16 16:04:49,,,,0,0,930,[],,0
1007,branch:default,5,EFECTIVO,MENUDEO,3000,0,3000,CEN COMER,Usuario origen: Administrador | Liquidado origen: 1 | Credito abonado origen: 3000 | Fecha limite origen: 2026-01-31 | Dias restantes origen: 15 | Status origen: 1,,2026-01-16 17:39:31,,,,0,0,3000,[],,0
1008,branch:default,6,EFECTIVO,MENUDEO,1250,0,1250,JESUS MARIA,Usuario origen: Administrador | Liquidado origen: 1 | Credito abonado origen: 1250 | Fecha limite origen: 2026-01-16 | Dias restantes origen: 0 | Status origen: 1,,2026-01-16 19:05:22,,,,0,0,1250,[],,0
1009,branch:default,38,EFECTIVO,MENUDEO,3860,0,3860,JESUS MARIA,Usuario origen: Administrador | Liquidado origen: 1 | Credito abonado origen: 3860 | Fecha limite origen: 2026-02-15 | Dias restantes origen: 30 | Status origen: 1,,2026-01-16 21:05:22,,,,0,0,3860,[],,0
1010,branch:default,53,EFECTIVO,MENUDEO,5000,0,5000,AGAVINA,Usuario origen: Administrador | Liquidado origen: 1 | Credito abonado origen: 5000 | Fecha limite origen: 2026-02-15 | Dias restantes origen: 30 | Status origen: 1,,2026-01-16 21:11:11,,,,0,0,5000,[],,0
1011,branch:default,63,EFECTIVO,MENUDEO,114,0,114,JESUS MARIA,Usuario origen: Administrador | Liquidado origen: 1 | Credito abonado origen: 114 | Fecha limite origen: 2026-02-01 | Dias restantes origen: 15 | Status origen: 1,,2026-01-17 14:51:56,,,,0,0,114,[],,0
1012,branch:default,63,EFECTIVO,MENUDEO,345,0,345,ABAJO DE LA BASCULA FUENTES,Usuario origen: Administrador | Liquidado origen: 1 | Credito abonado origen: 345 | Fecha limite origen: 2026-02-01 | Dias restantes origen: 15 | Status origen: 1,,2026-01-17 17:05:45,,,,0,0,345,[],,0
1013,branch:default,53,EFECTIVO,MENUDEO,2681,0,2681,AGAVINA,Usuario origen: Administrador | Liquidado origen: 1 | Credito abonado origen: 2681 | Fecha limite origen: 2026-02-16 | Dias restantes origen: 30 | Status origen: 1,,2026-01-17 17:19:54,,,,0,0,2681,[],,0
1014,branch:default,19,EFECTIVO,MENUDEO,6000,0,6000,BLOQUERA,Usuario origen: Administrador | Liquidado origen: 1 | Credito abonado origen: 6000 | Fecha limite origen: 2026-02-01 | Dias restantes origen: 15 | Status origen: 1,,2026-01-17 18:19:31,,,,0,0,6000,[],,0
1015,branch:default,5,EFECTIVO,MENUDEO,8150,0,8150,CEN COMER,Usuario origen: Administrador | Liquidado origen: 1 | Credito abonado origen: 8150 | Fecha limite origen: 2026-02-01 | Dias restantes origen: 15 | Status origen: 1,,2026-01-17 19:10:13,,,,0,0,8150,[],,0
1016,branch:default,2,EFECTIVO,MENUDEO,14,0,14,JESUS MARIA,Usuario origen: Administrador | Liquidado origen: 1 | Credito abonado origen: 14 | Dias restantes origen: 0 | Status origen: 1,,2026-01-19 14:00:56,,,,0,0,14,[],,0
1017,branch:default,2,EFECTIVO,MENUDEO,60,0,60,JESUS MARIA,Usuario origen: Administrador | Liquidado origen: 1 | Credito abonado origen: 60 | Dias restantes origen: 0 | Status origen: 1,,2026-01-19 14:19:03,,,,0,0,60,[],,0
1018,branch:default,5,EFECTIVO,MENUDEO,3000,0,3000,CEN COMER,Usuario origen: Administrador | Liquidado origen: 1 | Credito abonado origen: 3000 | Fecha limite origen: 2026-02-03 | Dias restantes origen: 15 | Status origen: 1,,2026-01-19 14:42:54,,,,0,0,3000,[],,0
1019,branch:default,63,EFECTIVO,MENUDEO,690,0,690,BASCULA FUENTES,Usuario origen: Administrador | Liquidado origen: 1 | Credito abonado origen: 690 | Fecha limite origen: 2026-02-03 | Dias restantes origen: 15 | Status origen: 1,,2026-01-19 14:45:19,,,,0,0,690,[],,0
1020,branch:default,52,EFECTIVO,MENUDEO,132,0,132,JESUS MARIA,Usuario origen: Administrador | Liquidado origen: 1 | Credito abonado origen: 132 | Fecha limite origen: 2026-02-18 | Dias restantes origen: 30 | Status origen: 1,,2026-01-19 14:56:54,,,,0,0,132,[],,0
1021,branch:default,59,EFECTIVO,MENUDEO,1925,0,1925,EL SABINITO,Usuario origen: Administrador | Liquidado origen: 1 | Credito abonado origen: 1925 | Fecha limite origen: 2026-02-18 | Dias restantes origen: 30 | Status origen: 1,,2026-01-19 15:30:46,,,,0,0,1925,[],,0
1022,branch:default,30,EFECTIVO,MENUDEO,1250,0,1250,JESUS MARIA,Usuario origen: Administrador | Liquidado origen: 1 | Credito abonado origen: 1250 | Fecha limite origen: 2026-02-18 | Dias restantes origen: 30 | Status origen: 1,,2026-01-19 15:32:10,,,,0,0,1250,[],,0
1023,branch:default,52,EFECTIVO,MENUDEO,14900,0,14900,JESUS MARIA,Usuario origen: Administrador | Liquidado origen: 1 | Credito abonado origen: 14900 | Fecha limite origen: 2026-02-18 | Dias restantes origen: 30 | Status origen: 1,,2026-01-19 18:47:05,,,,0,0,14900,[],,0
1024,branch:default,53,EFECTIVO,MENUDEO,1225,0,1225,JESUS MARIA,Usuario origen: Administrador | Liquidado origen: 1 | Credito abonado origen: 1225 | Fecha limite origen: 2026-02-18 | Dias restantes origen: 30 | Status origen: 1,,2026-01-19 19:36:45,,,,0,0,1225,[],,0
1025,branch:default,59,EFECTIVO,MENUDEO,1350,0,1350,EL SABINITO,Usuario origen: Administrador | Liquidado origen: 1 | Credito abonado origen: 1350 | Fecha limite origen: 2026-02-18 | Dias restantes origen: 30 | Status origen: 1,,2026-01-19 21:31:27,,,,0,0,1350,[],,0
1026,branch:default,2,EFECTIVO,MENUDEO,4700,0,4700,rgdret,Usuario origen: Administrador | Vendedor origen: 1 | Liquidado origen: 1 | Credito abonado origen: 4700 | Dias restantes origen: 0 | Status origen: 0,,2026-01-19 22:19:10,,,,0,0,4700,[],,0
1027,branch:default,2,EFECTIVO,MENUDEO,236,0,236,JESUS MARIA,Usuario origen: Administrador | Liquidado origen: 1 | Credito abonado origen: 236 | Fecha limite origen: 2026-01-20 | Dias restantes origen: 0 | Status origen: 1,,2026-01-20 13:23:30,,,,0,0,236,[],,0
1028,branch:default,13,EFECTIVO,MENUDEO,4610,0,4610,JESUS MARIA,Usuario origen: Administrador | Liquidado origen: 1 | Credito abonado origen: 4610 | Fecha limite origen: 2026-02-04 | Dias restantes origen: 15 | Status origen: 1,,2026-01-20 14:39:23,,,,0,0,4610,[],,0
1029,branch:default,2,EFECTIVO,MENUDEO,113,0,113,JESUS MARIA,Usuario origen: Administrador | Liquidado origen: 1 | Credito abonado origen: 113 | Dias restantes origen: 0 | Status origen: 1,,2026-01-20 14:42:33,,,,0,0,113,[],,0
1030,branch:default,64,EFECTIVO,MENUDEO,3600,0,3600,SAN JOSE DE LA PAZ,Usuario origen: Administrador | Liquidado origen: 1 | Credito abonado origen: 3600 | Fecha limite origen: 2026-02-19 | Dias restantes origen: 30 | Status origen: 1,,2026-01-20 17:31:52,,,,0,0,3600,[],,0
1031,branch:default,5,EFECTIVO,MENUDEO,9450,0,9450,CEN COMER,Usuario origen: Administrador | Liquidado origen: 1 | Credito abonado origen: 9450 | Fecha limite origen: 2026-02-04 | Dias restantes origen: 15 | Status origen: 1,,2026-01-20 17:42:57,,,,0,0,9450,[],,0
1032,branch:default,53,EFECTIVO,MENUDEO,14000,0,14000,HERRADURA 1 ARANDAS,Usuario origen: Administrador | Liquidado origen: 1 | Credito abonado origen: 14000 | Fecha limite origen: 2026-02-19 | Dias restantes origen: 30 | Status origen: 1,,2026-01-20 18:14:03,,,,0,0,14000,[],,0
1033,branch:default,46,EFECTIVO,MENUDEO,3800,0,3800,el ocote,Usuario origen: Administrador | Liquidado origen: 1 | Credito abonado origen: 3800 | Fecha limite origen: 2026-02-19 | Dias restantes origen: 30 | Status origen: 1,,2026-01-20 20:00:03,,,,0,0,3800,[],,0
1034,branch:default,19,EFECTIVO,MENUDEO,14,0,14,JESUS MARIA,Usuario origen: Administrador | Liquidado origen: 1 | Credito abonado origen: 14 | Dias restantes origen: 0 | Status origen: 1,,2026-01-20 20:54:39,,,,0,0,14,[],,0
1035,branch:default,53,EFECTIVO,MENUDEO,2200,0,2200,NISLA C60,Usuario origen: ALONDRA26 | Liquidado origen: 1 | Credito abonado origen: 2200 | Fecha limite origen: 2026-02-20 | Dias restantes origen: 30 | Status origen: 1,,2026-01-21 14:05:34,,,,0,0,2200,[],,0
1036,branch:default,2,EFECTIVO,MENUDEO,14,0,14,JESUS MARIA,Usuario origen: ALONDRA26 | Liquidado origen: 1 | Credito abonado origen: 14 | Dias restantes origen: 0 | Status origen: 1,,2026-01-21 14:43:23,,,,0,0,14,[],,0
1037,branch:default,35,EFECTIVO,MENUDEO,11000,0,11000,JESUS MARIA,Usuario origen: ALONDRA26 | Liquidado origen: 1 | Credito abonado origen: 11000 | Fecha limite origen: 2026-02-20 | Dias restantes origen: 30 | Status origen: 1,,2026-01-21 15:25:34,,,,0,0,11000,[],,0
1038,branch:default,2,EFECTIVO,MENUDEO,74,0,74,JESUS MARIA,Usuario origen: ALONDRA26 | Liquidado origen: 1 | Credito abonado origen: 74 | Dias restantes origen: 0 | Status origen: 1,,2026-01-21 15:49:47,,,,0,0,74,[],,0
1039,branch:default,2,EFECTIVO,MENUDEO,21450,0,21450,ROSALES,Usuario origen: ALONDRA26 | Liquidado origen: 1 | Credito abonado origen: 21450 | Dias restantes origen: 0 | Status origen: 1,,2026-01-21 18:29:18,,,,0,0,21450,[],,0
1040,branch:default,46,EFECTIVO,MENUDEO,728,0,728,ROSA DE CASTILLA,Usuario origen: ALONDRA26 | Liquidado origen: 1 | Credito abonado origen: 728 | Fecha limite origen: 2026-02-20 | Dias restantes origen: 30 | Status origen: 1,,2026-01-21 19:44:35,,,,0,0,728,[],,0
1041,branch:default,6,EFECTIVO,MENUDEO,625,0,625,JESUS MARIA,Usuario origen: ALONDRA26 | Liquidado origen: 1 | Credito abonado origen: 625 | Fecha limite origen: 2026-01-21 | Dias restantes origen: 0 | Status origen: 1,,2026-01-21 20:39:19,,,,0,0,625,[],,0
1042,branch:default,53,EFECTIVO,MENUDEO,61500,0,61500,AGAVINA,Usuario origen: ALONDRA26 | Liquidado origen: 1 | Credito abonado origen: 61500 | Fecha limite origen: 2026-02-20 | Dias restantes origen: 30 | Status origen: 1,,2026-01-21 21:19:38,,,,0,0,61500,[],,0
1043,branch:default,2,EFECTIVO,MENUDEO,2132,0,2132,JESUS MARIA,Usuario origen: ALONDRA26 | Liquidado origen: 1 | Credito abonado origen: 2132 | Dias restantes origen: 0 | Status origen: 1,,2026-01-21 22:05:02,,,,0,0,2132,[],,0
1044,branch:default,5,EFECTIVO,MENUDEO,3600,0,3600,CEN COMER,Usuario origen: ALONDRA26 | Liquidado origen: 1 | Credito abonado origen: 3600 | Fecha limite origen: 2026-02-05 | Dias restantes origen: 15 | Status origen: 1,,2026-01-21 22:54:09,,,,0,0,3600,[],,0
1045,branch:default,2,EFECTIVO,MENUDEO,2980,0,2980,CALLE MATAMOROS,Usuario origen: ALONDRA26 | Liquidado origen: 1 | Credito abonado origen: 2980 | Dias restantes origen: 0 | Status origen: 0,,2026-01-22 13:48:36,,,,0,0,2980,[],,0
1046,branch:default,2,EFECTIVO,MENUDEO,3050,0,3050,JESUS MARIA,Usuario origen: ALONDRA26 | Liquidado origen: 1 | Credito abonado origen: 3050 | Fecha limite origen: 2026-01-22 | Dias restantes origen: 0 | Status origen: 1,,2026-01-22 14:22:44,,,,0,0,3050,[],,0
1047,branch:default,53,EFECTIVO,MENUDEO,2250,0,2250,NISLA C37,Usuario origen: ALONDRA26 | Liquidado origen: 1 | Credito abonado origen: 2250 | Fecha limite origen: 2026-02-21 | Dias restantes origen: 30 | Status origen: 1,,2026-01-22 17:31:01,,,,0,0,2250,[],,0
1048,branch:default,53,EFECTIVO,MENUDEO,354,0,354,NISLA BODEJA 5,Usuario origen: ALONDRA26 | Liquidado origen: 1 | Credito abonado origen: 354 | Fecha limite origen: 2026-02-21 | Dias restantes origen: 30 | Status origen: 1,,2026-01-22 17:34:14,,,,0,0,354,[],,0
1049,branch:default,58,EFECTIVO,MENUDEO,48,0,48,JESUS MARIA,Usuario origen: ALONDRA26 | Liquidado origen: 1 | Credito abonado origen: 48 | Dias restantes origen: 0 | Status origen: 1,,2026-01-22 17:49:29,,,,0,0,48,[],,0
1050,branch:default,2,EFECTIVO,MENUDEO,80,0,80,JESUS MARIA,Usuario origen: ALONDRA26 | Liquidado origen: 1 | Credito abonado origen: 80 | Dias restantes origen: 0 | Status origen: 1,,2026-01-22 17:56:50,,,,0,0,80,[],,0
1051,branch:default,53,EFECTIVO,MENUDEO,2500,0,2500,HERRADURA 1 ARANDAS,Usuario origen: ALONDRA26 | Liquidado origen: 1 | Credito abonado origen: 2500 | Fecha limite origen: 2026-02-21 | Dias restantes origen: 30 | Status origen: 1,,2026-01-22 19:36:12,,,,0,0,2500,[],,0
1052,branch:default,53,EFECTIVO,MENUDEO,11700,0,11700,HERRADURA 1 ARANDAS,Usuario origen: ALONDRA26 | Liquidado origen: 1 | Credito abonado origen: 11700 | Fecha limite origen: 2026-02-21 | Dias restantes origen: 30 | Status origen: 1,,2026-01-22 19:37:59,,,,0,0,11700,[],,0
1053,branch:default,18,EFECTIVO,MENUDEO,762.5,0,762.5,CRUCERO POMEZ,Usuario origen: ALONDRA26 | Liquidado origen: 1 | Credito abonado origen: 762.5 | Fecha limite origen: 2026-02-06 | Dias restantes origen: 15 | Status origen: 1,,2026-01-22 20:10:16,,,,0,0,762.5,[],,0
1054,branch:default,56,EFECTIVO,MENUDEO,9300,0,9300,ESCUELA DE LAS POMEZ,Usuario origen: ALONDRA26 | Liquidado origen: 1 | Credito abonado origen: 9300 | Fecha limite origen: 2026-02-21 | Dias restantes origen: 30 | Status origen: 1,,2026-01-22 20:46:19,,,,0,0,9300,[],,0
1055,branch:default,52,CREDITO,MENUDEO,3800,0,3800,JESUS MARIA,Usuario origen: ALONDRA26 | Liquidado origen: 0 | Credito abonado origen: 0 | Fecha limite origen: 2026-02-21 | Dias restantes origen: 30 | Status origen: 0,,2026-01-22 21:48:45,,,,0,3800,0,[],,0
1056,branch:default,52,CREDITO,MENUDEO,5600,0,5600,JESUS MARIA,Usuario origen: ALONDRA26 | Liquidado origen: 0 | Credito abonado origen: 0 | Fecha limite origen: 2026-02-21 | Dias restantes origen: 30 | Status origen: 0,,2026-01-22 22:31:04,,,,0,5600,0,[],,0
1057,branch:default,52,EFECTIVO,MENUDEO,10100,0,10100,JESUS MARIA,Usuario origen: ALONDRA26 | Liquidado origen: 1 | Credito abonado origen: 10100 | Fecha limite origen: 2026-02-21 | Dias restantes origen: 30 | Status origen: 1,,2026-01-22 22:55:08,,,,0,0,10100,[],,0
1058,branch:default,52,EFECTIVO,MENUDEO,150,0,150,JESUS MARIA,Usuario origen: ALONDRA26 | Liquidado origen: 1 | Credito abonado origen: 150 | Fecha limite origen: 2026-02-21 | Dias restantes origen: 30 | Status origen: 1,,2026-01-22 22:55:32,,,,0,0,150,[],,0
1059,branch:default,29,EFECTIVO,MENUDEO,11960,0,11960,ATRAS DE LA CASA DE VALIN,Usuario origen: ALONDRA26 | Liquidado origen: 1 | Credito abonado origen: 11960 | Fecha limite origen: 2026-02-22 | Dias restantes origen: 30 | Status origen: 1,,2026-01-23 15:12:13,,,,0,0,11960,[],,0
1060,branch:default,5,EFECTIVO,MENUDEO,8380,0,8380,CEN COMER,Usuario origen: ALONDRA26 | Liquidado origen: 1 | Credito abonado origen: 8380 | Fecha limite origen: 2026-02-07 | Dias restantes origen: 15 | Status origen: 1,,2026-01-23 16:51:35,,,,0,0,8380,[],,0
1061,branch:default,2,EFECTIVO,MENUDEO,228,0,228,JESUS MARIA,Usuario origen: ALONDRA26 | Liquidado origen: 1 | Credito abonado origen: 228 | Dias restantes origen: 0 | Status origen: 1,,2026-01-23 19:17:46,,,,0,0,228,[],,0
1062,branch:default,58,EFECTIVO,MENUDEO,3210,0,3210,LAS POMEZ,Usuario origen: ALONDRA26 | Liquidado origen: 1 | Credito abonado origen: 3210 | Fecha limite origen: 2026-02-22 | Dias restantes origen: 30 | Status origen: 1,,2026-01-23 21:30:24,,,,0,0,3210,[],,0
1063,branch:default,53,EFECTIVO,MENUDEO,8100,0,8100,HERRADURA 1 ARANDAS,Usuario origen: ALONDRA26 | Liquidado origen: 1 | Credito abonado origen: 8100 | Fecha limite origen: 2026-02-22 | Dias restantes origen: 30 | Status origen: 1,,2026-01-23 21:35:01,,,,0,0,8100,[],,0
1064,branch:default,21,EFECTIVO,MENUDEO,397,0,397,JESUS MARIA,Usuario origen: ALONDRA26 | Liquidado origen: 1 | Credito abonado origen: 397 | Fecha limite origen: 2026-02-07 | Dias restantes origen: 15 | Status origen: 1,,2026-01-23 21:46:32,,,,0,0,397,[],,0
1065,branch:default,2,EFECTIVO,MENUDEO,742,0,742,JESUS MARIA,Usuario origen: ALONDRA26 | Liquidado origen: 1 | Credito abonado origen: 742 | Fecha limite origen: 2026-01-23 | Dias restantes origen: 0 | Status origen: 1,,2026-01-23 22:17:28,,,,0,0,742,[],,0
1066,branch:default,5,EFECTIVO,MENUDEO,1612,0,1612,CEN COMER,Usuario origen: ALONDRA26 | Liquidado origen: 1 | Credito abonado origen: 1612 | Fecha limite origen: 2026-02-07 | Dias restantes origen: 15 | Status origen: 1,,2026-01-23 22:30:09,,,,0,0,1612,[],,0
1067,branch:default,5,EFECTIVO,MENUDEO,8200,0,8200,CEN COMER,Usuario origen: ALONDRA26 | Liquidado origen: 1 | Credito abonado origen: 8200 | Fecha limite origen: 2026-02-08 | Dias restantes origen: 15 | Status origen: 1,,2026-01-24 14:22:01,,,,0,0,8200,[],,0
1068,branch:default,19,EFECTIVO,MENUDEO,8,0,8,JESUS MARIA,Usuario origen: ALONDRA26 | Liquidado origen: 1 | Credito abonado origen: 8 | Dias restantes origen: 0 | Status origen: 1,,2026-01-24 15:38:27,,,,0,0,8,[],,0
1069,branch:default,66,EFECTIVO,MENUDEO,4500,0,4500,ARANDAS,Usuario origen: ALONDRA26 | Liquidado origen: 1 | Credito abonado origen: 4500 | Fecha limite origen: 2026-02-08 | Dias restantes origen: 15 | Status origen: 1,,2026-01-24 15:55:00,,,,0,0,4500,[],,0
1070,branch:default,2,EFECTIVO,MENUDEO,230,0,230,JESUS MARIA,Usuario origen: ALONDRA26 | Liquidado origen: 1 | Credito abonado origen: 230 | Dias restantes origen: 0 | Status origen: 1,,2026-01-24 16:15:33,,,,0,0,230,[],,0
1071,branch:default,2,EFECTIVO,MENUDEO,1575,0,1575,JESUS MARIA,Usuario origen: ALONDRA26 | Liquidado origen: 1 | Credito abonado origen: 1575 | Dias restantes origen: 0 | Status origen: 1,,2026-01-26 16:12:12,,,,0,0,1575,[],,0
1072,branch:default,19,EFECTIVO,MENUDEO,570,0,570,JESUS MARIA,Usuario origen: ALONDRA26 | Liquidado origen: 1 | Credito abonado origen: 570 | Fecha limite origen: 2026-02-10 | Dias restantes origen: 15 | Status origen: 1,,2026-01-26 18:20:30,,,,0,0,570,[],,0
1073,branch:default,5,EFECTIVO,MENUDEO,24768,0,24768,CEN COMER,Usuario origen: ALONDRA26 | Liquidado origen: 1 | Credito abonado origen: 24768 | Fecha limite origen: 2026-02-10 | Dias restantes origen: 15 | Status origen: 1,,2026-01-26 19:33:11,,,,0,0,24768,[],,0
1074,branch:default,52,EFECTIVO,MENUDEO,750,0,750,JESUS MARIA,Usuario origen: ALONDRA26 | Liquidado origen: 1 | Credito abonado origen: 750 | Fecha limite origen: 2026-02-25 | Dias restantes origen: 30 | Status origen: 1,,2026-01-26 19:33:56,,,,0,0,750,[],,0
1075,branch:default,64,EFECTIVO,MENUDEO,14678,0,14678,SAN JOSE DE LA PAZ,Usuario origen: ALONDRA26 | Liquidado origen: 1 | Credito abonado origen: 14678 | Fecha limite origen: 2026-02-25 | Dias restantes origen: 30 | Status origen: 1,,2026-01-26 21:09:24,,,,0,0,14678,[],,0
1076,branch:default,19,EFECTIVO,MENUDEO,6390,0,6390,EL MATADERO,Usuario origen: ALONDRA26 | Liquidado origen: 1 | Credito abonado origen: 6390 | Fecha limite origen: 2026-02-11 | Dias restantes origen: 15 | Status origen: 1,,2026-01-27 13:34:30,,,,0,0,6390,[],,0
1077,branch:default,8,EFECTIVO,MENUDEO,338,0,338,JESUS MARIA,Usuario origen: ALONDRA26 | Liquidado origen: 1 | Credito abonado origen: 338 | Dias restantes origen: 0 | Status origen: 1,,2026-01-27 15:03:57,,,,0,0,338,[],,0
1078,branch:default,5,EFECTIVO,MENUDEO,3600,0,3600,CEN COMER,Usuario origen: ALONDRA26 | Liquidado origen: 1 | Credito abonado origen: 3600 | Fecha limite origen: 2026-02-11 | Dias restantes origen: 15 | Status origen: 1,,2026-01-27 15:44:46,,,,0,0,3600,[],,0
1079,branch:default,52,EFECTIVO,MENUDEO,1710,0,1710,JESUS MARIA,Usuario origen: ALONDRA26 | Liquidado origen: 1 | Credito abonado origen: 1710 | Fecha limite origen: 2026-02-26 | Dias restantes origen: 30 | Status origen: 1,,2026-01-27 15:57:34,,,,0,0,1710,[],,0
1080,branch:default,5,EFECTIVO,MENUDEO,4600,0,4600,CEN COMER,Usuario origen: ALONDRA26 | Liquidado origen: 1 | Credito abonado origen: 4600 | Fecha limite origen: 2026-02-11 | Dias restantes origen: 15 | Status origen: 1,,2026-01-27 16:00:36,,,,0,0,4600,[],,0
1081,branch:default,53,EFECTIVO,MENUDEO,2250,0,2250,NISLA C37,Usuario origen: ALONDRA26 | Liquidado origen: 1 | Credito abonado origen: 2250 | Fecha limite origen: 2026-02-26 | Dias restantes origen: 30 | Status origen: 1,,2026-01-27 16:01:31,,,,0,0,2250,[],,0
1082,branch:default,53,EFECTIVO,MENUDEO,6750,0,6750,HERRADURA 1 ARANDAS,Usuario origen: ALONDRA26 | Liquidado origen: 1 | Credito abonado origen: 6750 | Fecha limite origen: 2026-02-26 | Dias restantes origen: 30 | Status origen: 1,,2026-01-27 16:03:34,,,,0,0,6750,[],,0
1083,branch:default,4,EFECTIVO,MENUDEO,4700,0,4700,LA CIERRITA,Usuario origen: ALONDRA26 | Liquidado origen: 1 | Credito abonado origen: 4700 | Fecha limite origen: 2026-02-26 | Dias restantes origen: 30 | Status origen: 1,,2026-01-27 16:06:57,,,,0,0,4700,[],,0
1084,branch:default,53,EFECTIVO,MENUDEO,8795,0,8795,HERADURA,Usuario origen: ALONDRA26 | Liquidado origen: 1 | Credito abonado origen: 8795 | Fecha limite origen: 2026-02-26 | Dias restantes origen: 30 | Status origen: 1,,2026-01-27 16:21:20,,,,0,0,8795,[],,0
1085,branch:default,2,EFECTIVO,MENUDEO,168,0,168,JESUS MARIA,Usuario origen: ALONDRA26 | Liquidado origen: 1 | Credito abonado origen: 168 | Dias restantes origen: 0 | Status origen: 1,,2026-01-27 17:30:29,,,,0,0,168,[],,0
1086,branch:default,21,EFECTIVO,MENUDEO,2950,0,2950,JESUS MARIA,Usuario origen: ALONDRA26 | Liquidado origen: 1 | Credito abonado origen: 2950 | Fecha limite origen: 2026-02-11 | Dias restantes origen: 15 | Status origen: 1,,2026-01-27 17:33:59,,,,0,0,2950,[],,0
1087,branch:default,5,EFECTIVO,MENUDEO,1176,0,1176,CEN COMER,Usuario origen: ALONDRA26 | Liquidado origen: 1 | Credito abonado origen: 1176 | Fecha limite origen: 2026-02-11 | Dias restantes origen: 15 | Status origen: 1,,2026-01-27 18:26:16,,,,0,0,1176,[],,0
1088,branch:default,2,EFECTIVO,MENUDEO,158,0,158,JESUS MARIA,Usuario origen: ALONDRA26 | Liquidado origen: 1 | Credito abonado origen: 158 | Dias restantes origen: 0 | Status origen: 1,,2026-01-27 18:30:59,,,,0,0,158,[],,0
1089,branch:default,48,CREDITO,MENUDEO,1750,0,1750,EL ROBLE,Usuario origen: ALONDRA26 | Liquidado origen: 0 | Credito abonado origen: 0 | Fecha limite origen: 2026-02-11 | Dias restantes origen: 15 | Status origen: 1,,2026-01-27 19:51:31,,,,0,1750,0,[],,0
1090,branch:default,64,EFECTIVO,MENUDEO,2790,0,2790,SAN JOSE DE LA PAZ,Usuario origen: ALONDRA26 | Liquidado origen: 1 | Credito abonado origen: 2790 | Fecha limite origen: 2026-02-26 | Dias restantes origen: 30 | Status origen: 1,,2026-01-27 20:18:30,,,,0,0,2790,[],,0
1091,branch:default,56,EFECTIVO,MENUDEO,6900,0,6900,ESCUELA DE LAS POMEZ,Usuario origen: ALONDRA26 | Liquidado origen: 1 | Credito abonado origen: 6900 | Fecha limite origen: 2026-02-26 | Dias restantes origen: 30 | Status origen: 1,,2026-01-27 20:23:43,,,,0,0,6900,[],,0
1092,branch:default,8,EFECTIVO,MENUDEO,101,0,101,JESUS MARIA,Usuario origen: ALONDRA26 | Liquidado origen: 1 | Credito abonado origen: 101 | Fecha limite origen: 2026-02-11 | Dias restantes origen: 15 | Status origen: 1,,2026-01-27 20:58:57,,,,0,0,101,[],,0
1093,branch:default,8,EFECTIVO,MENUDEO,100,0,100,JESUS MARIA,Usuario origen: ALONDRA26 | Liquidado origen: 1 | Credito abonado origen: 100 | Fecha limite origen: 2026-02-11 | Dias restantes origen: 15 | Status origen: 1,,2026-01-27 21:01:39,,,,0,0,100,[],,0
1094,branch:default,56,EFECTIVO,MENUDEO,247,0,247,ESCUELA DE LAS POMEZ,Usuario origen: ALONDRA26 | Liquidado origen: 1 | Credito abonado origen: 247 | Fecha limite origen: 2026-02-26 | Dias restantes origen: 30 | Status origen: 1,,2026-01-27 21:05:42,,,,0,0,247,[],,0
1095,branch:default,2,EFECTIVO,MENUDEO,2910,0,2910,CALLE MATAMOROS,Usuario origen: ALONDRA26 | Liquidado origen: 1 | Credito abonado origen: 2910 | Dias restantes origen: 0 | Status origen: 1,,2026-01-28 13:56:41,,,,0,0,2910,[],,0
1096,branch:default,5,EFECTIVO,MENUDEO,4600,0,4600,CEN COMER,Usuario origen: ALONDRA26 | Liquidado origen: 1 | Credito abonado origen: 4600 | Fecha limite origen: 2026-02-12 | Dias restantes origen: 15 | Status origen: 1,,2026-01-28 14:27:07,,,,0,0,4600,[],,0
1097,branch:default,2,EFECTIVO,MENUDEO,19,0,19,JESUS MARIA,Usuario origen: ALONDRA26 | Liquidado origen: 1 | Credito abonado origen: 19 | Dias restantes origen: 0 | Status origen: 1,,2026-01-28 15:40:43,,,,0,0,19,[],,0
1098,branch:default,52,EFECTIVO,MENUDEO,5510,0,5510,JESUS MARIA,Usuario origen: ALONDRA26 | Liquidado origen: 1 | Credito abonado origen: 5510 | Fecha limite origen: 2026-02-27 | Dias restantes origen: 30 | Status origen: 1,,2026-01-28 15:46:04,,,,0,0,5510,[],,0
1099,branch:default,67,EFECTIVO,MENUDEO,1950,0,1950,CALLE MEXICO 37,Usuario origen: ALONDRA26 | Liquidado origen: 1 | Credito abonado origen: 1950 | Fecha limite origen: 2026-02-12 | Dias restantes origen: 15 | Status origen: 1,,2026-01-28 16:24:52,,,,0,0,1950,[],,0
1100,branch:default,52,EFECTIVO,MENUDEO,206,0,206,JESUS MARIA,Usuario origen: ALONDRA26 | Liquidado origen: 1 | Credito abonado origen: 206 | Fecha limite origen: 2026-02-27 | Dias restantes origen: 30 | Status origen: 1,,2026-01-28 16:34:19,,,,0,0,206,[],,0
1101,branch:default,2,EFECTIVO,MENUDEO,3350,0,3350,SAN MIGUEL,Usuario origen: ALONDRA26 | Liquidado origen: 1 | Credito abonado origen: 3350 | Dias restantes origen: 0 | Status origen: 1,,2026-01-28 16:50:27,,,,0,0,3350,[],,0
1102,branch:default,5,EFECTIVO,MENUDEO,4200,0,4200,CEN COMER,Usuario origen: ALONDRA26 | Liquidado origen: 1 | Credito abonado origen: 4200 | Fecha limite origen: 2026-02-12 | Dias restantes origen: 15 | Status origen: 1,,2026-01-28 18:12:29,,,,0,0,4200,[],,0
1103,branch:default,53,EFECTIVO,MENUDEO,4110,0,4110,NISLA C60,Usuario origen: ALONDRA26 | Liquidado origen: 1 | Credito abonado origen: 4110 | Fecha limite origen: 2026-02-27 | Dias restantes origen: 30 | Status origen: 1,,2026-01-28 18:41:20,,,,0,0,4110,[],,0
1104,branch:default,53,EFECTIVO,MENUDEO,4400,0,4400,NISLA C37,Usuario origen: ALONDRA26 | Liquidado origen: 1 | Credito abonado origen: 4400 | Fecha limite origen: 2026-02-27 | Dias restantes origen: 30 | Status origen: 1,,2026-01-28 18:43:19,,,,0,0,4400,[],,0
1105,branch:default,46,EFECTIVO,MENUDEO,690,0,690,calle 5 de mayo,Usuario origen: ALONDRA26 | Liquidado origen: 1 | Credito abonado origen: 690 | Fecha limite origen: 2026-02-27 | Dias restantes origen: 30 | Status origen: 1,,2026-01-28 19:11:19,,,,0,0,690,[],,0
1106,branch:default,53,EFECTIVO,MENUDEO,22475,0,22475,AGAVINA,Usuario origen: ALONDRA26 | Liquidado origen: 1 | Credito abonado origen: 22475 | Fecha limite origen: 2026-02-27 | Dias restantes origen: 30 | Status origen: 1,,2026-01-28 20:58:55,,,,0,0,22475,[],,0
1107,branch:default,2,EFECTIVO,MENUDEO,177,0,177,JESUS MARIA,Usuario origen: ALONDRA26 | Liquidado origen: 1 | Credito abonado origen: 177 | Dias restantes origen: 0 | Status origen: 1,,2026-01-28 21:21:26,,,,0,0,177,[],,0
1108,branch:default,5,EFECTIVO,MENUDEO,11599,0,11599,CEN COMER,Usuario origen: ALONDRA26 | Liquidado origen: 1 | Credito abonado origen: 11599 | Fecha limite origen: 2026-02-12 | Dias restantes origen: 15 | Status origen: 1,,2026-01-28 22:32:06,,,,0,0,11599,[],,0
1109,branch:default,5,EFECTIVO,MENUDEO,275,0,275,CEN COMER,Usuario origen: ALONDRA26 | Liquidado origen: 1 | Credito abonado origen: 275 | Fecha limite origen: 2026-02-12 | Dias restantes origen: 15 | Status origen: 1,,2026-01-28 22:44:05,,,,0,0,275,[],,0
1110,branch:default,2,EFECTIVO,MENUDEO,215,0,215,JESUS MARIA,Usuario origen: ALONDRA26 | Liquidado origen: 1 | Credito abonado origen: 215 | Dias restantes origen: 0 | Status origen: 1,,2026-01-28 23:47:35,,,,0,0,215,[],,0
1111,branch:default,52,EFECTIVO,MENUDEO,259,0,259,JESUS MARIA,Usuario origen: ALONDRA26 | Liquidado origen: 1 | Credito abonado origen: 259 | Fecha limite origen: 2026-02-28 | Dias restantes origen: 30 | Status origen: 1,,2026-01-29 14:53:23,,,,0,0,259,[],,0
1112,branch:default,52,EFECTIVO,MENUDEO,4200,0,4200,JESUS MARIA,Usuario origen: ALONDRA26 | Liquidado origen: 1 | Credito abonado origen: 4200 | Fecha limite origen: 2026-02-28 | Dias restantes origen: 30 | Status origen: 1,,2026-01-29 15:11:19,,,,0,0,4200,[],,0
1113,branch:default,30,CREDITO,MENUDEO,1732,0,1732,JESUS MARIA,Usuario origen: ALONDRA26 | Liquidado origen: 0 | Credito abonado origen: 0 | Fecha limite origen: 2026-02-28 | Dias restantes origen: 30 | Status origen: 0,,2026-01-29 16:01:57,,,,0,1732,0,[],,0
1114,branch:default,5,EFECTIVO,MENUDEO,8500,0,8500,CEN COMER,Usuario origen: ALONDRA26 | Liquidado origen: 1 | Credito abonado origen: 8500 | Fecha limite origen: 2026-02-13 | Dias restantes origen: 15 | Status origen: 1,,2026-01-29 16:18:25,,,,0,0,8500,[],,0
1115,branch:default,68,EFECTIVO,MENUDEO,2585,0,2585,MATAMOROS,Usuario origen: ALONDRA26 | Liquidado origen: 1 | Credito abonado origen: 2585 | Fecha limite origen: 2026-01-29 | Dias restantes origen: 0 | Status origen: 1,,2026-01-29 16:24:56,,,,0,0,2585,[],,0
1116,branch:default,69,EFECTIVO,MENUDEO,5180,0,5180,SAN VICENTE,Usuario origen: ALONDRA26 | Liquidado origen: 1 | Credito abonado origen: 5180 | Fecha limite origen: 2026-02-28 | Dias restantes origen: 30 | Status origen: 1,,2026-01-29 16:45:31,,,,0,0,5180,[],,0
1117,branch:default,30,EFECTIVO,MENUDEO,1035,0,1035,JESUS MARIA,Usuario origen: ALONDRA26 | Liquidado origen: 1 | Credito abonado origen: 1035 | Fecha limite origen: 2026-02-28 | Dias restantes origen: 30 | Status origen: 1,,2026-01-29 16:49:57,,,,0,0,1035,[],,0
1118,branch:default,5,EFECTIVO,MENUDEO,6020,0,6020,CEN COMER,Usuario origen: ALONDRA26 | Liquidado origen: 1 | Credito abonado origen: 6020 | Fecha limite origen: 2026-02-13 | Dias restantes origen: 15 | Status origen: 1,,2026-01-29 19:47:14,,,,0,0,6020,[],,0
1119,branch:default,6,EFECTIVO,MENUDEO,1044,0,1044,FRACCIONAMIENTO DE LUCAS,Usuario origen: ALONDRA26 | Liquidado origen: 1 | Credito abonado origen: 1044 | Fecha limite origen: 2026-01-29 | Dias restantes origen: 0 | Status origen: 1,,2026-01-29 20:02:40,,,,0,0,1044,[],,0
1120,branch:default,38,EFECTIVO,MENUDEO,1278,0,1278,CABALLERIZAS,Usuario origen: ALONDRA26 | Liquidado origen: 1 | Credito abonado origen: 1278 | Fecha limite origen: 2026-02-28 | Dias restantes origen: 30 | Status origen: 1,,2026-01-29 20:08:01,,,,0,0,1278,[],,0
1121,branch:default,20,CREDITO,MENUDEO,231,0,231,JESUS MARIA,Usuario origen: ALONDRA26 | Liquidado origen: 0 | Credito abonado origen: 0 | Fecha limite origen: 2026-02-28 | Dias restantes origen: 30 | Status origen: 1,,2026-01-29 21:42:06,,,,0,231,0,[],,0
1122,branch:default,35,EFECTIVO,MENUDEO,2000,0,2000,JESUS MARIA,Usuario origen: ALONDRA26 | Liquidado origen: 1 | Credito abonado origen: 2000 | Fecha limite origen: 2026-02-28 | Dias restantes origen: 30 | Status origen: 1,,2026-01-29 21:54:55,,,,0,0,2000,[],,0
1123,branch:default,52,EFECTIVO,MENUDEO,7160,0,7160,JESUS MARIA,Usuario origen: ALONDRA26 | Liquidado origen: 1 | Credito abonado origen: 7160 | Fecha limite origen: 2026-02-28 | Dias restantes origen: 30 | Status origen: 1,,2026-01-29 22:13:24,,,,0,0,7160,[],,0
1124,branch:default,36,EFECTIVO,MENUDEO,2500,0,2500,JESUS MARIA,Usuario origen: ALONDRA26 | Liquidado origen: 1 | Credito abonado origen: 2500 | Fecha limite origen: 2026-02-14 | Dias restantes origen: 15 | Status origen: 1,,2026-01-30 13:23:15,,,,0,0,2500,[],,0
1125,branch:default,5,EFECTIVO,MENUDEO,8200,0,8200,CEN COMER,Usuario origen: ALONDRA26 | Liquidado origen: 1 | Credito abonado origen: 8200 | Fecha limite origen: 2026-02-14 | Dias restantes origen: 15 | Status origen: 1,,2026-01-30 14:14:07,,,,0,0,8200,[],,0
1126,branch:default,6,EFECTIVO,MENUDEO,25,0,25,JESUS MARIA,Usuario origen: ALONDRA26 | Liquidado origen: 1 | Credito abonado origen: 25 | Fecha limite origen: 2026-01-30 | Dias restantes origen: 0 | Status origen: 1,,2026-01-30 14:24:55,,,,0,0,25,[],,0
1127,branch:default,44,EFECTIVO,MENUDEO,1210,0,1210,JESUS MARIA,Usuario origen: ALONDRA26 | Liquidado origen: 1 | Credito abonado origen: 1210 | Fecha limite origen: 2026-03-01 | Dias restantes origen: 30 | Status origen: 1,,2026-01-30 14:55:29,,,,0,0,1210,[],,0
1128,branch:default,53,EFECTIVO,MENUDEO,1760,0,1760,NISLA C37,Usuario origen: ALONDRA26 | Liquidado origen: 1 | Credito abonado origen: 1760 | Fecha limite origen: 2026-03-01 | Dias restantes origen: 30 | Status origen: 1,,2026-01-30 14:57:28,,,,0,0,1760,[],,0
1129,branch:default,2,EFECTIVO,MENUDEO,104,0,104,JESUS MARIA,Usuario origen: ALONDRA26 | Liquidado origen: 1 | Credito abonado origen: 104 | Dias restantes origen: 0 | Status origen: 1,,2026-01-30 15:47:49,,,,0,0,104,[],,0
1130,branch:default,29,EFECTIVO,MENUDEO,3960,0,3960,JESUS MARIA,Usuario origen: ALONDRA26 | Liquidado origen: 1 | Credito abonado origen: 3960 | Fecha limite origen: 2026-03-01 | Dias restantes origen: 30 | Status origen: 1,,2026-01-30 16:28:12,,,,0,0,3960,[],,0
1131,branch:default,2,EFECTIVO,MENUDEO,345,0,345,JESUS MARIA,Usuario origen: ALONDRA26 | Liquidado origen: 1 | Credito abonado origen: 345 | Dias restantes origen: 0 | Status origen: 1,,2026-01-30 17:08:58,,,,0,0,345,[],,0
1132,branch:default,52,EFECTIVO,MENUDEO,708,0,708,JESUS MARIA,Usuario origen: ALONDRA26 | Liquidado origen: 1 | Credito abonado origen: 708 | Fecha limite origen: 2026-03-01 | Dias restantes origen: 30 | Status origen: 1,,2026-01-30 19:42:50,,,,0,0,708,[],,0
1133,branch:default,53,EFECTIVO,MENUDEO,11500,0,11500,AGAVINA,Usuario origen: ALONDRA26 | Liquidado origen: 1 | Credito abonado origen: 11500 | Fecha limite origen: 2026-03-01 | Dias restantes origen: 30 | Status origen: 1,,2026-01-30 19:49:45,,,,0,0,11500,[],,0
1134,branch:default,53,EFECTIVO,MENUDEO,11500,0,11500,AGAVINA,Usuario origen: ALONDRA26 | Liquidado origen: 1 | Credito abonado origen: 11500 | Fecha limite origen: 2026-03-01 | Dias restantes origen: 30 | Status origen: 1,,2026-01-30 19:50:35,,,,0,0,11500,[],,0
1135,branch:default,53,EFECTIVO,MENUDEO,11500,0,11500,AGAVINA,Usuario origen: ALONDRA26 | Liquidado origen: 1 | Credito abonado origen: 11500 | Fecha limite origen: 2026-03-01 | Dias restantes origen: 30 | Status origen: 1,,2026-01-30 19:51:26,,,,0,0,11500,[],,0
1136,branch:default,70,EFECTIVO,MENUDEO,16000,0,16000,JESUS MARIA,Usuario origen: ALONDRA26 | Liquidado origen: 1 | Credito abonado origen: 16000 | Dias restantes origen: 0 | Status origen: 1,,2026-01-30 20:36:59,,,,0,0,16000,[],,0
1137,branch:default,53,CREDITO,MENUDEO,11500,0,11500,AGAVINA,Usuario origen: ALONDRA26 | Liquidado origen: 0 | Credito abonado origen: 0 | Fecha limite origen: 2026-03-01 | Dias restantes origen: 30 | Status origen: 1,,2026-01-30 21:23:21,,,,0,11500,0,[],,0
1138,branch:default,3,EFECTIVO,MENUDEO,1204.56,0,1204.56,JESUS MARIA,Usuario origen: Administrador | Liquidado origen: 1 | Credito abonado origen: 1204.56 | Fecha limite origen: 2026-02-14 | Dias restantes origen: 15 | Status origen: 1,,2026-01-30 21:48:43,,,,0,0,1204.56,[],,0
1139,branch:default,59,CREDITO,MENUDEO,445,0,445,JESUS MARIA,Usuario origen: ALONDRA26 | Liquidado origen: 0 | Credito abonado origen: 0 | Fecha limite origen: 2026-03-01 | Dias restantes origen: 30 | Status origen: 0,,2026-01-30 22:31:39,,,,0,445,0,[],,0
1140,branch:default,53,EFECTIVO,MENUDEO,2640,0,2640,NISLA C37,Usuario origen: ALONDRA26 | Liquidado origen: 1 | Credito abonado origen: 2640 | Fecha limite origen: 2026-03-01 | Dias restantes origen: 30 | Status origen: 1,,2026-01-30 23:17:23,,,,0,0,2640,[],,0
1141,branch:default,53,CREDITO,MENUDEO,11500,0,11500,AGAVINA,Usuario origen: ALONDRA26 | Liquidado origen: 0 | Credito abonado origen: 0 | Fecha limite origen: 2026-03-01 | Dias restantes origen: 30 | Status origen: 1,,2026-01-30 23:40:10,,,,0,11500,0,[],,0
1142,branch:default,53,CREDITO,MENUDEO,11500,0,11500,AGAVINA,Usuario origen: ALONDRA26 | Liquidado origen: 0 | Credito abonado origen: 0 | Fecha limite origen: 2026-03-01 | Dias restantes origen: 30 | Status origen: 1,,2026-01-30 23:41:00,,,,0,11500,0,[],,0
1143,branch:default,53,CREDITO,MENUDEO,11500,0,11500,AGAVINA,Usuario origen: ALONDRA26 | Liquidado origen: 0 | Credito abonado origen: 0 | Fecha limite origen: 2026-03-01 | Dias restantes origen: 30 | Status origen: 1,,2026-01-30 23:43:00,,,,0,11500,0,[],,0
1144,branch:default,53,CREDITO,MENUDEO,11500,0,11500,AGAVINA,Usuario origen: ALONDRA26 | Liquidado origen: 0 | Credito abonado origen: 0 | Fecha limite origen: 2026-03-01 | Dias restantes origen: 30 | Status origen: 1,,2026-01-30 23:54:13,,,,0,11500,0,[],,0
1145,branch:default,53,CREDITO,MENUDEO,11500,0,11500,AGAVINA,Usuario origen: ALONDRA26 | Liquidado origen: 0 | Credito abonado origen: 0 | Fecha limite origen: 2026-03-01 | Dias restantes origen: 30 | Status origen: 1,,2026-01-30 23:54:45,,,,0,11500,0,[],,0
1146,branch:default,32,EFECTIVO,MENUDEO,4200,0,4200,TEQUILERA TEREMANA,Usuario origen: ALONDRA26 | Liquidado origen: 1 | Credito abonado origen: 4200 | Dias restantes origen: 0 | Status origen: 1,,2026-01-31 13:14:18,,,,0,0,4200,[],,0
1147,branch:default,30,EFECTIVO,MENUDEO,575,0,575,JESUS MARIA,Usuario origen: ALONDRA26 | Liquidado origen: 1 | Credito abonado origen: 575 | Fecha limite origen: 2026-03-02 | Dias restantes origen: 30 | Status origen: 1,,2026-01-31 14:04:10,,,,0,0,575,[],,0
1148,branch:default,3,EFECTIVO,MENUDEO,705,0,705,JESUS MARIA,Usuario origen: ALONDRA26 | Liquidado origen: 1 | Credito abonado origen: 705 | Fecha limite origen: 2026-02-15 | Dias restantes origen: 15 | Status origen: 1,,2026-01-31 14:05:28,,,,0,0,705,[],,0
1149,branch:default,7,EFECTIVO,MENUDEO,2752,0,2752,JESUS MARIA,Usuario origen: ALONDRA26 | Liquidado origen: 1 | Credito abonado origen: 2752 | Fecha limite origen: 2026-03-02 | Dias restantes origen: 30 | Status origen: 1,,2026-01-31 15:06:50,,,,0,0,2752,[],,0
1150,branch:default,5,EFECTIVO,MENUDEO,3600,0,3600,CEN COMER,Usuario origen: ALONDRA26 | Liquidado origen: 1 | Credito abonado origen: 3600 | Fecha limite origen: 2026-02-17 | Dias restantes origen: 15 | Status origen: 1,,2026-02-02 13:34:08,,,,0,0,3600,[],,0
1151,branch:default,5,EFECTIVO,MENUDEO,3600,0,3600,CEN COMER,Usuario origen: ALONDRA26 | Liquidado origen: 1 | Credito abonado origen: 3600 | Fecha limite origen: 2026-02-17 | Dias restantes origen: 15 | Status origen: 1,,2026-02-02 13:53:18,,,,0,0,3600,[],,0
1152,branch:default,53,EFECTIVO,MENUDEO,2250,0,2250,HERRADURA 1 ARANDAS,Usuario origen: ALONDRA26 | Liquidado origen: 1 | Credito abonado origen: 2250 | Fecha limite origen: 2026-03-04 | Dias restantes origen: 30 | Status origen: 1,,2026-02-02 14:05:43,,,,0,0,2250,[],,0
1153,branch:default,53,EFECTIVO,MENUDEO,10745,0,10745,HERRADURA 4,Usuario origen: ALONDRA26 | Liquidado origen: 1 | Credito abonado origen: 10745 | Fecha limite origen: 2026-03-04 | Dias restantes origen: 30 | Status origen: 1,,2026-02-02 14:10:43,,,,0,0,10745,[],,0
1154,branch:default,59,EFECTIVO,MENUDEO,340,0,340,JESUS MARIA,Usuario origen: ALONDRA26 | Liquidado origen: 1 | Credito abonado origen: 340 | Fecha limite origen: 2026-03-04 | Dias restantes origen: 30 | Status origen: 1,,2026-02-02 14:31:05,,,,0,0,340,[],,0
1155,branch:default,30,EFECTIVO,MENUDEO,251,0,251,JESUS MARIA,Usuario origen: ALONDRA26 | Liquidado origen: 1 | Credito abonado origen: 251 | Fecha limite origen: 2026-03-04 | Dias restantes origen: 30 | Status origen: 1,,2026-02-02 16:26:57,,,,0,0,251,[],,0
1156,branch:default,19,EFECTIVO,MENUDEO,14400,0,14400,BLOQUERA,Usuario origen: ALONDRA26 | Liquidado origen: 1 | Credito abonado origen: 14400 | Fecha limite origen: 2026-02-17 | Dias restantes origen: 15 | Status origen: 1,,2026-02-02 16:49:23,,,,0,0,14400,[],,0
1157,branch:default,19,EFECTIVO,MENUDEO,7200,0,7200,BLOQUERA,Usuario origen: ALONDRA26 | Liquidado origen: 1 | Credito abonado origen: 7200 | Fecha limite origen: 2026-02-17 | Dias restantes origen: 15 | Status origen: 1,,2026-02-02 16:50:12,,,,0,0,7200,[],,0
1158,branch:default,2,EFECTIVO,MENUDEO,22,0,22,JESUS MARIA,Usuario origen: ALONDRA26 | Liquidado origen: 1 | Credito abonado origen: 22 | Dias restantes origen: 0 | Status origen: 1,,2026-02-02 16:59:09,,,,0,0,22,[],,0
1159,branch:default,30,EFECTIVO,MENUDEO,575,0,575,JESUS MARIA,Usuario origen: ALONDRA26 | Liquidado origen: 1 | Credito abonado origen: 575 | Fecha limite origen: 2026-03-04 | Dias restantes origen: 30 | Status origen: 1,,2026-02-02 17:27:09,,,,0,0,575,[],,0
1160,branch:default,6,EFECTIVO,MENUDEO,1267,0,1267,JESUS MARIA,Usuario origen: ALONDRA26 | Liquidado origen: 1 | Credito abonado origen: 1267 | Fecha limite origen: 2026-02-02 | Dias restantes origen: 0 | Status origen: 1,,2026-02-02 17:51:22,,,,0,0,1267,[],,0
1161,branch:default,5,EFECTIVO,MENUDEO,610,0,610,CEN COMER,Usuario origen: ALONDRA26 | Liquidado origen: 1 | Credito abonado origen: 610 | Fecha limite origen: 2026-02-17 | Dias restantes origen: 15 | Status origen: 1,,2026-02-02 18:27:41,,,,0,0,610,[],,0
1162,branch:default,5,EFECTIVO,MENUDEO,434,0,434,CEN COMER,Usuario origen: ALONDRA26 | Liquidado origen: 1 | Credito abonado origen: 434 | Fecha limite origen: 2026-02-17 | Dias restantes origen: 15 | Status origen: 1,,2026-02-02 20:36:44,,,,0,0,434,[],,0
1163,branch:default,49,EFECTIVO,MENUDEO,2100,0,2100,DIF JESUS MARIA,Usuario origen: ALONDRA26 | Liquidado origen: 1 | Credito abonado origen: 2100 | Fecha limite origen: 2026-02-17 | Dias restantes origen: 15 | Status origen: 1,,2026-02-02 22:03:24,,,,0,0,2100,[],,0
1164,branch:default,8,EFECTIVO,MENUDEO,104,0,104,JESUS MARIA,Usuario origen: ALONDRA26 | Liquidado origen: 1 | Credito abonado origen: 104 | Fecha limite origen: 2026-02-18 | Dias restantes origen: 15 | Status origen: 1,,2026-02-03 13:38:43,,,,0,0,104,[],,0
1165,branch:default,5,EFECTIVO,MENUDEO,8600,0,8600,CEN COMER,Usuario origen: ALONDRA26 | Liquidado origen: 1 | Credito abonado origen: 8600 | Fecha limite origen: 2026-02-18 | Dias restantes origen: 15 | Status origen: 1,,2026-02-03 14:10:39,,,,0,0,8600,[],,0
1166,branch:default,56,EFECTIVO,MENUDEO,9300,0,9300,ESCUELA DE LAS POMEZ,Usuario origen: ALONDRA26 | Liquidado origen: 1 | Credito abonado origen: 9300 | Fecha limite origen: 2026-03-05 | Dias restantes origen: 30 | Status origen: 1,,2026-02-03 14:51:09,,,,0,0,9300,[],,0
1167,branch:default,18,EFECTIVO,MENUDEO,3800,0,3800,CRUCERO POMEZ,Usuario origen: ALONDRA26 | Liquidado origen: 1 | Credito abonado origen: 3800 | Fecha limite origen: 2026-02-18 | Dias restantes origen: 15 | Status origen: 1,,2026-02-03 14:51:51,,,,0,0,3800,[],,0
1168,branch:default,53,EFECTIVO,MENUDEO,42700,0,42700,AGAVINA,Usuario origen: ALONDRA26 | Liquidado origen: 1 | Credito abonado origen: 42700 | Fecha limite origen: 2026-03-05 | Dias restantes origen: 30 | Status origen: 1,,2026-02-03 16:04:01,,,,0,0,42700,[],,0
1169,branch:default,30,EFECTIVO,MENUDEO,74,0,74,JESUS MARIA,Usuario origen: ALONDRA26 | Liquidado origen: 1 | Credito abonado origen: 74 | Dias restantes origen: 0 | Status origen: 1,,2026-02-03 18:30:53,,,,0,0,74,[],,0
1170,branch:default,52,EFECTIVO,MENUDEO,2058,0,2058,JESUS MARIA,Usuario origen: ALONDRA26 | Liquidado origen: 1 | Credito abonado origen: 2058 | Fecha limite origen: 2026-03-05 | Dias restantes origen: 30 | Status origen: 1,,2026-02-03 19:59:38,,,,0,0,2058,[],,0
1171,branch:default,71,EFECTIVO,MENUDEO,16000,0,16000,ROSALES,Usuario origen: ALONDRA26 | Liquidado origen: 1 | Credito abonado origen: 16000 | Dias restantes origen: 0 | Status origen: 1,,2026-02-03 20:47:59,,,,0,0,16000,[],,0
1172,branch:default,32,CREDITO,MENUDEO,4700,0,4700,TEREMANA,Usuario origen: ALONDRA26 | Liquidado origen: 0 | Credito abonado origen: 0 | Fecha limite origen: 2026-03-05 | Dias restantes origen: 30 | Status origen: 1,,2026-02-03 20:52:43,,,,0,4700,0,[],,0
1173,branch:default,18,EFECTIVO,MENUDEO,3710,0,3710,CRUCERO POMEZ,Usuario origen: ALONDRA26 | Liquidado origen: 1 | Credito abonado origen: 3710 | Fecha limite origen: 2026-02-18 | Dias restantes origen: 15 | Status origen: 1,,2026-02-03 21:12:51,,,,0,0,3710,[],,0
1174,branch:default,64,EFECTIVO,MENUDEO,1275,0,1275,SAN JOSE DE LA PAZ,Usuario origen: ALONDRA26 | Liquidado origen: 1 | Credito abonado origen: 1275 | Fecha limite origen: 2026-03-05 | Dias restantes origen: 30 | Status origen: 1,,2026-02-03 21:37:07,,,,0,0,1275,[],,0
1175,branch:default,64,EFECTIVO,MENUDEO,50,0,50,SAN JOSE DE LA PAZ,Usuario origen: ALONDRA26 | Liquidado origen: 1 | Credito abonado origen: 50 | Fecha limite origen: 2026-03-05 | Dias restantes origen: 30 | Status origen: 1,,2026-02-03 21:38:02,,,,0,0,50,[],,0
1176,branch:default,2,EFECTIVO,MENUDEO,18,0,18,JESUS MARIA,Usuario origen: ALONDRA26 | Liquidado origen: 1 | Credito abonado origen: 18 | Dias restantes origen: 0 | Status origen: 1,,2026-02-03 23:05:04,,,,0,0,18,[],,0
1177,branch:default,68,EFECTIVO,MENUDEO,1340,0,1340,CALLE MATAMOROS,Usuario origen: ALONDRA26 | Liquidado origen: 1 | Credito abonado origen: 1340 | Dias restantes origen: 0 | Status origen: 1,,2026-02-04 13:40:08,,,,0,0,1340,[],,0
1178,branch:default,53,CREDITO,MENUDEO,11500,0,11500,JESUS MARIA,Usuario origen: ALONDRA26 | Liquidado origen: 0 | Credito abonado origen: 0 | Fecha limite origen: 2026-03-06 | Dias restantes origen: 30 | Status origen: 0,,2026-02-04 13:48:29,,,,0,11500,0,[],,0
1179,branch:default,2,EFECTIVO,MENUDEO,80,0,80,JESUS MARIA,Usuario origen: ALONDRA26 | Liquidado origen: 1 | Credito abonado origen: 80 | Dias restantes origen: 0 | Status origen: 1,,2026-02-04 14:16:51,,,,0,0,80,[],,0
1180,branch:default,68,EFECTIVO,MENUDEO,8550,0,8550,JESUS MARIA,Usuario origen: ALONDRA26 | Liquidado origen: 1 | Credito abonado origen: 8550 | Fecha limite origen: 2026-02-04 | Dias restantes origen: 0 | Status origen: 1,,2026-02-04 14:56:59,,,,0,0,8550,[],,0
1181,branch:default,7,EFECTIVO,MENUDEO,90,0,90,JESUS MARIA,Usuario origen: ALONDRA26 | Liquidado origen: 1 | Credito abonado origen: 90 | Fecha limite origen: 2026-03-06 | Dias restantes origen: 30 | Status origen: 1,,2026-02-04 16:47:46,,,,0,0,90,[],,0
1182,branch:default,58,EFECTIVO,MENUDEO,860,0,860,JESUS MARIA,Usuario origen: ALONDRA26 | Liquidado origen: 1 | Credito abonado origen: 860 | Fecha limite origen: 2026-03-06 | Dias restantes origen: 30 | Status origen: 1,,2026-02-04 17:28:32,,,,0,0,860,[],,0
1183,branch:default,2,EFECTIVO,MENUDEO,98,0,98,JESUS MARIA,Usuario origen: ALONDRA26 | Liquidado origen: 1 | Credito abonado origen: 98 | Fecha limite origen: 2026-02-04 | Dias restantes origen: 0 | Status origen: 1,,2026-02-04 17:39:28,,,,0,0,98,[],,0
1184,branch:default,73,EFECTIVO,MENUDEO,3000,0,3000,EL NACIMIENTO,Usuario origen: ALONDRA26 | Liquidado origen: 1 | Credito abonado origen: 3000 | Fecha limite origen: 2026-03-06 | Dias restantes origen: 30 | Status origen: 1,,2026-02-04 18:08:29,,,,0,0,3000,[],,0
1185,branch:default,73,EFECTIVO,MENUDEO,41000,0,41000,EL NACIMIENTO,Usuario origen: ALONDRA26 | Liquidado origen: 1 | Credito abonado origen: 41000 | Fecha limite origen: 2026-03-06 | Dias restantes origen: 30 | Status origen: 1,,2026-02-04 18:20:27,,,,0,0,41000,[],,0
1186,branch:default,52,EFECTIVO,MENUDEO,928,0,928,JESUS MARIA,Usuario origen: ALONDRA26 | Liquidado origen: 1 | Credito abonado origen: 928 | Fecha limite origen: 2026-03-06 | Dias restantes origen: 30 | Status origen: 1,,2026-02-04 18:49:12,,,,0,0,928,[],,0
1187,branch:default,19,EFECTIVO,MENUDEO,11700,0,11700,JESUS MARIA,Usuario origen: ALONDRA26 | Liquidado origen: 1 | Credito abonado origen: 11700 | Fecha limite origen: 2026-02-19 | Dias restantes origen: 15 | Status origen: 1,,2026-02-04 19:30:46,,,,0,0,11700,[],,0
1188,branch:default,53,EFECTIVO,MENUDEO,8500,0,8500,AGAVINA,Usuario origen: ALONDRA26 | Liquidado origen: 1 | Credito abonado origen: 8500 | Fecha limite origen: 2026-03-06 | Dias restantes origen: 30 | Status origen: 1,,2026-02-04 20:02:44,,,,0,0,8500,[],,0
1189,branch:default,53,EFECTIVO,MENUDEO,8500,0,8500,AGAVINA,Usuario origen: ALONDRA26 | Liquidado origen: 1 | Credito abonado origen: 8500 | Fecha limite origen: 2026-03-06 | Dias restantes origen: 30 | Status origen: 1,,2026-02-04 20:03:48,,,,0,0,8500,[],,0
1190,branch:default,53,EFECTIVO,MENUDEO,8500,0,8500,AGAVINA,Usuario origen: ALONDRA26 | Liquidado origen: 1 | Credito abonado origen: 8500 | Fecha limite origen: 2026-03-06 | Dias restantes origen: 30 | Status origen: 1,,2026-02-04 20:04:26,,,,0,0,8500,[],,0
1191,branch:default,53,CREDITO,MENUDEO,8500,0,8500,AGAVINA,Usuario origen: ALONDRA26 | Liquidado origen: 0 | Credito abonado origen: 0 | Fecha limite origen: 2026-03-06 | Dias restantes origen: 30 | Status origen: 0,,2026-02-04 20:06:16,,,,0,8500,0,[],,0
1192,branch:default,53,EFECTIVO,MENUDEO,8500,0,8500,AGAVINA,Usuario origen: ALONDRA26 | Liquidado origen: 1 | Credito abonado origen: 8500 | Fecha limite origen: 2026-03-06 | Dias restantes origen: 30 | Status origen: 1,,2026-02-04 20:07:01,,,,0,0,8500,[],,0
1193,branch:default,5,EFECTIVO,MENUDEO,7200,0,7200,CEN COMER,Usuario origen: ALONDRA26 | Liquidado origen: 1 | Credito abonado origen: 7200 | Fecha limite origen: 2026-02-19 | Dias restantes origen: 15 | Status origen: 1,,2026-02-04 23:15:08,,,,0,0,7200,[],,0
1194,branch:default,2,EFECTIVO,MENUDEO,868,0,868,JESUS MARIA,Usuario origen: ALONDRA26 | Liquidado origen: 1 | Credito abonado origen: 868 | Fecha limite origen: 2026-02-05 | Dias restantes origen: 0 | Status origen: 1,,2026-02-05 13:20:31,,,,0,0,868,[],,0
1195,branch:default,53,EFECTIVO,MENUDEO,1760,0,1760,JESUS MARIA,Usuario origen: ALONDRA26 | Liquidado origen: 1 | Credito abonado origen: 1760 | Fecha limite origen: 2026-03-07 | Dias restantes origen: 30 | Status origen: 1,,2026-02-05 13:29:07,,,,0,0,1760,[],,0
1196,branch:default,27,EFECTIVO,MENUDEO,2506,0,2506,JESUS MARIA,Usuario origen: ALONDRA26 | Liquidado origen: 1 | Credito abonado origen: 2506 | Dias restantes origen: 0 | Status origen: 1,,2026-02-05 14:12:13,,,,0,0,2506,[],,0
1197,branch:default,74,EFECTIVO,MENUDEO,18800,0,18800,JESUS MARIA,Usuario origen: ALONDRA26 | Liquidado origen: 1 | Credito abonado origen: 18800 | Fecha limite origen: 2026-03-07 | Dias restantes origen: 30 | Status origen: 1,,2026-02-05 18:04:23,,,,0,0,18800,[],,0
1198,branch:default,4,EFECTIVO,MENUDEO,4700,0,4700,LA CIERRITA,Usuario origen: ALONDRA26 | Liquidado origen: 1 | Credito abonado origen: 4700 | Fecha limite origen: 2026-03-07 | Dias restantes origen: 30 | Status origen: 1,,2026-02-05 18:37:24,,,,0,0,4700,[],,0
1199,branch:default,4,EFECTIVO,MENUDEO,4200,0,4200,LA CIERRITA,Usuario origen: ALONDRA26 | Liquidado origen: 1 | Credito abonado origen: 4200 | Fecha limite origen: 2026-03-07 | Dias restantes origen: 30 | Status origen: 1,,2026-02-05 18:50:43,,,,0,0,4200,[],,0
1200,branch:default,18,EFECTIVO,MENUDEO,4000,0,4000,CRUCERO POMEZ,Usuario origen: ALONDRA26 | Liquidado origen: 1 | Credito abonado origen: 4000 | Fecha limite origen: 2026-02-20 | Dias restantes origen: 15 | Status origen: 1,,2026-02-05 19:32:56,,,,0,0,4000,[],,0
1201,branch:default,53,EFECTIVO,MENUDEO,963,0,963,AGAVINA,Usuario origen: ALONDRA26 | Liquidado origen: 1 | Credito abonado origen: 963 | Fecha limite origen: 2026-03-07 | Dias restantes origen: 30 | Status origen: 1,,2026-02-05 20:40:12,,,,0,0,963,[],,0
1202,branch:default,30,EFECTIVO,MENUDEO,230,0,230,JESUS MARIA,Usuario origen: ALONDRA26 | Liquidado origen: 1 | Credito abonado origen: 230 | Fecha limite origen: 2026-03-07 | Dias restantes origen: 30 | Status origen: 1,,2026-02-05 20:46:35,,,,0,0,230,[],,0
1203,branch:default,35,EFECTIVO,MENUDEO,8300,0,8300,JESUS MARIA,Usuario origen: ALONDRA26 | Liquidado origen: 1 | Credito abonado origen: 8300 | Fecha limite origen: 2026-03-07 | Dias restantes origen: 30 | Status origen: 1,,2026-02-05 21:52:50,,,,0,0,8300,[],,0
1204,branch:default,5,CREDITO,MENUDEO,7200,0,7200,CEN COMER,Usuario origen: ALONDRA26 | Liquidado origen: 0 | Credito abonado origen: 0 | Fecha limite origen: 2026-02-21 | Dias restantes origen: 15 | Status origen: 0,,2026-02-06 13:34:04,,,,0,7200,0,[],,0
1205,branch:default,5,EFECTIVO,MENUDEO,8200,0,8200,CEN COMER,Usuario origen: ALONDRA26 | Liquidado origen: 1 | Credito abonado origen: 8200 | Fecha limite origen: 2026-02-21 | Dias restantes origen: 15 | Status origen: 1,,2026-02-06 13:37:51,,,,0,0,8200,[],,0
1206,branch:default,2,EFECTIVO,MENUDEO,74,0,74,JESUS MARIA,Usuario origen: ALONDRA26 | Liquidado origen: 1 | Credito abonado origen: 74 | Fecha limite origen: 2026-02-06 | Dias restantes origen: 0 | Status origen: 1,,2026-02-06 14:15:28,,,,0,0,74,[],,0
1207,branch:default,74,EFECTIVO,MENUDEO,8700,0,8700,JESUS MARIA,Usuario origen: ALONDRA26 | Liquidado origen: 1 | Credito abonado origen: 8700 | Fecha limite origen: 2026-03-08 | Dias restantes origen: 30 | Status origen: 1,,2026-02-06 14:17:31,,,,0,0,8700,[],,0
1208,branch:default,18,EFECTIVO,MENUDEO,45,0,45,JESUS MARIA,Usuario origen: ALONDRA26 | Liquidado origen: 1 | Credito abonado origen: 45 | Fecha limite origen: 2026-02-21 | Dias restantes origen: 15 | Status origen: 1,,2026-02-06 14:21:55,,,,0,0,45,[],,0
1209,branch:default,2,EFECTIVO,MENUDEO,95,0,95,JESUS MARIA,Usuario origen: ALONDRA26 | Liquidado origen: 1 | Credito abonado origen: 95 | Fecha limite origen: 2026-02-06 | Dias restantes origen: 0 | Status origen: 1,,2026-02-06 14:45:51,,,,0,0,95,[],,0
1210,branch:default,52,EFECTIVO,MENUDEO,7600,0,7600,JESUS MARIA,Usuario origen: ALONDRA26 | Liquidado origen: 1 | Credito abonado origen: 7600 | Fecha limite origen: 2026-03-08 | Dias restantes origen: 30 | Status origen: 1,,2026-02-06 15:34:04,,,,0,0,7600,[],,0
1211,branch:default,6,EFECTIVO,MENUDEO,1276,0,1276,JESUS MARIA,Usuario origen: ALONDRA26 | Liquidado origen: 1 | Credito abonado origen: 1276 | Fecha limite origen: 2026-02-07 | Dias restantes origen: 0 | Status origen: 1,,2026-02-07 13:38:10,,,,0,0,1276,[],,0
1212,branch:default,6,EFECTIVO,MENUDEO,75,0,75,JESUS MARIA,Usuario origen: ALONDRA26 | Liquidado origen: 1 | Credito abonado origen: 75 | Fecha limite origen: 2026-02-07 | Dias restantes origen: 0 | Status origen: 1,,2026-02-07 14:31:48,,,,0,0,75,[],,0
1213,branch:default,5,EFECTIVO,MENUDEO,7200,0,7200,CEN COMER,Usuario origen: ALONDRA26 | Liquidado origen: 1 | Credito abonado origen: 7200 | Fecha limite origen: 2026-02-22 | Dias restantes origen: 15 | Status origen: 1,,2026-02-07 14:36:40,,,,0,0,7200,[],,0
1214,branch:default,5,EFECTIVO,MENUDEO,700,0,700,CEN COMER,Usuario origen: ALONDRA26 | Liquidado origen: 1 | Credito abonado origen: 700 | Fecha limite origen: 2026-02-22 | Dias restantes origen: 15 | Status origen: 1,,2026-02-07 14:42:29,,,,0,0,700,[],,0
1215,branch:default,6,EFECTIVO,MENUDEO,225,0,225,JESUS MARIA,Usuario origen: ALONDRA26 | Liquidado origen: 1 | Credito abonado origen: 225 | Fecha limite origen: 2026-02-07 | Dias restantes origen: 0 | Status origen: 1,,2026-02-07 15:59:05,,,,0,0,225,[],,0
1216,branch:default,6,EFECTIVO,MENUDEO,225,0,225,JESUS MARIA,Usuario origen: ALONDRA26 | Liquidado origen: 1 | Credito abonado origen: 225 | Fecha limite origen: 2026-02-07 | Dias restantes origen: 0 | Status origen: 1,,2026-02-07 16:15:36,,,,0,0,225,[],,0
1217,branch:default,58,EFECTIVO,MENUDEO,1992,0,1992,JESUS MARIA,Usuario origen: ALONDRA26 | Liquidado origen: 1 | Credito abonado origen: 1992 | Fecha limite origen: 2026-03-09 | Dias restantes origen: 30 | Status origen: 1,,2026-02-07 16:32:57,,,,0,0,1992,[],,0
1218,branch:default,2,EFECTIVO,MENUDEO,2320,0,2320,JESUS MARIA,Usuario origen: ALONDRA26 | Liquidado origen: 1 | Credito abonado origen: 2320 | Fecha limite origen: 2026-02-07 | Dias restantes origen: 0 | Status origen: 1,,2026-02-07 17:50:00,,,,0,0,2320,[],,0
1219,branch:default,2,EFECTIVO,MENUDEO,148,0,148,JESUS MARIA,Usuario origen: ALONDRA26 | Liquidado origen: 1 | Credito abonado origen: 148 | Dias restantes origen: 0 | Status origen: 1,,2026-02-09 13:54:45,,,,0,0,148,[],,0
1220,branch:default,65,EFECTIVO,MENUDEO,17600,0,17600,SAN RAFAEL,Usuario origen: ALONDRA26 | Liquidado origen: 1 | Credito abonado origen: 17600 | Fecha limite origen: 2026-03-11 | Dias restantes origen: 30 | Status origen: 1,,2026-02-09 14:23:12,,,,0,0,17600,[],,0
1221,branch:default,2,EFECTIVO,MENUDEO,6,0,6,JESUS MARIA,Usuario origen: ALONDRA26 | Liquidado origen: 1 | Credito abonado origen: 6 | Dias restantes origen: 0 | Status origen: 1,,2026-02-09 15:51:16,,,,0,0,6,[],,0
1222,branch:default,7,EFECTIVO,MENUDEO,104,0,104,JESUS MARIA,Usuario origen: ALONDRA26 | Liquidado origen: 1 | Credito abonado origen: 104 | Fecha limite origen: 2026-03-11 | Dias restantes origen: 30 | Status origen: 1,,2026-02-09 16:08:21,,,,0,0,104,[],,0
1223,branch:default,2,EFECTIVO,MENUDEO,70,0,70,JESUS MARIA,Usuario origen: ALONDRA26 | Liquidado origen: 1 | Credito abonado origen: 70 | Dias restantes origen: 0 | Status origen: 1,,2026-02-09 17:22:41,,,,0,0,70,[],,0
1224,branch:default,65,EFECTIVO,MENUDEO,4000,0,4000,SAN RAFAEL,Usuario origen: ALONDRA26 | Liquidado origen: 1 | Credito abonado origen: 4000 | Fecha limite origen: 2026-03-11 | Dias restantes origen: 30 | Status origen: 1,,2026-02-09 20:58:26,,,,0,0,4000,[],,0
1225,branch:default,7,EFECTIVO,MENUDEO,99,0,99,JESUS MARIA,Usuario origen: ALONDRA26 | Liquidado origen: 1 | Credito abonado origen: 99 | Fecha limite origen: 2026-03-11 | Dias restantes origen: 30 | Status origen: 1,,2026-02-09 21:38:56,,,,0,0,99,[],,0
1226,branch:default,52,EFECTIVO,MENUDEO,4700,0,4700,JESUS MARIA,Usuario origen: ALONDRA26 | Liquidado origen: 1 | Credito abonado origen: 4700 | Fecha limite origen: 2026-03-11 | Dias restantes origen: 30 | Status origen: 1,,2026-02-09 22:12:12,,,,0,0,4700,[],,0
1227,branch:default,56,EFECTIVO,MENUDEO,9300,0,9300,ESCUELA DE LAS POMEZ,Usuario origen: ALONDRA26 | Liquidado origen: 1 | Credito abonado origen: 9300 | Fecha limite origen: 2026-03-12 | Dias restantes origen: 30 | Status origen: 1,,2026-02-10 13:58:29,,,,0,0,9300,[],,0
1228,branch:default,2,EFECTIVO,MENUDEO,18,0,18,JESUS MARIA,Usuario origen: ALONDRA26 | Liquidado origen: 1 | Credito abonado origen: 18 | Dias restantes origen: 0 | Status origen: 1,,2026-02-10 14:18:43,,,,0,0,18,[],,0
1229,branch:default,30,EFECTIVO,MENUDEO,3200,0,3200,JESUS MARIA,Usuario origen: ALONDRA26 | Liquidado origen: 1 | Credito abonado origen: 3200 | Fecha limite origen: 2026-03-12 | Dias restantes origen: 30 | Status origen: 1,,2026-02-10 14:22:11,,,,0,0,3200,[],,0
1230,branch:default,2,EFECTIVO,MENUDEO,3516,0,3516,LAS POMEZ,Usuario origen: ALONDRA26 | Liquidado origen: 1 | Credito abonado origen: 3516 | Dias restantes origen: 0 | Status origen: 1,,2026-02-10 14:26:42,,,,0,0,3516,[],,0
1231,branch:default,5,EFECTIVO,MENUDEO,3600,0,3600,CEN COMER,Usuario origen: ALONDRA26 | Liquidado origen: 1 | Credito abonado origen: 3600 | Fecha limite origen: 2026-02-25 | Dias restantes origen: 15 | Status origen: 1,,2026-02-10 15:34:23,,,,0,0,3600,[],,0
1232,branch:default,64,EFECTIVO,MENUDEO,14997,0,14997,SAN JOSE DE LA PAZ,Usuario origen: ALONDRA26 | Liquidado origen: 1 | Credito abonado origen: 14997 | Fecha limite origen: 2026-03-12 | Dias restantes origen: 30 | Status origen: 1,,2026-02-10 18:06:24,,,,0,0,14997,[],,0
1233,branch:default,53,EFECTIVO,MENUDEO,12975,0,12975,AGAVINA,Usuario origen: ALONDRA26 | Liquidado origen: 1 | Credito abonado origen: 12975 | Fecha limite origen: 2026-03-12 | Dias restantes origen: 30 | Status origen: 1,,2026-02-10 20:09:26,,,,0,0,12975,[],,0
1234,branch:default,53,EFECTIVO,MENUDEO,2005,0,2005,HERRADURA 4,Usuario origen: ALONDRA26 | Liquidado origen: 1 | Credito abonado origen: 2005 | Fecha limite origen: 2026-03-12 | Dias restantes origen: 30 | Status origen: 1,,2026-02-10 21:00:50,,,,0,0,2005,[],,0
1235,branch:default,53,EFECTIVO,MENUDEO,4200,0,4200,HERRADURA 1 ARANDAS,Usuario origen: ALONDRA26 | Liquidado origen: 1 | Credito abonado origen: 4200 | Fecha limite origen: 2026-03-12 | Dias restantes origen: 30 | Status origen: 1,,2026-02-10 21:02:39,,,,0,0,4200,[],,0
1236,branch:default,53,EFECTIVO,MENUDEO,2200,0,2200,NISLA C37,Usuario origen: ALONDRA26 | Liquidado origen: 1 | Credito abonado origen: 2200 | Fecha limite origen: 2026-03-12 | Dias restantes origen: 30 | Status origen: 1,,2026-02-10 21:03:23,,,,0,0,2200,[],,0
1237,branch:default,5,EFECTIVO,MENUDEO,12800,0,12800,CEN COMER,Usuario origen: ALONDRA26 | Liquidado origen: 1 | Credito abonado origen: 12800 | Fecha limite origen: 2026-02-25 | Dias restantes origen: 15 | Status origen: 1,,2026-02-10 22:45:29,,,,0,0,12800,[],,0
1238,branch:default,75,EFECTIVO,MENUDEO,4700,0,4700,JESUS MARIA,Usuario origen: ALONDRA26 | Liquidado origen: 1 | Credito abonado origen: 4700 | Fecha limite origen: 2026-03-13 | Dias restantes origen: 30 | Status origen: 1,,2026-02-11 13:25:27,,,,0,0,4700,[],,0
1239,branch:default,49,EFECTIVO,MENUDEO,4200,0,4200,DIF JESUS MARIA,Usuario origen: ALONDRA26 | Liquidado origen: 1 | Credito abonado origen: 4200 | Fecha limite origen: 2026-02-26 | Dias restantes origen: 15 | Status origen: 1,,2026-02-11 13:35:50,,,,0,0,4200,[],,0
1240,branch:default,76,EFECTIVO,MENUDEO,2830,0,2830,JESUS MARIA,Usuario origen: ALONDRA26 | Liquidado origen: 1 | Credito abonado origen: 2830 | Fecha limite origen: 2026-03-13 | Dias restantes origen: 30 | Status origen: 1,,2026-02-11 15:35:29,,,,0,0,2830,[],,0
1241,branch:default,52,EFECTIVO,MENUDEO,7700,0,7700,JESUS MARIA,Usuario origen: ALONDRA26 | Liquidado origen: 1 | Credito abonado origen: 7700 | Fecha limite origen: 2026-03-13 | Dias restantes origen: 30 | Status origen: 1,,2026-02-11 16:35:57,,,,0,0,7700,[],,0
1242,branch:default,27,EFECTIVO,MENUDEO,310,0,310,JESUS MARIA,Usuario origen: ALONDRA26 | Liquidado origen: 1 | Credito abonado origen: 310 | Dias restantes origen: 0 | Status origen: 1,,2026-02-11 18:40:49,,,,0,0,310,[],,0
1243,branch:default,52,EFECTIVO,MENUDEO,3800,0,3800,JESUS MARIA,Usuario origen: ALONDRA26 | Liquidado origen: 1 | Credito abonado origen: 3800 | Fecha limite origen: 2026-03-13 | Dias restantes origen: 30 | Status origen: 1,,2026-02-11 19:51:46,,,,0,0,3800,[],,0
1244,branch:default,56,EFECTIVO,MENUDEO,10280,0,10280,ESCUELA DE LAS POMEZ,Usuario origen: ALONDRA26 | Liquidado origen: 1 | Credito abonado origen: 10280 | Fecha limite origen: 2026-03-14 | Dias restantes origen: 30 | Status origen: 1,,2026-02-12 14:34:03,,,,0,0,10280,[],,0
1245,branch:default,2,EFECTIVO,MENUDEO,2904,0,2904,PUERTA DE BARRERA,Usuario origen: ALONDRA26 | Liquidado origen: 1 | Credito abonado origen: 2904 | Dias restantes origen: 0 | Status origen: 1,,2026-02-12 17:11:06,,,,0,0,2904,[],,0
1246,branch:default,52,EFECTIVO,MENUDEO,4900,0,4900,JESUS MARIA,Usuario origen: ALONDRA26 | Liquidado origen: 1 | Credito abonado origen: 4900 | Fecha limite origen: 2026-03-14 | Dias restantes origen: 30 | Status origen: 1,,2026-02-12 18:27:30,,,,0,0,4900,[],,0
1247,branch:default,5,EFECTIVO,MENUDEO,7200,0,7200,CEN COMER,Usuario origen: ALONDRA26 | Liquidado origen: 1 | Credito abonado origen: 7200 | Fecha limite origen: 2026-02-27 | Dias restantes origen: 15 | Status origen: 1,,2026-02-12 18:57:08,,,,0,0,7200,[],,0
1248,branch:default,5,EFECTIVO,MENUDEO,3600,0,3600,JESUS MARIA,Usuario origen: ALONDRA26 | Liquidado origen: 1 | Credito abonado origen: 3600 | Fecha limite origen: 2026-02-27 | Dias restantes origen: 15 | Status origen: 1,,2026-02-12 19:34:03,,,,0,0,3600,[],,0
1249,branch:default,2,EFECTIVO,MENUDEO,600,0,600,JESUS MARIA,Usuario origen: ALONDRA26 | Liquidado origen: 1 | Credito abonado origen: 600 | Dias restantes origen: 0 | Status origen: 1,,2026-02-12 19:34:47,,,,0,0,600,[],,0
1250,branch:default,7,EFECTIVO,MENUDEO,90,0,90,JESUS MARIA,Usuario origen: ALONDRA26 | Liquidado origen: 1 | Credito abonado origen: 90 | Fecha limite origen: 2026-03-14 | Dias restantes origen: 30 | Status origen: 1,,2026-02-12 19:47:11,,,,0,0,90,[],,0
1251,branch:default,2,EFECTIVO,MENUDEO,100,0,100,JESUS MARIA,Usuario origen: ALONDRA26 | Liquidado origen: 1 | Credito abonado origen: 100 | Dias restantes origen: 0 | Status origen: 1,,2026-02-12 19:57:03,,,,0,0,100,[],,0
1252,branch:default,2,EFECTIVO,MENUDEO,1855,0,1855,PUERTA DE CARRETA,Usuario origen: ALONDRA26 | Liquidado origen: 1 | Credito abonado origen: 1855 | Fecha limite origen: 2026-02-12 | Dias restantes origen: 0 | Status origen: 1,,2026-02-12 20:25:18,,,,0,0,1855,[],,0
1253,branch:default,2,EFECTIVO,MENUDEO,1405,0,1405,PUERTA DE BARRERA,Usuario origen: ALONDRA26 | Liquidado origen: 1 | Credito abonado origen: 1405 | Dias restantes origen: 0 | Status origen: 1,,2026-02-12 22:33:01,,,,0,0,1405,[],,0
1254,branch:default,35,EFECTIVO,MENUDEO,5150,0,5150,JESUS MARIA,Usuario origen: ALONDRA26 | Liquidado origen: 1 | Credito abonado origen: 5150 | Fecha limite origen: 2026-03-15 | Dias restantes origen: 30 | Status origen: 1,,2026-02-13 14:06:35,,,,0,0,5150,[],,0
1255,branch:default,48,EFECTIVO,MENUDEO,1470,0,1470,EL ROBLE,Usuario origen: ALONDRA26 | Liquidado origen: 1 | Credito abonado origen: 1470 | Fecha limite origen: 2026-02-28 | Dias restantes origen: 15 | Status origen: 1,,2026-02-13 14:40:22,,,,0,0,1470,[],,0
1256,branch:default,2,EFECTIVO,MENUDEO,14,0,14,JESUS MARIA,Usuario origen: ALONDRA26 | Liquidado origen: 1 | Credito abonado origen: 14 | Dias restantes origen: 0 | Status origen: 1,,2026-02-13 15:11:21,,,,0,0,14,[],,0
1257,branch:default,30,EFECTIVO,MENUDEO,1660,0,1660,JESUS MARIA,Usuario origen: ALONDRA26 | Liquidado origen: 1 | Credito abonado origen: 1660 | Fecha limite origen: 2026-03-15 | Dias restantes origen: 30 | Status origen: 1,,2026-02-13 18:57:44,,,,0,0,1660,[],,0
1258,branch:default,7,EFECTIVO,MENUDEO,62,0,62,JESUS MARIA,Usuario origen: ALONDRA26 | Liquidado origen: 1 | Credito abonado origen: 62 | Fecha limite origen: 2026-03-15 | Dias restantes origen: 30 | Status origen: 1,,2026-02-13 21:25:02,,,,0,0,62,[],,0
1259,branch:default,47,EFECTIVO,MENUDEO,49,0,49,JESUS MARIA,Usuario origen: ALONDRA26 | Liquidado origen: 1 | Credito abonado origen: 49 | Fecha limite origen: 2026-03-15 | Dias restantes origen: 30 | Status origen: 1,,2026-02-13 21:33:53,,,,0,0,49,[],,0
1260,branch:default,4,EFECTIVO,MENUDEO,4960,0,4960,SIERRITA,Usuario origen: ALONDRA26 | Liquidado origen: 1 | Credito abonado origen: 4960 | Fecha limite origen: 2026-03-16 | Dias restantes origen: 30 | Status origen: 1,,2026-02-14 18:32:01,,,,0,0,4960,[],,0
1261,branch:default,5,EFECTIVO,MENUDEO,3600,0,3600,CEN COMER,Usuario origen: ALONDRA26 | Liquidado origen: 1 | Credito abonado origen: 3600 | Fecha limite origen: 2026-03-01 | Dias restantes origen: 15 | Status origen: 1,,2026-02-14 18:56:48,,,,0,0,3600,[],,0
1262,branch:default,56,EFECTIVO,MENUDEO,9300,0,9300,ESCUELA DE LAS POMEZ,Usuario origen: ALONDRA26 | Liquidado origen: 1 | Credito abonado origen: 9300 | Fecha limite origen: 2026-03-18 | Dias restantes origen: 30 | Status origen: 1,,2026-02-16 13:33:05,,,,0,0,9300,[],,0
1263,branch:default,5,EFECTIVO,MENUDEO,7200,0,7200,CEN COMER,Usuario origen: ALONDRA26 | Liquidado origen: 1 | Credito abonado origen: 7200 | Fecha limite origen: 2026-03-03 | Dias restantes origen: 15 | Status origen: 1,,2026-02-16 14:08:40,,,,0,0,7200,[],,0
1264,branch:default,7,EFECTIVO,MENUDEO,119,0,119,JESUS MARIA,Usuario origen: ALONDRA26 | Liquidado origen: 1 | Credito abonado origen: 119 | Fecha limite origen: 2026-03-18 | Dias restantes origen: 30 | Status origen: 1,,2026-02-16 15:07:06,,,,0,0,119,[],,0
1265,branch:default,53,EFECTIVO,MENUDEO,7841.5,0,7841.5,EDIFICIO LIBORIO,Usuario origen: ALONDRA26 | Liquidado origen: 1 | Credito abonado origen: 7841.5 | Fecha limite origen: 2026-03-18 | Dias restantes origen: 30 | Status origen: 1,,2026-02-16 15:23:39,,,,0,0,7841.5,[],,0
1266,branch:default,6,EFECTIVO,MENUDEO,1040,0,1040,JESUS MARIA,Usuario origen: ALONDRA26 | Liquidado origen: 1 | Credito abonado origen: 1040 | Fecha limite origen: 2026-02-16 | Dias restantes origen: 0 | Status origen: 1,,2026-02-16 15:27:21,,,,0,0,1040,[],,0
1267,branch:default,53,EFECTIVO,MENUDEO,10320,0,10320,HERRADURA 4,Usuario origen: ALONDRA26 | Liquidado origen: 1 | Credito abonado origen: 10320 | Fecha limite origen: 2026-03-18 | Dias restantes origen: 30 | Status origen: 1,,2026-02-16 19:10:53,,,,0,0,10320,[],,0
1268,branch:default,53,EFECTIVO,MENUDEO,831,0,831,NISLA C37,Usuario origen: ALONDRA26 | Liquidado origen: 1 | Credito abonado origen: 831 | Fecha limite origen: 2026-03-18 | Dias restantes origen: 30 | Status origen: 1,,2026-02-16 19:14:43,,,,0,0,831,[],,0
1269,branch:default,53,EFECTIVO,MENUDEO,11300,0,11300,AGAVINA,Usuario origen: ALONDRA26 | Liquidado origen: 1 | Credito abonado origen: 11300 | Fecha limite origen: 2026-03-18 | Dias restantes origen: 30 | Status origen: 1,,2026-02-16 20:16:04,,,,0,0,11300,[],,0
1270,branch:default,8,EFECTIVO,MENUDEO,8400,0,8400,JOSEFINO,Usuario origen: ALONDRA26 | Liquidado origen: 1 | Credito abonado origen: 8400 | Fecha limite origen: 2026-03-03 | Dias restantes origen: 15 | Status origen: 1,,2026-02-16 20:24:30,,,,0,0,8400,[],,0
1271,branch:default,2,EFECTIVO,MENUDEO,14,0,14,JESUS MARIA,Usuario origen: ALONDRA26 | Liquidado origen: 1 | Credito abonado origen: 14 | Fecha limite origen: 2026-02-16 | Dias restantes origen: 0 | Status origen: 1,,2026-02-16 20:37:57,,,,0,0,14,[],,0
1272,branch:default,2,EFECTIVO,MENUDEO,750,0,750,JESUS MARIA,Usuario origen: ALONDRA26 | Liquidado origen: 1 | Credito abonado origen: 750 | Dias restantes origen: 0 | Status origen: 1,,2026-02-16 22:33:53,,,,0,0,750,[],,0
1273,branch:default,2,EFECTIVO,MENUDEO,70,0,70,JESUS MARIA,Usuario origen: ALONDRA26 | Liquidado origen: 1 | Credito abonado origen: 70 | Dias restantes origen: 0 | Status origen: 1,,2026-02-16 22:38:42,,,,0,0,70,[],,0
1274,branch:default,5,EFECTIVO,MENUDEO,9200,0,9200,CEN COMER,Usuario origen: ALONDRA26 | Liquidado origen: 1 | Credito abonado origen: 9200 | Fecha limite origen: 2026-03-03 | Dias restantes origen: 15 | Status origen: 1,,2026-02-16 22:51:37,,,,0,0,9200,[],,0
1275,branch:default,53,EFECTIVO,MENUDEO,11300,0,11300,AGAVINA,Usuario origen: ALONDRA26 | Liquidado origen: 1 | Credito abonado origen: 11300 | Fecha limite origen: 2026-03-19 | Dias restantes origen: 30 | Status origen: 1,,2026-02-17 13:39:10,,,,0,0,11300,[],,0
1276,branch:default,53,EFECTIVO,MENUDEO,11300,0,11300,AGAVINA,Usuario origen: ALONDRA26 | Liquidado origen: 1 | Credito abonado origen: 11300 | Fecha limite origen: 2026-03-19 | Dias restantes origen: 30 | Status origen: 1,,2026-02-17 13:40:23,,,,0,0,11300,[],,0
1277,branch:default,53,EFECTIVO,MENUDEO,11300,0,11300,AGAVINA,Usuario origen: ALONDRA26 | Liquidado origen: 1 | Credito abonado origen: 11300 | Fecha limite origen: 2026-03-19 | Dias restantes origen: 30 | Status origen: 1,,2026-02-17 13:41:01,,,,0,0,11300,[],,0
1278,branch:default,52,EFECTIVO,MENUDEO,336,0,336,JESUS MARIA,Usuario origen: ALONDRA26 | Liquidado origen: 1 | Credito abonado origen: 336 | Fecha limite origen: 2026-03-19 | Dias restantes origen: 30 | Status origen: 1,,2026-02-17 14:47:50,,,,0,0,336,[],,0
1279,branch:default,5,EFECTIVO,MENUDEO,2262,0,2262,JESUS MARIA,Usuario origen: ALONDRA26 | Liquidado origen: 1 | Credito abonado origen: 2262 | Fecha limite origen: 2026-03-04 | Dias restantes origen: 15 | Status origen: 1,,2026-02-17 15:05:24,,,,0,0,2262,[],,0
1280,branch:default,52,EFECTIVO,MENUDEO,52,0,52,JESUS MARIA,Usuario origen: ALONDRA26 | Liquidado origen: 1 | Credito abonado origen: 52 | Fecha limite origen: 2026-03-19 | Dias restantes origen: 30 | Status origen: 1,,2026-02-17 15:07:50,,,,0,0,52,[],,0
1281,branch:default,30,EFECTIVO,MENUDEO,1660,0,1660,JESUS MARIA,Usuario origen: ALONDRA26 | Liquidado origen: 1 | Credito abonado origen: 1660 | Fecha limite origen: 2026-03-19 | Dias restantes origen: 30 | Status origen: 1,,2026-02-17 15:47:33,,,,0,0,1660,[],,0
1282,branch:default,8,EFECTIVO,MENUDEO,4000,0,4000,JESUS MARIA,Usuario origen: ALONDRA26 | Liquidado origen: 1 | Credito abonado origen: 4000 | Fecha limite origen: 2026-03-04 | Dias restantes origen: 15 | Status origen: 1,,2026-02-17 16:00:28,,,,0,0,4000,[],,0
1283,branch:default,21,EFECTIVO,MENUDEO,2427,0,2427,JESUS MARIA,Usuario origen: ALONDRA26 | Liquidado origen: 1 | Credito abonado origen: 2427 | Fecha limite origen: 2026-03-04 | Dias restantes origen: 15 | Status origen: 1,,2026-02-17 17:05:18,,,,0,0,2427,[],,0
1284,branch:default,2,EFECTIVO,MENUDEO,90,0,90,JESUS MARIA,Usuario origen: ALONDRA26 | Liquidado origen: 1 | Credito abonado origen: 90 | Dias restantes origen: 0 | Status origen: 1,,2026-02-17 17:38:42,,,,0,0,90,[],,0
1285,branch:default,53,EFECTIVO,MENUDEO,11300,0,11300,AGAVINA,Usuario origen: ALONDRA26 | Liquidado origen: 1 | Credito abonado origen: 11300 | Fecha limite origen: 2026-03-19 | Dias restantes origen: 30 | Status origen: 1,,2026-02-17 18:10:51,,,,0,0,11300,[],,0
1286,branch:default,53,EFECTIVO,MENUDEO,11300,0,11300,AGAVINA,Usuario origen: ALONDRA26 | Liquidado origen: 1 | Credito abonado origen: 11300 | Fecha limite origen: 2026-03-19 | Dias restantes origen: 30 | Status origen: 1,,2026-02-17 18:11:26,,,,0,0,11300,[],,0
1287,branch:default,53,EFECTIVO,MENUDEO,11300,0,11300,AGAVINA,Usuario origen: ALONDRA26 | Liquidado origen: 1 | Credito abonado origen: 11300 | Fecha limite origen: 2026-03-19 | Dias restantes origen: 30 | Status origen: 1,,2026-02-17 18:13:58,,,,0,0,11300,[],,0
1288,branch:default,8,EFECTIVO,MENUDEO,49,0,49,JESUS MARIA,Usuario origen: Administrador | Liquidado origen: 1 | Credito abonado origen: 49 | Dias restantes origen: 0 | Status origen: 1,,2026-02-17 18:14:08,,,,0,0,49,[],,0
1289,branch:default,53,EFECTIVO,MENUDEO,11300,0,11300,AGAVINA,Usuario origen: ALONDRA26 | Liquidado origen: 1 | Credito abonado origen: 11300 | Fecha limite origen: 2026-03-19 | Dias restantes origen: 30 | Status origen: 1,,2026-02-17 18:14:32,,,,0,0,11300,[],,0
1290,branch:default,53,EFECTIVO,MENUDEO,5000,0,5000,AGAVINA,Usuario origen: ALONDRA26 | Liquidado origen: 1 | Credito abonado origen: 5000 | Fecha limite origen: 2026-03-19 | Dias restantes origen: 30 | Status origen: 1,,2026-02-17 22:49:31,,,,0,0,5000,[],,0
1291,branch:default,2,EFECTIVO,MENUDEO,5166,0,5166,PALETERIA FRENTE A LA PREPA,Usuario origen: ALONDRA26 | Liquidado origen: 1 | Credito abonado origen: 5166 | Dias restantes origen: 0 | Status origen: 1,,2026-02-18 13:34:15,,,,0,0,5166,[],,0
1292,branch:default,5,CREDITO,MENUDEO,4000,0,4000,CEN COMER,Usuario origen: ALONDRA26 | Liquidado origen: 0 | Credito abonado origen: 0 | Fecha limite origen: 2026-03-05 | Dias restantes origen: 15 | Status origen: 0,,2026-02-18 13:37:04,,,,0,4000,0,[],,0
1293,branch:default,5,CREDITO,MENUDEO,6400,0,6400,CEN COMER,Usuario origen: ALONDRA26 | Liquidado origen: 0 | Credito abonado origen: 0 | Fecha limite origen: 2026-03-05 | Dias restantes origen: 15 | Status origen: 0,,2026-02-18 13:57:01,,,,0,6400,0,[],,0
1294,branch:default,5,EFECTIVO,MENUDEO,5880,0,5880,CEN COMER,Usuario origen: ALONDRA26 | Liquidado origen: 1 | Credito abonado origen: 5880 | Fecha limite origen: 2026-03-05 | Dias restantes origen: 15 | Status origen: 1,,2026-02-18 15:28:20,,,,0,0,5880,[],,0
1295,branch:default,52,EFECTIVO,MENUDEO,12410,0,12410,JESUS MARIA,Usuario origen: ALONDRA26 | Liquidado origen: 1 | Credito abonado origen: 12410 | Fecha limite origen: 2026-03-20 | Dias restantes origen: 30 | Status origen: 1,,2026-02-18 16:21:37,,,,0,0,12410,[],,0
1296,branch:default,2,EFECTIVO,MENUDEO,125,0,125,JESUS MARIA,Usuario origen: ALONDRA26 | Liquidado origen: 1 | Credito abonado origen: 125 | Dias restantes origen: 0 | Status origen: 1,,2026-02-18 18:48:09,,,,0,0,125,[],,0
1297,branch:default,53,EFECTIVO,MENUDEO,18350,0,18350,AGAVINA,Usuario origen: ALONDRA26 | Liquidado origen: 1 | Credito abonado origen: 18350 | Fecha limite origen: 2026-03-20 | Dias restantes origen: 30 | Status origen: 1,,2026-02-18 19:12:40,,,,0,0,18350,[],,0
1298,branch:default,7,EFECTIVO,MENUDEO,5,0,5,JESUS MARIA,Usuario origen: ALONDRA26 | Liquidado origen: 1 | Credito abonado origen: 5 | Fecha limite origen: 2026-03-20 | Dias restantes origen: 30 | Status origen: 1,,2026-02-18 19:42:15,,,,0,0,5,[],,0
1299,branch:default,77,EFECTIVO,MENUDEO,7600,0,7600,JESUS MARIA,Usuario origen: ALONDRA26 | Liquidado origen: 1 | Credito abonado origen: 7600 | Dias restantes origen: 0 | Status origen: 1,,2026-02-18 19:57:28,,,,0,0,7600,[],,0
1300,branch:default,75,EFECTIVO,MENUDEO,13675,0,13675,JESUS MARIA,Usuario origen: ALONDRA26 | Liquidado origen: 1 | Credito abonado origen: 13675 | Fecha limite origen: 2026-03-20 | Dias restantes origen: 30 | Status origen: 1,,2026-02-18 21:56:04,,,,0,0,13675,[],,0
1301,branch:default,13,EFECTIVO,MENUDEO,8300,0,8300,JESUS MARIA,Usuario origen: ALONDRA26 | Liquidado origen: 1 | Credito abonado origen: 8300 | Fecha limite origen: 2026-03-06 | Dias restantes origen: 15 | Status origen: 1,,2026-02-19 13:38:05,,,,0,0,8300,[],,0
1302,branch:default,5,EFECTIVO,MENUDEO,8350,0,8350,CEN COMER,Usuario origen: ALONDRA26 | Liquidado origen: 1 | Credito abonado origen: 8350 | Fecha limite origen: 2026-03-06 | Dias restantes origen: 15 | Status origen: 1,,2026-02-19 14:55:43,,,,0,0,8350,[],,0
1303,branch:default,19,EFECTIVO,MENUDEO,3600,0,3600,LA LEONERA,Usuario origen: ALONDRA26 | Liquidado origen: 1 | Credito abonado origen: 3600 | Fecha limite origen: 2026-03-06 | Dias restantes origen: 15 | Status origen: 1,,2026-02-19 15:47:48,,,,0,0,3600,[],,0
1304,branch:default,53,EFECTIVO,MENUDEO,11300,0,11300,AGAVINA,Usuario origen: ALONDRA26 | Liquidado origen: 1 | Credito abonado origen: 11300 | Fecha limite origen: 2026-03-21 | Dias restantes origen: 30 | Status origen: 1,,2026-02-19 15:48:58,,,,0,0,11300,[],,0
1305,branch:default,53,EFECTIVO,MENUDEO,11300,0,11300,AGAVINA,Usuario origen: ALONDRA26 | Liquidado origen: 1 | Credito abonado origen: 11300 | Fecha limite origen: 2026-03-21 | Dias restantes origen: 30 | Status origen: 1,,2026-02-19 15:49:41,,,,0,0,11300,[],,0
1306,branch:default,52,EFECTIVO,MENUDEO,8900,0,8900,JESUS MARIA,Usuario origen: ALONDRA26 | Liquidado origen: 1 | Credito abonado origen: 8900 | Fecha limite origen: 2026-03-21 | Dias restantes origen: 30 | Status origen: 1,,2026-02-19 17:15:49,,,,0,0,8900,[],,0
1307,branch:default,56,EFECTIVO,MENUDEO,9300,0,9300,ESCUELA DE LAS POMEZ,Usuario origen: ALONDRA26 | Liquidado origen: 1 | Credito abonado origen: 9300 | Fecha limite origen: 2026-03-21 | Dias restantes origen: 30 | Status origen: 1,,2026-02-19 17:54:47,,,,0,0,9300,[],,0
1308,branch:default,58,EFECTIVO,MENUDEO,1754,0,1754,LAS POMEZ,Usuario origen: ALONDRA26 | Liquidado origen: 1 | Credito abonado origen: 1754 | Fecha limite origen: 2026-03-21 | Dias restantes origen: 30 | Status origen: 1,,2026-02-19 19:02:54,,,,0,0,1754,[],,0
1309,branch:default,52,EFECTIVO,MENUDEO,4700,0,4700,JESUS MARIA,Usuario origen: ALONDRA26 | Liquidado origen: 1 | Credito abonado origen: 4700 | Fecha limite origen: 2026-03-21 | Dias restantes origen: 30 | Status origen: 1,,2026-02-19 20:10:05,,,,0,0,4700,[],,0
1310,branch:default,2,EFECTIVO,MENUDEO,6332.5,0,6332.5,PALETERIA FRENTE A LA PREPA,Usuario origen: ALONDRA26 | Liquidado origen: 1 | Credito abonado origen: 6332.5 | Dias restantes origen: 0 | Status origen: 1,,2026-02-20 14:04:27,,,,0,0,6332.5,[],,0
1311,branch:default,2,EFECTIVO,MENUDEO,437.5,0,437.5,JESUS MARIA,Usuario origen: ALONDRA26 | Liquidado origen: 1 | Credito abonado origen: 437.5 | Fecha limite origen: 2026-02-20 | Dias restantes origen: 0 | Status origen: 1,,2026-02-20 14:40:39,,,,0,0,437.5,[],,0
1312,branch:default,2,EFECTIVO,MENUDEO,194,0,194,JESUS MARIA,Usuario origen: ALONDRA26 | Liquidado origen: 1 | Credito abonado origen: 194 | Dias restantes origen: 0 | Status origen: 1,,2026-02-20 17:01:52,,,,0,0,194,[],,0
1313,branch:default,2,EFECTIVO,MENUDEO,17,0,17,JESUS MARIA,Usuario origen: ALONDRA26 | Liquidado origen: 1 | Credito abonado origen: 17 | Dias restantes origen: 0 | Status origen: 1,,2026-02-20 17:03:08,,,,0,0,17,[],,0
1314,branch:default,5,EFECTIVO,MENUDEO,10090,0,10090,CEN COMER,Usuario origen: ALONDRA26 | Liquidado origen: 1 | Credito abonado origen: 10090 | Fecha limite origen: 2026-03-07 | Dias restantes origen: 15 | Status origen: 1,,2026-02-20 18:00:05,,,,0,0,10090,[],,0
1315,branch:default,20,CREDITO,MENUDEO,57,0,57,JESUS MARIA,Usuario origen: ALONDRA26 | Liquidado origen: 0 | Credito abonado origen: 0 | Fecha limite origen: 2026-03-22 | Dias restantes origen: 30 | Status origen: 1,,2026-02-20 20:23:28,,,,0,57,0,[],,0
1316,branch:default,7,EFECTIVO,MENUDEO,104,0,104,JESUS MARIA,Usuario origen: ALONDRA26 | Liquidado origen: 1 | Credito abonado origen: 104 | Fecha limite origen: 2026-03-23 | Dias restantes origen: 30 | Status origen: 1,,2026-02-21 14:55:03,,,,0,0,104,[],,0
1317,branch:default,35,EFECTIVO,MENUDEO,10300,0,10300,JESUS MARIA,Usuario origen: ALONDRA26 | Liquidado origen: 1 | Credito abonado origen: 10300 | Fecha limite origen: 2026-03-23 | Dias restantes origen: 30 | Status origen: 1,,2026-02-21 15:08:54,,,,0,0,10300,[],,0
1318,branch:default,4,EFECTIVO,MENUDEO,4718,0,4718,LA SIERRITA,Usuario origen: ALONDRA26 | Liquidado origen: 1 | Credito abonado origen: 4718 | Fecha limite origen: 2026-03-23 | Dias restantes origen: 30 | Status origen: 1,,2026-02-21 17:05:44,,,,0,0,4718,[],,0
1319,branch:default,2,EFECTIVO,MENUDEO,1800,0,1800,JESUS MARIA,Usuario origen: ALONDRA26 | Liquidado origen: 1 | Credito abonado origen: 1800 | Fecha limite origen: 2026-02-21 | Dias restantes origen: 0 | Status origen: 1,,2026-02-21 17:43:11,,,,0,0,1800,[],,0
1320,branch:default,2,EFECTIVO,MENUDEO,235,0,235,JESUS MARIA,Usuario origen: ALONDRA26 | Liquidado origen: 1 | Credito abonado origen: 235 | Dias restantes origen: 0 | Status origen: 1,,2026-02-21 19:44:13,,,,0,0,235,[],,0
1321,branch:default,64,EFECTIVO,MENUDEO,10875,0,10875,SAN JOSE DE LA PAZ,Usuario origen: ALONDRA26 | Liquidado origen: 1 | Credito abonado origen: 10875 | Fecha limite origen: 2026-03-26 | Dias restantes origen: 30 | Status origen: 1,,2026-02-24 13:52:49,,,,0,0,10875,[],,0
1322,branch:default,59,EFECTIVO,MENUDEO,472,0,472,JESUS MARIA,Usuario origen: ALONDRA26 | Liquidado origen: 1 | Credito abonado origen: 472 | Fecha limite origen: 2026-03-26 | Dias restantes origen: 30 | Status origen: 1,,2026-02-24 14:10:28,,,,0,0,472,[],,0
1323,branch:default,8,CREDITO,MENUDEO,6720,0,6720,LAS LAGUNAS,Usuario origen: ALONDRA26 | Liquidado origen: 0 | Credito abonado origen: 0 | Fecha limite origen: 2026-03-11 | Dias restantes origen: 15 | Status origen: 1,,2026-02-24 14:24:19,,,,0,6720,0,[],,0
1324,branch:default,2,EFECTIVO,MENUDEO,1902,0,1902,JESUS MARIA,Usuario origen: ALONDRA26 | Liquidado origen: 1 | Credito abonado origen: 1902 | Dias restantes origen: 0 | Status origen: 1,,2026-02-24 15:01:51,,,,0,0,1902,[],,0
1325,branch:default,6,EFECTIVO,MENUDEO,590,0,590,JESUS MARIA,Usuario origen: ALONDRA26 | Liquidado origen: 1 | Credito abonado origen: 590 | Fecha limite origen: 2026-02-24 | Dias restantes origen: 0 | Status origen: 1,,2026-02-24 15:52:54,,,,0,0,590,[],,0
1326,branch:default,78,EFECTIVO,MENUDEO,8760,0,8760,PALETERIA FRENTE A LA PREPA,Usuario origen: ALONDRA26 | Liquidado origen: 1 | Credito abonado origen: 8760 | Fecha limite origen: 2026-03-26 | Dias restantes origen: 30 | Status origen: 1,,2026-02-24 15:56:11,,,,0,0,8760,[],,0
1327,branch:default,6,EFECTIVO,MENUDEO,34,0,34,JESUS MARIA,Usuario origen: ALONDRA26 | Liquidado origen: 1 | Credito abonado origen: 34 | Fecha limite origen: 2026-02-24 | Dias restantes origen: 0 | Status origen: 1,,2026-02-24 16:38:11,,,,0,0,34,[],,0
1328,branch:default,8,EFECTIVO,MENUDEO,6720,0,6720,LAS LAGUNAS,Usuario origen: ALONDRA26 | Liquidado origen: 1 | Credito abonado origen: 6720 | Fecha limite origen: 2026-03-11 | Dias restantes origen: 15 | Status origen: 1,,2026-02-24 16:50:51,,,,0,0,6720,[],,0
1329,branch:default,52,EFECTIVO,MENUDEO,92,0,92,JESUS MARIA,Usuario origen: ALONDRA26 | Liquidado origen: 1 | Credito abonado origen: 92 | Fecha limite origen: 2026-03-26 | Dias restantes origen: 30 | Status origen: 1,,2026-02-24 17:39:43,,,,0,0,92,[],,0
1330,branch:default,5,EFECTIVO,MENUDEO,7702,0,7702,CEN COMER,Usuario origen: ALONDRA26 | Liquidado origen: 1 | Credito abonado origen: 7702 | Fecha limite origen: 2026-03-11 | Dias restantes origen: 15 | Status origen: 1,,2026-02-24 18:38:04,,,,0,0,7702,[],,0
1331,branch:default,58,EFECTIVO,MENUDEO,216,0,216,JESUS MARIA,Usuario origen: ALONDRA26 | Liquidado origen: 1 | Credito abonado origen: 216 | Dias restantes origen: 0 | Status origen: 1,,2026-02-24 19:02:24,,,,0,0,216,[],,0
1332,branch:default,60,EFECTIVO,MENUDEO,56800,0,56800,DEGOLLADO,Usuario origen: ALONDRA26 | Liquidado origen: 1 | Credito abonado origen: 56800 | Fecha limite origen: 2026-03-26 | Dias restantes origen: 30 | Status origen: 1,,2026-02-24 20:12:10,,,,0,0,56800,[],,0
1333,branch:default,19,EFECTIVO,MENUDEO,450,0,450,JESUS MARIA,Usuario origen: ALONDRA26 | Liquidado origen: 1 | Credito abonado origen: 450 | Fecha limite origen: 2026-03-11 | Dias restantes origen: 15 | Status origen: 1,,2026-02-24 20:12:46,,,,0,0,450,[],,0
1334,branch:default,46,EFECTIVO,MENUDEO,509,0,509,JESUS MARIA,Usuario origen: ALONDRA26 | Liquidado origen: 1 | Credito abonado origen: 509 | Fecha limite origen: 2026-03-27 | Dias restantes origen: 30 | Status origen: 1,,2026-02-25 15:17:06,,,,0,0,509,[],,0
1335,branch:default,21,EFECTIVO,MENUDEO,2350,0,2350,JESUS MARIA,Usuario origen: ALONDRA26 | Liquidado origen: 1 | Credito abonado origen: 2350 | Fecha limite origen: 2026-03-12 | Dias restantes origen: 15 | Status origen: 1,,2026-02-25 15:57:55,,,,0,0,2350,[],,0
1336,branch:default,19,EFECTIVO,MENUDEO,708,0,708,JESUS MARIA,Usuario origen: ALONDRA26 | Liquidado origen: 1 | Credito abonado origen: 708 | Fecha limite origen: 2026-03-12 | Dias restantes origen: 15 | Status origen: 1,,2026-02-25 18:28:14,,,,0,0,708,[],,0
1337,branch:default,5,EFECTIVO,MENUDEO,6900,0,6900,CEN COMER,Usuario origen: ALONDRA26 | Liquidado origen: 1 | Credito abonado origen: 6900 | Fecha limite origen: 2026-03-12 | Dias restantes origen: 15 | Status origen: 1,,2026-02-25 18:31:00,,,,0,0,6900,[],,0
1338,branch:default,73,EFECTIVO,MENUDEO,22800,0,22800,SANTA MARIA DEL VALLE,Usuario origen: ALONDRA26 | Liquidado origen: 1 | Credito abonado origen: 22800 | Fecha limite origen: 2026-03-27 | Dias restantes origen: 30 | Status origen: 1,,2026-02-25 19:06:46,,,,0,0,22800,[],,0
1339,branch:default,65,EFECTIVO,MENUDEO,4000,0,4000,SAN RAFAEL,Usuario origen: ALONDRA26 | Liquidado origen: 1 | Credito abonado origen: 4000 | Fecha limite origen: 2026-03-27 | Dias restantes origen: 30 | Status origen: 1,,2026-02-25 19:24:10,,,,0,0,4000,[],,0
1340,branch:default,6,EFECTIVO,MENUDEO,272,0,272,JESUS MARIA,Usuario origen: ALONDRA26 | Liquidado origen: 1 | Credito abonado origen: 272 | Fecha limite origen: 2026-02-25 | Dias restantes origen: 0 | Status origen: 1,,2026-02-25 19:55:17,,,,0,0,272,[],,0
1341,branch:default,6,EFECTIVO,MENUDEO,294,0,294,JESUS MARIA,Usuario origen: ALONDRA26 | Liquidado origen: 1 | Credito abonado origen: 294 | Fecha limite origen: 2026-02-25 | Dias restantes origen: 0 | Status origen: 1,,2026-02-25 19:56:22,,,,0,0,294,[],,0
1342,branch:default,52,EFECTIVO,MENUDEO,4700,0,4700,JESUS MARIA,Usuario origen: ALONDRA26 | Liquidado origen: 1 | Credito abonado origen: 4700 | Fecha limite origen: 2026-03-27 | Dias restantes origen: 30 | Status origen: 1,,2026-02-25 20:02:55,,,,0,0,4700,[],,0
1343,branch:default,27,EFECTIVO,MENUDEO,86,0,86,JESUS MARIA,Usuario origen: ALONDRA26 | Liquidado origen: 1 | Credito abonado origen: 86 | Dias restantes origen: 0 | Status origen: 1,,2026-02-25 20:20:50,,,,0,0,86,[],,0
1344,branch:default,2,EFECTIVO,MENUDEO,1180,0,1180,JESUS MARIA,Usuario origen: ALONDRA26 | Liquidado origen: 1 | Credito abonado origen: 1180 | Dias restantes origen: 0 | Status origen: 1,,2026-02-25 21:07:33,,,,0,0,1180,[],,0
1345,branch:default,44,EFECTIVO,MENUDEO,4200,0,4200,ARANDAS,Usuario origen: ALONDRA26 | Liquidado origen: 1 | Credito abonado origen: 4200 | Fecha limite origen: 2026-03-27 | Dias restantes origen: 30 | Status origen: 1,,2026-02-25 21:31:02,,,,0,0,4200,[],,0
1346,branch:default,19,CREDITO,MENUDEO,1800,0,1800,ARANDAS,Usuario origen: ALONDRA26 | Liquidado origen: 0 | Credito abonado origen: 0 | Fecha limite origen: 2026-03-12 | Dias restantes origen: 15 | Status origen: 1,,2026-02-25 23:35:20,,,,0,1800,0,[],,0
1347,branch:default,56,EFECTIVO,MENUDEO,9300,0,9300,ESCUELA DE LAS POMEZ,Usuario origen: ALONDRA26 | Liquidado origen: 1 | Credito abonado origen: 9300 | Fecha limite origen: 2026-03-28 | Dias restantes origen: 30 | Status origen: 1,,2026-02-26 13:14:50,,,,0,0,9300,[],,0
1348,branch:default,5,EFECTIVO,MENUDEO,2400,0,2400,CEN COMER,Usuario origen: ALONDRA26 | Liquidado origen: 1 | Credito abonado origen: 2400 | Fecha limite origen: 2026-03-13 | Dias restantes origen: 15 | Status origen: 1,,2026-02-26 13:30:42,,,,0,0,2400,[],,0
1349,branch:default,2,EFECTIVO,MENUDEO,600,0,600,JESUS MARIA,Usuario origen: ALONDRA26 | Liquidado origen: 1 | Credito abonado origen: 600 | Dias restantes origen: 0 | Status origen: 1,,2026-02-26 14:58:05,,,,0,0,600,[],,0
1350,branch:default,2,EFECTIVO,MENUDEO,75,0,75,JESUS MARIA,Usuario origen: ALONDRA26 | Liquidado origen: 1 | Credito abonado origen: 75 | Dias restantes origen: 0 | Status origen: 1,,2026-02-26 15:04:35,,,,0,0,75,[],,0
1351,branch:default,53,EFECTIVO,MENUDEO,11300,0,11300,AGAVINA,Usuario origen: ALONDRA26 | Liquidado origen: 1 | Credito abonado origen: 11300 | Fecha limite origen: 2026-03-28 | Dias restantes origen: 30 | Status origen: 1,,2026-02-26 16:25:06,,,,0,0,11300,[],,0
1352,branch:default,53,EFECTIVO,MENUDEO,21500,0,21500,AGAVINA,Usuario origen: ALONDRA26 | Liquidado origen: 1 | Credito abonado origen: 21500 | Fecha limite origen: 2026-03-28 | Dias restantes origen: 30 | Status origen: 1,,2026-02-26 17:42:24,,,,0,0,21500,[],,0
1353,branch:default,5,EFECTIVO,MENUDEO,1300,0,1300,CEN COMER,Usuario origen: ALONDRA26 | Liquidado origen: 1 | Credito abonado origen: 1300 | Fecha limite origen: 2026-03-13 | Dias restantes origen: 15 | Status origen: 1,,2026-02-26 19:33:45,,,,0,0,1300,[],,0
1354,branch:default,2,EFECTIVO,MENUDEO,37,0,37,JESUS MARIA,Usuario origen: ALONDRA26 | Liquidado origen: 1 | Credito abonado origen: 37 | Dias restantes origen: 0 | Status origen: 1,,2026-02-26 20:00:08,,,,0,0,37,[],,0
1355,branch:default,53,EFECTIVO,MENUDEO,5000,0,5000,AGAVINA,Usuario origen: ALONDRA26 | Liquidado origen: 1 | Credito abonado origen: 5000 | Fecha limite origen: 2026-03-28 | Dias restantes origen: 30 | Status origen: 1,,2026-02-26 21:33:44,,,,0,0,5000,[],,0
1356,branch:default,2,EFECTIVO,MENUDEO,22,0,22,JESUS MARIA,Usuario origen: ALONDRA26 | Liquidado origen: 1 | Credito abonado origen: 22 | Dias restantes origen: 0 | Status origen: 1,,2026-02-27 18:32:05,,,,0,0,22,[],,0
1357,branch:default,53,EFECTIVO,MENUDEO,3900,0,3900,NISLA C37 Y EDIFICIO LIBORIO,Usuario origen: ALONDRA26 | Liquidado origen: 1 | Credito abonado origen: 3900 | Fecha limite origen: 2026-03-29 | Dias restantes origen: 30 | Status origen: 1,,2026-02-27 19:22:22,,,,0,0,3900,[],,0
1358,branch:default,53,EFECTIVO,MENUDEO,11300,0,11300,AGAVINA,Usuario origen: ALONDRA26 | Liquidado origen: 1 | Credito abonado origen: 11300 | Fecha limite origen: 2026-03-29 | Dias restantes origen: 30 | Status origen: 1,,2026-02-27 22:40:09,,,,0,0,11300,[],,0
1359,branch:default,2,EFECTIVO,MENUDEO,75,0,75,JESUS MARIA,Usuario origen: ALONDRA26 | Liquidado origen: 1 | Credito abonado origen: 75 | Dias restantes origen: 0 | Status origen: 1,,2026-02-28 13:50:57,,,,0,0,75,[],,0
1360,branch:default,14,EFECTIVO,MENUDEO,9200,0,9200,PRIVADA EL MOLINO,Usuario origen: ALONDRA26 | Liquidado origen: 1 | Credito abonado origen: 9200 | Fecha limite origen: 2026-03-15 | Dias restantes origen: 15 | Status origen: 1,,2026-02-28 14:55:09,,,,0,0,9200,[],,0
1361,branch:default,5,EFECTIVO,MENUDEO,3450,0,3450,CEN COMER,Usuario origen: ALONDRA26 | Liquidado origen: 1 | Credito abonado origen: 3450 | Fecha limite origen: 2026-03-15 | Dias restantes origen: 15 | Status origen: 1,,2026-02-28 15:13:47,,,,0,0,3450,[],,0
1362,branch:default,2,EFECTIVO,MENUDEO,1180,0,1180,JESUS MARIA,Usuario origen: ALONDRA26 | Liquidado origen: 1 | Credito abonado origen: 1180 | Dias restantes origen: 0 | Status origen: 1,,2026-02-28 16:12:36,,,,0,0,1180,[],,0
1363,branch:default,53,EFECTIVO,MENUDEO,11300,0,11300,AGAVINA,Usuario origen: ALONDRA26 | Liquidado origen: 1 | Credito abonado origen: 11300 | Fecha limite origen: 2026-03-30 | Dias restantes origen: 30 | Status origen: 1,,2026-02-28 16:23:24,,,,0,0,11300,[],,0
1364,branch:default,2,EFECTIVO,MENUDEO,50,0,50,JESUS MARIA,Usuario origen: ALONDRA26 | Liquidado origen: 1 | Credito abonado origen: 50 | Dias restantes origen: 0 | Status origen: 1,,2026-02-28 21:00:51,,,,0,0,50,[],,0
1365,branch:default,2,EFECTIVO,MENUDEO,22,0,22,JESUS MARIA,Usuario origen: ALONDRA26 | Liquidado origen: 1 | Credito abonado origen: 22 | Dias restantes origen: 0 | Status origen: 1,,2026-03-02 15:26:03,,,,0,0,22,[],,0
1366,branch:default,67,EFECTIVO,MENUDEO,493,0,493,JESUS MARIA,Usuario origen: ALONDRA26 | Liquidado origen: 1 | Credito abonado origen: 493 | Dias restantes origen: 0 | Status origen: 1,,2026-03-02 15:56:22,,,,0,0,493,[],,0
1367,branch:default,5,EFECTIVO,MENUDEO,3450,0,3450,CEN COMER,Usuario origen: ALONDRA26 | Liquidado origen: 1 | Credito abonado origen: 3450 | Fecha limite origen: 2026-03-17 | Dias restantes origen: 15 | Status origen: 1,,2026-03-02 17:19:25,,,,0,0,3450,[],,0
1368,branch:default,73,EFECTIVO,MENUDEO,17100,0,17100,ARANDAS,Usuario origen: ALONDRA26 | Liquidado origen: 1 | Credito abonado origen: 17100 | Fecha limite origen: 2026-04-01 | Dias restantes origen: 30 | Status origen: 1,,2026-03-02 20:15:58,,,,0,0,17100,[],,0
1369,branch:default,8,CREDITO,MENUDEO,6720,0,6720,JOSEFINO,Usuario origen: ALONDRA26 | Liquidado origen: 0 | Credito abonado origen: 0 | Fecha limite origen: 2026-03-17 | Dias restantes origen: 15 | Status origen: 1,,2026-03-02 20:21:39,,,,0,6720,0,[],,0
1370,branch:default,2,EFECTIVO,MENUDEO,1308,0,1308,JESUS MARIA,Usuario origen: ALONDRA26 | Liquidado origen: 1 | Credito abonado origen: 1308 | Dias restantes origen: 0 | Status origen: 1,,2026-03-02 22:29:28,,,,0,0,1308,[],,0
1371,branch:default,19,EFECTIVO,MENUDEO,294,0,294,JESUS MARIA,Usuario origen: ALONDRA26 | Liquidado origen: 1 | Credito abonado origen: 294 | Fecha limite origen: 2026-03-17 | Dias restantes origen: 15 | Status origen: 1,,2026-03-02 22:51:59,,,,0,0,294,[],,0
1372,branch:default,68,EFECTIVO,MENUDEO,2398.5,0,2398.5,JESUS MARIA,Usuario origen: ALONDRA26 | Liquidado origen: 1 | Credito abonado origen: 2398.5 | Fecha limite origen: 2026-03-03 | Dias restantes origen: 0 | Status origen: 1,,2026-03-03 14:07:40,,,,0,0,2398.5,[],,0
1373,branch:default,53,EFECTIVO,MENUDEO,9974,0,9974,EDIFICIO LIBORIO,Usuario origen: ALONDRA26 | Liquidado origen: 1 | Credito abonado origen: 9974 | Fecha limite origen: 2026-04-02 | Dias restantes origen: 30 | Status origen: 1,,2026-03-03 14:20:13,,,,0,0,9974,[],,0
1374,branch:default,7,EFECTIVO,MENUDEO,32,0,32,JESUS MARIA,Usuario origen: ALONDRA26 | Liquidado origen: 1 | Credito abonado origen: 32 | Fecha limite origen: 2026-04-02 | Dias restantes origen: 30 | Status origen: 1,,2026-03-03 14:26:26,,,,0,0,32,[],,0
1375,branch:default,2,EFECTIVO,MENUDEO,19,0,19,JESUS MARIA,Usuario origen: ALONDRA26 | Liquidado origen: 1 | Credito abonado origen: 19 | Dias restantes origen: 0 | Status origen: 1,,2026-03-03 14:34:39,,,,0,0,19,[],,0
1376,branch:default,8,EFECTIVO,MENUDEO,90,0,90,JESUS MARIA,Usuario origen: ALONDRA26 | Liquidado origen: 1 | Credito abonado origen: 90 | Dias restantes origen: 0 | Status origen: 1,,2026-03-03 16:47:48,,,,0,0,90,[],,0
1377,branch:default,2,EFECTIVO,MENUDEO,30,0,30,JESUS MARIA,Usuario origen: ALONDRA26 | Liquidado origen: 1 | Credito abonado origen: 30 | Dias restantes origen: 0 | Status origen: 1,,2026-03-03 17:00:54,,,,0,0,30,[],,0
1378,branch:default,60,EFECTIVO,MENUDEO,26220,0,26220,DEGOLLADO,Usuario origen: ALONDRA26 | Liquidado origen: 1 | Credito abonado origen: 26220 | Fecha limite origen: 2026-04-02 | Dias restantes origen: 30 | Status origen: 1,,2026-03-03 17:26:35,,,,0,0,26220,[],,0
1379,branch:default,67,EFECTIVO,MENUDEO,236,0,236,JESUS MARIA,Usuario origen: ALONDRA26 | Liquidado origen: 1 | Credito abonado origen: 236 | Fecha limite origen: 2026-03-18 | Dias restantes origen: 15 | Status origen: 1,,2026-03-03 17:56:54,,,,0,0,236,[],,0
1380,branch:default,2,EFECTIVO,MENUDEO,25,0,25,JESUS MARIA,Usuario origen: ALONDRA26 | Liquidado origen: 1 | Credito abonado origen: 25 | Dias restantes origen: 0 | Status origen: 1,,2026-03-03 18:00:23,,,,0,0,25,[],,0
1381,branch:default,35,EFECTIVO,MENUDEO,7382,0,7382,JESUS MARIA,Usuario origen: ALONDRA26 | Liquidado origen: 1 | Credito abonado origen: 7382 | Fecha limite origen: 2026-04-02 | Dias restantes origen: 30 | Status origen: 1,,2026-03-03 18:36:27,,,,0,0,7382,[],,0
1382,branch:default,7,EFECTIVO,MENUDEO,243.5,0,243.5,JESUS MARIA,Usuario origen: ALONDRA26 | Liquidado origen: 1 | Credito abonado origen: 243.5 | Fecha limite origen: 2026-04-02 | Dias restantes origen: 30 | Status origen: 1,,2026-03-03 19:20:15,,,,0,0,243.5,[],,0
1383,branch:default,53,EFECTIVO,MENUDEO,2500,0,2500,AGAVINA,Usuario origen: ALONDRA26 | Liquidado origen: 1 | Credito abonado origen: 2500 | Fecha limite origen: 2026-04-02 | Dias restantes origen: 30 | Status origen: 1,,2026-03-03 19:44:23,,,,0,0,2500,[],,0
1384,branch:default,2,EFECTIVO,MENUDEO,761,0,761,JESUS MARIA,Usuario origen: ALONDRA26 | Liquidado origen: 1 | Credito abonado origen: 761 | Dias restantes origen: 0 | Status origen: 1,,2026-03-03 19:55:57,,,,0,0,761,[],,0
1385,branch:default,2,EFECTIVO,MENUDEO,42,0,42,JESUS MARIA,Usuario origen: ALONDRA26 | Liquidado origen: 1 | Credito abonado origen: 42 | Dias restantes origen: 0 | Status origen: 1,,2026-03-03 19:59:05,,,,0,0,42,[],,0
1386,branch:default,53,EFECTIVO,MENUDEO,3520,0,3520,NISLA C37,Usuario origen: ALONDRA26 | Liquidado origen: 1 | Credito abonado origen: 3520 | Fecha limite origen: 2026-04-02 | Dias restantes origen: 30 | Status origen: 1,,2026-03-03 20:07:51,,,,0,0,3520,[],,0
1387,branch:default,53,EFECTIVO,MENUDEO,2200,0,2200,NISLA C60,Usuario origen: ALONDRA26 | Liquidado origen: 1 | Credito abonado origen: 2200 | Fecha limite origen: 2026-04-02 | Dias restantes origen: 30 | Status origen: 1,,2026-03-03 20:08:23,,,,0,0,2200,[],,0
1388,branch:default,56,EFECTIVO,MENUDEO,9300,0,9300,ESCUELA DE LAS POMEZ,Usuario origen: ALONDRA26 | Liquidado origen: 1 | Credito abonado origen: 9300 | Fecha limite origen: 2026-04-02 | Dias restantes origen: 30 | Status origen: 1,,2026-03-03 20:13:31,,,,0,0,9300,[],,0
1389,branch:default,8,EFECTIVO,MENUDEO,119,0,119,JESUS MARIA,Usuario origen: ALONDRA26 | Liquidado origen: 1 | Credito abonado origen: 119 | Fecha limite origen: 2026-03-18 | Dias restantes origen: 15 | Status origen: 1,,2026-03-03 20:27:55,,,,0,0,119,[],,0
1390,branch:default,35,EFECTIVO,MENUDEO,97,0,97,JESUS MARIA,Usuario origen: ALONDRA26 | Liquidado origen: 1 | Credito abonado origen: 97 | Fecha limite origen: 2026-04-02 | Dias restantes origen: 30 | Status origen: 1,,2026-03-03 23:00:09,,,,0,0,97,[],,0
1391,branch:default,18,EFECTIVO,MENUDEO,12000,0,12000,CRUCERO POMEZ,Usuario origen: ALONDRA26 | Liquidado origen: 1 | Credito abonado origen: 12000 | Fecha limite origen: 2026-03-18 | Dias restantes origen: 15 | Status origen: 1,,2026-03-03 23:16:25,,,,0,0,12000,[],,0
1392,branch:default,73,EFECTIVO,MENUDEO,12750,0,12750,ARANDAS,Usuario origen: ALONDRA26 | Liquidado origen: 1 | Credito abonado origen: 12750 | Fecha limite origen: 2026-04-03 | Dias restantes origen: 30 | Status origen: 1,,2026-03-04 13:27:26,,,,0,0,12750,[],,0
1393,branch:default,5,EFECTIVO,MENUDEO,5000,0,5000,CEN COMER,Usuario origen: ALONDRA26 | Liquidado origen: 1 | Credito abonado origen: 5000 | Fecha limite origen: 2026-03-19 | Dias restantes origen: 15 | Status origen: 1,,2026-03-04 14:03:34,,,,0,0,5000,[],,0
1394,branch:default,53,EFECTIVO,MENUDEO,11300,0,11300,AGAVINA,Usuario origen: ALONDRA26 | Liquidado origen: 1 | Credito abonado origen: 11300 | Fecha limite origen: 2026-04-03 | Dias restantes origen: 30 | Status origen: 1,,2026-03-04 16:15:00,,,,0,0,11300,[],,0
1395,branch:default,53,EFECTIVO,MENUDEO,11300,0,11300,AGAVINA,Usuario origen: ALONDRA26 | Liquidado origen: 1 | Credito abonado origen: 11300 | Fecha limite origen: 2026-04-03 | Dias restantes origen: 30 | Status origen: 1,,2026-03-04 16:15:59,,,,0,0,11300,[],,0
1396,branch:default,53,EFECTIVO,MENUDEO,11300,0,11300,AGAVINA,Usuario origen: ALONDRA26 | Liquidado origen: 1 | Credito abonado origen: 11300 | Fecha limite origen: 2026-04-03 | Dias restantes origen: 30 | Status origen: 1,,2026-03-04 16:16:31,,,,0,0,11300,[],,0
1397,branch:default,4,EFECTIVO,MENUDEO,4700,0,4700,LA SIERRITA,Usuario origen: ALONDRA26 | Liquidado origen: 1 | Credito abonado origen: 4700 | Fecha limite origen: 2026-04-03 | Dias restantes origen: 30 | Status origen: 1,,2026-03-04 16:32:11,,,,0,0,4700,[],,0
1398,branch:default,2,EFECTIVO,MENUDEO,2626,0,2626,JESUS MARIA,Usuario origen: ALONDRA26 | Liquidado origen: 1 | Credito abonado origen: 2626 | Fecha limite origen: 2026-03-04 | Dias restantes origen: 0 | Status origen: 1,,2026-03-04 16:51:13,,,,0,0,2626,[],,0
1399,branch:default,56,EFECTIVO,MENUDEO,1960,0,1960,ESCUELA DE LAS POMEZ,Usuario origen: ALONDRA26 | Liquidado origen: 1 | Credito abonado origen: 1960 | Fecha limite origen: 2026-04-03 | Dias restantes origen: 30 | Status origen: 1,,2026-03-04 17:58:26,,,,0,0,1960,[],,0
1400,branch:default,19,EFECTIVO,MENUDEO,4000,0,4000,LA LEONERA,Usuario origen: ALONDRA26 | Liquidado origen: 1 | Credito abonado origen: 4000 | Fecha limite origen: 2026-03-20 | Dias restantes origen: 15 | Status origen: 1,,2026-03-05 13:42:15,,,,0,0,4000,[],,0
1401,branch:default,2,EFECTIVO,MENUDEO,120,0,120,JESUS MARIA,Usuario origen: ALONDRA26 | Liquidado origen: 1 | Credito abonado origen: 120 | Dias restantes origen: 0 | Status origen: 1,,2026-03-05 13:52:09,,,,0,0,120,[],,0
1402,branch:default,12,EFECTIVO,MENUDEO,90,0,90,JESUS MARIA,Usuario origen: ALONDRA26 | Liquidado origen: 1 | Credito abonado origen: 90 | Fecha limite origen: 2026-04-04 | Dias restantes origen: 30 | Status origen: 1,,2026-03-05 15:36:10,,,,0,0,90,[],,0
1403,branch:default,58,EFECTIVO,MENUDEO,196,0,196,JESUS MARIA,Usuario origen: ALONDRA26 | Liquidado origen: 1 | Credito abonado origen: 196 | Dias restantes origen: 0 | Status origen: 1,,2026-03-05 16:40:07,,,,0,0,196,[],,0
1404,branch:default,2,EFECTIVO,MENUDEO,9,0,9,JESUS MARIA,Usuario origen: ALONDRA26 | Liquidado origen: 1 | Credito abonado origen: 9 | Dias restantes origen: 0 | Status origen: 1,,2026-03-05 17:01:23,,,,0,0,9,[],,0
1405,branch:default,73,EFECTIVO,MENUDEO,22800,0,22800,SANTA MARIA DEL VALLE,Usuario origen: ALONDRA26 | Liquidado origen: 1 | Credito abonado origen: 22800 | Fecha limite origen: 2026-04-04 | Dias restantes origen: 30 | Status origen: 1,,2026-03-05 18:02:58,,,,0,0,22800,[],,0
1406,branch:default,2,EFECTIVO,MENUDEO,38,0,38,JESUS MARIA,Usuario origen: ALONDRA26 | Liquidado origen: 1 | Credito abonado origen: 38 | Dias restantes origen: 0 | Status origen: 1,,2026-03-05 19:57:25,,,,0,0,38,[],,0
1407,branch:default,5,EFECTIVO,MENUDEO,4025,0,4025,CEN COMER,Usuario origen: ALONDRA26 | Liquidado origen: 1 | Credito abonado origen: 4025 | Fecha limite origen: 2026-03-20 | Dias restantes origen: 15 | Status origen: 1,,2026-03-05 21:15:25,,,,0,0,4025,[],,0
1408,branch:default,79,EFECTIVO,MENUDEO,3800,0,3800,JESUS MARIA,Usuario origen: ALONDRA26 | Liquidado origen: 1 | Credito abonado origen: 3800 | Fecha limite origen: 2026-04-05 | Dias restantes origen: 30 | Status origen: 1,,2026-03-06 13:47:16,,,,0,0,3800,[],,0
1409,branch:default,67,EFECTIVO,MENUDEO,1035,0,1035,UÑA DE GATO,Usuario origen: ALONDRA26 | Liquidado origen: 1 | Credito abonado origen: 1035 | Fecha limite origen: 2026-03-21 | Dias restantes origen: 15 | Status origen: 1,,2026-03-06 13:53:40,,,,0,0,1035,[],,0
1410,branch:default,79,EFECTIVO,MENUDEO,6860,0,6860,JESUS MARIA,Usuario origen: ALONDRA26 | Liquidado origen: 1 | Credito abonado origen: 6860 | Fecha limite origen: 2026-04-05 | Dias restantes origen: 30 | Status origen: 1,,2026-03-06 14:45:55,,,,0,0,6860,[],,0
1411,branch:default,18,EFECTIVO,MENUDEO,482,0,482,JESUS MARIA,Usuario origen: ALONDRA26 | Liquidado origen: 1 | Credito abonado origen: 482 | Fecha limite origen: 2026-03-21 | Dias restantes origen: 15 | Status origen: 1,,2026-03-06 15:22:05,,,,0,0,482,[],,0
1412,branch:default,80,EFECTIVO,MENUDEO,2980,0,2980,JESUS MARIA,Usuario origen: ALONDRA26 | Liquidado origen: 1 | Credito abonado origen: 2980 | Fecha limite origen: 2026-03-21 | Dias restantes origen: 15 | Status origen: 1,,2026-03-06 15:40:16,,,,0,0,2980,[],,0
1413,branch:default,18,EFECTIVO,MENUDEO,7420,0,7420,JESUS MARIA,Usuario origen: ALONDRA26 | Liquidado origen: 1 | Credito abonado origen: 7420 | Fecha limite origen: 2026-03-21 | Dias restantes origen: 15 | Status origen: 1,,2026-03-06 16:11:02,,,,0,0,7420,[],,0
1414,branch:default,19,EFECTIVO,MENUDEO,590,0,590,JESUS MARIA,Usuario origen: ALONDRA26 | Liquidado origen: 1 | Credito abonado origen: 590 | Fecha limite origen: 2026-03-21 | Dias restantes origen: 15 | Status origen: 1,,2026-03-06 16:40:52,,,,0,0,590,[],,0
1415,branch:default,19,CREDITO,MENUDEO,590,0,590,JESUS MARIA,Usuario origen: ALONDRA26 | Liquidado origen: 0 | Credito abonado origen: 0 | Fecha limite origen: 2026-03-21 | Dias restantes origen: 15 | Status origen: 0,,2026-03-06 16:40:53,,,,0,590,0,[],,0
1416,branch:default,58,EFECTIVO,MENUDEO,196,0,196,JESUS MARIA,Usuario origen: ALONDRA26 | Liquidado origen: 1 | Credito abonado origen: 196 | Dias restantes origen: 0 | Status origen: 1,,2026-03-06 17:19:40,,,,0,0,196,[],,0
1417,branch:default,8,EFECTIVO,MENUDEO,104,0,104,JESUS MARIA,Usuario origen: ALONDRA26 | Liquidado origen: 1 | Credito abonado origen: 104 | Fecha limite origen: 2026-03-21 | Dias restantes origen: 15 | Status origen: 1,,2026-03-06 20:23:50,,,,0,0,104,[],,0
1418,branch:default,8,EFECTIVO,MENUDEO,72,0,72,JESUS MARIA,Usuario origen: ALONDRA26 | Liquidado origen: 1 | Credito abonado origen: 72 | Fecha limite origen: 2026-03-21 | Dias restantes origen: 15 | Status origen: 1,,2026-03-06 20:58:15,,,,0,0,72,[],,0
1419,branch:default,59,EFECTIVO,MENUDEO,255,0,255,JESUS MARIA,Usuario origen: ALONDRA26 | Liquidado origen: 1 | Credito abonado origen: 255 | Fecha limite origen: 2026-04-06 | Dias restantes origen: 30 | Status origen: 1,,2026-03-07 13:16:29,,,,0,0,255,[],,0
1420,branch:default,59,EFECTIVO,MENUDEO,2490,0,2490,EL SABINITO,Usuario origen: ALONDRA26 | Liquidado origen: 1 | Credito abonado origen: 2490 | Fecha limite origen: 2026-04-06 | Dias restantes origen: 30 | Status origen: 1,,2026-03-07 13:44:15,,,,0,0,2490,[],,0
1421,branch:default,49,EFECTIVO,MENUDEO,2550,0,2550,DIF JESUS MARIA,Usuario origen: ALONDRA26 | Liquidado origen: 1 | Credito abonado origen: 2550 | Fecha limite origen: 2026-03-22 | Dias restantes origen: 15 | Status origen: 1,,2026-03-07 13:50:02,,,,0,0,2550,[],,0
1422,branch:default,5,EFECTIVO,MENUDEO,3867,0,3867,CEN COMER,Usuario origen: ALONDRA26 | Liquidado origen: 1 | Credito abonado origen: 3867 | Fecha limite origen: 2026-03-22 | Dias restantes origen: 15 | Status origen: 1,,2026-03-07 14:42:34,,,,0,0,3867,[],,0
1423,branch:default,8,EFECTIVO,MENUDEO,90,0,90,JESUS MARIA,Usuario origen: ALONDRA26 | Liquidado origen: 1 | Credito abonado origen: 90 | Fecha limite origen: 2026-03-22 | Dias restantes origen: 15 | Status origen: 1,,2026-03-07 14:56:25,,,,0,0,90,[],,0
1424,branch:default,5,EFECTIVO,MENUDEO,1210,0,1210,CEN COMER,Usuario origen: ALONDRA26 | Liquidado origen: 1 | Credito abonado origen: 1210 | Fecha limite origen: 2026-03-22 | Dias restantes origen: 15 | Status origen: 1,,2026-03-07 15:34:13,,,,0,0,1210,[],,0
1425,branch:default,2,EFECTIVO,MENUDEO,30,0,30,JESUS MARIA,Usuario origen: ALONDRA26 | Liquidado origen: 1 | Credito abonado origen: 30 | Dias restantes origen: 0 | Status origen: 1,,2026-03-07 15:57:04,,,,0,0,30,[],,0
1426,branch:default,2,EFECTIVO,MENUDEO,594,0,594,JESUS MARIA,Usuario origen: ALONDRA26 | Liquidado origen: 1 | Credito abonado origen: 594 | Dias restantes origen: 0 | Status origen: 1,,2026-03-07 17:07:54,,,,0,0,594,[],,0
1427,branch:default,2,EFECTIVO,MENUDEO,33,0,33,JESUS MARIA,Usuario origen: ALONDRA26 | Liquidado origen: 1 | Credito abonado origen: 33 | Dias restantes origen: 0 | Status origen: 1,,2026-03-07 17:09:10,,,,0,0,33,[],,0
1428,branch:default,35,EFECTIVO,MENUDEO,294,0,294,JESUS MARIA,Usuario origen: ALONDRA26 | Liquidado origen: 1 | Credito abonado origen: 294 | Fecha limite origen: 2026-04-06 | Dias restantes origen: 30 | Status origen: 1,,2026-03-07 17:33:37,,,,0,0,294,[],,0
1429,branch:default,2,EFECTIVO,MENUDEO,19,0,19,JESUS MARIA,Usuario origen: ALONDRA26 | Liquidado origen: 1 | Credito abonado origen: 19 | Dias restantes origen: 0 | Status origen: 1,,2026-03-09 13:55:09,,,,0,0,19,[],,0
1430,branch:default,19,EFECTIVO,MENUDEO,8080,0,8080,JESUS MARIA,Usuario origen: ALONDRA26 | Liquidado origen: 1 | Credito abonado origen: 8080 | Fecha limite origen: 2026-03-24 | Dias restantes origen: 15 | Status origen: 1,,2026-03-09 14:41:33,,,,0,0,8080,[],,0
1431,branch:default,2,EFECTIVO,MENUDEO,1800,0,1800,JESUS MARIA,Usuario origen: ALONDRA26 | Liquidado origen: 1 | Credito abonado origen: 1800 | Dias restantes origen: 0 | Status origen: 1,,2026-03-09 15:20:43,,,,0,0,1800,[],,0
1432,branch:default,18,EFECTIVO,MENUDEO,7200,0,7200,CRUCERO POMEZ,Usuario origen: ALONDRA26 | Liquidado origen: 1 | Credito abonado origen: 7200 | Fecha limite origen: 2026-03-24 | Dias restantes origen: 15 | Status origen: 1,,2026-03-09 15:26:17,,,,0,0,7200,[],,0
1433,branch:default,56,EFECTIVO,MENUDEO,9300,0,9300,ESCUELA DE LAS POMEZ,Usuario origen: ALONDRA26 | Liquidado origen: 1 | Credito abonado origen: 9300 | Fecha limite origen: 2026-04-08 | Dias restantes origen: 30 | Status origen: 1,,2026-03-09 16:00:18,,,,0,0,9300,[],,0
1434,branch:default,18,EFECTIVO,MENUDEO,7420,0,7420,JESUS MARIA,Usuario origen: ALONDRA26 | Liquidado origen: 1 | Credito abonado origen: 7420 | Fecha limite origen: 2026-03-24 | Dias restantes origen: 15 | Status origen: 1,,2026-03-09 16:04:21,,,,0,0,7420,[],,0
1435,branch:default,80,CREDITO,MENUDEO,4700,0,4700,JESUS MARIA,Usuario origen: ALONDRA26 | Liquidado origen: 0 | Credito abonado origen: 0 | Fecha limite origen: 2026-03-24 | Dias restantes origen: 15 | Status origen: 0,,2026-03-09 16:39:45,,,,0,4700,0,[],,0
1436,branch:default,80,EFECTIVO,MENUDEO,1770,0,1770,JESUS MARIA,Usuario origen: ALONDRA26 | Liquidado origen: 1 | Credito abonado origen: 1770 | Fecha limite origen: 2026-03-24 | Dias restantes origen: 15 | Status origen: 1,,2026-03-09 16:46:06,,,,0,0,1770,[],,0
1437,branch:default,19,EFECTIVO,MENUDEO,980,0,980,JESUS MARIA,Usuario origen: ALONDRA26 | Liquidado origen: 1 | Credito abonado origen: 980 | Fecha limite origen: 2026-03-24 | Dias restantes origen: 15 | Status origen: 1,,2026-03-09 18:44:46,,,,0,0,980,[],,0
1438,branch:default,4,EFECTIVO,MENUDEO,4200,0,4200,LA SIERRITA,Usuario origen: ALONDRA26 | Liquidado origen: 1 | Credito abonado origen: 4200 | Fecha limite origen: 2026-04-08 | Dias restantes origen: 30 | Status origen: 1,,2026-03-09 19:04:55,,,,0,0,4200,[],,0
1439,branch:default,73,EFECTIVO,MENUDEO,18500,0,18500,CASA DE LA KEBRADORA,Usuario origen: ALONDRA26 | Liquidado origen: 1 | Credito abonado origen: 18500 | Fecha limite origen: 2026-04-08 | Dias restantes origen: 30 | Status origen: 1,,2026-03-09 20:02:44,,,,0,0,18500,[],,0
1440,branch:default,64,EFECTIVO,MENUDEO,14025,0,14025,SAN JOSE DE LA PAZ,Usuario origen: ALONDRA26 | Liquidado origen: 1 | Credito abonado origen: 14025 | Fecha limite origen: 2026-04-08 | Dias restantes origen: 30 | Status origen: 1,,2026-03-09 20:48:25,,,,0,0,14025,[],,0
1441,branch:default,35,EFECTIVO,MENUDEO,4857,0,4857,JESUS MARIA,Usuario origen: ALONDRA26 | Liquidado origen: 1 | Credito abonado origen: 4857 | Fecha limite origen: 2026-04-08 | Dias restantes origen: 30 | Status origen: 1,,2026-03-09 20:54:57,,,,0,0,4857,[],,0
1442,branch:default,2,EFECTIVO,MENUDEO,100,0,100,JESUS MARIA,Usuario origen: ALONDRA26 | Liquidado origen: 1 | Credito abonado origen: 100 | Dias restantes origen: 0 | Status origen: 1,,2026-03-09 21:22:42,,,,0,0,100,[],,0
1443,branch:default,5,EFECTIVO,MENUDEO,8050,0,8050,CEN COMER,Usuario origen: ALONDRA26 | Liquidado origen: 1 | Credito abonado origen: 8050 | Fecha limite origen: 2026-03-25 | Dias restantes origen: 15 | Status origen: 1,,2026-03-10 14:32:57,,,,0,0,8050,[],,0
1444,branch:default,2,EFECTIVO,MENUDEO,236,0,236,JESUS MARIA,Usuario origen: ALONDRA26 | Liquidado origen: 1 | Credito abonado origen: 236 | Dias restantes origen: 0 | Status origen: 1,,2026-03-10 16:28:09,,,,0,0,236,[],,0
1445,branch:default,35,EFECTIVO,MENUDEO,1200,0,1200,JESUS MARIA,Usuario origen: ALONDRA26 | Liquidado origen: 1 | Credito abonado origen: 1200 | Fecha limite origen: 2026-04-09 | Dias restantes origen: 30 | Status origen: 1,,2026-03-10 19:19:05,,,,0,0,1200,[],,0
1446,branch:default,8,EFECTIVO,MENUDEO,104,0,104,JESUS MARIA,Usuario origen: ALONDRA26 | Liquidado origen: 1 | Credito abonado origen: 104 | Fecha limite origen: 2026-03-25 | Dias restantes origen: 15 | Status origen: 1,,2026-03-10 19:25:14,,,,0,0,104,[],,0
1447,branch:default,74,EFECTIVO,MENUDEO,8500,0,8500,JESUS MARIA,Usuario origen: ALONDRA26 | Liquidado origen: 1 | Credito abonado origen: 8500 | Fecha limite origen: 2026-04-09 | Dias restantes origen: 30 | Status origen: 1,,2026-03-10 21:46:22,,,,0,0,8500,[],,0
1448,branch:default,5,EFECTIVO,MENUDEO,802,0,802,CEN COMER,Usuario origen: ALONDRA26 | Liquidado origen: 1 | Credito abonado origen: 802 | Fecha limite origen: 2026-03-25 | Dias restantes origen: 15 | Status origen: 1,,2026-03-10 22:04:27,,,,0,0,802,[],,0
1449,branch:default,21,EFECTIVO,MENUDEO,4700,0,4700,JESUS MARIA,Usuario origen: ALONDRA26 | Liquidado origen: 1 | Credito abonado origen: 4700 | Fecha limite origen: 2026-03-26 | Dias restantes origen: 15 | Status origen: 1,,2026-03-11 14:21:41,,,,0,0,4700,[],,0
1450,branch:default,21,EFECTIVO,MENUDEO,6290,0,6290,JESUS MARIA,Usuario origen: ALONDRA26 | Liquidado origen: 1 | Credito abonado origen: 6290 | Fecha limite origen: 2026-03-26 | Dias restantes origen: 15 | Status origen: 1,,2026-03-11 15:24:40,,,,0,0,6290,[],,0
1451,branch:default,75,EFECTIVO,MENUDEO,6500,0,6500,JESUS MARIA,Usuario origen: ALONDRA26 | Liquidado origen: 1 | Credito abonado origen: 6500 | Fecha limite origen: 2026-04-10 | Dias restantes origen: 30 | Status origen: 1,,2026-03-11 16:00:42,,,,0,0,6500,[],,0
1452,branch:default,2,EFECTIVO,MENUDEO,18,0,18,JESUS MARIA,Usuario origen: ALONDRA26 | Liquidado origen: 1 | Credito abonado origen: 18 | Dias restantes origen: 0 | Status origen: 1,,2026-03-11 18:13:21,,,,0,0,18,[],,0
1453,branch:default,5,EFECTIVO,MENUDEO,2080,0,2080,CEN COMER,Usuario origen: ALONDRA26 | Liquidado origen: 1 | Credito abonado origen: 2080 | Fecha limite origen: 2026-03-26 | Dias restantes origen: 15 | Status origen: 1,,2026-03-11 18:23:50,,,,0,0,2080,[],,0
1454,branch:default,53,EFECTIVO,MENUDEO,2160,0,2160,AGAVINA,Usuario origen: ALONDRA26 | Liquidado origen: 1 | Credito abonado origen: 2160 | Fecha limite origen: 2026-04-10 | Dias restantes origen: 30 | Status origen: 1,,2026-03-11 18:25:21,,,,0,0,2160,[],,0
1455,branch:default,5,EFECTIVO,MENUDEO,3450,0,3450,CEN COMER,Usuario origen: ALONDRA26 | Liquidado origen: 1 | Credito abonado origen: 3450 | Fecha limite origen: 2026-03-26 | Dias restantes origen: 15 | Status origen: 1,,2026-03-11 18:39:36,,,,0,0,3450,[],,0
1456,branch:default,53,EFECTIVO,MENUDEO,1760,0,1760,NISLA C37,Usuario origen: ALONDRA26 | Liquidado origen: 1 | Credito abonado origen: 1760 | Fecha limite origen: 2026-04-10 | Dias restantes origen: 30 | Status origen: 1,,2026-03-11 20:17:31,,,,0,0,1760,[],,0
1457,branch:default,53,EFECTIVO,MENUDEO,2200,0,2200,NISLA C60,Usuario origen: ALONDRA26 | Liquidado origen: 1 | Credito abonado origen: 2200 | Fecha limite origen: 2026-04-10 | Dias restantes origen: 30 | Status origen: 1,,2026-03-11 20:18:35,,,,0,0,2200,[],,0
1458,branch:default,81,EFECTIVO,MENUDEO,2400,0,2400,TEMPLO DE LA SIERRITA,Usuario origen: ALONDRA26 | Liquidado origen: 1 | Credito abonado origen: 2400 | Fecha limite origen: 2026-04-10 | Dias restantes origen: 30 | Status origen: 1,,2026-03-11 20:41:36,,,,0,0,2400,[],,0
1459,branch:default,74,EFECTIVO,MENUDEO,8500,0,8500,JESUS MARIA,Usuario origen: ALONDRA26 | Liquidado origen: 1 | Credito abonado origen: 8500 | Fecha limite origen: 2026-04-10 | Dias restantes origen: 30 | Status origen: 1,,2026-03-11 21:25:29,,,,0,0,8500,[],,0
1460,branch:default,2,EFECTIVO,MENUDEO,180,0,180,JESUS MARIA,Usuario origen: ALONDRA26 | Liquidado origen: 1 | Credito abonado origen: 180 | Dias restantes origen: 0 | Status origen: 1,,2026-03-11 21:53:18,,,,0,0,180,[],,0
1461,branch:default,2,EFECTIVO,MENUDEO,28,0,28,JESUS MARIA,Usuario origen: ALONDRA26 | Liquidado origen: 1 | Credito abonado origen: 28 | Dias restantes origen: 0 | Status origen: 1,,2026-03-11 22:57:01,,,,0,0,28,[],,0
1462,branch:default,34,EFECTIVO,MENUDEO,4700,0,4700,LA BOTELLA ARANDAS,Usuario origen: ALONDRA26 | Liquidado origen: 1 | Credito abonado origen: 4700 | Fecha limite origen: 2026-04-11 | Dias restantes origen: 30 | Status origen: 1,,2026-03-12 13:38:39,,,,0,0,4700,[],,0
1463,branch:default,60,EFECTIVO,MENUDEO,17480,0,17480,DEGOLLADO,Usuario origen: ALONDRA26 | Liquidado origen: 1 | Credito abonado origen: 17480 | Fecha limite origen: 2026-04-11 | Dias restantes origen: 30 | Status origen: 1,,2026-03-12 15:29:20,,,,0,0,17480,[],,0
1464,branch:default,52,EFECTIVO,MENUDEO,590,0,590,JESUS MARIA,Usuario origen: ALONDRA26 | Liquidado origen: 1 | Credito abonado origen: 590 | Fecha limite origen: 2026-04-11 | Dias restantes origen: 30 | Status origen: 1,,2026-03-12 16:05:20,,,,0,0,590,[],,0
1465,branch:default,12,EFECTIVO,MENUDEO,1360,0,1360,JESUS MARIA,Usuario origen: ALONDRA26 | Liquidado origen: 1 | Credito abonado origen: 1360 | Fecha limite origen: 2026-04-11 | Dias restantes origen: 30 | Status origen: 1,,2026-03-12 16:36:44,,,,0,0,1360,[],,0
1466,branch:default,12,CREDITO,MENUDEO,944,0,944,JESUS MARIA,Usuario origen: ALONDRA26 | Liquidado origen: 0 | Credito abonado origen: 0 | Fecha limite origen: 2026-04-11 | Dias restantes origen: 30 | Status origen: 0,,2026-03-12 17:08:48,,,,0,944,0,[],,0
1467,branch:default,2,EFECTIVO,MENUDEO,170,0,170,JESUS MARIA,Usuario origen: ALONDRA26 | Liquidado origen: 1 | Credito abonado origen: 170 | Dias restantes origen: 0 | Status origen: 0,,2026-03-12 17:34:16,,,,0,0,170,[],,0
1468,branch:default,79,EFECTIVO,MENUDEO,6950,0,6950,JESUS MARIA,Usuario origen: ALONDRA26 | Liquidado origen: 1 | Credito abonado origen: 6950 | Fecha limite origen: 2026-04-11 | Dias restantes origen: 30 | Status origen: 1,,2026-03-12 17:41:02,,,,0,0,6950,[],,0
1469,branch:default,2,EFECTIVO,MENUDEO,120,0,120,JESUS MARIA,Usuario origen: ALONDRA26 | Liquidado origen: 1 | Credito abonado origen: 120 | Dias restantes origen: 0 | Status origen: 1,,2026-03-12 17:45:32,,,,0,0,120,[],,0
1470,branch:default,12,EFECTIVO,MENUDEO,236,0,236,JESUS MARIA,Usuario origen: ALONDRA26 | Liquidado origen: 1 | Credito abonado origen: 236 | Fecha limite origen: 2026-04-11 | Dias restantes origen: 30 | Status origen: 1,,2026-03-12 20:01:34,,,,0,0,236,[],,0
1471,branch:default,5,EFECTIVO,MENUDEO,3800,0,3800,CEN COMER,Usuario origen: ALONDRA26 | Liquidado origen: 1 | Credito abonado origen: 3800 | Fecha limite origen: 2026-03-27 | Dias restantes origen: 15 | Status origen: 1,,2026-03-12 22:55:54,,,,0,0,3800,[],,0
1472,branch:default,73,EFECTIVO,MENUDEO,26600,0,26600,SANTA MARIA DEL VALLE,Usuario origen: ALONDRA26 | Liquidado origen: 1 | Credito abonado origen: 26600 | Fecha limite origen: 2026-04-12 | Dias restantes origen: 30 | Status origen: 1,,2026-03-13 13:19:23,,,,0,0,26600,[],,0
1473,branch:default,5,EFECTIVO,MENUDEO,3450,0,3450,CEN COMER,Usuario origen: ALONDRA26 | Liquidado origen: 1 | Credito abonado origen: 3450 | Fecha limite origen: 2026-03-28 | Dias restantes origen: 15 | Status origen: 1,,2026-03-13 13:31:17,,,,0,0,3450,[],,0
1474,branch:default,74,EFECTIVO,MENUDEO,8500,0,8500,JESUS MARIA,Usuario origen: ALONDRA26 | Liquidado origen: 1 | Credito abonado origen: 8500 | Fecha limite origen: 2026-04-12 | Dias restantes origen: 30 | Status origen: 1,,2026-03-13 13:39:25,,,,0,0,8500,[],,0
1475,branch:default,58,EFECTIVO,MENUDEO,630,0,630,LAS POMEZ,Usuario origen: ALONDRA26 | Liquidado origen: 1 | Credito abonado origen: 630 | Fecha limite origen: 2026-04-12 | Dias restantes origen: 30 | Status origen: 1,,2026-03-13 14:29:12,,,,0,0,630,[],,0
1476,branch:default,5,EFECTIVO,MENUDEO,3450,0,3450,CEN COMER,Usuario origen: ALONDRA26 | Liquidado origen: 1 | Credito abonado origen: 3450 | Fecha limite origen: 2026-03-28 | Dias restantes origen: 15 | Status origen: 1,,2026-03-13 15:24:01,,,,0,0,3450,[],,0
1477,branch:default,60,EFECTIVO,MENUDEO,17480,0,17480,DEGOLLADO,Usuario origen: ALONDRA26 | Liquidado origen: 1 | Credito abonado origen: 17480 | Fecha limite origen: 2026-04-12 | Dias restantes origen: 30 | Status origen: 1,,2026-03-13 15:33:05,,,,0,0,17480,[],,0
1478,branch:default,12,EFECTIVO,MENUDEO,118,0,118,JESUS MARIA,Usuario origen: ALONDRA26 | Liquidado origen: 1 | Credito abonado origen: 118 | Fecha limite origen: 2026-04-12 | Dias restantes origen: 30 | Status origen: 1,,2026-03-13 15:38:56,,,,0,0,118,[],,0
1479,branch:default,2,EFECTIVO,MENUDEO,6,0,6,JESUS MARIA,Usuario origen: ALONDRA26 | Liquidado origen: 1 | Credito abonado origen: 6 | Dias restantes origen: 0 | Status origen: 1,,2026-03-13 15:47:37,,,,0,0,6,[],,0
1480,branch:default,5,EFECTIVO,MENUDEO,1280,0,1280,CEN COMER,Usuario origen: ALONDRA26 | Liquidado origen: 1 | Credito abonado origen: 1280 | Fecha limite origen: 2026-03-28 | Dias restantes origen: 15 | Status origen: 1,,2026-03-13 15:50:25,,,,0,0,1280,[],,0
1481,branch:default,58,EFECTIVO,MENUDEO,1126,0,1126,LAS POMEZ,Usuario origen: ALONDRA26 | Liquidado origen: 1 | Credito abonado origen: 1126 | Fecha limite origen: 2026-04-12 | Dias restantes origen: 30 | Status origen: 1,,2026-03-13 16:45:09,,,,0,0,1126,[],,0
1482,branch:default,66,EFECTIVO,MENUDEO,4200,0,4200,ARANDAS,Usuario origen: ALONDRA26 | Liquidado origen: 1 | Credito abonado origen: 4200 | Fecha limite origen: 2026-03-28 | Dias restantes origen: 15 | Status origen: 1,,2026-03-13 17:12:27,,,,0,0,4200,[],,0
1483,branch:default,8,EFECTIVO,MENUDEO,208,0,208,JESUS MARIA,Usuario origen: ALONDRA26 | Liquidado origen: 1 | Credito abonado origen: 208 | Fecha limite origen: 2026-03-28 | Dias restantes origen: 15 | Status origen: 1,,2026-03-13 18:15:25,,,,0,0,208,[],,0
1484,branch:default,18,EFECTIVO,MENUDEO,336,0,336,JESUS MARIA,Usuario origen: ALONDRA26 | Liquidado origen: 1 | Credito abonado origen: 336 | Fecha limite origen: 2026-03-28 | Dias restantes origen: 15 | Status origen: 1,,2026-03-13 19:56:51,,,,0,0,336,[],,0
1485,branch:default,2,EFECTIVO,MENUDEO,587,0,587,JESUS MARIA,Usuario origen: ALONDRA26 | Liquidado origen: 1 | Credito abonado origen: 587 | Dias restantes origen: 0 | Status origen: 1,,2026-03-14 15:02:17,,,,0,0,587,[],,0
1486,branch:default,74,EFECTIVO,MENUDEO,8500,0,8500,JESUS MARIA,Usuario origen: ALONDRA26 | Liquidado origen: 1 | Credito abonado origen: 8500 | Fecha limite origen: 2026-04-13 | Dias restantes origen: 30 | Status origen: 1,,2026-03-14 15:07:12,,,,0,0,8500,[],,0
1487,branch:default,78,EFECTIVO,MENUDEO,4090,0,4090,PALETERIA FRENTE A LA PREPA,Usuario origen: ALONDRA26 | Liquidado origen: 1 | Credito abonado origen: 4090 | Fecha limite origen: 2026-04-13 | Dias restantes origen: 30 | Status origen: 1,,2026-03-14 15:24:53,,,,0,0,4090,[],,0
1488,branch:default,19,EFECTIVO,MENUDEO,196,0,196,JESUS MARIA,Usuario origen: ALONDRA26 | Liquidado origen: 1 | Credito abonado origen: 196 | Dias restantes origen: 0 | Status origen: 1,,2026-03-14 16:58:13,,,,0,0,196,[],,0
1489,branch:default,21,EFECTIVO,MENUDEO,206,0,206,JESUS MARIA,Usuario origen: ALONDRA26 | Liquidado origen: 1 | Credito abonado origen: 206 | Fecha limite origen: 2026-03-29 | Dias restantes origen: 15 | Status origen: 1,,2026-03-14 17:23:42,,,,0,0,206,[],,0
1490,branch:default,21,EFECTIVO,MENUDEO,4160,0,4160,JESUS MARIA,Usuario origen: ALONDRA26 | Liquidado origen: 1 | Credito abonado origen: 4160 | Fecha limite origen: 2026-03-29 | Dias restantes origen: 15 | Status origen: 1,,2026-03-14 18:27:26,,,,0,0,4160,[],,0
1491,branch:default,2,EFECTIVO,MENUDEO,517,0,517,JESUS MARIA,Usuario origen: ALONDRA26 | Liquidado origen: 1 | Credito abonado origen: 517 | Dias restantes origen: 0 | Status origen: 1,,2026-03-14 19:09:03,,,,0,0,517,[],,0
1492,branch:default,2,EFECTIVO,MENUDEO,49,0,49,JESUS MARIA,Usuario origen: ALONDRA26 | Liquidado origen: 1 | Credito abonado origen: 49 | Dias restantes origen: 0 | Status origen: 1,,2026-03-14 19:13:00,,,,0,0,49,[],,0
1493,branch:default,2,EFECTIVO,MENUDEO,600,0,600,JESUS MARIA,Usuario origen: ALONDRA26 | Liquidado origen: 1 | Credito abonado origen: 600 | Dias restantes origen: 0 | Status origen: 1,,2026-03-16 14:03:52,,,,0,0,600,[],,0
1494,branch:default,74,EFECTIVO,MENUDEO,17000,0,17000,JESUS MARIA,Usuario origen: ALONDRA26 | Liquidado origen: 1 | Credito abonado origen: 17000 | Fecha limite origen: 2026-04-15 | Dias restantes origen: 30 | Status origen: 1,,2026-03-16 15:10:50,,,,0,0,17000,[],,0
1495,branch:default,5,EFECTIVO,MENUDEO,4240,0,4240,CEN COMER,Usuario origen: ALONDRA26 | Liquidado origen: 1 | Credito abonado origen: 4240 | Fecha limite origen: 2026-03-31 | Dias restantes origen: 15 | Status origen: 1,,2026-03-16 15:38:28,,,,0,0,4240,[],,0
1496,branch:default,74,EFECTIVO,MENUDEO,6600,0,6600,JESUS MARIA,Usuario origen: ALONDRA26 | Liquidado origen: 1 | Credito abonado origen: 6600 | Fecha limite origen: 2026-04-15 | Dias restantes origen: 30 | Status origen: 1,,2026-03-16 17:52:41,,,,0,0,6600,[],,0
1497,branch:default,3,EFECTIVO,MENUDEO,2132,0,2132,JESUS MARIA,Usuario origen: ALONDRA26 | Liquidado origen: 1 | Credito abonado origen: 2132 | Fecha limite origen: 2026-03-31 | Dias restantes origen: 15 | Status origen: 1,,2026-03-16 20:55:30,,,,0,0,2132,[],,0
1498,branch:default,2,EFECTIVO,MENUDEO,148,0,148,JESUS MARIA,Usuario origen: ALONDRA26 | Liquidado origen: 1 | Credito abonado origen: 148 | Dias restantes origen: 0 | Status origen: 1,,2026-03-16 21:34:57,,,,0,0,148,[],,0
1499,branch:default,3,EFECTIVO,MENUDEO,1037,0,1037,JESUS MARIA,Usuario origen: ALONDRA26 | Liquidado origen: 1 | Credito abonado origen: 1037 | Fecha limite origen: 2026-03-31 | Dias restantes origen: 15 | Status origen: 1,,2026-03-16 21:44:58,,,,0,0,1037,[],,0
1500,branch:default,3,EFECTIVO,MENUDEO,4646.5,0,4646.5,JESUS MARIA,Usuario origen: ALONDRA26 | Liquidado origen: 1 | Credito abonado origen: 4646.5 | Fecha limite origen: 2026-03-31 | Dias restantes origen: 15 | Status origen: 1,,2026-03-16 22:40:48,,,,0,0,4646.5,[],,0
1501,branch:default,52,EFECTIVO,MENUDEO,590,0,590,JESUS MARIA,Usuario origen: ALONDRA26 | Liquidado origen: 1 | Credito abonado origen: 590 | Fecha limite origen: 2026-04-16 | Dias restantes origen: 30 | Status origen: 1,,2026-03-17 14:06:59,,,,0,0,590,[],,0
1502,branch:default,52,EFECTIVO,MENUDEO,980,0,980,JESUS MARIA,Usuario origen: ALONDRA26 | Liquidado origen: 1 | Credito abonado origen: 980 | Fecha limite origen: 2026-04-16 | Dias restantes origen: 30 | Status origen: 1,,2026-03-17 14:35:24,,,,0,0,980,[],,0
1503,branch:default,8,EFECTIVO,MENUDEO,99,0,99,JESUS MARIA,Usuario origen: ALONDRA26 | Liquidado origen: 1 | Credito abonado origen: 99 | Fecha limite origen: 2026-04-01 | Dias restantes origen: 15 | Status origen: 1,,2026-03-17 14:58:30,,,,0,0,99,[],,0
1504,branch:default,2,EFECTIVO,MENUDEO,17,0,17,JESUS MARIA,Usuario origen: ALONDRA26 | Liquidado origen: 1 | Credito abonado origen: 17 | Dias restantes origen: 0 | Status origen: 1,,2026-03-17 15:10:21,,,,0,0,17,[],,0
1505,branch:default,64,EFECTIVO,MENUDEO,13531,0,13531,SAN JOSE DE LA PAZ,Usuario origen: ALONDRA26 | Liquidado origen: 1 | Credito abonado origen: 13531 | Fecha limite origen: 2026-04-16 | Dias restantes origen: 30 | Status origen: 1,,2026-03-17 15:14:56,,,,0,0,13531,[],,0
1506,branch:default,2,EFECTIVO,MENUDEO,5.5,0,5.5,JESUS MARIA,Usuario origen: ALONDRA26 | Liquidado origen: 1 | Credito abonado origen: 5.5 | Dias restantes origen: 0 | Status origen: 1,,2026-03-17 15:38:10,,,,0,0,5.5,[],,0
1507,branch:default,12,EFECTIVO,MENUDEO,236,0,236,JESUS MARIA,Usuario origen: ALONDRA26 | Liquidado origen: 1 | Credito abonado origen: 236 | Dias restantes origen: 0 | Status origen: 1,,2026-03-17 16:30:43,,,,0,0,236,[],,0
1508,branch:default,2,EFECTIVO,MENUDEO,70,0,70,JESUS MARIA,Usuario origen: ALONDRA26 | Liquidado origen: 1 | Credito abonado origen: 70 | Dias restantes origen: 0 | Status origen: 1,,2026-03-17 17:02:46,,,,0,0,70,[],,0
1509,branch:default,2,EFECTIVO,MENUDEO,9,0,9,JESUS MARIA,Usuario origen: ALONDRA26 | Liquidado origen: 1 | Credito abonado origen: 9 | Dias restantes origen: 0 | Status origen: 1,,2026-03-17 17:04:55,,,,0,0,9,[],,0
1510,branch:default,73,EFECTIVO,MENUDEO,18500,0,18500,CASA DE LA KEBRADORA,Usuario origen: ALONDRA26 | Liquidado origen: 1 | Credito abonado origen: 18500 | Fecha limite origen: 2026-04-16 | Dias restantes origen: 30 | Status origen: 1,,2026-03-17 17:45:22,,,,0,0,18500,[],,0
1511,branch:default,44,EFECTIVO,MENUDEO,8340,0,8340,ARANDAS,Usuario origen: ALONDRA26 | Liquidado origen: 1 | Credito abonado origen: 8340 | Fecha limite origen: 2026-04-16 | Dias restantes origen: 30 | Status origen: 1,,2026-03-17 18:07:21,,,,0,0,8340,[],,0
1512,branch:default,19,EFECTIVO,MENUDEO,4700,0,4700,LA LEONERA,Usuario origen: ALONDRA26 | Liquidado origen: 1 | Credito abonado origen: 4700 | Fecha limite origen: 2026-04-01 | Dias restantes origen: 15 | Status origen: 1,,2026-03-17 18:40:32,,,,0,0,4700,[],,0
1513,branch:default,2,EFECTIVO,MENUDEO,1068,0,1068,JESUS MARIA,Usuario origen: ALONDRA26 | Liquidado origen: 1 | Credito abonado origen: 1068 | Fecha limite origen: 2026-03-17 | Dias restantes origen: 0 | Status origen: 1,,2026-03-17 19:58:25,,,,0,0,1068,[],,0
1514,branch:default,18,EFECTIVO,MENUDEO,6300,0,6300,CRUCERO POMEZ,Usuario origen: ALONDRA26 | Liquidado origen: 1 | Credito abonado origen: 6300 | Fecha limite origen: 2026-04-01 | Dias restantes origen: 15 | Status origen: 1,,2026-03-17 22:59:06,,,,0,0,6300,[],,0
1515,branch:default,4,EFECTIVO,MENUDEO,4700,0,4700,LA SIERRITA,Usuario origen: ALONDRA26 | Liquidado origen: 1 | Credito abonado origen: 4700 | Fecha limite origen: 2026-04-17 | Dias restantes origen: 30 | Status origen: 1,,2026-03-18 13:16:39,,,,0,0,4700,[],,0
1516,branch:default,82,EFECTIVO,MENUDEO,472,0,472,JESUS MARIA,Usuario origen: ALONDRA26 | Liquidado origen: 1 | Credito abonado origen: 472 | Fecha limite origen: 2026-04-17 | Dias restantes origen: 30 | Status origen: 1,,2026-03-18 14:23:35,,,,0,0,472,[],,0
1517,branch:default,74,EFECTIVO,MENUDEO,8500,0,8500,JESUS MARIA,Usuario origen: ALONDRA26 | Liquidado origen: 1 | Credito abonado origen: 8500 | Fecha limite origen: 2026-04-17 | Dias restantes origen: 30 | Status origen: 1,,2026-03-18 14:34:12,,,,0,0,8500,[],,0
1518,branch:default,60,EFECTIVO,MENUDEO,3324,0,3324,DEGOLLADO,Usuario origen: ALONDRA26 | Liquidado origen: 1 | Credito abonado origen: 3324 | Fecha limite origen: 2026-04-17 | Dias restantes origen: 30 | Status origen: 1,,2026-03-18 14:40:03,,,,0,0,3324,[],,0
1519,branch:default,34,EFECTIVO,MENUDEO,8300,0,8300,SANTA BARBARA,Usuario origen: ALONDRA26 | Liquidado origen: 1 | Credito abonado origen: 8300 | Fecha limite origen: 2026-04-17 | Dias restantes origen: 30 | Status origen: 1,,2026-03-18 15:57:34,,,,0,0,8300,[],,0
1520,branch:default,12,EFECTIVO,MENUDEO,944,0,944,JESUS MARIA,Usuario origen: ALONDRA26 | Liquidado origen: 1 | Credito abonado origen: 944 | Fecha limite origen: 2026-04-17 | Dias restantes origen: 30 | Status origen: 1,,2026-03-18 16:40:39,,,,0,0,944,[],,0
1521,branch:default,12,EFECTIVO,MENUDEO,66,0,66,JESUS MARIA,Usuario origen: ALONDRA26 | Liquidado origen: 1 | Credito abonado origen: 66 | Fecha limite origen: 2026-04-17 | Dias restantes origen: 30 | Status origen: 1,,2026-03-18 16:46:02,,,,0,0,66,[],,0
1522,branch:default,21,EFECTIVO,MENUDEO,7050,0,7050,JESUS MARIA,Usuario origen: ALONDRA26 | Liquidado origen: 1 | Credito abonado origen: 7050 | Fecha limite origen: 2026-04-02 | Dias restantes origen: 15 | Status origen: 1,,2026-03-18 17:51:23,,,,0,0,7050,[],,0
1523,branch:default,18,EFECTIVO,MENUDEO,4700,0,4700,CRUCERO POMEZ,Usuario origen: ALONDRA26 | Liquidado origen: 1 | Credito abonado origen: 4700 | Fecha limite origen: 2026-04-02 | Dias restantes origen: 15 | Status origen: 1,,2026-03-18 17:52:05,,,,0,0,4700,[],,0
1524,branch:default,2,EFECTIVO,MENUDEO,140,0,140,JESUS MARIA,Usuario origen: ALONDRA26 | Liquidado origen: 1 | Credito abonado origen: 140 | Fecha limite origen: 2026-03-18 | Dias restantes origen: 0 | Status origen: 1,,2026-03-18 18:08:02,,,,0,0,140,[],,0
1525,branch:default,53,EFECTIVO,MENUDEO,2250,0,2250,AGAVINA,Usuario origen: ALONDRA26 | Liquidado origen: 1 | Credito abonado origen: 2250 | Fecha limite origen: 2026-04-17 | Dias restantes origen: 30 | Status origen: 1,,2026-03-18 19:15:10,,,,0,0,2250,[],,0
1526,branch:default,5,EFECTIVO,MENUDEO,3450,0,3450,CEN COMER,Usuario origen: ALONDRA26 | Liquidado origen: 1 | Credito abonado origen: 3450 | Fecha limite origen: 2026-04-02 | Dias restantes origen: 15 | Status origen: 1,,2026-03-18 19:16:06,,,,0,0,3450,[],,0
1527,branch:default,73,EFECTIVO,MENUDEO,19000,0,19000,SANTA MARIA DEL VALLE,Usuario origen: ALONDRA26 | Liquidado origen: 1 | Credito abonado origen: 19000 | Fecha limite origen: 2026-04-17 | Dias restantes origen: 30 | Status origen: 1,,2026-03-18 19:50:36,,,,0,0,19000,[],,0
1528,branch:default,83,EFECTIVO,MENUDEO,2200,0,2200,SANTIAGUITO,Usuario origen: ALONDRA26 | Liquidado origen: 1 | Credito abonado origen: 2200 | Fecha limite origen: 2026-04-17 | Dias restantes origen: 30 | Status origen: 1,,2026-03-18 20:55:40,,,,0,0,2200,[],,0
1529,branch:default,53,EFECTIVO,MENUDEO,4000,0,4000,HERRADUEA C04,Usuario origen: ALONDRA26 | Liquidado origen: 1 | Credito abonado origen: 4000 | Fecha limite origen: 2026-04-17 | Dias restantes origen: 30 | Status origen: 1,,2026-03-18 21:24:06,,,,0,0,4000,[],,0
1530,branch:default,53,EFECTIVO,MENUDEO,4027.5,0,4027.5,HERRADUEA C04,Usuario origen: ALONDRA26 | Liquidado origen: 1 | Credito abonado origen: 4027.5 | Fecha limite origen: 2026-04-18 | Dias restantes origen: 30 | Status origen: 1,,2026-03-19 13:25:54,,,,0,0,4027.5,[],,0
1531,branch:default,53,EFECTIVO,MENUDEO,1190,0,1190,NISLA C01,Usuario origen: ALONDRA26 | Liquidado origen: 1 | Credito abonado origen: 1190 | Fecha limite origen: 2026-04-18 | Dias restantes origen: 30 | Status origen: 1,,2026-03-19 13:28:39,,,,0,0,1190,[],,0
1532,branch:default,53,EFECTIVO,MENUDEO,2500,0,2500,HERRADUEA C04,Usuario origen: ALONDRA26 | Liquidado origen: 1 | Credito abonado origen: 2500 | Fecha limite origen: 2026-04-18 | Dias restantes origen: 30 | Status origen: 1,,2026-03-19 14:54:41,,,,0,0,2500,[],,0
1533,branch:default,52,EFECTIVO,MENUDEO,1372,0,1372,JESUS MARIA,Usuario origen: ALONDRA26 | Liquidado origen: 1 | Credito abonado origen: 1372 | Fecha limite origen: 2026-04-18 | Dias restantes origen: 30 | Status origen: 1,,2026-03-19 16:46:47,,,,0,0,1372,[],,0
1534,branch:default,2,EFECTIVO,MENUDEO,2360,0,2360,JESUS MARIA,Usuario origen: ALONDRA26 | Liquidado origen: 1 | Credito abonado origen: 2360 | Fecha limite origen: 2026-03-19 | Dias restantes origen: 0 | Status origen: 1,,2026-03-19 17:41:34,,,,0,0,2360,[],,0
1535,branch:default,67,EFECTIVO,MENUDEO,786,0,786,JESUS MARIA,Usuario origen: ALONDRA26 | Liquidado origen: 1 | Credito abonado origen: 786 | Fecha limite origen: 2026-04-04 | Dias restantes origen: 15 | Status origen: 1,,2026-03-20 17:22:23,,,,0,0,786,[],,0
1536,branch:default,21,EFECTIVO,MENUDEO,608,0,608,JESUS MARIA,Usuario origen: ALONDRA26 | Liquidado origen: 1 | Credito abonado origen: 608 | Fecha limite origen: 2026-04-04 | Dias restantes origen: 15 | Status origen: 1,,2026-03-20 17:55:36,,,,0,0,608,[],,0
1537,branch:default,18,EFECTIVO,MENUDEO,7200,0,7200,CRUCERO POMEZ,Usuario origen: ALONDRA26 | Liquidado origen: 1 | Credito abonado origen: 7200 | Fecha limite origen: 2026-04-04 | Dias restantes origen: 15 | Status origen: 1,,2026-03-20 17:56:32,,,,0,0,7200,[],,0
1538,branch:default,2,EFECTIVO,MENUDEO,38,0,38,JESUS MARIA,Usuario origen: ALONDRA26 | Liquidado origen: 1 | Credito abonado origen: 38 | Fecha limite origen: 2026-03-20 | Dias restantes origen: 0 | Status origen: 1,,2026-03-20 18:52:14,,,,0,0,38,[],,0
1539,branch:default,18,EFECTIVO,MENUDEO,12357.4,0,12357.4,CRUCERO POMEZ,Usuario origen: ALONDRA26 | Liquidado origen: 1 | Credito abonado origen: 12357.4 | Fecha limite origen: 2026-04-04 | Dias restantes origen: 15 | Status origen: 1,,2026-03-20 19:31:23,,,,0,0,12357.4,[],,0
1540,branch:default,53,EFECTIVO,MENUDEO,2500,0,2500,AGAVINA,Usuario origen: ALONDRA26 | Liquidado origen: 1 | Credito abonado origen: 2500 | Fecha limite origen: 2026-04-19 | Dias restantes origen: 30 | Status origen: 1,,2026-03-20 20:10:25,,,,0,0,2500,[],,0
1541,branch:default,53,EFECTIVO,MENUDEO,2500,0,2500,AGAVINA,Usuario origen: ALONDRA26 | Liquidado origen: 1 | Credito abonado origen: 2500 | Fecha limite origen: 2026-04-19 | Dias restantes origen: 30 | Status origen: 1,,2026-03-20 20:11:06,,,,0,0,2500,[],,0
1542,branch:default,53,EFECTIVO,MENUDEO,2500,0,2500,AGAVINA,Usuario origen: ALONDRA26 | Liquidado origen: 1 | Credito abonado origen: 2500 | Fecha limite origen: 2026-04-19 | Dias restantes origen: 30 | Status origen: 1,,2026-03-20 20:11:47,,,,0,0,2500,[],,0
1543,branch:default,53,EFECTIVO,MENUDEO,2500,0,2500,AGAVINA,Usuario origen: ALONDRA26 | Liquidado origen: 1 | Credito abonado origen: 2500 | Fecha limite origen: 2026-04-19 | Dias restantes origen: 30 | Status origen: 1,,2026-03-20 20:12:15,,,,0,0,2500,[],,0
1544,branch:default,52,EFECTIVO,MENUDEO,2940,0,2940,JESUS MARIA,Usuario origen: ALONDRA26 | Liquidado origen: 1 | Credito abonado origen: 2940 | Fecha limite origen: 2026-04-19 | Dias restantes origen: 30 | Status origen: 1,,2026-03-20 21:34:33,,,,0,0,2940,[],,0
1545,branch:default,18,EFECTIVO,MENUDEO,14100,0,14100,CRUCERO POMEZ,Usuario origen: ALONDRA26 | Liquidado origen: 1 | Credito abonado origen: 14100 | Fecha limite origen: 2026-04-04 | Dias restantes origen: 15 | Status origen: 1,,2026-03-20 22:08:16,,,,0,0,14100,[],,0
1546,branch:default,2,EFECTIVO,MENUDEO,61,0,61,JESUS MARIA,Usuario origen: ALONDRA26 | Liquidado origen: 1 | Credito abonado origen: 61 | Dias restantes origen: 0 | Status origen: 1,,2026-03-21 00:11:55,,,,0,0,61,[],,0
1547,branch:default,21,EFECTIVO,MENUDEO,14100,0,14100,JESUS MARIA,Usuario origen: ALONDRA26 | Liquidado origen: 1 | Credito abonado origen: 14100 | Fecha limite origen: 2026-04-05 | Dias restantes origen: 15 | Status origen: 1,,2026-03-21 13:25:37,,,,0,0,14100,[],,0
1548,branch:default,5,EFECTIVO,MENUDEO,4600,0,4600,CEN COMER,Usuario origen: ALONDRA26 | Liquidado origen: 1 | Credito abonado origen: 4600 | Fecha limite origen: 2026-04-05 | Dias restantes origen: 15 | Status origen: 1,,2026-03-21 13:36:14,,,,0,0,4600,[],,0
1549,branch:default,21,EFECTIVO,MENUDEO,460,0,460,JESUS MARIA,Usuario origen: ALONDRA26 | Liquidado origen: 1 | Credito abonado origen: 460 | Dias restantes origen: 0 | Status origen: 1,,2026-03-21 13:55:02,,,,0,0,460,[],,0
1550,branch:default,2,EFECTIVO,MENUDEO,180,0,180,JESUS MARIA,Usuario origen: ALONDRA26 | Liquidado origen: 1 | Credito abonado origen: 180 | Dias restantes origen: 0 | Status origen: 1,,2026-03-21 14:14:39,,,,0,0,180,[],,0
1551,branch:default,5,EFECTIVO,MENUDEO,900,0,900,CEN COMER,Usuario origen: ALONDRA26 | Liquidado origen: 1 | Credito abonado origen: 900 | Fecha limite origen: 2026-04-05 | Dias restantes origen: 15 | Status origen: 1,,2026-03-21 14:27:56,,,,0,0,900,[],,0
1552,branch:default,8,EFECTIVO,MENUDEO,90,0,90,JESUS MARIA,Usuario origen: ALONDRA26 | Liquidado origen: 1 | Credito abonado origen: 90 | Fecha limite origen: 2026-04-05 | Dias restantes origen: 15 | Status origen: 1,,2026-03-21 14:47:31,,,,0,0,90,[],,0
1553,branch:default,5,EFECTIVO,MENUDEO,900,0,900,CEN COMER,Usuario origen: ALONDRA26 | Liquidado origen: 1 | Credito abonado origen: 900 | Fecha limite origen: 2026-04-05 | Dias restantes origen: 15 | Status origen: 1,,2026-03-21 14:57:29,,,,0,0,900,[],,0
1554,branch:default,53,EFECTIVO,MENUDEO,14000,0,14000,AGAVINA,Usuario origen: ALONDRA26 | Liquidado origen: 1 | Credito abonado origen: 14000 | Fecha limite origen: 2026-04-20 | Dias restantes origen: 30 | Status origen: 1,,2026-03-21 18:04:03,,,,0,0,14000,[],,0
1555,branch:default,84,EFECTIVO,MENUDEO,8450,0,8450,CRUCES,Usuario origen: ALONDRA26 | Liquidado origen: 1 | Credito abonado origen: 8450 | Dias restantes origen: 0 | Status origen: 1,,2026-03-21 18:37:54,,,,0,0,8450,[],,0
1556,branch:default,5,EFECTIVO,MENUDEO,7850,0,7850,CEN COMER,Usuario origen: ALONDRA26 | Liquidado origen: 1 | Credito abonado origen: 7850 | Fecha limite origen: 2026-04-07 | Dias restantes origen: 15 | Status origen: 1,,2026-03-23 13:34:14,,,,0,0,7850,[],,0
1557,branch:default,2,EFECTIVO,MENUDEO,2500,0,2500,POMEZ,Usuario origen: ALONDRA26 | Liquidado origen: 1 | Credito abonado origen: 2500 | Fecha limite origen: 2026-03-23 | Dias restantes origen: 0 | Status origen: 1,,2026-03-23 14:38:23,,,,0,0,2500,[],,0
1558,branch:default,2,EFECTIVO,MENUDEO,2500,0,2500,LAS POMEZ,Usuario origen: ALONDRA26 | Liquidado origen: 1 | Credito abonado origen: 2500 | Fecha limite origen: 2026-03-23 | Dias restantes origen: 0 | Status origen: 1,,2026-03-23 14:39:05,,,,0,0,2500,[],,0
1559,branch:default,2,EFECTIVO,MENUDEO,2800,0,2800,LAS POMEZ,Usuario origen: ALONDRA26 | Liquidado origen: 1 | Credito abonado origen: 2800 | Fecha limite origen: 2026-03-23 | Dias restantes origen: 0 | Status origen: 1,,2026-03-23 14:39:55,,,,0,0,2800,[],,0
1560,branch:default,5,EFECTIVO,MENUDEO,740,0,740,CEN COMER,Usuario origen: ALONDRA26 | Liquidado origen: 1 | Credito abonado origen: 740 | Fecha limite origen: 2026-04-07 | Dias restantes origen: 15 | Status origen: 1,,2026-03-23 15:04:35,,,,0,0,740,[],,0
1561,branch:default,21,EFECTIVO,MENUDEO,425,0,425,JESUS MARIA,Usuario origen: ALONDRA26 | Liquidado origen: 1 | Credito abonado origen: 425 | Dias restantes origen: 0 | Status origen: 1,,2026-03-23 16:21:28,,,,0,0,425,[],,0
1562,branch:default,2,EFECTIVO,MENUDEO,23,0,23,JESUS MARIA,Usuario origen: ALONDRA26 | Liquidado origen: 1 | Credito abonado origen: 23 | Dias restantes origen: 0 | Status origen: 1,,2026-03-23 19:46:41,,,,0,0,23,[],,0
1563,branch:default,85,EFECTIVO,MENUDEO,20029,0,20029,EL ROBLE,Usuario origen: ALONDRA26 | Liquidado origen: 1 | Credito abonado origen: 20029 | Fecha limite origen: 2026-04-22 | Dias restantes origen: 30 | Status origen: 1,,2026-03-23 20:19:27,,,,0,0,20029,[],,0
1564,branch:default,85,EFECTIVO,MENUDEO,402,0,402,EL ROBLE,Usuario origen: ALONDRA26 | Liquidado origen: 1 | Credito abonado origen: 402 | Fecha limite origen: 2026-04-22 | Dias restantes origen: 30 | Status origen: 1,,2026-03-23 21:59:38,,,,0,0,402,[],,0
1565,branch:default,2,EFECTIVO,MENUDEO,122,0,122,JESUS MARIA,Usuario origen: ALONDRA26 | Liquidado origen: 1 | Credito abonado origen: 122 | Dias restantes origen: 0 | Status origen: 1,,2026-03-24 13:44:45,,,,0,0,122,[],,0
1566,branch:default,46,EFECTIVO,MENUDEO,3800,0,3800,JESUS MARIA,Usuario origen: ALONDRA26 | Liquidado origen: 1 | Credito abonado origen: 3800 | Fecha limite origen: 2026-04-23 | Dias restantes origen: 30 | Status origen: 1,,2026-03-24 14:26:08,,,,0,0,3800,[],,0
1567,branch:default,2,EFECTIVO,MENUDEO,32,0,32,JESUS MARIA,Usuario origen: ALONDRA26 | Liquidado origen: 1 | Credito abonado origen: 32 | Dias restantes origen: 0 | Status origen: 1,,2026-03-24 14:28:18,,,,0,0,32,[],,0
1568,branch:default,8,EFECTIVO,MENUDEO,113,0,113,JESUS MARIA,Usuario origen: ALONDRA26 | Liquidado origen: 1 | Credito abonado origen: 113 | Fecha limite origen: 2026-04-08 | Dias restantes origen: 15 | Status origen: 1,,2026-03-24 15:07:55,,,,0,0,113,[],,0
1569,branch:default,86,EFECTIVO,MENUDEO,450,0,450,JESUS MARIA,Usuario origen: ALONDRA26 | Liquidado origen: 1 | Credito abonado origen: 450 | Fecha limite origen: 2026-04-23 | Dias restantes origen: 30 | Status origen: 1,,2026-03-24 15:48:28,,,,0,0,450,[],,0
1570,branch:default,2,EFECTIVO,MENUDEO,1154,0,1154,JESUS MARIA,Usuario origen: ALONDRA26 | Liquidado origen: 1 | Credito abonado origen: 1154 | Dias restantes origen: 0 | Status origen: 1,,2026-03-24 16:07:03,,,,0,0,1154,[],,0
1571,branch:default,56,EFECTIVO,MENUDEO,18600,0,18600,ESCUELA DE LAS POMEZ,Usuario origen: ALONDRA26 | Liquidado origen: 1 | Credito abonado origen: 18600 | Fecha limite origen: 2026-04-23 | Dias restantes origen: 30 | Status origen: 1,,2026-03-24 18:05:03,,,,0,0,18600,[],,0
1572,branch:default,64,EFECTIVO,MENUDEO,11231,0,11231,SAN JOSE DE LA PAZ,Usuario origen: ALONDRA26 | Liquidado origen: 1 | Credito abonado origen: 11231 | Fecha limite origen: 2026-04-23 | Dias restantes origen: 30 | Status origen: 1,,2026-03-24 19:45:50,,,,0,0,11231,[],,0
1573,branch:default,18,EFECTIVO,MENUDEO,7420,0,7420,CRUCERO POMEZ,Usuario origen: ALONDRA26 | Liquidado origen: 1 | Credito abonado origen: 7420 | Fecha limite origen: 2026-04-09 | Dias restantes origen: 15 | Status origen: 1,,2026-03-25 15:04:51,,,,0,0,7420,[],,0
1574,branch:default,44,EFECTIVO,MENUDEO,5000,0,5000,ARANDAS,Usuario origen: ALONDRA26 | Liquidado origen: 1 | Credito abonado origen: 5000 | Fecha limite origen: 2026-04-24 | Dias restantes origen: 30 | Status origen: 1,,2026-03-25 15:19:07,,,,0,0,5000,[],,0
1575,branch:default,21,EFECTIVO,MENUDEO,3340,0,3340,JESUS MARIA,Usuario origen: ALONDRA26 | Liquidado origen: 1 | Credito abonado origen: 3340 | Fecha limite origen: 2026-04-09 | Dias restantes origen: 15 | Status origen: 1,,2026-03-25 17:42:21,,,,0,0,3340,[],,0
1576,branch:default,79,EFECTIVO,MENUDEO,3800,0,3800,JESUS MARIA,Usuario origen: ALONDRA26 | Liquidado origen: 1 | Credito abonado origen: 3800 | Fecha limite origen: 2026-04-24 | Dias restantes origen: 30 | Status origen: 1,,2026-03-25 18:40:24,,,,0,0,3800,[],,0
1577,branch:default,85,EFECTIVO,MENUDEO,3360,0,3360,EL ROBLE,Usuario origen: ALONDRA26 | Liquidado origen: 1 | Credito abonado origen: 3360 | Fecha limite origen: 2026-04-24 | Dias restantes origen: 30 | Status origen: 1,,2026-03-25 19:47:06,,,,0,0,3360,[],,0
1578,branch:default,85,EFECTIVO,MENUDEO,3150,0,3150,JESUS MARIA,Usuario origen: ALONDRA26 | Liquidado origen: 1 | Credito abonado origen: 3150 | Fecha limite origen: 2026-04-24 | Dias restantes origen: 30 | Status origen: 1,,2026-03-25 20:10:06,,,,0,0,3150,[],,0
1579,branch:default,12,EFECTIVO,MENUDEO,12300,0,12300,AYOTLAN,Usuario origen: ALONDRA26 | Liquidado origen: 1 | Credito abonado origen: 12300 | Fecha limite origen: 2026-04-24 | Dias restantes origen: 30 | Status origen: 1,,2026-03-25 20:12:12,,,,0,0,12300,[],,0
1580,branch:default,2,EFECTIVO,MENUDEO,38,0,38,JESUS MARIA,Usuario origen: ALONDRA26 | Liquidado origen: 1 | Credito abonado origen: 38 | Dias restantes origen: 0 | Status origen: 1,,2026-03-26 13:18:27,,,,0,0,38,[],,0
1581,branch:default,73,EFECTIVO,MENUDEO,19000,0,19000,SANTA MARIA DEL VALLE,Usuario origen: ALONDRA26 | Liquidado origen: 1 | Credito abonado origen: 19000 | Fecha limite origen: 2026-04-25 | Dias restantes origen: 30 | Status origen: 1,,2026-03-26 13:32:15,,,,0,0,19000,[],,0
1582,branch:default,73,EFECTIVO,MENUDEO,18500,0,18500,CASA DE LA KEBRADORA,Usuario origen: ALONDRA26 | Liquidado origen: 1 | Credito abonado origen: 18500 | Fecha limite origen: 2026-04-25 | Dias restantes origen: 30 | Status origen: 1,,2026-03-26 13:33:36,,,,0,0,18500,[],,0
1583,branch:default,18,EFECTIVO,MENUDEO,3600,0,3600,CRUCERO POMEZ,Usuario origen: ALONDRA26 | Liquidado origen: 1 | Credito abonado origen: 3600 | Fecha limite origen: 2026-04-10 | Dias restantes origen: 15 | Status origen: 1,,2026-03-26 13:37:51,,,,0,0,3600,[],,0
1584,branch:default,78,EFECTIVO,MENUDEO,5560,0,5560,PALETERIA FRENTE A LA PREPA,Usuario origen: ALONDRA26 | Liquidado origen: 1 | Credito abonado origen: 5560 | Fecha limite origen: 2026-04-25 | Dias restantes origen: 30 | Status origen: 1,,2026-03-26 14:39:59,,,,0,0,5560,[],,0
1585,branch:default,85,EFECTIVO,MENUDEO,2000,0,2000,ROBLE,Usuario origen: ALONDRA26 | Liquidado origen: 1 | Credito abonado origen: 2000 | Fecha limite origen: 2026-04-25 | Dias restantes origen: 30 | Status origen: 1,,2026-03-26 16:06:49,,,,0,0,2000,[],,0
1586,branch:default,85,EFECTIVO,MENUDEO,2000,0,2000,ROBLE,Usuario origen: ALONDRA26 | Liquidado origen: 1 | Credito abonado origen: 2000 | Fecha limite origen: 2026-04-25 | Dias restantes origen: 30 | Status origen: 1,,2026-03-26 16:07:25,,,,0,0,2000,[],,0
1587,branch:default,5,EFECTIVO,MENUDEO,3450,0,3450,CEN COMER,Usuario origen: ALONDRA26 | Liquidado origen: 1 | Credito abonado origen: 3450 | Fecha limite origen: 2026-04-10 | Dias restantes origen: 15 | Status origen: 1,,2026-03-26 17:41:16,,,,0,0,3450,[],,0
1588,branch:default,79,EFECTIVO,MENUDEO,115,0,115,ROBLE,Usuario origen: ALONDRA26 | Liquidado origen: 1 | Credito abonado origen: 115 | Fecha limite origen: 2026-04-25 | Dias restantes origen: 30 | Status origen: 1,,2026-03-26 18:21:24,,,,0,0,115,[],,0
1589,branch:default,87,EFECTIVO,MENUDEO,3700,0,3700,JESUS MARIA,Usuario origen: ALONDRA26 | Liquidado origen: 1 | Credito abonado origen: 3700 | Fecha limite origen: 2026-04-25 | Dias restantes origen: 30 | Status origen: 1,,2026-03-26 19:33:19,,,,0,0,3700,[],,0
1590,branch:default,87,EFECTIVO,MENUDEO,8300,0,8300,JESUS MARIA,Usuario origen: ALONDRA26 | Liquidado origen: 1 | Credito abonado origen: 8300 | Fecha limite origen: 2026-04-25 | Dias restantes origen: 30 | Status origen: 1,,2026-03-26 19:56:02,,,,0,0,8300,[],,0
1591,branch:default,87,CREDITO,MENUDEO,16300,0,16300,JESUS MARIA,Usuario origen: ALONDRA26 | Liquidado origen: 0 | Credito abonado origen: 0 | Fecha limite origen: 2026-04-25 | Dias restantes origen: 30 | Status origen: 0,,2026-03-26 20:23:49,,,,0,16300,0,[],,0
1592,branch:default,85,EFECTIVO,MENUDEO,1725,0,1725,JESUS MARIA,Usuario origen: ALONDRA26 | Liquidado origen: 1 | Credito abonado origen: 1725 | Fecha limite origen: 2026-04-25 | Dias restantes origen: 30 | Status origen: 1,,2026-03-26 21:04:17,,,,0,0,1725,[],,0
1593,branch:default,87,EFECTIVO,MENUDEO,1600,0,1600,JESUS MARIA,Usuario origen: ALONDRA26 | Liquidado origen: 1 | Credito abonado origen: 1600 | Fecha limite origen: 2026-04-25 | Dias restantes origen: 30 | Status origen: 1,,2026-03-26 22:11:26,,,,0,0,1600,[],,0
1594,branch:default,85,EFECTIVO,MENUDEO,2000,0,2000,JESUS MARIA,Usuario origen: ALONDRA26 | Liquidado origen: 1 | Credito abonado origen: 2000 | Fecha limite origen: 2026-04-25 | Dias restantes origen: 30 | Status origen: 1,,2026-03-26 22:47:26,,,,0,0,2000,[],,0
1595,branch:default,18,EFECTIVO,MENUDEO,10100,0,10100,CRUCERO POMEZ,Usuario origen: ALONDRA26 | Liquidado origen: 1 | Credito abonado origen: 10100 | Fecha limite origen: 2026-04-11 | Dias restantes origen: 15 | Status origen: 1,,2026-03-27 13:24:48,,,,0,0,10100,[],,0
1596,branch:default,87,EFECTIVO,MENUDEO,14700,0,14700,JESUS MARIA,Usuario origen: ALONDRA26 | Liquidado origen: 1 | Credito abonado origen: 14700 | Fecha limite origen: 2026-04-26 | Dias restantes origen: 30 | Status origen: 1,,2026-03-27 14:42:14,,,,0,0,14700,[],,0
1597,branch:default,21,EFECTIVO,MENUDEO,416,0,416,JESUS MARIA,Usuario origen: ALONDRA26 | Liquidado origen: 1 | Credito abonado origen: 416 | Dias restantes origen: 0 | Status origen: 1,,2026-03-27 15:06:05,,,,0,0,416,[],,0
1598,branch:default,4,EFECTIVO,MENUDEO,4750,0,4750,LA CIERRITA,Usuario origen: ALONDRA26 | Liquidado origen: 1 | Credito abonado origen: 4750 | Fecha limite origen: 2026-04-26 | Dias restantes origen: 30 | Status origen: 1,,2026-03-27 15:30:45,,,,0,0,4750,[],,0
1599,branch:default,19,EFECTIVO,MENUDEO,3600,0,3600,LA LEONERA,Usuario origen: ALONDRA26 | Liquidado origen: 1 | Credito abonado origen: 3600 | Fecha limite origen: 2026-04-11 | Dias restantes origen: 15 | Status origen: 1,,2026-03-27 15:31:14,,,,0,0,3600,[],,0
1600,branch:default,2,EFECTIVO,MENUDEO,354,0,354,JESUS MARIA,Usuario origen: ALONDRA26 | Liquidado origen: 1 | Credito abonado origen: 354 | Fecha limite origen: 2026-03-27 | Dias restantes origen: 0 | Status origen: 1,,2026-03-27 15:47:02,,,,0,0,354,[],,0
1601,branch:default,21,EFECTIVO,MENUDEO,3150,0,3150,JESUS MARIA,Usuario origen: ALONDRA26 | Liquidado origen: 1 | Credito abonado origen: 3150 | Fecha limite origen: 2026-04-11 | Dias restantes origen: 15 | Status origen: 1,,2026-03-27 20:01:13,,,,0,0,3150,[],,0
1602,branch:default,2,EFECTIVO,MENUDEO,860,0,860,JESUS MARIA,Usuario origen: ALONDRA26 | Liquidado origen: 1 | Credito abonado origen: 860 | Fecha limite origen: 2026-03-27 | Dias restantes origen: 0 | Status origen: 1,,2026-03-27 22:12:14,,,,0,0,860,[],,0
1603,branch:default,85,EFECTIVO,MENUDEO,6694,0,6694,JESUS MARIA,Usuario origen: ALONDRA26 | Liquidado origen: 1 | Credito abonado origen: 6694 | Fecha limite origen: 2026-04-26 | Dias restantes origen: 30 | Status origen: 1,,2026-03-27 22:59:13,,,,0,0,6694,[],,0
1604,branch:default,82,EFECTIVO,MENUDEO,90,0,90,JESUS MARIA,Usuario origen: GRISELDA2026 | Liquidado origen: 1 | Credito abonado origen: 90 | Dias restantes origen: 0 | Status origen: 1,,2026-03-28 14:50:04,,,,0,0,90,[],,0
1605,branch:default,88,EFECTIVO,MENUDEO,2200,0,2200,ROBLE,Usuario origen: GRISELDA2026 | Liquidado origen: 1 | Credito abonado origen: 2200 | Fecha limite origen: 2026-04-12 | Dias restantes origen: 15 | Status origen: 1,,2026-03-28 15:23:16,,,,0,0,2200,[],,0
1606,branch:default,88,EFECTIVO,MENUDEO,2200,0,2200,ROBLE,Usuario origen: GRISELDA2026 | Liquidado origen: 1 | Credito abonado origen: 2200 | Fecha limite origen: 2026-04-12 | Dias restantes origen: 15 | Status origen: 1,,2026-03-28 15:25:14,,,,0,0,2200,[],,0
1607,branch:default,21,CREDITO,MENUDEO,2350,0,2350,JESUS MARIA,Usuario origen: GRISELDA2026 | Liquidado origen: 0 | Credito abonado origen: 0 | Fecha limite origen: 2026-04-12 | Dias restantes origen: 15 | Status origen: 0,,2026-03-28 15:32:02,,,,0,2350,0,[],,0
1608,branch:default,21,EFECTIVO,MENUDEO,21160,0,21160,JESUS MARIA,Usuario origen: GRISELDA2026 | Liquidado origen: 1 | Credito abonado origen: 21160 | Fecha limite origen: 2026-04-12 | Dias restantes origen: 15 | Status origen: 1,,2026-03-28 15:36:52,,,,0,0,21160,[],,0
1609,branch:default,5,EFECTIVO,MENUDEO,5196,0,5196,CEN COMER,Usuario origen: GRISELDA2026 | Liquidado origen: 1 | Credito abonado origen: 5196 | Fecha limite origen: 2026-04-12 | Dias restantes origen: 15 | Status origen: 1,,2026-03-28 15:58:31,,,,0,0,5196,[],,0
1610,branch:default,2,EFECTIVO,MENUDEO,235,0,235,JESUS MARIA,Usuario origen: GRISELDA2026 | Liquidado origen: 1 | Credito abonado origen: 235 | Dias restantes origen: 0 | Status origen: 1,,2026-03-28 16:12:03,,,,0,0,235,[],,0
1611,branch:default,2,EFECTIVO,MENUDEO,118,0,118,JESUS MARIA,Usuario origen: GRISELDA2026 | Liquidado origen: 1 | Credito abonado origen: 118 | Dias restantes origen: 0 | Status origen: 1,,2026-03-28 16:30:59,,,,0,0,118,[],,0
1612,branch:default,2,EFECTIVO,MENUDEO,26,0,26,JESUS MARIA,Usuario origen: GRISELDA2026 | Liquidado origen: 1 | Credito abonado origen: 26 | Dias restantes origen: 0 | Status origen: 1,,2026-03-28 16:34:31,,,,0,0,26,[],,0
1613,branch:default,53,EFECTIVO,MENUDEO,7420,0,7420,AGAVINA,Usuario origen: GRISELDA2026 | Liquidado origen: 1 | Credito abonado origen: 7420 | Fecha limite origen: 2026-04-27 | Dias restantes origen: 30 | Status origen: 1,,2026-03-28 17:30:59,,,,0,0,7420,[],,0
1614,branch:default,53,EFECTIVO,MENUDEO,8400,0,8400,AGAVINA,Usuario origen: GRISELDA2026 | Liquidado origen: 1 | Credito abonado origen: 8400 | Fecha limite origen: 2026-04-27 | Dias restantes origen: 30 | Status origen: 1,,2026-03-28 17:54:25,,,,0,0,8400,[],,0
1615,branch:default,53,EFECTIVO,MENUDEO,12414.5,0,12414.5,AGAVINA,Usuario origen: GRISELDA2026 | Liquidado origen: 1 | Credito abonado origen: 12414.5 | Fecha limite origen: 2026-04-27 | Dias restantes origen: 30 | Status origen: 1,,2026-03-28 18:05:30,,,,0,0,12414.5,[],,0
1616,branch:default,2,EFECTIVO,MENUDEO,416,0,416,JESUS MARIA,Usuario origen: GRISELDA2026 | Liquidado origen: 1 | Credito abonado origen: 416 | Dias restantes origen: 0 | Status origen: 1,,2026-03-30 13:35:11,,,,0,0,416,[],,0
1617,branch:default,59,EFECTIVO,MENUDEO,125,0,125,JESUS MARIA,Usuario origen: GRISELDA2026 | Liquidado origen: 1 | Credito abonado origen: 125 | Fecha limite origen: 2026-04-29 | Dias restantes origen: 30 | Status origen: 1,,2026-03-30 14:12:51,,,,0,0,125,[],,0
1618,branch:default,5,EFECTIVO,MENUDEO,6900,0,6900,CEN COMER,Usuario origen: GRISELDA2026 | Liquidado origen: 1 | Credito abonado origen: 6900 | Fecha limite origen: 2026-04-14 | Dias restantes origen: 15 | Status origen: 1,,2026-03-30 15:46:07,,,,0,0,6900,[],,0
1619,branch:default,89,EFECTIVO,MENUDEO,354,0,354,JESUS MARIA,Usuario origen: GRISELDA2026 | Liquidado origen: 1 | Credito abonado origen: 354 | Fecha limite origen: 2026-04-29 | Dias restantes origen: 30 | Status origen: 1,,2026-03-30 17:38:35,,,,0,0,354,[],,0
1620,branch:default,85,EFECTIVO,MENUDEO,3360,0,3360,JESUS MARIA,Usuario origen: GRISELDA2026 | Liquidado origen: 1 | Credito abonado origen: 3360 | Fecha limite origen: 2026-04-29 | Dias restantes origen: 30 | Status origen: 1,,2026-03-30 22:04:00,,,,0,0,3360,[],,0
1621,branch:default,85,EFECTIVO,MENUDEO,2200,0,2200,JESUS MARIA,Usuario origen: GRISELDA2026 | Liquidado origen: 1 | Credito abonado origen: 2200 | Fecha limite origen: 2026-04-29 | Dias restantes origen: 30 | Status origen: 1,,2026-03-30 22:20:42,,,,0,0,2200,[],,0
1622,branch:default,2,EFECTIVO,MENUDEO,2130,0,2130,JESUS MARIA,Usuario origen: ALONDRA26 | Liquidado origen: 1 | Credito abonado origen: 2130 | Fecha limite origen: 2026-03-31 | Dias restantes origen: 0 | Status origen: 1,,2026-03-31 13:57:17,,,,0,0,2130,[],,0
1623,branch:default,85,EFECTIVO,MENUDEO,2200,0,2200,JESUS MARIA,Usuario origen: ALONDRA26 | Liquidado origen: 1 | Credito abonado origen: 2200 | Fecha limite origen: 2026-04-30 | Dias restantes origen: 30 | Status origen: 1,,2026-03-31 14:03:33,,,,0,0,2200,[],,0
1624,branch:default,21,EFECTIVO,MENUDEO,7050,0,7050,JESUS MARIA,Usuario origen: ALONDRA26 | Liquidado origen: 1 | Credito abonado origen: 7050 | Fecha limite origen: 2026-04-15 | Dias restantes origen: 15 | Status origen: 1,,2026-03-31 14:30:09,,,,0,0,7050,[],,0
1625,branch:default,67,EFECTIVO,MENUDEO,1950,0,1950,JESUS MARIA,Usuario origen: ALONDRA26 | Liquidado origen: 1 | Credito abonado origen: 1950 | Fecha limite origen: 2026-04-15 | Dias restantes origen: 15 | Status origen: 1,,2026-03-31 14:34:57,,,,0,0,1950,[],,0
1626,branch:default,46,EFECTIVO,MENUDEO,2200,0,2200,JESUS MARIA,Usuario origen: ALONDRA26 | Liquidado origen: 1 | Credito abonado origen: 2200 | Fecha limite origen: 2026-04-30 | Dias restantes origen: 30 | Status origen: 1,,2026-03-31 15:28:30,,,,0,0,2200,[],,0
1627,branch:default,85,EFECTIVO,MENUDEO,6150,0,6150,JESUS MARIA,Usuario origen: ALONDRA26 | Liquidado origen: 1 | Credito abonado origen: 6150 | Fecha limite origen: 2026-04-30 | Dias restantes origen: 30 | Status origen: 1,,2026-03-31 16:00:56,,,,0,0,6150,[],,0
1628,branch:default,2,EFECTIVO,MENUDEO,19,0,19,JESUS MARIA,Usuario origen: ALONDRA26 | Liquidado origen: 1 | Credito abonado origen: 19 | Dias restantes origen: 0 | Status origen: 1,,2026-03-31 16:12:50,,,,0,0,19,[],,0
1629,branch:default,5,EFECTIVO,MENUDEO,1664,0,1664,JESUS MARIA,Usuario origen: ALONDRA26 | Liquidado origen: 1 | Credito abonado origen: 1664 | Fecha limite origen: 2026-04-15 | Dias restantes origen: 15 | Status origen: 1,,2026-03-31 18:42:34,,,,0,0,1664,[],,0
1630,branch:default,89,EFECTIVO,MENUDEO,236,0,236,JESUS MARIA,Usuario origen: ALONDRA26 | Liquidado origen: 1 | Credito abonado origen: 236 | Fecha limite origen: 2026-04-30 | Dias restantes origen: 30 | Status origen: 1,,2026-03-31 18:43:17,,,,0,0,236,[],,0
1631,branch:default,5,EFECTIVO,MENUDEO,900,0,900,JESUS MARIA,Usuario origen: ALONDRA26 | Liquidado origen: 1 | Credito abonado origen: 900 | Fecha limite origen: 2026-04-15 | Dias restantes origen: 15 | Status origen: 1,,2026-03-31 19:27:28,,,,0,0,900,[],,0
1632,branch:default,5,EFECTIVO,MENUDEO,190,0,190,JESUS MARIA,Usuario origen: ALONDRA26 | Liquidado origen: 1 | Credito abonado origen: 190 | Fecha limite origen: 2026-04-15 | Dias restantes origen: 15 | Status origen: 1,,2026-03-31 19:30:33,,,,0,0,190,[],,0
1633,branch:default,2,EFECTIVO,MENUDEO,60,0,60,JESUS MARIA,Usuario origen: ALONDRA26 | Liquidado origen: 1 | Credito abonado origen: 60 | Fecha limite origen: 2026-04-01 | Dias restantes origen: 0 | Status origen: 1,,2026-04-01 14:26:26,,,,0,0,60,[],,0
1634,branch:default,2,EFECTIVO,MENUDEO,29,0,29,JESUS MARIA,Usuario origen: ALONDRA26 | Liquidado origen: 1 | Credito abonado origen: 29 | Dias restantes origen: 0 | Status origen: 1,,2026-04-01 15:10:00,,,,0,0,29,[],,0
1635,branch:default,2,EFECTIVO,MENUDEO,13814,0,13814,JESUS MARIA,Usuario origen: ALONDRA26 | Liquidado origen: 1 | Credito abonado origen: 13814 | Fecha limite origen: 2026-04-01 | Dias restantes origen: 0 | Status origen: 1,,2026-04-01 16:02:31,,,,0,0,13814,[],,0
1636,branch:default,19,EFECTIVO,MENUDEO,661,0,661,BLOQUERA,Usuario origen: ALONDRA26 | Liquidado origen: 1 | Credito abonado origen: 661 | Fecha limite origen: 2026-04-16 | Dias restantes origen: 15 | Status origen: 1,,2026-04-01 16:12:43,,,,0,0,661,[],,0
1637,branch:default,85,EFECTIVO,MENUDEO,1920,0,1920,ROBLE,Usuario origen: ALONDRA26 | Liquidado origen: 1 | Credito abonado origen: 1920 | Fecha limite origen: 2026-05-01 | Dias restantes origen: 30 | Status origen: 1,,2026-04-01 16:20:09,,,,0,0,1920,[],,0
1638,branch:default,12,EFECTIVO,MENUDEO,118,0,118,JESUS MARIA,Usuario origen: ALONDRA26 | Liquidado origen: 1 | Credito abonado origen: 118 | Fecha limite origen: 2026-05-01 | Dias restantes origen: 30 | Status origen: 1,,2026-04-01 16:35:48,,,,0,0,118,[],,0
1639,branch:default,56,EFECTIVO,MENUDEO,10966,0,10966,ESCUELA DE LAS POMEZ,Usuario origen: ALONDRA26 | Liquidado origen: 1 | Credito abonado origen: 10966 | Fecha limite origen: 2026-05-01 | Dias restantes origen: 30 | Status origen: 1,,2026-04-01 17:29:52,,,,0,0,10966,[],,0
1640,branch:default,2,EFECTIVO,MENUDEO,90,0,90,JESUS MARIA,Usuario origen: ALONDRA26 | Liquidado origen: 1 | Credito abonado origen: 90 | Fecha limite origen: 2026-04-01 | Dias restantes origen: 0 | Status origen: 1,,2026-04-01 18:40:06,,,,0,0,90,[],,0
1641,branch:default,2,EFECTIVO,MENUDEO,50,0,50,JESUS MARIA,Usuario origen: ALONDRA26 | Liquidado origen: 1 | Credito abonado origen: 50 | Fecha limite origen: 2026-04-01 | Dias restantes origen: 0 | Status origen: 1,,2026-04-01 18:44:00,,,,0,0,50,[],,0
1642,branch:default,21,EFECTIVO,MENUDEO,8300,0,8300,JESUS MARIA,Usuario origen: ALONDRA26 | Liquidado origen: 1 | Credito abonado origen: 8300 | Fecha limite origen: 2026-04-16 | Dias restantes origen: 15 | Status origen: 1,,2026-04-01 19:18:44,,,,0,0,8300,[],,0
1643,branch:default,85,EFECTIVO,MENUDEO,2000,0,2000,JESUS MARIA,Usuario origen: ALONDRA26 | Liquidado origen: 1 | Credito abonado origen: 2000 | Fecha limite origen: 2026-05-01 | Dias restantes origen: 30 | Status origen: 1,,2026-04-01 20:15:53,,,,0,0,2000,[],,0
1644,branch:default,5,EFECTIVO,MENUDEO,12300,0,12300,CEN COMER,Usuario origen: ALONDRA26 | Liquidado origen: 1 | Credito abonado origen: 12300 | Fecha limite origen: 2026-04-16 | Dias restantes origen: 15 | Status origen: 1,,2026-04-01 21:57:37,,,,0,0,12300,[],,0
1645,branch:default,87,EFECTIVO,MENUDEO,8300,0,8300,JESUS MARIA,Usuario origen: ALONDRA26 | Liquidado origen: 1 | Credito abonado origen: 8300 | Fecha limite origen: 2026-05-06 | Dias restantes origen: 30 | Status origen: 1,,2026-04-06 14:20:50,,,,0,0,8300,[],,0
1646,branch:default,87,EFECTIVO,MENUDEO,3700,0,3700,JESUS MARIA,Usuario origen: ALONDRA26 | Liquidado origen: 1 | Credito abonado origen: 3700 | Fecha limite origen: 2026-05-06 | Dias restantes origen: 30 | Status origen: 1,,2026-04-06 14:21:42,,,,0,0,3700,[],,0
1647,branch:default,19,EFECTIVO,MENUDEO,118,0,118,JESUS MARIA,Usuario origen: ALONDRA26 | Liquidado origen: 1 | Credito abonado origen: 118 | Fecha limite origen: 2026-04-21 | Dias restantes origen: 15 | Status origen: 1,,2026-04-06 14:45:23,,,,0,0,118,[],,0
1648,branch:default,85,EFECTIVO,MENUDEO,3080,0,3080,JESUS MARIA,Usuario origen: ALONDRA26 | Liquidado origen: 1 | Credito abonado origen: 3080 | Fecha limite origen: 2026-05-06 | Dias restantes origen: 30 | Status origen: 1,,2026-04-06 15:21:22,,,,0,0,3080,[],,0
1649,branch:default,21,EFECTIVO,MENUDEO,4700,0,4700,JESUS MARIA,Usuario origen: ALONDRA26 | Liquidado origen: 1 | Credito abonado origen: 4700 | Fecha limite origen: 2026-04-21 | Dias restantes origen: 15 | Status origen: 1,,2026-04-06 16:52:24,,,,0,0,4700,[],,0
1650,branch:default,64,EFECTIVO,MENUDEO,25577.5,0,25577.5,SAN JOSE DE LA PAZ,Usuario origen: ALONDRA26 | Liquidado origen: 1 | Credito abonado origen: 25577.5 | Fecha limite origen: 2026-05-06 | Dias restantes origen: 30 | Status origen: 1,,2026-04-06 17:43:33,,,,0,0,25577.5,[],,0
1651,branch:default,71,EFECTIVO,MENUDEO,8500,0,8500,ROSALES,Usuario origen: ALONDRA26 | Liquidado origen: 1 | Credito abonado origen: 8500 | Fecha limite origen: 2026-04-06 | Dias restantes origen: 0 | Status origen: 1,,2026-04-06 20:32:52,,,,0,0,8500,[],,0
1652,branch:default,71,EFECTIVO,MENUDEO,3800,0,3800,ROSALES,Usuario origen: ALONDRA26 | Liquidado origen: 1 | Credito abonado origen: 3800 | Fecha limite origen: 2026-04-06 | Dias restantes origen: 0 | Status origen: 1,,2026-04-06 20:40:19,,,,0,0,3800,[],,0
1653,branch:default,85,EFECTIVO,MENUDEO,3360,0,3360,JESUS MARIA,Usuario origen: ALONDRA26 | Liquidado origen: 1 | Credito abonado origen: 3360 | Fecha limite origen: 2026-05-06 | Dias restantes origen: 30 | Status origen: 1,,2026-04-06 22:35:37,,,,0,0,3360,[],,0
1654,branch:default,5,EFECTIVO,MENUDEO,4650,0,4650,CEN COMER,Usuario origen: ALONDRA26 | Liquidado origen: 1 | Credito abonado origen: 4650 | Fecha limite origen: 2026-04-21 | Dias restantes origen: 15 | Status origen: 1,,2026-04-06 22:40:43,,,,0,0,4650,[],,0
1655,branch:default,65,EFECTIVO,MENUDEO,11400,0,11400,SAN RAFAEL,Usuario origen: ALONDRA26 | Liquidado origen: 1 | Credito abonado origen: 11400 | Fecha limite origen: 2026-05-07 | Dias restantes origen: 30 | Status origen: 1,,2026-04-07 14:53:57,,,,0,0,11400,[],,0
1656,branch:default,65,EFECTIVO,MENUDEO,8000,0,8000,SAN RAFAEL,Usuario origen: ALONDRA26 | Liquidado origen: 1 | Credito abonado origen: 8000 | Fecha limite origen: 2026-05-07 | Dias restantes origen: 30 | Status origen: 1,,2026-04-07 15:55:59,,,,0,0,8000,[],,0
1657,branch:default,12,EFECTIVO,MENUDEO,705,0,705,JESUS MARIA,Usuario origen: ALONDRA26 | Liquidado origen: 1 | Credito abonado origen: 705 | Fecha limite origen: 2026-05-07 | Dias restantes origen: 30 | Status origen: 1,,2026-04-07 16:17:58,,,,0,0,705,[],,0
1658,branch:default,2,EFECTIVO,MENUDEO,31,0,31,JESUS MARIA,Usuario origen: ALONDRA26 | Liquidado origen: 1 | Credito abonado origen: 31 | Dias restantes origen: 0 | Status origen: 1,,2026-04-07 17:33:46,,,,0,0,31,[],,0
1659,branch:default,21,EFECTIVO,MENUDEO,1988,0,1988,JESUS MARIA,Usuario origen: ALONDRA26 | Liquidado origen: 1 | Credito abonado origen: 1988 | Fecha limite origen: 2026-04-22 | Dias restantes origen: 15 | Status origen: 1,,2026-04-07 17:39:08,,,,0,0,1988,[],,0
1660,branch:default,85,EFECTIVO,MENUDEO,1900,0,1900,JESUS MARIA,Usuario origen: ALONDRA26 | Liquidado origen: 1 | Credito abonado origen: 1900 | Fecha limite origen: 2026-05-07 | Dias restantes origen: 30 | Status origen: 1,,2026-04-07 19:23:17,,,,0,0,1900,[],,0
1661,branch:default,2,EFECTIVO,MENUDEO,950,0,950,JESUS MARIA,Usuario origen: Administrador | Liquidado origen: 1 | Credito abonado origen: 950 | Fecha limite origen: 2026-04-07 | Dias restantes origen: 0 | Status origen: 1,,2026-04-07 19:44:14,,,,0,0,950,[],,0
1662,branch:default,85,EFECTIVO,MENUDEO,2000,0,2000,JESUS MARIA,Usuario origen: ALONDRA26 | Liquidado origen: 1 | Credito abonado origen: 2000 | Fecha limite origen: 2026-05-07 | Dias restantes origen: 30 | Status origen: 1,,2026-04-07 20:39:53,,,,0,0,2000,[],,0
1663,branch:default,85,EFECTIVO,MENUDEO,2180,0,2180,JESUS MARIA,Usuario origen: ALONDRA26 | Liquidado origen: 1 | Credito abonado origen: 2180 | Fecha limite origen: 2026-05-07 | Dias restantes origen: 30 | Status origen: 1,,2026-04-07 22:07:25,,,,0,0,2180,[],,0
1664,branch:default,2,EFECTIVO,MENUDEO,53,0,53,JESUS MARIA,Usuario origen: ALONDRA26 | Liquidado origen: 1 | Credito abonado origen: 53 | Dias restantes origen: 0 | Status origen: 1,,2026-04-07 22:39:11,,,,0,0,53,[],,0
1665,branch:default,2,EFECTIVO,MENUDEO,168,0,168,JESUS MARIA,Usuario origen: ALONDRA26 | Liquidado origen: 1 | Credito abonado origen: 168 | Dias restantes origen: 0 | Status origen: 1,,2026-04-07 23:45:13,,,,0,0,168,[],,0
1666,branch:default,2,EFECTIVO,MENUDEO,139,0,139,JESUS MARIA,Usuario origen: ALONDRA26 | Liquidado origen: 1 | Credito abonado origen: 139 | Dias restantes origen: 0 | Status origen: 1,,2026-04-08 13:19:34,,,,0,0,139,[],,0
1667,branch:default,2,EFECTIVO,MENUDEO,388,0,388,JESUS MARIA,Usuario origen: ALONDRA26 | Liquidado origen: 1 | Credito abonado origen: 388 | Dias restantes origen: 0 | Status origen: 1,,2026-04-08 13:50:26,,,,0,0,388,[],,0
1668,branch:default,2,EFECTIVO,MENUDEO,245,0,245,JESUS MARIA,Usuario origen: ALONDRA26 | Liquidado origen: 1 | Credito abonado origen: 245 | Dias restantes origen: 0 | Status origen: 1,,2026-04-08 15:00:15,,,,0,0,245,[],,0
1669,branch:default,84,EFECTIVO,MENUDEO,7420,0,7420,JESUS MARIA,Usuario origen: ALONDRA26 | Liquidado origen: 1 | Credito abonado origen: 7420 | Fecha limite origen: 2026-04-08 | Dias restantes origen: 0 | Status origen: 1,,2026-04-08 15:08:06,,,,0,0,7420,[],,0
1670,branch:default,12,EFECTIVO,MENUDEO,472,0,472,JESUS MARIA,Usuario origen: ALONDRA26 | Liquidado origen: 1 | Credito abonado origen: 472 | Fecha limite origen: 2026-05-08 | Dias restantes origen: 30 | Status origen: 1,,2026-04-08 16:51:56,,,,0,0,472,[],,0
1671,branch:default,2,EFECTIVO,MENUDEO,2508,0,2508,JESUS MARIA,Usuario origen: ALONDRA26 | Liquidado origen: 1 | Credito abonado origen: 2508 | Fecha limite origen: 2026-04-08 | Dias restantes origen: 0 | Status origen: 1,,2026-04-08 18:28:44,,,,0,0,2508,[],,0
1672,branch:default,53,EFECTIVO,MENUDEO,890,0,890,EDIFICIO LIBORIO,Usuario origen: ALONDRA26 | Liquidado origen: 1 | Credito abonado origen: 890 | Fecha limite origen: 2026-05-08 | Dias restantes origen: 30 | Status origen: 1,,2026-04-08 20:21:35,,,,0,0,890,[],,0
1673,branch:default,85,EFECTIVO,MENUDEO,4230,0,4230,JESUS MARIA,Usuario origen: ALONDRA26 | Liquidado origen: 1 | Credito abonado origen: 4230 | Fecha limite origen: 2026-05-08 | Dias restantes origen: 30 | Status origen: 1,,2026-04-08 22:25:33,,,,0,0,4230,[],,0
1674,branch:default,2,EFECTIVO,MENUDEO,4700,0,4700,JESUS MARIA,Usuario origen: ALONDRA26 | Liquidado origen: 1 | Credito abonado origen: 4700 | Fecha limite origen: 2026-04-09 | Dias restantes origen: 0 | Status origen: 1,,2026-04-09 13:20:02,,,,0,0,4700,[],,0
1675,branch:default,56,EFECTIVO,MENUDEO,9400,0,9400,ESCUELA DE LAS POMEZ,Usuario origen: ALONDRA26 | Liquidado origen: 1 | Credito abonado origen: 9400 | Fecha limite origen: 2026-05-09 | Dias restantes origen: 30 | Status origen: 1,,2026-04-09 13:53:15,,,,0,0,9400,[],,0
1676,branch:default,53,EFECTIVO,MENUDEO,5813,0,5813,AGAVINA,Usuario origen: Administrador | Liquidado origen: 1 | Credito abonado origen: 5813 | Fecha limite origen: 2026-05-09 | Dias restantes origen: 30 | Status origen: 1,,2026-04-09 15:40:32,,,,0,0,5813,[],,0
1677,branch:default,44,EFECTIVO,MENUDEO,10135,0,10135,ARANDAS,Usuario origen: ALONDRA26 | Liquidado origen: 1 | Credito abonado origen: 10135 | Fecha limite origen: 2026-05-09 | Dias restantes origen: 30 | Status origen: 1,,2026-04-09 17:33:45,,,,0,0,10135,[],,0
1678,branch:default,5,EFECTIVO,MENUDEO,7850,0,7850,CEN COMER,Usuario origen: ALONDRA26 | Liquidado origen: 1 | Credito abonado origen: 7850 | Fecha limite origen: 2026-04-24 | Dias restantes origen: 15 | Status origen: 1,,2026-04-09 17:35:00,,,,0,0,7850,[],,0
1679,branch:default,74,EFECTIVO,MENUDEO,6600,0,6600,JESUS MARIA,Usuario origen: ALONDRA26 | Liquidado origen: 1 | Credito abonado origen: 6600 | Fecha limite origen: 2026-05-09 | Dias restantes origen: 30 | Status origen: 1,,2026-04-09 20:52:47,,,,0,0,6600,[],,0
1680,branch:default,85,EFECTIVO,MENUDEO,1300,0,1300,JESUS MARIA,Usuario origen: ALONDRA26 | Liquidado origen: 1 | Credito abonado origen: 1300 | Fecha limite origen: 2026-05-09 | Dias restantes origen: 30 | Status origen: 1,,2026-04-09 21:30:39,,,,0,0,1300,[],,0
1681,branch:default,50,EFECTIVO,MENUDEO,3866,0,3866,JESUS MARIA,Usuario origen: ALONDRA26 | Liquidado origen: 1 | Credito abonado origen: 3866 | Fecha limite origen: 2026-05-10 | Dias restantes origen: 30 | Status origen: 1,,2026-04-10 13:32:01,,,,0,0,3866,[],,0
1682,branch:default,74,EFECTIVO,MENUDEO,17000,0,17000,JESUS MARIA,Usuario origen: ALONDRA26 | Liquidado origen: 1 | Credito abonado origen: 17000 | Fecha limite origen: 2026-05-10 | Dias restantes origen: 30 | Status origen: 1,,2026-04-10 14:57:09,,,,0,0,17000,[],,0
1683,branch:default,19,EFECTIVO,MENUDEO,2200,0,2200,BLOQUERA BARAJAS,Usuario origen: ALONDRA26 | Liquidado origen: 1 | Credito abonado origen: 2200 | Fecha limite origen: 2026-04-25 | Dias restantes origen: 15 | Status origen: 1,,2026-04-10 15:09:01,,,,0,0,2200,[],,0
1684,branch:default,46,EFECTIVO,MENUDEO,2200,0,2200,EL RANERO,Usuario origen: ALONDRA26 | Liquidado origen: 1 | Credito abonado origen: 2200 | Fecha limite origen: 2026-05-10 | Dias restantes origen: 30 | Status origen: 1,,2026-04-10 15:16:21,,,,0,0,2200,[],,0
1685,branch:default,73,EFECTIVO,MENUDEO,18500,0,18500,SANTA MARIA DEL VALLE,Usuario origen: ALONDRA26 | Liquidado origen: 1 | Credito abonado origen: 18500 | Fecha limite origen: 2026-05-10 | Dias restantes origen: 30 | Status origen: 1,,2026-04-10 16:04:19,,,,0,0,18500,[],,0
1686,branch:default,78,EFECTIVO,MENUDEO,2620,0,2620,PALETERIA FRENTE A LA PREPA,Usuario origen: ALONDRA26 | Liquidado origen: 1 | Credito abonado origen: 2620 | Fecha limite origen: 2026-05-10 | Dias restantes origen: 30 | Status origen: 1,,2026-04-10 17:11:11,,,,0,0,2620,[],,0
1687,branch:default,2,EFECTIVO,MENUDEO,652,0,652,JESUS MARIA,Usuario origen: ALONDRA26 | Liquidado origen: 1 | Credito abonado origen: 652 | Dias restantes origen: 0 | Status origen: 1,,2026-04-10 17:27:12,,,,0,0,652,[],,0
1688,branch:default,87,EFECTIVO,MENUDEO,6825,0,6825,JESUS MARIA,Usuario origen: ALONDRA26 | Liquidado origen: 1 | Credito abonado origen: 6825 | Fecha limite origen: 2026-05-10 | Dias restantes origen: 30 | Status origen: 1,,2026-04-10 18:41:53,,,,0,0,6825,[],,0
1689,branch:default,85,EFECTIVO,MENUDEO,2200,0,2200,JESUS MARIA,Usuario origen: ALONDRA26 | Liquidado origen: 1 | Credito abonado origen: 2200 | Fecha limite origen: 2026-05-10 | Dias restantes origen: 30 | Status origen: 1,,2026-04-10 20:39:30,,,,0,0,2200,[],,0
1690,branch:default,85,EFECTIVO,MENUDEO,75,0,75,JESUS MARIA,Usuario origen: ALONDRA26 | Liquidado origen: 1 | Credito abonado origen: 75 | Fecha limite origen: 2026-05-10 | Dias restantes origen: 30 | Status origen: 1,,2026-04-10 21:24:40,,,,0,0,75,[],,0
1691,branch:default,88,EFECTIVO,MENUDEO,2992,0,2992,ROBLE,Usuario origen: ALONDRA26 | Liquidado origen: 1 | Credito abonado origen: 2992 | Fecha limite origen: 2026-04-26 | Dias restantes origen: 15 | Status origen: 1,,2026-04-11 13:29:46,,,,0,0,2992,[],,0
1692,branch:default,2,EFECTIVO,MENUDEO,100,0,100,JESUS MARIA,Usuario origen: ALONDRA26 | Liquidado origen: 1 | Credito abonado origen: 100 | Dias restantes origen: 0 | Status origen: 1,,2026-04-11 13:42:01,,,,0,0,100,[],,0
1693,branch:default,46,EFECTIVO,MENUDEO,2200,0,2200,RANERO,Usuario origen: ALONDRA26 | Liquidado origen: 1 | Credito abonado origen: 2200 | Fecha limite origen: 2026-05-11 | Dias restantes origen: 30 | Status origen: 1,,2026-04-11 13:57:50,,,,0,0,2200,[],,0
1694,branch:default,85,EFECTIVO,MENUDEO,4260,0,4260,ROBLE,Usuario origen: ALONDRA26 | Liquidado origen: 1 | Credito abonado origen: 4260 | Fecha limite origen: 2026-05-11 | Dias restantes origen: 30 | Status origen: 1,,2026-04-11 14:02:08,,,,0,0,4260,[],,0
1695,branch:default,53,EFECTIVO,MENUDEO,8100,0,8100,AGAVINA,Usuario origen: ALONDRA26 | Liquidado origen: 1 | Credito abonado origen: 8100 | Fecha limite origen: 2026-05-11 | Dias restantes origen: 30 | Status origen: 1,,2026-04-11 15:39:12,,,,0,0,8100,[],,0
1696,branch:default,2,EFECTIVO,MENUDEO,52,0,52,JESUS MARIA,Usuario origen: ALONDRA26 | Liquidado origen: 1 | Credito abonado origen: 52 | Dias restantes origen: 0 | Status origen: 1,,2026-04-11 16:01:01,,,,0,0,52,[],,0
1697,branch:default,73,EFECTIVO,MENUDEO,3700,0,3700,CASA DE LA KEBRADORA,Usuario origen: ALONDRA26 | Liquidado origen: 1 | Credito abonado origen: 3700 | Fecha limite origen: 2026-05-11 | Dias restantes origen: 30 | Status origen: 1,,2026-04-11 16:50:36,,,,0,0,3700,[],,0
1698,branch:default,92,EFECTIVO,MENUDEO,2900,0,2900,FRACCIONAMIENTO DEL VAQUILLO,Usuario origen: ALONDRA26 | Liquidado origen: 1 | Credito abonado origen: 2900 | Fecha limite origen: 2026-05-11 | Dias restantes origen: 30 | Status origen: 1,,2026-04-11 17:08:03,,,,0,0,2900,[],,0
1699,branch:default,21,EFECTIVO,MENUDEO,2810,0,2810,JESUS MARIA,Usuario origen: ALONDRA26 | Liquidado origen: 1 | Credito abonado origen: 2810 | Fecha limite origen: 2026-04-26 | Dias restantes origen: 15 | Status origen: 1,,2026-04-11 17:17:01,,,,0,0,2810,[],,0
1700,branch:default,5,EFECTIVO,MENUDEO,3450,0,3450,CEN COMER,Usuario origen: ALONDRA26 | Liquidado origen: 1 | Credito abonado origen: 3450 | Fecha limite origen: 2026-04-26 | Dias restantes origen: 15 | Status origen: 1,,2026-04-11 17:50:04,,,,0,0,3450,[],,0
1701,branch:default,71,EFECTIVO,MENUDEO,9400,0,9400,ROSALES,Usuario origen: ALONDRA26 | Liquidado origen: 1 | Credito abonado origen: 9400 | Fecha limite origen: 2026-04-11 | Dias restantes origen: 0 | Status origen: 1,,2026-04-11 18:03:34,,,,0,0,9400,[],,0
1702,branch:default,73,EFECTIVO,MENUDEO,14800,0,14800,CASA DE LA KEBRADORA,Usuario origen: ALONDRA26 | Liquidado origen: 1 | Credito abonado origen: 14800 | Fecha limite origen: 2026-05-11 | Dias restantes origen: 30 | Status origen: 1,,2026-04-11 18:14:30,,,,0,0,14800,[],,0
1703,branch:default,9,EFECTIVO,MENUDEO,445,0,445,JESUS MARIA,Usuario origen: ALONDRA26 | Liquidado origen: 1 | Credito abonado origen: 445 | Fecha limite origen: 2026-04-26 | Dias restantes origen: 15 | Status origen: 1,,2026-04-11 20:31:02,,,,0,0,445,[],,0
1704,branch:default,21,EFECTIVO,MENUDEO,666,0,666,JESUS MARIA,Usuario origen: ALONDRA26 | Liquidado origen: 1 | Credito abonado origen: 666 | Fecha limite origen: 2026-04-28 | Dias restantes origen: 15 | Status origen: 1,,2026-04-13 14:26:03,,,,0,0,666,[],,0
1705,branch:default,18,EFECTIVO,MENUDEO,9599,0,9599,CRUCERO POMEZ,Usuario origen: ALONDRA26 | Liquidado origen: 1 | Credito abonado origen: 9599 | Fecha limite origen: 2026-04-28 | Dias restantes origen: 15 | Status origen: 1,,2026-04-13 14:41:17,,,,0,0,9599,[],,0
1706,branch:default,5,EFECTIVO,MENUDEO,6900,0,6900,CEN COMER,Usuario origen: ALONDRA26 | Liquidado origen: 1 | Credito abonado origen: 6900 | Fecha limite origen: 2026-04-28 | Dias restantes origen: 15 | Status origen: 1,,2026-04-13 14:47:21,,,,0,0,6900,[],,0
1707,branch:default,80,EFECTIVO,MENUDEO,1180,0,1180,CALLE GUANAJUATO #92,Usuario origen: ALONDRA26 | Liquidado origen: 1 | Credito abonado origen: 1180 | Fecha limite origen: 2026-04-28 | Dias restantes origen: 15 | Status origen: 1,,2026-04-13 14:48:56,,,,0,0,1180,[],,0
1708,branch:default,18,EFECTIVO,MENUDEO,7420,0,7420,CRUCERO POMEZ,Usuario origen: ALONDRA26 | Liquidado origen: 1 | Credito abonado origen: 7420 | Fecha limite origen: 2026-04-28 | Dias restantes origen: 15 | Status origen: 1,,2026-04-13 14:50:19,,,,0,0,7420,[],,0
1709,branch:default,65,EFECTIVO,MENUDEO,2000,0,2000,SAN RAFAEL,Usuario origen: ALONDRA26 | Liquidado origen: 1 | Credito abonado origen: 2000 | Fecha limite origen: 2026-05-13 | Dias restantes origen: 30 | Status origen: 1,,2026-04-13 14:52:16,,,,0,0,2000,[],,0
1710,branch:default,46,EFECTIVO,MENUDEO,2900,0,2900,JESUS MARIA,Usuario origen: ALONDRA26 | Liquidado origen: 1 | Credito abonado origen: 2900 | Fecha limite origen: 2026-05-13 | Dias restantes origen: 30 | Status origen: 1,,2026-04-13 15:08:47,,,,0,0,2900,[],,0
1711,branch:default,65,EFECTIVO,MENUDEO,2000,0,2000,SAN RAFAEL,Usuario origen: ALONDRA26 | Liquidado origen: 1 | Credito abonado origen: 2000 | Fecha limite origen: 2026-05-13 | Dias restantes origen: 30 | Status origen: 1,,2026-04-13 15:25:44,,,,0,0,2000,[],,0
1712,branch:default,85,EFECTIVO,MENUDEO,1420,0,1420,JESUS MARIA,Usuario origen: ALONDRA26 | Liquidado origen: 1 | Credito abonado origen: 1420 | Fecha limite origen: 2026-05-13 | Dias restantes origen: 30 | Status origen: 1,,2026-04-13 16:01:21,,,,0,0,1420,[],,0
1713,branch:default,78,EFECTIVO,MENUDEO,4000,0,4000,JESUS MARIA,Usuario origen: ALONDRA26 | Liquidado origen: 1 | Credito abonado origen: 4000 | Fecha limite origen: 2026-05-13 | Dias restantes origen: 30 | Status origen: 1,,2026-04-13 16:15:19,,,,0,0,4000,[],,0
1714,branch:default,53,EFECTIVO,MENUDEO,5600,0,5600,LOCALES NISLA,Usuario origen: ALONDRA26 | Liquidado origen: 1 | Credito abonado origen: 5600 | Fecha limite origen: 2026-05-13 | Dias restantes origen: 30 | Status origen: 1,,2026-04-13 18:39:10,,,,0,0,5600,[],,0
1715,branch:default,74,EFECTIVO,MENUDEO,17000,0,17000,JESUS MARIA,Usuario origen: ALONDRA26 | Liquidado origen: 1 | Credito abonado origen: 17000 | Fecha limite origen: 2026-05-13 | Dias restantes origen: 30 | Status origen: 1,,2026-04-13 18:41:35,,,,0,0,17000,[],,0
1716,branch:default,85,EFECTIVO,MENUDEO,3510,0,3510,ROBLE,Usuario origen: ALONDRA26 | Liquidado origen: 1 | Credito abonado origen: 3510 | Fecha limite origen: 2026-05-13 | Dias restantes origen: 30 | Status origen: 1,,2026-04-13 18:55:42,,,,0,0,3510,[],,0
1717,branch:default,53,EFECTIVO,MENUDEO,4500,0,4500,LOCALES NISLA,Usuario origen: ALONDRA26 | Liquidado origen: 1 | Credito abonado origen: 4500 | Fecha limite origen: 2026-05-13 | Dias restantes origen: 30 | Status origen: 1,,2026-04-13 19:51:17,,,,0,0,4500,[],,0
1718,branch:default,88,EFECTIVO,MENUDEO,5122,0,5122,JESUS MARIA,Usuario origen: ALONDRA26 | Liquidado origen: 1 | Credito abonado origen: 5122 | Fecha limite origen: 2026-04-28 | Dias restantes origen: 15 | Status origen: 1,,2026-04-13 19:53:37,,,,0,0,5122,[],,0
1719,branch:default,88,EFECTIVO,MENUDEO,472,0,472,EL ROBLE,Usuario origen: ALONDRA26 | Liquidado origen: 1 | Credito abonado origen: 472 | Fecha limite origen: 2026-04-28 | Dias restantes origen: 15 | Status origen: 1,,2026-04-13 21:43:05,,,,0,0,472,[],,0
1720,branch:default,2,EFECTIVO,MENUDEO,3,0,3,JESUS MARIA,Usuario origen: ALONDRA26 | Liquidado origen: 1 | Credito abonado origen: 3 | Dias restantes origen: 0 | Status origen: 1,,2026-04-13 21:55:53,,,,0,0,3,[],,0
1721,branch:default,21,EFECTIVO,MENUDEO,1525,0,1525,JESUS MARIA,Usuario origen: ALONDRA26 | Liquidado origen: 1 | Credito abonado origen: 1525 | Fecha limite origen: 2026-04-29 | Dias restantes origen: 15 | Status origen: 1,,2026-04-14 13:15:06,,,,0,0,1525,[],,0
1722,branch:default,2,EFECTIVO,MENUDEO,1900,0,1900,JESUS MARIA,Usuario origen: ALONDRA26 | Liquidado origen: 1 | Credito abonado origen: 1900 | Fecha limite origen: 2026-04-14 | Dias restantes origen: 0 | Status origen: 1,,2026-04-14 15:35:56,,,,0,0,1900,[],,0
1723,branch:default,85,EFECTIVO,MENUDEO,3080,0,3080,JESUS MARIA,Usuario origen: ALONDRA26 | Liquidado origen: 1 | Credito abonado origen: 3080 | Fecha limite origen: 2026-05-14 | Dias restantes origen: 30 | Status origen: 1,,2026-04-14 18:06:24,,,,0,0,3080,[],,0
1724,branch:default,2,EFECTIVO,MENUDEO,181,0,181,JESUS MARIA,Usuario origen: ALONDRA26 | Liquidado origen: 1 | Credito abonado origen: 181 | Dias restantes origen: 0 | Status origen: 1,,2026-04-14 20:52:35,,,,0,0,181,[],,0
1725,branch:default,74,EFECTIVO,MENUDEO,17000,0,17000,JESUS MARIA,Usuario origen: ALONDRA26 | Liquidado origen: 1 | Credito abonado origen: 17000 | Fecha limite origen: 2026-05-14 | Dias restantes origen: 30 | Status origen: 1,,2026-04-14 21:11:32,,,,0,0,17000,[],,0
1726,branch:default,2,EFECTIVO,MENUDEO,2850,0,2850,JESUS MARIA,Usuario origen: ALONDRA26 | Liquidado origen: 1 | Credito abonado origen: 2850 | Fecha limite origen: 2026-04-14 | Dias restantes origen: 0 | Status origen: 1,,2026-04-14 23:47:27,,,,0,0,2850,[],,0
1727,branch:default,35,EFECTIVO,MENUDEO,4700,0,4700,JESUS MARIA,Usuario origen: ALONDRA26 | Liquidado origen: 1 | Credito abonado origen: 4700 | Fecha limite origen: 2026-05-15 | Dias restantes origen: 30 | Status origen: 1,,2026-04-15 14:18:21,,,,0,0,4700,[],,0
1728,branch:default,84,EFECTIVO,MENUDEO,6150,0,6150,LAS CRUCES,Usuario origen: ALONDRA26 | Liquidado origen: 1 | Credito abonado origen: 6150 | Fecha limite origen: 2026-04-15 | Dias restantes origen: 0 | Status origen: 1,,2026-04-15 15:33:06,,,,0,0,6150,[],,0
1729,branch:default,53,EFECTIVO,MENUDEO,8771,0,8771,HERRADURA 4 Y 5,Usuario origen: ALONDRA26 | Liquidado origen: 1 | Credito abonado origen: 8771 | Fecha limite origen: 2026-05-15 | Dias restantes origen: 30 | Status origen: 1,,2026-04-15 15:49:47,,,,0,0,8771,[],,0
1730,branch:default,87,EFECTIVO,MENUDEO,843,0,843,JESUS MARIA,Usuario origen: ALONDRA26 | Liquidado origen: 1 | Credito abonado origen: 843 | Fecha limite origen: 2026-05-15 | Dias restantes origen: 30 | Status origen: 1,,2026-04-15 17:17:37,,,,0,0,843,[],,0
1731,branch:default,73,EFECTIVO,MENUDEO,19000,0,19000,SANTA MARIA DEL VALLE,Usuario origen: ALONDRA26 | Liquidado origen: 1 | Credito abonado origen: 19000 | Fecha limite origen: 2026-05-15 | Dias restantes origen: 30 | Status origen: 1,,2026-04-15 17:25:29,,,,0,0,19000,[],,0
1732,branch:default,73,EFECTIVO,MENUDEO,18500,0,18500,CASA DE LA KEBRADORA,Usuario origen: ALONDRA26 | Liquidado origen: 1 | Credito abonado origen: 18500 | Fecha limite origen: 2026-05-15 | Dias restantes origen: 30 | Status origen: 1,,2026-04-15 17:27:48,,,,0,0,18500,[],,0
1733,branch:default,67,EFECTIVO,MENUDEO,1950,0,1950,JESUS MARIA,Usuario origen: ALONDRA26 | Liquidado origen: 1 | Credito abonado origen: 1950 | Fecha limite origen: 2026-04-30 | Dias restantes origen: 15 | Status origen: 1,,2026-04-15 17:35:16,,,,0,0,1950,[],,0
1734,branch:default,2,EFECTIVO,MENUDEO,1072,0,1072,PANTEON,Usuario origen: ALONDRA26 | Liquidado origen: 1 | Credito abonado origen: 1072 | Fecha limite origen: 2026-04-15 | Dias restantes origen: 0 | Status origen: 1,,2026-04-15 18:15:41,,,,0,0,1072,[],,0
1735,branch:default,5,EFECTIVO,MENUDEO,9130,0,9130,CEN COMER,Usuario origen: ALONDRA26 | Liquidado origen: 1 | Credito abonado origen: 9130 | Fecha limite origen: 2026-04-30 | Dias restantes origen: 15 | Status origen: 1,,2026-04-15 18:18:58,,,,0,0,9130,[],,0
1736,branch:default,2,EFECTIVO,MENUDEO,2850,0,2850,JESUS MARIA,Usuario origen: ALONDRA26 | Liquidado origen: 1 | Credito abonado origen: 2850 | Fecha limite origen: 2026-04-15 | Dias restantes origen: 0 | Status origen: 1,,2026-04-15 19:03:28,,,,0,0,2850,[],,0
1737,branch:default,2,EFECTIVO,MENUDEO,570,0,570,JESUS MARIA,Usuario origen: ALONDRA26 | Liquidado origen: 1 | Credito abonado origen: 570 | Fecha limite origen: 2026-04-15 | Dias restantes origen: 0 | Status origen: 1,,2026-04-15 20:21:08,,,,0,0,570,[],,0
1738,branch:default,78,EFECTIVO,MENUDEO,900,0,900,JESUS MARIA,Usuario origen: ALONDRA26 | Liquidado origen: 1 | Credito abonado origen: 900 | Fecha limite origen: 2026-05-15 | Dias restantes origen: 30 | Status origen: 1,,2026-04-15 21:34:40,,,,0,0,900,[],,0
1739,branch:default,19,CREDITO,MENUDEO,7388.2,0,7388.2,BLOQUERA BARAJAS,Usuario origen: ALONDRA26 | Liquidado origen: 0 | Credito abonado origen: 0 | Fecha limite origen: 2026-04-30 | Dias restantes origen: 15 | Status origen: 0,,2026-04-15 21:40:29,,,,0,7388.2,0,[],,0
1740,branch:default,19,EFECTIVO,MENUDEO,5485.8,0,5485.8,BLOQUERA BARAJAS,Usuario origen: ALONDRA26 | Liquidado origen: 1 | Credito abonado origen: 5485.8 | Fecha limite origen: 2026-04-30 | Dias restantes origen: 15 | Status origen: 1,,2026-04-15 21:45:13,,,,0,0,5485.8,[],,0
1741,branch:default,2,EFECTIVO,MAYOREO,10000,0,10000,JESUS MARIA,Usuario origen: ALONDRA26 | Liquidado origen: 1 | Credito abonado origen: 10000 | Fecha limite origen: 2026-04-15 | Dias restantes origen: 0 | Status origen: 1,,2026-04-15 23:25:51,,,,0,0,10000,[],,0
1742,branch:default,52,EFECTIVO,MENUDEO,7245,0,7245,JESUS MARIA,Usuario origen: ALONDRA26 | Liquidado origen: 1 | Credito abonado origen: 7245 | Fecha limite origen: 2026-05-16 | Dias restantes origen: 30 | Status origen: 1,,2026-04-16 13:43:29,,,,0,0,7245,[],,0
1743,branch:default,52,EFECTIVO,MENUDEO,4950,0,4950,JESUS MARIA,Usuario origen: ALONDRA26 | Liquidado origen: 1 | Credito abonado origen: 4950 | Fecha limite origen: 2026-05-16 | Dias restantes origen: 30 | Status origen: 1,,2026-04-16 13:44:16,,,,0,0,4950,[],,0
1744,branch:default,49,EFECTIVO,MENUDEO,1950,0,1950,JESUS MARIA,Usuario origen: ALONDRA26 | Liquidado origen: 1 | Credito abonado origen: 1950 | Fecha limite origen: 2026-05-01 | Dias restantes origen: 15 | Status origen: 1,,2026-04-16 13:44:54,,,,0,0,1950,[],,0
1745,branch:default,46,EFECTIVO,MENUDEO,2900,0,2900,EL RANERO,Usuario origen: ALONDRA26 | Liquidado origen: 1 | Credito abonado origen: 2900 | Fecha limite origen: 2026-05-16 | Dias restantes origen: 30 | Status origen: 1,,2026-04-16 13:48:43,,,,0,0,2900,[],,0
1746,branch:default,78,EFECTIVO,MENUDEO,4200,0,4200,PALETERIA FRENTE A LA PREPA,Usuario origen: ALONDRA26 | Liquidado origen: 1 | Credito abonado origen: 4200 | Fecha limite origen: 2026-05-16 | Dias restantes origen: 30 | Status origen: 1,,2026-04-16 13:49:48,,,,0,0,4200,[],,0
1747,branch:default,53,EFECTIVO,MENUDEO,3600,0,3600,AGAVINA,Usuario origen: ALONDRA26 | Liquidado origen: 1 | Credito abonado origen: 3600 | Fecha limite origen: 2026-05-16 | Dias restantes origen: 30 | Status origen: 1,,2026-04-16 13:55:17,,,,0,0,3600,[],,0
1748,branch:default,74,EFECTIVO,MENUDEO,6600,0,6600,JESUS MARIA,Usuario origen: ALONDRA26 | Liquidado origen: 1 | Credito abonado origen: 6600 | Fecha limite origen: 2026-05-16 | Dias restantes origen: 30 | Status origen: 1,,2026-04-16 13:58:24,,,,0,0,6600,[],,0
1749,branch:default,53,EFECTIVO,MENUDEO,5600,0,5600,LOCALES NISLA,Usuario origen: ALONDRA26 | Liquidado origen: 1 | Credito abonado origen: 5600 | Fecha limite origen: 2026-05-16 | Dias restantes origen: 30 | Status origen: 1,,2026-04-16 14:00:36,,,,0,0,5600,[],,0
1750,branch:default,53,EFECTIVO,MENUDEO,8350,0,8350,LOCALES NISLA,Usuario origen: ALONDRA26 | Liquidado origen: 1 | Credito abonado origen: 8350 | Fecha limite origen: 2026-05-16 | Dias restantes origen: 30 | Status origen: 1,,2026-04-16 14:06:54,,,,0,0,8350,[],,0
1751,branch:default,54,CREDITO,MENUDEO,2940,0,2940,CASA DE LA KEBRADORA,Usuario origen: ALONDRA26 | Liquidado origen: 0 | Credito abonado origen: 0 | Fecha limite origen: 2026-05-01 | Dias restantes origen: 15 | Status origen: 1,,2026-04-16 14:11:02,,,,0,2940,0,[],,0
1752,branch:default,73,EFECTIVO,MENUDEO,1470,0,1470,CASA DE LA KEBRADORA,Usuario origen: ALONDRA26 | Liquidado origen: 1 | Credito abonado origen: 1470 | Fecha limite origen: 2026-05-16 | Dias restantes origen: 30 | Status origen: 1,,2026-04-16 14:49:19,,,,0,0,1470,[],,0
1753,branch:default,19,EFECTIVO,MENUDEO,9326,0,9326,BLOQUERA BARAJAS,Usuario origen: ALONDRA26 | Liquidado origen: 1 | Credito abonado origen: 9326 | Fecha limite origen: 2026-05-01 | Dias restantes origen: 15 | Status origen: 1,,2026-04-16 15:05:10,,,,0,0,9326,[],,0
1754,branch:default,74,EFECTIVO,MENUDEO,17000,0,17000,JESUS MARIA,Usuario origen: ALONDRA26 | Liquidado origen: 1 | Credito abonado origen: 17000 | Fecha limite origen: 2026-05-16 | Dias restantes origen: 30 | Status origen: 1,,2026-04-16 17:09:21,,,,0,0,17000,[],,0
1755,branch:default,89,EFECTIVO,MENUDEO,354,0,354,JESUS MARIA,Usuario origen: ALONDRA26 | Liquidado origen: 1 | Credito abonado origen: 354 | Fecha limite origen: 2026-05-16 | Dias restantes origen: 30 | Status origen: 1,,2026-04-16 17:54:36,,,,0,0,354,[],,0
1756,branch:default,74,EFECTIVO,MENUDEO,13200,0,13200,JESUS MARIA,Usuario origen: ALONDRA26 | Liquidado origen: 1 | Credito abonado origen: 13200 | Fecha limite origen: 2026-05-16 | Dias restantes origen: 30 | Status origen: 1,,2026-04-16 19:30:26,,,,0,0,13200,[],,0
1757,branch:default,93,EFECTIVO,MENUDEO,5300,0,5300,JESUS MARIA,Usuario origen: ALONDRA26 | Liquidado origen: 1 | Credito abonado origen: 5300 | Fecha limite origen: 2026-05-16 | Dias restantes origen: 30 | Status origen: 1,,2026-04-16 22:03:45,,,,0,0,5300,[],,0
1758,branch:default,2,EFECTIVO,MENUDEO,2850,0,2850,JESUS MARIA,Usuario origen: ALONDRA26 | Liquidado origen: 1 | Credito abonado origen: 2850 | Fecha limite origen: 2026-04-16 | Dias restantes origen: 0 | Status origen: 1,,2026-04-16 23:40:18,,,,0,0,2850,[],,0
1759,branch:default,56,EFECTIVO,MENUDEO,9300,0,9300,ESCUELA DE LAS POMEZ,Usuario origen: ALONDRA26 | Liquidado origen: 1 | Credito abonado origen: 9300 | Fecha limite origen: 2026-05-17 | Dias restantes origen: 30 | Status origen: 1,,2026-04-17 13:48:17,,,,0,0,9300,[],,0
1760,branch:default,46,EFECTIVO,MENUDEO,236,0,236,JESUS MARIA,Usuario origen: ALONDRA26 | Liquidado origen: 1 | Credito abonado origen: 236 | Fecha limite origen: 2026-05-17 | Dias restantes origen: 30 | Status origen: 1,,2026-04-17 14:59:28,,,,0,0,236,[],,0
1761,branch:default,87,EFECTIVO,MENUDEO,2497,0,2497,JESUS MARIA,Usuario origen: ALONDRA26 | Liquidado origen: 1 | Credito abonado origen: 2497 | Fecha limite origen: 2026-05-17 | Dias restantes origen: 30 | Status origen: 1,,2026-04-17 15:18:51,,,,0,0,2497,[],,0
1762,branch:default,61,EFECTIVO,MENUDEO,354,0,354,FRACCIONAMIENTO DE LUCAS,Usuario origen: ALONDRA26 | Liquidado origen: 1 | Credito abonado origen: 354 | Fecha limite origen: 2026-05-02 | Dias restantes origen: 15 | Status origen: 1,,2026-04-17 15:56:51,,,,0,0,354,[],,0
1763,branch:default,52,EFECTIVO,MENUDEO,4700,0,4700,CASAS GEMEX,Usuario origen: ALONDRA26 | Liquidado origen: 1 | Credito abonado origen: 4700 | Fecha limite origen: 2026-05-17 | Dias restantes origen: 30 | Status origen: 1,,2026-04-17 16:27:27,,,,0,0,4700,[],,0
1764,branch:default,52,EFECTIVO,MENUDEO,3150,0,3150,CASAS GEMEX,Usuario origen: ALONDRA26 | Liquidado origen: 1 | Credito abonado origen: 3150 | Fecha limite origen: 2026-05-17 | Dias restantes origen: 30 | Status origen: 1,,2026-04-17 16:28:05,,,,0,0,3150,[],,0
1765,branch:default,2,EFECTIVO,MENUDEO,475,0,475,JESUS MARIA,Usuario origen: ALONDRA26 | Liquidado origen: 1 | Credito abonado origen: 475 | Dias restantes origen: 0 | Status origen: 1,,2026-04-17 16:34:51,,,,0,0,475,[],,0
1766,branch:default,5,EFECTIVO,MENUDEO,7850,0,7850,CEN COMER,Usuario origen: ALONDRA26 | Liquidado origen: 1 | Credito abonado origen: 7850 | Fecha limite origen: 2026-05-02 | Dias restantes origen: 15 | Status origen: 1,,2026-04-17 17:53:16,,,,0,0,7850,[],,0
1767,branch:default,67,EFECTIVO,MENUDEO,415,0,415,JESUS MARIA,Usuario origen: ALONDRA26 | Liquidado origen: 1 | Credito abonado origen: 415 | Fecha limite origen: 2026-05-02 | Dias restantes origen: 15 | Status origen: 1,,2026-04-17 18:55:04,,,,0,0,415,[],,0
1768,branch:default,85,EFECTIVO,MENUDEO,4260,0,4260,JESUS MARIA,Usuario origen: ALONDRA26 | Liquidado origen: 1 | Credito abonado origen: 4260 | Fecha limite origen: 2026-05-17 | Dias restantes origen: 30 | Status origen: 1,,2026-04-17 20:04:38,,,,0,0,4260,[],,0
1769,branch:default,74,EFECTIVO,MENUDEO,17000,0,17000,JESUS MARIA,Usuario origen: ALONDRA26 | Liquidado origen: 1 | Credito abonado origen: 17000 | Fecha limite origen: 2026-05-17 | Dias restantes origen: 30 | Status origen: 1,,2026-04-17 21:12:30,,,,0,0,17000,[],,0
1770,branch:default,78,CREDITO,MENUDEO,7420,0,7420,JESUS MARIA,Usuario origen: ALONDRA26 | Liquidado origen: 0 | Credito abonado origen: 0 | Fecha limite origen: 2026-05-17 | Dias restantes origen: 30 | Status origen: 0,,2026-04-17 22:07:13,,,,0,7420,0,[],,0
1771,branch:default,78,EFECTIVO,MENUDEO,3700,0,3700,JESUS MARIA,Usuario origen: ALONDRA26 | Liquidado origen: 1 | Credito abonado origen: 3700 | Fecha limite origen: 2026-05-17 | Dias restantes origen: 30 | Status origen: 1,,2026-04-17 22:09:58,,,,0,0,3700,[],,0
1772,branch:default,85,EFECTIVO,MENUDEO,3700,0,3700,ENFRENTE DE LA PALETERIA LA TAPATIA,Usuario origen: ALONDRA26 | Liquidado origen: 1 | Credito abonado origen: 3700 | Fecha limite origen: 2026-05-17 | Dias restantes origen: 30 | Status origen: 1,,2026-04-17 22:35:24,,,,0,0,3700,[],,0
1773,branch:default,52,EFECTIVO,MENUDEO,1800,0,1800,JESUS MARIA,Usuario origen: ALONDRA26 | Liquidado origen: 1 | Credito abonado origen: 1800 | Fecha limite origen: 2026-05-17 | Dias restantes origen: 30 | Status origen: 1,,2026-04-17 23:45:06,,,,0,0,1800,[],,0
1774,branch:default,13,EFECTIVO,MENUDEO,13960,0,13960,CASAS GEMEX,Usuario origen: GRISELDA2026 | Liquidado origen: 1 | Credito abonado origen: 13960 | Fecha limite origen: 2026-05-03 | Dias restantes origen: 15 | Status origen: 1,,2026-04-18 13:48:12,,,,0,0,13960,[],,0
1775,branch:default,67,CREDITO,MENUDEO,1200,0,1200,CALLE SAN PABLO,Usuario origen: GRISELDA2026 | Liquidado origen: 0 | Credito abonado origen: 0 | Fecha limite origen: 2026-05-03 | Dias restantes origen: 15 | Status origen: 0,,2026-04-18 14:48:14,,,,0,1200,0,[],,0
1776,branch:default,67,EFECTIVO,MENUDEO,415,0,415,CALLE SAN PABLO,Usuario origen: GRISELDA2026 | Liquidado origen: 1 | Credito abonado origen: 415 | Fecha limite origen: 2026-05-03 | Dias restantes origen: 15 | Status origen: 1,,2026-04-18 14:49:35,,,,0,0,415,[],,0
1777,branch:default,65,CREDITO,MENUDEO,2931,0,2931,SAN RAFAEL,Usuario origen: GRISELDA2026 | Liquidado origen: 0 | Credito abonado origen: 0 | Fecha limite origen: 2026-05-18 | Dias restantes origen: 30 | Status origen: 0,,2026-04-18 15:44:25,,,,0,2931,0,[],,0
1778,branch:default,50,EFECTIVO,MENUDEO,4410,0,4410,ACUMBARO,Usuario origen: GRISELDA2026 | Liquidado origen: 1 | Credito abonado origen: 4410 | Fecha limite origen: 2026-05-18 | Dias restantes origen: 30 | Status origen: 1,,2026-04-18 16:39:46,,,,0,0,4410,[],,0
1779,branch:default,65,EFECTIVO,MENUDEO,3784,0,3784,SAN RAFAEL,Usuario origen: GRISELDA2026 | Liquidado origen: 1 | Credito abonado origen: 3784 | Fecha limite origen: 2026-05-18 | Dias restantes origen: 30 | Status origen: 1,,2026-04-18 18:48:25,,,,0,0,3784,[],,0
1780,branch:default,65,EFECTIVO,MENUDEO,2993,0,2993,SAN RAFAEL,Usuario origen: GRISELDA2026 | Liquidado origen: 1 | Credito abonado origen: 2993 | Fecha limite origen: 2026-05-18 | Dias restantes origen: 30 | Status origen: 1,,2026-04-18 18:56:41,,,,0,0,2993,[],,0
1781,branch:default,74,EFECTIVO,MENUDEO,6600,0,6600,JESUS MARIA,Usuario origen: GRISELDA2026 | Liquidado origen: 1 | Credito abonado origen: 6600 | Fecha limite origen: 2026-05-18 | Dias restantes origen: 30 | Status origen: 1,,2026-04-18 19:07:34,,,,0,0,6600,[],,0
1782,branch:default,5,EFECTIVO,MENUDEO,3932,0,3932,CEN COMER,Usuario origen: GRISELDA2026 | Liquidado origen: 1 | Credito abonado origen: 3932 | Fecha limite origen: 2026-05-03 | Dias restantes origen: 15 | Status origen: 1,,2026-04-18 19:23:09,,,,0,0,3932,[],,0
1783,branch:default,5,EFECTIVO,MENUDEO,540,0,540,CEN COMER,Usuario origen: GRISELDA2026 | Liquidado origen: 1 | Credito abonado origen: 540 | Fecha limite origen: 2026-05-03 | Dias restantes origen: 15 | Status origen: 1,,2026-04-18 19:25:58,,,,0,0,540,[],,0
1784,branch:default,49,EFECTIVO,MENUDEO,1800,0,1800,DIF,Usuario origen: GRISELDA2026 | Liquidado origen: 1 | Credito abonado origen: 1800 | Fecha limite origen: 2026-05-03 | Dias restantes origen: 15 | Status origen: 1,,2026-04-18 19:29:13,,,,0,0,1800,[],,0
1785,branch:default,46,EFECTIVO,MENUDEO,45,0,45,JESUS MARIA,Usuario origen: ALONDRA26 | Liquidado origen: 1 | Credito abonado origen: 45 | Fecha limite origen: 2026-05-20 | Dias restantes origen: 30 | Status origen: 1,,2026-04-20 14:05:52,,,,0,0,45,[],,0
1786,branch:default,5,EFECTIVO,MENUDEO,3450,0,3450,CEN COMER,Usuario origen: ALONDRA26 | Liquidado origen: 1 | Credito abonado origen: 3450 | Fecha limite origen: 2026-05-05 | Dias restantes origen: 15 | Status origen: 1,,2026-04-20 15:02:10,,,,0,0,3450,[],,0
1787,branch:default,19,EFECTIVO,MENUDEO,5950,0,5950,LA LEONERA,Usuario origen: ALONDRA26 | Liquidado origen: 1 | Credito abonado origen: 5950 | Fecha limite origen: 2026-05-05 | Dias restantes origen: 15 | Status origen: 1,,2026-04-20 15:03:17,,,,0,0,5950,[],,0
1788,branch:default,46,EFECTIVO,MENUDEO,2900,0,2900,EL RANERO,Usuario origen: ALONDRA26 | Liquidado origen: 1 | Credito abonado origen: 2900 | Fecha limite origen: 2026-05-20 | Dias restantes origen: 30 | Status origen: 1,,2026-04-20 15:06:13,,,,0,0,2900,[],,0
1789,branch:default,78,EFECTIVO,MENUDEO,3600,0,3600,PALETERIA LA TAPATIA FRENTE DE LA PREPA,Usuario origen: ALONDRA26 | Liquidado origen: 1 | Credito abonado origen: 3600 | Fecha limite origen: 2026-05-20 | Dias restantes origen: 30 | Status origen: 1,,2026-04-20 15:53:08,,,,0,0,3600,[],,0
1790,branch:default,2,EFECTIVO,MENUDEO,120,0,120,JESUS MARIA,Usuario origen: ALONDRA26 | Liquidado origen: 1 | Credito abonado origen: 120 | Dias restantes origen: 0 | Status origen: 1,,2026-04-20 16:52:11,,,,0,0,120,[],,0
1791,branch:default,85,EFECTIVO,MENUDEO,4400,0,4400,ROBLE,Usuario origen: ALONDRA26 | Liquidado origen: 1 | Credito abonado origen: 4400 | Fecha limite origen: 2026-05-20 | Dias restantes origen: 30 | Status origen: 1,,2026-04-20 17:02:18,,,,0,0,4400,[],,0
1792,branch:default,79,EFECTIVO,MENUDEO,4980,0,4980,ROBLE,Usuario origen: ALONDRA26 | Liquidado origen: 1 | Credito abonado origen: 4980 | Fecha limite origen: 2026-05-20 | Dias restantes origen: 30 | Status origen: 1,,2026-04-20 17:05:11,,,,0,0,4980,[],,0
1793,branch:default,18,CREDITO,MENUDEO,44029,0,44029,JESUS MARIA,Usuario origen: ALONDRA26 | Liquidado origen: 0 | Credito abonado origen: 32346 | Fecha limite origen: 2026-05-05 | Dias restantes origen: 15 | Status origen: 1,,2026-04-20 17:11:43,,,,0,44029,0,[],,0
1794,branch:default,2,EFECTIVO,MENUDEO,4732,0,4732,JESUS MARIA,Usuario origen: ALONDRA26 | Liquidado origen: 1 | Credito abonado origen: 4732 | Dias restantes origen: 0 | Status origen: 1,,2026-04-20 17:37:02,,,,0,0,4732,[],,0
1795,branch:default,18,CREDITO,MENUDEO,4729,0,4729,CRUCERO POMEZ,Usuario origen: ALONDRA26 | Liquidado origen: 0 | Credito abonado origen: 0 | Fecha limite origen: 2026-05-05 | Dias restantes origen: 15 | Status origen: 1,,2026-04-20 18:09:07,,,,0,4729,0,[],,0
1796,branch:default,85,EFECTIVO,MENUDEO,2447,0,2447,JESUS MARIA,Usuario origen: ALONDRA26 | Liquidado origen: 1 | Credito abonado origen: 2447 | Fecha limite origen: 2026-05-20 | Dias restantes origen: 30 | Status origen: 1,,2026-04-20 18:45:11,,,,0,0,2447,[],,0
1797,branch:default,85,EFECTIVO,MENUDEO,30,0,30,JESUS MARIA,Usuario origen: ALONDRA26 | Liquidado origen: 1 | Credito abonado origen: 30 | Fecha limite origen: 2026-05-20 | Dias restantes origen: 30 | Status origen: 1,,2026-04-20 18:54:19,,,,0,0,30,[],,0
1798,branch:default,49,EFECTIVO,MENUDEO,1800,0,1800,DIF JESUS MARIA,Usuario origen: ALONDRA26 | Liquidado origen: 1 | Credito abonado origen: 1800 | Fecha limite origen: 2026-05-05 | Dias restantes origen: 15 | Status origen: 1,,2026-04-20 20:43:52,,,,0,0,1800,[],,0
1799,branch:default,53,EFECTIVO,MENUDEO,2000,0,2000,HERRADURA,Usuario origen: ALONDRA26 | Liquidado origen: 1 | Credito abonado origen: 2000 | Fecha limite origen: 2026-05-20 | Dias restantes origen: 30 | Status origen: 1,,2026-04-20 20:59:29,,,,0,0,2000,[],,0
1800,branch:default,2,EFECTIVO,MENUDEO,3180,0,3180,JESUS MARIA,Usuario origen: ALONDRA26 | Liquidado origen: 1 | Credito abonado origen: 3180 | Fecha limite origen: 2026-04-20 | Dias restantes origen: 0 | Status origen: 1,,2026-04-20 21:29:02,,,,0,0,3180,[],,0
1801,branch:default,14,EFECTIVO,MENUDEO,1050,0,1050,PRIVADA EL MOLINO,Usuario origen: ALONDRA26 | Liquidado origen: 1 | Credito abonado origen: 1050 | Fecha limite origen: 2026-05-05 | Dias restantes origen: 15 | Status origen: 1,,2026-04-20 21:40:23,,,,0,0,1050,[],,0
1802,branch:default,18,CREDITO,MENUDEO,3360,0,3360,CRUCERO POMEZ,Usuario origen: ALONDRA26 | Liquidado origen: 0 | Credito abonado origen: 0 | Fecha limite origen: 2026-05-06 | Dias restantes origen: 15 | Status origen: 1,,2026-04-21 13:33:24,,,,0,3360,0,[],,0
1803,branch:default,21,EFECTIVO,MENUDEO,215,0,215,JESUS MARIA,Usuario origen: ALONDRA26 | Liquidado origen: 1 | Credito abonado origen: 215 | Fecha limite origen: 2026-05-06 | Dias restantes origen: 15 | Status origen: 1,,2026-04-21 13:57:15,,,,0,0,215,[],,0
1804,branch:default,2,EFECTIVO,MENUDEO,32,0,32,JESUS MARIA,Usuario origen: ALONDRA26 | Liquidado origen: 1 | Credito abonado origen: 32 | Dias restantes origen: 0 | Status origen: 1,,2026-04-21 15:28:12,,,,0,0,32,[],,0
1805,branch:default,85,EFECTIVO,MENUDEO,542,0,542,JESUS MARIA,Usuario origen: ALONDRA26 | Liquidado origen: 1 | Credito abonado origen: 542 | Fecha limite origen: 2026-05-21 | Dias restantes origen: 30 | Status origen: 1,,2026-04-21 15:52:40,,,,0,0,542,[],,0
1806,branch:default,64,EFECTIVO,MENUDEO,7144,0,7144,SAN JOSE DE LA PAZ,Usuario origen: ALONDRA26 | Liquidado origen: 1 | Credito abonado origen: 7144 | Fecha limite origen: 2026-05-21 | Dias restantes origen: 30 | Status origen: 1,,2026-04-21 15:54:26,,,,0,0,7144,[],,0
1807,branch:default,53,EFECTIVO,MENUDEO,12100,0,12100,AGAVINA,Usuario origen: ALONDRA26 | Liquidado origen: 1 | Credito abonado origen: 12100 | Fecha limite origen: 2026-05-21 | Dias restantes origen: 30 | Status origen: 1,,2026-04-21 17:52:40,,,,0,0,12100,[],,0
1808,branch:default,53,EFECTIVO,MENUDEO,1225,0,1225,AGAVINA,Usuario origen: ALONDRA26 | Liquidado origen: 1 | Credito abonado origen: 1225 | Fecha limite origen: 2026-05-21 | Dias restantes origen: 30 | Status origen: 1,,2026-04-21 17:55:02,,,,0,0,1225,[],,0
1809,branch:default,56,EFECTIVO,MENUDEO,5840,0,5840,JESUS MARIA,Usuario origen: ALONDRA26 | Liquidado origen: 1 | Credito abonado origen: 5840 | Fecha limite origen: 2026-05-21 | Dias restantes origen: 30 | Status origen: 1,,2026-04-21 18:08:41,,,,0,0,5840,[],,0
1810,branch:default,2,EFECTIVO,MENUDEO,21,0,21,JESUS MARIA,Usuario origen: ALONDRA26 | Liquidado origen: 1 | Credito abonado origen: 21 | Fecha limite origen: 2026-04-21 | Dias restantes origen: 0 | Status origen: 1,,2026-04-21 19:13:02,,,,0,0,21,[],,0
1811,branch:default,23,CREDITO,MENUDEO,124,0,124,JESUS MARIA,Usuario origen: ALONDRA26 | Liquidado origen: 0 | Credito abonado origen: 0 | Fecha limite origen: 2026-05-06 | Dias restantes origen: 15 | Status origen: 1,,2026-04-21 19:50:44,,,,0,124,0,[],,0
1812,branch:default,85,EFECTIVO,MENUDEO,50,0,50,JESUS MARIA,Usuario origen: ALONDRA26 | Liquidado origen: 1 | Credito abonado origen: 50 | Fecha limite origen: 2026-05-21 | Dias restantes origen: 30 | Status origen: 1,,2026-04-21 20:37:43,,,,0,0,50,[],,0
1813,branch:default,61,EFECTIVO,MENUDEO,450,0,450,JESUS MARIA,Usuario origen: ALONDRA26 | Liquidado origen: 1 | Credito abonado origen: 450 | Fecha limite origen: 2026-05-06 | Dias restantes origen: 15 | Status origen: 1,,2026-04-21 20:39:55,,,,0,0,450,[],,0
1814,branch:default,74,EFECTIVO,MENUDEO,8500,0,8500,JESUS MARIA,Usuario origen: ALONDRA26 | Liquidado origen: 1 | Credito abonado origen: 8500 | Fecha limite origen: 2026-05-21 | Dias restantes origen: 30 | Status origen: 1,,2026-04-21 23:22:39,,,,0,0,8500,[],,0
1815,branch:default,53,EFECTIVO,MENUDEO,6720,0,6720,AGAVINA,Usuario origen: ALONDRA26 | Liquidado origen: 1 | Credito abonado origen: 6720 | Fecha limite origen: 2026-05-22 | Dias restantes origen: 30 | Status origen: 1,,2026-04-22 14:13:07,,,,0,0,6720,[],,0
1816,branch:default,79,EFECTIVO,MENUDEO,3700,0,3700,JESUS MARIA,Usuario origen: ALONDRA26 | Liquidado origen: 1 | Credito abonado origen: 3700 | Fecha limite origen: 2026-05-22 | Dias restantes origen: 30 | Status origen: 1,,2026-04-22 14:18:39,,,,0,0,3700,[],,0
1817,branch:default,73,EFECTIVO,MENUDEO,19000,0,19000,SANTA MARIA DEL VALLE,Usuario origen: ALONDRA26 | Liquidado origen: 1 | Credito abonado origen: 19000 | Fecha limite origen: 2026-05-22 | Dias restantes origen: 30 | Status origen: 1,,2026-04-22 15:21:55,,,,0,0,19000,[],,0
1818,branch:default,64,EFECTIVO,MENUDEO,1960,0,1960,SAN JOSE DE LA PAZ,Usuario origen: ALONDRA26 | Liquidado origen: 1 | Credito abonado origen: 1960 | Fecha limite origen: 2026-05-22 | Dias restantes origen: 30 | Status origen: 1,,2026-04-22 15:35:47,,,,0,0,1960,[],,0
1819,branch:default,56,EFECTIVO,MENUDEO,13950,0,13950,ESCUELA DE LAS POMEZ,Usuario origen: ALONDRA26 | Liquidado origen: 1 | Credito abonado origen: 13950 | Fecha limite origen: 2026-05-22 | Dias restantes origen: 30 | Status origen: 1,,2026-04-22 18:03:01,,,,0,0,13950,[],,0
1820,branch:default,2,EFECTIVO,MENUDEO,18,0,18,JESUS MARIA,Usuario origen: ALONDRA26 | Liquidado origen: 1 | Credito abonado origen: 18 | Dias restantes origen: 0 | Status origen: 1,,2026-04-22 19:22:28,,,,0,0,18,[],,0
1821,branch:default,5,EFECTIVO,MENUDEO,12100,0,12100,CEN COMER,Usuario origen: ALONDRA26 | Liquidado origen: 1 | Credito abonado origen: 12100 | Fecha limite origen: 2026-05-07 | Dias restantes origen: 15 | Status origen: 1,,2026-04-22 20:01:18,,,,0,0,12100,[],,0
1822,branch:default,2,EFECTIVO,MENUDEO,100,0,100,JESUS MARIA,Usuario origen: ALONDRA26 | Liquidado origen: 1 | Credito abonado origen: 100 | Dias restantes origen: 0 | Status origen: 1,,2026-04-22 21:18:14,,,,0,0,100,[],,0
1823,branch:default,2,EFECTIVO,MENUDEO,216,0,216,JESUS MARIA,Usuario origen: ALONDRA26 | Liquidado origen: 1 | Credito abonado origen: 216 | Fecha limite origen: 2026-04-22 | Dias restantes origen: 0 | Status origen: 1,,2026-04-22 23:09:42,,,,0,0,216,[],,0
1824,branch:default,5,EFECTIVO,MENUDEO,6900,0,6900,CEN COMER,Usuario origen: ALONDRA26 | Liquidado origen: 1 | Credito abonado origen: 6900 | Fecha limite origen: 2026-05-08 | Dias restantes origen: 15 | Status origen: 1,,2026-04-23 13:39:16,,,,0,0,6900,[],,0
1825,branch:default,46,EFECTIVO,MENUDEO,1452.5,0,1452.5,EL RANERO,Usuario origen: ALONDRA26 | Liquidado origen: 1 | Credito abonado origen: 1452.5 | Fecha limite origen: 2026-05-23 | Dias restantes origen: 30 | Status origen: 1,,2026-04-23 13:45:34,,,,0,0,1452.5,[],,0
1826,branch:default,35,EFECTIVO,MENUDEO,4338,0,4338,JESUS MARIA,Usuario origen: ALONDRA26 | Liquidado origen: 1 | Credito abonado origen: 4338 | Fecha limite origen: 2026-05-23 | Dias restantes origen: 30 | Status origen: 1,,2026-04-23 14:14:54,,,,0,0,4338,[],,0
1827,branch:default,74,EFECTIVO,MENUDEO,15100,0,15100,JESUS MARIA,Usuario origen: ALONDRA26 | Liquidado origen: 1 | Credito abonado origen: 15100 | Fecha limite origen: 2026-05-23 | Dias restantes origen: 30 | Status origen: 1,,2026-04-23 15:02:57,,,,0,0,15100,[],,0
1828,branch:default,2,EFECTIVO,MENUDEO,180,0,180,JESUS MARIA,Usuario origen: ALONDRA26 | Liquidado origen: 1 | Credito abonado origen: 180 | Dias restantes origen: 0 | Status origen: 1,,2026-04-23 17:13:08,,,,0,0,180,[],,0
1829,branch:default,2,EFECTIVO,MENUDEO,122,0,122,JESUS MARIA,Usuario origen: ALONDRA26 | Liquidado origen: 1 | Credito abonado origen: 122 | Dias restantes origen: 0 | Status origen: 1,,2026-04-23 17:16:02,,,,0,0,122,[],,0
1830,branch:default,5,EFECTIVO,MENUDEO,8800,0,8800,CEN COMER,Usuario origen: ALONDRA26 | Liquidado origen: 1 | Credito abonado origen: 8800 | Fecha limite origen: 2026-05-08 | Dias restantes origen: 15 | Status origen: 1,,2026-04-23 17:54:55,,,,0,0,8800,[],,0
1831,branch:default,35,CREDITO,MENUDEO,1800,0,1800,JESUS MARIA,Usuario origen: ALONDRA26 | Liquidado origen: 0 | Credito abonado origen: 0 | Fecha limite origen: 2026-05-23 | Dias restantes origen: 30 | Status origen: 0,,2026-04-23 18:07:14,,,,0,1800,0,[],,0
1832,branch:default,34,EFECTIVO,MENUDEO,3800,0,3800,LA BOTELLA ARANDAS,Usuario origen: ALONDRA26 | Liquidado origen: 1 | Credito abonado origen: 3800 | Fecha limite origen: 2026-05-23 | Dias restantes origen: 30 | Status origen: 1,,2026-04-23 18:10:54,,,,0,0,3800,[],,0
1833,branch:default,53,EFECTIVO,MENUDEO,20571.5,0,20571.5,LOCALES NISLA,Usuario origen: ALONDRA26 | Liquidado origen: 1 | Credito abonado origen: 20571.5 | Fecha limite origen: 2026-05-23 | Dias restantes origen: 30 | Status origen: 1,,2026-04-23 19:29:12,,,,0,0,20571.5,[],,0
1834,branch:default,2,EFECTIVO,MENUDEO,3900,0,3900,JESUS MARIA,Usuario origen: ALONDRA26 | Liquidado origen: 1 | Credito abonado origen: 3900 | Dias restantes origen: 0 | Status origen: 0,,2026-04-23 20:00:48,,,,0,0,3900,[],,0
1835,branch:default,2,EFECTIVO,MENUDEO,5200,0,5200,JESUS MARIA,Usuario origen: ALONDRA26 | Liquidado origen: 1 | Credito abonado origen: 5200 | Fecha limite origen: 2026-04-23 | Dias restantes origen: 0 | Status origen: 1,,2026-04-23 20:03:46,,,,0,0,5200,[],,0
1836,branch:default,35,EFECTIVO,MENUDEO,2160,0,2160,JESUS MARIA,Usuario origen: ALONDRA26 | Liquidado origen: 1 | Credito abonado origen: 2160 | Fecha limite origen: 2026-05-23 | Dias restantes origen: 30 | Status origen: 1,,2026-04-23 20:19:20,,,,0,0,2160,[],,0
1837,branch:default,2,EFECTIVO,MENUDEO,960,0,960,CASA DE A LADO,Usuario origen: ALONDRA26 | Liquidado origen: 1 | Credito abonado origen: 960 | Fecha limite origen: 2026-04-23 | Dias restantes origen: 0 | Status origen: 1,,2026-04-23 22:41:53,,,,0,0,960,[],,0
1838,branch:default,18,CREDITO,MENUDEO,8300,0,8300,JESUS MARIA,Usuario origen: ALONDRA26 | Liquidado origen: 0 | Credito abonado origen: 0 | Fecha limite origen: 2026-05-09 | Dias restantes origen: 15 | Status origen: 1,,2026-04-24 13:26:13,,,,0,8300,0,[],,0
1839,branch:default,21,EFECTIVO,MENUDEO,11750,0,11750,JESUS MARIA,Usuario origen: ALONDRA26 | Liquidado origen: 1 | Credito abonado origen: 11750 | Fecha limite origen: 2026-05-09 | Dias restantes origen: 15 | Status origen: 1,,2026-04-24 13:26:44,,,,0,0,11750,[],,0
1840,branch:default,2,EFECTIVO,MENUDEO,56,0,56,JESUS MARIA,Usuario origen: ALONDRA26 | Liquidado origen: 1 | Credito abonado origen: 56 | Dias restantes origen: 0 | Status origen: 1,,2026-04-24 14:30:38,,,,0,0,56,[],,0
1841,branch:default,4,EFECTIVO,MENUDEO,4700,0,4700,JESUS MARIA,Usuario origen: Administrador | Liquidado origen: 1 | Credito abonado origen: 4700 | Fecha limite origen: 2026-05-24 | Dias restantes origen: 30 | Status origen: 1,,2026-04-24 15:05:55,,,,0,0,4700,[],,0
1842,branch:default,60,EFECTIVO,MENUDEO,9000,0,9000,JESUS MARIA,Usuario origen: ALONDRA26 | Liquidado origen: 1 | Credito abonado origen: 9000 | Fecha limite origen: 2026-05-24 | Dias restantes origen: 30 | Status origen: 1,,2026-04-24 15:14:42,,,,0,0,9000,[],,0
1843,branch:default,85,EFECTIVO,MENUDEO,2890,0,2890,EL ROBLE,Usuario origen: ALONDRA26 | Liquidado origen: 1 | Credito abonado origen: 2890 | Fecha limite origen: 2026-05-24 | Dias restantes origen: 30 | Status origen: 1,,2026-04-24 15:20:26,,,,0,0,2890,[],,0
1844,branch:default,94,EFECTIVO,MENUDEO,4200,0,4200,JESUS MARIA,Usuario origen: ALONDRA26 | Liquidado origen: 1 | Credito abonado origen: 4200 | Fecha limite origen: 2026-04-24 | Dias restantes origen: 0 | Status origen: 1,,2026-04-24 15:40:49,,,,0,0,4200,[],,0
1845,branch:default,73,EFECTIVO,MENUDEO,12425,0,12425,SANTA MARIA DEL VALLE,Usuario origen: ALONDRA26 | Liquidado origen: 1 | Credito abonado origen: 12425 | Fecha limite origen: 2026-05-24 | Dias restantes origen: 30 | Status origen: 1,,2026-04-24 17:38:44,,,,0,0,12425,[],,0
1846,branch:default,65,EFECTIVO,MENUDEO,4230,0,4230,SAN RAFAEL,Usuario origen: ALONDRA26 | Liquidado origen: 1 | Credito abonado origen: 4230 | Fecha limite origen: 2026-05-24 | Dias restantes origen: 30 | Status origen: 1,,2026-04-24 17:38:56,,,,0,0,4230,[],,0
1847,branch:default,95,EFECTIVO,MENUDEO,4740,0,4740,EL NACIMIENTO,Usuario origen: ALONDRA26 | Liquidado origen: 1 | Credito abonado origen: 4740 | Fecha limite origen: 2026-05-09 | Dias restantes origen: 15 | Status origen: 1,,2026-04-24 17:41:35,,,,0,0,4740,[],,0
1848,branch:default,74,EFECTIVO,MENUDEO,17000,0,17000,JESUS MARIA,Usuario origen: ALONDRA26 | Liquidado origen: 1 | Credito abonado origen: 17000 | Fecha limite origen: 2026-05-24 | Dias restantes origen: 30 | Status origen: 1,,2026-04-24 18:51:00,,,,0,0,17000,[],,0
1849,branch:default,2,EFECTIVO,MENUDEO,117,0,117,JESUS MARIA,Usuario origen: Administrador | Liquidado origen: 1 | Credito abonado origen: 117 | Dias restantes origen: 0 | Status origen: 1,,2026-04-24 19:02:42,,,,0,0,117,[],,0
1850,branch:default,2,EFECTIVO,MENUDEO,64,0,64,JESUS MARIA,Usuario origen: ALONDRA26 | Liquidado origen: 1 | Credito abonado origen: 64 | Fecha limite origen: 2026-04-24 | Dias restantes origen: 0 | Status origen: 1,,2026-04-24 19:11:27,,,,0,0,64,[],,0
1851,branch:default,2,EFECTIVO,MENUDEO,180,0,180,JESUS MARIA,Usuario origen: ALONDRA26 | Liquidado origen: 1 | Credito abonado origen: 180 | Fecha limite origen: 2026-04-24 | Dias restantes origen: 0 | Status origen: 1,,2026-04-24 19:13:55,,,,0,0,180,[],,0
1852,branch:default,19,EFECTIVO,MENUDEO,1019,0,1019,JESUS MARIA,Usuario origen: ALONDRA26 | Liquidado origen: 1 | Credito abonado origen: 1019 | Fecha limite origen: 2026-05-09 | Dias restantes origen: 15 | Status origen: 1,,2026-04-24 19:23:39,,,,0,0,1019,[],,0
1853,branch:default,5,EFECTIVO,MENUDEO,8800,0,8800,CEN COMER,Usuario origen: ALONDRA26 | Liquidado origen: 1 | Credito abonado origen: 8800 | Fecha limite origen: 2026-05-09 | Dias restantes origen: 15 | Status origen: 1,,2026-04-24 19:58:05,,,,0,0,8800,[],,0
1854,branch:default,2,EFECTIVO,MENUDEO,40,0,40,JESUS MARIA,Usuario origen: ALONDRA26 | Liquidado origen: 1 | Credito abonado origen: 40 | Dias restantes origen: 0 | Status origen: 1,,2026-04-24 20:36:23,,,,0,0,40,[],,0
1855,branch:default,73,EFECTIVO,MENUDEO,19000,0,19000,SANTA MARIA DEL VALLE,Usuario origen: ALONDRA26 | Liquidado origen: 1 | Credito abonado origen: 19000 | Fecha limite origen: 2026-05-24 | Dias restantes origen: 30 | Status origen: 1,,2026-04-24 20:41:07,,,,0,0,19000,[],,0
1856,branch:default,5,EFECTIVO,MENUDEO,8800,0,8800,CEN COMER,Usuario origen: GRISELDA2026 | Liquidado origen: 1 | Credito abonado origen: 8800 | Fecha limite origen: 2026-05-10 | Dias restantes origen: 15 | Status origen: 1,,2026-04-25 13:50:24,,,,0,0,8800,[],,0
1857,branch:default,5,EFECTIVO,MENUDEO,4400,0,4400,CEN COMER,Usuario origen: GRISELDA2026 | Liquidado origen: 1 | Credito abonado origen: 4400 | Fecha limite origen: 2026-05-10 | Dias restantes origen: 15 | Status origen: 1,,2026-04-25 18:47:04,,,,0,0,4400,[],,0
1858,branch:default,73,EFECTIVO,MENUDEO,18500,0,18500,CASA DE LA KEBRADORA ARANDAS,Usuario origen: ALONDRA26 | Liquidado origen: 1 | Credito abonado origen: 18500 | Fecha limite origen: 2026-05-27 | Dias restantes origen: 30 | Status origen: 1,,2026-04-27 13:14:25,,,,0,0,18500,[],,0
1859,branch:default,91,CREDITO,MENUDEO,12450,0,12450,FRENTE PLANTA DE LA LUZ,Usuario origen: ALONDRA26 | Liquidado origen: 0 | Credito abonado origen: 0 | Fecha limite origen: 2026-05-27 | Dias restantes origen: 30 | Status origen: 0,,2026-04-27 13:20:39,,,,0,12450,0,[],,0
1860,branch:default,91,EFECTIVO,MENUDEO,5950,0,5950,FRENTE PLANTA DE LA LUZ,Usuario origen: ALONDRA26 | Liquidado origen: 1 | Credito abonado origen: 5950 | Fecha limite origen: 2026-05-27 | Dias restantes origen: 30 | Status origen: 1,,2026-04-27 14:22:11,,,,0,0,5950,[],,0
1861,branch:default,96,EFECTIVO,MENUDEO,8900,0,8900,PASO DE GUADALUPE,Usuario origen: ALONDRA26 | Liquidado origen: 1 | Credito abonado origen: 8900 | Fecha limite origen: 2026-05-27 | Dias restantes origen: 30 | Status origen: 1,,2026-04-27 17:22:53,,,,0,0,8900,[],,0
1862,branch:default,20,CREDITO,MENUDEO,39,0,39,JESUS MARIA,Usuario origen: ALONDRA26 | Liquidado origen: 0 | Credito abonado origen: 0 | Fecha limite origen: 2026-05-27 | Dias restantes origen: 30 | Status origen: 1,,2026-04-27 17:56:57,,,,0,39,0,[],,0
1863,branch:default,85,EFECTIVO,MENUDEO,4980,0,4980,JESUS MARIA,Usuario origen: ALONDRA26 | Liquidado origen: 1 | Credito abonado origen: 4980 | Fecha limite origen: 2026-05-27 | Dias restantes origen: 30 | Status origen: 1,,2026-04-27 20:01:41,,,,0,0,4980,[],,0
1864,branch:default,87,EFECTIVO,MENUDEO,4160,0,4160,EL CERRITO,Usuario origen: ALONDRA26 | Liquidado origen: 1 | Credito abonado origen: 4160 | Fecha limite origen: 2026-05-27 | Dias restantes origen: 30 | Status origen: 1,,2026-04-27 20:57:07,,,,0,0,4160,[],,0
1865,branch:default,87,EFECTIVO,MENUDEO,147,0,147,EL CERRITO,Usuario origen: ALONDRA26 | Liquidado origen: 1 | Credito abonado origen: 147 | Fecha limite origen: 2026-05-27 | Dias restantes origen: 30 | Status origen: 1,,2026-04-27 20:58:59,,,,0,0,147,[],,0
1866,branch:default,74,EFECTIVO,MENUDEO,8500,0,8500,JESUS MARIA,Usuario origen: ALONDRA26 | Liquidado origen: 1 | Credito abonado origen: 8500 | Fecha limite origen: 2026-05-27 | Dias restantes origen: 30 | Status origen: 1,,2026-04-27 21:15:46,,,,0,0,8500,[],,0
1867,branch:default,35,EFECTIVO,MENUDEO,3879,0,3879,JESUS MARIA,Usuario origen: ALONDRA26 | Liquidado origen: 1 | Credito abonado origen: 3879 | Fecha limite origen: 2026-05-27 | Dias restantes origen: 30 | Status origen: 1,,2026-04-27 22:41:57,,,,0,0,3879,[],,0
1868,branch:default,91,EFECTIVO,MENUDEO,2000,0,2000,PLANTA DE LA LUZ,Usuario origen: ALONDRA26 | Liquidado origen: 1 | Credito abonado origen: 2000 | Fecha limite origen: 2026-05-27 | Dias restantes origen: 30 | Status origen: 1,,2026-04-27 23:10:13,,,,0,0,2000,[],,0
1869,branch:default,85,EFECTIVO,MENUDEO,3700,0,3700,JESUS MARIA,Usuario origen: ALONDRA26 | Liquidado origen: 1 | Credito abonado origen: 3700 | Fecha limite origen: 2026-05-27 | Dias restantes origen: 30 | Status origen: 1,,2026-04-27 23:27:44,,,,0,0,3700,[],,0
1870,branch:default,71,EFECTIVO,MENUDEO,12750,0,12750,ROSALES,Usuario origen: ALONDRA26 | Liquidado origen: 1 | Credito abonado origen: 12750 | Fecha limite origen: 2026-04-28 | Dias restantes origen: 0 | Status origen: 1,,2026-04-28 13:27:36,,,,0,0,12750,[],,0
1871,branch:default,74,EFECTIVO,MENUDEO,6600,0,6600,JESUS MARIA,Usuario origen: ALONDRA26 | Liquidado origen: 1 | Credito abonado origen: 6600 | Fecha limite origen: 2026-05-28 | Dias restantes origen: 30 | Status origen: 1,,2026-04-28 14:47:18,,,,0,0,6600,[],,0
1872,branch:default,2,EFECTIVO,MENUDEO,32,0,32,JESUS MARIA,Usuario origen: ALONDRA26 | Liquidado origen: 1 | Credito abonado origen: 32 | Dias restantes origen: 0 | Status origen: 1,,2026-04-28 15:01:40,,,,0,0,32,[],,0
1873,branch:default,12,EFECTIVO,MENUDEO,708,0,708,JESUS MARIA,Usuario origen: Administrador | Liquidado origen: 1 | Credito abonado origen: 708 | Fecha limite origen: 2026-05-28 | Dias restantes origen: 30 | Status origen: 1,,2026-04-28 15:31:29,,,,0,0,708,[],,0
1874,branch:default,53,EFECTIVO,MENUDEO,12100,0,12100,AGAVINA,Usuario origen: ALONDRA26 | Liquidado origen: 1 | Credito abonado origen: 12100 | Fecha limite origen: 2026-05-28 | Dias restantes origen: 30 | Status origen: 1,,2026-04-28 16:36:20,,,,0,0,12100,[],,0
1875,branch:default,5,EFECTIVO,MENUDEO,4250,0,4250,CEN COMER,Usuario origen: ALONDRA26 | Liquidado origen: 1 | Credito abonado origen: 4250 | Fecha limite origen: 2026-05-13 | Dias restantes origen: 15 | Status origen: 1,,2026-04-28 16:52:04,,,,0,0,4250,[],,0
1876,branch:default,87,EFECTIVO,MENUDEO,3710,0,3710,CERRITO,Usuario origen: ALONDRA26 | Liquidado origen: 1 | Credito abonado origen: 3710 | Fecha limite origen: 2026-05-28 | Dias restantes origen: 30 | Status origen: 1,,2026-04-28 17:02:54,,,,0,0,3710,[],,0
1877,branch:default,4,EFECTIVO,MENUDEO,2010,0,2010,LA CIERRITA,Usuario origen: ALONDRA26 | Liquidado origen: 1 | Credito abonado origen: 2010 | Fecha limite origen: 2026-05-28 | Dias restantes origen: 30 | Status origen: 1,,2026-04-28 17:38:34,,,,0,0,2010,[],,0
1878,branch:default,53,EFECTIVO,MENUDEO,4000,0,4000,LOCALES NISLA,Usuario origen: ALONDRA26 | Liquidado origen: 1 | Credito abonado origen: 4000 | Fecha limite origen: 2026-05-28 | Dias restantes origen: 30 | Status origen: 1,,2026-04-28 18:01:42,,,,0,0,4000,[],,0
1879,branch:default,53,EFECTIVO,MENUDEO,8400,0,8400,LOCALES NISLA,Usuario origen: ALONDRA26 | Liquidado origen: 1 | Credito abonado origen: 8400 | Fecha limite origen: 2026-05-28 | Dias restantes origen: 30 | Status origen: 1,,2026-04-28 18:06:38,,,,0,0,8400,[],,0
1880,branch:default,2,EFECTIVO,MENUDEO,900,0,900,DIF JESUS MARIA,Usuario origen: ALONDRA26 | Liquidado origen: 1 | Credito abonado origen: 900 | Fecha limite origen: 2026-04-28 | Dias restantes origen: 0 | Status origen: 1,,2026-04-28 18:38:49,,,,0,0,900,[],,0
1881,branch:default,49,EFECTIVO,MENUDEO,600,0,600,DIF JESUS MARIA,Usuario origen: ALONDRA26 | Liquidado origen: 1 | Credito abonado origen: 600 | Fecha limite origen: 2026-05-13 | Dias restantes origen: 15 | Status origen: 1,,2026-04-28 18:40:55,,,,0,0,600,[],,0
1882,branch:default,35,EFECTIVO,MENUDEO,3635,0,3635,JESUS MARIA,Usuario origen: ALONDRA26 | Liquidado origen: 1 | Credito abonado origen: 3635 | Fecha limite origen: 2026-05-28 | Dias restantes origen: 30 | Status origen: 1,,2026-04-28 20:57:58,,,,0,0,3635,[],,0
1883,branch:default,53,EFECTIVO,MENUDEO,1350,0,1350,LOCALES NISLA,Usuario origen: ALONDRA26 | Liquidado origen: 1 | Credito abonado origen: 1350 | Fecha limite origen: 2026-05-28 | Dias restantes origen: 30 | Status origen: 1,,2026-04-28 22:06:54,,,,0,0,1350,[],,0
1884,branch:default,53,EFECTIVO,MENUDEO,4050,0,4050,LOCALES NISLA,Usuario origen: ALONDRA26 | Liquidado origen: 1 | Credito abonado origen: 4050 | Fecha limite origen: 2026-05-29 | Dias restantes origen: 30 | Status origen: 1,,2026-04-29 13:55:30,,,,0,0,4050,[],,0
1885,branch:default,74,EFECTIVO,MENUDEO,8500,0,8500,JESUS MARIA,Usuario origen: ALONDRA26 | Liquidado origen: 1 | Credito abonado origen: 8500 | Fecha limite origen: 2026-05-29 | Dias restantes origen: 30 | Status origen: 1,,2026-04-29 14:00:38,,,,0,0,8500,[],,0
1886,branch:default,85,EFECTIVO,MENUDEO,7061,0,7061,JESUS MARIA,Usuario origen: ALONDRA26 | Liquidado origen: 1 | Credito abonado origen: 7061 | Fecha limite origen: 2026-05-29 | Dias restantes origen: 30 | Status origen: 1,,2026-04-29 15:28:28,,,,0,0,7061,[],,0
1887,branch:default,5,EFECTIVO,MENUDEO,5050,0,5050,CEN COMER,Usuario origen: ALONDRA26 | Liquidado origen: 1 | Credito abonado origen: 5050 | Fecha limite origen: 2026-05-14 | Dias restantes origen: 15 | Status origen: 1,,2026-04-29 15:51:25,,,,0,0,5050,[],,0
1888,branch:default,79,EFECTIVO,MENUDEO,2360,0,2360,JESUS MARIA,Usuario origen: ALONDRA26 | Liquidado origen: 1 | Credito abonado origen: 2360 | Fecha limite origen: 2026-05-29 | Dias restantes origen: 30 | Status origen: 1,,2026-04-29 18:08:45,,,,0,0,2360,[],,0
1889,branch:default,64,EFECTIVO,MENUDEO,14089,0,14089,SAN JOSE DE LA PAZ,Usuario origen: ALONDRA26 | Liquidado origen: 1 | Credito abonado origen: 14089 | Fecha limite origen: 2026-05-29 | Dias restantes origen: 30 | Status origen: 1,,2026-04-29 19:42:15,,,,0,0,14089,[],,0
1890,branch:default,85,EFECTIVO,MENUDEO,382,0,382,JESUS MARIA,Usuario origen: ALONDRA26 | Liquidado origen: 1 | Credito abonado origen: 382 | Fecha limite origen: 2026-05-29 | Dias restantes origen: 30 | Status origen: 1,,2026-04-29 20:06:17,,,,0,0,382,[],,0
1891,branch:default,2,EFECTIVO,MENUDEO,30,0,30,JESUS MARIA,Usuario origen: ALONDRA26 | Liquidado origen: 1 | Credito abonado origen: 30 | Dias restantes origen: 0 | Status origen: 1,,2026-04-29 22:02:05,,,,0,0,30,[],,0
1892,branch:default,97,EFECTIVO,MENUDEO,4835,0,4835,SAN AGUSTIN,Usuario origen: ALONDRA26 | Liquidado origen: 1 | Credito abonado origen: 4835 | Fecha limite origen: 2026-05-29 | Dias restantes origen: 30 | Status origen: 1,,2026-04-29 22:43:18,,,,0,0,4835,[],,0
1893,branch:default,49,EFECTIVO,MENUDEO,600,0,600,DIF JESUS MARIA,Usuario origen: ALONDRA26 | Liquidado origen: 1 | Credito abonado origen: 600 | Fecha limite origen: 2026-05-15 | Dias restantes origen: 15 | Status origen: 1,,2026-04-30 13:55:49,,,,0,0,600,[],,0
1894,branch:default,53,EFECTIVO,MENUDEO,25190,0,25190,AGAVINA C23,Usuario origen: ALONDRA26 | Liquidado origen: 1 | Credito abonado origen: 25190 | Fecha limite origen: 2026-05-30 | Dias restantes origen: 30 | Status origen: 1,,2026-04-30 14:14:39,,,,0,0,25190,[],,0
1895,branch:default,85,EFECTIVO,MENUDEO,1080,0,1080,JESUS MARIA,Usuario origen: ALONDRA26 | Liquidado origen: 1 | Credito abonado origen: 1080 | Fecha limite origen: 2026-05-30 | Dias restantes origen: 30 | Status origen: 1,,2026-04-30 14:18:53,,,,0,0,1080,[],,0
1896,branch:default,78,EFECTIVO,MENUDEO,4700,0,4700,PALETERIA LA TAPATIA,Usuario origen: ALONDRA26 | Liquidado origen: 1 | Credito abonado origen: 4700 | Fecha limite origen: 2026-05-30 | Dias restantes origen: 30 | Status origen: 1,,2026-04-30 14:39:14,,,,0,0,4700,[],,0
1897,branch:default,79,EFECTIVO,MENUDEO,974,0,974,JESUS MARIA,Usuario origen: ALONDRA26 | Liquidado origen: 1 | Credito abonado origen: 974 | Fecha limite origen: 2026-05-30 | Dias restantes origen: 30 | Status origen: 1,,2026-04-30 18:04:01,,,,0,0,974,[],,0
1898,branch:default,73,EFECTIVO,MENUDEO,18500,0,18500,CASA DE LA KEBRADORA,Usuario origen: ALONDRA26 | Liquidado origen: 1 | Credito abonado origen: 18500 | Fecha limite origen: 2026-05-30 | Dias restantes origen: 30 | Status origen: 1,,2026-04-30 21:33:43,,,,0,0,18500,[],,0
1899,branch:default,73,EFECTIVO,MENUDEO,19000,0,19000,SANTA MARIA DEL VALLE,Usuario origen: ALONDRA26 | Liquidado origen: 1 | Credito abonado origen: 19000 | Fecha limite origen: 2026-05-30 | Dias restantes origen: 30 | Status origen: 1,,2026-04-30 21:34:20,,,,0,0,19000,[],,0
1900,branch:default,65,EFECTIVO,MENUDEO,5257,0,5257,SAN RAFAEL,Usuario origen: ALONDRA26 | Liquidado origen: 1 | Credito abonado origen: 5257 | Fecha limite origen: 2026-05-30 | Dias restantes origen: 30 | Status origen: 1,,2026-04-30 21:51:55,,,,0,0,5257,[],,0
1901,branch:default,96,EFECTIVO,MENUDEO,4214,0,4214,EL PASO DE GUADALUPE,Usuario origen: ALONDRA26 | Liquidado origen: 1 | Credito abonado origen: 4214 | Fecha limite origen: 2026-05-31 | Dias restantes origen: 30 | Status origen: 1,,2026-05-01 13:47:50,,,,0,0,4214,[],,0
1902,branch:default,53,EFECTIVO,MENUDEO,9000,0,9000,LOCALES NISLA,Usuario origen: ALONDRA26 | Liquidado origen: 1 | Credito abonado origen: 9000 | Fecha limite origen: 2026-05-31 | Dias restantes origen: 30 | Status origen: 1,,2026-05-01 13:55:07,,,,0,0,9000,[],,0
1903,branch:default,85,EFECTIVO,MENUDEO,180,0,180,JESUS MARIA,Usuario origen: ALONDRA26 | Liquidado origen: 1 | Credito abonado origen: 180 | Fecha limite origen: 2026-05-31 | Dias restantes origen: 30 | Status origen: 1,,2026-05-01 14:27:23,,,,0,0,180,[],,0
1904,branch:default,2,EFECTIVO,MENUDEO,215,0,215,JESUS MARIA,Usuario origen: ALONDRA26 | Liquidado origen: 1 | Credito abonado origen: 215 | Fecha limite origen: 2026-05-01 | Dias restantes origen: 0 | Status origen: 1,,2026-05-01 15:40:23,,,,0,0,215,[],,0
1905,branch:default,91,EFECTIVO,MENUDEO,26450,0,26450,FRENTE PLANTA DE LA LUZ,Usuario origen: ALONDRA26 | Liquidado origen: 1 | Credito abonado origen: 26450 | Fecha limite origen: 2026-05-31 | Dias restantes origen: 30 | Status origen: 1,,2026-05-01 15:40:49,,,,0,0,26450,[],,0
1906,branch:default,5,EFECTIVO,MENUDEO,6050,0,6050,CEN COMER,Usuario origen: ALONDRA26 | Liquidado origen: 1 | Credito abonado origen: 6050 | Fecha limite origen: 2026-05-16 | Dias restantes origen: 15 | Status origen: 1,,2026-05-01 15:56:59,,,,0,0,6050,[],,0
1907,branch:default,65,EFECTIVO,MENUDEO,3600,0,3600,SAN RAFAEL,Usuario origen: ALONDRA26 | Liquidado origen: 1 | Credito abonado origen: 3600 | Fecha limite origen: 2026-05-31 | Dias restantes origen: 30 | Status origen: 1,,2026-05-01 15:58:47,,,,0,0,3600,[],,0
1908,branch:default,2,EFECTIVO,MENUDEO,32,0,32,JESUS MARIA,Usuario origen: ALONDRA26 | Liquidado origen: 1 | Credito abonado origen: 32 | Dias restantes origen: 0 | Status origen: 1,,2026-05-01 17:05:13,,,,0,0,32,[],,0
1909,branch:default,2,EFECTIVO,MENUDEO,52,0,52,JESUS MARIA,Usuario origen: ALONDRA26 | Liquidado origen: 1 | Credito abonado origen: 52 | Dias restantes origen: 0 | Status origen: 1,,2026-05-01 17:18:50,,,,0,0,52,[],,0
1910,branch:default,85,EFECTIVO,MENUDEO,4980,0,4980,EL ROBLE,Usuario origen: Administrador | Liquidado origen: 1 | Credito abonado origen: 4980 | Fecha limite origen: 2026-05-31 | Dias restantes origen: 30 | Status origen: 1,,2026-05-01 19:05:03,,,,0,0,4980,[],,0
1911,branch:default,3,EFECTIVO,MENUDEO,1375.5,0,1375.5,JESUS MARIA,Usuario origen: ALONDRA26 | Liquidado origen: 1 | Credito abonado origen: 1375.5 | Dias restantes origen: 0 | Status origen: 1,,2026-05-01 21:36:41,,,,0,0,1375.5,[],,0
1912,branch:default,53,EFECTIVO,MENUDEO,5000,0,5000,AGAVINA C23,Usuario origen: ALONDRA26 | Liquidado origen: 1 | Credito abonado origen: 5000 | Fecha limite origen: 2026-05-31 | Dias restantes origen: 30 | Status origen: 1,,2026-05-01 22:41:35,,,,0,0,5000,[],,0
1913,branch:default,2,EFECTIVO,MENUDEO,472,0,472,JESUS MARIA,Usuario origen: ALONDRA26 | Liquidado origen: 1 | Credito abonado origen: 472 | Fecha limite origen: 2026-05-01 | Dias restantes origen: 0 | Status origen: 1,,2026-05-01 23:32:16,,,,0,0,472,[],,0
1914,branch:default,35,EFECTIVO,MENUDEO,2625,0,2625,EL ROBLE,Usuario origen: GRISELDA2026 | Liquidado origen: 1 | Credito abonado origen: 2625 | Fecha limite origen: 2026-06-01 | Dias restantes origen: 30 | Status origen: 1,,2026-05-02 13:16:50,,,,0,0,2625,[],,0
1915,branch:default,7,EFECTIVO,MENUDEO,577,0,577,JESUS MARIA,Usuario origen: GRISELDA2026 | Liquidado origen: 1 | Credito abonado origen: 577 | Fecha limite origen: 2026-06-01 | Dias restantes origen: 30 | Status origen: 1,,2026-05-02 15:21:22,,,,0,0,577,[],,0
1916,branch:default,85,EFECTIVO,MENUDEO,3411,0,3411,ROBLE,Usuario origen: GRISELDA2026 | Liquidado origen: 1 | Credito abonado origen: 3411 | Fecha limite origen: 2026-06-01 | Dias restantes origen: 30 | Status origen: 1,,2026-05-02 15:51:05,,,,0,0,3411,[],,0
1917,branch:default,85,EFECTIVO,MENUDEO,74,0,74,ROBLE,Usuario origen: GRISELDA2026 | Liquidado origen: 1 | Credito abonado origen: 74 | Fecha limite origen: 2026-06-01 | Dias restantes origen: 30 | Status origen: 1,,2026-05-02 15:52:27,,,,0,0,74,[],,0
1918,branch:default,2,EFECTIVO,MENUDEO,120,0,120,JESUS MARIA,Usuario origen: GRISELDA2026 | Liquidado origen: 1 | Credito abonado origen: 120 | Dias restantes origen: 0 | Status origen: 1,,2026-05-02 16:37:37,,,,0,0,120,[],,0
1919,branch:default,5,EFECTIVO,MENUDEO,7600,0,7600,CEN COMER,Usuario origen: GRISELDA2026 | Liquidado origen: 1 | Credito abonado origen: 7600 | Fecha limite origen: 2026-05-17 | Dias restantes origen: 15 | Status origen: 1,,2026-05-02 17:32:20,,,,0,0,7600,[],,0
1920,branch:default,91,EFECTIVO,MENUDEO,2359.5,0,2359.5,PLANTA DE LA LUZ,Usuario origen: ALONDRA26 | Liquidado origen: 1 | Credito abonado origen: 2359.5 | Fecha limite origen: 2026-06-03 | Dias restantes origen: 30 | Status origen: 1,,2026-05-04 13:40:08,,,,0,0,2359.5,[],,0
1921,branch:default,2,EFECTIVO,MENUDEO,1800,0,1800,JESUS MARIA,Usuario origen: ALONDRA26 | Liquidado origen: 1 | Credito abonado origen: 1800 | Dias restantes origen: 0 | Status origen: 1,,2026-05-04 14:01:55,,,,0,0,1800,[],,0
1922,branch:default,49,EFECTIVO,MENUDEO,2400,0,2400,DIF JESUS MARIA,Usuario origen: ALONDRA26 | Liquidado origen: 1 | Credito abonado origen: 2400 | Fecha limite origen: 2026-05-19 | Dias restantes origen: 15 | Status origen: 1,,2026-05-04 15:12:54,,,,0,0,2400,[],,0
1923,branch:default,2,EFECTIVO,MENUDEO,750,0,750,JESUS MARIA,Usuario origen: ALONDRA26 | Liquidado origen: 1 | Credito abonado origen: 750 | Fecha limite origen: 2026-05-04 | Dias restantes origen: 0 | Status origen: 0,,2026-05-04 15:18:06,,,,0,0,750,[],,0
1924,branch:default,2,EFECTIVO,MENUDEO,135,0,135,JESUS MARIA,Usuario origen: ALONDRA26 | Liquidado origen: 1 | Credito abonado origen: 135 | Dias restantes origen: 0 | Status origen: 0,,2026-05-04 15:19:12,,,,0,0,135,[],,0
1925,branch:default,2,EFECTIVO,MENUDEO,1420,0,1420,JESUS MARIA,Usuario origen: ALONDRA26 | Liquidado origen: 1 | Credito abonado origen: 1420 | Dias restantes origen: 0 | Status origen: 1,,2026-05-04 15:23:33,,,,0,0,1420,[],,0
1926,branch:default,46,CREDITO,MENUDEO,9600,0,9600,EL OCOTE,Usuario origen: ALONDRA26 | Liquidado origen: 0 | Credito abonado origen: 0 | Fecha limite origen: 2026-06-03 | Dias restantes origen: 30 | Status origen: 0,,2026-05-04 16:05:44,,,,0,9600,0,[],,0
1927,branch:default,19,EFECTIVO,MENUDEO,2360,0,2360,BLOQUERA BARAJAS,Usuario origen: ALONDRA26 | Liquidado origen: 1 | Credito abonado origen: 2360 | Fecha limite origen: 2026-05-19 | Dias restantes origen: 15 | Status origen: 1,,2026-05-04 17:53:32,,,,0,0,2360,[],,0
1928,branch:default,5,EFECTIVO,MENUDEO,3450,0,3450,CEN COMER,Usuario origen: ALONDRA26 | Liquidado origen: 1 | Credito abonado origen: 3450 | Fecha limite origen: 2026-05-19 | Dias restantes origen: 15 | Status origen: 1,,2026-05-04 17:54:10,,,,0,0,3450,[],,0
1929,branch:default,53,EFECTIVO,MENUDEO,10800,0,10800,AGAVINA,Usuario origen: ALONDRA26 | Liquidado origen: 1 | Credito abonado origen: 10800 | Fecha limite origen: 2026-06-03 | Dias restantes origen: 30 | Status origen: 1,,2026-05-04 19:30:24,,,,0,0,10800,[],,0
1930,branch:default,52,EFECTIVO,MENUDEO,9400,0,9400,JESUS MARIA,Usuario origen: ALONDRA26 | Liquidado origen: 1 | Credito abonado origen: 9400 | Fecha limite origen: 2026-06-03 | Dias restantes origen: 30 | Status origen: 1,,2026-05-04 21:00:11,,,,0,0,9400,[],,0
1931,branch:default,85,EFECTIVO,MENUDEO,194,0,194,JESUS MARIA,Usuario origen: ALONDRA26 | Liquidado origen: 1 | Credito abonado origen: 194 | Fecha limite origen: 2026-06-03 | Dias restantes origen: 30 | Status origen: 1,,2026-05-04 21:20:36,,,,0,0,194,[],,0
1932,branch:default,65,EFECTIVO,MENUDEO,4700,0,4700,SAN RAFAEL,Usuario origen: ALONDRA26 | Liquidado origen: 1 | Credito abonado origen: 4700 | Fecha limite origen: 2026-06-03 | Dias restantes origen: 30 | Status origen: 1,,2026-05-04 21:43:56,,,,0,0,4700,[],,0
1933,branch:default,46,CREDITO,MENUDEO,3800,0,3800,EL OCOTE,Usuario origen: ALONDRA26 | Liquidado origen: 0 | Credito abonado origen: 0 | Fecha limite origen: 2026-06-03 | Dias restantes origen: 30 | Status origen: 0,,2026-05-04 22:12:12,,,,0,3800,0,[],,0
1934,branch:default,46,EFECTIVO,MENUDEO,5800,0,5800,EL OCOTE,Usuario origen: ALONDRA26 | Liquidado origen: 1 | Credito abonado origen: 5800 | Fecha limite origen: 2026-06-03 | Dias restantes origen: 30 | Status origen: 1,,2026-05-04 22:14:38,,,,0,0,5800,[],,0
1935,branch:default,46,EFECTIVO,MENUDEO,3800,0,3800,EL OCOTE,Usuario origen: ALONDRA26 | Liquidado origen: 1 | Credito abonado origen: 3800 | Fecha limite origen: 2026-06-03 | Dias restantes origen: 30 | Status origen: 1,,2026-05-04 22:16:34,,,,0,0,3800,[],,0
1936,branch:default,56,EFECTIVO,MENUDEO,9300,0,9300,ESCUELA DE LAS POMEZ,Usuario origen: ALONDRA26 | Liquidado origen: 1 | Credito abonado origen: 9300 | Fecha limite origen: 2026-06-03 | Dias restantes origen: 30 | Status origen: 1,,2026-05-04 22:37:32,,,,0,0,9300,[],,0
1937,branch:default,2,EFECTIVO,MENUDEO,23,0,23,JESUS MARIA,Usuario origen: ALONDRA26 | Liquidado origen: 1 | Credito abonado origen: 23 | Fecha limite origen: 2026-05-04 | Dias restantes origen: 0 | Status origen: 1,,2026-05-04 22:43:12,,,,0,0,23,[],,0
1938,branch:default,85,EFECTIVO,MENUDEO,2156,0,2156,EL ROBLE,Usuario origen: ALONDRA26 | Liquidado origen: 1 | Credito abonado origen: 2156 | Fecha limite origen: 2026-06-04 | Dias restantes origen: 30 | Status origen: 1,,2026-05-05 13:27:23,,,,0,0,2156,[],,0
1939,branch:default,12,EFECTIVO,MENUDEO,944,0,944,JESUS MARIA,Usuario origen: ALONDRA26 | Liquidado origen: 1 | Credito abonado origen: 944 | Fecha limite origen: 2026-06-04 | Dias restantes origen: 30 | Status origen: 1,,2026-05-05 15:42:15,,,,0,0,944,[],,0
1940,branch:default,53,EFECTIVO,MENUDEO,14000,0,14000,AGAVINA,Usuario origen: ALONDRA26 | Liquidado origen: 1 | Credito abonado origen: 14000 | Fecha limite origen: 2026-06-04 | Dias restantes origen: 30 | Status origen: 1,,2026-05-05 16:12:42,,,,0,0,14000,[],,0
1941,branch:default,99,EFECTIVO,MENUDEO,298,0,298,JESUS MARIA,Usuario origen: ALONDRA26 | Liquidado origen: 1 | Credito abonado origen: 298 | Fecha limite origen: 2026-06-04 | Dias restantes origen: 30 | Status origen: 1,,2026-05-05 16:15:57,,,,0,0,298,[],,0
1942,branch:default,53,EFECTIVO,MENUDEO,14000,0,14000,AGAVINA,Usuario origen: ALONDRA26 | Liquidado origen: 1 | Credito abonado origen: 14000 | Fecha limite origen: 2026-06-04 | Dias restantes origen: 30 | Status origen: 1,,2026-05-05 16:17:43,,,,0,0,14000,[],,0
1943,branch:default,53,EFECTIVO,MENUDEO,14000,0,14000,AGAVINA,Usuario origen: ALONDRA26 | Liquidado origen: 1 | Credito abonado origen: 14000 | Fecha limite origen: 2026-06-04 | Dias restantes origen: 30 | Status origen: 1,,2026-05-05 16:18:12,,,,0,0,14000,[],,0
1944,branch:default,67,EFECTIVO,MENUDEO,1660,0,1660,JESUS MARIA,Usuario origen: ALONDRA26 | Liquidado origen: 1 | Credito abonado origen: 1660 | Fecha limite origen: 2026-05-20 | Dias restantes origen: 15 | Status origen: 1,,2026-05-05 17:31:10,,,,0,0,1660,[],,0
1945,branch:default,34,EFECTIVO,MENUDEO,8500,0,8500,LA BOTELLA ARANDAS,Usuario origen: ALONDRA26 | Liquidado origen: 1 | Credito abonado origen: 8500 | Fecha limite origen: 2026-06-04 | Dias restantes origen: 30 | Status origen: 1,,2026-05-05 19:20:42,,,,0,0,8500,[],,0
1946,branch:default,2,EFECTIVO,MENUDEO,55,0,55,JESUS MARIA,Usuario origen: ALONDRA26 | Liquidado origen: 1 | Credito abonado origen: 55 | Dias restantes origen: 0 | Status origen: 1,,2026-05-05 22:49:56,,,,0,0,55,[],,0
1947,branch:default,2,EFECTIVO,MENUDEO,8,0,8,JESUS MARIA,Usuario origen: ALONDRA26 | Liquidado origen: 1 | Credito abonado origen: 8 | Fecha limite origen: 2026-05-05 | Dias restantes origen: 0 | Status origen: 1,,2026-05-05 23:56:39,,,,0,0,8,[],,0
1948,branch:default,53,EFECTIVO,MENUDEO,13050,0,13050,PLAZA ALTEÑA,Usuario origen: ALONDRA26 | Liquidado origen: 1 | Credito abonado origen: 13050 | Fecha limite origen: 2026-06-05 | Dias restantes origen: 30 | Status origen: 1,,2026-05-06 13:33:30,,,,0,0,13050,[],,0
1949,branch:default,5,EFECTIVO,MENUDEO,3450,0,3450,CEN COMER,Usuario origen: ALONDRA26 | Liquidado origen: 1 | Credito abonado origen: 3450 | Fecha limite origen: 2026-05-21 | Dias restantes origen: 15 | Status origen: 1,,2026-05-06 13:35:56,,,,0,0,3450,[],,0
1950,branch:default,96,EFECTIVO,MENUDEO,4295,0,4295,EL PASO DE GUADALUPE,Usuario origen: ALONDRA26 | Liquidado origen: 1 | Credito abonado origen: 4295 | Fecha limite origen: 2026-06-05 | Dias restantes origen: 30 | Status origen: 1,,2026-05-06 13:37:12,,,,0,0,4295,[],,0
1951,branch:default,2,EFECTIVO,MENUDEO,120,0,120,JESUS MARIA,Usuario origen: ALONDRA26 | Liquidado origen: 1 | Credito abonado origen: 120 | Dias restantes origen: 0 | Status origen: 1,,2026-05-06 14:08:54,,,,0,0,120,[],,0
1952,branch:default,85,EFECTIVO,MENUDEO,280,0,280,JESUS MARIA,Usuario origen: ALONDRA26 | Liquidado origen: 1 | Credito abonado origen: 280 | Fecha limite origen: 2026-06-05 | Dias restantes origen: 30 | Status origen: 1,,2026-05-06 15:05:09,,,,0,0,280,[],,0
1953,branch:default,52,EFECTIVO,MENUDEO,1350,0,1350,JESUS MARIA,Usuario origen: ALONDRA26 | Liquidado origen: 1 | Credito abonado origen: 1350 | Fecha limite origen: 2026-06-05 | Dias restantes origen: 30 | Status origen: 1,,2026-05-06 15:17:21,,,,0,0,1350,[],,0
1954,branch:default,2,EFECTIVO,MENUDEO,500,0,500,JESUS MARIA,Usuario origen: ALONDRA26 | Liquidado origen: 1 | Credito abonado origen: 500 | Dias restantes origen: 0 | Status origen: 1,,2026-05-06 15:31:27,,,,0,0,500,[],,0
1955,branch:default,2,EFECTIVO,MENUDEO,331,0,331,JESUS MARIA,Usuario origen: ALONDRA26 | Liquidado origen: 1 | Credito abonado origen: 331 | Dias restantes origen: 0 | Status origen: 1,,2026-05-06 15:34:56,,,,0,0,331,[],,0
1956,branch:default,85,EFECTIVO,MENUDEO,1916,0,1916,JESUS MARIA,Usuario origen: ALONDRA26 | Liquidado origen: 1 | Credito abonado origen: 1916 | Fecha limite origen: 2026-06-05 | Dias restantes origen: 30 | Status origen: 1,,2026-05-06 15:47:11,,,,0,0,1916,[],,0
1957,branch:default,50,EFECTIVO,MENUDEO,3260,0,3260,LAS CRUCES,Usuario origen: ALONDRA26 | Liquidado origen: 1 | Credito abonado origen: 3260 | Fecha limite origen: 2026-06-05 | Dias restantes origen: 30 | Status origen: 1,,2026-05-06 15:59:40,,,,0,0,3260,[],,0
1958,branch:default,53,EFECTIVO,MENUDEO,5600,0,5600,PLAZA ALTEÑA,Usuario origen: ALONDRA26 | Liquidado origen: 1 | Credito abonado origen: 5600 | Fecha limite origen: 2026-06-05 | Dias restantes origen: 30 | Status origen: 1,,2026-05-06 16:32:29,,,,0,0,5600,[],,0
1959,branch:default,19,EFECTIVO,MENUDEO,5960,0,5960,LA LEONERA,Usuario origen: ALONDRA26 | Liquidado origen: 1 | Credito abonado origen: 5960 | Fecha limite origen: 2026-05-21 | Dias restantes origen: 15 | Status origen: 1,,2026-05-06 17:59:00,,,,0,0,5960,[],,0
1960,branch:default,53,EFECTIVO,MENUDEO,5000,0,5000,AGAVINA,Usuario origen: ALONDRA26 | Liquidado origen: 1 | Credito abonado origen: 5000 | Fecha limite origen: 2026-06-05 | Dias restantes origen: 30 | Status origen: 1,,2026-05-06 18:06:28,,,,0,0,5000,[],,0
1961,branch:default,7,EFECTIVO,MENUDEO,1770,0,1770,JESUS MARIA,Usuario origen: ALONDRA26 | Liquidado origen: 1 | Credito abonado origen: 1770 | Fecha limite origen: 2026-06-05 | Dias restantes origen: 30 | Status origen: 1,,2026-05-06 18:35:49,,,,0,0,1770,[],,0
1962,branch:default,2,EFECTIVO,MENUDEO,236,0,236,JESUS MARIA,Usuario origen: ALONDRA26 | Liquidado origen: 1 | Credito abonado origen: 236 | Fecha limite origen: 2026-05-06 | Dias restantes origen: 0 | Status origen: 1,,2026-05-06 18:58:55,,,,0,0,236,[],,0
1963,branch:default,85,EFECTIVO,MENUDEO,4855,0,4855,JESUS MARIA,Usuario origen: ALONDRA26 | Liquidado origen: 1 | Credito abonado origen: 4855 | Fecha limite origen: 2026-06-05 | Dias restantes origen: 30 | Status origen: 1,,2026-05-06 19:59:20,,,,0,0,4855,[],,0
1964,branch:default,52,EFECTIVO,MENUDEO,3780,0,3780,CASAS GEMEX,Usuario origen: ALONDRA26 | Liquidado origen: 1 | Credito abonado origen: 3780 | Fecha limite origen: 2026-06-05 | Dias restantes origen: 30 | Status origen: 1,,2026-05-06 20:37:57,,,,0,0,3780,[],,0
1965,branch:default,12,EFECTIVO,MENUDEO,12428,0,12428,OJO ZARCO,Usuario origen: ALONDRA26 | Liquidado origen: 1 | Credito abonado origen: 12428 | Fecha limite origen: 2026-06-05 | Dias restantes origen: 30 | Status origen: 1,,2026-05-06 22:23:41,,,,0,0,12428,[],,0
1966,branch:default,53,EFECTIVO,MENUDEO,26640,0,26640,AGAVINA C23,Usuario origen: ALONDRA26 | Liquidado origen: 1 | Credito abonado origen: 26640 | Fecha limite origen: 2026-06-06 | Dias restantes origen: 30 | Status origen: 1,,2026-05-07 13:17:08,,,,0,0,26640,[],,0
1967,branch:default,46,EFECTIVO,MENUDEO,1900,0,1900,JESUS MARIA,Usuario origen: ALONDRA26 | Liquidado origen: 1 | Credito abonado origen: 1900 | Fecha limite origen: 2026-06-06 | Dias restantes origen: 30 | Status origen: 1,,2026-05-07 13:27:03,,,,0,0,1900,[],,0
1968,branch:default,5,EFECTIVO,MENUDEO,1232,0,1232,CEN COMER,Usuario origen: ALONDRA26 | Liquidado origen: 1 | Credito abonado origen: 1232 | Fecha limite origen: 2026-05-22 | Dias restantes origen: 15 | Status origen: 1,,2026-05-07 13:37:50,,,,0,0,1232,[],,0
1969,branch:default,51,EFECTIVO,MENUDEO,90,0,90,JESUS MARIA,Usuario origen: ALONDRA26 | Liquidado origen: 1 | Credito abonado origen: 90 | Fecha limite origen: 2026-05-22 | Dias restantes origen: 15 | Status origen: 1,,2026-05-07 13:38:18,,,,0,0,90,[],,0
1970,branch:default,67,EFECTIVO,MENUDEO,1950,0,1950,JESUS MARIA,Usuario origen: ALONDRA26 | Liquidado origen: 1 | Credito abonado origen: 1950 | Fecha limite origen: 2026-05-22 | Dias restantes origen: 15 | Status origen: 1,,2026-05-07 13:54:51,,,,0,0,1950,[],,0
1971,branch:default,49,EFECTIVO,MENUDEO,1200,0,1200,DIF JESUS MARIA,Usuario origen: Administrador | Liquidado origen: 1 | Credito abonado origen: 1200 | Fecha limite origen: 2026-05-22 | Dias restantes origen: 15 | Status origen: 1,,2026-05-07 14:58:08,,,,0,0,1200,[],,0
1972,branch:default,7,EFECTIVO,MENUDEO,335,0,335,JESUS MARIA,Usuario origen: ALONDRA26 | Liquidado origen: 1 | Credito abonado origen: 335 | Fecha limite origen: 2026-06-06 | Dias restantes origen: 30 | Status origen: 1,,2026-05-07 15:23:00,,,,0,0,335,[],,0
1973,branch:default,2,EFECTIVO,MENUDEO,16,0,16,JESUS MARIA,Usuario origen: ALONDRA26 | Liquidado origen: 1 | Credito abonado origen: 16 | Dias restantes origen: 0 | Status origen: 1,,2026-05-07 16:06:14,,,,0,0,16,[],,0
1974,branch:default,85,EFECTIVO,MENUDEO,3780,0,3780,JESUS MARIA,Usuario origen: ALONDRA26 | Liquidado origen: 1 | Credito abonado origen: 3780 | Fecha limite origen: 2026-06-06 | Dias restantes origen: 30 | Status origen: 1,,2026-05-07 17:17:49,,,,0,0,3780,[],,0
1975,branch:default,80,EFECTIVO,MENUDEO,1180,0,1180,JESUS MARIA,Usuario origen: ALONDRA26 | Liquidado origen: 1 | Credito abonado origen: 1180 | Fecha limite origen: 2026-05-22 | Dias restantes origen: 15 | Status origen: 1,,2026-05-07 19:32:24,,,,0,0,1180,[],,0
1976,branch:default,20,CREDITO,MENUDEO,100,0,100,JESUS MARIA,Usuario origen: ALONDRA26 | Liquidado origen: 0 | Credito abonado origen: 0 | Fecha limite origen: 2026-06-06 | Dias restantes origen: 30 | Status origen: 1,,2026-05-07 21:21:30,,,,0,100,0,[],,0
1977,branch:default,53,EFECTIVO,MENUDEO,18485,0,18485,PLAZA ALTEÑA,Usuario origen: ALONDRA26 | Liquidado origen: 1 | Credito abonado origen: 18485 | Fecha limite origen: 2026-06-06 | Dias restantes origen: 30 | Status origen: 1,,2026-05-07 21:56:39,,,,0,0,18485,[],,0
1978,branch:default,2,EFECTIVO,MENUDEO,46,0,46,JESUS MARIA,Usuario origen: ALONDRA26 | Liquidado origen: 1 | Credito abonado origen: 46 | Dias restantes origen: 0 | Status origen: 1,,2026-05-07 23:15:14,,,,0,0,46,[],,0
1979,branch:default,85,EFECTIVO,MENUDEO,350,0,350,JESUS MARIA,Usuario origen: ALONDRA26 | Liquidado origen: 1 | Credito abonado origen: 350 | Fecha limite origen: 2026-06-06 | Dias restantes origen: 30 | Status origen: 1,,2026-05-07 23:24:17,,,,0,0,350,[],,0
1980,branch:default,46,EFECTIVO,MENUDEO,45,0,45,JESUS MARIA,Usuario origen: ALONDRA26 | Liquidado origen: 1 | Credito abonado origen: 45 | Dias restantes origen: 0 | Status origen: 1,,2026-05-08 16:06:43,,,,0,0,45,[],,0
1981,branch:default,2,EFECTIVO,MENUDEO,950,0,950,JESUS MARIA,Usuario origen: ALONDRA26 | Liquidado origen: 1 | Credito abonado origen: 950 | Dias restantes origen: 0 | Status origen: 1,,2026-05-08 18:17:57,,,,0,0,950,[],,0
1982,branch:default,5,EFECTIVO,MENUDEO,7850,0,7850,CEN COMER,Usuario origen: ALONDRA26 | Liquidado origen: 1 | Credito abonado origen: 7850 | Fecha limite origen: 2026-05-23 | Dias restantes origen: 15 | Status origen: 1,,2026-05-08 18:30:07,,,,0,0,7850,[],,0
1983,branch:default,91,EFECTIVO,MENUDEO,1180,0,1180,FRENTE PLANTA DE LA LUZ,Usuario origen: ALONDRA26 | Liquidado origen: 1 | Credito abonado origen: 1180 | Fecha limite origen: 2026-06-07 | Dias restantes origen: 30 | Status origen: 1,,2026-05-08 18:48:11,,,,0,0,1180,[],,0
1984,branch:default,2,EFECTIVO,MENUDEO,95,0,95,JESUS MARIA,Usuario origen: ALONDRA26 | Liquidado origen: 1 | Credito abonado origen: 95 | Fecha limite origen: 2026-05-08 | Dias restantes origen: 0 | Status origen: 1,,2026-05-08 20:40:22,,,,0,0,95,[],,0
1985,branch:default,46,EFECTIVO,MENUDEO,2900,0,2900,PALO CAIDO,Usuario origen: ALONDRA26 | Liquidado origen: 1 | Credito abonado origen: 2900 | Fecha limite origen: 2026-06-07 | Dias restantes origen: 30 | Status origen: 1,,2026-05-08 23:35:39,,,,0,0,2900,[],,0
1986,branch:default,87,EFECTIVO,MENUDEO,4150,0,4150,JESUS MARIA,Usuario origen: GRISELDA2026 | Liquidado origen: 1 | Credito abonado origen: 4150 | Fecha limite origen: 2026-06-08 | Dias restantes origen: 30 | Status origen: 1,,2026-05-09 13:18:14,,,,0,0,4150,[],,0
1987,branch:default,5,EFECTIVO,MENUDEO,2132,0,2132,CEN COMER,Usuario origen: GRISELDA2026 | Liquidado origen: 1 | Credito abonado origen: 2132 | Fecha limite origen: 2026-05-24 | Dias restantes origen: 15 | Status origen: 1,,2026-05-09 14:09:42,,,,0,0,2132,[],,0
1988,branch:default,2,EFECTIVO,MENUDEO,1800,0,1800,JESUS MARIA,Usuario origen: GRISELDA2026 | Liquidado origen: 1 | Credito abonado origen: 1800 | Dias restantes origen: 0 | Status origen: 1,,2026-05-09 15:29:41,,,,0,0,1800,[],,0
1989,branch:default,2,EFECTIVO,MENUDEO,1992,0,1992,CASAS GEMEX,Usuario origen: GRISELDA2026 | Liquidado origen: 1 | Credito abonado origen: 1992 | Dias restantes origen: 0 | Status origen: 1,,2026-05-09 17:18:52,,,,0,0,1992,[],,0
1990,branch:default,3,EFECTIVO,MENUDEO,26,0,26,JESUS MARIA,Usuario origen: GRISELDA2026 | Liquidado origen: 1 | Credito abonado origen: 26 | Dias restantes origen: 0 | Status origen: 1,,2026-05-09 17:22:47,,,,0,0,26,[],,0
1991,branch:default,74,EFECTIVO,MENUDEO,8500,0,8500,JESUS MARIA,Usuario origen: GRISELDA2026 | Liquidado origen: 1 | Credito abonado origen: 8500 | Fecha limite origen: 2026-06-08 | Dias restantes origen: 30 | Status origen: 1,,2026-05-09 18:00:26,,,,0,0,8500,[],,0
1992,branch:default,5,CREDITO,MENUDEO,3800,0,3800,CEN COMER,Usuario origen: GRISELDA2026 | Liquidado origen: 0 | Credito abonado origen: 0 | Fecha limite origen: 2026-05-24 | Dias restantes origen: 15 | Status origen: 0,,2026-05-09 18:35:04,,,,0,3800,0,[],,0
1993,branch:default,5,EFECTIVO,MENUDEO,3450,0,3450,CEN COMER,Usuario origen: GRISELDA2026 | Liquidado origen: 1 | Credito abonado origen: 3450 | Fecha limite origen: 2026-05-24 | Dias restantes origen: 15 | Status origen: 1,,2026-05-09 18:38:32,,,,0,0,3450,[],,0
1994,branch:default,2,EFECTIVO,MENUDEO,56,0,56,JESUS MARIA,Usuario origen: Administrador | Liquidado origen: 1 | Credito abonado origen: 56 | Dias restantes origen: 0 | Status origen: 1,,2026-05-09 19:23:26,,,,0,0,56,[],,0
1995,branch:default,5,EFECTIVO,MENUDEO,3480,0,3480,CEN COMER,Usuario origen: GRISELDA2026 | Liquidado origen: 1 | Credito abonado origen: 3480 | Fecha limite origen: 2026-05-26 | Dias restantes origen: 15 | Status origen: 1,,2026-05-11 13:58:51,,,,0,0,3480,[],,0
1996,branch:default,5,EFECTIVO,MENUDEO,4400,0,4400,CEN COMER,Usuario origen: GRISELDA2026 | Liquidado origen: 1 | Credito abonado origen: 4400 | Fecha limite origen: 2026-05-26 | Dias restantes origen: 15 | Status origen: 1,,2026-05-11 14:43:28,,,,0,0,4400,[],,0
1997,branch:default,73,EFECTIVO,MENUDEO,18500,0,18500,CASA DE LA KEBRADORA,Usuario origen: GRISELDA2026 | Liquidado origen: 1 | Credito abonado origen: 18500 | Fecha limite origen: 2026-06-10 | Dias restantes origen: 30 | Status origen: 1,,2026-05-11 14:53:15,,,,0,0,18500,[],,0
1998,branch:default,94,EFECTIVO,MENUDEO,600,0,600,ESPALDAS DE LA UNIDAD,Usuario origen: GRISELDA2026 | Liquidado origen: 1 | Credito abonado origen: 600 | Fecha limite origen: 2026-05-11 | Dias restantes origen: 0 | Status origen: 1,,2026-05-11 15:14:45,,,,0,0,600,[],,0
1999,branch:default,53,EFECTIVO,MENUDEO,17300,0,17300,PLAZA ALTEÑA,Usuario origen: GRISELDA2026 | Liquidado origen: 1 | Credito abonado origen: 17300 | Fecha limite origen: 2026-06-10 | Dias restantes origen: 30 | Status origen: 1,,2026-05-11 15:54:04,,,,0,0,17300,[],,0
2000,branch:default,2,EFECTIVO,MENUDEO,2000,0,2000,SAN VICENTE,Usuario origen: GRISELDA2026 | Liquidado origen: 1 | Credito abonado origen: 2000 | Fecha limite origen: 2026-05-11 | Dias restantes origen: 0 | Status origen: 1,,2026-05-11 16:00:34,,,,0,0,2000,[],,0
2001,branch:default,7,EFECTIVO,MENUDEO,1770,0,1770,JESUS MARIA,Usuario origen: ALONDRA26 | Liquidado origen: 1 | Credito abonado origen: 1770 | Dias restantes origen: 0 | Status origen: 1,,2026-05-11 16:32:51,,,,0,0,1770,[],,0
2002,branch:default,74,EFECTIVO,MENUDEO,8500,0,8500,JESUS MARIA,Usuario origen: ALONDRA26 | Liquidado origen: 1 | Credito abonado origen: 8500 | Fecha limite origen: 2026-06-10 | Dias restantes origen: 30 | Status origen: 1,,2026-05-11 16:46:37,,,,0,0,8500,[],,0
2003,branch:default,53,EFECTIVO,MENUDEO,61996,0,61996,PLAZA ALTEÑA,Usuario origen: ALONDRA26 | Liquidado origen: 1 | Credito abonado origen: 61996 | Fecha limite origen: 2026-06-10 | Dias restantes origen: 30 | Status origen: 1,,2026-05-11 17:50:00,,,,0,0,61996,[],,0
2004,branch:default,73,EFECTIVO,MENUDEO,30400,0,30400,SANTA MARIA DEL VALLE,Usuario origen: ALONDRA26 | Liquidado origen: 1 | Credito abonado origen: 30400 | Fecha limite origen: 2026-06-10 | Dias restantes origen: 30 | Status origen: 1,,2026-05-11 18:05:11,,,,0,0,30400,[],,0
2005,branch:default,74,EFECTIVO,MENUDEO,15100,0,15100,JESUS MARIA,Usuario origen: ALONDRA26 | Liquidado origen: 1 | Credito abonado origen: 15100 | Fecha limite origen: 2026-06-10 | Dias restantes origen: 30 | Status origen: 1,,2026-05-11 18:40:45,,,,0,0,15100,[],,0
2006,branch:default,56,EFECTIVO,MENUDEO,9300,0,9300,ESCUELA DE LAS POMEZ,Usuario origen: ALONDRA26 | Liquidado origen: 1 | Credito abonado origen: 9300 | Fecha limite origen: 2026-06-10 | Dias restantes origen: 30 | Status origen: 1,,2026-05-11 19:31:09,,,,0,0,9300,[],,0
2007,branch:default,93,EFECTIVO,MENUDEO,2200,0,2200,FRENTE BLOQUERA BARAJAS,Usuario origen: ALONDRA26 | Liquidado origen: 1 | Credito abonado origen: 2200 | Fecha limite origen: 2026-06-10 | Dias restantes origen: 30 | Status origen: 1,,2026-05-11 20:22:13,,,,0,0,2200,[],,0
2008,branch:default,56,EFECTIVO,MENUDEO,3960,0,3960,ESCUELA DE LAS POMEZ,Usuario origen: ALONDRA26 | Liquidado origen: 1 | Credito abonado origen: 3960 | Fecha limite origen: 2026-06-10 | Dias restantes origen: 30 | Status origen: 1,,2026-05-11 20:28:52,,,,0,0,3960,[],,0
2009,branch:default,93,EFECTIVO,MENUDEO,4400,0,4400,FRENTE BLOQUERA BARAJAS,Usuario origen: ALONDRA26 | Liquidado origen: 1 | Credito abonado origen: 4400 | Fecha limite origen: 2026-06-10 | Dias restantes origen: 30 | Status origen: 0,,2026-05-11 23:08:40,,,,0,0,4400,[],,0
2010,branch:default,53,EFECTIVO,MENUDEO,17400,0,17400,PLAZA ALTEÑA,Usuario origen: ALONDRA26 | Liquidado origen: 1 | Credito abonado origen: 17400 | Fecha limite origen: 2026-06-10 | Dias restantes origen: 30 | Status origen: 1,,2026-05-11 23:33:43,,,,0,0,17400,[],,0
2011,branch:default,20,CREDITO,MENUDEO,103,0,103,JESUS MARIA,Usuario origen: ALONDRA26 | Liquidado origen: 0 | Credito abonado origen: 0 | Fecha limite origen: 2026-06-10 | Dias restantes origen: 30 | Status origen: 1,,2026-05-11 23:37:13,,,,0,103,0,[],,0
2012,branch:default,49,EFECTIVO,MENUDEO,1200,0,1200,DIF JESUS MARIA,Usuario origen: ALONDRA26 | Liquidado origen: 1 | Credito abonado origen: 1200 | Fecha limite origen: 2026-05-27 | Dias restantes origen: 15 | Status origen: 1,,2026-05-12 13:16:21,,,,0,0,1200,[],,0
2013,branch:default,2,CREDITO,MENUDEO,235,0,235,JESUS MARIA,Usuario origen: ALONDRA26 | Liquidado origen: 0 | Credito abonado origen: 0 | Fecha limite origen: 2026-05-12 | Dias restantes origen: 0 | Status origen: 1,,2026-05-12 13:21:16,,,,0,235,0,[],,0
2014,branch:default,79,EFECTIVO,MENUDEO,3800,0,3800,JESUS MARIA,Usuario origen: ALONDRA26 | Liquidado origen: 1 | Credito abonado origen: 3800 | Fecha limite origen: 2026-06-11 | Dias restantes origen: 30 | Status origen: 1,,2026-05-12 14:51:10,,,,0,0,3800,[],,0
2015,branch:default,78,EFECTIVO,MENUDEO,3600,0,3600,PALETERIA LA TAPATIA FRENTE DE LA PREPA,Usuario origen: ALONDRA26 | Liquidado origen: 1 | Credito abonado origen: 3600 | Fecha limite origen: 2026-06-11 | Dias restantes origen: 30 | Status origen: 1,,2026-05-12 14:52:24,,,,0,0,3600,[],,0
2016,branch:default,85,EFECTIVO,MENUDEO,4331,0,4331,JESUS MARIA,Usuario origen: ALONDRA26 | Liquidado origen: 1 | Credito abonado origen: 4331 | Fecha limite origen: 2026-06-11 | Dias restantes origen: 30 | Status origen: 1,,2026-05-12 14:53:48,,,,0,0,4331,[],,0
2017,branch:default,64,EFECTIVO,MENUDEO,11354,0,11354,SAN JOSE DE LA PAZ,Usuario origen: ALONDRA26 | Liquidado origen: 1 | Credito abonado origen: 11354 | Fecha limite origen: 2026-06-11 | Dias restantes origen: 30 | Status origen: 1,,2026-05-12 14:57:05,,,,0,0,11354,[],,0
2018,branch:default,74,EFECTIVO,MENUDEO,17000,0,17000,JESUS MARIA,Usuario origen: ALONDRA26 | Liquidado origen: 1 | Credito abonado origen: 17000 | Fecha limite origen: 2026-06-11 | Dias restantes origen: 30 | Status origen: 1,,2026-05-12 15:09:15,,,,0,0,17000,[],,0
2019,branch:default,35,EFECTIVO,MENUDEO,2000,0,2000,JESUS MARIA,Usuario origen: ALONDRA26 | Liquidado origen: 1 | Credito abonado origen: 2000 | Fecha limite origen: 2026-06-11 | Dias restantes origen: 30 | Status origen: 1,,2026-05-12 15:13:13,,,,0,0,2000,[],,0
2020,branch:default,74,EFECTIVO,MENUDEO,6600,0,6600,JESUS MARIA,Usuario origen: ALONDRA26 | Liquidado origen: 1 | Credito abonado origen: 6600 | Fecha limite origen: 2026-06-11 | Dias restantes origen: 30 | Status origen: 1,,2026-05-12 16:09:43,,,,0,0,6600,[],,0
2021,branch:default,100,EFECTIVO,MENUDEO,3735,0,3735,SAN VICENTE,Usuario origen: ALONDRA26 | Liquidado origen: 1 | Credito abonado origen: 3735 | Fecha limite origen: 2026-06-11 | Dias restantes origen: 30 | Status origen: 1,,2026-05-12 17:28:46,,,,0,0,3735,[],,0
2022,branch:default,100,EFECTIVO,MENUDEO,3735,0,3735,SAN VICENTE,Usuario origen: ALONDRA26 | Liquidado origen: 1 | Credito abonado origen: 3735 | Fecha limite origen: 2026-06-11 | Dias restantes origen: 30 | Status origen: 1,,2026-05-12 17:29:28,,,,0,0,3735,[],,0
2023,branch:default,100,EFECTIVO,MENUDEO,3735,0,3735,SAN VICENTE,Usuario origen: ALONDRA26 | Liquidado origen: 1 | Credito abonado origen: 3735 | Fecha limite origen: 2026-06-11 | Dias restantes origen: 30 | Status origen: 1,,2026-05-12 17:30:09,,,,0,0,3735,[],,0
2024,branch:default,52,EFECTIVO,MENUDEO,1950,0,1950,JESUS MARIA,Usuario origen: ALONDRA26 | Liquidado origen: 1 | Credito abonado origen: 1950 | Fecha limite origen: 2026-06-11 | Dias restantes origen: 30 | Status origen: 1,,2026-05-12 18:07:00,,,,0,0,1950,[],,0
2025,branch:default,101,EFECTIVO,MENUDEO,2900,0,2900,SAN VICENTE,Usuario origen: ALONDRA26 | Liquidado origen: 1 | Credito abonado origen: 2900 | Fecha limite origen: 2026-05-12 | Dias restantes origen: 0 | Status origen: 1,,2026-05-12 22:09:36,,,,0,0,2900,[],,0
2026,branch:default,37,CREDITO,MENUDEO,2000,0,2000,LA LAGUNA,Usuario origen: ALONDRA26 | Liquidado origen: 0 | Credito abonado origen: 0 | Fecha limite origen: 2026-05-27 | Dias restantes origen: 15 | Status origen: 1,,2026-05-12 22:10:48,,,,0,2000,0,[],,0
2027,branch:default,31,CREDITO,MENUDEO,3900,0,3900,SAN VICENTE,Usuario origen: ALONDRA26 | Liquidado origen: 0 | Credito abonado origen: 0 | Fecha limite origen: 2026-05-27 | Dias restantes origen: 15 | Status origen: 1,,2026-05-12 22:13:04,,,,0,3900,0,[],,0
2028,branch:default,100,CREDITO,MENUDEO,7800,0,7800,SAN VICENTE,Usuario origen: ALONDRA26 | Liquidado origen: 0 | Credito abonado origen: 0 | Fecha limite origen: 2026-06-11 | Dias restantes origen: 30 | Status origen: 0,,2026-05-12 23:27:16,,,,0,7800,0,[],,0
2029,branch:default,53,EFECTIVO,MENUDEO,23900,0,23900,AGAVINA C23,Usuario origen: ALONDRA26 | Liquidado origen: 1 | Credito abonado origen: 23900 | Fecha limite origen: 2026-06-12 | Dias restantes origen: 30 | Status origen: 1,,2026-05-13 14:03:32,,,,0,0,23900,[],,0
2030,branch:default,85,EFECTIVO,MENUDEO,60,0,60,JESUS MARIA,Usuario origen: ALONDRA26 | Liquidado origen: 1 | Credito abonado origen: 60 | Fecha limite origen: 2026-06-12 | Dias restantes origen: 30 | Status origen: 1,,2026-05-13 15:02:07,,,,0,0,60,[],,0
2031,branch:default,12,EFECTIVO,MENUDEO,705,0,705,OJO ZARCO,Usuario origen: ALONDRA26 | Liquidado origen: 1 | Credito abonado origen: 705 | Fecha limite origen: 2026-06-12 | Dias restantes origen: 30 | Status origen: 1,,2026-05-13 15:50:10,,,,0,0,705,[],,0
2032,branch:default,96,EFECTIVO,MENUDEO,5384,0,5384,PASO DE GUADALUPE,Usuario origen: ALONDRA26 | Liquidado origen: 1 | Credito abonado origen: 5384 | Fecha limite origen: 2026-06-12 | Dias restantes origen: 30 | Status origen: 1,,2026-05-13 16:01:00,,,,0,0,5384,[],,0
2033,branch:default,2,EFECTIVO,MENUDEO,45,0,45,JESUS MARIA,Usuario origen: ALONDRA26 | Liquidado origen: 1 | Credito abonado origen: 45 | Dias restantes origen: 0 | Status origen: 1,,2026-05-13 18:24:40,,,,0,0,45,[],,0
2034,branch:default,6,EFECTIVO,MENUDEO,675,0,675,JESUS MARIA,Usuario origen: ALONDRA26 | Liquidado origen: 1 | Credito abonado origen: 675 | Fecha limite origen: 2026-05-13 | Dias restantes origen: 0 | Status origen: 1,,2026-05-13 18:54:07,,,,0,0,675,[],,0
2035,branch:default,100,CREDITO,MENUDEO,3900,0,3900,SAN VICENTE,Usuario origen: ALONDRA26 | Liquidado origen: 0 | Credito abonado origen: 0 | Fecha limite origen: 2026-06-12 | Dias restantes origen: 30 | Status origen: 0,,2026-05-13 19:00:36,,,,0,3900,0,[],,0
2036,branch:default,5,EFECTIVO,MENUDEO,4400,0,4400,CEN COMER,Usuario origen: ALONDRA26 | Liquidado origen: 1 | Credito abonado origen: 4400 | Fecha limite origen: 2026-05-28 | Dias restantes origen: 15 | Status origen: 1,,2026-05-13 19:09:52,,,,0,0,4400,[],,0
2037,branch:default,20,CREDITO,MENUDEO,40,0,40,JESUS MARIA,Usuario origen: ALONDRA26 | Liquidado origen: 0 | Credito abonado origen: 0 | Fecha limite origen: 2026-06-12 | Dias restantes origen: 30 | Status origen: 1,,2026-05-13 19:39:00,,,,0,40,0,[],,0
2038,branch:default,37,CREDITO,MENUDEO,4000,0,4000,LA LAGUNA,Usuario origen: ALONDRA26 | Liquidado origen: 0 | Credito abonado origen: 0 | Fecha limite origen: 2026-05-28 | Dias restantes origen: 15 | Status origen: 1,,2026-05-13 22:07:14,,,,0,4000,0,[],,0
2039,branch:default,2,EFECTIVO,MENUDEO,126,0,126,JESUS MARIA,Usuario origen: ALONDRA26 | Liquidado origen: 1 | Credito abonado origen: 126 | Dias restantes origen: 0 | Status origen: 1,,2026-05-14 00:02:47,,,,0,0,126,[],,0
2040,branch:default,7,EFECTIVO,MENUDEO,236,0,236,JESUS MARIA,Usuario origen: ALONDRA26 | Liquidado origen: 1 | Credito abonado origen: 236 | Fecha limite origen: 2026-06-13 | Dias restantes origen: 30 | Status origen: 0,,2026-05-14 14:20:40,,,,0,0,236,[],,0
2041,branch:default,7,EFECTIVO,MENUDEO,470,0,470,JESUS MARIA,Usuario origen: ALONDRA26 | Liquidado origen: 1 | Credito abonado origen: 470 | Fecha limite origen: 2026-06-13 | Dias restantes origen: 30 | Status origen: 0,,2026-05-14 14:22:12,,,,0,0,470,[],,0
2042,branch:default,65,EFECTIVO,MENUDEO,6893,0,6893,SAN RAFAEL,Usuario origen: ALONDRA26 | Liquidado origen: 1 | Credito abonado origen: 6893 | Fecha limite origen: 2026-06-13 | Dias restantes origen: 30 | Status origen: 1,,2026-05-14 15:01:38,,,,0,0,6893,[],,0
2043,branch:default,91,EFECTIVO,MENUDEO,2350,0,2350,PLANTA DE LA LUZ,Usuario origen: ALONDRA26 | Liquidado origen: 1 | Credito abonado origen: 2350 | Fecha limite origen: 2026-06-13 | Dias restantes origen: 30 | Status origen: 1,,2026-05-14 15:18:29,,,,0,0,2350,[],,0
2044,branch:default,102,EFECTIVO,MENUDEO,16000,0,16000,ARANDAS,Usuario origen: ALONDRA26 | Liquidado origen: 1 | Credito abonado origen: 16000 | Fecha limite origen: 2026-06-13 | Dias restantes origen: 30 | Status origen: 1,,2026-05-14 15:46:17,,,,0,0,16000,[],,0
2045,branch:default,7,EFECTIVO,MENUDEO,1175,0,1175,JESUS MARIA,Usuario origen: ALONDRA26 | Liquidado origen: 1 | Credito abonado origen: 1175 | Dias restantes origen: 0 | Status origen: 1,,2026-05-14 16:50:57,,,,0,0,1175,[],,0
2046,branch:default,7,EFECTIVO,MENUDEO,75,0,75,JESUS MARIA,Usuario origen: ALONDRA26 | Liquidado origen: 1 | Credito abonado origen: 75 | Dias restantes origen: 0 | Status origen: 1,,2026-05-14 16:53:58,,,,0,0,75,[],,0
2047,branch:default,85,EFECTIVO,MENUDEO,242,0,242,JESUS MARIA,Usuario origen: ALONDRA26 | Liquidado origen: 1 | Credito abonado origen: 242 | Fecha limite origen: 2026-06-13 | Dias restantes origen: 30 | Status origen: 1,,2026-05-14 17:26:40,,,,0,0,242,[],,0
2048,branch:default,16,CREDITO,MENUDEO,418,0,418,EL RANERO,Usuario origen: ALONDRA26 | Liquidado origen: 0 | Credito abonado origen: 0 | Fecha limite origen: 2026-06-13 | Dias restantes origen: 30 | Status origen: 1,,2026-05-14 19:01:43,,,,0,418,0,[],,0
2049,branch:default,65,EFECTIVO,MENUDEO,4200,0,4200,SAN RAFAEL,Usuario origen: ALONDRA26 | Liquidado origen: 1 | Credito abonado origen: 4200 | Fecha limite origen: 2026-06-13 | Dias restantes origen: 30 | Status origen: 1,,2026-05-14 21:13:26,,,,0,0,4200,[],,0
2050,branch:default,5,EFECTIVO,MENUDEO,4400,0,4400,CEN COMER,Usuario origen: ALONDRA26 | Liquidado origen: 1 | Credito abonado origen: 4400 | Fecha limite origen: 2026-05-29 | Dias restantes origen: 15 | Status origen: 1,,2026-05-14 21:42:44,,,,0,0,4400,[],,0
2051,branch:default,102,EFECTIVO,MENUDEO,6925,0,6925,ALEVA RESIDENCIAL,Usuario origen: ALONDRA26 | Liquidado origen: 1 | Credito abonado origen: 6925 | Fecha limite origen: 2026-06-14 | Dias restantes origen: 30 | Status origen: 1,,2026-05-15 13:21:00,,,,0,0,6925,[],,0
2052,branch:default,53,EFECTIVO,MENUDEO,42140,0,42140,PLAZA ALTEÑA,Usuario origen: ALONDRA26 | Liquidado origen: 1 | Credito abonado origen: 42140 | Fecha limite origen: 2026-06-14 | Dias restantes origen: 30 | Status origen: 1,,2026-05-15 13:21:55,,,,0,0,42140,[],,0
2053,branch:default,5,EFECTIVO,MENUDEO,3450,0,3450,CEN COMER,Usuario origen: ALONDRA26 | Liquidado origen: 1 | Credito abonado origen: 3450 | Fecha limite origen: 2026-05-30 | Dias restantes origen: 15 | Status origen: 1,,2026-05-15 13:23:11,,,,0,0,3450,[],,0
2054,branch:default,49,EFECTIVO,MENUDEO,600,0,600,DIF JESUS MARIA,Usuario origen: ALONDRA26 | Liquidado origen: 1 | Credito abonado origen: 600 | Fecha limite origen: 2026-05-30 | Dias restantes origen: 15 | Status origen: 1,,2026-05-15 13:46:30,,,,0,0,600,[],,0
2055,branch:default,100,EFECTIVO,MENUDEO,11994,0,11994,EL RANERO,Usuario origen: ALONDRA26 | Liquidado origen: 1 | Credito abonado origen: 11994 | Fecha limite origen: 2026-06-14 | Dias restantes origen: 30 | Status origen: 1,,2026-05-15 14:00:20,,,,0,0,11994,[],,0
2056,branch:default,93,EFECTIVO,MENUDEO,2200,0,2200,FRENTE BLOQUERA BARAJAS,Usuario origen: ALONDRA26 | Liquidado origen: 1 | Credito abonado origen: 2200 | Fecha limite origen: 2026-06-14 | Dias restantes origen: 30 | Status origen: 1,,2026-05-15 14:28:12,,,,0,0,2200,[],,0
2057,branch:default,100,EFECTIVO,MENUDEO,2900,0,2900,SAN VICENTE,Usuario origen: ALONDRA26 | Liquidado origen: 1 | Credito abonado origen: 2900 | Fecha limite origen: 2026-06-14 | Dias restantes origen: 30 | Status origen: 1,,2026-05-15 17:36:24,,,,0,0,2900,[],,0
2058,branch:default,2,EFECTIVO,MENUDEO,600,0,600,JESUS MARIA,Usuario origen: ALONDRA26 | Liquidado origen: 1 | Credito abonado origen: 600 | Fecha limite origen: 2026-05-15 | Dias restantes origen: 0 | Status origen: 1,,2026-05-15 18:51:13,,,,0,0,600,[],,0
2059,branch:default,100,EFECTIVO,MENUDEO,2900,0,2900,SAN VICENTE,Usuario origen: ALONDRA26 | Liquidado origen: 1 | Credito abonado origen: 2900 | Fecha limite origen: 2026-06-14 | Dias restantes origen: 30 | Status origen: 1,,2026-05-15 19:45:34,,,,0,0,2900,[],,0
2060,branch:default,35,EFECTIVO,MENUDEO,1175,0,1175,JESUS MARIA,Usuario origen: ALONDRA26 | Liquidado origen: 1 | Credito abonado origen: 1175 | Fecha limite origen: 2026-06-14 | Dias restantes origen: 30 | Status origen: 1,,2026-05-15 21:57:22,,,,0,0,1175,[],,0
2061,branch:default,73,EFECTIVO,MENUDEO,18500,0,18500,CASA DE LA KEBRADORA ARANDAS,Usuario origen: ALONDRA26 | Liquidado origen: 1 | Credito abonado origen: 18500 | Fecha limite origen: 2026-06-15 | Dias restantes origen: 30 | Status origen: 1,,2026-05-16 17:43:25,,,,0,0,18500,[],,0
2062,branch:default,2,EFECTIVO,MENUDEO,18,0,18,JESUS MARIA,Usuario origen: ALONDRA26 | Liquidado origen: 1 | Credito abonado origen: 18 | Dias restantes origen: 0 | Status origen: 1,,2026-05-16 18:10:16,,,,0,0,18,[],,0
2063,branch:default,5,EFECTIVO,MENUDEO,4400,0,4400,CEN COMER,Usuario origen: ALONDRA26 | Liquidado origen: 1 | Credito abonado origen: 4400 | Fecha limite origen: 2026-05-31 | Dias restantes origen: 15 | Status origen: 1,,2026-05-16 18:49:52,,,,0,0,4400,[],,0
2064,branch:default,103,EFECTIVO,MENUDEO,52600,0,52600,ARANDAS,Usuario origen: ALONDRA26 | Liquidado origen: 1 | Credito abonado origen: 52600 | Fecha limite origen: 2026-06-17 | Dias restantes origen: 30 | Status origen: 1,,2026-05-18 14:35:03,,,,0,0,52600,[],,0
2065,branch:default,96,EFECTIVO,MENUDEO,4700,0,4700,PASO DE GUADALUPE,Usuario origen: ALONDRA26 | Liquidado origen: 1 | Credito abonado origen: 4700 | Fecha limite origen: 2026-06-17 | Dias restantes origen: 30 | Status origen: 1,,2026-05-18 14:36:31,,,,0,0,4700,[],,0
2066,branch:default,87,EFECTIVO,MENUDEO,6050,0,6050,JESUS MARIA,Usuario origen: ALONDRA26 | Liquidado origen: 1 | Credito abonado origen: 6050 | Fecha limite origen: 2026-06-17 | Dias restantes origen: 30 | Status origen: 1,,2026-05-18 14:37:34,,,,0,0,6050,[],,0
2067,branch:default,85,EFECTIVO,MENUDEO,644,0,644,JESUS MARIA,Usuario origen: ALONDRA26 | Liquidado origen: 1 | Credito abonado origen: 644 | Fecha limite origen: 2026-06-17 | Dias restantes origen: 30 | Status origen: 1,,2026-05-18 15:27:56,,,,0,0,644,[],,0
2068,branch:default,104,EFECTIVO,MENUDEO,8500,0,8500,ARANDAS,Usuario origen: ALONDRA26 | Liquidado origen: 1 | Credito abonado origen: 8500 | Fecha limite origen: 2026-06-17 | Dias restantes origen: 30 | Status origen: 1,,2026-05-18 16:33:36,,,,0,0,8500,[],,0
2069,branch:default,18,CREDITO,MENUDEO,60,0,60,JESUS MARIA,Usuario origen: ALONDRA26 | Liquidado origen: 0 | Credito abonado origen: 0 | Fecha limite origen: 2026-06-02 | Dias restantes origen: 15 | Status origen: 1,,2026-05-18 18:11:17,,,,0,60,0,[],,0
2070,branch:default,18,CREDITO,MENUDEO,75,0,75,JESUS MARIA,Usuario origen: ALONDRA26 | Liquidado origen: 0 | Credito abonado origen: 0 | Fecha limite origen: 2026-06-02 | Dias restantes origen: 15 | Status origen: 1,,2026-05-18 18:12:16,,,,0,75,0,[],,0
2071,branch:default,85,EFECTIVO,MENUDEO,2418,0,2418,JESUS MARIA,Usuario origen: ALONDRA26 | Liquidado origen: 1 | Credito abonado origen: 2418 | Fecha limite origen: 2026-06-17 | Dias restantes origen: 30 | Status origen: 1,,2026-05-18 18:37:19,,,,0,0,2418,[],,0
2072,branch:default,5,EFECTIVO,MENUDEO,3450,0,3450,CEN COMER,Usuario origen: ALONDRA26 | Liquidado origen: 1 | Credito abonado origen: 3450 | Fecha limite origen: 2026-06-02 | Dias restantes origen: 15 | Status origen: 1,,2026-05-18 18:44:09,,,,0,0,3450,[],,0
2073,branch:default,71,EFECTIVO,MENUDEO,8400,0,8400,JESUS MARIA,Usuario origen: ALONDRA26 | Liquidado origen: 1 | Credito abonado origen: 8400 | Fecha limite origen: 2026-05-18 | Dias restantes origen: 0 | Status origen: 1,,2026-05-18 20:21:13,,,,0,0,8400,[],,0
2074,branch:default,78,EFECTIVO,MENUDEO,9050,0,9050,PALETERIA LA TAPATIA,Usuario origen: ALONDRA26 | Liquidado origen: 1 | Credito abonado origen: 9050 | Fecha limite origen: 2026-06-17 | Dias restantes origen: 30 | Status origen: 1,,2026-05-18 20:22:48,,,,0,0,9050,[],,0
2075,branch:default,53,EFECTIVO,MENUDEO,43200,0,43200,AGAVINA,Usuario origen: ALONDRA26 | Liquidado origen: 1 | Credito abonado origen: 43200 | Fecha limite origen: 2026-06-17 | Dias restantes origen: 30 | Status origen: 1,,2026-05-18 20:25:10,,,,0,0,43200,[],,0
2076,branch:default,85,EFECTIVO,MENUDEO,412,0,412,JESUS MARIA,Usuario origen: ALONDRA26 | Liquidado origen: 1 | Credito abonado origen: 412 | Fecha limite origen: 2026-06-17 | Dias restantes origen: 30 | Status origen: 1,,2026-05-18 21:15:45,,,,0,0,412,[],,0
2077,branch:default,71,EFECTIVO,MENUDEO,270,0,270,JESUS MARIA,Usuario origen: ALONDRA26 | Liquidado origen: 1 | Credito abonado origen: 270 | Fecha limite origen: 2026-05-18 | Dias restantes origen: 0 | Status origen: 1,,2026-05-18 21:16:55,,,,0,0,270,[],,0
2078,branch:default,104,EFECTIVO,MENUDEO,462,0,462,ARANDAS,Usuario origen: ALONDRA26 | Liquidado origen: 1 | Credito abonado origen: 462 | Fecha limite origen: 2026-06-17 | Dias restantes origen: 30 | Status origen: 1,,2026-05-18 21:36:51,,,,0,0,462,[],,0
2079,branch:default,102,EFECTIVO,MENUDEO,16000,0,16000,ALEVA RESIDENCIAL,Usuario origen: ALONDRA26 | Liquidado origen: 1 | Credito abonado origen: 16000 | Fecha limite origen: 2026-06-18 | Dias restantes origen: 30 | Status origen: 1,,2026-05-19 13:19:23,,,,0,0,16000,[],,0
2080,branch:default,85,EFECTIVO,MENUDEO,110,0,110,JESUS MARIA,Usuario origen: ALONDRA26 | Liquidado origen: 1 | Credito abonado origen: 110 | Fecha limite origen: 2026-06-18 | Dias restantes origen: 30 | Status origen: 1,,2026-05-19 14:44:16,,,,0,0,110,[],,0
2081,branch:default,18,CREDITO,MENUDEO,3800,0,3800,CRUCERO POMEZ,Usuario origen: ALONDRA26 | Liquidado origen: 0 | Credito abonado origen: 0 | Fecha limite origen: 2026-06-03 | Dias restantes origen: 15 | Status origen: 1,,2026-05-19 14:50:19,,,,0,3800,0,[],,0
2082,branch:default,56,EFECTIVO,MENUDEO,3800,0,3800,ESCUELA DE LAS POMEZ,Usuario origen: ALONDRA26 | Liquidado origen: 1 | Credito abonado origen: 3800 | Fecha limite origen: 2026-06-18 | Dias restantes origen: 30 | Status origen: 1,,2026-05-19 14:50:59,,,,0,0,3800,[],,0
2083,branch:default,91,EFECTIVO,MENUDEO,5031,0,5031,PLANTA DE LA LUZ,Usuario origen: ALONDRA26 | Liquidado origen: 1 | Credito abonado origen: 5031 | Fecha limite origen: 2026-06-18 | Dias restantes origen: 30 | Status origen: 1,,2026-05-19 15:23:01,,,,0,0,5031,[],,0
2084,branch:default,5,EFECTIVO,MENUDEO,4400,0,4400,CEN COMER,Usuario origen: ALONDRA26 | Liquidado origen: 1 | Credito abonado origen: 4400 | Fecha limite origen: 2026-06-03 | Dias restantes origen: 15 | Status origen: 1,,2026-05-19 15:23:58,,,,0,0,4400,[],,0
2085,branch:default,53,EFECTIVO,MENUDEO,29340,0,29340,PLAZA ALTEÑA,Usuario origen: ALONDRA26 | Liquidado origen: 1 | Credito abonado origen: 29340 | Fecha limite origen: 2026-06-18 | Dias restantes origen: 30 | Status origen: 1,,2026-05-19 15:26:21,,,,0,0,29340,[],,0
2086,branch:default,85,EFECTIVO,MENUDEO,389,0,389,JESUS MARIA,Usuario origen: ALONDRA26 | Liquidado origen: 1 | Credito abonado origen: 389 | Fecha limite origen: 2026-06-18 | Dias restantes origen: 30 | Status origen: 1,,2026-05-19 17:52:29,,,,0,0,389,[],,0
2087,branch:default,56,EFECTIVO,MENUDEO,9300,0,9300,ESCUELA DE LAS POMEZ,Usuario origen: ALONDRA26 | Liquidado origen: 1 | Credito abonado origen: 9300 | Fecha limite origen: 2026-06-18 | Dias restantes origen: 30 | Status origen: 1,,2026-05-19 18:27:49,,,,0,0,9300,[],,0
2088,branch:default,2,EFECTIVO,MENUDEO,95,0,95,JESUS MARIA,Usuario origen: Administrador | Liquidado origen: 1 | Credito abonado origen: 95 | Dias restantes origen: 0 | Status origen: 1,,2026-05-19 20:04:48,,,,0,0,95,[],,0
2089,branch:default,103,EFECTIVO,MENUDEO,6910,0,6910,ARANDAS,Usuario origen: ALONDRA26 | Liquidado origen: 1 | Credito abonado origen: 6910 | Fecha limite origen: 2026-06-18 | Dias restantes origen: 30 | Status origen: 1,,2026-05-19 20:48:21,,,,0,0,6910,[],,0
2090,branch:default,95,EFECTIVO,MENUDEO,712,0,712,JESUS MARIA,Usuario origen: ALONDRA26 | Liquidado origen: 1 | Credito abonado origen: 712 | Fecha limite origen: 2026-06-03 | Dias restantes origen: 15 | Status origen: 1,,2026-05-19 23:52:06,,,,0,0,712,[],,0
2091,branch:default,49,EFECTIVO,MENUDEO,1800,0,1800,DIF JESUS MARIA,Usuario origen: ALONDRA26 | Liquidado origen: 1 | Credito abonado origen: 1800 | Fecha limite origen: 2026-06-04 | Dias restantes origen: 15 | Status origen: 1,,2026-05-20 13:41:52,,,,0,0,1800,[],,0
2092,branch:default,2,EFECTIVO,MENUDEO,220,0,220,JESUS MARIA,Usuario origen: ALONDRA26 | Liquidado origen: 1 | Credito abonado origen: 220 | Fecha limite origen: 2026-05-20 | Dias restantes origen: 0 | Status origen: 1,,2026-05-20 14:29:10,,,,0,0,220,[],,0
2093,branch:default,2,EFECTIVO,MENUDEO,22,0,22,JESUS MARIA,Usuario origen: ALONDRA26 | Liquidado origen: 1 | Credito abonado origen: 22 | Dias restantes origen: 0 | Status origen: 1,,2026-05-20 14:41:59,,,,0,0,22,[],,0
2094,branch:default,5,EFECTIVO,MENUDEO,3450,0,3450,CEN COMER,Usuario origen: ALONDRA26 | Liquidado origen: 1 | Credito abonado origen: 3450 | Fecha limite origen: 2026-06-04 | Dias restantes origen: 15 | Status origen: 1,,2026-05-20 14:52:40,,,,0,0,3450,[],,0
2095,branch:default,18,CREDITO,MENUDEO,3700,0,3700,CRUCERO POMEZ,Usuario origen: ALONDRA26 | Liquidado origen: 0 | Credito abonado origen: 0 | Fecha limite origen: 2026-06-04 | Dias restantes origen: 15 | Status origen: 1,,2026-05-20 15:12:45,,,,0,3700,0,[],,0
2096,branch:default,5,EFECTIVO,MENUDEO,3450,0,3450,CEN COMER,Usuario origen: ALONDRA26 | Liquidado origen: 1 | Credito abonado origen: 3450 | Fecha limite origen: 2026-06-04 | Dias restantes origen: 15 | Status origen: 1,,2026-05-20 15:44:39,,,,0,0,3450,[],,0
2097,branch:default,85,EFECTIVO,MENUDEO,3943,0,3943,JESUS MARIA,Usuario origen: ALONDRA26 | Liquidado origen: 1 | Credito abonado origen: 3943 | Fecha limite origen: 2026-06-19 | Dias restantes origen: 30 | Status origen: 1,,2026-05-20 15:56:03,,,,0,0,3943,[],,0
2098,branch:default,95,EFECTIVO,MENUDEO,3173,0,3173,JESUS MARIA,Usuario origen: ALONDRA26 | Liquidado origen: 1 | Credito abonado origen: 3173 | Fecha limite origen: 2026-06-04 | Dias restantes origen: 15 | Status origen: 1,,2026-05-20 17:09:08,,,,0,0,3173,[],,0
2099,branch:default,2,EFECTIVO,MENUDEO,192,0,192,JESUS MARIA,Usuario origen: ALONDRA26 | Liquidado origen: 1 | Credito abonado origen: 192 | Dias restantes origen: 0 | Status origen: 1,,2026-05-20 17:21:14,,,,0,0,192,[],,0
2100,branch:default,2,EFECTIVO,MENUDEO,244,0,244,JESUS MARIA,Usuario origen: ALONDRA26 | Liquidado origen: 1 | Credito abonado origen: 244 | Fecha limite origen: 2026-05-20 | Dias restantes origen: 0 | Status origen: 1,,2026-05-20 17:58:26,,,,0,0,244,[],,0
2101,branch:default,2,EFECTIVO,MENUDEO,168,0,168,JESUS MARIA,Usuario origen: ALONDRA26 | Liquidado origen: 1 | Credito abonado origen: 168 | Fecha limite origen: 2026-05-20 | Dias restantes origen: 0 | Status origen: 1,,2026-05-20 18:01:52,,,,0,0,168,[],,0
2102,branch:default,93,EFECTIVO,MENUDEO,700,0,700,JESUS MARIA,Usuario origen: ALONDRA26 | Liquidado origen: 1 | Credito abonado origen: 700 | Fecha limite origen: 2026-06-19 | Dias restantes origen: 30 | Status origen: 1,,2026-05-20 18:12:18,,,,0,0,700,[],,0
2103,branch:default,53,EFECTIVO,MENUDEO,18025,0,18025,PLAZA ALTEÑA,Usuario origen: ALONDRA26 | Liquidado origen: 1 | Credito abonado origen: 18025 | Fecha limite origen: 2026-06-19 | Dias restantes origen: 30 | Status origen: 1,,2026-05-20 18:13:41,,,,0,0,18025,[],,0
2104,branch:default,97,EFECTIVO,MENUDEO,5701,0,5701,SAN AGUSTIN,Usuario origen: ALONDRA26 | Liquidado origen: 1 | Credito abonado origen: 5701 | Fecha limite origen: 2026-06-19 | Dias restantes origen: 30 | Status origen: 1,,2026-05-20 18:28:11,,,,0,0,5701,[],,0
2105,branch:default,85,EFECTIVO,MENUDEO,3700,0,3700,JESUS MARIA,Usuario origen: ALONDRA26 | Liquidado origen: 1 | Credito abonado origen: 3700 | Fecha limite origen: 2026-06-19 | Dias restantes origen: 30 | Status origen: 1,,2026-05-20 19:55:38,,,,0,0,3700,[],,0
2106,branch:default,2,EFECTIVO,MENUDEO,1622,0,1622,CALLE 5 DE FEBRERO #63,Usuario origen: ALONDRA26 | Liquidado origen: 1 | Credito abonado origen: 1622 | Fecha limite origen: 2026-05-20 | Dias restantes origen: 0 | Status origen: 1,,2026-05-20 22:11:23,,,,0,0,1622,[],,0
2107,branch:default,93,EFECTIVO,MENUDEO,8460,0,8460,FRENTE BLOQUERA BARAJAS,Usuario origen: ALONDRA26 | Liquidado origen: 1 | Credito abonado origen: 8460 | Fecha limite origen: 2026-06-20 | Dias restantes origen: 30 | Status origen: 1,,2026-05-21 13:17:50,,,,0,0,8460,[],,0
2108,branch:default,87,EFECTIVO,MENUDEO,7995,0,7995,JESUS MARIA,Usuario origen: ALONDRA26 | Liquidado origen: 1 | Credito abonado origen: 7995 | Fecha limite origen: 2026-06-20 | Dias restantes origen: 30 | Status origen: 1,,2026-05-21 13:39:28,,,,0,0,7995,[],,0
2109,branch:default,2,EFECTIVO,MENUDEO,360,0,360,JESUS MARIA,Usuario origen: ALONDRA26 | Liquidado origen: 1 | Credito abonado origen: 360 | Dias restantes origen: 0 | Status origen: 1,,2026-05-21 14:05:52,,,,0,0,360,[],,0
2110,branch:default,2,EFECTIVO,MENUDEO,387.5,0,387.5,JESUS MARIA,Usuario origen: ALONDRA26 | Liquidado origen: 1 | Credito abonado origen: 387.5 | Fecha limite origen: 2026-05-21 | Dias restantes origen: 0 | Status origen: 1,,2026-05-21 14:44:19,,,,0,0,387.5,[],,0
2111,branch:default,2,EFECTIVO,MENUDEO,30,0,30,JESUS MARIA,Usuario origen: ALONDRA26 | Liquidado origen: 1 | Credito abonado origen: 30 | Dias restantes origen: 0 | Status origen: 1,,2026-05-21 15:06:35,,,,0,0,30,[],,0
2112,branch:default,2,EFECTIVO,MENUDEO,18,0,18,JESUS MARIA,Usuario origen: ALONDRA26 | Liquidado origen: 1 | Credito abonado origen: 18 | Dias restantes origen: 0 | Status origen: 1,,2026-05-21 15:07:47,,,,0,0,18,[],,0
2113,branch:default,53,EFECTIVO,MENUDEO,1780,0,1780,NISLA C60,Usuario origen: ALONDRA26 | Liquidado origen: 1 | Credito abonado origen: 1780 | Fecha limite origen: 2026-06-20 | Dias restantes origen: 30 | Status origen: 1,,2026-05-21 15:18:15,,,,0,0,1780,[],,0
2114,branch:default,85,EFECTIVO,MENUDEO,182,0,182,EL ROBLE,Usuario origen: Administrador | Liquidado origen: 1 | Credito abonado origen: 182 | Fecha limite origen: 2026-06-20 | Dias restantes origen: 30 | Status origen: 1,,2026-05-21 15:28:53,,,,0,0,182,[],,0
2115,branch:default,2,EFECTIVO,MENUDEO,1350,0,1350,JESUS MARIA,Usuario origen: ALONDRA26 | Liquidado origen: 1 | Credito abonado origen: 1350 | Fecha limite origen: 2026-05-21 | Dias restantes origen: 0 | Status origen: 1,,2026-05-21 15:39:35,,,,0,0,1350,[],,0
2116,branch:default,102,EFECTIVO,MENUDEO,24000,0,24000,ARANDAS,Usuario origen: ALONDRA26 | Liquidado origen: 1 | Credito abonado origen: 24000 | Fecha limite origen: 2026-06-20 | Dias restantes origen: 30 | Status origen: 1,,2026-05-21 16:03:53,,,,0,0,24000,[],,0
2117,branch:default,102,EFECTIVO,MENUDEO,660,0,660,ARANDAS,Usuario origen: ALONDRA26 | Liquidado origen: 1 | Credito abonado origen: 660 | Fecha limite origen: 2026-06-20 | Dias restantes origen: 30 | Status origen: 1,,2026-05-21 16:32:36,,,,0,0,660,[],,0
2118,branch:default,2,EFECTIVO,MENUDEO,2300,0,2300,JESUS MARIA,Usuario origen: ALONDRA26 | Liquidado origen: 1 | Credito abonado origen: 2300 | Fecha limite origen: 2026-05-21 | Dias restantes origen: 0 | Status origen: 1,,2026-05-21 17:25:53,,,,0,0,2300,[],,0
2119,branch:default,2,EFECTIVO,MENUDEO,8575,0,8575,JESUS MARIA,Usuario origen: ALONDRA26 | Liquidado origen: 1 | Credito abonado origen: 8575 | Fecha limite origen: 2026-05-21 | Dias restantes origen: 0 | Status origen: 1,,2026-05-21 17:30:18,,,,0,0,8575,[],,0
2120,branch:default,85,EFECTIVO,MENUDEO,2171,0,2171,JESUS MARIA,Usuario origen: ALONDRA26 | Liquidado origen: 1 | Credito abonado origen: 2171 | Fecha limite origen: 2026-06-20 | Dias restantes origen: 30 | Status origen: 1,,2026-05-21 18:08:34,,,,0,0,2171,[],,0
2121,branch:default,85,EFECTIVO,MENUDEO,85,0,85,JESUS MARIA,Usuario origen: ALONDRA26 | Liquidado origen: 1 | Credito abonado origen: 85 | Fecha limite origen: 2026-06-20 | Dias restantes origen: 30 | Status origen: 1,,2026-05-21 18:12:32,,,,0,0,85,[],,0
2122,branch:default,3,EFECTIVO,MENUDEO,157,0,157,JESUS MARIA,Usuario origen: ALONDRA26 | Liquidado origen: 1 | Credito abonado origen: 157 | Dias restantes origen: 0 | Status origen: 1,,2026-05-21 18:16:23,,,,0,0,157,[],,0
2123,branch:default,53,EFECTIVO,MENUDEO,11800,0,11800,AGAVINA,Usuario origen: ALONDRA26 | Liquidado origen: 1 | Credito abonado origen: 11800 | Fecha limite origen: 2026-06-20 | Dias restantes origen: 30 | Status origen: 1,,2026-05-21 20:36:49,,,,0,0,11800,[],,0
2124,branch:default,79,EFECTIVO,MENUDEO,1200,0,1200,JESUS MARIA,Usuario origen: ALONDRA26 | Liquidado origen: 1 | Credito abonado origen: 1200 | Fecha limite origen: 2026-06-20 | Dias restantes origen: 30 | Status origen: 1,,2026-05-21 20:39:24,,,,0,0,1200,[],,0
2125,branch:default,2,EFECTIVO,MENUDEO,18,0,18,JESUS MARIA,Usuario origen: ALONDRA26 | Liquidado origen: 1 | Credito abonado origen: 18 | Dias restantes origen: 0 | Status origen: 1,,2026-05-21 20:44:21,,,,0,0,18,[],,0
2126,branch:default,85,EFECTIVO,MENUDEO,520,0,520,JESUS MARIA,Usuario origen: ALONDRA26 | Liquidado origen: 1 | Credito abonado origen: 520 | Fecha limite origen: 2026-06-20 | Dias restantes origen: 30 | Status origen: 1,,2026-05-21 23:15:46,,,,0,0,520,[],,0
2127,branch:default,5,EFECTIVO,MENUDEO,7950,0,7950,CEN COMER,Usuario origen: ALONDRA26 | Liquidado origen: 1 | Credito abonado origen: 7950 | Fecha limite origen: 2026-06-06 | Dias restantes origen: 15 | Status origen: 1,,2026-05-22 13:27:40,,,,0,0,7950,[],,0
2128,branch:default,79,EFECTIVO,MENUDEO,3700,0,3700,JESUS MARIA,Usuario origen: ALONDRA26 | Liquidado origen: 1 | Credito abonado origen: 3700 | Fecha limite origen: 2026-06-21 | Dias restantes origen: 30 | Status origen: 1,,2026-05-22 14:36:47,,,,0,0,3700,[],,0
2129,branch:default,85,EFECTIVO,MENUDEO,3780,0,3780,JESUS MARIA,Usuario origen: ALONDRA26 | Liquidado origen: 1 | Credito abonado origen: 3780 | Fecha limite origen: 2026-06-21 | Dias restantes origen: 30 | Status origen: 1,,2026-05-22 15:35:33,,,,0,0,3780,[],,0
2130,branch:default,53,EFECTIVO,MENUDEO,16000,0,16000,AGAVINA C23,Usuario origen: ALONDRA26 | Liquidado origen: 1 | Credito abonado origen: 16000 | Fecha limite origen: 2026-06-21 | Dias restantes origen: 30 | Status origen: 1,,2026-05-22 15:52:37,,,,0,0,16000,[],,0
2131,branch:default,100,EFECTIVO,MENUDEO,1999,0,1999,SAN VICENTE,Usuario origen: ALONDRA26 | Liquidado origen: 1 | Credito abonado origen: 1999 | Fecha limite origen: 2026-06-21 | Dias restantes origen: 30 | Status origen: 1,,2026-05-22 16:53:34,,,,0,0,1999,[],,0
2132,branch:default,91,EFECTIVO,MENUDEO,1200,0,1200,PLANTA DE LA LUZ,Usuario origen: ALONDRA26 | Liquidado origen: 1 | Credito abonado origen: 1200 | Fecha limite origen: 2026-06-21 | Dias restantes origen: 30 | Status origen: 1,,2026-05-22 17:13:58,,,,0,0,1200,[],,0
2133,branch:default,2,EFECTIVO,MENUDEO,282,0,282,JESUS MARIA,Usuario origen: ALONDRA26 | Liquidado origen: 1 | Credito abonado origen: 282 | Dias restantes origen: 0 | Status origen: 1,,2026-05-22 18:08:08,,,,0,0,282,[],,0
2134,branch:default,78,EFECTIVO,MENUDEO,2663.5,0,2663.5,PALETERIA LA TAPATIA,Usuario origen: ALONDRA26 | Liquidado origen: 1 | Credito abonado origen: 2663.5 | Fecha limite origen: 2026-06-21 | Dias restantes origen: 30 | Status origen: 1,,2026-05-22 18:13:13,,,,0,0,2663.5,[],,0
2135,branch:default,73,EFECTIVO,MENUDEO,19000,0,19000,SANTA MARIA DEL VALLE,Usuario origen: ALONDRA26 | Liquidado origen: 1 | Credito abonado origen: 19000 | Fecha limite origen: 2026-06-21 | Dias restantes origen: 30 | Status origen: 1,,2026-05-22 18:54:17,,,,0,0,19000,[],,0
2136,branch:default,100,EFECTIVO,MENUDEO,1800,0,1800,SAN VICENTE,Usuario origen: ALONDRA26 | Liquidado origen: 1 | Credito abonado origen: 1800 | Fecha limite origen: 2026-06-21 | Dias restantes origen: 30 | Status origen: 1,,2026-05-22 18:55:40,,,,0,0,1800,[],,0
2137,branch:default,19,EFECTIVO,MENUDEO,8400,0,8400,LA LEONERA,Usuario origen: ALONDRA26 | Liquidado origen: 1 | Credito abonado origen: 8400 | Fecha limite origen: 2026-06-06 | Dias restantes origen: 15 | Status origen: 1,,2026-05-22 18:59:39,,,,0,0,8400,[],,0
2138,branch:default,85,EFECTIVO,MENUDEO,1960,0,1960,JESUS MARIA,Usuario origen: ALONDRA26 | Liquidado origen: 1 | Credito abonado origen: 1960 | Fecha limite origen: 2026-06-21 | Dias restantes origen: 30 | Status origen: 1,,2026-05-22 19:00:22,,,,0,0,1960,[],,0
2139,branch:default,53,EFECTIVO,MENUDEO,5300,0,5300,AGAVINA C23,Usuario origen: ALONDRA26 | Liquidado origen: 1 | Credito abonado origen: 5300 | Fecha limite origen: 2026-06-21 | Dias restantes origen: 30 | Status origen: 1,,2026-05-22 19:13:00,,,,0,0,5300,[],,0
2140,branch:default,53,EFECTIVO,MENUDEO,5800,0,5800,PLAZA ALTEÑA,Usuario origen: ALONDRA26 | Liquidado origen: 1 | Credito abonado origen: 5800 | Fecha limite origen: 2026-06-21 | Dias restantes origen: 30 | Status origen: 1,,2026-05-22 19:14:50,,,,0,0,5800,[],,0
2141,branch:default,53,EFECTIVO,MENUDEO,1750,0,1750,AGAVINA C23,Usuario origen: ALONDRA26 | Liquidado origen: 1 | Credito abonado origen: 1750 | Fecha limite origen: 2026-06-21 | Dias restantes origen: 30 | Status origen: 1,,2026-05-22 20:30:25,,,,0,0,1750,[],,0
2142,branch:default,53,EFECTIVO,MENUDEO,1930,0,1930,PLAZA ALTEÑA,Usuario origen: ALONDRA26 | Liquidado origen: 1 | Credito abonado origen: 1930 | Fecha limite origen: 2026-06-21 | Dias restantes origen: 30 | Status origen: 1,,2026-05-22 20:33:43,,,,0,0,1930,[],,0
2143,branch:default,2,EFECTIVO,MENUDEO,1520,0,1520,JESUS MARIA,Usuario origen: ALONDRA26 | Liquidado origen: 1 | Credito abonado origen: 1520 | Dias restantes origen: 0 | Status origen: 1,,2026-05-22 23:04:07,,,,0,0,1520,[],,0
2144,branch:default,53,EFECTIVO,MENUDEO,22600,0,22600,AGAVINA C23,Usuario origen: ALONDRA26 | Liquidado origen: 1 | Credito abonado origen: 22600 | Fecha limite origen: 2026-06-21 | Dias restantes origen: 30 | Status origen: 1,,2026-05-22 23:16:36,,,,0,0,22600,[],,0
2145,branch:default,53,EFECTIVO,MENUDEO,16500,0,16500,AGAVINA C23,Usuario origen: ALONDRA26 | Liquidado origen: 1 | Credito abonado origen: 16500 | Fecha limite origen: 2026-06-21 | Dias restantes origen: 30 | Status origen: 1,,2026-05-22 23:44:25,,,,0,0,16500,[],,0
2146,branch:default,64,EFECTIVO,MENUDEO,13200,0,13200,SAN JOSE DE LA PAZ,Usuario origen: GRISELDA2026 | Liquidado origen: 1 | Credito abonado origen: 13200 | Fecha limite origen: 2026-06-22 | Dias restantes origen: 30 | Status origen: 1,,2026-05-23 13:15:05,,,,0,0,13200,[],,0
2147,branch:default,5,EFECTIVO,MENUDEO,3550,0,3550,CEN COMER,Usuario origen: GRISELDA2026 | Liquidado origen: 1 | Credito abonado origen: 3550 | Fecha limite origen: 2026-06-07 | Dias restantes origen: 15 | Status origen: 1,,2026-05-23 14:02:27,,,,0,0,3550,[],,0
2148,branch:default,12,CREDITO,MENUDEO,89,0,89,JESUS MARIA,Usuario origen: GRISELDA2026 | Liquidado origen: 0 | Credito abonado origen: 0 | Fecha limite origen: 2026-06-22 | Dias restantes origen: 30 | Status origen: 1,,2026-05-23 15:57:36,,,,0,89,0,[],,0
2149,branch:default,85,EFECTIVO,MENUDEO,3900,0,3900,JESUS MARIA,Usuario origen: GRISELDA2026 | Liquidado origen: 1 | Credito abonado origen: 3900 | Fecha limite origen: 2026-06-22 | Dias restantes origen: 30 | Status origen: 1,,2026-05-23 16:30:03,,,,0,0,3900,[],,0
2150,branch:default,46,EFECTIVO,MENUDEO,90,0,90,JESUS MARIA,Usuario origen: GRISELDA2026 | Liquidado origen: 1 | Credito abonado origen: 90 | Dias restantes origen: 0 | Status origen: 1,,2026-05-23 16:46:04,,,,0,0,90,[],,0
2151,branch:default,85,EFECTIVO,MENUDEO,3710,0,3710,EL ROBLE,Usuario origen: GRISELDA2026 | Liquidado origen: 1 | Credito abonado origen: 3710 | Fecha limite origen: 2026-06-22 | Dias restantes origen: 30 | Status origen: 1,,2026-05-23 17:53:50,,,,0,0,3710,[],,0
2152,branch:default,5,EFECTIVO,MENUDEO,7100,0,7100,CEN COMER,Usuario origen: ALONDRA26 | Liquidado origen: 1 | Credito abonado origen: 7100 | Fecha limite origen: 2026-06-09 | Dias restantes origen: 15 | Status origen: 1,,2026-05-25 13:19:43,,,,0,0,7100,[],,0
2153,branch:default,85,EFECTIVO,MENUDEO,5100,0,5100,JESUS MARIA,Usuario origen: ALONDRA26 | Liquidado origen: 1 | Credito abonado origen: 5100 | Fecha limite origen: 2026-06-24 | Dias restantes origen: 30 | Status origen: 1,,2026-05-25 14:14:46,,,,0,0,5100,[],,0
2154,branch:default,93,EFECTIVO,MENUDEO,2794.5,0,2794.5,JESUS MARIA,Usuario origen: ALONDRA26 | Liquidado origen: 1 | Credito abonado origen: 2794.5 | Fecha limite origen: 2026-06-24 | Dias restantes origen: 30 | Status origen: 1,,2026-05-25 15:37:15,,,,0,0,2794.5,[],,0
2155,branch:default,75,EFECTIVO,MENUDEO,6600,0,6600,CARTONERA,Usuario origen: ALONDRA26 | Liquidado origen: 1 | Credito abonado origen: 6600 | Fecha limite origen: 2026-06-24 | Dias restantes origen: 30 | Status origen: 1,,2026-05-25 16:01:37,,,,0,0,6600,[],,0
2156,branch:default,85,EFECTIVO,MENUDEO,100,0,100,JESUS MARIA,Usuario origen: ALONDRA26 | Liquidado origen: 1 | Credito abonado origen: 100 | Fecha limite origen: 2026-06-24 | Dias restantes origen: 30 | Status origen: 1,,2026-05-25 17:46:12,,,,0,0,100,[],,0
2157,branch:default,18,CREDITO,MENUDEO,1404,0,1404,CRUCERO POMEZ,Usuario origen: ALONDRA26 | Liquidado origen: 0 | Credito abonado origen: 0 | Fecha limite origen: 2026-06-09 | Dias restantes origen: 15 | Status origen: 1,,2026-05-25 18:11:32,,,,0,1404,0,[],,0
2158,branch:default,85,EFECTIVO,MENUDEO,1620,0,1620,JESUS MARIA,Usuario origen: ALONDRA26 | Liquidado origen: 1 | Credito abonado origen: 1620 | Fecha limite origen: 2026-06-24 | Dias restantes origen: 30 | Status origen: 1,,2026-05-25 18:43:58,,,,0,0,1620,[],,0
2159,branch:default,58,CREDITO,MENUDEO,1550,0,1550,LAS POMEZ,Usuario origen: ALONDRA26 | Liquidado origen: 0 | Credito abonado origen: 0 | Fecha limite origen: 2026-06-24 | Dias restantes origen: 30 | Status origen: 1,,2026-05-25 19:00:40,,,,0,1550,0,[],,0
2160,branch:default,102,EFECTIVO,MENUDEO,3780,0,3780,ALEVA RESIDENCIAL,Usuario origen: ALONDRA26 | Liquidado origen: 1 | Credito abonado origen: 3780 | Fecha limite origen: 2026-06-24 | Dias restantes origen: 30 | Status origen: 1,,2026-05-25 19:34:00,,,,0,0,3780,[],,0
2161,branch:default,103,EFECTIVO,MENUDEO,1350,0,1350,ARANDAS,Usuario origen: ALONDRA26 | Liquidado origen: 1 | Credito abonado origen: 1350 | Fecha limite origen: 2026-06-24 | Dias restantes origen: 30 | Status origen: 1,,2026-05-25 19:41:32,,,,0,0,1350,[],,0
2162,branch:default,2,EFECTIVO,MENUDEO,10,0,10,JESUS MARIA,Usuario origen: ALONDRA26 | Liquidado origen: 1 | Credito abonado origen: 10 | Dias restantes origen: 0 | Status origen: 1,,2026-05-25 21:26:44,,,,0,0,10,[],,0
2163,branch:default,85,EFECTIVO,MENUDEO,191,0,191,JESUS MARIA,Usuario origen: ALONDRA26 | Liquidado origen: 1 | Credito abonado origen: 191 | Fecha limite origen: 2026-06-24 | Dias restantes origen: 30 | Status origen: 1,,2026-05-25 21:54:38,,,,0,0,191,[],,0
2164,branch:default,2,CREDITO,MENUDEO,25.5,0,25.5,JESUS MARIA,Usuario origen: ALONDRA26 | Liquidado origen: 0 | Credito abonado origen: 0 | Fecha limite origen: 2026-05-25 | Dias restantes origen: 0 | Status origen: 1,,2026-05-25 22:47:07,,,,0,25.5,0,[],,0
2165,branch:default,87,EFECTIVO,MENUDEO,5250,0,5250,JESUS MARIA,Usuario origen: ALONDRA26 | Liquidado origen: 1 | Credito abonado origen: 5250 | Fecha limite origen: 2026-06-25 | Dias restantes origen: 30 | Status origen: 1,,2026-05-26 13:07:18,,,,0,0,5250,[],,0
2166,branch:default,107,EFECTIVO,MENUDEO,3998,0,3998,CANCHA DE FUTBOL,Usuario origen: ALONDRA26 | Liquidado origen: 1 | Credito abonado origen: 3998 | Fecha limite origen: 2026-06-25 | Dias restantes origen: 30 | Status origen: 1,,2026-05-26 13:43:02,,,,0,0,3998,[],,0
2167,branch:default,107,EFECTIVO,MENUDEO,1999,0,1999,CANCHA DE FUTBOL,Usuario origen: ALONDRA26 | Liquidado origen: 1 | Credito abonado origen: 1999 | Fecha limite origen: 2026-06-25 | Dias restantes origen: 30 | Status origen: 1,,2026-05-26 13:43:38,,,,0,0,1999,[],,0
2168,branch:default,2,EFECTIVO,MENUDEO,120,0,120,JESUS MARIA,Usuario origen: ALONDRA26 | Liquidado origen: 1 | Credito abonado origen: 120 | Dias restantes origen: 0 | Status origen: 1,,2026-05-26 14:09:32,,,,0,0,120,[],,0
2169,branch:default,21,EFECTIVO,MENUDEO,1020,0,1020,JESUS MARIA,Usuario origen: ALONDRA26 | Liquidado origen: 1 | Credito abonado origen: 1020 | Dias restantes origen: 0 | Status origen: 1,,2026-05-26 14:55:13,,,,0,0,1020,[],,0
2170,branch:default,5,EFECTIVO,MENUDEO,8050,0,8050,CEN COMER,Usuario origen: ALONDRA26 | Liquidado origen: 1 | Credito abonado origen: 8050 | Fecha limite origen: 2026-06-10 | Dias restantes origen: 15 | Status origen: 1,,2026-05-26 15:24:34,,,,0,0,8050,[],,0
2171,branch:default,2,EFECTIVO,MENUDEO,120,0,120,JESUS MARIA,Usuario origen: ALONDRA26 | Liquidado origen: 1 | Credito abonado origen: 120 | Dias restantes origen: 0 | Status origen: 1,,2026-05-26 15:53:46,,,,0,0,120,[],,0
2172,branch:default,53,EFECTIVO,MENUDEO,16325,0,16325,AGAVINA C23,Usuario origen: ALONDRA26 | Liquidado origen: 1 | Credito abonado origen: 16325 | Fecha limite origen: 2026-06-25 | Dias restantes origen: 30 | Status origen: 1,,2026-05-26 16:13:35,,,,0,0,16325,[],,0
2173,branch:default,85,EFECTIVO,MENUDEO,251,0,251,EL ROBLE,Usuario origen: ALONDRA26 | Liquidado origen: 1 | Credito abonado origen: 251 | Fecha limite origen: 2026-06-25 | Dias restantes origen: 30 | Status origen: 1,,2026-05-26 16:56:50,,,,0,0,251,[],,0
2174,branch:default,2,EFECTIVO,MENUDEO,240,0,240,JESUS MARIA,Usuario origen: ALONDRA26 | Liquidado origen: 1 | Credito abonado origen: 240 | Dias restantes origen: 0 | Status origen: 1,,2026-05-26 17:07:48,,,,0,0,240,[],,0
2175,branch:default,53,EFECTIVO,MENUDEO,34490,0,34490,PLAZA ALTEÑA,Usuario origen: ALONDRA26 | Liquidado origen: 1 | Credito abonado origen: 34490 | Fecha limite origen: 2026-06-25 | Dias restantes origen: 30 | Status origen: 1,,2026-05-26 17:47:48,,,,0,0,34490,[],,0
2176,branch:default,53,EFECTIVO,MENUDEO,45280,0,45280,AGAVINA C23,Usuario origen: ALONDRA26 | Liquidado origen: 1 | Credito abonado origen: 45280 | Fecha limite origen: 2026-06-25 | Dias restantes origen: 30 | Status origen: 1,,2026-05-26 18:01:22,,,,0,0,45280,[],,0
2177,branch:default,53,EFECTIVO,MENUDEO,2450,0,2450,PLAZA ALTEÑA,Usuario origen: ALONDRA26 | Liquidado origen: 1 | Credito abonado origen: 2450 | Fecha limite origen: 2026-06-25 | Dias restantes origen: 30 | Status origen: 1,,2026-05-26 20:23:03,,,,0,0,2450,[],,0
2178,branch:default,85,EFECTIVO,MENUDEO,5340,0,5340,JESUS MARIA,Usuario origen: ALONDRA26 | Liquidado origen: 1 | Credito abonado origen: 5340 | Fecha limite origen: 2026-06-25 | Dias restantes origen: 30 | Status origen: 1,,2026-05-26 20:33:30,,,,0,0,5340,[],,0
2179,branch:default,85,EFECTIVO,MENUDEO,200,0,200,JESUS MARIA,Usuario origen: ALONDRA26 | Liquidado origen: 1 | Credito abonado origen: 200 | Fecha limite origen: 2026-06-25 | Dias restantes origen: 30 | Status origen: 1,,2026-05-26 21:22:44,,,,0,0,200,[],,0
2180,branch:default,85,EFECTIVO,MENUDEO,1854,0,1854,JESUS MARIA,Usuario origen: ALONDRA26 | Liquidado origen: 1 | Credito abonado origen: 1854 | Fecha limite origen: 2026-06-25 | Dias restantes origen: 30 | Status origen: 1,,2026-05-26 21:44:10,,,,0,0,1854,[],,0
2181,branch:default,53,EFECTIVO,MENUDEO,45280,0,45280,AGAVINA C23,Usuario origen: ALONDRA26 | Liquidado origen: 1 | Credito abonado origen: 45280 | Fecha limite origen: 2026-06-26 | Dias restantes origen: 30 | Status origen: 1,,2026-05-27 13:49:06,,,,0,0,45280,[],,0
2182,branch:default,53,EFECTIVO,MENUDEO,22640,0,22640,PLAZA ALTEÑA,Usuario origen: ALONDRA26 | Liquidado origen: 1 | Credito abonado origen: 22640 | Fecha limite origen: 2026-06-26 | Dias restantes origen: 30 | Status origen: 1,,2026-05-27 15:13:33,,,,0,0,22640,[],,0
2183,branch:default,2,EFECTIVO,MENUDEO,314,0,314,JESUS MARIA,Usuario origen: ALONDRA26 | Liquidado origen: 1 | Credito abonado origen: 314 | Dias restantes origen: 0 | Status origen: 1,,2026-05-27 15:44:05,,,,0,0,314,[],,0
2184,branch:default,102,EFECTIVO,MENUDEO,11452,0,11452,ALEVA RESIDENCIAL,Usuario origen: ALONDRA26 | Liquidado origen: 1 | Credito abonado origen: 11452 | Fecha limite origen: 2026-06-26 | Dias restantes origen: 30 | Status origen: 1,,2026-05-27 15:50:32,,,,0,0,11452,[],,0
2185,branch:default,85,EFECTIVO,MENUDEO,4575,0,4575,JESUS MARIA,Usuario origen: ALONDRA26 | Liquidado origen: 1 | Credito abonado origen: 4575 | Fecha limite origen: 2026-06-26 | Dias restantes origen: 30 | Status origen: 1,,2026-05-27 17:53:29,,,,0,0,4575,[],,0
2186,branch:default,85,EFECTIVO,MENUDEO,73,0,73,JESUS MARIA,Usuario origen: ALONDRA26 | Liquidado origen: 1 | Credito abonado origen: 73 | Fecha limite origen: 2026-06-26 | Dias restantes origen: 30 | Status origen: 1,,2026-05-27 17:57:05,,,,0,0,73,[],,0
2187,branch:default,2,CREDITO,MENUDEO,4200,0,4200,JESUS MARIA,Usuario origen: ALONDRA26 | Liquidado origen: 0 | Credito abonado origen: 0 | Fecha limite origen: 2026-05-27 | Dias restantes origen: 0 | Status origen: 0,,2026-05-27 18:35:40,,,,0,4200,0,[],,0
2188,branch:default,2,EFECTIVO,MENUDEO,1200,0,1200,JESUS MARIA,Usuario origen: ALONDRA26 | Liquidado origen: 1 | Credito abonado origen: 1200 | Fecha limite origen: 2026-05-27 | Dias restantes origen: 0 | Status origen: 1,,2026-05-27 18:51:28,,,,0,0,1200,[],,0
2189,branch:default,2,EFECTIVO,MENUDEO,26,0,26,JESUS MARIA,Usuario origen: ALONDRA26 | Liquidado origen: 1 | Credito abonado origen: 26 | Dias restantes origen: 0 | Status origen: 1,,2026-05-27 21:08:58,,,,0,0,26,[],,0
2190,branch:default,2,EFECTIVO,MENUDEO,810,0,810,JESUS MARIA,Usuario origen: ALONDRA26 | Liquidado origen: 1 | Credito abonado origen: 810 | Dias restantes origen: 0 | Status origen: 1,,2026-05-27 22:06:48,,,,0,0,810,[],,0
2191,branch:default,20,CREDITO,MENUDEO,261,0,261,JESUS MARIA,Usuario origen: ALONDRA26 | Liquidado origen: 0 | Credito abonado origen: 0 | Fecha limite origen: 2026-06-26 | Dias restantes origen: 30 | Status origen: 1,,2026-05-27 23:56:55,,,,0,261,0,[],,0
2192,branch:default,5,EFECTIVO,MENUDEO,7100,0,7100,CEN COMER,Usuario origen: ALONDRA26 | Liquidado origen: 1 | Credito abonado origen: 7100 | Fecha limite origen: 2026-06-12 | Dias restantes origen: 15 | Status origen: 1,,2026-05-28 13:21:58,,,,0,0,7100,[],,0
2193,branch:default,78,EFECTIVO,MENUDEO,10158.5,0,10158.5,JESUS MARIA,Usuario origen: ALONDRA26 | Liquidado origen: 1 | Credito abonado origen: 10158.5 | Fecha limite origen: 2026-06-27 | Dias restantes origen: 30 | Status origen: 1,,2026-05-28 15:15:44,,,,0,0,10158.5,[],,0
2194,branch:default,53,EFECTIVO,MENUDEO,3230,0,3230,NISLA C17,Usuario origen: ALONDRA26 | Liquidado origen: 1 | Credito abonado origen: 3230 | Fecha limite origen: 2026-06-27 | Dias restantes origen: 30 | Status origen: 1,,2026-05-28 16:44:21,,,,0,0,3230,[],,0
2195,branch:default,85,EFECTIVO,MENUDEO,3710,0,3710,JESUS MARIA,Usuario origen: ALONDRA26 | Liquidado origen: 1 | Credito abonado origen: 3710 | Fecha limite origen: 2026-06-27 | Dias restantes origen: 30 | Status origen: 1,,2026-05-28 17:33:40,,,,0,0,3710,[],,0
2196,branch:default,85,EFECTIVO,MENUDEO,3900,0,3900,JESUS MARIA,Usuario origen: ALONDRA26 | Liquidado origen: 1 | Credito abonado origen: 3900 | Fecha limite origen: 2026-06-27 | Dias restantes origen: 30 | Status origen: 1,,2026-05-28 20:20:49,,,,0,0,3900,[],,0
2197,branch:default,12,CREDITO,MENUDEO,2400,0,2400,SAN JOSE DE PILAS,Usuario origen: ALONDRA26 | Liquidado origen: 0 | Credito abonado origen: 0 | Fecha limite origen: 2026-06-27 | Dias restantes origen: 30 | Status origen: 1,,2026-05-28 20:52:44,,,,0,2400,0,[],,0
2198,branch:default,7,CREDITO,MENUDEO,1350,0,1350,JESUS MARIA,Usuario origen: ALONDRA26 | Liquidado origen: 0 | Credito abonado origen: 0 | Fecha limite origen: 2026-06-27 | Dias restantes origen: 30 | Status origen: 1,,2026-05-28 22:34:17,,,,0,1350,0,[],,0
2199,branch:default,87,EFECTIVO,MENUDEO,690,0,690,JESUS MARIA,Usuario origen: ALONDRA26 | Liquidado origen: 1 | Credito abonado origen: 690 | Fecha limite origen: 2026-06-28 | Dias restantes origen: 30 | Status origen: 1,,2026-05-29 13:09:58,,,,0,0,690,[],,0
2200,branch:default,93,EFECTIVO,MENUDEO,6525,0,6525,JESUS MARIA,Usuario origen: ALONDRA26 | Liquidado origen: 1 | Credito abonado origen: 6525 | Fecha limite origen: 2026-06-28 | Dias restantes origen: 30 | Status origen: 1,,2026-05-29 13:42:43,,,,0,0,6525,[],,0
2201,branch:default,2,EFECTIVO,MENUDEO,6300,0,6300,JESUS MARIA,Usuario origen: ALONDRA26 | Liquidado origen: 1 | Credito abonado origen: 6300 | Fecha limite origen: 2026-05-29 | Dias restantes origen: 0 | Status origen: 1,,2026-05-29 15:45:05,,,,0,0,6300,[],,0
2202,branch:default,93,EFECTIVO,MENUDEO,4230,0,4230,FRENTE BLOQUERA BARAJAS,Usuario origen: ALONDRA26 | Liquidado origen: 1 | Credito abonado origen: 4230 | Fecha limite origen: 2026-06-28 | Dias restantes origen: 30 | Status origen: 1,,2026-05-29 15:47:17,,,,0,0,4230,[],,0
2203,branch:default,102,EFECTIVO,MENUDEO,22000,0,22000,ALEVA RESIDENCIAL,Usuario origen: ALONDRA26 | Liquidado origen: 1 | Credito abonado origen: 22000 | Fecha limite origen: 2026-06-28 | Dias restantes origen: 30 | Status origen: 1,,2026-05-29 15:57:30,,,,0,0,22000,[],,0
2204,branch:default,12,CREDITO,MENUDEO,1440,0,1440,JESUS MARIA,Usuario origen: ALONDRA26 | Liquidado origen: 0 | Credito abonado origen: 0 | Fecha limite origen: 2026-06-28 | Dias restantes origen: 30 | Status origen: 1,,2026-05-29 16:11:42,,,,0,1440,0,[],,0
2205,branch:default,2,EFECTIVO,MENUDEO,22,0,22,JESUS MARIA,Usuario origen: ALONDRA26 | Liquidado origen: 1 | Credito abonado origen: 22 | Dias restantes origen: 0 | Status origen: 1,,2026-05-29 16:49:09,,,,0,0,22,[],,0
2206,branch:default,2,EFECTIVO,MENUDEO,1140,0,1140,JESUS MARIA,Usuario origen: ALONDRA26 | Liquidado origen: 1 | Credito abonado origen: 1140 | Fecha limite origen: 2026-05-29 | Dias restantes origen: 0 | Status origen: 1,,2026-05-29 18:56:11,,,,0,0,1140,[],,0
2207,branch:default,2,EFECTIVO,MENUDEO,1814,0,1814,LAS CRUCES,Usuario origen: ALONDRA26 | Liquidado origen: 1 | Credito abonado origen: 1814 | Fecha limite origen: 2026-05-29 | Dias restantes origen: 0 | Status origen: 1,,2026-05-29 20:24:54,,,,0,0,1814,[],,0
2208,branch:default,73,EFECTIVO,MENUDEO,19000,0,19000,SANTA MARIA DEL VALLE,Usuario origen: ALONDRA26 | Liquidado origen: 1 | Credito abonado origen: 19000 | Fecha limite origen: 2026-06-28 | Dias restantes origen: 30 | Status origen: 1,,2026-05-29 20:54:13,,,,0,0,19000,[],,0
2209,branch:default,108,EFECTIVO,MENUDEO,16500,0,16500,ARANDAS,Usuario origen: ALONDRA26 | Liquidado origen: 1 | Credito abonado origen: 16500 | Fecha limite origen: 2026-06-28 | Dias restantes origen: 30 | Status origen: 1,,2026-05-29 23:50:30,,,,0,0,16500,[],,0
2210,branch:default,53,EFECTIVO,MENUDEO,22640,0,22640,PLAZA ALTEÑA,Usuario origen: ALONDRA26 | Liquidado origen: 1 | Credito abonado origen: 22640 | Fecha limite origen: 2026-06-28 | Dias restantes origen: 30 | Status origen: 1,,2026-05-30 00:27:48,,,,0,0,22640,[],,0
2211,branch:default,5,EFECTIVO,MENUDEO,3550,0,3550,CEN COMER,Usuario origen: GRISELDA2026 | Liquidado origen: 1 | Credito abonado origen: 3550 | Fecha limite origen: 2026-06-14 | Dias restantes origen: 15 | Status origen: 1,,2026-05-30 14:08:38,,,,0,0,3550,[],,0
2212,branch:default,2,EFECTIVO,MENUDEO,340,0,340,JESUS MARIA,Usuario origen: GRISELDA2026 | Liquidado origen: 1 | Credito abonado origen: 340 | Dias restantes origen: 0 | Status origen: 1,,2026-05-30 14:51:21,,,,0,0,340,[],,0
2213,branch:default,7,EFECTIVO,MENUDEO,1350,0,1350,JESUS MARIA,Usuario origen: GRISELDA2026 | Liquidado origen: 1 | Credito abonado origen: 1350 | Dias restantes origen: 0 | Status origen: 1,,2026-05-30 15:25:00,,,,0,0,1350,[],,0
2214,branch:default,2,EFECTIVO,MENUDEO,52,0,52,JESUS MARIA,Usuario origen: GRISELDA2026 | Liquidado origen: 1 | Credito abonado origen: 52 | Dias restantes origen: 0 | Status origen: 1,,2026-05-30 17:12:24,,,,0,0,52,[],,0
2215,branch:default,33,EFECTIVO,MENUDEO,1396,0,1396,JESUS MARIA,Usuario origen: ALONDRA26 | Liquidado origen: 1 | Credito abonado origen: 1396 | Fecha limite origen: 2026-06-16 | Dias restantes origen: 15 | Status origen: 1,,2026-06-01 14:19:39,,,,0,0,1396,[],,0
2216,branch:default,33,EFECTIVO,MENUDEO,80,0,80,JESUS MARIA,Usuario origen: ALONDRA26 | Liquidado origen: 1 | Credito abonado origen: 80 | Fecha limite origen: 2026-06-16 | Dias restantes origen: 15 | Status origen: 1,,2026-06-01 14:20:35,,,,0,0,80,[],,0
2217,branch:default,33,EFECTIVO,MENUDEO,110,0,110,JESUS MARIA,Usuario origen: ALONDRA26 | Liquidado origen: 1 | Credito abonado origen: 110 | Dias restantes origen: 0 | Status origen: 1,,2026-06-01 14:25:38,,,,0,0,110,[],,0
2218,branch:default,109,EFECTIVO,MENUDEO,13467,0,13467,JESUS MARIA,Usuario origen: ALONDRA26 | Liquidado origen: 1 | Credito abonado origen: 13467 | Fecha limite origen: 2026-06-01 | Dias restantes origen: 0 | Status origen: 1,,2026-06-01 15:03:06,,,,0,0,13467,[],,0
2219,branch:default,2,EFECTIVO,MENUDEO,56,0,56,JESUS MARIA,Usuario origen: ALONDRA26 | Liquidado origen: 1 | Credito abonado origen: 56 | Dias restantes origen: 0 | Status origen: 1,,2026-06-01 15:35:51,,,,0,0,56,[],,0
2220,branch:default,8,CREDITO,MENUDEO,75,0,75,JESUS MARIA,Usuario origen: ALONDRA26 | Liquidado origen: 0 | Credito abonado origen: 0 | Fecha limite origen: 2026-06-16 | Dias restantes origen: 15 | Status origen: 1,,2026-06-01 16:49:20,,,,0,75,0,[],,0
2221,branch:default,2,EFECTIVO,MENUDEO,120,0,120,JESUS MARIA,Usuario origen: ALONDRA26 | Liquidado origen: 1 | Credito abonado origen: 120 | Dias restantes origen: 0 | Status origen: 1,,2026-06-01 17:07:49,,,,0,0,120,[],,0
2222,branch:default,12,CREDITO,MENUDEO,1800,0,1800,JESUS MARIA,Usuario origen: ALONDRA26 | Liquidado origen: 0 | Credito abonado origen: 0 | Fecha limite origen: 2026-07-01 | Dias restantes origen: 30 | Status origen: 1,,2026-06-01 17:18:49,,,,0,1800,0,[],,0
2223,branch:default,85,EFECTIVO,MENUDEO,5203,0,5203,JESUS MARIA,Usuario origen: ALONDRA26 | Liquidado origen: 1 | Credito abonado origen: 5203 | Fecha limite origen: 2026-07-01 | Dias restantes origen: 30 | Status origen: 1,,2026-06-01 17:57:36,,,,0,0,5203,[],,0
2224,branch:default,53,EFECTIVO,MENUDEO,8200,0,8200,AGAVINA C23,Usuario origen: ALONDRA26 | Liquidado origen: 1 | Credito abonado origen: 8200 | Fecha limite origen: 2026-07-01 | Dias restantes origen: 30 | Status origen: 1,,2026-06-01 18:48:02,,,,0,0,8200,[],,0
2225,branch:default,96,EFECTIVO,MENUDEO,4200,0,4200,EL PASO DE GUADALUPE,Usuario origen: ALONDRA26 | Liquidado origen: 1 | Credito abonado origen: 4200 | Fecha limite origen: 2026-07-01 | Dias restantes origen: 30 | Status origen: 1,,2026-06-01 19:42:00,,,,0,0,4200,[],,0
2226,branch:default,67,EFECTIVO,MENUDEO,5399,0,5399,ROSALES,Usuario origen: ALONDRA26 | Liquidado origen: 1 | Credito abonado origen: 5399 | Fecha limite origen: 2026-06-16 | Dias restantes origen: 15 | Status origen: 1,,2026-06-01 19:43:41,,,,0,0,5399,[],,0
2227,branch:default,2,EFECTIVO,MENUDEO,1200,0,1200,JESUS MARIA,Usuario origen: ALONDRA26 | Liquidado origen: 1 | Credito abonado origen: 1200 | Dias restantes origen: 0 | Status origen: 1,,2026-06-01 20:29:31,,,,0,0,1200,[],,0
2228,branch:default,104,EFECTIVO,MENUDEO,12900,0,12900,ARANDAS,Usuario origen: ALONDRA26 | Liquidado origen: 1 | Credito abonado origen: 12900 | Fecha limite origen: 2026-07-01 | Dias restantes origen: 30 | Status origen: 1,,2026-06-01 22:02:27,,,,0,0,12900,[],,0
2229,branch:default,79,EFECTIVO,MENUDEO,4350,0,4350,JESUS MARIA,Usuario origen: ALONDRA26 | Liquidado origen: 1 | Credito abonado origen: 4350 | Fecha limite origen: 2026-07-02 | Dias restantes origen: 30 | Status origen: 1,,2026-06-02 13:45:39,,,,0,0,4350,[],,0
2230,branch:default,33,EFECTIVO,MENUDEO,1714,0,1714,JESUS MARIA,Usuario origen: ALONDRA26 | Liquidado origen: 1 | Credito abonado origen: 1714 | Fecha limite origen: 2026-06-17 | Dias restantes origen: 15 | Status origen: 1,,2026-06-02 14:27:03,,,,0,0,1714,[],,0
2231,branch:default,33,EFECTIVO,MENUDEO,268,0,268,JESUS MARIA,Usuario origen: ALONDRA26 | Liquidado origen: 1 | Credito abonado origen: 268 | Dias restantes origen: 0 | Status origen: 1,,2026-06-02 14:30:12,,,,0,0,268,[],,0
2232,branch:default,103,EFECTIVO,MENUDEO,9000,0,9000,ARANDAS,Usuario origen: ALONDRA26 | Liquidado origen: 1 | Credito abonado origen: 9000 | Fecha limite origen: 2026-07-02 | Dias restantes origen: 30 | Status origen: 1,,2026-06-02 14:37:59,,,,0,0,9000,[],,0
2233,branch:default,109,EFECTIVO,MENUDEO,7350,0,7350,JESUS MARIA,Usuario origen: ALONDRA26 | Liquidado origen: 1 | Credito abonado origen: 7350 | Fecha limite origen: 2026-06-02 | Dias restantes origen: 0 | Status origen: 1,,2026-06-02 15:39:01,,,,0,0,7350,[],,0
2234,branch:default,109,EFECTIVO,MENUDEO,1200,0,1200,JESUS MARIA,Usuario origen: ALONDRA26 | Liquidado origen: 1 | Credito abonado origen: 1200 | Fecha limite origen: 2026-06-02 | Dias restantes origen: 0 | Status origen: 1,,2026-06-02 15:50:16,,,,0,0,1200,[],,0
2235,branch:default,12,CREDITO,MENUDEO,1800,0,1800,JESUS MARIA,Usuario origen: ALONDRA26 | Liquidado origen: 0 | Credito abonado origen: 0 | Fecha limite origen: 2026-07-02 | Dias restantes origen: 30 | Status origen: 1,,2026-06-02 15:53:08,,,,0,1800,0,[],,0
2236,branch:default,71,EFECTIVO,MENUDEO,12600,0,12600,ROSALES,Usuario origen: ALONDRA26 | Liquidado origen: 1 | Credito abonado origen: 12600 | Fecha limite origen: 2026-06-02 | Dias restantes origen: 0 | Status origen: 1,,2026-06-02 15:55:20,,,,0,0,12600,[],,0
2237,branch:default,8,CREDITO,MENUDEO,386,0,386,JESUS MARIA,Usuario origen: ALONDRA26 | Liquidado origen: 0 | Credito abonado origen: 0 | Fecha limite origen: 2026-06-17 | Dias restantes origen: 15 | Status origen: 1,,2026-06-02 16:12:02,,,,0,386,0,[],,0
2238,branch:default,93,EFECTIVO,MENUDEO,7622.46,0,7622.46,FRENTE BLOQUERA BARAJAS,Usuario origen: ALONDRA26 | Liquidado origen: 1 | Credito abonado origen: 7622.46 | Fecha limite origen: 2026-07-02 | Dias restantes origen: 30 | Status origen: 1,,2026-06-02 16:34:03,,,,0,0,7622.46,[],,0
2239,branch:default,20,CREDITO,MENUDEO,66,0,66,JESUS MARIA,Usuario origen: ALONDRA26 | Liquidado origen: 0 | Credito abonado origen: 0 | Fecha limite origen: 2026-07-02 | Dias restantes origen: 30 | Status origen: 1,,2026-06-02 17:52:49,,,,0,66,0,[],,0
2240,branch:default,60,EFECTIVO,MENUDEO,64,0,64,JESUS MARIA,Usuario origen: ALONDRA26 | Liquidado origen: 1 | Credito abonado origen: 64 | Fecha limite origen: 2026-07-02 | Dias restantes origen: 30 | Status origen: 1,,2026-06-02 18:09:53,,,,0,0,64,[],,0
2241,branch:default,87,EFECTIVO,MENUDEO,910,0,910,JESUS MARIA,Usuario origen: ALONDRA26 | Liquidado origen: 1 | Credito abonado origen: 910 | Fecha limite origen: 2026-07-02 | Dias restantes origen: 30 | Status origen: 1,,2026-06-02 19:46:10,,,,0,0,910,[],,0
2242,branch:default,53,EFECTIVO,MENUDEO,5300,0,5300,AGAVINA C23,Usuario origen: ALONDRA26 | Liquidado origen: 1 | Credito abonado origen: 5300 | Fecha limite origen: 2026-07-02 | Dias restantes origen: 30 | Status origen: 1,,2026-06-02 20:10:43,,,,0,0,5300,[],,0
2243,branch:default,8,CREDITO,MENUDEO,154,0,154,JESUS MARIA,Usuario origen: ALONDRA26 | Liquidado origen: 0 | Credito abonado origen: 0 | Fecha limite origen: 2026-06-17 | Dias restantes origen: 15 | Status origen: 1,,2026-06-02 20:23:45,,,,0,154,0,[],,0
2244,branch:default,5,EFECTIVO,MENUDEO,8050,0,8050,CEN COMER,Usuario origen: ALONDRA26 | Liquidado origen: 1 | Credito abonado origen: 8050 | Fecha limite origen: 2026-06-17 | Dias restantes origen: 15 | Status origen: 1,,2026-06-02 20:30:46,,,,0,0,8050,[],,0
2245,branch:default,5,EFECTIVO,MENUDEO,8700,0,8700,CEN COMER,Usuario origen: ALONDRA26 | Liquidado origen: 1 | Credito abonado origen: 8700 | Fecha limite origen: 2026-06-17 | Dias restantes origen: 15 | Status origen: 1,,2026-06-02 22:57:35,,,,0,0,8700,[],,0
2246,branch:default,2,EFECTIVO,MENUDEO,240,0,240,JESUS MARIA,Usuario origen: ALONDRA26 | Liquidado origen: 1 | Credito abonado origen: 240 | Fecha limite origen: 2026-06-02 | Dias restantes origen: 0 | Status origen: 1,,2026-06-02 23:06:20,,,,0,0,240,[],,0
2247,branch:default,85,EFECTIVO,MENUDEO,4140,0,4140,JESUS MARIA,Usuario origen: ALONDRA26 | Liquidado origen: 1 | Credito abonado origen: 4140 | Fecha limite origen: 2026-07-03 | Dias restantes origen: 30 | Status origen: 1,,2026-06-03 15:13:35,,,,0,0,4140,[],,0
2248,branch:default,109,EFECTIVO,MENUDEO,1500,0,1500,JESUS MARIA,Usuario origen: ALONDRA26 | Liquidado origen: 1 | Credito abonado origen: 1500 | Fecha limite origen: 2026-06-03 | Dias restantes origen: 0 | Status origen: 1,,2026-06-03 15:15:01,,,,0,0,1500,[],,0
2249,branch:default,21,EFECTIVO,MENUDEO,3450,0,3450,JESUS MARIA,Usuario origen: ALONDRA26 | Liquidado origen: 1 | Credito abonado origen: 3450 | Fecha limite origen: 2026-06-18 | Dias restantes origen: 15 | Status origen: 1,,2026-06-03 16:37:37,,,,0,0,3450,[],,0
2250,branch:default,16,CREDITO,MENUDEO,578,0,578,JESUS MARIA,Usuario origen: ALONDRA26 | Liquidado origen: 0 | Credito abonado origen: 0 | Fecha limite origen: 2026-07-03 | Dias restantes origen: 30 | Status origen: 1,,2026-06-03 18:22:22,,,,0,578,0,[],,0
2251,branch:default,102,EFECTIVO,MENUDEO,4550,0,4550,ALEVA RESIDENCIAL,Usuario origen: ALONDRA26 | Liquidado origen: 1 | Credito abonado origen: 4550 | Fecha limite origen: 2026-07-03 | Dias restantes origen: 30 | Status origen: 1,,2026-06-03 18:24:12,,,,0,0,4550,[],,0
2252,branch:default,85,EFECTIVO,MENUDEO,2103,0,2103,JESUS MARIA,Usuario origen: ALONDRA26 | Liquidado origen: 1 | Credito abonado origen: 2103 | Fecha limite origen: 2026-07-03 | Dias restantes origen: 30 | Status origen: 1,,2026-06-03 19:48:57,,,,0,0,2103,[],,0
2253,branch:default,2,EFECTIVO,MENUDEO,600,0,600,LA CIERRITA,Usuario origen: ALONDRA26 | Liquidado origen: 1 | Credito abonado origen: 600 | Fecha limite origen: 2026-06-03 | Dias restantes origen: 0 | Status origen: 1,,2026-06-03 19:49:24,,,,0,0,600,[],,0
2254,branch:default,53,EFECTIVO,MENUDEO,8200,0,8200,AGAVINA,Usuario origen: ALONDRA26 | Liquidado origen: 1 | Credito abonado origen: 8200 | Fecha limite origen: 2026-07-03 | Dias restantes origen: 30 | Status origen: 1,,2026-06-03 21:16:17,,,,0,0,8200,[],,0
2255,branch:default,53,EFECTIVO,MENUDEO,4687,0,4687,AGAVINA C23,Usuario origen: ALONDRA26 | Liquidado origen: 1 | Credito abonado origen: 4687 | Fecha limite origen: 2026-07-03 | Dias restantes origen: 30 | Status origen: 1,,2026-06-03 21:21:32,,,,0,0,4687,[],,0
2256,branch:default,109,EFECTIVO,MENUDEO,8925,0,8925,JESUS MARIA,Usuario origen: ALONDRA26 | Liquidado origen: 1 | Credito abonado origen: 8925 | Fecha limite origen: 2026-06-03 | Dias restantes origen: 0 | Status origen: 1,,2026-06-03 21:42:01,,,,0,0,8925,[],,0
2257,branch:default,2,EFECTIVO,MENUDEO,105,0,105,JESUS MARIA,Usuario origen: Administrador | Liquidado origen: 1 | Credito abonado origen: 105 | Dias restantes origen: 0 | Status origen: 1,,2026-06-03 21:43:34,,,,0,0,105,[],,0
2258,branch:default,2,EFECTIVO,MENUDEO,1200,0,1200,JESUS MARIA,Usuario origen: ALONDRA26 | Liquidado origen: 1 | Credito abonado origen: 1200 | Fecha limite origen: 2026-06-04 | Dias restantes origen: 0 | Status origen: 1,,2026-06-04 13:11:34,,,,0,0,1200,[],,0
2259,branch:default,85,EFECTIVO,MENUDEO,224,0,224,JESUS MARIA,Usuario origen: ALONDRA26 | Liquidado origen: 1 | Credito abonado origen: 224 | Fecha limite origen: 2026-07-04 | Dias restantes origen: 30 | Status origen: 1,,2026-06-04 14:07:57,,,,0,0,224,[],,0
2260,branch:default,56,EFECTIVO,MENUDEO,9500,0,9500,ESCUELA DE LAS POMEZ,Usuario origen: ALONDRA26 | Liquidado origen: 1 | Credito abonado origen: 9500 | Fecha limite origen: 2026-07-04 | Dias restantes origen: 30 | Status origen: 1,,2026-06-04 14:10:27,,,,0,0,9500,[],,0
2261,branch:default,103,EFECTIVO,MENUDEO,594,0,594,JESUS MARIA,Usuario origen: ALONDRA26 | Liquidado origen: 1 | Credito abonado origen: 594 | Fecha limite origen: 2026-07-04 | Dias restantes origen: 30 | Status origen: 1,,2026-06-04 15:52:02,,,,0,0,594,[],,0
2262,branch:default,7,CREDITO,MENUDEO,4360,0,4360,JESUS MARIA,Usuario origen: ALONDRA26 | Liquidado origen: 0 | Credito abonado origen: 0 | Fecha limite origen: 2026-07-04 | Dias restantes origen: 30 | Status origen: 1,,2026-06-04 15:56:39,,,,0,4360,0,[],,0
2263,branch:default,96,EFECTIVO,MENUDEO,3480,0,3480,PASO DE GUADALUPE,Usuario origen: ALONDRA26 | Liquidado origen: 1 | Credito abonado origen: 3480 | Fecha limite origen: 2026-07-04 | Dias restantes origen: 30 | Status origen: 1,,2026-06-04 18:40:48,,,,0,0,3480,[],,0
2264,branch:default,104,EFECTIVO,MENUDEO,1176,0,1176,JESUS MARIA,Usuario origen: ALONDRA26 | Liquidado origen: 1 | Credito abonado origen: 1176 | Fecha limite origen: 2026-07-04 | Dias restantes origen: 30 | Status origen: 1,,2026-06-04 19:25:44,,,,0,0,1176,[],,0
2265,branch:default,102,EFECTIVO,MENUDEO,8008,0,8008,ALEVA RESIDENCIAL,Usuario origen: ALONDRA26 | Liquidado origen: 1 | Credito abonado origen: 8008 | Fecha limite origen: 2026-07-04 | Dias restantes origen: 30 | Status origen: 1,,2026-06-04 20:11:38,,,,0,0,8008,[],,0
2266,branch:default,109,EFECTIVO,MENUDEO,1440,0,1440,JESUS MARIA,Usuario origen: ALONDRA26 | Liquidado origen: 1 | Credito abonado origen: 1440 | Fecha limite origen: 2026-06-04 | Dias restantes origen: 0 | Status origen: 1,,2026-06-04 20:20:19,,,,0,0,1440,[],,0
2267,branch:default,60,EFECTIVO,MENUDEO,22,0,22,JESUS MARIA,Usuario origen: ALONDRA26 | Liquidado origen: 1 | Credito abonado origen: 22 | Fecha limite origen: 2026-07-04 | Dias restantes origen: 30 | Status origen: 1,,2026-06-04 20:59:57,,,,0,0,22,[],,0
2268,branch:default,2,EFECTIVO,MENUDEO,50,0,50,JESUS MARIA,Usuario origen: ALONDRA26 | Liquidado origen: 1 | Credito abonado origen: 50 | Fecha limite origen: 2026-06-04 | Dias restantes origen: 0 | Status origen: 1,,2026-06-04 21:43:47,,,,0,0,50,[],,0
2269,branch:default,104,EFECTIVO,MENUDEO,2744,0,2744,ARANDAS,Usuario origen: ALONDRA26 | Liquidado origen: 1 | Credito abonado origen: 2744 | Fecha limite origen: 2026-07-04 | Dias restantes origen: 30 | Status origen: 1,,2026-06-04 21:53:44,,,,0,0,2744,[],,0
2270,branch:default,3,EFECTIVO,MENUDEO,12,0,12,JESUS MARIA,Usuario origen: ALONDRA26 | Liquidado origen: 1 | Credito abonado origen: 12 | Dias restantes origen: 0 | Status origen: 1,,2026-06-04 22:08:36,,,,0,0,12,[],,0
2271,branch:default,102,EFECTIVO,MENUDEO,14400,0,14400,ALEVA RESIDENCIAL,Usuario origen: ALONDRA26 | Liquidado origen: 1 | Credito abonado origen: 14400 | Fecha limite origen: 2026-07-05 | Dias restantes origen: 30 | Status origen: 1,,2026-06-05 13:50:41,,,,0,0,14400,[],,0
2272,branch:default,85,EFECTIVO,MENUDEO,2653,0,2653,JESUS MARIA,Usuario origen: ALONDRA26 | Liquidado origen: 1 | Credito abonado origen: 2653 | Fecha limite origen: 2026-07-05 | Dias restantes origen: 30 | Status origen: 1,,2026-06-05 14:13:01,,,,0,0,2653,[],,0
2273,branch:default,85,EFECTIVO,MENUDEO,1960,0,1960,JESUS MARIA,Usuario origen: ALONDRA26 | Liquidado origen: 1 | Credito abonado origen: 1960 | Fecha limite origen: 2026-07-05 | Dias restantes origen: 30 | Status origen: 1,,2026-06-05 14:30:53,,,,0,0,1960,[],,0
2274,branch:default,2,EFECTIVO,MENUDEO,60,0,60,JESUS MARIA,Usuario origen: ALONDRA26 | Liquidado origen: 1 | Credito abonado origen: 60 | Dias restantes origen: 0 | Status origen: 1,,2026-06-05 16:46:57,,,,0,0,60,[],,0
2275,branch:default,8,CREDITO,MENUDEO,119,0,119,JESUS MARIA,Usuario origen: ALONDRA26 | Liquidado origen: 0 | Credito abonado origen: 0 | Fecha limite origen: 2026-06-20 | Dias restantes origen: 15 | Status origen: 1,,2026-06-05 16:53:16,,,,0,119,0,[],,0
2276,branch:default,5,EFECTIVO,MENUDEO,3550,0,3550,CEN COMER,Usuario origen: ALONDRA26 | Liquidado origen: 1 | Credito abonado origen: 3550 | Fecha limite origen: 2026-06-20 | Dias restantes origen: 15 | Status origen: 1,,2026-06-05 17:58:34,,,,0,0,3550,[],,0
2277,branch:default,85,EFECTIVO,MENUDEO,3700,0,3700,JESUS MARIA,Usuario origen: ALONDRA26 | Liquidado origen: 1 | Credito abonado origen: 3700 | Fecha limite origen: 2026-07-05 | Dias restantes origen: 30 | Status origen: 1,,2026-06-05 19:52:14,,,,0,0,3700,[],,0
2278,branch:default,2,EFECTIVO,MENUDEO,130,0,130,JESUS MARIA,Usuario origen: ALONDRA26 | Liquidado origen: 1 | Credito abonado origen: 130 | Dias restantes origen: 0 | Status origen: 1,,2026-06-05 20:24:19,,,,0,0,130,[],,0
2279,branch:default,33,EFECTIVO,MENUDEO,2860,0,2860,JESUS MARIA,Usuario origen: ALONDRA26 | Liquidado origen: 1 | Credito abonado origen: 2860 | Fecha limite origen: 2026-06-20 | Dias restantes origen: 15 | Status origen: 1,,2026-06-05 20:56:16,,,,0,0,2860,[],,0
2280,branch:default,102,EFECTIVO,MENUDEO,2400,0,2400,ALEVA RESIDENCIAL,Usuario origen: ALONDRA26 | Liquidado origen: 1 | Credito abonado origen: 2400 | Fecha limite origen: 2026-07-05 | Dias restantes origen: 30 | Status origen: 1,,2026-06-05 23:31:00,,,,0,0,2400,[],,0
2281,branch:default,2,EFECTIVO,MENUDEO,42,0,42,JESUS MARIA,Usuario origen: GRISELDA2026 | Liquidado origen: 1 | Credito abonado origen: 42 | Dias restantes origen: 0 | Status origen: 1,,2026-06-06 14:40:57,,,,0,0,42,[],,0
2282,branch:default,85,EFECTIVO,MENUDEO,81,0,81,JESUS MARIA,Usuario origen: GRISELDA2026 | Liquidado origen: 1 | Credito abonado origen: 81 | Fecha limite origen: 2026-07-06 | Dias restantes origen: 30 | Status origen: 1,,2026-06-06 15:15:28,,,,0,0,81,[],,0
2283,branch:default,96,EFECTIVO,MENUDEO,2120,0,2120,PASO DE GUADALUPE,Usuario origen: GRISELDA2026 | Liquidado origen: 1 | Credito abonado origen: 2120 | Fecha limite origen: 2026-07-06 | Dias restantes origen: 30 | Status origen: 1,,2026-06-06 16:29:47,,,,0,0,2120,[],,0
2284,branch:default,19,EFECTIVO,MENUDEO,6000,0,6000,LA LEONERA,Usuario origen: ALONDRA26 | Liquidado origen: 1 | Credito abonado origen: 6000 | Fecha limite origen: 2026-06-23 | Dias restantes origen: 15 | Status origen: 1,,2026-06-08 13:20:56,,,,0,0,6000,[],,0
2285,branch:default,5,EFECTIVO,MENUDEO,1326,0,1326,CALLE,Usuario origen: ALONDRA26 | Liquidado origen: 1 | Credito abonado origen: 1326 | Fecha limite origen: 2026-06-23 | Dias restantes origen: 15 | Status origen: 1,,2026-06-08 15:07:13,,,,0,0,1326,[],,0
2286,branch:default,85,EFECTIVO,MENUDEO,5359,0,5359,JESUS MARIA,Usuario origen: ALONDRA26 | Liquidado origen: 1 | Credito abonado origen: 5359 | Fecha limite origen: 2026-07-08 | Dias restantes origen: 30 | Status origen: 1,,2026-06-08 15:21:04,,,,0,0,5359,[],,0
2287,branch:default,52,EFECTIVO,MENUDEO,9600,0,9600,JESUS MARIA,Usuario origen: ALONDRA26 | Liquidado origen: 1 | Credito abonado origen: 9600 | Fecha limite origen: 2026-07-08 | Dias restantes origen: 30 | Status origen: 1,,2026-06-08 17:21:41,,,,0,0,9600,[],,0
2288,branch:default,5,EFECTIVO,MENUDEO,1624,0,1624,CALLE,Usuario origen: ALONDRA26 | Liquidado origen: 1 | Credito abonado origen: 1624 | Fecha limite origen: 2026-06-23 | Dias restantes origen: 15 | Status origen: 1,,2026-06-08 17:46:40,,,,0,0,1624,[],,0
2289,branch:default,52,EFECTIVO,MENUDEO,1890,0,1890,CASAS GEMEX,Usuario origen: ALONDRA26 | Liquidado origen: 1 | Credito abonado origen: 1890 | Fecha limite origen: 2026-07-08 | Dias restantes origen: 30 | Status origen: 1,,2026-06-08 17:51:37,,,,0,0,1890,[],,0
2290,branch:default,20,CREDITO,MENUDEO,56,0,56,JESUS MARIA,Usuario origen: ALONDRA26 | Liquidado origen: 0 | Credito abonado origen: 0 | Fecha limite origen: 2026-07-08 | Dias restantes origen: 30 | Status origen: 1,,2026-06-08 17:55:31,,,,0,56,0,[],,0
2291,branch:default,19,EFECTIVO,MENUDEO,56,0,56,JESUS MARIA,Usuario origen: ALONDRA26 | Liquidado origen: 1 | Credito abonado origen: 56 | Fecha limite origen: 2026-06-23 | Dias restantes origen: 15 | Status origen: 1,,2026-06-08 18:09:33,,,,0,0,56,[],,0
2292,branch:default,109,EFECTIVO,MENUDEO,5580,0,5580,JESUS MARIA,Usuario origen: ALONDRA26 | Liquidado origen: 1 | Credito abonado origen: 5580 | Fecha limite origen: 2026-06-08 | Dias restantes origen: 0 | Status origen: 1,,2026-06-08 19:18:08,,,,0,0,5580,[],,0
2293,branch:default,2,EFECTIVO,MENUDEO,392,0,392,JESUS MARIA,Usuario origen: ALONDRA26 | Liquidado origen: 1 | Credito abonado origen: 392 | Dias restantes origen: 0 | Status origen: 1,,2026-06-08 21:06:40,,,,0,0,392,[],,0
2294,branch:default,56,EFECTIVO,MENUDEO,9640,0,9640,JESUS MARIA,Usuario origen: ALONDRA26 | Liquidado origen: 1 | Credito abonado origen: 9640 | Fecha limite origen: 2026-07-08 | Dias restantes origen: 30 | Status origen: 1,,2026-06-08 21:36:26,,,,0,0,9640,[],,0
2295,branch:default,52,EFECTIVO,MENUDEO,3700,0,3700,JESUS MARIA,Usuario origen: ALONDRA26 | Liquidado origen: 1 | Credito abonado origen: 3700 | Fecha limite origen: 2026-07-08 | Dias restantes origen: 30 | Status origen: 1,,2026-06-08 22:22:27,,,,0,0,3700,[],,0
2296,branch:default,2,EFECTIVO,MENUDEO,256.5,0,256.5,JESUS MARIA,Usuario origen: ALONDRA26 | Liquidado origen: 1 | Credito abonado origen: 256.5 | Dias restantes origen: 0 | Status origen: 1,,2026-06-08 23:10:14,,,,0,0,256.5,[],,0
2297,branch:default,2,EFECTIVO,MENUDEO,219.96,0,219.96,JESUS MARIA,Usuario origen: ALONDRA26 | Liquidado origen: 1 | Credito abonado origen: 219.96 | Fecha limite origen: 2026-06-08 | Dias restantes origen: 0 | Status origen: 1,,2026-06-08 23:38:16,,,,0,0,219.96,[],,0
2298,branch:default,85,EFECTIVO,MENUDEO,2190,0,2190,JESUS MARIA,Usuario origen: ALONDRA26 | Liquidado origen: 1 | Credito abonado origen: 2190 | Fecha limite origen: 2026-07-09 | Dias restantes origen: 30 | Status origen: 1,,2026-06-09 13:24:18,,,,0,0,2190,[],,0
2299,branch:default,2,EFECTIVO,MENUDEO,1150,0,1150,CALLE GUANAJUATO#128,Usuario origen: ALONDRA26 | Liquidado origen: 1 | Credito abonado origen: 1150 | Dias restantes origen: 0 | Status origen: 1,,2026-06-09 16:29:41,,,,0,0,1150,[],,0
2300,branch:default,2,EFECTIVO,MENUDEO,3250,0,3250,SAN RAFAEL,Usuario origen: ALONDRA26 | Liquidado origen: 1 | Credito abonado origen: 3250 | Fecha limite origen: 2026-06-09 | Dias restantes origen: 0 | Status origen: 1,,2026-06-09 17:22:50,,,,0,0,3250,[],,0
2301,branch:default,96,EFECTIVO,MENUDEO,2010,0,2010,PASO DE GUADALUPE,Usuario origen: ALONDRA26 | Liquidado origen: 1 | Credito abonado origen: 2010 | Fecha limite origen: 2026-07-09 | Dias restantes origen: 30 | Status origen: 1,,2026-06-09 17:56:22,,,,0,0,2010,[],,0
2302,branch:default,110,EFECTIVO,MENUDEO,8600,0,8600,SAN RAFAEL,Usuario origen: ALONDRA26 | Liquidado origen: 1 | Credito abonado origen: 8600 | Fecha limite origen: 2026-06-09 | Dias restantes origen: 0 | Status origen: 1,,2026-06-09 18:48:33,,,,0,0,8600,[],,0
2303,branch:default,2,EFECTIVO,MENUDEO,148.05,0,148.05,JESUS MARIA,Usuario origen: ALONDRA26 | Liquidado origen: 1 | Credito abonado origen: 148.05 | Fecha limite origen: 2026-06-09 | Dias restantes origen: 0 | Status origen: 1,,2026-06-09 19:25:14,,,,0,0,148.05,[],,0
2304,branch:default,109,EFECTIVO,MENUDEO,168,0,168,JESUS MARIA,Usuario origen: ALONDRA26 | Liquidado origen: 1 | Credito abonado origen: 168 | Fecha limite origen: 2026-06-09 | Dias restantes origen: 0 | Status origen: 1,,2026-06-09 21:17:38,,,,0,0,168,[],,0
2305,branch:default,85,EFECTIVO,MENUDEO,229,0,229,JESUS MARIA,Usuario origen: ALONDRA26 | Liquidado origen: 1 | Credito abonado origen: 229 | Fecha limite origen: 2026-07-09 | Dias restantes origen: 30 | Status origen: 1,,2026-06-09 22:00:26,,,,0,0,229,[],,0
2306,branch:default,111,EFECTIVO,MENUDEO,2000,0,2000,LA AGUILILLA,Usuario origen: ALONDRA26 | Liquidado origen: 1 | Credito abonado origen: 2000 | Fecha limite origen: 2026-07-09 | Dias restantes origen: 30 | Status origen: 1,,2026-06-09 23:16:09,,,,0,0,2000,[],,0
2307,branch:default,109,EFECTIVO,MENUDEO,4200,0,4200,JESUS MARIA,Usuario origen: ALONDRA26 | Liquidado origen: 1 | Credito abonado origen: 4200 | Fecha limite origen: 2026-06-10 | Dias restantes origen: 0 | Status origen: 1,,2026-06-10 13:14:42,,,,0,0,4200,[],,0
2308,branch:default,2,CREDITO,MENUDEO,11460,0,11460,LAS CRUCES,Usuario origen: ALONDRA26 | Liquidado origen: 0 | Credito abonado origen: 0 | Fecha limite origen: 2026-06-10 | Dias restantes origen: 0 | Status origen: 0,,2026-06-10 14:24:11,,,,0,11460,0,[],,0
2309,branch:default,109,EFECTIVO,MENUDEO,1500,0,1500,JESUS MARIA,Usuario origen: ALONDRA26 | Liquidado origen: 1 | Credito abonado origen: 1500 | Fecha limite origen: 2026-06-10 | Dias restantes origen: 0 | Status origen: 1,,2026-06-10 15:03:09,,,,0,0,1500,[],,0
2310,branch:default,87,EFECTIVO,MENUDEO,2110,0,2110,JESUS MARIA,Usuario origen: Administrador | Liquidado origen: 1 | Credito abonado origen: 2110 | Fecha limite origen: 2026-07-10 | Dias restantes origen: 30 | Status origen: 1,,2026-06-10 17:03:52,,,,0,0,2110,[],,0
2311,branch:default,2,EFECTIVO,MENUDEO,3900,0,3900,LAS CRUCES,Usuario origen: ALONDRA26 | Liquidado origen: 1 | Credito abonado origen: 3900 | Fecha limite origen: 2026-06-10 | Dias restantes origen: 0 | Status origen: 1,,2026-06-10 17:21:22,,,,0,0,3900,[],,0
2312,branch:default,85,EFECTIVO,MENUDEO,4140,0,4140,JESUS MARIA,Usuario origen: ALONDRA26 | Liquidado origen: 1 | Credito abonado origen: 4140 | Fecha limite origen: 2026-07-10 | Dias restantes origen: 30 | Status origen: 1,,2026-06-10 17:53:10,,,,0,0,4140,[],,0
2313,branch:default,78,EFECTIVO,MENUDEO,3600,0,3600,JESUS MARIA,Usuario origen: ALONDRA26 | Liquidado origen: 1 | Credito abonado origen: 3600 | Fecha limite origen: 2026-07-10 | Dias restantes origen: 30 | Status origen: 1,,2026-06-10 19:22:30,,,,0,0,3600,[],,0
2314,branch:default,104,EFECTIVO,MENUDEO,8700,0,8700,ARANDAS,Usuario origen: ALONDRA26 | Liquidado origen: 1 | Credito abonado origen: 8700 | Fecha limite origen: 2026-07-10 | Dias restantes origen: 30 | Status origen: 1,,2026-06-10 19:34:49,,,,0,0,8700,[],,0
2315,branch:default,2,EFECTIVO,MENUDEO,900,0,900,JESUS MARIA,Usuario origen: ALONDRA26 | Liquidado origen: 1 | Credito abonado origen: 900 | Fecha limite origen: 2026-06-10 | Dias restantes origen: 0 | Status origen: 1,,2026-06-10 19:55:25,,,,0,0,900,[],,0
2316,branch:default,102,EFECTIVO,MENUDEO,9350,0,9350,ALEVA RESIDENCIAL,Usuario origen: ALONDRA26 | Liquidado origen: 1 | Credito abonado origen: 9350 | Fecha limite origen: 2026-07-10 | Dias restantes origen: 30 | Status origen: 1,,2026-06-10 20:06:19,,,,0,0,9350,[],,0
2317,branch:default,73,EFECTIVO,MENUDEO,21475,0,21475,SANTA MARIA DEL VALLE,Usuario origen: ALONDRA26 | Liquidado origen: 1 | Credito abonado origen: 21475 | Fecha limite origen: 2026-07-10 | Dias restantes origen: 30 | Status origen: 1,,2026-06-10 20:14:55,,,,0,0,21475,[],,0
2318,branch:default,20,CREDITO,MENUDEO,120,0,120,JESUS MARIA,Usuario origen: ALONDRA26 | Liquidado origen: 0 | Credito abonado origen: 0 | Fecha limite origen: 2026-07-10 | Dias restantes origen: 30 | Status origen: 1,,2026-06-10 21:01:38,,,,0,120,0,[],,0
2319,branch:default,109,EFECTIVO,MENUDEO,3920,0,3920,JESUS MARIA,Usuario origen: ALONDRA26 | Liquidado origen: 1 | Credito abonado origen: 3920 | Fecha limite origen: 2026-06-10 | Dias restantes origen: 0 | Status origen: 1,,2026-06-10 22:45:50,,,,0,0,3920,[],,0
2320,branch:default,53,EFECTIVO,MENUDEO,14850,0,14850,AGAVINA C23,Usuario origen: ALONDRA26 | Liquidado origen: 1 | Credito abonado origen: 14850 | Fecha limite origen: 2026-07-11 | Dias restantes origen: 30 | Status origen: 1,,2026-06-11 13:37:21,,,,0,0,14850,[],,0
2321,branch:default,2,EFECTIVO,MENUDEO,2798,0,2798,JESUS MARIA,Usuario origen: ALONDRA26 | Liquidado origen: 1 | Credito abonado origen: 2798 | Dias restantes origen: 0 | Status origen: 1,,2026-06-11 14:12:17,,,,0,0,2798,[],,0
2322,branch:default,33,EFECTIVO,MENUDEO,65,0,65,JESUS MARIA,Usuario origen: ALONDRA26 | Liquidado origen: 1 | Credito abonado origen: 65 | Fecha limite origen: 2026-06-26 | Dias restantes origen: 15 | Status origen: 1,,2026-06-11 15:06:03,,,,0,0,65,[],,0
2323,branch:default,20,CREDITO,MENUDEO,100,0,100,JESUS MARIA,Usuario origen: ALONDRA26 | Liquidado origen: 0 | Credito abonado origen: 0 | Fecha limite origen: 2026-07-11 | Dias restantes origen: 30 | Status origen: 1,,2026-06-11 15:29:31,,,,0,100,0,[],,0
2324,branch:default,5,EFECTIVO,MENUDEO,3900,0,3900,CEN COMER,Usuario origen: ALONDRA26 | Liquidado origen: 1 | Credito abonado origen: 3900 | Fecha limite origen: 2026-06-26 | Dias restantes origen: 15 | Status origen: 1,,2026-06-11 15:34:57,,,,0,0,3900,[],,0
2325,branch:default,109,EFECTIVO,MENUDEO,2640,0,2640,JESUS MARIA,Usuario origen: ALONDRA26 | Liquidado origen: 1 | Credito abonado origen: 2640 | Fecha limite origen: 2026-06-11 | Dias restantes origen: 0 | Status origen: 1,,2026-06-11 15:38:15,,,,0,0,2640,[],,0
2326,branch:default,6,EFECTIVO,MENUDEO,675,0,675,JESUS MARIA,Usuario origen: ALONDRA26 | Liquidado origen: 1 | Credito abonado origen: 675 | Fecha limite origen: 2026-06-11 | Dias restantes origen: 0 | Status origen: 1,,2026-06-11 17:10:19,,,,0,0,675,[],,0
2327,branch:default,3,EFECTIVO,MENUDEO,13802,0,13802,GLORIETA DEL CHARRO,Usuario origen: ALONDRA26 | Liquidado origen: 1 | Credito abonado origen: 13802 | Fecha limite origen: 2026-06-26 | Dias restantes origen: 15 | Status origen: 1,,2026-06-11 18:54:13,,,,0,0,13802,[],,0
2328,branch:default,53,EFECTIVO,MENUDEO,3230,0,3230,NISLA C17,Usuario origen: ALONDRA26 | Liquidado origen: 1 | Credito abonado origen: 3230 | Fecha limite origen: 2026-07-11 | Dias restantes origen: 30 | Status origen: 1,,2026-06-11 18:58:35,,,,0,0,3230,[],,0
2329,branch:default,53,CREDITO,MENUDEO,534,0,534,NISLA C60,Usuario origen: ALONDRA26 | Liquidado origen: 0 | Credito abonado origen: 0 | Fecha limite origen: 2026-07-11 | Dias restantes origen: 30 | Status origen: 1,,2026-06-11 19:00:27,,,,0,534,0,[],,0
2330,branch:default,85,EFECTIVO,MENUDEO,2047,0,2047,JESUS MARIA,Usuario origen: ALONDRA26 | Liquidado origen: 1 | Credito abonado origen: 2047 | Fecha limite origen: 2026-07-11 | Dias restantes origen: 30 | Status origen: 1,,2026-06-11 23:00:24,,,,0,0,2047,[],,0
2331,branch:default,110,EFECTIVO,MENUDEO,3150,0,3150,SAN VICENTE,Usuario origen: ALONDRA26 | Liquidado origen: 1 | Credito abonado origen: 3150 | Fecha limite origen: 2026-06-12 | Dias restantes origen: 0 | Status origen: 1,,2026-06-12 13:24:19,,,,0,0,3150,[],,0
2332,branch:default,2,EFECTIVO,MENUDEO,1200,0,1200,ESPALDAS DE LA UNIDAD,Usuario origen: ALONDRA26 | Liquidado origen: 1 | Credito abonado origen: 1200 | Fecha limite origen: 2026-06-12 | Dias restantes origen: 0 | Status origen: 1,,2026-06-12 15:36:11,,,,0,0,1200,[],,0
2333,branch:default,12,CREDITO,MENUDEO,1200,0,1200,JESUS MARIA,Usuario origen: ALONDRA26 | Liquidado origen: 0 | Credito abonado origen: 0 | Fecha limite origen: 2026-07-12 | Dias restantes origen: 30 | Status origen: 1,,2026-06-12 15:45:33,,,,0,1200,0,[],,0
2334,branch:default,109,EFECTIVO,MENUDEO,5400,0,5400,JESUS MARIA,Usuario origen: ALONDRA26 | Liquidado origen: 1 | Credito abonado origen: 5400 | Fecha limite origen: 2026-06-12 | Dias restantes origen: 0 | Status origen: 1,,2026-06-12 17:19:04,,,,0,0,5400,[],,0
2335,branch:default,2,EFECTIVO,MENUDEO,231,0,231,JESUS MARIA,Usuario origen: ALONDRA26 | Liquidado origen: 1 | Credito abonado origen: 231 | Fecha limite origen: 2026-06-12 | Dias restantes origen: 0 | Status origen: 1,,2026-06-12 20:20:53,,,,0,0,231,[],,0
2336,branch:default,5,EFECTIVO,MENUDEO,3550,0,3550,CEN COMER,Usuario origen: ALONDRA26 | Liquidado origen: 1 | Credito abonado origen: 3550 | Fecha limite origen: 2026-06-27 | Dias restantes origen: 15 | Status origen: 1,,2026-06-12 21:07:12,,,,0,0,3550,[],,0
2337,branch:default,112,EFECTIVO,MENUDEO,8400,0,8400,CALLE MATAMOROS #351,Usuario origen: ALONDRA26 | Liquidado origen: 1 | Credito abonado origen: 8400 | Fecha limite origen: 2026-07-12 | Dias restantes origen: 30 | Status origen: 1,,2026-06-12 21:23:12,,,,0,0,8400,[],,0
2338,branch:default,85,EFECTIVO,MENUDEO,3020,0,3020,JESUS MARIA,Usuario origen: ALONDRA26 | Liquidado origen: 1 | Credito abonado origen: 3020 | Fecha limite origen: 2026-07-12 | Dias restantes origen: 30 | Status origen: 1,,2026-06-12 21:32:36,,,,0,0,3020,[],,0
2339,branch:default,75,EFECTIVO,MENUDEO,4660,0,4660,JESUS MARIA,Usuario origen: ALONDRA26 | Liquidado origen: 1 | Credito abonado origen: 4660 | Fecha limite origen: 2026-07-12 | Dias restantes origen: 30 | Status origen: 1,,2026-06-12 23:03:58,,,,0,0,4660,[],,0
2340,branch:default,112,CREDITO,MENUDEO,5420,0,5420,MATAMOROS #351,Usuario origen: ALONDRA26 | Liquidado origen: 0 | Credito abonado origen: 0 | Fecha limite origen: 2026-07-12 | Dias restantes origen: 30 | Status origen: 0,,2026-06-12 23:08:21,,,,0,5420,0,[],,0
2341,branch:default,44,EFECTIVO,MENUDEO,2025,0,2025,LAS CANOAS,Usuario origen: ALONDRA26 | Liquidado origen: 1 | Credito abonado origen: 2025 | Fecha limite origen: 2026-07-12 | Dias restantes origen: 30 | Status origen: 1,,2026-06-12 23:13:00,,,,0,0,2025,[],,0
2342,branch:default,112,EFECTIVO,MENUDEO,3020,0,3020,MATAMOROS #351,Usuario origen: GRISELDA2026 | Liquidado origen: 1 | Credito abonado origen: 3020 | Fecha limite origen: 2026-07-13 | Dias restantes origen: 30 | Status origen: 1,,2026-06-13 13:49:29,,,,0,0,3020,[],,0
2343,branch:default,12,CREDITO,MENUDEO,600,0,600,JESUS MARIA,Usuario origen: GRISELDA2026 | Liquidado origen: 0 | Credito abonado origen: 0 | Fecha limite origen: 2026-07-13 | Dias restantes origen: 30 | Status origen: 1,,2026-06-13 15:20:40,,,,0,600,0,[],,0
2344,branch:default,60,EFECTIVO,MENUDEO,5997,0,5997,DEGOLLADO,Usuario origen: ALONDRA26 | Liquidado origen: 1 | Credito abonado origen: 5997 | Fecha limite origen: 2026-07-15 | Dias restantes origen: 30 | Status origen: 1,,2026-06-15 13:48:45,,,,0,0,5997,[],,0
2345,branch:default,97,EFECTIVO,MENUDEO,8400,0,8400,SAN AGUSTIN,Usuario origen: ALONDRA26 | Liquidado origen: 1 | Credito abonado origen: 8400 | Fecha limite origen: 2026-07-15 | Dias restantes origen: 30 | Status origen: 1,,2026-06-15 15:43:16,,,,0,0,8400,[],,0
2346,branch:default,93,EFECTIVO,MENUDEO,4230,0,4230,FRENTE BLOQUERA BARAJAS,Usuario origen: ALONDRA26 | Liquidado origen: 1 | Credito abonado origen: 4230 | Fecha limite origen: 2026-07-15 | Dias restantes origen: 30 | Status origen: 1,,2026-06-15 17:57:11,,,,0,0,4230,[],,0
2347,branch:default,104,EFECTIVO,MENUDEO,8700,0,8700,ARANDAS,Usuario origen: ALONDRA26 | Liquidado origen: 1 | Credito abonado origen: 8700 | Fecha limite origen: 2026-07-15 | Dias restantes origen: 30 | Status origen: 1,,2026-06-15 18:36:41,,,,0,0,8700,[],,0
2348,branch:default,104,EFECTIVO,MENUDEO,8400,0,8400,ARANDAS,Usuario origen: ALONDRA26 | Liquidado origen: 1 | Credito abonado origen: 8400 | Fecha limite origen: 2026-07-15 | Dias restantes origen: 30 | Status origen: 1,,2026-06-15 18:42:21,,,,0,0,8400,[],,0
2349,branch:default,78,EFECTIVO,MENUDEO,9275,0,9275,JESUS MARIA,Usuario origen: ALONDRA26 | Liquidado origen: 1 | Credito abonado origen: 9275 | Fecha limite origen: 2026-07-15 | Dias restantes origen: 30 | Status origen: 1,,2026-06-15 19:59:46,,,,0,0,9275,[],,0
2350,branch:default,12,CREDITO,MENUDEO,480,0,480,JESUS MARIA,Usuario origen: ALONDRA26 | Liquidado origen: 0 | Credito abonado origen: 0 | Fecha limite origen: 2026-07-15 | Dias restantes origen: 30 | Status origen: 1,,2026-06-15 20:12:00,,,,0,480,0,[],,0
2351,branch:default,113,EFECTIVO,MENUDEO,1201,0,1201,JESUS MARIA,Usuario origen: ALONDRA26 | Liquidado origen: 1 | Credito abonado origen: 1201 | Fecha limite origen: 2026-07-15 | Dias restantes origen: 30 | Status origen: 1,,2026-06-15 22:16:11,,,,0,0,1201,[],,0
2352,branch:default,91,EFECTIVO,MENUDEO,6356,0,6356,FRENTE PLANTA DE LA LUZ,Usuario origen: ALONDRA26 | Liquidado origen: 1 | Credito abonado origen: 6356 | Fecha limite origen: 2026-07-16 | Dias restantes origen: 30 | Status origen: 1,,2026-06-16 13:13:54,,,,0,0,6356,[],,0
2353,branch:default,67,EFECTIVO,MENUDEO,1092,0,1092,JESUS MARIA,Usuario origen: ALONDRA26 | Liquidado origen: 1 | Credito abonado origen: 1092 | Fecha limite origen: 2026-07-01 | Dias restantes origen: 15 | Status origen: 1,,2026-06-16 14:41:32,,,,0,0,1092,[],,0
2354,branch:default,85,EFECTIVO,MENUDEO,5940,0,5940,JESUS MARIA,Usuario origen: ALONDRA26 | Liquidado origen: 1 | Credito abonado origen: 5940 | Fecha limite origen: 2026-07-16 | Dias restantes origen: 30 | Status origen: 1,,2026-06-16 14:46:17,,,,0,0,5940,[],,0
2355,branch:default,2,EFECTIVO,MENUDEO,60,0,60,JESUS MARIA,Usuario origen: ALONDRA26 | Liquidado origen: 1 | Credito abonado origen: 60 | Fecha limite origen: 2026-06-16 | Dias restantes origen: 0 | Status origen: 1,,2026-06-16 15:38:12,,,,0,0,60,[],,0
2356,branch:default,12,CREDITO,MENUDEO,480,0,480,JESUS MARIA,Usuario origen: ALONDRA26 | Liquidado origen: 0 | Credito abonado origen: 0 | Fecha limite origen: 2026-07-16 | Dias restantes origen: 30 | Status origen: 1,,2026-06-16 15:45:29,,,,0,480,0,[],,0
2357,branch:default,102,EFECTIVO,MENUDEO,16000,0,16000,ALEVA RESIDENCIAL,Usuario origen: ALONDRA26 | Liquidado origen: 1 | Credito abonado origen: 16000 | Fecha limite origen: 2026-07-16 | Dias restantes origen: 30 | Status origen: 1,,2026-06-16 15:50:13,,,,0,0,16000,[],,0
2358,branch:default,8,EFECTIVO,MENUDEO,398,0,398,JESUS MARIA,Usuario origen: ALONDRA26 | Liquidado origen: 1 | Credito abonado origen: 398 | Dias restantes origen: 0 | Status origen: 1,,2026-06-16 16:18:52,,,,0,0,398,[],,0
2359,branch:default,2,EFECTIVO,MENUDEO,51,0,51,JESUS MARIA,Usuario origen: ALONDRA26 | Liquidado origen: 1 | Credito abonado origen: 51 | Dias restantes origen: 0 | Status origen: 1,,2026-06-16 16:44:07,,,,0,0,51,[],,0
2360,branch:default,5,EFECTIVO,MENUDEO,8710,0,8710,JESUS MARIA,Usuario origen: ALONDRA26 | Liquidado origen: 1 | Credito abonado origen: 8710 | Fecha limite origen: 2026-07-01 | Dias restantes origen: 15 | Status origen: 1,,2026-06-16 19:00:17,,,,0,0,8710,[],,0
2361,branch:default,19,EFECTIVO,MENUDEO,1083,0,1083,BLOQUERA BARAJAS,Usuario origen: ALONDRA26 | Liquidado origen: 1 | Credito abonado origen: 1083 | Fecha limite origen: 2026-07-01 | Dias restantes origen: 15 | Status origen: 1,,2026-06-16 20:36:06,,,,0,0,1083,[],,0
2362,branch:default,21,EFECTIVO,MENUDEO,600,0,600,JESUS MARIA,Usuario origen: ALONDRA26 | Liquidado origen: 1 | Credito abonado origen: 600 | Fecha limite origen: 2026-07-01 | Dias restantes origen: 15 | Status origen: 1,,2026-06-16 21:21:25,,,,0,0,600,[],,0
2363,branch:default,113,EFECTIVO,MENUDEO,12,0,12,JESUS MARIA,Usuario origen: ALONDRA26 | Liquidado origen: 1 | Credito abonado origen: 12 | Dias restantes origen: 0 | Status origen: 1,,2026-06-16 21:38:07,,,,0,0,12,[],,0
2364,branch:default,5,EFECTIVO,MENUDEO,3550,0,3550,CEN COMER,Usuario origen: ALONDRA26 | Liquidado origen: 1 | Credito abonado origen: 3550 | Fecha limite origen: 2026-07-02 | Dias restantes origen: 15 | Status origen: 1,,2026-06-17 13:17:12,,,,0,0,3550,[],,0
2365,branch:default,91,EFECTIVO,MENUDEO,40.5,0,40.5,FRENTE PLANTA DE LA LUZ,Usuario origen: ALONDRA26 | Liquidado origen: 1 | Credito abonado origen: 40.5 | Fecha limite origen: 2026-07-17 | Dias restantes origen: 30 | Status origen: 1,,2026-06-17 13:34:46,,,,0,0,40.5,[],,0
2366,branch:default,56,EFECTIVO,MENUDEO,6300,0,6300,ESCUELA DE LAS POMEZ,Usuario origen: ALONDRA26 | Liquidado origen: 1 | Credito abonado origen: 6300 | Fecha limite origen: 2026-07-17 | Dias restantes origen: 30 | Status origen: 1,,2026-06-17 13:35:35,,,,0,0,6300,[],,0
2367,branch:default,2,EFECTIVO,MENUDEO,9,0,9,JESUS MARIA,Usuario origen: ALONDRA26 | Liquidado origen: 1 | Credito abonado origen: 9 | Dias restantes origen: 0 | Status origen: 1,,2026-06-17 14:05:49,,,,0,0,9,[],,0
2368,branch:default,85,EFECTIVO,MENUDEO,3358,0,3358,JESUS MARIA,Usuario origen: ALONDRA26 | Liquidado origen: 1 | Credito abonado origen: 3358 | Fecha limite origen: 2026-07-17 | Dias restantes origen: 30 | Status origen: 1,,2026-06-17 14:55:34,,,,0,0,3358,[],,0
2369,branch:default,2,EFECTIVO,MENUDEO,1800,0,1800,ESPALDAS DE LA UNIDAD,Usuario origen: ALONDRA26 | Liquidado origen: 1 | Credito abonado origen: 1800 | Fecha limite origen: 2026-06-17 | Dias restantes origen: 0 | Status origen: 1,,2026-06-17 14:56:03,,,,0,0,1800,[],,0
2370,branch:default,109,EFECTIVO,MENUDEO,1925,0,1925,JESUS MARIA,Usuario origen: ALONDRA26 | Liquidado origen: 1 | Credito abonado origen: 1925 | Fecha limite origen: 2026-06-17 | Dias restantes origen: 0 | Status origen: 1,,2026-06-17 14:56:31,,,,0,0,1925,[],,0
2371,branch:default,2,EFECTIVO,MENUDEO,166,0,166,JESUS MARIA,Usuario origen: ALONDRA26 | Liquidado origen: 1 | Credito abonado origen: 166 | Dias restantes origen: 0 | Status origen: 1,,2026-06-17 16:14:57,,,,0,0,166,[],,0
2372,branch:default,44,EFECTIVO,MENUDEO,6510,0,6510,FERRETERIA ARANDAS,Usuario origen: ALONDRA26 | Liquidado origen: 1 | Credito abonado origen: 6510 | Fecha limite origen: 2026-07-17 | Dias restantes origen: 30 | Status origen: 1,,2026-06-17 17:30:41,,,,0,0,6510,[],,0
2373,branch:default,2,EFECTIVO,MENUDEO,90,0,90,JESUS MARIA,Usuario origen: ALONDRA26 | Liquidado origen: 1 | Credito abonado origen: 90 | Dias restantes origen: 0 | Status origen: 1,,2026-06-17 18:06:25,,,,0,0,90,[],,0
2374,branch:default,2,EFECTIVO,MENUDEO,900,0,900,JESUS MARIA,Usuario origen: ALONDRA26 | Liquidado origen: 1 | Credito abonado origen: 900 | Dias restantes origen: 0 | Status origen: 1,,2026-06-17 18:07:01,,,,0,0,900,[],,0
2375,branch:default,2,EFECTIVO,MENUDEO,231,0,231,JESUS MARIA,Usuario origen: ALONDRA26 | Liquidado origen: 1 | Credito abonado origen: 231 | Dias restantes origen: 0 | Status origen: 1,,2026-06-17 19:14:26,,,,0,0,231,[],,0
2376,branch:default,53,EFECTIVO,MENUDEO,8200,0,8200,AGAVINA URBANIZACION,Usuario origen: ALONDRA26 | Liquidado origen: 1 | Credito abonado origen: 8200 | Fecha limite origen: 2026-07-17 | Dias restantes origen: 30 | Status origen: 1,,2026-06-17 19:19:31,,,,0,0,8200,[],,0
2377,branch:default,53,EFECTIVO,MENUDEO,13617.5,0,13617.5,AGAVINA C23,Usuario origen: ALONDRA26 | Liquidado origen: 1 | Credito abonado origen: 13617.5 | Fecha limite origen: 2026-07-17 | Dias restantes origen: 30 | Status origen: 1,,2026-06-17 19:23:17,,,,0,0,13617.5,[],,0
2378,branch:default,95,EFECTIVO,MENUDEO,2670,0,2670,JESUS MARIA,Usuario origen: ALONDRA26 | Liquidado origen: 1 | Credito abonado origen: 2670 | Fecha limite origen: 2026-07-02 | Dias restantes origen: 15 | Status origen: 1,,2026-06-17 19:42:34,,,,0,0,2670,[],,0
2379,branch:default,2,EFECTIVO,MENUDEO,9,0,9,JESUS MARIA,Usuario origen: ALONDRA26 | Liquidado origen: 1 | Credito abonado origen: 9 | Dias restantes origen: 0 | Status origen: 1,,2026-06-17 20:12:25,,,,0,0,9,[],,0
2380,branch:default,2,EFECTIVO,MENUDEO,46,0,46,JESUS MARIA,Usuario origen: ALONDRA26 | Liquidado origen: 1 | Credito abonado origen: 46 | Dias restantes origen: 0 | Status origen: 1,,2026-06-17 20:41:53,,,,0,0,46,[],,0
2381,branch:default,109,EFECTIVO,MENUDEO,1716,0,1716,JESUS MARIA,Usuario origen: ALONDRA26 | Liquidado origen: 1 | Credito abonado origen: 1716 | Fecha limite origen: 2026-06-17 | Dias restantes origen: 0 | Status origen: 1,,2026-06-17 20:50:59,,,,0,0,1716,[],,0
2382,branch:default,53,CREDITO,MENUDEO,5395,0,5395,PLAZA ALTEÑA,Usuario origen: ALONDRA26 | Liquidado origen: 0 | Credito abonado origen: 0 | Fecha limite origen: 2026-07-17 | Dias restantes origen: 30 | Status origen: 1,,2026-06-17 21:15:07,,,,0,5395,0,[],,0
2383,branch:default,53,CREDITO,MENUDEO,2500,0,2500,AGAVINA URBANIZACION,Usuario origen: ALONDRA26 | Liquidado origen: 0 | Credito abonado origen: 0 | Fecha limite origen: 2026-07-17 | Dias restantes origen: 30 | Status origen: 1,,2026-06-17 21:20:04,,,,0,2500,0,[],,0
2384,branch:default,110,EFECTIVO,MENUDEO,4300,0,4300,SAN VICENTE,Usuario origen: ALONDRA26 | Liquidado origen: 1 | Credito abonado origen: 4300 | Fecha limite origen: 2026-06-17 | Dias restantes origen: 0 | Status origen: 1,,2026-06-17 21:35:12,,,,0,0,4300,[],,0
2385,branch:default,60,EFECTIVO,MENUDEO,22240,0,22240,DEGOLLADO,Usuario origen: ALONDRA26 | Liquidado origen: 1 | Credito abonado origen: 22240 | Fecha limite origen: 2026-07-17 | Dias restantes origen: 30 | Status origen: 1,,2026-06-17 23:10:08,,,,0,0,22240,[],,0
2386,branch:default,73,EFECTIVO,MENUDEO,11400,0,11400,SANTA MARIA DEL VALLE,Usuario origen: ALONDRA26 | Liquidado origen: 1 | Credito abonado origen: 11400 | Fecha limite origen: 2026-07-18 | Dias restantes origen: 30 | Status origen: 1,,2026-06-18 13:14:36,,,,0,0,11400,[],,0
2387,branch:default,2,EFECTIVO,MENUDEO,178,0,178,JESUS MARIA,Usuario origen: ALONDRA26 | Liquidado origen: 1 | Credito abonado origen: 178 | Dias restantes origen: 0 | Status origen: 1,,2026-06-18 15:21:40,,,,0,0,178,[],,0
2388,branch:default,104,EFECTIVO,MENUDEO,10860,0,10860,ARANDAS,Usuario origen: ALONDRA26 | Liquidado origen: 1 | Credito abonado origen: 10860 | Fecha limite origen: 2026-07-18 | Dias restantes origen: 30 | Status origen: 1,,2026-06-18 15:50:58,,,,0,0,10860,[],,0
2389,branch:default,102,EFECTIVO,MENUDEO,24024,0,24024,ALEVA RESIDENCIAL,Usuario origen: ALONDRA26 | Liquidado origen: 1 | Credito abonado origen: 24024 | Fecha limite origen: 2026-07-18 | Dias restantes origen: 30 | Status origen: 1,,2026-06-18 15:51:51,,,,0,0,24024,[],,0
2390,branch:default,74,EFECTIVO,MENUDEO,8700,0,8700,JESUS MARIA,Usuario origen: ALONDRA26 | Liquidado origen: 1 | Credito abonado origen: 8700 | Fecha limite origen: 2026-07-18 | Dias restantes origen: 30 | Status origen: 1,,2026-06-18 17:40:01,,,,0,0,8700,[],,0
2391,branch:default,5,CREDITO,MENUDEO,1660,0,1660,LAS CANOAS,Usuario origen: ALONDRA26 | Liquidado origen: 0 | Credito abonado origen: 0 | Fecha limite origen: 2026-07-03 | Dias restantes origen: 15 | Status origen: 1,,2026-06-18 19:26:27,,,,0,1660,0,[],,0
2392,branch:default,7,CREDITO,MENUDEO,18,0,18,LAS CANOAS,Usuario origen: ALONDRA26 | Liquidado origen: 0 | Credito abonado origen: 0 | Fecha limite origen: 2026-07-18 | Dias restantes origen: 30 | Status origen: 1,,2026-06-18 19:28:30,,,,0,18,0,[],,0
2393,branch:default,79,EFECTIVO,MENUDEO,2100,0,2100,JESUS MARIA,Usuario origen: ALONDRA26 | Liquidado origen: 1 | Credito abonado origen: 2100 | Fecha limite origen: 2026-07-18 | Dias restantes origen: 30 | Status origen: 1,,2026-06-18 20:57:49,,,,0,0,2100,[],,0
2394,branch:default,53,CREDITO,MENUDEO,4900,0,4900,PLAZA ALTEÑA,Usuario origen: ALONDRA26 | Liquidado origen: 0 | Credito abonado origen: 0 | Fecha limite origen: 2026-07-18 | Dias restantes origen: 30 | Status origen: 1,,2026-06-18 21:20:58,,,,0,4900,0,[],,0
2395,branch:default,96,EFECTIVO,MENUDEO,3460,0,3460,JESUS MARIA,Usuario origen: ALONDRA26 | Liquidado origen: 1 | Credito abonado origen: 3460 | Fecha limite origen: 2026-07-18 | Dias restantes origen: 30 | Status origen: 1,,2026-06-18 21:58:40,,,,0,0,3460,[],,0
2396,branch:default,85,EFECTIVO,MENUDEO,2378,0,2378,JESUS MARIA,Usuario origen: ALONDRA26 | Liquidado origen: 1 | Credito abonado origen: 2378 | Fecha limite origen: 2026-07-18 | Dias restantes origen: 30 | Status origen: 1,,2026-06-18 22:40:29,,,,0,0,2378,[],,0
2397,branch:default,87,EFECTIVO,MENUDEO,1350,0,1350,JESUS MARIA,Usuario origen: ALONDRA26 | Liquidado origen: 1 | Credito abonado origen: 1350 | Fecha limite origen: 2026-07-19 | Dias restantes origen: 30 | Status origen: 1,,2026-06-19 13:17:56,,,,0,0,1350,[],,0
2398,branch:default,56,EFECTIVO,MENUDEO,4750,0,4750,ESCUELA DE LAS POMEZ,Usuario origen: ALONDRA26 | Liquidado origen: 1 | Credito abonado origen: 4750 | Fecha limite origen: 2026-07-19 | Dias restantes origen: 30 | Status origen: 1,,2026-06-19 13:50:09,,,,0,0,4750,[],,0
2399,branch:default,104,EFECTIVO,MENUDEO,4800,0,4800,ARANDAS,Usuario origen: ALONDRA26 | Liquidado origen: 1 | Credito abonado origen: 4800 | Fecha limite origen: 2026-07-19 | Dias restantes origen: 30 | Status origen: 1,,2026-06-19 13:50:41,,,,0,0,4800,[],,0
2400,branch:default,53,CREDITO,MENUDEO,3600,0,3600,PLAZA ALTEÑA,Usuario origen: ALONDRA26 | Liquidado origen: 0 | Credito abonado origen: 0 | Fecha limite origen: 2026-07-19 | Dias restantes origen: 30 | Status origen: 1,,2026-06-19 15:39:50,,,,0,3600,0,[],,0
2401,branch:default,12,CREDITO,MENUDEO,960,0,960,JESUS MARIA,Usuario origen: ALONDRA26 | Liquidado origen: 0 | Credito abonado origen: 0 | Fecha limite origen: 2026-07-19 | Dias restantes origen: 30 | Status origen: 1,,2026-06-19 16:16:59,,,,0,960,0,[],,0
2402,branch:default,12,CREDITO,MENUDEO,960,0,960,JESUS MARIA,Usuario origen: ALONDRA26 | Liquidado origen: 0 | Credito abonado origen: 0 | Fecha limite origen: 2026-07-19 | Dias restantes origen: 30 | Status origen: 1,,2026-06-19 19:13:28,,,,0,960,0,[],,0
2403,branch:default,7,CREDITO,MENUDEO,216,0,216,LAS CANOAS,Usuario origen: ALONDRA26 | Liquidado origen: 0 | Credito abonado origen: 0 | Fecha limite origen: 2026-07-19 | Dias restantes origen: 30 | Status origen: 1,,2026-06-19 20:09:54,,,,0,216,0,[],,0
2404,branch:default,104,EFECTIVO,MENUDEO,3150,0,3150,ARANDAS,Usuario origen: ALONDRA26 | Liquidado origen: 1 | Credito abonado origen: 3150 | Fecha limite origen: 2026-07-19 | Dias restantes origen: 30 | Status origen: 1,,2026-06-19 21:18:15,,,,0,0,3150,[],,0
2405,branch:default,71,EFECTIVO,MENUDEO,12600,0,12600,ROSALES,Usuario origen: ALONDRA26 | Liquidado origen: 1 | Credito abonado origen: 12600 | Fecha limite origen: 2026-06-19 | Dias restantes origen: 0 | Status origen: 1,,2026-06-19 21:24:12,,,,0,0,12600,[],,0
2406,branch:default,5,EFECTIVO,MENUDEO,3550,0,3550,CEN COMER,Usuario origen: ALONDRA26 | Liquidado origen: 1 | Credito abonado origen: 3550 | Fecha limite origen: 2026-07-04 | Dias restantes origen: 15 | Status origen: 1,,2026-06-19 21:26:15,,,,0,0,3550,[],,0
2407,branch:default,5,EFECTIVO,MENUDEO,330,0,330,CEN COMER,Usuario origen: ALONDRA26 | Liquidado origen: 1 | Credito abonado origen: 330 | Fecha limite origen: 2026-07-04 | Dias restantes origen: 15 | Status origen: 1,,2026-06-19 21:50:40,,,,0,0,330,[],,0
2408,branch:default,2,EFECTIVO,MENUDEO,2775,0,2775,LAS CRUCES,Usuario origen: ALONDRA26 | Liquidado origen: 1 | Credito abonado origen: 2775 | Fecha limite origen: 2026-06-19 | Dias restantes origen: 0 | Status origen: 1,,2026-06-19 22:18:55,,,,0,0,2775,[],,0
2409,branch:default,2,EFECTIVO,MENUDEO,22,0,22,JESUS MARIA,Usuario origen: ALONDRA26 | Liquidado origen: 1 | Credito abonado origen: 22 | Fecha limite origen: 2026-06-19 | Dias restantes origen: 0 | Status origen: 1,,2026-06-19 22:26:50,,,,0,0,22,[],,0
2410,branch:default,2,EFECTIVO,MENUDEO,240,0,240,JESUS MARIA,Usuario origen: ALONDRA26 | Liquidado origen: 1 | Credito abonado origen: 240 | Dias restantes origen: 0 | Status origen: 1,,2026-06-19 22:42:15,,,,0,0,240,[],,0
2411,branch:default,2,EFECTIVO,MENUDEO,19,0,19,JESUS MARIA,Usuario origen: ALONDRA26 | Liquidado origen: 1 | Credito abonado origen: 19 | Dias restantes origen: 0 | Status origen: 1,,2026-06-19 23:28:56,,,,0,0,19,[],,0
2412,branch:default,85,EFECTIVO,MENUDEO,1200,0,1200,JESUS MARIA,Usuario origen: GRISELDA2026 | Liquidado origen: 1 | Credito abonado origen: 1200 | Fecha limite origen: 2026-07-20 | Dias restantes origen: 30 | Status origen: 1,,2026-06-20 14:31:28,,,,0,0,1200,[],,0
2413,branch:default,5,CREDITO,MENUDEO,120,0,120,JESUS MARIA,Usuario origen: GRISELDA2026 | Liquidado origen: 0 | Credito abonado origen: 0 | Fecha limite origen: 2026-07-05 | Dias restantes origen: 15 | Status origen: 0,,2026-06-20 14:41:55,,,,0,120,0,[],,0
2414,branch:default,7,CREDITO,MENUDEO,2070,0,2070,JESUS MARIA,Usuario origen: GRISELDA2026 | Liquidado origen: 0 | Credito abonado origen: 0 | Fecha limite origen: 2026-07-20 | Dias restantes origen: 30 | Status origen: 1,,2026-06-20 14:57:52,,,,0,2070,0,[],,0
2415,branch:default,2,EFECTIVO,MENUDEO,116,0,116,JESUS MARIA,Usuario origen: GRISELDA2026 | Liquidado origen: 1 | Credito abonado origen: 116 | Dias restantes origen: 0 | Status origen: 1,,2026-06-20 15:54:14,,,,0,0,116,[],,0
2416,branch:default,2,EFECTIVO,MENUDEO,120,0,120,JESUS MARIA,Usuario origen: GRISELDA2026 | Liquidado origen: 1 | Credito abonado origen: 120 | Dias restantes origen: 0 | Status origen: 1,,2026-06-20 16:40:41,,,,0,0,120,[],,0
2417,branch:default,91,EFECTIVO,MENUDEO,1663,0,1663,PLANTA DE LA LUZ,Usuario origen: GRISELDA2026 | Liquidado origen: 1 | Credito abonado origen: 1663 | Fecha limite origen: 2026-07-20 | Dias restantes origen: 30 | Status origen: 1,,2026-06-20 19:57:32,,,,0,0,1663,[],,0
2418,branch:default,53,CREDITO,MENUDEO,1800,0,1800,AGAVINA,Usuario origen: ALONDRA26 | Liquidado origen: 0 | Credito abonado origen: 0 | Fecha limite origen: 2026-07-22 | Dias restantes origen: 30 | Status origen: 1,,2026-06-22 13:15:25,,,,0,1800,0,[],,0
2419,branch:default,85,EFECTIVO,MENUDEO,450,0,450,EL ROBLE,Usuario origen: ALONDRA26 | Liquidado origen: 1 | Credito abonado origen: 450 | Fecha limite origen: 2026-07-22 | Dias restantes origen: 30 | Status origen: 1,,2026-06-22 14:09:26,,,,0,0,450,[],,0
2420,branch:default,85,EFECTIVO,MENUDEO,28,0,28,EL ROBLE,Usuario origen: ALONDRA26 | Liquidado origen: 1 | Credito abonado origen: 28 | Fecha limite origen: 2026-07-22 | Dias restantes origen: 30 | Status origen: 1,,2026-06-22 14:14:02,,,,0,0,28,[],,0
2421,branch:default,20,CREDITO,MENUDEO,22,0,22,JESUS MARIA,Usuario origen: ALONDRA26 | Liquidado origen: 0 | Credito abonado origen: 0 | Fecha limite origen: 2026-07-22 | Dias restantes origen: 30 | Status origen: 1,,2026-06-22 15:05:31,,,,0,22,0,[],,0
2422,branch:default,2,EFECTIVO,MENUDEO,14,0,14,JESUS MARIA,Usuario origen: ALONDRA26 | Liquidado origen: 1 | Credito abonado origen: 14 | Dias restantes origen: 0 | Status origen: 1,,2026-06-22 15:21:27,,,,0,0,14,[],,0
2423,branch:default,103,EFECTIVO,MENUDEO,5160,0,5160,ARANDAS,Usuario origen: ALONDRA26 | Liquidado origen: 1 | Credito abonado origen: 5160 | Fecha limite origen: 2026-07-22 | Dias restantes origen: 30 | Status origen: 1,,2026-06-22 15:32:38,,,,0,0,5160,[],,0
2424,branch:default,2,EFECTIVO,MENUDEO,1200,0,1200,JESUS MARIA,Usuario origen: ALONDRA26 | Liquidado origen: 1 | Credito abonado origen: 1200 | Fecha limite origen: 2026-06-22 | Dias restantes origen: 0 | Status origen: 1,,2026-06-22 15:34:53,,,,0,0,1200,[],,0
2425,branch:default,7,CREDITO,MENUDEO,401.5,0,401.5,JESUS MARIA,Usuario origen: ALONDRA26 | Liquidado origen: 0 | Credito abonado origen: 0 | Fecha limite origen: 2026-07-22 | Dias restantes origen: 30 | Status origen: 1,,2026-06-22 16:31:10,,,,0,401.5,0,[],,0
2426,branch:default,102,EFECTIVO,MENUDEO,4000,0,4000,ALEVA RESIDENCIAL,Usuario origen: ALONDRA26 | Liquidado origen: 1 | Credito abonado origen: 4000 | Fecha limite origen: 2026-07-22 | Dias restantes origen: 30 | Status origen: 1,,2026-06-22 17:19:26,,,,0,0,4000,[],,0
2427,branch:default,19,EFECTIVO,MENUDEO,2803,0,2803,BLOQUERA BARAJAS,Usuario origen: ALONDRA26 | Liquidado origen: 1 | Credito abonado origen: 2803 | Fecha limite origen: 2026-07-07 | Dias restantes origen: 15 | Status origen: 1,,2026-06-22 17:20:40,,,,0,0,2803,[],,0
2428,branch:default,7,CREDITO,MENUDEO,755,0,755,LAS CANOAS,Usuario origen: ALONDRA26 | Liquidado origen: 0 | Credito abonado origen: 0 | Fecha limite origen: 2026-07-22 | Dias restantes origen: 30 | Status origen: 1,,2026-06-22 18:45:51,,,,0,755,0,[],,0
2429,branch:default,5,EFECTIVO,MENUDEO,3550,0,3550,CEN COMER,Usuario origen: ALONDRA26 | Liquidado origen: 1 | Credito abonado origen: 3550 | Fecha limite origen: 2026-07-07 | Dias restantes origen: 15 | Status origen: 1,,2026-06-22 18:51:06,,,,0,0,3550,[],,0
2430,branch:default,2,EFECTIVO,MENUDEO,1170,0,1170,JESUS MARIA,Usuario origen: ALONDRA26 | Liquidado origen: 1 | Credito abonado origen: 1170 | Dias restantes origen: 0 | Status origen: 1,,2026-06-22 19:01:34,,,,0,0,1170,[],,0
2431,branch:default,7,CREDITO,MENUDEO,2400,0,2400,LAS CANOAS,Usuario origen: ALONDRA26 | Liquidado origen: 0 | Credito abonado origen: 0 | Fecha limite origen: 2026-07-22 | Dias restantes origen: 30 | Status origen: 1,,2026-06-22 19:15:35,,,,0,2400,0,[],,0
2432,branch:default,2,EFECTIVO,MENUDEO,67,0,67,JESUS MARIA,Usuario origen: ALONDRA26 | Liquidado origen: 1 | Credito abonado origen: 67 | Dias restantes origen: 0 | Status origen: 1,,2026-06-22 21:18:21,,,,0,0,67,[],,0
2433,branch:default,21,EFECTIVO,MENUDEO,420,0,420,JESUS MARIA,Usuario origen: ALONDRA26 | Liquidado origen: 1 | Credito abonado origen: 420 | Fecha limite origen: 2026-07-08 | Dias restantes origen: 15 | Status origen: 1,,2026-06-23 14:31:07,,,,0,0,420,[],,0
2434,branch:default,85,EFECTIVO,MENUDEO,426,0,426,JESUS MARIA,Usuario origen: ALONDRA26 | Liquidado origen: 1 | Credito abonado origen: 426 | Fecha limite origen: 2026-07-23 | Dias restantes origen: 30 | Status origen: 1,,2026-06-23 15:27:33,,,,0,0,426,[],,0
2435,branch:default,5,EFECTIVO,MENUDEO,3550,0,3550,CEN COMER,Usuario origen: ALONDRA26 | Liquidado origen: 1 | Credito abonado origen: 3550 | Fecha limite origen: 2026-07-08 | Dias restantes origen: 15 | Status origen: 1,,2026-06-23 15:29:44,,,,0,0,3550,[],,0
2436,branch:default,102,CREDITO,MENUDEO,24000,0,24000,ALEVA RESIDENCIAL,Usuario origen: ALONDRA26 | Liquidado origen: 0 | Credito abonado origen: 5611 | Fecha limite origen: 2026-07-23 | Dias restantes origen: 30 | Status origen: 1,,2026-06-23 16:00:31,,,,0,24000,0,[],,0
2437,branch:default,104,EFECTIVO,MENUDEO,4800,0,4800,ARANDAS,Usuario origen: ALONDRA26 | Liquidado origen: 1 | Credito abonado origen: 4800 | Fecha limite origen: 2026-07-23 | Dias restantes origen: 30 | Status origen: 1,,2026-06-23 16:27:16,,,,0,0,4800,[],,0
2438,branch:default,35,EFECTIVO,MENUDEO,930,0,930,JESUS MARIA,Usuario origen: ALONDRA26 | Liquidado origen: 1 | Credito abonado origen: 930 | Dias restantes origen: 0 | Status origen: 1,,2026-06-23 17:27:35,,,,0,0,930,[],,0
2439,branch:default,74,EFECTIVO,MENUDEO,8700,0,8700,JESUS MARIA,Usuario origen: ALONDRA26 | Liquidado origen: 1 | Credito abonado origen: 8700 | Fecha limite origen: 2026-07-23 | Dias restantes origen: 30 | Status origen: 1,,2026-06-23 19:41:33,,,,0,0,8700,[],,0
2440,branch:default,85,EFECTIVO,MENUDEO,3760,0,3760,JESUS MARIA,Usuario origen: ALONDRA26 | Liquidado origen: 1 | Credito abonado origen: 3760 | Fecha limite origen: 2026-07-23 | Dias restantes origen: 30 | Status origen: 1,,2026-06-23 20:34:04,,,,0,0,3760,[],,0
2441,branch:default,2,EFECTIVO,MENUDEO,23,0,23,JESUS MARIA,Usuario origen: ALONDRA26 | Liquidado origen: 1 | Credito abonado origen: 23 | Dias restantes origen: 0 | Status origen: 1,,2026-06-23 21:35:41,,,,0,0,23,[],,0
2442,branch:default,56,EFECTIVO,MENUDEO,5725,0,5725,ESCUELA DE LAS POMEZ,Usuario origen: ALONDRA26 | Liquidado origen: 1 | Credito abonado origen: 5725 | Fecha limite origen: 2026-07-23 | Dias restantes origen: 30 | Status origen: 1,,2026-06-23 21:41:39,,,,0,0,5725,[],,0
2443,branch:default,2,EFECTIVO,MENUDEO,240,0,240,JESUS MARIA,Usuario origen: ALONDRA26 | Liquidado origen: 1 | Credito abonado origen: 240 | Dias restantes origen: 0 | Status origen: 1,,2026-06-23 22:23:13,,,,0,0,240,[],,0
2444,branch:default,56,EFECTIVO,MENUDEO,1080,0,1080,ESCUELA DE LAS POMEZ,Usuario origen: ALONDRA26 | Liquidado origen: 1 | Credito abonado origen: 1080 | Fecha limite origen: 2026-07-24 | Dias restantes origen: 30 | Status origen: 1,,2026-06-24 13:12:14,,,,0,0,1080,[],,0
2445,branch:default,53,CREDITO,MENUDEO,11000,0,11000,AGAVINA,Usuario origen: ALONDRA26 | Liquidado origen: 0 | Credito abonado origen: 0 | Fecha limite origen: 2026-07-24 | Dias restantes origen: 30 | Status origen: 1,,2026-06-24 13:13:18,,,,0,11000,0,[],,0
2446,branch:default,53,EFECTIVO,MENUDEO,7915,0,7915,AGAVINA C23,Usuario origen: ALONDRA26 | Liquidado origen: 1 | Credito abonado origen: 7915 | Fecha limite origen: 2026-07-24 | Dias restantes origen: 30 | Status origen: 1,,2026-06-24 13:14:39,,,,0,0,7915,[],,0
2447,branch:default,53,CREDITO,MENUDEO,22640,0,22640,AGAVINA C26,Usuario origen: ALONDRA26 | Liquidado origen: 0 | Credito abonado origen: 0 | Fecha limite origen: 2026-07-24 | Dias restantes origen: 30 | Status origen: 1,,2026-06-24 13:15:27,,,,0,22640,0,[],,0
2448,branch:default,79,EFECTIVO,MENUDEO,3900,0,3900,JESUS MARIA,Usuario origen: ALONDRA26 | Liquidado origen: 1 | Credito abonado origen: 3900 | Fecha limite origen: 2026-07-24 | Dias restantes origen: 30 | Status origen: 1,,2026-06-24 13:30:37,,,,0,0,3900,[],,0
2449,branch:default,2,EFECTIVO,MENUDEO,900,0,900,JESUS MARIA,Usuario origen: ALONDRA26 | Liquidado origen: 1 | Credito abonado origen: 900 | Dias restantes origen: 0 | Status origen: 1,,2026-06-24 13:57:54,,,,0,0,900,[],,0
2450,branch:default,75,CREDITO,MENUDEO,2400,0,2400,CARTONERA,Usuario origen: ALONDRA26 | Liquidado origen: 0 | Credito abonado origen: 0 | Fecha limite origen: 2026-07-24 | Dias restantes origen: 30 | Status origen: 1,,2026-06-24 14:08:52,,,,0,2400,0,[],,0
2451,branch:default,52,EFECTIVO,MENUDEO,2400,0,2400,CASAS GEMEX,Usuario origen: ALONDRA26 | Liquidado origen: 1 | Credito abonado origen: 2400 | Fecha limite origen: 2026-07-24 | Dias restantes origen: 30 | Status origen: 1,,2026-06-24 15:04:24,,,,0,0,2400,[],,0
2452,branch:default,5,EFECTIVO,MENUDEO,3550,0,3550,CEN COMER,Usuario origen: ALONDRA26 | Liquidado origen: 1 | Credito abonado origen: 3550 | Fecha limite origen: 2026-07-09 | Dias restantes origen: 15 | Status origen: 1,,2026-06-24 18:50:38,,,,0,0,3550,[],,0
2453,branch:default,5,EFECTIVO,MENUDEO,3550,0,3550,CEN COMER,Usuario origen: ALONDRA26 | Liquidado origen: 1 | Credito abonado origen: 3550 | Fecha limite origen: 2026-07-09 | Dias restantes origen: 15 | Status origen: 1,,2026-06-24 19:04:09,,,,0,0,3550,[],,0
2454,branch:default,5,CREDITO,MENUDEO,3550,0,3550,CEN COMER,Usuario origen: ALONDRA26 | Liquidado origen: 0 | Credito abonado origen: 0 | Fecha limite origen: 2026-07-09 | Dias restantes origen: 15 | Status origen: 0,,2026-06-24 19:28:39,,,,0,3550,0,[],,0
2455,branch:default,2,EFECTIVO,MENUDEO,146,0,146,JESUS MARIA,Usuario origen: ALONDRA26 | Liquidado origen: 1 | Credito abonado origen: 146 | Dias restantes origen: 0 | Status origen: 1,,2026-06-24 20:26:28,,,,0,0,146,[],,0
2456,branch:default,96,EFECTIVO,MENUDEO,530,0,530,PASO DE GUADALUPE,Usuario origen: ALONDRA26 | Liquidado origen: 1 | Credito abonado origen: 530 | Fecha limite origen: 2026-07-24 | Dias restantes origen: 30 | Status origen: 1,,2026-06-24 20:28:29,,,,0,0,530,[],,0
2457,branch:default,96,EFECTIVO,MENUDEO,530,0,530,PASO DE GUADALUPE,Usuario origen: ALONDRA26 | Liquidado origen: 1 | Credito abonado origen: 530 | Fecha limite origen: 2026-07-24 | Dias restantes origen: 30 | Status origen: 1,,2026-06-24 20:30:03,,,,0,0,530,[],,0
2458,branch:default,3,EFECTIVO,MENUDEO,3547.5,0,3547.5,JESUS MARIA,Usuario origen: ALONDRA26 | Liquidado origen: 1 | Credito abonado origen: 3547.5 | Fecha limite origen: 2026-07-09 | Dias restantes origen: 15 | Status origen: 1,,2026-06-24 21:23:38,,,,0,0,3547.5,[],,0
2459,branch:default,2,EFECTIVO,MENUDEO,21,0,21,JESUS MARIA,Usuario origen: ALONDRA26 | Liquidado origen: 1 | Credito abonado origen: 21 | Dias restantes origen: 0 | Status origen: 1,,2026-06-24 22:38:54,,,,0,0,21,[],,0
2460,branch:default,2,EFECTIVO,MENUDEO,16,0,16,JESUS MARIA,Usuario origen: ALONDRA26 | Liquidado origen: 1 | Credito abonado origen: 16 | Dias restantes origen: 0 | Status origen: 1,,2026-06-24 23:20:43,,,,0,0,16,[],,0
2461,branch:default,85,EFECTIVO,MENUDEO,144,0,144,JESUS MARIA,Usuario origen: ALONDRA26 | Liquidado origen: 1 | Credito abonado origen: 144 | Fecha limite origen: 2026-07-24 | Dias restantes origen: 30 | Status origen: 1,,2026-06-24 23:26:47,,,,0,0,144,[],,0
2462,branch:default,97,EFECTIVO,MENUDEO,9600,0,9600,SAN AGUSTIN,Usuario origen: ALONDRA26 | Liquidado origen: 1 | Credito abonado origen: 9600 | Fecha limite origen: 2026-07-25 | Dias restantes origen: 30 | Status origen: 1,,2026-06-25 13:28:51,,,,0,0,9600,[],,0
2463,branch:default,2,EFECTIVO,MENUDEO,1380,0,1380,JESUS MARIA,Usuario origen: ALONDRA26 | Liquidado origen: 1 | Credito abonado origen: 1380 | Fecha limite origen: 2026-06-25 | Dias restantes origen: 0 | Status origen: 1,,2026-06-25 13:30:53,,,,0,0,1380,[],,0
2464,branch:default,85,EFECTIVO,MENUDEO,240,0,240,JESUS MARIA,Usuario origen: ALONDRA26 | Liquidado origen: 1 | Credito abonado origen: 240 | Fecha limite origen: 2026-07-25 | Dias restantes origen: 30 | Status origen: 1,,2026-06-25 13:53:38,,,,0,0,240,[],,0
2465,branch:default,102,CREDITO,MENUDEO,8000,0,8000,ALEVA RESIDENCIAL,Usuario origen: ALONDRA26 | Liquidado origen: 0 | Credito abonado origen: 0 | Fecha limite origen: 2026-07-25 | Dias restantes origen: 30 | Status origen: 1,,2026-06-25 14:42:08,,,,0,8000,0,[],,0
2466,branch:default,46,EFECTIVO,MENUDEO,2900,0,2900,POMEZ,Usuario origen: ALONDRA26 | Liquidado origen: 1 | Credito abonado origen: 2900 | Fecha limite origen: 2026-07-25 | Dias restantes origen: 30 | Status origen: 1,,2026-06-25 16:43:34,,,,0,0,2900,[],,0
2467,branch:default,114,EFECTIVO,MENUDEO,19994.5,0,19994.5,ARANDAS,Usuario origen: ALONDRA26 | Liquidado origen: 1 | Credito abonado origen: 19994.5 | Fecha limite origen: 2026-07-25 | Dias restantes origen: 30 | Status origen: 1,,2026-06-25 17:03:55,,,,0,0,19994.5,[],,0
2468,branch:default,5,EFECTIVO,MENUDEO,3550,0,3550,CEN COMER,Usuario origen: ALONDRA26 | Liquidado origen: 1 | Credito abonado origen: 3550 | Fecha limite origen: 2026-07-10 | Dias restantes origen: 15 | Status origen: 1,,2026-06-25 18:47:47,,,,0,0,3550,[],,0
2469,branch:default,74,EFECTIVO,MENUDEO,8700,0,8700,JESUS MARIA,Usuario origen: ALONDRA26 | Liquidado origen: 1 | Credito abonado origen: 8700 | Fecha limite origen: 2026-07-25 | Dias restantes origen: 30 | Status origen: 1,,2026-06-25 20:32:50,,,,0,0,8700,[],,0
2470,branch:default,114,EFECTIVO,MENUDEO,8700,0,8700,ARANDAS,Usuario origen: ALONDRA26 | Liquidado origen: 1 | Credito abonado origen: 8700 | Fecha limite origen: 2026-07-25 | Dias restantes origen: 30 | Status origen: 1,,2026-06-25 20:42:47,,,,0,0,8700,[],,0
2471,branch:default,3,EFECTIVO,MENUDEO,100,0,100,JESUS MARIA,Usuario origen: ALONDRA26 | Liquidado origen: 1 | Credito abonado origen: 100 | Fecha limite origen: 2026-07-10 | Dias restantes origen: 15 | Status origen: 1,,2026-06-25 23:02:13,,,,0,0,100,[],,0
2472,branch:default,46,EFECTIVO,MENUDEO,170,0,170,JESUS MARIA,Usuario origen: ALONDRA26 | Liquidado origen: 1 | Credito abonado origen: 170 | Fecha limite origen: 2026-07-26 | Dias restantes origen: 30 | Status origen: 1,,2026-06-26 13:39:27,,,,0,0,170,[],,0
2473,branch:default,56,EFECTIVO,MENUDEO,6500,0,6500,ESCUELA DE LAS POMEZ,Usuario origen: ALONDRA26 | Liquidado origen: 1 | Credito abonado origen: 6500 | Fecha limite origen: 2026-07-26 | Dias restantes origen: 30 | Status origen: 1,,2026-06-26 15:13:01,,,,0,0,6500,[],,0
2474,branch:default,74,EFECTIVO,MENUDEO,8700,0,8700,JESUS MARIA,Usuario origen: ALONDRA26 | Liquidado origen: 1 | Credito abonado origen: 8700 | Fecha limite origen: 2026-07-26 | Dias restantes origen: 30 | Status origen: 1,,2026-06-26 15:20:13,,,,0,0,8700,[],,0
2475,branch:default,7,CREDITO,MENUDEO,1050,0,1050,LAS CANOAS,Usuario origen: ALONDRA26 | Liquidado origen: 0 | Credito abonado origen: 0 | Fecha limite origen: 2026-07-26 | Dias restantes origen: 30 | Status origen: 1,,2026-06-26 15:37:11,,,,0,1050,0,[],,0
2476,branch:default,2,EFECTIVO,MENUDEO,18,0,18,JESUS MARIA,Usuario origen: ALONDRA26 | Liquidado origen: 1 | Credito abonado origen: 18 | Dias restantes origen: 0 | Status origen: 1,,2026-06-26 16:27:44,,,,0,0,18,[],,0
2477,branch:default,102,CREDITO,MENUDEO,18040,0,18040,ALEVA RESIDENCIAL,Usuario origen: ALONDRA26 | Liquidado origen: 0 | Credito abonado origen: 0 | Fecha limite origen: 2026-07-26 | Dias restantes origen: 30 | Status origen: 1,,2026-06-26 16:30:52,,,,0,18040,0,[],,0
2478,branch:default,109,EFECTIVO,MENUDEO,4200,0,4200,JESUS MARIA,Usuario origen: ALONDRA26 | Liquidado origen: 1 | Credito abonado origen: 4200 | Fecha limite origen: 2026-06-26 | Dias restantes origen: 0 | Status origen: 1,,2026-06-26 19:01:43,,,,0,0,4200,[],,0
2479,branch:default,109,EFECTIVO,MENUDEO,660,0,660,JESUS MARIA,Usuario origen: ALONDRA26 | Liquidado origen: 1 | Credito abonado origen: 660 | Fecha limite origen: 2026-06-26 | Dias restantes origen: 0 | Status origen: 1,,2026-06-26 19:02:38,,,,0,0,660,[],,0
2480,branch:default,85,EFECTIVO,MENUDEO,47,0,47,JESUS MARIA,Usuario origen: ALONDRA26 | Liquidado origen: 1 | Credito abonado origen: 47 | Fecha limite origen: 2026-07-26 | Dias restantes origen: 30 | Status origen: 1,,2026-06-26 19:27:41,,,,0,0,47,[],,0
2481,branch:default,5,EFECTIVO,MENUDEO,3550,0,3550,CEN COMER,Usuario origen: ALONDRA26 | Liquidado origen: 1 | Credito abonado origen: 3550 | Fecha limite origen: 2026-07-11 | Dias restantes origen: 15 | Status origen: 1,,2026-06-26 19:34:59,,,,0,0,3550,[],,0
2482,branch:default,2,EFECTIVO,MENUDEO,23,0,23,JESUS MARIA,Usuario origen: ALONDRA26 | Liquidado origen: 1 | Credito abonado origen: 23 | Dias restantes origen: 0 | Status origen: 1,,2026-06-26 20:13:47,,,,0,0,23,[],,0
2483,branch:default,71,EFECTIVO,MENUDEO,8400,0,8400,ROSALES,Usuario origen: ALONDRA26 | Liquidado origen: 1 | Credito abonado origen: 8400 | Fecha limite origen: 2026-06-26 | Dias restantes origen: 0 | Status origen: 1,,2026-06-26 20:36:08,,,,0,0,8400,[],,0
2484,branch:default,12,CREDITO,MENUDEO,900,0,900,JESUS MARIA,Usuario origen: GRISELDA2026 | Liquidado origen: 0 | Credito abonado origen: 0 | Fecha limite origen: 2026-07-27 | Dias restantes origen: 30 | Status origen: 1,,2026-06-27 15:20:57,,,,0,900,0,[],,0
2485,branch:default,2,EFECTIVO,MENUDEO,825,0,825,5 DE FEBRERO #63,Usuario origen: GRISELDA2026 | Liquidado origen: 1 | Credito abonado origen: 825 | Dias restantes origen: 0 | Status origen: 1,,2026-06-27 16:39:34,,,,0,0,825,[],,0
2486,branch:default,74,EFECTIVO,MENUDEO,8700,0,8700,JESUS MARIA,Usuario origen: ALONDRA26 | Liquidado origen: 1 | Credito abonado origen: 8700 | Fecha limite origen: 2026-07-29 | Dias restantes origen: 30 | Status origen: 1,,2026-06-29 13:34:47,,,,0,0,8700,[],,0
2487,branch:default,7,EFECTIVO,MENUDEO,7100,0,7100,CEN COMER,Usuario origen: ALONDRA26 | Liquidado origen: 1 | Credito abonado origen: 7100 | Fecha limite origen: 2026-07-29 | Dias restantes origen: 30 | Status origen: 1,,2026-06-29 13:36:08,,,,0,0,7100,[],,0
2488,branch:default,71,EFECTIVO,MENUDEO,12600,0,12600,ROSALES,Usuario origen: ALONDRA26 | Liquidado origen: 1 | Credito abonado origen: 12600 | Fecha limite origen: 2026-06-29 | Dias restantes origen: 0 | Status origen: 1,,2026-06-29 14:41:46,,,,0,0,12600,[],,0
2489,branch:default,19,EFECTIVO,MENUDEO,2335,0,2335,BLOQUERA BARAJAS,Usuario origen: ALONDRA26 | Liquidado origen: 1 | Credito abonado origen: 2335 | Fecha limite origen: 2026-07-14 | Dias restantes origen: 15 | Status origen: 1,,2026-06-29 15:54:00,,,,0,0,2335,[],,0
2490,branch:default,5,EFECTIVO,MENUDEO,4500,0,4500,CEN COMER,Usuario origen: ALONDRA26 | Liquidado origen: 1 | Credito abonado origen: 4500 | Fecha limite origen: 2026-07-14 | Dias restantes origen: 15 | Status origen: 1,,2026-06-29 18:04:30,,,,0,0,4500,[],,0
2491,branch:default,5,EFECTIVO,MENUDEO,7100,0,7100,CEN COMER,Usuario origen: ALONDRA26 | Liquidado origen: 1 | Credito abonado origen: 7100 | Fecha limite origen: 2026-07-15 | Dias restantes origen: 15 | Status origen: 1,,2026-06-30 13:21:54,,,,0,0,7100,[],,0
2492,branch:default,87,CREDITO,MENUDEO,6600,0,6600,JESUS MARIA,Usuario origen: ALONDRA26 | Liquidado origen: 0 | Credito abonado origen: 0 | Fecha limite origen: 2026-07-30 | Dias restantes origen: 30 | Status origen: 0,,2026-06-30 13:22:49,,,,0,6600,0,[],,0
2493,branch:default,87,CREDITO,MENUDEO,3700,0,3700,JESUS MARIA,Usuario origen: ALONDRA26 | Liquidado origen: 0 | Credito abonado origen: 0 | Fecha limite origen: 2026-07-30 | Dias restantes origen: 30 | Status origen: 0,,2026-06-30 13:23:14,,,,0,3700,0,[],,0
2494,branch:default,87,EFECTIVO,MENUDEO,4200,0,4200,JESUS MARIA,Usuario origen: ALONDRA26 | Liquidado origen: 1 | Credito abonado origen: 4200 | Fecha limite origen: 2026-07-30 | Dias restantes origen: 30 | Status origen: 1,,2026-06-30 13:37:10,,,,0,0,4200,[],,0
2495,branch:default,102,CREDITO,MENUDEO,24000,0,24000,ALEVA RESIDENCIAL,Usuario origen: ALONDRA26 | Liquidado origen: 0 | Credito abonado origen: 0 | Fecha limite origen: 2026-07-30 | Dias restantes origen: 30 | Status origen: 1,,2026-06-30 20:41:59,,,,0,24000,0,[],,0
2496,branch:default,87,EFECTIVO,MENUDEO,3700,0,3700,JESUS MARIA,Usuario origen: ALONDRA26 | Liquidado origen: 1 | Credito abonado origen: 3700 | Fecha limite origen: 2026-07-30 | Dias restantes origen: 30 | Status origen: 1,,2026-06-30 20:54:57,,,,0,0,3700,[],,0
2497,branch:default,96,EFECTIVO,MENUDEO,4200,0,4200,EL PASO DE GUADALUPE,Usuario origen: ALONDRA26 | Liquidado origen: 1 | Credito abonado origen: 4200 | Fecha limite origen: 2026-07-30 | Dias restantes origen: 30 | Status origen: 1,,2026-06-30 22:15:25,,,,0,0,4200,[],,0
2498,branch:default,2,EFECTIVO,MENUDEO,2880,0,2880,JESUS MARIA,Usuario origen: ALONDRA26 | Liquidado origen: 1 | Credito abonado origen: 2880 | Dias restantes origen: 0 | Status origen: 1,,2026-07-01 13:53:15,,,,0,0,2880,[],,0
2499,branch:default,2,EFECTIVO,MENUDEO,300,0,300,JESUS MARIA,Usuario origen: ALONDRA26 | Liquidado origen: 1 | Credito abonado origen: 300 | Dias restantes origen: 0 | Status origen: 1,,2026-07-01 13:55:33,,,,0,0,300,[],,0
2500,branch:default,103,EFECTIVO,MENUDEO,4500,0,4500,ARANDAS,Usuario origen: ALONDRA26 | Liquidado origen: 1 | Credito abonado origen: 4500 | Fecha limite origen: 2026-07-31 | Dias restantes origen: 30 | Status origen: 1,,2026-07-01 14:26:49,,,,0,0,4500,[],,0
2501,branch:default,74,CREDITO,MENUDEO,8700,0,8700,JESUS MARIA,Usuario origen: ALONDRA26 | Liquidado origen: 0 | Credito abonado origen: 0 | Fecha limite origen: 2026-07-31 | Dias restantes origen: 30 | Status origen: 1,,2026-07-01 14:29:33,,,,0,8700,0,[],,0
2502,branch:default,7,CREDITO,MENUDEO,1950,0,1950,LAS CANOAS,Usuario origen: ALONDRA26 | Liquidado origen: 0 | Credito abonado origen: 0 | Fecha limite origen: 2026-07-31 | Dias restantes origen: 30 | Status origen: 1,,2026-07-01 14:42:28,,,,0,1950,0,[],,0
2503,branch:default,91,EFECTIVO,MENUDEO,1200,0,1200,JESUS MARIA,Usuario origen: ALONDRA26 | Liquidado origen: 1 | Credito abonado origen: 1200 | Fecha limite origen: 2026-07-31 | Dias restantes origen: 30 | Status origen: 1,,2026-07-01 21:00:52,,,,0,0,1200,[],,0
2504,branch:default,53,CREDITO,MENUDEO,2300,0,2300,AGAVINA,Usuario origen: ALONDRA26 | Liquidado origen: 0 | Credito abonado origen: 0 | Fecha limite origen: 2026-08-01 | Dias restantes origen: 30 | Status origen: 1,,2026-07-02 13:28:23,,,,0,2300,0,[],,0
2505,branch:default,53,CREDITO,MENUDEO,10850,0,10850,AGAVINA C23,Usuario origen: ALONDRA26 | Liquidado origen: 0 | Credito abonado origen: 0 | Fecha limite origen: 2026-08-01 | Dias restantes origen: 30 | Status origen: 1,,2026-07-02 13:31:12,,,,0,10850,0,[],,0
2506,branch:default,53,CREDITO,MENUDEO,2500,0,2500,AGAVINA C23,Usuario origen: ALONDRA26 | Liquidado origen: 0 | Credito abonado origen: 0 | Fecha limite origen: 2026-08-01 | Dias restantes origen: 30 | Status origen: 1,,2026-07-02 13:32:18,,,,0,2500,0,[],,0
2507,branch:default,5,EFECTIVO,MENUDEO,8050,0,8050,CEN COMER,Usuario origen: ALONDRA26 | Liquidado origen: 1 | Credito abonado origen: 8050 | Fecha limite origen: 2026-07-17 | Dias restantes origen: 15 | Status origen: 0,,2026-07-02 13:59:52,,,,0,0,8050,[],,0
2508,branch:default,53,CREDITO,MENUDEO,7200,0,7200,PLAZA ALTEÑA,Usuario origen: ALONDRA26 | Liquidado origen: 0 | Credito abonado origen: 0 | Fecha limite origen: 2026-08-01 | Dias restantes origen: 30 | Status origen: 1,,2026-07-02 14:00:56,,,,0,7200,0,[],,0
2509,branch:default,2,EFECTIVO,MENUDEO,180,0,180,JESUS MARIA,Usuario origen: ALONDRA26 | Liquidado origen: 1 | Credito abonado origen: 180 | Dias restantes origen: 0 | Status origen: 1,,2026-07-02 14:06:56,,,,0,0,180,[],,0
2510,branch:default,5,EFECTIVO,MENUDEO,1850,0,1850,JESUS MARIA,Usuario origen: ALONDRA26 | Liquidado origen: 1 | Credito abonado origen: 1850 | Fecha limite origen: 2026-07-17 | Dias restantes origen: 15 | Status origen: 1,,2026-07-02 15:43:51,,,,0,0,1850,[],,0
2511,branch:default,74,CREDITO,MENUDEO,15500,0,15500,JESUS MARIA,Usuario origen: ALONDRA26 | Liquidado origen: 0 | Credito abonado origen: 0 | Fecha limite origen: 2026-08-01 | Dias restantes origen: 30 | Status origen: 1,,2026-07-02 17:24:28,,,,0,15500,0,[],,0
2512,branch:default,114,EFECTIVO,MENUDEO,15356.5,0,15356.5,ARANDAS,Usuario origen: ALONDRA26 | Liquidado origen: 1 | Credito abonado origen: 15356.5 | Fecha limite origen: 2026-08-01 | Dias restantes origen: 30 | Status origen: 1,,2026-07-02 17:52:07,,,,0,0,15356.5,[],,0
2513,branch:default,85,EFECTIVO,MENUDEO,306,0,306,JESUS MARIA,Usuario origen: ALONDRA26 | Liquidado origen: 1 | Credito abonado origen: 306 | Fecha limite origen: 2026-08-01 | Dias restantes origen: 30 | Status origen: 1,,2026-07-02 19:15:46,,,,0,0,306,[],,0
2514,branch:default,74,CREDITO,MENUDEO,8700,0,8700,JESUS MARIA,Usuario origen: ALONDRA26 | Liquidado origen: 0 | Credito abonado origen: 0 | Fecha limite origen: 2026-08-01 | Dias restantes origen: 30 | Status origen: 1,,2026-07-02 19:30:36,,,,0,8700,0,[],,0
2515,branch:default,5,EFECTIVO,MENUDEO,8050,0,8050,CEN COMER,Usuario origen: ALONDRA26 | Liquidado origen: 1 | Credito abonado origen: 8050 | Fecha limite origen: 2026-07-17 | Dias restantes origen: 15 | Status origen: 1,,2026-07-02 22:03:31,,,,0,0,8050,[],,0
2516,branch:default,56,EFECTIVO,MENUDEO,4650,0,4650,ESCUELA DE LAS POMEZ,Usuario origen: ALONDRA26 | Liquidado origen: 1 | Credito abonado origen: 4650 | Fecha limite origen: 2026-08-02 | Dias restantes origen: 30 | Status origen: 1,,2026-07-03 13:39:45,,,,0,0,4650,[],,0
2517,branch:default,2,EFECTIVO,MENUDEO,34,0,34,JESUS MARIA,Usuario origen: ALONDRA26 | Liquidado origen: 1 | Credito abonado origen: 34 | Dias restantes origen: 0 | Status origen: 1,,2026-07-03 14:38:08,,,,0,0,34,[],,0
2518,branch:default,2,EFECTIVO,MENUDEO,360,0,360,JESUS MARIA,Usuario origen: ALONDRA26 | Liquidado origen: 1 | Credito abonado origen: 360 | Dias restantes origen: 0 | Status origen: 1,,2026-07-03 14:58:23,,,,0,0,360,[],,0
2519,branch:default,2,EFECTIVO,MENUDEO,840,0,840,JESUS MARIA,Usuario origen: ALONDRA26 | Liquidado origen: 1 | Credito abonado origen: 840 | Dias restantes origen: 0 | Status origen: 1,,2026-07-03 16:30:41,,,,0,0,840,[],,0
2520,branch:default,2,EFECTIVO,MENUDEO,600,0,600,JESUS MARIA,Usuario origen: ALONDRA26 | Liquidado origen: 1 | Credito abonado origen: 600 | Dias restantes origen: 0 | Status origen: 1,,2026-07-03 17:15:11,,,,0,0,600,[],,0
2521,branch:default,74,CREDITO,MENUDEO,8700,0,8700,JESUS MARIA,Usuario origen: ALONDRA26 | Liquidado origen: 0 | Credito abonado origen: 0 | Fecha limite origen: 2026-08-02 | Dias restantes origen: 30 | Status origen: 1,,2026-07-03 17:38:03,,,,0,8700,0,[],,0
2522,branch:default,109,EFECTIVO,MENUDEO,780,0,780,JESUS MARIA,Usuario origen: ALONDRA26 | Liquidado origen: 1 | Credito abonado origen: 780 | Fecha limite origen: 2026-07-03 | Dias restantes origen: 0 | Status origen: 1,,2026-07-03 17:47:07,,,,0,0,780,[],,0
2523,branch:default,2,EFECTIVO,MENUDEO,530,0,530,JESUS MARIA,Usuario origen: ALONDRA26 | Liquidado origen: 1 | Credito abonado origen: 530 | Dias restantes origen: 0 | Status origen: 1,,2026-07-03 18:06:10,,,,0,0,530,[],,0
2524,branch:default,2,EFECTIVO,MENUDEO,118,0,118,JESUS MARIA,Usuario origen: ALONDRA26 | Liquidado origen: 1 | Credito abonado origen: 118 | Dias restantes origen: 0 | Status origen: 1,,2026-07-03 19:49:52,,,,0,0,118,[],,0
2525,branch:default,20,CREDITO,MENUDEO,19,0,19,JESUS MARIA,Usuario origen: ALONDRA26 | Liquidado origen: 0 | Credito abonado origen: 0 | Fecha limite origen: 2026-08-02 | Dias restantes origen: 30 | Status origen: 1,,2026-07-03 20:03:16,,,,0,19,0,[],,0
2526,branch:default,91,EFECTIVO,MENUDEO,3780,0,3780,PLANTA DE LA LUZ,Usuario origen: ALONDRA26 | Liquidado origen: 1 | Credito abonado origen: 3780 | Fecha limite origen: 2026-08-02 | Dias restantes origen: 30 | Status origen: 1,,2026-07-03 23:37:23,,,,0,0,3780,[],,0
2527,branch:default,91,EFECTIVO,MENUDEO,2550,0,2550,PLANTA DE LA LUZ,Usuario origen: ALONDRA26 | Liquidado origen: 1 | Credito abonado origen: 2550 | Fecha limite origen: 2026-08-02 | Dias restantes origen: 30 | Status origen: 1,,2026-07-03 23:39:45,,,,0,0,2550,[],,0
2528,branch:default,5,EFECTIVO,MENUDEO,10550,0,10550,CEN COMER,Usuario origen: GRISELDA2026 | Liquidado origen: 1 | Credito abonado origen: 10550 | Fecha limite origen: 2026-07-19 | Dias restantes origen: 15 | Status origen: 1,,2026-07-04 14:01:11,,,,0,0,10550,[],,0
2529,branch:default,19,EFECTIVO,MENUDEO,6000,0,6000,LEONERA,Usuario origen: GRISELDA2026 | Liquidado origen: 1 | Credito abonado origen: 6000 | Fecha limite origen: 2026-07-19 | Dias restantes origen: 15 | Status origen: 1,,2026-07-04 15:56:31,,,,0,0,6000,[],,0
2530,branch:default,102,CREDITO,MENUDEO,12072,0,12072,ALEVA RESIDENCIAL,Usuario origen: GRISELDA2026 | Liquidado origen: 0 | Credito abonado origen: 0 | Fecha limite origen: 2026-08-03 | Dias restantes origen: 30 | Status origen: 1,,2026-07-04 16:41:54,,,,0,12072,0,[],,0
2531,branch:default,85,EFECTIVO,MENUDEO,58,0,58,CEN COMER,Usuario origen: GRISELDA2026 | Liquidado origen: 1 | Credito abonado origen: 58 | Fecha limite origen: 2026-08-03 | Dias restantes origen: 30 | Status origen: 1,,2026-07-04 17:12:16,,,,0,0,58,[],,0
2532,branch:default,74,CREDITO,MENUDEO,8700,0,8700,JESUS MARIA,Usuario origen: ALONDRA26 | Liquidado origen: 0 | Credito abonado origen: 0 | Fecha limite origen: 2026-08-05 | Dias restantes origen: 30 | Status origen: 1,,2026-07-06 15:49:33,,,,0,8700,0,[],,0
2533,branch:default,2,EFECTIVO,MENUDEO,480,0,480,JESUS MARIA,Usuario origen: ALONDRA26 | Liquidado origen: 1 | Credito abonado origen: 480 | Dias restantes origen: 0 | Status origen: 1,,2026-07-06 16:34:23,,,,0,0,480,[],,0
2534,branch:default,52,EFECTIVO,MENUDEO,1200,0,1200,CASAS GEMEX,Usuario origen: ALONDRA26 | Liquidado origen: 1 | Credito abonado origen: 1200 | Fecha limite origen: 2026-08-05 | Dias restantes origen: 30 | Status origen: 1,,2026-07-06 16:39:04,,,,0,0,1200,[],,0
2535,branch:default,2,EFECTIVO,MENUDEO,3936,0,3936,ROBLE,Usuario origen: ALONDRA26 | Liquidado origen: 1 | Credito abonado origen: 3936 | Dias restantes origen: 0 | Status origen: 1,,2026-07-06 16:56:15,,,,0,0,3936,[],,0
2536,branch:default,85,EFECTIVO,MENUDEO,56,0,56,ROBLE,Usuario origen: ALONDRA26 | Liquidado origen: 1 | Credito abonado origen: 56 | Fecha limite origen: 2026-08-05 | Dias restantes origen: 30 | Status origen: 1,,2026-07-06 16:59:26,,,,0,0,56,[],,0
2537,branch:default,60,EFECTIVO,MENUDEO,16680,0,16680,JESUS MARIA,Usuario origen: ALONDRA26 | Liquidado origen: 1 | Credito abonado origen: 16680 | Dias restantes origen: 0 | Status origen: 1,,2026-07-06 17:47:44,,,,0,0,16680,[],,0
2538,branch:default,7,CREDITO,MENUDEO,4950,0,4950,LAS CANOAS,Usuario origen: ALONDRA26 | Liquidado origen: 0 | Credito abonado origen: 0 | Fecha limite origen: 2026-08-05 | Dias restantes origen: 30 | Status origen: 1,,2026-07-06 18:25:25,,,,0,4950,0,[],,0
2539,branch:default,5,EFECTIVO,MENUDEO,3550,0,3550,CEN COMER,Usuario origen: ALONDRA26 | Liquidado origen: 1 | Credito abonado origen: 3550 | Fecha limite origen: 2026-07-21 | Dias restantes origen: 15 | Status origen: 1,,2026-07-06 22:09:00,,,,0,0,3550,[],,0
2540,branch:default,71,EFECTIVO,MENUDEO,4800,0,4800,ROSALES,Usuario origen: ALONDRA26 | Liquidado origen: 1 | Credito abonado origen: 4800 | Fecha limite origen: 2026-07-06 | Dias restantes origen: 0 | Status origen: 1,,2026-07-06 22:54:11,,,,0,0,4800,[],,0
2541,branch:default,85,EFECTIVO,MENUDEO,1200,0,1200,JESUS MARIA,Usuario origen: ALONDRA26 | Liquidado origen: 1 | Credito abonado origen: 1200 | Fecha limite origen: 2026-08-05 | Dias restantes origen: 30 | Status origen: 1,,2026-07-06 23:18:52,,,,0,0,1200,[],,0
2542,branch:default,102,CREDITO,MENUDEO,205579.13,0,205579.13,ALEVA RESIDENCIAL,Usuario origen: ALONDRA26 | Liquidado origen: 0 | Credito abonado origen: 0 | Fecha limite origen: 2026-08-06 | Dias restantes origen: 30 | Status origen: 0,,2026-07-07 13:53:04,,,,0,205579.13,0,[],,0
2543,branch:default,66,EFECTIVO,MENUDEO,2400,0,2400,ARANDAS PROVIDENCIA,Usuario origen: ALONDRA26 | Liquidado origen: 1 | Credito abonado origen: 2400 | Fecha limite origen: 2026-07-22 | Dias restantes origen: 15 | Status origen: 1,,2026-07-07 14:59:38,,,,0,0,2400,[],,0
2544,branch:default,109,EFECTIVO,MENUDEO,2145,0,2145,JESUS MARIA,Usuario origen: ALONDRA26 | Liquidado origen: 1 | Credito abonado origen: 2145 | Fecha limite origen: 2026-07-07 | Dias restantes origen: 0 | Status origen: 1,,2026-07-07 15:00:40,,,,0,0,2145,[],,0
2545,branch:default,79,EFECTIVO,MENUDEO,2400,0,2400,JESUS MARIA,Usuario origen: ALONDRA26 | Liquidado origen: 1 | Credito abonado origen: 2400 | Fecha limite origen: 2026-08-06 | Dias restantes origen: 30 | Status origen: 1,,2026-07-07 15:17:16,,,,0,0,2400,[],,0
2546,branch:default,79,EFECTIVO,MENUDEO,7480,0,7480,JESUS MARIA,Usuario origen: ALONDRA26 | Liquidado origen: 1 | Credito abonado origen: 7480 | Fecha limite origen: 2026-08-06 | Dias restantes origen: 30 | Status origen: 1,,2026-07-07 15:34:16,,,,0,0,7480,[],,0
2547,branch:default,74,CREDITO,MENUDEO,8700,0,8700,JESUS MARIA,Usuario origen: ALONDRA26 | Liquidado origen: 0 | Credito abonado origen: 0 | Fecha limite origen: 2026-08-06 | Dias restantes origen: 30 | Status origen: 1,,2026-07-07 17:37:51,,,,0,8700,0,[],,0
2548,branch:default,53,CREDITO,MENUDEO,14497.5,0,14497.5,PLAZA ALTEÑA,Usuario origen: ALONDRA26 | Liquidado origen: 0 | Credito abonado origen: 0 | Fecha limite origen: 2026-08-06 | Dias restantes origen: 30 | Status origen: 1,,2026-07-07 18:15:56,,,,0,14497.5,0,[],,0
2549,branch:default,35,EFECTIVO,MENUDEO,300,0,300,JESUS MARIA,Usuario origen: ALONDRA26 | Liquidado origen: 1 | Credito abonado origen: 300 | Fecha limite origen: 2026-08-06 | Dias restantes origen: 30 | Status origen: 1,,2026-07-07 19:31:56,,,,0,0,300,[],,0
2550,branch:default,79,EFECTIVO,MENUDEO,660,0,660,JESUS MARIA,Usuario origen: ALONDRA26 | Liquidado origen: 1 | Credito abonado origen: 660 | Fecha limite origen: 2026-08-06 | Dias restantes origen: 30 | Status origen: 1,,2026-07-07 19:32:38,,,,0,0,660,[],,0
2551,branch:default,103,EFECTIVO,MENUDEO,4500,0,4500,ARANDAS ESPALDAS DE AURRERA,Usuario origen: ALONDRA26 | Liquidado origen: 1 | Credito abonado origen: 4500 | Fecha limite origen: 2026-08-06 | Dias restantes origen: 30 | Status origen: 1,,2026-07-07 19:33:26,,,,0,0,4500,[],,0
2552,branch:default,114,EFECTIVO,MENUDEO,7200,0,7200,ARANDAS,Usuario origen: ALONDRA26 | Liquidado origen: 1 | Credito abonado origen: 7200 | Fecha limite origen: 2026-08-06 | Dias restantes origen: 30 | Status origen: 1,,2026-07-07 19:34:03,,,,0,0,7200,[],,0
2553,branch:default,103,EFECTIVO,MENUDEO,1910,0,1910,ARANDAS ESPALDAS DE AURRERA,Usuario origen: ALONDRA26 | Liquidado origen: 1 | Credito abonado origen: 1910 | Fecha limite origen: 2026-08-06 | Dias restantes origen: 30 | Status origen: 1,,2026-07-07 19:51:35,,,,0,0,1910,[],,0
2554,branch:default,104,EFECTIVO,MENUDEO,8700,0,8700,ARANDAS,Usuario origen: ALONDRA26 | Liquidado origen: 1 | Credito abonado origen: 8700 | Fecha limite origen: 2026-08-06 | Dias restantes origen: 30 | Status origen: 1,,2026-07-07 19:53:17,,,,0,0,8700,[],,0
2555,branch:default,115,EFECTIVO,MENUDEO,2200,0,2200,PARROQUIA SANTIAGUITO,Usuario origen: ALONDRA26 | Liquidado origen: 1 | Credito abonado origen: 2200 | Fecha limite origen: 2026-07-22 | Dias restantes origen: 15 | Status origen: 1,,2026-07-07 22:58:32,,,,0,0,2200,[],,0
2556,branch:default,5,EFECTIVO,MENUDEO,3550,0,3550,CEN COMER,Usuario origen: ALONDRA26 | Liquidado origen: 1 | Credito abonado origen: 3550 | Fecha limite origen: 2026-07-23 | Dias restantes origen: 15 | Status origen: 1,,2026-07-08 14:00:00,,,,0,0,3550,[],,0
2557,branch:default,91,EFECTIVO,MENUDEO,1200,0,1200,PLANTA DE LA LUZ,Usuario origen: ALONDRA26 | Liquidado origen: 1 | Credito abonado origen: 1200 | Fecha limite origen: 2026-08-07 | Dias restantes origen: 30 | Status origen: 1,,2026-07-08 14:18:22,,,,0,0,1200,[],,0
2558,branch:default,12,CREDITO,MENUDEO,90,0,90,JESUS MARIA,Usuario origen: ALONDRA26 | Liquidado origen: 0 | Credito abonado origen: 0 | Fecha limite origen: 2026-08-07 | Dias restantes origen: 30 | Status origen: 1,,2026-07-08 15:33:25,,,,0,90,0,[],,0
2559,branch:default,102,CREDITO,MENUDEO,20570,0,20570,ALEVA RESIDENCIAL,Usuario origen: ALONDRA26 | Liquidado origen: 0 | Credito abonado origen: 0 | Fecha limite origen: 2026-08-07 | Dias restantes origen: 30 | Status origen: 1,,2026-07-08 16:39:08,,,,0,20570,0,[],,0
2560,branch:default,2,EFECTIVO,MENUDEO,7080,0,7080,JESUS MARIA,Usuario origen: ALONDRA26 | Liquidado origen: 1 | Credito abonado origen: 7080 | Dias restantes origen: 0 | Status origen: 1,,2026-07-08 17:31:51,,,,0,0,7080,[],,0
2561,branch:default,53,CREDITO,MENUDEO,33290,0,33290,AGAVINA C26,Usuario origen: ALONDRA26 | Liquidado origen: 0 | Credito abonado origen: 0 | Fecha limite origen: 2026-08-07 | Dias restantes origen: 30 | Status origen: 1,,2026-07-08 19:14:50,,,,0,33290,0,[],,0
2562,branch:default,53,CREDITO,MENUDEO,1915,0,1915,AGAVINA URBANIZACION,Usuario origen: ALONDRA26 | Liquidado origen: 0 | Credito abonado origen: 0 | Fecha limite origen: 2026-08-07 | Dias restantes origen: 30 | Status origen: 1,,2026-07-08 20:18:57,,,,0,1915,0,[],,0
2563,branch:default,99,EFECTIVO,MENUDEO,4200,0,4200,JESUS MARIA,Usuario origen: ALONDRA26 | Liquidado origen: 1 | Credito abonado origen: 4200 | Fecha limite origen: 2026-08-07 | Dias restantes origen: 30 | Status origen: 1,,2026-07-08 21:09:22,,,,0,0,4200,[],,0
2564,branch:default,60,EFECTIVO,MENUDEO,27800,0,27800,DEGOLLADO,Usuario origen: ALONDRA26 | Liquidado origen: 1 | Credito abonado origen: 27800 | Fecha limite origen: 2026-08-07 | Dias restantes origen: 30 | Status origen: 1,,2026-07-08 21:33:55,,,,0,0,27800,[],,0
2565,branch:default,12,CREDITO,MENUDEO,480,0,480,SAN JOSE DE PILAS,Usuario origen: ALONDRA26 | Liquidado origen: 0 | Credito abonado origen: 0 | Fecha limite origen: 2026-08-07 | Dias restantes origen: 30 | Status origen: 1,,2026-07-08 21:38:43,,,,0,480,0,[],,0
2566,branch:default,91,EFECTIVO,MENUDEO,3450,0,3450,FRENTE PLANTA DE LA LUZ,Usuario origen: ALONDRA26 | Liquidado origen: 1 | Credito abonado origen: 3450 | Fecha limite origen: 2026-08-08 | Dias restantes origen: 30 | Status origen: 1,,2026-07-09 14:13:04,,,,0,0,3450,[],,0
2567,branch:default,109,EFECTIVO,MENUDEO,1295.5,0,1295.5,JESUS MARIA,Usuario origen: ALONDRA26 | Liquidado origen: 1 | Credito abonado origen: 1295.5 | Fecha limite origen: 2026-07-09 | Dias restantes origen: 0 | Status origen: 1,,2026-07-09 14:51:54,,,,0,0,1295.5,[],,0
2568,branch:default,85,EFECTIVO,MENUDEO,57,0,57,JESUS MARIA,Usuario origen: ALONDRA26 | Liquidado origen: 1 | Credito abonado origen: 57 | Fecha limite origen: 2026-08-08 | Dias restantes origen: 30 | Status origen: 1,,2026-07-09 17:25:20,,,,0,0,57,[],,0
2569,branch:default,5,EFECTIVO,MENUDEO,3550,0,3550,CEN COMER,Usuario origen: ALONDRA26 | Liquidado origen: 1 | Credito abonado origen: 3550 | Fecha limite origen: 2026-07-24 | Dias restantes origen: 15 | Status origen: 1,,2026-07-09 17:43:14,,,,0,0,3550,[],,0
2570,branch:default,56,EFECTIVO,MENUDEO,2375,0,2375,ESCUELA DE LAS POMEZ,Usuario origen: ALONDRA26 | Liquidado origen: 1 | Credito abonado origen: 2375 | Fecha limite origen: 2026-08-08 | Dias restantes origen: 30 | Status origen: 1,,2026-07-09 20:37:28,,,,0,0,2375,[],,0
2571,branch:default,53,CREDITO,MENUDEO,5300,0,5300,AGAVINA C26,Usuario origen: ALONDRA26 | Liquidado origen: 0 | Credito abonado origen: 0 | Fecha limite origen: 2026-08-08 | Dias restantes origen: 30 | Status origen: 1,,2026-07-09 21:13:44,,,,0,5300,0,[],,0
2572,branch:default,87,EFECTIVO,MENUDEO,4650,0,4650,JESUS MARIA,Usuario origen: ALONDRA26 | Liquidado origen: 1 | Credito abonado origen: 4650 | Fecha limite origen: 2026-08-08 | Dias restantes origen: 30 | Status origen: 1,,2026-07-09 21:17:27,,,,0,0,4650,[],,0
2573,branch:default,84,EFECTIVO,MENUDEO,5175,0,5175,LAS CRUCES,Usuario origen: ALONDRA26 | Liquidado origen: 1 | Credito abonado origen: 5175 | Fecha limite origen: 2026-07-09 | Dias restantes origen: 0 | Status origen: 1,,2026-07-09 22:34:17,,,,0,0,5175,[],,0
2574,branch:default,93,EFECTIVO,MENUDEO,2400,0,2400,FRENTE BLOQUERA BARAJAS,Usuario origen: ALONDRA26 | Liquidado origen: 1 | Credito abonado origen: 2400 | Fecha limite origen: 2026-08-09 | Dias restantes origen: 30 | Status origen: 1,,2026-07-10 13:17:06,,,,0,0,2400,[],,0
2575,branch:default,91,EFECTIVO,MENUDEO,900,0,900,FRENTE PLANTA DE LA LUZ,Usuario origen: ALONDRA26 | Liquidado origen: 1 | Credito abonado origen: 900 | Fecha limite origen: 2026-08-09 | Dias restantes origen: 30 | Status origen: 1,,2026-07-10 13:21:36,,,,0,0,900,[],,0
2576,branch:default,116,EFECTIVO,MENUDEO,530,0,530,JESUS MARIA,Usuario origen: ALONDRA26 | Liquidado origen: 1 | Credito abonado origen: 530 | Fecha limite origen: 2026-07-25 | Dias restantes origen: 15 | Status origen: 1,,2026-07-10 14:01:01,,,,0,0,530,[],,0
2577,branch:default,2,EFECTIVO,MENUDEO,14,0,14,JESUS MARIA,Usuario origen: ALONDRA26 | Liquidado origen: 1 | Credito abonado origen: 14 | Dias restantes origen: 0 | Status origen: 1,,2026-07-10 14:28:33,,,,0,0,14,[],,0
2578,branch:default,102,CREDITO,MENUDEO,290250,0,290250,ALEVA RESIDENCIAL,Usuario origen: ALONDRA26 | Liquidado origen: 0 | Credito abonado origen: 0 | Fecha limite origen: 2026-08-09 | Dias restantes origen: 30 | Status origen: 1,,2026-07-10 15:04:47,,,,0,290250,0,[],,0
2579,branch:default,2,EFECTIVO,MENUDEO,600,0,600,JESUS MARIA,Usuario origen: ALONDRA26 | Liquidado origen: 1 | Credito abonado origen: 600 | Fecha limite origen: 2026-07-10 | Dias restantes origen: 0 | Status origen: 1,,2026-07-10 15:09:33,,,,0,0,600,[],,0
2580,branch:default,5,EFECTIVO,MENUDEO,3550,0,3550,CEN COMER,Usuario origen: ALONDRA26 | Liquidado origen: 1 | Credito abonado origen: 3550 | Fecha limite origen: 2026-07-25 | Dias restantes origen: 15 | Status origen: 1,,2026-07-10 18:35:06,,,,0,0,3550,[],,0
2581,branch:default,85,EFECTIVO,MENUDEO,45,0,45,JESUS MARIA,Usuario origen: ALONDRA26 | Liquidado origen: 1 | Credito abonado origen: 45 | Dias restantes origen: 0 | Status origen: 1,,2026-07-10 20:11:59,,,,0,0,45,[],,0
2582,branch:default,97,EFECTIVO,MENUDEO,8912,0,8912,SAN AGUSTIN,Usuario origen: ALONDRA26 | Liquidado origen: 1 | Credito abonado origen: 8912 | Fecha limite origen: 2026-08-09 | Dias restantes origen: 30 | Status origen: 1,,2026-07-10 22:36:35,,,,0,0,8912,[],,0
2583,branch:default,2,EFECTIVO,MENUDEO,480,0,480,JESUS MARIA,Usuario origen: GRISELDA2026 | Liquidado origen: 1 | Credito abonado origen: 480 | Dias restantes origen: 0 | Status origen: 0,,2026-07-11 14:01:13,,,,0,0,480,[],,0
2584,branch:default,2,EFECTIVO,MENUDEO,480,0,480,JESUS MARIA,Usuario origen: GRISELDA2026 | Liquidado origen: 1 | Credito abonado origen: 480 | Dias restantes origen: 0 | Status origen: 1,,2026-07-11 14:05:40,,,,0,0,480,[],,0
2585,branch:default,114,EFECTIVO,MENUDEO,6983,0,6983,ARANDAS,Usuario origen: GRISELDA2026 | Liquidado origen: 1 | Credito abonado origen: 6983 | Fecha limite origen: 2026-08-10 | Dias restantes origen: 30 | Status origen: 1,,2026-07-11 18:20:41,,,,0,0,6983,[],,0
2586,branch:default,5,EFECTIVO,MENUDEO,8700,0,8700,CEN COMER,Usuario origen: GRISELDA2026 | Liquidado origen: 1 | Credito abonado origen: 8700 | Fecha limite origen: 2026-07-26 | Dias restantes origen: 15 | Status origen: 1,,2026-07-11 18:21:38,,,,0,0,8700,[],,0
2587,branch:default,53,CREDITO,MENUDEO,7267,0,7267,PLAZA ALTEÑA,Usuario origen: ALONDRA26 | Liquidado origen: 0 | Credito abonado origen: 0 | Fecha limite origen: 2026-08-12 | Dias restantes origen: 30 | Status origen: 1,,2026-07-13 13:42:20,,,,0,7267,0,[],,0
2588,branch:default,34,CREDITO,MENUDEO,9250,0,9250,SANTA BARBARA,Usuario origen: ALONDRA26 | Liquidado origen: 0 | Credito abonado origen: 0 | Fecha limite origen: 2026-08-12 | Dias restantes origen: 30 | Status origen: 1,,2026-07-13 21:02:06,,,,0,9250,0,[],,0
2589,branch:default,102,CREDITO,MENUDEO,7585,0,7585,ALEVA RESIDENCIAL,Usuario origen: ALONDRA26 | Liquidado origen: 0 | Credito abonado origen: 0 | Fecha limite origen: 2026-08-12 | Dias restantes origen: 30 | Status origen: 1,,2026-07-13 21:10:51,,,,0,7585,0,[],,0
2590,branch:default,56,EFECTIVO,MENUDEO,2825,0,2825,ESCUELA DE LAS POMEZ,Usuario origen: ALONDRA26 | Liquidado origen: 1 | Credito abonado origen: 2825 | Fecha limite origen: 2026-08-13 | Dias restantes origen: 30 | Status origen: 1,,2026-07-14 13:19:28,,,,0,0,2825,[],,0
2591,branch:default,52,EFECTIVO,MENUDEO,525,0,525,CASAS GEMEX,Usuario origen: ALONDRA26 | Liquidado origen: 1 | Credito abonado origen: 525 | Fecha limite origen: 2026-08-13 | Dias restantes origen: 30 | Status origen: 1,,2026-07-14 17:11:54,,,,0,0,525,[],,0
2592,branch:default,5,EFECTIVO,MENUDEO,3550,0,3550,CEN COMER,Usuario origen: ALONDRA26 | Liquidado origen: 1 | Credito abonado origen: 3550 | Fecha limite origen: 2026-07-29 | Dias restantes origen: 15 | Status origen: 1,,2026-07-14 18:14:34,,,,0,0,3550,[],,0
2593,branch:default,109,EFECTIVO,MENUDEO,1901,0,1901,JESUS MARIA,Usuario origen: ALONDRA26 | Liquidado origen: 1 | Credito abonado origen: 1901 | Fecha limite origen: 2026-07-14 | Dias restantes origen: 0 | Status origen: 1,,2026-07-14 18:18:33,,,,0,0,1901,[],,0
2594,branch:default,87,EFECTIVO,MENUDEO,1232,0,1232,JESUS MARIA,Usuario origen: ALONDRA26 | Liquidado origen: 1 | Credito abonado origen: 1232 | Fecha limite origen: 2026-08-13 | Dias restantes origen: 30 | Status origen: 1,,2026-07-14 20:36:42,,,,0,0,1232,[],,0
2595,branch:default,95,EFECTIVO,MENUDEO,1068,0,1068,JESUS MARIA,Usuario origen: ALONDRA26 | Liquidado origen: 1 | Credito abonado origen: 1068 | Fecha limite origen: 2026-07-29 | Dias restantes origen: 15 | Status origen: 1,,2026-07-14 22:05:47,,,,0,0,1068,[],,0
2596,branch:default,5,EFECTIVO,MENUDEO,6150,0,6150,CEN COMER,Usuario origen: ALONDRA26 | Liquidado origen: 1 | Credito abonado origen: 6150 | Fecha limite origen: 2026-07-29 | Dias restantes origen: 15 | Status origen: 1,,2026-07-14 22:16:03,,,,0,0,6150,[],,0
2597,branch:default,85,EFECTIVO,MENUDEO,1612,0,1612,JESUS MARIA,Usuario origen: ALONDRA26 | Liquidado origen: 1 | Credito abonado origen: 1612 | Fecha limite origen: 2026-08-13 | Dias restantes origen: 30 | Status origen: 1,,2026-07-14 23:15:24,,,,0,0,1612,[],,0
2598,branch:default,5,EFECTIVO,MENUDEO,4500,0,4500,CEN COMER,Usuario origen: ALONDRA26 | Liquidado origen: 1 | Credito abonado origen: 4500 | Fecha limite origen: 2026-07-30 | Dias restantes origen: 15 | Status origen: 1,,2026-07-15 13:40:55,,,,0,0,4500,[],,0
2599,branch:default,91,EFECTIVO,MENUDEO,1500,0,1500,FRENTE PLANTA DE LA LUZ,Usuario origen: ALONDRA26 | Liquidado origen: 1 | Credito abonado origen: 1500 | Fecha limite origen: 2026-08-14 | Dias restantes origen: 30 | Status origen: 1,,2026-07-15 15:01:36,,,,0,0,1500,[],,0
2600,branch:default,2,EFECTIVO,MENUDEO,720,0,720,JESUS MARIA,Usuario origen: ALONDRA26 | Liquidado origen: 1 | Credito abonado origen: 720 | Dias restantes origen: 0 | Status origen: 1,,2026-07-15 15:19:22,,,,0,0,720,[],,0
2601,branch:default,34,CREDITO,MENUDEO,10650,0,10650,SANTA BARBARA,Usuario origen: ALONDRA26 | Liquidado origen: 0 | Credito abonado origen: 0 | Fecha limite origen: 2026-08-14 | Dias restantes origen: 30 | Status origen: 1,,2026-07-15 15:58:36,,,,0,10650,0,[],,0
2602,branch:default,102,CREDITO,MENUDEO,1360,0,1360,ALEVA RESIDENCIAL,Usuario origen: ALONDRA26 | Liquidado origen: 0 | Credito abonado origen: 0 | Fecha limite origen: 2026-08-14 | Dias restantes origen: 30 | Status origen: 1,,2026-07-15 17:49:25,,,,0,1360,0,[],,0
2603,branch:default,7,CREDITO,MENUDEO,900,0,900,LAS CANOAS,Usuario origen: ALONDRA26 | Liquidado origen: 0 | Credito abonado origen: 0 | Fecha limite origen: 2026-08-14 | Dias restantes origen: 30 | Status origen: 1,,2026-07-15 19:44:55,,,,0,900,0,[],,0
2604,branch:default,103,EFECTIVO,MENUDEO,4600,0,4600,ARANDAS,Usuario origen: ALONDRA26 | Liquidado origen: 1 | Credito abonado origen: 4600 | Fecha limite origen: 2026-08-14 | Dias restantes origen: 30 | Status origen: 1,,2026-07-15 19:46:48,,,,0,0,4600,[],,0
2605,branch:default,53,CREDITO,MENUDEO,5511,0,5511,PLAZA ALTEÑA,Usuario origen: ALONDRA26 | Liquidado origen: 0 | Credito abonado origen: 0 | Fecha limite origen: 2026-08-14 | Dias restantes origen: 30 | Status origen: 1,,2026-07-15 19:48:12,,,,0,5511,0,[],,0
2606,branch:default,34,CREDITO,MENUDEO,5850,0,5850,SANTA BARBARA,Usuario origen: ALONDRA26 | Liquidado origen: 0 | Credito abonado origen: 0 | Fecha limite origen: 2026-08-14 | Dias restantes origen: 30 | Status origen: 1,,2026-07-15 20:01:17,,,,0,5850,0,[],,0
2607,branch:default,87,EFECTIVO,MENUDEO,403,0,403,JESUS MARIA,Usuario origen: ALONDRA26 | Liquidado origen: 1 | Credito abonado origen: 403 | Fecha limite origen: 2026-08-14 | Dias restantes origen: 30 | Status origen: 1,,2026-07-15 22:11:04,,,,0,0,403,[],,0
2608,branch:default,52,EFECTIVO,MENUDEO,960,0,960,CASAS GEMEX,Usuario origen: ALONDRA26 | Liquidado origen: 1 | Credito abonado origen: 960 | Fecha limite origen: 2026-08-14 | Dias restantes origen: 30 | Status origen: 1,,2026-07-15 22:12:14,,,,0,0,960,[],,0
2609,branch:default,2,EFECTIVO,MENUDEO,89,0,89,JESUS MARIA,Usuario origen: ALONDRA26 | Liquidado origen: 1 | Credito abonado origen: 89 | Dias restantes origen: 0 | Status origen: 1,,2026-07-16 13:30:36,,,,0,0,89,[],,0
2610,branch:default,74,CREDITO,MENUDEO,15500,0,15500,JESUS MARIA,Usuario origen: ALONDRA26 | Liquidado origen: 0 | Credito abonado origen: 0 | Fecha limite origen: 2026-08-15 | Dias restantes origen: 30 | Status origen: 1,,2026-07-16 15:01:05,,,,0,15500,0,[],,0
2611,branch:default,109,EFECTIVO,MENUDEO,5320,0,5320,JESUS MARIA,Usuario origen: ALONDRA26 | Liquidado origen: 1 | Credito abonado origen: 5320 | Fecha limite origen: 2026-07-16 | Dias restantes origen: 0 | Status origen: 1,,2026-07-16 15:21:08,,,,0,0,5320,[],,0
2612,branch:default,2,EFECTIVO,MENUDEO,1380,0,1380,JESUS MARIA,Usuario origen: ALONDRA26 | Liquidado origen: 1 | Credito abonado origen: 1380 | Dias restantes origen: 0 | Status origen: 1,,2026-07-16 17:33:10,,,,0,0,1380,[],,0
2613,branch:default,5,EFECTIVO,MENUDEO,8050,0,8050,CEN COMER,Usuario origen: ALONDRA26 | Liquidado origen: 1 | Credito abonado origen: 8050 | Fecha limite origen: 2026-07-31 | Dias restantes origen: 15 | Status origen: 1,,2026-07-16 21:22:57,,,,0,0,8050,[],,0
2614,branch:default,74,CREDITO,MENUDEO,17400,0,17400,JESUS MARIA,Usuario origen: ALONDRA26 | Liquidado origen: 0 | Credito abonado origen: 0 | Fecha limite origen: 2026-08-15 | Dias restantes origen: 30 | Status origen: 1,,2026-07-16 21:40:49,,,,0,17400,0,[],,0
2615,branch:default,2,EFECTIVO,MENUDEO,52,0,52,JESUS MARIA,Usuario origen: ALONDRA26 | Liquidado origen: 1 | Credito abonado origen: 52 | Dias restantes origen: 0 | Status origen: 1,,2026-07-16 22:46:36,,,,0,0,52,[],,0
2616,branch:default,2,EFECTIVO,MENUDEO,112,0,112,JESUS MARIA,Usuario origen: ALONDRA26 | Liquidado origen: 1 | Credito abonado origen: 112 | Dias restantes origen: 0 | Status origen: 1,,2026-07-16 23:19:15,,,,0,0,112,[],,0
2617,branch:default,19,EFECTIVO,MENUDEO,10200,0,10200,LA LEONERA,Usuario origen: ALONDRA26 | Liquidado origen: 1 | Credito abonado origen: 10200 | Fecha limite origen: 2026-08-01 | Dias restantes origen: 15 | Status origen: 1,,2026-07-17 13:40:47,,,,0,0,10200,[],,0
2618,branch:default,14,CREDITO,MENUDEO,2120,0,2120,LA CIERRITA,Usuario origen: ALONDRA26 | Liquidado origen: 0 | Credito abonado origen: 0 | Fecha limite origen: 2026-08-01 | Dias restantes origen: 15 | Status origen: 1,,2026-07-17 14:14:20,,,,0,2120,0,[],,0
2619,branch:default,79,EFECTIVO,MENUDEO,6240,0,6240,JESUS MARIA,Usuario origen: ALONDRA26 | Liquidado origen: 1 | Credito abonado origen: 6240 | Fecha limite origen: 2026-08-16 | Dias restantes origen: 30 | Status origen: 1,,2026-07-17 15:16:34,,,,0,0,6240,[],,0
2620,branch:default,74,CREDITO,MENUDEO,9100,0,9100,JESUS MARIA,Usuario origen: ALONDRA26 | Liquidado origen: 0 | Credito abonado origen: 0 | Fecha limite origen: 2026-08-16 | Dias restantes origen: 30 | Status origen: 1,,2026-07-17 18:12:35,,,,0,9100,0,[],,0
2621,branch:default,60,CREDITO,MENUDEO,21,0,21,JESUS MARIA,Usuario origen: ALONDRA26 | Liquidado origen: 0 | Credito abonado origen: 0 | Fecha limite origen: 2026-08-16 | Dias restantes origen: 30 | Status origen: 1,,2026-07-17 20:21:16,,,,0,21,0,[],,0
2622,branch:default,5,EFECTIVO,MENUDEO,3550,0,3550,CEN COMER,Usuario origen: ALONDRA26 | Liquidado origen: 1 | Credito abonado origen: 3550 | Fecha limite origen: 2026-08-01 | Dias restantes origen: 15 | Status origen: 1,,2026-07-17 20:59:06,,,,0,0,3550,[],,0
2623,branch:default,114,EFECTIVO,MENUDEO,8259,0,8259,ARANDAS,Usuario origen: ALONDRA26 | Liquidado origen: 1 | Credito abonado origen: 8259 | Fecha limite origen: 2026-08-16 | Dias restantes origen: 30 | Status origen: 1,,2026-07-17 21:06:48,,,,0,0,8259,[],,0
2624,branch:default,2,EFECTIVO,MENUDEO,32,0,32,JESUS MARIA,Usuario origen: ALONDRA26 | Liquidado origen: 1 | Credito abonado origen: 32 | Fecha limite origen: 2026-07-17 | Dias restantes origen: 0 | Status origen: 1,,2026-07-17 21:14:13,,,,0,0,32,[],,0
2625,branch:default,2,EFECTIVO,MENUDEO,5066,0,5066,RANCHO LOS PATOS,Usuario origen: ALONDRA26 | Liquidado origen: 1 | Credito abonado origen: 5066 | Dias restantes origen: 0 | Status origen: 1,,2026-07-17 22:51:41,,,,0,0,5066,[],,0
2626,branch:default,84,EFECTIVO,MENUDEO,2400,0,2400,LAS CRUCES,Usuario origen: ALONDRA26 | Liquidado origen: 1 | Credito abonado origen: 2400 | Fecha limite origen: 2026-07-18 | Dias restantes origen: 0 | Status origen: 1,,2026-07-18 16:38:00,,,,0,0,2400,[],,0
2627,branch:default,34,CREDITO,MENUDEO,7800,0,7800,SANTA BARBARA,Usuario origen: ALONDRA26 | Liquidado origen: 0 | Credito abonado origen: 0 | Fecha limite origen: 2026-08-19 | Dias restantes origen: 30 | Status origen: 1,,2026-07-20 13:15:08,,,,0,7800,0,[],,0
2628,branch:default,34,CREDITO,MENUDEO,4900,0,4900,SANTA BARBARA,Usuario origen: ALONDRA26 | Liquidado origen: 0 | Credito abonado origen: 0 | Fecha limite origen: 2026-08-19 | Dias restantes origen: 30 | Status origen: 1,,2026-07-20 13:16:22,,,,0,4900,0,[],,0
2629,branch:default,53,CREDITO,MENUDEO,860,0,860,HERRADURA 4 Y 5,Usuario origen: ALONDRA26 | Liquidado origen: 0 | Credito abonado origen: 0 | Fecha limite origen: 2026-08-19 | Dias restantes origen: 30 | Status origen: 1,,2026-07-20 13:19:40,,,,0,860,0,[],,0
2630,branch:default,5,EFECTIVO,MENUDEO,3550,0,3550,CEN COMER,Usuario origen: ALONDRA26 | Liquidado origen: 1 | Credito abonado origen: 3550 | Fecha limite origen: 2026-08-04 | Dias restantes origen: 15 | Status origen: 1,,2026-07-20 13:57:50,,,,0,0,3550,[],,0
2631,branch:default,5,EFECTIVO,MENUDEO,4500,0,4500,CEN COMER,Usuario origen: ALONDRA26 | Liquidado origen: 1 | Credito abonado origen: 4500 | Fecha limite origen: 2026-08-04 | Dias restantes origen: 15 | Status origen: 1,,2026-07-20 18:35:58,,,,0,0,4500,[],,0
2632,branch:default,29,EFECTIVO,MENUDEO,105,0,105,JESUS MARIA,Usuario origen: ALONDRA26 | Liquidado origen: 1 | Credito abonado origen: 105 | Dias restantes origen: 0 | Status origen: 1,,2026-07-20 19:02:29,,,,0,0,105,[],,0
2633,branch:default,56,EFECTIVO,MENUDEO,2530,0,2530,ESCUELA DE LAS POMEZ,Usuario origen: ALONDRA26 | Liquidado origen: 1 | Credito abonado origen: 2530 | Fecha limite origen: 2026-08-20 | Dias restantes origen: 30 | Status origen: 1,,2026-07-21 13:52:54,,,,0,0,2530,[],,0
2634,branch:default,56,EFECTIVO,MENUDEO,225,0,225,ESCUELA DE LAS POMEZ,Usuario origen: ALONDRA26 | Liquidado origen: 1 | Credito abonado origen: 225 | Fecha limite origen: 2026-08-20 | Dias restantes origen: 30 | Status origen: 1,,2026-07-21 13:57:06,,,,0,0,225,[],,0
2635,branch:default,91,EFECTIVO,MENUDEO,600,0,600,PLANTA DE LA LUZ,Usuario origen: ALONDRA26 | Liquidado origen: 1 | Credito abonado origen: 600 | Fecha limite origen: 2026-08-20 | Dias restantes origen: 30 | Status origen: 1,,2026-07-21 16:19:00,,,,0,0,600,[],,0
2636,branch:default,7,CREDITO,MENUDEO,4900,0,4900,LAS CANOAS,Usuario origen: ALONDRA26 | Liquidado origen: 0 | Credito abonado origen: 0 | Fecha limite origen: 2026-08-20 | Dias restantes origen: 30 | Status origen: 1,,2026-07-21 18:42:32,,,,0,4900,0,[],,0
2637,branch:default,5,EFECTIVO,MENUDEO,1960,0,1960,CEN COMER,Usuario origen: ALONDRA26 | Liquidado origen: 1 | Credito abonado origen: 1960 | Fecha limite origen: 2026-08-05 | Dias restantes origen: 15 | Status origen: 1,,2026-07-21 18:52:10,,,,0,0,1960,[],,0
2638,branch:default,71,EFECTIVO,MENUDEO,11100,0,11100,ROSALES,Usuario origen: ALONDRA26 | Liquidado origen: 1 | Credito abonado origen: 11100 | Dias restantes origen: 0 | Status origen: 1,,2026-07-21 20:13:51,,,,0,0,11100,[],,0
2639,branch:default,109,EFECTIVO,MENUDEO,6850,0,6850,JESUS MARIA,Usuario origen: ALONDRA26 | Liquidado origen: 1 | Credito abonado origen: 6850 | Fecha limite origen: 2026-07-21 | Dias restantes origen: 0 | Status origen: 1,,2026-07-21 20:23:30,,,,0,0,6850,[],,0
2640,branch:default,93,EFECTIVO,MENUDEO,4230,0,4230,FRENTE BLOQUERA BARAJAS,Usuario origen: ALONDRA26 | Liquidado origen: 1 | Credito abonado origen: 4230 | Fecha limite origen: 2026-08-20 | Dias restantes origen: 30 | Status origen: 1,,2026-07-21 21:34:38,,,,0,0,4230,[],,0
2641,branch:default,87,EFECTIVO,MENUDEO,4816,0,4816,JESUS MARIA,Usuario origen: ALONDRA26 | Liquidado origen: 1 | Credito abonado origen: 4816 | Fecha limite origen: 2026-08-21 | Dias restantes origen: 30 | Status origen: 1,,2026-07-22 15:41:12,,,,0,0,4816,[],,0
2642,branch:default,53,CREDITO,MENUDEO,8200,0,8200,AGAVINA C10 Y C26,Usuario origen: ALONDRA26 | Liquidado origen: 0 | Credito abonado origen: 0 | Fecha limite origen: 2026-08-21 | Dias restantes origen: 30 | Status origen: 1,,2026-07-22 15:49:11,,,,0,8200,0,[],,0
2643,branch:default,84,EFECTIVO,MENUDEO,4360,0,4360,LAS CRUCES,Usuario origen: ALONDRA26 | Liquidado origen: 1 | Credito abonado origen: 4360 | Fecha limite origen: 2026-07-22 | Dias restantes origen: 0 | Status origen: 1,,2026-07-22 17:09:45,,,,0,0,4360,[],,0
2644,branch:default,5,EFECTIVO,MENUDEO,7600,0,7600,CEN COMER,Usuario origen: ALONDRA26 | Liquidado origen: 1 | Credito abonado origen: 7600 | Fecha limite origen: 2026-08-06 | Dias restantes origen: 15 | Status origen: 1,,2026-07-22 18:21:42,,,,0,0,7600,[],,0
2645,branch:default,5,EFECTIVO,MENUDEO,1775,0,1775,CEN COMER,Usuario origen: ALONDRA26 | Liquidado origen: 1 | Credito abonado origen: 1775 | Fecha limite origen: 2026-08-06 | Dias restantes origen: 15 | Status origen: 1,,2026-07-22 18:46:07,,,,0,0,1775,[],,0
2646,branch:default,53,CREDITO,MENUDEO,33960,0,33960,AGAVINA C10 Y C26,Usuario origen: ALONDRA26 | Liquidado origen: 0 | Credito abonado origen: 0 | Fecha limite origen: 2026-08-21 | Dias restantes origen: 30 | Status origen: 1,,2026-07-22 19:41:58,,,,0,33960,0,[],,0
2647,branch:default,53,CREDITO,MENUDEO,7875,0,7875,AGAVINA C10,Usuario origen: ALONDRA26 | Liquidado origen: 0 | Credito abonado origen: 0 | Fecha limite origen: 2026-08-21 | Dias restantes origen: 30 | Status origen: 1,,2026-07-22 19:45:36,,,,0,7875,0,[],,0
2648,branch:default,19,EFECTIVO,MENUDEO,5480,0,5480,LA SIERRITA,Usuario origen: ALONDRA26 | Liquidado origen: 1 | Credito abonado origen: 5480 | Fecha limite origen: 2026-08-06 | Dias restantes origen: 15 | Status origen: 1,,2026-07-22 19:58:34,,,,0,0,5480,[],,0
2649,branch:default,117,CREDITO,MENUDEO,5565,0,5565,LA SIERRITA,Usuario origen: ALONDRA26 | Liquidado origen: 0 | Credito abonado origen: 0 | Fecha limite origen: 2026-08-21 | Dias restantes origen: 30 | Status origen: 1,,2026-07-22 20:00:09,,,,0,5565,0,[],,0
2650,branch:default,53,CREDITO,MENUDEO,5300,0,5300,AGAVINA,Usuario origen: ALONDRA26 | Liquidado origen: 0 | Credito abonado origen: 0 | Fecha limite origen: 2026-08-21 | Dias restantes origen: 30 | Status origen: 1,,2026-07-22 20:42:48,,,,0,5300,0,[],,0
2651,branch:default,53,CREDITO,MENUDEO,4100,0,4100,HERRADURA 4 Y 5,Usuario origen: ALONDRA26 | Liquidado origen: 0 | Credito abonado origen: 0 | Fecha limite origen: 2026-08-21 | Dias restantes origen: 30 | Status origen: 1,,2026-07-22 23:33:56,,,,0,4100,0,[],,0
2652,branch:default,34,CREDITO,MENUDEO,10650,0,10650,SANTA BARBARA,Usuario origen: ALONDRA26 | Liquidado origen: 0 | Credito abonado origen: 0 | Fecha limite origen: 2026-08-21 | Dias restantes origen: 30 | Status origen: 1,,2026-07-22 23:35:32,,,,0,10650,0,[],,0
2653,branch:default,5,EFECTIVO,MENUDEO,3450,0,3450,CEN COMER,Usuario origen: ALONDRA26 | Liquidado origen: 1 | Credito abonado origen: 3450 | Fecha limite origen: 2026-08-07 | Dias restantes origen: 15 | Status origen: 1,,2026-07-23 13:15:48,,,,0,0,3450,[],,0
2654,branch:default,114,CREDITO,MENUDEO,4637,0,4637,ARANDAS,Usuario origen: ALONDRA26 | Liquidado origen: 0 | Credito abonado origen: 0 | Fecha limite origen: 2026-08-22 | Dias restantes origen: 30 | Status origen: 1,,2026-07-23 14:50:07,,,,0,4637,0,[],,0
2655,branch:default,2,EFECTIVO,MENUDEO,732,0,732,JESUS MARIA,Usuario origen: ALONDRA26 | Liquidado origen: 1 | Credito abonado origen: 732 | Dias restantes origen: 0 | Status origen: 1,,2026-07-23 16:10:22,,,,0,0,732,[],,0
2656,branch:default,118,EFECTIVO,MENUDEO,600,0,600,JESUS MARIA,Usuario origen: ALONDRA26 | Liquidado origen: 1 | Credito abonado origen: 600 | Fecha limite origen: 2026-08-22 | Dias restantes origen: 30 | Status origen: 1,,2026-07-23 17:26:11,,,,0,0,600,[],,0
2657,branch:default,53,CREDITO,MENUDEO,10000,0,10000,AGAVINA URBANIZACION,Usuario origen: ALONDRA26 | Liquidado origen: 0 | Credito abonado origen: 0 | Fecha limite origen: 2026-08-22 | Dias restantes origen: 30 | Status origen: 1,,2026-07-23 18:32:48,,,,0,10000,0,[],,0
2658,branch:default,53,CREDITO,MENUDEO,8200,0,8200,AGAVINA C10,Usuario origen: ALONDRA26 | Liquidado origen: 0 | Credito abonado origen: 0 | Fecha limite origen: 2026-08-22 | Dias restantes origen: 30 | Status origen: 1,,2026-07-23 18:40:06,,,,0,8200,0,[],,0
2659,branch:default,85,EFECTIVO,MENUDEO,238,0,238,JESUS MARIA,Usuario origen: ALONDRA26 | Liquidado origen: 1 | Credito abonado origen: 238 | Fecha limite origen: 2026-08-22 | Dias restantes origen: 30 | Status origen: 1,,2026-07-23 19:01:54,,,,0,0,238,[],,0
2660,branch:default,102,CREDITO,MENUDEO,12000,0,12000,AS DE COPAS,Usuario origen: ALONDRA26 | Liquidado origen: 0 | Credito abonado origen: 0 | Fecha limite origen: 2026-08-22 | Dias restantes origen: 30 | Status origen: 1,,2026-07-23 20:50:06,,,,0,12000,0,[],,0
2661,branch:default,53,CREDITO,MENUDEO,11500,0,11500,AGAVINA C10 Y C26,Usuario origen: ALONDRA26 | Liquidado origen: 0 | Credito abonado origen: 0 | Fecha limite origen: 2026-08-22 | Dias restantes origen: 30 | Status origen: 1,,2026-07-23 23:12:39,,,,0,11500,0,[],,0
2662,branch:default,102,CREDITO,MENUDEO,6024,0,6024,AS DE COPAS,Usuario origen: ALONDRA26 | Liquidado origen: 0 | Credito abonado origen: 0 | Fecha limite origen: 2026-08-23 | Dias restantes origen: 30 | Status origen: 1,,2026-07-24 13:10:13,,,,0,6024,0,[],,0
2663,branch:default,114,EFECTIVO,MENUDEO,3637,0,3637,ARANDAS,Usuario origen: ALONDRA26 | Liquidado origen: 1 | Credito abonado origen: 3637 | Fecha limite origen: 2026-08-23 | Dias restantes origen: 30 | Status origen: 1,,2026-07-24 13:13:37,,,,0,0,3637,[],,0
2664,branch:default,2,EFECTIVO,MENUDEO,300,0,300,JESUS MARIA,Usuario origen: ALONDRA26 | Liquidado origen: 1 | Credito abonado origen: 300 | Dias restantes origen: 0 | Status origen: 1,,2026-07-24 14:46:57,,,,0,0,300,[],,0
2665,branch:default,2,EFECTIVO,MENUDEO,180,0,180,JESUS MARIA,Usuario origen: ALONDRA26 | Liquidado origen: 1 | Credito abonado origen: 180 | Dias restantes origen: 0 | Status origen: 1,,2026-07-24 16:50:47,,,,0,0,180,[],,0
2666,branch:default,21,EFECTIVO,MENUDEO,2754,0,2754,JESUS MARIA,Usuario origen: ALONDRA26 | Liquidado origen: 1 | Credito abonado origen: 2754 | Fecha limite origen: 2026-08-08 | Dias restantes origen: 15 | Status origen: 1,,2026-07-24 17:01:43,,,,0,0,2754,[],,0
2667,branch:default,5,EFECTIVO,MENUDEO,4025,0,4025,CEN COMER,Usuario origen: ALONDRA26 | Liquidado origen: 1 | Credito abonado origen: 4025 | Fecha limite origen: 2026-08-08 | Dias restantes origen: 15 | Status origen: 1,,2026-07-24 17:04:08,,,,0,0,4025,[],,0
2668,branch:default,2,EFECTIVO,MENUDEO,2160,0,2160,JESUS MARIA,Usuario origen: ALONDRA26 | Liquidado origen: 1 | Credito abonado origen: 2160 | Dias restantes origen: 0 | Status origen: 1,,2026-07-24 17:29:43,,,,0,0,2160,[],,0
2669,branch:default,109,EFECTIVO,MENUDEO,5160,0,5160,JESUS MARIA,Usuario origen: ALONDRA26 | Liquidado origen: 1 | Credito abonado origen: 5160 | Fecha limite origen: 2026-07-24 | Dias restantes origen: 0 | Status origen: 1,,2026-07-24 20:54:40,,,,0,0,5160,[],,0
2670,branch:default,87,EFECTIVO,MENUDEO,3780,0,3780,JESUS MARIA,Usuario origen: ALONDRA26 | Liquidado origen: 1 | Credito abonado origen: 3780 | Fecha limite origen: 2026-08-24 | Dias restantes origen: 30 | Status origen: 1,,2026-07-25 14:36:55,,,,0,0,3780,[],,0
2671,branch:default,5,EFECTIVO,MENUDEO,1775,0,1775,JESUS MARIA,Usuario origen: ALONDRA26 | Liquidado origen: 1 | Credito abonado origen: 1775 | Fecha limite origen: 2026-08-09 | Dias restantes origen: 15 | Status origen: 1,,2026-07-25 15:34:32,,,,0,0,1775,[],,0
2672,branch:default,104,CREDITO,MENUDEO,12929.5,0,12929.5,ARANDAS,Usuario origen: ALONDRA26 | Liquidado origen: 0 | Credito abonado origen: 0 | Fecha limite origen: 2026-08-26 | Dias restantes origen: 30 | Status origen: 1,,2026-07-27 14:52:28,,,,0,12929.5,0,[],,0
2673,branch:default,7,CREDITO,MENUDEO,4240,0,4240,LAS CANOAS,Usuario origen: ALONDRA26 | Liquidado origen: 0 | Credito abonado origen: 0 | Fecha limite origen: 2026-08-26 | Dias restantes origen: 30 | Status origen: 1,,2026-07-27 16:03:52,,,,0,4240,0,[],,0
2674,branch:default,2,EFECTIVO,MENUDEO,1676,0,1676,JESUS MARIA,Usuario origen: ALONDRA26 | Liquidado origen: 1 | Credito abonado origen: 1676 | Dias restantes origen: 0 | Status origen: 1,,2026-07-27 19:02:56,,,,0,0,1676,[],,0
2675,branch:default,34,CREDITO,MENUDEO,4900,0,4900,SANTA BARBARA,Usuario origen: ALONDRA26 | Liquidado origen: 0 | Credito abonado origen: 0 | Fecha limite origen: 2026-08-26 | Dias restantes origen: 30 | Status origen: 1,,2026-07-27 19:51:49,,,,0,4900,0,[],,0
2676,branch:default,109,EFECTIVO,MENUDEO,8250,0,8250,JESUS MARIA,Usuario origen: ALONDRA26 | Liquidado origen: 1 | Credito abonado origen: 8250 | Fecha limite origen: 2026-07-27 | Dias restantes origen: 0 | Status origen: 1,,2026-07-27 20:36:10,,,,0,0,8250,[],,0
2677,branch:default,2,EFECTIVO,MENUDEO,78,0,78,JESUS MARIA,Usuario origen: Administrador | Liquidado origen: 1 | Credito abonado origen: 78 | Dias restantes origen: 0 | Status origen: 1,,2026-07-27 23:07:21,,,,0,0,78,[],,0
2678,branch:default,5,EFECTIVO,MENUDEO,4500,0,4500,CEN COMER,Usuario origen: ALONDRA26 | Liquidado origen: 1 | Credito abonado origen: 4500 | Fecha limite origen: 2026-08-12 | Dias restantes origen: 15 | Status origen: 1,,2026-07-28 13:16:50,,,,0,0,4500,[],,0
2679,branch:default,5,EFECTIVO,MENUDEO,4350,0,4350,CEN COMER,Usuario origen: ALONDRA26 | Liquidado origen: 1 | Credito abonado origen: 4350 | Fecha limite origen: 2026-08-12 | Dias restantes origen: 15 | Status origen: 1,,2026-07-28 13:18:25,,,,0,0,4350,[],,0
2680,branch:default,103,EFECTIVO,MENUDEO,4600,0,4600,ARANDAS,Usuario origen: ALONDRA26 | Liquidado origen: 1 | Credito abonado origen: 4600 | Fecha limite origen: 2026-08-27 | Dias restantes origen: 30 | Status origen: 1,,2026-07-28 14:13:12,,,,0,0,4600,[],,0
2681,branch:default,2,EFECTIVO,MENUDEO,200,0,200,JESUS MARIA,Usuario origen: ALONDRA26 | Liquidado origen: 1 | Credito abonado origen: 200 | Fecha limite origen: 2026-07-28 | Dias restantes origen: 0 | Status origen: 1,,2026-07-28 15:26:22,,,,0,0,200,[],,0
2682,branch:default,119,EFECTIVO,MENUDEO,1660,0,1660,JESUS MARIA,Usuario origen: ALONDRA26 | Liquidado origen: 1 | Credito abonado origen: 1660 | Fecha limite origen: 2026-08-27 | Dias restantes origen: 30 | Status origen: 1,,2026-07-28 17:55:05,,,,0,0,1660,[],,0
2683,branch:default,46,EFECTIVO,MENUDEO,120,0,120,JESUS MARIA,Usuario origen: ALONDRA26 | Liquidado origen: 1 | Credito abonado origen: 120 | Fecha limite origen: 2026-08-27 | Dias restantes origen: 30 | Status origen: 1,,2026-07-28 19:40:05,,,,0,0,120,[],,0
2684,branch:default,87,EFECTIVO,MENUDEO,7980,0,7980,JESUS MARIA,Usuario origen: ALONDRA26 | Liquidado origen: 1 | Credito abonado origen: 7980 | Fecha limite origen: 2026-08-27 | Dias restantes origen: 30 | Status origen: 1,,2026-07-28 20:08:01,,,,0,0,7980,[],,0
2685,branch:default,5,EFECTIVO,MENUDEO,5700,0,5700,CEN COMER,Usuario origen: ALONDRA26 | Liquidado origen: 1 | Credito abonado origen: 5700 | Fecha limite origen: 2026-08-12 | Dias restantes origen: 15 | Status origen: 1,,2026-07-28 20:56:01,,,,0,0,5700,[],,0
2686,branch:default,109,EFECTIVO,MENUDEO,2280,0,2280,JESUS MARIA,Usuario origen: ALONDRA26 | Liquidado origen: 1 | Credito abonado origen: 2280 | Fecha limite origen: 2026-07-28 | Dias restantes origen: 0 | Status origen: 1,,2026-07-28 21:22:03,,,,0,0,2280,[],,0
2687,branch:default,2,EFECTIVO,MENUDEO,120,0,120,JESUS MARIA,Usuario origen: ALONDRA26 | Liquidado origen: 1 | Credito abonado origen: 120 | Dias restantes origen: 0 | Status origen: 1,,2026-07-29 13:45:58,,,,0,0,120,[],,0
2688,branch:default,53,CREDITO,MENUDEO,6360,0,6360,HERRADURA C01YC05,Usuario origen: ALONDRA26 | Liquidado origen: 0 | Credito abonado origen: 0 | Fecha limite origen: 2026-08-28 | Dias restantes origen: 30 | Status origen: 1,,2026-07-29 18:21:37,,,,0,6360,0,[],,0
2689,branch:default,53,CREDITO,MENUDEO,795,0,795,PLAZA ALTEÑA,Usuario origen: ALONDRA26 | Liquidado origen: 0 | Credito abonado origen: 0 | Fecha limite origen: 2026-08-28 | Dias restantes origen: 30 | Status origen: 1,,2026-07-29 18:23:05,,,,0,795,0,[],,0
2690,branch:default,53,CREDITO,MENUDEO,2807,0,2807,HERRADURA C01,Usuario origen: ALONDRA26 | Liquidado origen: 0 | Credito abonado origen: 0 | Fecha limite origen: 2026-08-28 | Dias restantes origen: 30 | Status origen: 1,,2026-07-29 18:38:15,,,,0,2807,0,[],,0
2691,branch:default,2,EFECTIVO,MENUDEO,600,0,600,JESUS MARIA,Usuario origen: ALONDRA26 | Liquidado origen: 1 | Credito abonado origen: 600 | Fecha limite origen: 2026-07-29 | Dias restantes origen: 0 | Status origen: 1,,2026-07-29 19:39:03,,,,0,0,600,[],,0
2692,branch:default,2,EFECTIVO,MENUDEO,240,0,240,JESUS MARIA,Usuario origen: ALONDRA26 | Liquidado origen: 1 | Credito abonado origen: 240 | Fecha limite origen: 2026-07-29 | Dias restantes origen: 0 | Status origen: 1,,2026-07-29 20:14:34,,,,0,0,240,[],,0
2693,branch:default,53,CREDITO,MENUDEO,1400,0,1400,AGAVINA URBANIZACION,Usuario origen: ALONDRA26 | Liquidado origen: 0 | Credito abonado origen: 0 | Fecha limite origen: 2026-08-28 | Dias restantes origen: 30 | Status origen: 1,,2026-07-29 20:29:09,,,,0,1400,0,[],,0
2694,branch:default,53,CREDITO,MENUDEO,5900,0,5900,AGAVINA C26,Usuario origen: ALONDRA26 | Liquidado origen: 0 | Credito abonado origen: 0 | Fecha limite origen: 2026-08-28 | Dias restantes origen: 30 | Status origen: 1,,2026-07-29 21:33:06,,,,0,5900,0,[],,0
2695,branch:default,53,CREDITO,MENUDEO,6400,0,6400,AGAVINA URBANIZACION,Usuario origen: ALONDRA26 | Liquidado origen: 0 | Credito abonado origen: 0 | Fecha limite origen: 2026-08-28 | Dias restantes origen: 30 | Status origen: 1,,2026-07-29 22:11:38,,,,0,6400,0,[],,0
2696,branch:default,53,CREDITO,MENUDEO,8200,0,8200,AGAVINA C26,Usuario origen: ALONDRA26 | Liquidado origen: 0 | Credito abonado origen: 0 | Fecha limite origen: 2026-08-28 | Dias restantes origen: 30 | Status origen: 1,,2026-07-29 22:12:31,,,,0,8200,0,[],,0
2697,branch:default,53,CREDITO,MENUDEO,6497,0,6497,HERRADURA C01,Usuario origen: ALONDRA26 | Liquidado origen: 0 | Credito abonado origen: 0 | Fecha limite origen: 2026-08-29 | Dias restantes origen: 30 | Status origen: 1,,2026-07-30 13:14:12,,,,0,6497,0,[],,0
2698,branch:default,53,CREDITO,MENUDEO,178,0,178,NISLA C60,Usuario origen: ALONDRA26 | Liquidado origen: 0 | Credito abonado origen: 0 | Fecha limite origen: 2026-08-29 | Dias restantes origen: 30 | Status origen: 1,,2026-07-30 13:16:27,,,,0,178,0,[],,0
2699,branch:default,53,CREDITO,MENUDEO,178,0,178,NISLA C54,Usuario origen: ALONDRA26 | Liquidado origen: 0 | Credito abonado origen: 0 | Fecha limite origen: 2026-08-29 | Dias restantes origen: 30 | Status origen: 1,,2026-07-30 13:17:08,,,,0,178,0,[],,0
2700,branch:default,114,CREDITO,MENUDEO,8200,0,8200,ARANDAS,Usuario origen: ALONDRA26 | Liquidado origen: 0 | Credito abonado origen: 0 | Fecha limite origen: 2026-08-29 | Dias restantes origen: 30 | Status origen: 1,,2026-07-30 13:19:20,,,,0,8200,0,[],,0
2701,branch:default,2,EFECTIVO,MENUDEO,80,0,80,JESUS MARIA,Usuario origen: ALONDRA26 | Liquidado origen: 1 | Credito abonado origen: 80 | Dias restantes origen: 0 | Status origen: 1,,2026-07-30 15:38:45,,,,0,0,80,[],,0
2702,branch:default,53,CREDITO,MENUDEO,22640,0,22640,AGAVINA C26,Usuario origen: ALONDRA26 | Liquidado origen: 0 | Credito abonado origen: 0 | Fecha limite origen: 2026-08-29 | Dias restantes origen: 30 | Status origen: 1,,2026-07-30 16:04:25,,,,0,22640,0,[],,0
2703,branch:default,109,EFECTIVO,MENUDEO,8250,0,8250,EL PANTEON,Usuario origen: ALONDRA26 | Liquidado origen: 1 | Credito abonado origen: 8250 | Fecha limite origen: 2026-07-30 | Dias restantes origen: 0 | Status origen: 1,,2026-07-30 16:05:06,,,,0,0,8250,[],,0
2704,branch:default,53,CREDITO,MENUDEO,5610,0,5610,HERRADURA 4 Y 5,Usuario origen: ALONDRA26 | Liquidado origen: 0 | Credito abonado origen: 0 | Fecha limite origen: 2026-08-29 | Dias restantes origen: 30 | Status origen: 1,,2026-07-30 16:48:57,,,,0,5610,0,[],,0
2705,branch:default,104,CREDITO,MENUDEO,6000,0,6000,ARANDAS,Usuario origen: ALONDRA26 | Liquidado origen: 0 | Credito abonado origen: 0 | Fecha limite origen: 2026-08-29 | Dias restantes origen: 30 | Status origen: 1,,2026-07-30 18:38:28,,,,0,6000,0,[],,0
2706,branch:default,44,CREDITO,MENUDEO,4800,0,4800,ARANDAS,Usuario origen: ALONDRA26 | Liquidado origen: 0 | Credito abonado origen: 0 | Fecha limite origen: 2026-08-29 | Dias restantes origen: 30 | Status origen: 1,,2026-07-30 18:58:51,,,,0,4800,0,[],,0
2707,branch:default,34,CREDITO,MENUDEO,12600,0,12600,SANTA BARBARA,Usuario origen: ALONDRA26 | Liquidado origen: 0 | Credito abonado origen: 0 | Fecha limite origen: 2026-08-29 | Dias restantes origen: 30 | Status origen: 1,,2026-07-30 19:00:13,,,,0,12600,0,[],,0
2708,branch:default,29,EFECTIVO,MENUDEO,240,0,240,JESUS MARIA,Usuario origen: ALONDRA26 | Liquidado origen: 1 | Credito abonado origen: 240 | Dias restantes origen: 0 | Status origen: 1,,2026-07-30 19:44:14,,,,0,0,240,[],,0
2709,branch:default,104,CREDITO,MENUDEO,9368,0,9368,ARANDAS,Usuario origen: ALONDRA26 | Liquidado origen: 0 | Credito abonado origen: 0 | Fecha limite origen: 2026-08-29 | Dias restantes origen: 30 | Status origen: 1,,2026-07-30 21:52:52,,,,0,9368,0,[],,0
2710,branch:default,87,EFECTIVO,MENUDEO,2160,0,2160,JESUS MARIA,Usuario origen: ALONDRA26 | Liquidado origen: 1 | Credito abonado origen: 2160 | Fecha limite origen: 2026-08-30 | Dias restantes origen: 30 | Status origen: 1,,2026-07-31 13:10:49,,,,0,0,2160,[],,0
2711,branch:default,109,EFECTIVO,MENUDEO,5250,0,5250,JESUS MARIA,Usuario origen: ALONDRA26 | Liquidado origen: 1 | Credito abonado origen: 5250 | Fecha limite origen: 2026-07-31 | Dias restantes origen: 0 | Status origen: 1,,2026-07-31 15:49:29,,,,0,0,5250,[],,0
2712,branch:default,19,EFECTIVO,MENUDEO,51,0,51,JESUS MARIA,Usuario origen: ALONDRA26 | Liquidado origen: 1 | Credito abonado origen: 51 | Dias restantes origen: 0 | Status origen: 1,,2026-07-31 16:12:37,,,,0,0,51,[],,0
2713,branch:default,2,EFECTIVO,MENUDEO,170,0,170,ROSARIO SEVILLA,Usuario origen: ALONDRA26 | Liquidado origen: 1 | Credito abonado origen: 170 | Dias restantes origen: 0 | Status origen: 1,,2026-07-31 17:15:03,,,,0,0,170,[],,0
2714,branch:default,3,EFECTIVO,MENUDEO,1398,0,1398,LAS CANOAS,Usuario origen: ALONDRA26 | Liquidado origen: 1 | Credito abonado origen: 1398 | Dias restantes origen: 0 | Status origen: 1,,2026-07-31 20:20:06,,,,0,0,1398,[],,0
2715,branch:default,109,CREDITO,MENUDEO,6369,0,6369,JESUS MARIA,Usuario origen: ALONDRA26 | Liquidado origen: 0 | Credito abonado origen: 0 | Fecha limite origen: 2026-07-31 | Dias restantes origen: 0 | Status origen: 1,,2026-07-31 22:37:00,,,,0,6369,0,[],,0
2716,branch:default,109,CREDITO,MENUDEO,282,0,282,JESUS MARIA,Usuario origen: ALONDRA26 | Liquidado origen: 0 | Credito abonado origen: 0 | Fecha limite origen: 2026-07-31 | Dias restantes origen: 0 | Status origen: 1,,2026-07-31 22:58:30,,,,0,282,0,[],,0
2717,branch:default,71,EFECTIVO,MENUDEO,13500,0,13500,ROSALES,Usuario origen: ALONDRA26 | Liquidado origen: 1 | Credito abonado origen: 13500 | Fecha limite origen: 2026-08-01 | Dias restantes origen: 0 | Status origen: 1,,2026-08-01 13:51:56,,,,0,0,13500,[],,0
2718,branch:default,87,EFECTIVO,MENUDEO,2880,0,2880,JESUS MARIA,Usuario origen: ALONDRA26 | Liquidado origen: 1 | Credito abonado origen: 2880 | Fecha limite origen: 2026-08-31 | Dias restantes origen: 30 | Status origen: 1,,2026-08-01 14:37:28,,,,0,0,2880,[],,0
2719,branch:default,2,EFECTIVO,MENUDEO,92,0,92,ANDRES ANGEL,Usuario origen: ALONDRA26 | Liquidado origen: 1 | Credito abonado origen: 92 | Fecha limite origen: 2026-08-01 | Dias restantes origen: 0 | Status origen: 1,,2026-08-01 16:06:27,,,,0,0,92,[],,0
2720,branch:default,2,EFECTIVO,MENUDEO,143,0,143,GERARDO CANCHOLA,Usuario origen: ALONDRA26 | Liquidado origen: 1 | Credito abonado origen: 143 | Dias restantes origen: 0 | Status origen: 1,,2026-08-01 16:13:39,,,,0,0,143,[],,0
2721,branch:default,64,CREDITO,MENUDEO,7200,0,7200,SAN JOSE DE LA PAZ,Usuario origen: ALONDRA26 | Liquidado origen: 0 | Credito abonado origen: 0 | Fecha limite origen: 2026-09-02 | Dias restantes origen: 30 | Status origen: 1,,2026-08-03 15:54:07,,,,0,7200,0,[],,0
2722,branch:default,109,CREDITO,MENUDEO,94,0,94,JESUS MARIA,Usuario origen: ALONDRA26 | Liquidado origen: 0 | Credito abonado origen: 0 | Fecha limite origen: 2026-08-03 | Dias restantes origen: 0 | Status origen: 1,,2026-08-03 17:56:59,,,,0,94,0,[],,0
2723,branch:default,79,CREDITO,MENUDEO,5220,0,5220,JESUS MARIA,Usuario origen: ALONDRA26 | Liquidado origen: 0 | Credito abonado origen: 0 | Fecha limite origen: 2026-09-02 | Dias restantes origen: 30 | Status origen: 1,,2026-08-03 18:37:02,,,,0,5220,0,[],,0
2724,branch:default,2,EFECTIVO,MENUDEO,2190,0,2190,JESUS MARIA,Usuario origen: ALONDRA26 | Liquidado origen: 1 | Credito abonado origen: 2190 | Fecha limite origen: 2026-08-03 | Dias restantes origen: 0 | Status origen: 1,,2026-08-03 20:39:23,,,,0,0,2190,[],,0
2725,branch:default,87,EFECTIVO,MENUDEO,1080,0,1080,JESUS MARIA,Usuario origen: ALONDRA26 | Liquidado origen: 1 | Credito abonado origen: 1080 | Fecha limite origen: 2026-09-02 | Dias restantes origen: 30 | Status origen: 1,,2026-08-03 20:49:28,,,,0,0,1080,[],,0
2726,branch:default,53,CREDITO,MENUDEO,9200,0,9200,AGAVINA C26,Usuario origen: ALONDRA26 | Liquidado origen: 0 | Credito abonado origen: 0 | Fecha limite origen: 2026-09-02 | Dias restantes origen: 30 | Status origen: 1,,2026-08-03 21:07:10,,,,0,9200,0,[],,0
2727,branch:default,53,CREDITO,MENUDEO,7250,0,7250,AGAVINA C10,Usuario origen: ALONDRA26 | Liquidado origen: 0 | Credito abonado origen: 0 | Fecha limite origen: 2026-09-02 | Dias restantes origen: 30 | Status origen: 1,,2026-08-03 21:09:52,,,,0,7250,0,[],,0
2728,branch:default,85,EFECTIVO,MENUDEO,1844,0,1844,JESUS MARIA,Usuario origen: ALONDRA26 | Liquidado origen: 1 | Credito abonado origen: 1844 | Fecha limite origen: 2026-09-02 | Dias restantes origen: 30 | Status origen: 1,,2026-08-03 22:15:45,,,,0,0,1844,[],,0
2729,branch:default,53,CREDITO,MENUDEO,11500,0,11500,AGAVINA C10,Usuario origen: ALONDRA26 | Liquidado origen: 0 | Credito abonado origen: 0 | Fecha limite origen: 2026-09-02 | Dias restantes origen: 30 | Status origen: 1,,2026-08-03 22:58:47,,,,0,11500,0,[],,0
2730,branch:default,2,CREDITO,MENUDEO,4400,0,4400,JESUS MARIA,Usuario origen: ALONDRA26 | Liquidado origen: 0 | Credito abonado origen: 0 | Fecha limite origen: 2026-08-04 | Dias restantes origen: 0 | Status origen: 0,,2026-08-04 13:38:03,,,,0,4400,0,[],,0
2731,branch:default,53,CREDITO,MENUDEO,11320,0,11320,AGAVINA CASETA,Usuario origen: ALONDRA26 | Liquidado origen: 0 | Credito abonado origen: 0 | Fecha limite origen: 2026-09-03 | Dias restantes origen: 30 | Status origen: 1,,2026-08-04 13:47:30,,,,0,11320,0,[],,0
2732,branch:default,79,CREDITO,MENUDEO,180,0,180,JESUS MARIA,Usuario origen: ALONDRA26 | Liquidado origen: 0 | Credito abonado origen: 0 | Fecha limite origen: 2026-09-03 | Dias restantes origen: 30 | Status origen: 1,,2026-08-04 14:00:04,,,,0,180,0,[],,0
2733,branch:default,19,EFECTIVO,MENUDEO,486,0,486,JESUS MARIA,Usuario origen: ALONDRA26 | Liquidado origen: 1 | Credito abonado origen: 486 | Fecha limite origen: 2026-08-19 | Dias restantes origen: 15 | Status origen: 1,,2026-08-04 16:10:54,,,,0,0,486,[],,0
2734,branch:default,19,EFECTIVO,MENUDEO,27,0,27,JESUS MARIA,Usuario origen: ALONDRA26 | Liquidado origen: 1 | Credito abonado origen: 27 | Fecha limite origen: 2026-08-19 | Dias restantes origen: 15 | Status origen: 1,,2026-08-04 16:29:56,,,,0,0,27,[],,0
2735,branch:default,102,CREDITO,MENUDEO,24000,0,24000,ALEVA RESIDENCIAL,Usuario origen: ALONDRA26 | Liquidado origen: 0 | Credito abonado origen: 0 | Fecha limite origen: 2026-09-03 | Dias restantes origen: 30 | Status origen: 1,,2026-08-04 18:52:52,,,,0,24000,0,[],,0
2736,branch:default,53,CREDITO,MENUDEO,2347,0,2347,HERRADURA 1Y2,Usuario origen: ALONDRA26 | Liquidado origen: 0 | Credito abonado origen: 0 | Fecha limite origen: 2026-09-03 | Dias restantes origen: 30 | Status origen: 1,,2026-08-04 19:01:57,,,,0,2347,0,[],,0
2737,branch:default,7,CREDITO,MENUDEO,2890,0,2890,LAS CANOAS,Usuario origen: ALONDRA26 | Liquidado origen: 0 | Credito abonado origen: 0 | Fecha limite origen: 2026-09-03 | Dias restantes origen: 30 | Status origen: 1,,2026-08-04 19:02:57,,,,0,2890,0,[],,0
2738,branch:default,5,CREDITO,MENUDEO,23,0,23,LAS CANOAS,Usuario origen: ALONDRA26 | Liquidado origen: 0 | Credito abonado origen: 0 | Fecha limite origen: 2026-08-19 | Dias restantes origen: 15 | Status origen: 1,,2026-08-04 19:04:26,,,,0,23,0,[],,0
2739,branch:default,2,EFECTIVO,MENUDEO,2500,0,2500,LOS PATOS,Usuario origen: ALONDRA26 | Liquidado origen: 1 | Credito abonado origen: 2500 | Dias restantes origen: 0 | Status origen: 1,,2026-08-04 19:46:37,,,,0,0,2500,[],,0
2740,branch:default,2,EFECTIVO,MENUDEO,281,0,281,JESUS MARIA,Usuario origen: ALONDRA26 | Liquidado origen: 1 | Credito abonado origen: 281 | Dias restantes origen: 0 | Status origen: 1,,2026-08-04 20:49:26,,,,0,0,281,[],,0
2741,branch:default,5,CREDITO,MENUDEO,3450,0,3450,CEN COMER,Usuario origen: ALONDRA26 | Liquidado origen: 0 | Credito abonado origen: 0 | Fecha limite origen: 2026-08-20 | Dias restantes origen: 15 | Status origen: 1,,2026-08-05 13:30:27,,,,0,3450,0,[],,0
2742,branch:default,103,EFECTIVO,MENUDEO,4600,0,4600,ARANDAS,Usuario origen: ALONDRA26 | Liquidado origen: 1 | Credito abonado origen: 4600 | Fecha limite origen: 2026-09-04 | Dias restantes origen: 30 | Status origen: 1,,2026-08-05 14:02:40,,,,0,0,4600,[],,0
2743,branch:default,5,CREDITO,MENUDEO,2850,0,2850,CEN COMER,Usuario origen: ALONDRA26 | Liquidado origen: 0 | Credito abonado origen: 0 | Fecha limite origen: 2026-08-20 | Dias restantes origen: 15 | Status origen: 1,,2026-08-05 15:28:41,,,,0,2850,0,[],,0
2744,branch:default,5,CREDITO,MENUDEO,975,0,975,CEN COMER,Usuario origen: ALONDRA26 | Liquidado origen: 0 | Credito abonado origen: 0 | Fecha limite origen: 2026-08-20 | Dias restantes origen: 15 | Status origen: 1,,2026-08-05 15:30:05,,,,0,975,0,[],,0
2745,branch:default,2,EFECTIVO,MENUDEO,240,0,240,GABRIEL SALAZAR,Usuario origen: ALONDRA26 | Liquidado origen: 1 | Credito abonado origen: 240 | Fecha limite origen: 2026-08-05 | Dias restantes origen: 0 | Status origen: 1,,2026-08-05 17:37:21,,,,0,0,240,[],,0
2746,branch:default,2,EFECTIVO,MENUDEO,70,0,70,JESUS MARIA,Usuario origen: ALONDRA26 | Liquidado origen: 1 | Credito abonado origen: 70 | Dias restantes origen: 0 | Status origen: 1,,2026-08-05 18:40:03,,,,0,0,70,[],,0
2747,branch:default,102,CREDITO,MENUDEO,7640,0,7640,AS DE COPAS,Usuario origen: ALONDRA26 | Liquidado origen: 0 | Credito abonado origen: 0 | Fecha limite origen: 2026-09-04 | Dias restantes origen: 30 | Status origen: 1,,2026-08-05 19:32:01,,,,0,7640,0,[],,0
2748,branch:default,114,CREDITO,MENUDEO,5850,0,5850,ARANDAS,Usuario origen: ALONDRA26 | Liquidado origen: 0 | Credito abonado origen: 0 | Fecha limite origen: 2026-09-04 | Dias restantes origen: 30 | Status origen: 1,,2026-08-05 19:34:15,,,,0,5850,0,[],,0
2749,branch:default,53,CREDITO,MENUDEO,2403,0,2403,HERRADURA 1Y2,Usuario origen: ALONDRA26 | Liquidado origen: 0 | Credito abonado origen: 0 | Fecha limite origen: 2026-09-04 | Dias restantes origen: 30 | Status origen: 1,,2026-08-05 19:36:41,,,,0,2403,0,[],,0
2750,branch:default,109,CREDITO,MENUDEO,3150,0,3150,JESUS MARIA,Usuario origen: ALONDRA26 | Liquidado origen: 0 | Credito abonado origen: 0 | Fecha limite origen: 2026-08-05 | Dias restantes origen: 0 | Status origen: 1,,2026-08-05 20:11:06,,,,0,3150,0,[],,0
2751,branch:default,53,CREDITO,MENUDEO,16000,0,16000,AGAVINA C10,Usuario origen: ALONDRA26 | Liquidado origen: 0 | Credito abonado origen: 0 | Fecha limite origen: 2026-09-04 | Dias restantes origen: 30 | Status origen: 1,,2026-08-05 21:51:09,,,,0,16000,0,[],,0
2752,branch:default,2,EFECTIVO,MENUDEO,157.5,0,157.5,JESUS MARIA,Usuario origen: ALONDRA26 | Liquidado origen: 1 | Credito abonado origen: 157.5 | Dias restantes origen: 0 | Status origen: 1,,2026-08-05 22:18:04,,,,0,0,157.5,[],,0
2753,branch:default,104,CREDITO,MENUDEO,8045,0,8045,ARANDAS,Usuario origen: ALONDRA26 | Liquidado origen: 0 | Credito abonado origen: 0 | Fecha limite origen: 2026-09-04 | Dias restantes origen: 30 | Status origen: 1,,2026-08-05 22:22:56,,,,0,8045,0,[],,0
2754,branch:default,21,EFECTIVO,MENUDEO,2100,0,2100,JESUS MARIA,Usuario origen: ALONDRA26 | Liquidado origen: 1 | Credito abonado origen: 2100 | Fecha limite origen: 2026-08-21 | Dias restantes origen: 15 | Status origen: 1,,2026-08-06 13:59:02,,,,0,0,2100,[],,0
2755,branch:default,109,CREDITO,MENUDEO,1122,0,1122,JESUS MARIA,Usuario origen: ALONDRA26 | Liquidado origen: 0 | Credito abonado origen: 0 | Fecha limite origen: 2026-08-06 | Dias restantes origen: 0 | Status origen: 1,,2026-08-06 14:07:17,,,,0,1122,0,[],,0
2756,branch:default,19,EFECTIVO,MENUDEO,12000,0,12000,LA LEONERA,Usuario origen: ALONDRA26 | Liquidado origen: 1 | Credito abonado origen: 12000 | Fecha limite origen: 2026-08-21 | Dias restantes origen: 15 | Status origen: 1,,2026-08-06 16:05:40,,,,0,0,12000,[],,0
2757,branch:default,2,EFECTIVO,MENUDEO,267,0,267,JESUS MARIA,Usuario origen: ALONDRA26 | Liquidado origen: 1 | Credito abonado origen: 267 | Fecha limite origen: 2026-08-06 | Dias restantes origen: 0 | Status origen: 1,,2026-08-06 17:36:17,,,,0,0,267,[],,0
2758,branch:default,5,CREDITO,MENUDEO,1200,0,1200,CEN COMER,Usuario origen: ALONDRA26 | Liquidado origen: 0 | Credito abonado origen: 0 | Fecha limite origen: 2026-08-21 | Dias restantes origen: 15 | Status origen: 1,,2026-08-06 19:50:38,,,,0,1200,0,[],,0
2759,branch:default,102,CREDITO,MENUDEO,12000,0,12000,ALEVA RESIDENCIAL,Usuario origen: ALONDRA26 | Liquidado origen: 0 | Credito abonado origen: 0 | Fecha limite origen: 2026-09-05 | Dias restantes origen: 30 | Status origen: 1,,2026-08-06 21:14:56,,,,0,12000,0,[],,0
2760,branch:default,102,CREDITO,MENUDEO,6000,0,6000,ALEVA RESIDENCIAL,Usuario origen: ALONDRA26 | Liquidado origen: 0 | Credito abonado origen: 0 | Fecha limite origen: 2026-09-05 | Dias restantes origen: 30 | Status origen: 1,,2026-08-06 21:43:16,,,,0,6000,0,[],,0
2761,branch:default,2,CREDITO,MENUDEO,600,0,600,JESUS MARIA,Usuario origen: ALONDRA26 | Liquidado origen: 0 | Credito abonado origen: 0 | Fecha limite origen: 2026-08-06 | Dias restantes origen: 0 | Status origen: 1,,2026-08-06 22:32:38,,,,0,600,0,[],,0
2762,branch:default,53,CREDITO,MENUDEO,16500,0,16500,AGAVINA C10,Usuario origen: ALONDRA26 | Liquidado origen: 0 | Credito abonado origen: 0 | Fecha limite origen: 2026-09-05 | Dias restantes origen: 30 | Status origen: 1,,2026-08-06 23:09:44,,,,0,16500,0,[],,0
2763,branch:default,67,CREDITO,MENUDEO,2200,0,2200,LA JILA,Usuario origen: ALONDRA26 | Liquidado origen: 0 | Credito abonado origen: 0 | Fecha limite origen: 2026-08-22 | Dias restantes origen: 15 | Status origen: 1,,2026-08-07 14:07:57,,,,0,2200,0,[],,0
2764,branch:default,46,CREDITO,MENUDEO,3000,0,3000,JESUS MARIA,Usuario origen: ALONDRA26 | Liquidado origen: 0 | Credito abonado origen: 0 | Fecha limite origen: 2026-09-06 | Dias restantes origen: 30 | Status origen: 1,,2026-08-07 14:17:32,,,,0,3000,0,[],,0
2765,branch:default,109,CREDITO,MENUDEO,5515,0,5515,JESUS MARIA,Usuario origen: ALONDRA26 | Liquidado origen: 0 | Credito abonado origen: 0 | Fecha limite origen: 2026-08-07 | Dias restantes origen: 0 | Status origen: 1,,2026-08-07 15:19:33,,,,0,5515,0,[],,0
2766,branch:default,2,EFECTIVO,MENUDEO,178,0,178,ROSARIO SEVILLA,Usuario origen: ALONDRA26 | Liquidado origen: 1 | Credito abonado origen: 178 | Dias restantes origen: 0 | Status origen: 1,,2026-08-07 17:29:36,,,,0,0,178,[],,0
2767,branch:default,2,EFECTIVO,MENUDEO,259,0,259,JESUS MARIA,Usuario origen: ALONDRA26 | Liquidado origen: 1 | Credito abonado origen: 259 | Dias restantes origen: 0 | Status origen: 1,,2026-08-07 19:34:23,,,,0,0,259,[],,0
2768,branch:default,53,CREDITO,MENUDEO,2325,0,2325,PLAZA ALTEÑA,Usuario origen: ALONDRA26 | Liquidado origen: 0 | Credito abonado origen: 0 | Fecha limite origen: 2026-09-06 | Dias restantes origen: 30 | Status origen: 1,,2026-08-07 19:37:40,,,,0,2325,0,[],,0
2769,branch:default,19,EFECTIVO,MENUDEO,18,0,18,JESUS MARIA,Usuario origen: ALONDRA26 | Liquidado origen: 1 | Credito abonado origen: 18 | Dias restantes origen: 0 | Status origen: 1,,2026-08-07 20:00:23,,,,0,0,18,[],,0
2770,branch:default,120,CREDITO,MENUDEO,1500,0,1500,RANCHO GUADALUPE,Usuario origen: ALONDRA26 | Liquidado origen: 0 | Credito abonado origen: 0 | Fecha limite origen: 2026-08-22 | Dias restantes origen: 15 | Status origen: 1,,2026-08-07 22:26:04,,,,0,1500,0,[],,0
2771,branch:default,109,EFECTIVO,MENUDEO,1890,0,1890,JESUS MARIA,Usuario origen: ALONDRA26 | Liquidado origen: 1 | Credito abonado origen: 1890 | Dias restantes origen: 0 | Status origen: 1,,2026-08-08 18:06:40,,,,0,0,1890,[],,0
2772,branch:default,109,EFECTIVO,MENUDEO,1890,0,1890,JESUS MARIA,Usuario origen: ALONDRA26 | Liquidado origen: 1 | Credito abonado origen: 1890 | Dias restantes origen: 0 | Status origen: 0,,2026-08-10 13:31:17,,,,0,0,1890,[],,0
2773,branch:default,78,EFECTIVO,MENUDEO,7900,0,7900,JESUS MARIA,Usuario origen: ALONDRA26 | Liquidado origen: 1 | Credito abonado origen: 7900 | Dias restantes origen: 0 | Status origen: 1,,2026-08-10 14:40:34,,,,0,0,7900,[],,0
2774,branch:default,93,CREDITO,MENUDEO,6345,0,6345,JESUS MARIA,Usuario origen: ALONDRA26 | Liquidado origen: 0 | Credito abonado origen: 0 | Fecha limite origen: 2026-09-09 | Dias restantes origen: 30 | Status origen: 1,,2026-08-10 15:31:02,,,,0,6345,0,[],,0
2775,branch:default,53,CREDITO,MENUDEO,840,0,840,PLAZA ALTEÑA,Usuario origen: ALONDRA26 | Liquidado origen: 0 | Credito abonado origen: 0 | Fecha limite origen: 2026-09-09 | Dias restantes origen: 30 | Status origen: 1,,2026-08-10 16:12:09,,,,0,840,0,[],,0
2776,branch:default,53,CREDITO,MENUDEO,11800,0,11800,HERRADURA 4 Y 5,Usuario origen: ALONDRA26 | Liquidado origen: 0 | Credito abonado origen: 0 | Fecha limite origen: 2026-09-09 | Dias restantes origen: 30 | Status origen: 1,,2026-08-10 16:13:09,,,,0,11800,0,[],,0
2777,branch:default,2,EFECTIVO,MENUDEO,1500,0,1500,MARIA DE LA LUZ MELENDEZ,Usuario origen: ALONDRA26 | Liquidado origen: 1 | Credito abonado origen: 1500 | Dias restantes origen: 0 | Status origen: 1,,2026-08-10 17:22:36,,,,0,0,1500,[],,0
2778,branch:default,2,EFECTIVO,MENUDEO,74,0,74,JOSE ANGEL,Usuario origen: ALONDRA26 | Liquidado origen: 1 | Credito abonado origen: 74 | Dias restantes origen: 0 | Status origen: 1,,2026-08-10 17:33:21,,,,0,0,74,[],,0
2779,branch:default,19,CREDITO,MENUDEO,35,0,35,BLOQUERA BARAJAS,Usuario origen: ALONDRA26 | Liquidado origen: 0 | Credito abonado origen: 0 | Fecha limite origen: 2026-08-25 | Dias restantes origen: 15 | Status origen: 1,,2026-08-10 18:42:56,,,,0,35,0,[],,0
2780,branch:default,121,CREDITO,MENUDEO,25000,0,25000,FRENTE TEQUILERA CAMPO AZUL,Usuario origen: ALONDRA26 | Liquidado origen: 0 | Credito abonado origen: 0 | Fecha limite origen: 2026-09-09 | Dias restantes origen: 30 | Status origen: 1,,2026-08-10 20:08:13,,,,0,25000,0,[],,0
2781,branch:default,88,CREDITO,MENUDEO,1500,0,1500,JESUS MARIA,Usuario origen: ALONDRA26 | Liquidado origen: 0 | Credito abonado origen: 0 | Fecha limite origen: 2026-08-25 | Dias restantes origen: 15 | Status origen: 0,,2026-08-10 20:09:45,,,,0,1500,0,[],,0
2782,branch:default,34,CREDITO,MENUDEO,11150,0,11150,JESUS MARIA,Usuario origen: ALONDRA26 | Liquidado origen: 0 | Credito abonado origen: 0 | Fecha limite origen: 2026-09-09 | Dias restantes origen: 30 | Status origen: 1,,2026-08-10 21:04:17,,,,0,11150,0,[],,0
2783,branch:default,29,CREDITO,MENUDEO,1200,0,1200,JESUS MARIA,Usuario origen: ALONDRA26 | Liquidado origen: 0 | Credito abonado origen: 0 | Fecha limite origen: 2026-09-09 | Dias restantes origen: 30 | Status origen: 1,,2026-08-10 22:03:13,,,,0,1200,0,[],,0
2784,branch:default,120,CREDITO,MENUDEO,1740,0,1740,JESUS MARIA,Usuario origen: ALONDRA26 | Liquidado origen: 0 | Credito abonado origen: 0 | Fecha limite origen: 2026-08-25 | Dias restantes origen: 15 | Status origen: 1,,2026-08-10 22:39:43,,,,0,1740,0,[],,0
2785,branch:default,53,CREDITO,MENUDEO,6400,0,6400,AGAVINA URBANIZACION,Usuario origen: ALONDRA26 | Liquidado origen: 0 | Credito abonado origen: 0 | Fecha limite origen: 2026-09-10 | Dias restantes origen: 30 | Status origen: 1,,2026-08-11 14:34:27,,,,0,6400,0,[],,0
2786,branch:default,53,CREDITO,MENUDEO,1400,0,1400,AGAVINA URBANIZACION,Usuario origen: ALONDRA26 | Liquidado origen: 0 | Credito abonado origen: 0 | Fecha limite origen: 2026-09-10 | Dias restantes origen: 30 | Status origen: 1,,2026-08-11 14:35:20,,,,0,1400,0,[],,0
2787,branch:default,53,CREDITO,MENUDEO,13500,0,13500,AGAVINA C10,Usuario origen: ALONDRA26 | Liquidado origen: 0 | Credito abonado origen: 0 | Fecha limite origen: 2026-09-10 | Dias restantes origen: 30 | Status origen: 1,,2026-08-11 14:38:01,,,,0,13500,0,[],,0
2788,branch:default,53,CREDITO,MENUDEO,1400,0,1400,AGAVINA C10,Usuario origen: ALONDRA26 | Liquidado origen: 0 | Credito abonado origen: 0 | Fecha limite origen: 2026-09-10 | Dias restantes origen: 30 | Status origen: 1,,2026-08-11 14:38:50,,,,0,1400,0,[],,0
2789,branch:default,53,CREDITO,MENUDEO,2300,0,2300,AGAVINA C23,Usuario origen: ALONDRA26 | Liquidado origen: 0 | Credito abonado origen: 0 | Fecha limite origen: 2026-09-10 | Dias restantes origen: 30 | Status origen: 1,,2026-08-11 14:39:48,,,,0,2300,0,[],,0
2790,branch:default,53,CREDITO,MENUDEO,8200,0,8200,AGAVINA C26,Usuario origen: ALONDRA26 | Liquidado origen: 0 | Credito abonado origen: 0 | Fecha limite origen: 2026-09-10 | Dias restantes origen: 30 | Status origen: 1,,2026-08-11 16:01:07,,,,0,8200,0,[],,0
2791,branch:default,53,CREDITO,MENUDEO,1550,0,1550,JESUS MARIA,Usuario origen: ALONDRA26 | Liquidado origen: 0 | Credito abonado origen: 0 | Fecha limite origen: 2026-09-10 | Dias restantes origen: 30 | Status origen: 1,,2026-08-11 18:24:52,,,,0,1550,0,[],,0
2792,branch:default,2,EFECTIVO,MENUDEO,115,0,115,JESUS MARIA,Usuario origen: ALONDRA26 | Liquidado origen: 1 | Credito abonado origen: 115 | Dias restantes origen: 0 | Status origen: 1,,2026-08-11 19:19:33,,,,0,0,115,[],,0
2793,branch:default,53,CREDITO,MENUDEO,5900,0,5900,AGAVINA C26,Usuario origen: ALONDRA26 | Liquidado origen: 0 | Credito abonado origen: 0 | Fecha limite origen: 2026-09-10 | Dias restantes origen: 30 | Status origen: 1,,2026-08-11 20:05:04,,,,0,5900,0,[],,0
2794,branch:default,102,CREDITO,MENUDEO,11640,0,11640,AS DE COPAS,Usuario origen: ALONDRA26 | Liquidado origen: 0 | Credito abonado origen: 0 | Fecha limite origen: 2026-09-10 | Dias restantes origen: 30 | Status origen: 1,,2026-08-11 20:06:49,,,,0,11640,0,[],,0
2795,branch:default,121,EFECTIVO,MAYOREO,45684.5,0,45684.5,FRENTE TEQUILERA CAMPO AZUL,Usuario origen: ALONDRA26 | Liquidado origen: 1 | Credito abonado origen: 45684.5 | Dias restantes origen: 0 | Status origen: 1,,2026-08-11 21:56:45,,,,0,0,45684.5,[],,0
2796,branch:default,2,EFECTIVO,MENUDEO,290,0,290,JESUS MARIA,Usuario origen: ALONDRA26 | Liquidado origen: 1 | Credito abonado origen: 290 | Dias restantes origen: 0 | Status origen: 1,,2026-08-11 23:03:59,,,,0,0,290,[],,0
2797,branch:default,102,CREDITO,MENUDEO,12000,0,12000,ALEVA RESIDENCIAL,Usuario origen: ALONDRA26 | Liquidado origen: 0 | Credito abonado origen: 0 | Fecha limite origen: 2026-09-11 | Dias restantes origen: 30 | Status origen: 1,,2026-08-12 13:46:46,,,,0,12000,0,[],,0
2798,branch:default,87,CREDITO,MENUDEO,3300,0,3300,JESUS MARIA,Usuario origen: ALONDRA26 | Liquidado origen: 0 | Credito abonado origen: 0 | Fecha limite origen: 2026-09-11 | Dias restantes origen: 30 | Status origen: 1,,2026-08-12 15:44:09,,,,0,3300,0,[],,0
2799,branch:default,67,CREDITO,MENUDEO,600,0,600,VINO POR EL,Usuario origen: ALONDRA26 | Liquidado origen: 0 | Credito abonado origen: 0 | Fecha limite origen: 2026-08-27 | Dias restantes origen: 15 | Status origen: 1,,2026-08-12 16:57:51,,,,0,600,0,[],,0
2800,branch:default,64,CREDITO,MENUDEO,6600,0,6600,SAN JOSE DE LA PAZ,Usuario origen: ALONDRA26 | Liquidado origen: 0 | Credito abonado origen: 0 | Fecha limite origen: 2026-09-11 | Dias restantes origen: 30 | Status origen: 1,,2026-08-12 17:48:06,,,,0,6600,0,[],,0
2801,branch:default,91,CREDITO,MENUDEO,1950,0,1950,PLANTA DE LA LUZ,Usuario origen: ALONDRA26 | Liquidado origen: 0 | Credito abonado origen: 0 | Fecha limite origen: 2026-09-11 | Dias restantes origen: 30 | Status origen: 1,,2026-08-12 17:49:57,,,,0,1950,0,[],,0
2802,branch:default,53,CREDITO,MENUDEO,3354,0,3354,AGAVINA URBANIZACION,Usuario origen: ALONDRA26 | Liquidado origen: 0 | Credito abonado origen: 0 | Fecha limite origen: 2026-09-11 | Dias restantes origen: 30 | Status origen: 1,,2026-08-12 17:50:56,,,,0,3354,0,[],,0
2803,branch:default,87,CREDITO,MENUDEO,13,0,13,JESUS MARIA,Usuario origen: ALONDRA26 | Liquidado origen: 0 | Credito abonado origen: 0 | Fecha limite origen: 2026-09-11 | Dias restantes origen: 30 | Status origen: 1,,2026-08-12 17:54:47,,,,0,13,0,[],,0
2804,branch:default,115,CREDITO,MENUDEO,2500,0,2500,SANTIAGUITO,Usuario origen: ALONDRA26 | Liquidado origen: 0 | Credito abonado origen: 0 | Fecha limite origen: 2026-08-27 | Dias restantes origen: 15 | Status origen: 1,,2026-08-12 20:15:22,,,,0,2500,0,[],,0
2805,branch:default,2,EFECTIVO,MENUDEO,62,0,62,JESUS MARIA,Usuario origen: ALONDRA26 | Liquidado origen: 1 | Credito abonado origen: 62 | Dias restantes origen: 0 | Status origen: 1,,2026-08-12 20:21:54,,,,0,0,62,[],,0
