legacy_id,note_legacy_id,paid_at,amount,method,reference,notes
credit-payment:1,credit-note:14,2025-07-26 17:53:26,8100,EFECTIVO,MIG-JM-ABONO-1,Abono origen: 1 | Venta origen: 14
credit-payment:2,credit-note:15,2025-07-31 15:19:16,16000,EFECTIVO,MIG-JM-ABONO-2,Abono origen: 2 | Venta origen: 15
credit-payment:3,credit-note:27,2025-08-01 18:35:53,283,EFECTIVO,MIG-JM-ABONO-3,Abono origen: 3 | Venta origen: 27
credit-payment:4,credit-note:28,2025-08-04 22:12:49,7,EFECTIVO,MIG-JM-ABONO-4,Abono origen: 4 | Venta origen: 28
credit-payment:5,credit-note:18,2025-08-04 22:22:21,256,EFECTIVO,MIG-JM-ABONO-5,Abono origen: 5 | Venta origen: 18
credit-payment:6,credit-note:23,2025-08-04 22:22:44,72,EFECTIVO,MIG-JM-ABONO-6,Abono origen: 6 | Venta origen: 23
credit-payment:7,credit-note:22,2025-08-09 14:18:37,5000,EFECTIVO,MIG-JM-ABONO-7,Abono origen: 7 | Venta origen: 22 | Forma pago origen: e
credit-payment:8,credit-note:26,2025-08-09 14:20:46,7000,EFECTIVO,MIG-JM-ABONO-8,Abono origen: 8 | Venta origen: 26
credit-payment:9,credit-note:34,2025-08-09 14:21:14,7500,EFECTIVO,MIG-JM-ABONO-9,Abono origen: 9 | Venta origen: 34
credit-payment:10,credit-note:41,2025-08-09 18:34:30,1800,EFECTIVO,MIG-JM-ABONO-10,Abono origen: 10 | Venta origen: 41
credit-payment:11,credit-note:32,2025-08-09 18:34:56,2980,EFECTIVO,MIG-JM-ABONO-11,Abono origen: 11 | Venta origen: 32
credit-payment:12,credit-note:17,2025-08-09 18:35:28,356,EFECTIVO,MIG-JM-ABONO-12,Abono origen: 12 | Venta origen: 17
credit-payment:13,credit-note:62,2025-08-16 19:35:52,1765,EFECTIVO,MIG-JM-ABONO-13,Abono origen: 13 | Venta origen: 62
credit-payment:14,credit-note:22,2025-08-18 15:03:24,8800,EFECTIVO,MIG-JM-ABONO-14,Abono origen: 14 | Venta origen: 22 | Forma pago origen: e
credit-payment:16,credit-note:37,2025-08-23 14:22:12,10000,EFECTIVO,MIG-JM-ABONO-16,Abono origen: 16 | Venta origen: 37 | Forma pago origen: e
credit-payment:17,credit-note:100,2025-08-29 21:42:42,4600,EFECTIVO,MIG-JM-ABONO-17,Abono origen: 17 | Venta origen: 100
credit-payment:18,credit-note:102,2025-08-29 21:43:40,4600,EFECTIVO,MIG-JM-ABONO-18,Abono origen: 18 | Venta origen: 102
credit-payment:19,credit-note:93,2025-08-29 21:44:02,8300,EFECTIVO,MIG-JM-ABONO-19,Abono origen: 19 | Venta origen: 93
credit-payment:20,credit-note:94,2025-08-29 21:44:34,4600,EFECTIVO,MIG-JM-ABONO-20,Abono origen: 20 | Venta origen: 94
credit-payment:21,credit-note:8,2025-08-29 21:45:29,2450,EFECTIVO,MIG-JM-ABONO-21,Abono origen: 21 | Venta origen: 8
credit-payment:22,credit-note:7,2025-08-29 21:46:01,45960,EFECTIVO,MIG-JM-ABONO-22,Abono origen: 22 | Venta origen: 7
credit-payment:23,credit-note:107,2025-08-29 21:46:31,900,EFECTIVO,MIG-JM-ABONO-23,Abono origen: 23 | Venta origen: 107
credit-payment:24,credit-note:96,2025-08-29 22:13:10,1150,EFECTIVO,MIG-JM-ABONO-24,Abono origen: 24 | Venta origen: 96
credit-payment:25,credit-note:47,2025-08-29 22:14:21,4350,EFECTIVO,MIG-JM-ABONO-25,Abono origen: 25 | Venta origen: 47
credit-payment:26,credit-note:21,2025-08-30 13:15:02,2000,EFECTIVO,MIG-JM-ABONO-26,Abono origen: 26 | Venta origen: 21
credit-payment:27,credit-note:71,2025-08-30 13:15:30,16,EFECTIVO,MIG-JM-ABONO-27,Abono origen: 27 | Venta origen: 71
credit-payment:28,credit-note:75,2025-08-30 13:15:53,52,EFECTIVO,MIG-JM-ABONO-28,Abono origen: 28 | Venta origen: 75
credit-payment:29,credit-note:60,2025-08-30 13:16:12,230,EFECTIVO,MIG-JM-ABONO-29,Abono origen: 29 | Venta origen: 60
credit-payment:30,credit-note:57,2025-08-30 13:16:36,1030,EFECTIVO,MIG-JM-ABONO-30,Abono origen: 30 | Venta origen: 57
credit-payment:31,credit-note:44,2025-08-30 13:16:57,52,EFECTIVO,MIG-JM-ABONO-31,Abono origen: 31 | Venta origen: 44
credit-payment:32,credit-note:43,2025-08-30 13:17:17,120,EFECTIVO,MIG-JM-ABONO-32,Abono origen: 32 | Venta origen: 43
credit-payment:33,credit-note:52,2025-08-30 13:17:19,944,EFECTIVO,MIG-JM-ABONO-33,Abono origen: 33 | Venta origen: 52
credit-payment:34,credit-note:42,2025-08-30 13:17:36,90,EFECTIVO,MIG-JM-ABONO-34,Abono origen: 34 | Venta origen: 42
credit-payment:35,credit-note:78,2025-08-30 13:17:56,1030,EFECTIVO,MIG-JM-ABONO-35,Abono origen: 35 | Venta origen: 78
credit-payment:36,credit-note:13,2025-08-30 13:18:28,125,EFECTIVO,MIG-JM-ABONO-36,Abono origen: 36 | Venta origen: 13
credit-payment:37,credit-note:33,2025-08-30 13:18:46,2024,EFECTIVO,MIG-JM-ABONO-37,Abono origen: 37 | Venta origen: 33
credit-payment:38,credit-note:40,2025-08-30 13:19:20,86,EFECTIVO,MIG-JM-ABONO-38,Abono origen: 38 | Venta origen: 40
credit-payment:39,credit-note:20,2025-08-30 13:20:15,104,EFECTIVO,MIG-JM-ABONO-39,Abono origen: 39 | Venta origen: 20
credit-payment:40,credit-note:56,2025-08-30 13:20:36,118,EFECTIVO,MIG-JM-ABONO-40,Abono origen: 40 | Venta origen: 56
credit-payment:41,credit-note:29,2025-08-30 13:21:06,64,EFECTIVO,MIG-JM-ABONO-41,Abono origen: 41 | Venta origen: 29
credit-payment:42,credit-note:83,2025-08-30 18:10:31,2390,EFECTIVO,MIG-JM-ABONO-42,Abono origen: 42 | Venta origen: 83
credit-payment:43,credit-note:2,2025-09-03 15:06:33,132,EFECTIVO,MIG-JM-ABONO-43,Abono origen: 43 | Venta origen: 2
credit-payment:44,credit-note:89,2025-09-03 15:36:18,261,EFECTIVO,MIG-JM-ABONO-44,Abono origen: 44 | Venta origen: 89
credit-payment:45,credit-note:37,2025-09-05 14:15:37,10000,EFECTIVO,MIG-JM-ABONO-45,Abono origen: 45 | Venta origen: 37 | Forma pago origen: e
credit-payment:46,credit-note:125,2025-09-08 15:59:44,7500,EFECTIVO,MIG-JM-ABONO-46,Abono origen: 46 | Venta origen: 125
credit-payment:47,credit-note:37,2025-09-08 21:02:38,1800,EFECTIVO,MIG-JM-ABONO-47,Abono origen: 47 | Venta origen: 37 | Forma pago origen: e
credit-payment:48,credit-note:144,2025-09-11 15:00:19,767,EFECTIVO,MIG-JM-ABONO-48,Abono origen: 48 | Venta origen: 144
credit-payment:49,credit-note:11,2025-09-11 16:21:44,1390,EFECTIVO,MIG-JM-ABONO-49,Abono origen: 49 | Venta origen: 11
credit-payment:50,credit-note:90,2025-09-11 16:23:08,9400,EFECTIVO,MIG-JM-ABONO-50,Abono origen: 50 | Venta origen: 90
credit-payment:51,credit-note:69,2025-09-11 16:24:38,3200,EFECTIVO,MIG-JM-ABONO-51,Abono origen: 51 | Venta origen: 69
credit-payment:52,credit-note:55,2025-09-11 16:25:31,4700,EFECTIVO,MIG-JM-ABONO-52,Abono origen: 52 | Venta origen: 55
credit-payment:53,credit-note:36,2025-09-11 16:26:38,1420,EFECTIVO,MIG-JM-ABONO-53,Abono origen: 53 | Venta origen: 36
credit-payment:54,credit-note:164,2025-09-17 18:49:17,2300,EFECTIVO,MIG-JM-ABONO-54,Abono origen: 54 | Venta origen: 164
credit-payment:55,credit-note:80,2025-09-20 20:30:18,82000,EFECTIVO,MIG-JM-ABONO-55,Abono origen: 55 | Venta origen: 80
credit-payment:56,credit-note:37,2025-09-22 19:19:22,2830,EFECTIVO,MIG-JM-ABONO-56,Abono origen: 56 | Venta origen: 37
credit-payment:57,credit-note:66,2025-09-22 19:22:10,13800,EFECTIVO,MIG-JM-ABONO-57,Abono origen: 57 | Venta origen: 66
credit-payment:58,credit-note:179,2025-09-22 20:45:26,5750,EFECTIVO,MIG-JM-ABONO-58,Abono origen: 58 | Venta origen: 179
credit-payment:59,credit-note:81,2025-09-26 19:34:43,472,EFECTIVO,MIG-JM-ABONO-59,Abono origen: 59 | Venta origen: 81
credit-payment:60,credit-note:135,2025-09-26 19:35:12,1725,EFECTIVO,MIG-JM-ABONO-60,Abono origen: 60 | Venta origen: 135
credit-payment:61,credit-note:39,2025-09-26 19:36:05,1150,EFECTIVO,MIG-JM-ABONO-61,Abono origen: 61 | Venta origen: 39
credit-payment:62,credit-note:140,2025-09-26 19:37:10,1930,EFECTIVO,MIG-JM-ABONO-62,Abono origen: 62 | Venta origen: 140
credit-payment:63,credit-note:142,2025-09-26 19:38:32,1840,EFECTIVO,MIG-JM-ABONO-63,Abono origen: 63 | Venta origen: 142
credit-payment:64,credit-note:155,2025-09-26 19:39:34,2070,EFECTIVO,MIG-JM-ABONO-64,Abono origen: 64 | Venta origen: 155
credit-payment:65,credit-note:46,2025-09-26 19:39:44,1380,EFECTIVO,MIG-JM-ABONO-65,Abono origen: 65 | Venta origen: 46
credit-payment:66,credit-note:166,2025-09-26 19:40:15,1725,EFECTIVO,MIG-JM-ABONO-66,Abono origen: 66 | Venta origen: 166
credit-payment:67,credit-note:172,2025-09-26 19:41:08,1725,EFECTIVO,MIG-JM-ABONO-67,Abono origen: 67 | Venta origen: 172
credit-payment:68,credit-note:176,2025-09-26 19:41:27,3450,EFECTIVO,MIG-JM-ABONO-68,Abono origen: 68 | Venta origen: 176
credit-payment:69,credit-note:220,2025-09-26 19:41:55,708,EFECTIVO,MIG-JM-ABONO-69,Abono origen: 69 | Venta origen: 220
credit-payment:70,credit-note:51,2025-09-26 19:42:24,1840,EFECTIVO,MIG-JM-ABONO-70,Abono origen: 70 | Venta origen: 51
credit-payment:71,credit-note:65,2025-09-26 19:43:17,2300,EFECTIVO,MIG-JM-ABONO-71,Abono origen: 71 | Venta origen: 65
credit-payment:72,credit-note:76,2025-09-26 19:44:16,2070,EFECTIVO,MIG-JM-ABONO-72,Abono origen: 72 | Venta origen: 76
credit-payment:73,credit-note:212,2025-09-26 19:44:42,1725,EFECTIVO,MIG-JM-ABONO-73,Abono origen: 73 | Venta origen: 212
credit-payment:74,credit-note:209,2025-09-26 19:45:15,1610,EFECTIVO,MIG-JM-ABONO-74,Abono origen: 74 | Venta origen: 209
credit-payment:75,credit-note:195,2025-09-26 19:45:42,1610,EFECTIVO,MIG-JM-ABONO-75,Abono origen: 75 | Venta origen: 195
credit-payment:76,credit-note:187,2025-09-26 21:38:45,6390,EFECTIVO,MIG-JM-ABONO-76,Abono origen: 76 | Venta origen: 187
credit-payment:77,credit-note:219,2025-09-26 21:39:04,2080,EFECTIVO,MIG-JM-ABONO-77,Abono origen: 77 | Venta origen: 219
credit-payment:78,credit-note:189,2025-09-29 13:15:51,2075,EFECTIVO,MIG-JM-ABONO-78,Abono origen: 78 | Venta origen: 189
credit-payment:79,credit-note:194,2025-09-30 20:53:29,599,EFECTIVO,MIG-JM-ABONO-79,Abono origen: 79 | Venta origen: 194
credit-payment:80,credit-note:226,2025-09-30 21:06:51,1845,EFECTIVO,MIG-JM-ABONO-80,Abono origen: 80 | Venta origen: 226
credit-payment:81,credit-note:173,2025-10-06 15:40:00,11265,EFECTIVO,MIG-JM-ABONO-81,Abono origen: 81 | Venta origen: 173
credit-payment:82,credit-note:300,2025-10-06 17:59:17,4700,EFECTIVO,MIG-JM-ABONO-82,Abono origen: 82 | Venta origen: 300
credit-payment:83,credit-note:290,2025-10-06 18:40:03,4200,EFECTIVO,MIG-JM-ABONO-83,Abono origen: 83 | Venta origen: 290
credit-payment:84,credit-note:285,2025-10-06 18:40:51,8400,EFECTIVO,MIG-JM-ABONO-84,Abono origen: 84 | Venta origen: 285
credit-payment:85,credit-note:268,2025-10-06 18:41:07,8400,EFECTIVO,MIG-JM-ABONO-85,Abono origen: 85 | Venta origen: 268
credit-payment:86,credit-note:137,2025-10-08 17:46:43,3630,EFECTIVO,MIG-JM-ABONO-86,Abono origen: 86 | Venta origen: 137
credit-payment:87,credit-note:307,2025-10-08 17:47:06,1283,EFECTIVO,MIG-JM-ABONO-87,Abono origen: 87 | Venta origen: 307
credit-payment:88,credit-note:204,2025-10-08 17:51:02,370,EFECTIVO,MIG-JM-ABONO-88,Abono origen: 88 | Venta origen: 204
credit-payment:89,credit-note:211,2025-10-08 17:52:14,240,EFECTIVO,MIG-JM-ABONO-89,Abono origen: 89 | Venta origen: 211
credit-payment:90,credit-note:231,2025-10-08 17:52:44,4200,EFECTIVO,MIG-JM-ABONO-90,Abono origen: 90 | Venta origen: 231
credit-payment:91,credit-note:304,2025-10-08 18:08:54,9200,EFECTIVO,MIG-JM-ABONO-91,Abono origen: 91 | Venta origen: 304
credit-payment:92,credit-note:262,2025-10-08 18:09:28,9200,EFECTIVO,MIG-JM-ABONO-92,Abono origen: 92 | Venta origen: 262
credit-payment:93,credit-note:308,2025-10-08 18:14:20,4700,EFECTIVO,MIG-JM-ABONO-93,Abono origen: 93 | Venta origen: 308
credit-payment:94,credit-note:293,2025-10-08 22:53:07,8510,EFECTIVO,MIG-JM-ABONO-94,Abono origen: 94 | Venta origen: 293
credit-payment:95,credit-note:291,2025-10-08 22:53:30,250,EFECTIVO,MIG-JM-ABONO-95,Abono origen: 95 | Venta origen: 291
credit-payment:96,credit-note:287,2025-10-08 22:53:52,1450,EFECTIVO,MIG-JM-ABONO-96,Abono origen: 96 | Venta origen: 287
credit-payment:97,credit-note:282,2025-10-08 22:54:20,3200,EFECTIVO,MIG-JM-ABONO-97,Abono origen: 97 | Venta origen: 282
credit-payment:98,credit-note:275,2025-10-08 22:54:50,1850,EFECTIVO,MIG-JM-ABONO-98,Abono origen: 98 | Venta origen: 275
credit-payment:99,credit-note:261,2025-10-08 22:55:22,3240,EFECTIVO,MIG-JM-ABONO-99,Abono origen: 99 | Venta origen: 261
credit-payment:100,credit-note:276,2025-10-08 22:55:46,252,EFECTIVO,MIG-JM-ABONO-100,Abono origen: 100 | Venta origen: 276
credit-payment:101,credit-note:234,2025-10-08 22:57:10,15200,EFECTIVO,MIG-JM-ABONO-101,Abono origen: 101 | Venta origen: 234
credit-payment:102,credit-note:229,2025-10-08 22:57:37,2600,EFECTIVO,MIG-JM-ABONO-102,Abono origen: 102 | Venta origen: 229
credit-payment:103,credit-note:224,2025-10-08 22:58:07,5,EFECTIVO,MIG-JM-ABONO-103,Abono origen: 103 | Venta origen: 224
credit-payment:104,credit-note:214,2025-10-08 22:59:46,4309,EFECTIVO,MIG-JM-ABONO-104,Abono origen: 104 | Venta origen: 214
credit-payment:105,credit-note:213,2025-10-08 23:00:11,1526,EFECTIVO,MIG-JM-ABONO-105,Abono origen: 105 | Venta origen: 213
credit-payment:106,credit-note:208,2025-10-08 23:00:47,3010,EFECTIVO,MIG-JM-ABONO-106,Abono origen: 106 | Venta origen: 208
credit-payment:107,credit-note:192,2025-10-08 23:01:18,9569,EFECTIVO,MIG-JM-ABONO-107,Abono origen: 107 | Venta origen: 192
credit-payment:108,credit-note:184,2025-10-08 23:01:58,3928,EFECTIVO,MIG-JM-ABONO-108,Abono origen: 108 | Venta origen: 184
credit-payment:109,credit-note:185,2025-10-08 23:02:49,2481,EFECTIVO,MIG-JM-ABONO-109,Abono origen: 109 | Venta origen: 185
credit-payment:110,credit-note:97,2025-10-08 23:03:06,515,EFECTIVO,MIG-JM-ABONO-110,Abono origen: 110 | Venta origen: 97
credit-payment:111,credit-note:165,2025-10-08 23:03:17,104,EFECTIVO,MIG-JM-ABONO-111,Abono origen: 111 | Venta origen: 165
credit-payment:112,credit-note:106,2025-10-08 23:03:43,10,EFECTIVO,MIG-JM-ABONO-112,Abono origen: 112 | Venta origen: 106
credit-payment:113,credit-note:110,2025-10-08 23:04:04,515,EFECTIVO,MIG-JM-ABONO-113,Abono origen: 113 | Venta origen: 110
credit-payment:114,credit-note:113,2025-10-08 23:04:26,98,EFECTIVO,MIG-JM-ABONO-114,Abono origen: 114 | Venta origen: 113
credit-payment:115,credit-note:116,2025-10-08 23:04:55,9,EFECTIVO,MIG-JM-ABONO-115,Abono origen: 115 | Venta origen: 116
credit-payment:116,credit-note:79,2025-10-08 23:05:05,2996,EFECTIVO,MIG-JM-ABONO-116,Abono origen: 116 | Venta origen: 79
credit-payment:117,credit-note:118,2025-10-08 23:05:16,1.5,EFECTIVO,MIG-JM-ABONO-117,Abono origen: 117 | Venta origen: 118
credit-payment:118,credit-note:121,2025-10-08 23:05:50,49,EFECTIVO,MIG-JM-ABONO-118,Abono origen: 118 | Venta origen: 121
credit-payment:119,credit-note:120,2025-10-08 23:06:35,1194,EFECTIVO,MIG-JM-ABONO-119,Abono origen: 119 | Venta origen: 120
credit-payment:120,credit-note:131,2025-10-08 23:07:02,52,EFECTIVO,MIG-JM-ABONO-120,Abono origen: 120 | Venta origen: 131
credit-payment:121,credit-note:84,2025-10-08 23:07:22,90,EFECTIVO,MIG-JM-ABONO-121,Abono origen: 121 | Venta origen: 84
credit-payment:122,credit-note:132,2025-10-08 23:07:28,225,EFECTIVO,MIG-JM-ABONO-122,Abono origen: 122 | Venta origen: 132
credit-payment:123,credit-note:82,2025-10-08 23:08:03,192,EFECTIVO,MIG-JM-ABONO-123,Abono origen: 123 | Venta origen: 82
credit-payment:124,credit-note:91,2025-10-08 23:08:58,28,EFECTIVO,MIG-JM-ABONO-124,Abono origen: 124 | Venta origen: 91
credit-payment:125,credit-note:330,2025-10-09 17:11:20,2763,EFECTIVO,MIG-JM-ABONO-125,Abono origen: 125 | Venta origen: 330
credit-payment:126,credit-note:341,2025-10-11 16:02:28,4700,EFECTIVO,MIG-JM-ABONO-126,Abono origen: 126 | Venta origen: 341
credit-payment:127,credit-note:342,2025-10-11 18:11:37,2032,EFECTIVO,MIG-JM-ABONO-127,Abono origen: 127 | Venta origen: 342
credit-payment:128,credit-note:344,2025-10-11 18:11:57,127,EFECTIVO,MIG-JM-ABONO-128,Abono origen: 128 | Venta origen: 344
credit-payment:129,credit-note:343,2025-10-11 18:12:43,1900,EFECTIVO,MIG-JM-ABONO-129,Abono origen: 129 | Venta origen: 343
credit-payment:130,credit-note:255,2025-10-13 14:31:58,329,EFECTIVO,MIG-JM-ABONO-130,Abono origen: 130 | Venta origen: 255
credit-payment:131,credit-note:318,2025-10-15 13:52:01,4800,EFECTIVO,MIG-JM-ABONO-131,Abono origen: 131 | Venta origen: 318
credit-payment:132,credit-note:272,2025-10-15 13:52:24,7156,EFECTIVO,MIG-JM-ABONO-132,Abono origen: 132 | Venta origen: 272
credit-payment:133,credit-note:266,2025-10-15 18:23:46,1250,EFECTIVO,MIG-JM-ABONO-133,Abono origen: 133 | Venta origen: 266
credit-payment:134,credit-note:207,2025-10-15 20:32:34,115,EFECTIVO,MIG-JM-ABONO-134,Abono origen: 134 | Venta origen: 207
credit-payment:135,credit-note:288,2025-10-15 20:32:59,4200,EFECTIVO,MIG-JM-ABONO-135,Abono origen: 135 | Venta origen: 288
credit-payment:136,credit-note:245,2025-10-15 20:33:45,4200,EFECTIVO,MIG-JM-ABONO-136,Abono origen: 136 | Venta origen: 245
credit-payment:137,credit-note:108,2025-10-15 20:35:23,8300,EFECTIVO,MIG-JM-ABONO-137,Abono origen: 137 | Venta origen: 108
credit-payment:138,credit-note:349,2025-10-15 20:38:02,8200,EFECTIVO,MIG-JM-ABONO-138,Abono origen: 138 | Venta origen: 349
credit-payment:139,credit-note:316,2025-10-15 20:38:31,4600,EFECTIVO,MIG-JM-ABONO-139,Abono origen: 139 | Venta origen: 316
credit-payment:140,credit-note:117,2025-10-15 20:39:11,4200,EFECTIVO,MIG-JM-ABONO-140,Abono origen: 140 | Venta origen: 117
credit-payment:141,credit-note:111,2025-10-15 20:39:48,4600,EFECTIVO,MIG-JM-ABONO-141,Abono origen: 141 | Venta origen: 111
credit-payment:142,credit-note:199,2025-10-15 20:40:24,460,EFECTIVO,MIG-JM-ABONO-142,Abono origen: 142 | Venta origen: 199
credit-payment:143,credit-note:196,2025-10-15 20:40:53,4600,EFECTIVO,MIG-JM-ABONO-143,Abono origen: 143 | Venta origen: 196
credit-payment:144,credit-note:248,2025-10-15 20:42:25,4600,EFECTIVO,MIG-JM-ABONO-144,Abono origen: 144 | Venta origen: 248
credit-payment:145,credit-note:186,2025-10-15 20:43:07,2000,EFECTIVO,MIG-JM-ABONO-145,Abono origen: 145 | Venta origen: 186
credit-payment:146,credit-note:338,2025-10-15 20:43:31,4600,EFECTIVO,MIG-JM-ABONO-146,Abono origen: 146 | Venta origen: 338
credit-payment:147,credit-note:241,2025-10-15 20:44:22,4600,EFECTIVO,MIG-JM-ABONO-147,Abono origen: 147 | Venta origen: 241
credit-payment:148,credit-note:364,2025-10-15 20:44:40,8300,EFECTIVO,MIG-JM-ABONO-148,Abono origen: 148 | Venta origen: 364
credit-payment:149,credit-note:129,2025-10-15 20:45:14,4600,EFECTIVO,MIG-JM-ABONO-149,Abono origen: 149 | Venta origen: 129
credit-payment:150,credit-note:170,2025-10-15 20:46:26,3700,EFECTIVO,MIG-JM-ABONO-150,Abono origen: 150 | Venta origen: 170
credit-payment:151,credit-note:323,2025-10-15 20:46:58,7400,EFECTIVO,MIG-JM-ABONO-151,Abono origen: 151 | Venta origen: 323
credit-payment:152,credit-note:152,2025-10-15 20:47:25,6450,EFECTIVO,MIG-JM-ABONO-152,Abono origen: 152 | Venta origen: 152
credit-payment:153,credit-note:181,2025-10-15 20:48:06,3700,EFECTIVO,MIG-JM-ABONO-153,Abono origen: 153 | Venta origen: 181
credit-payment:154,credit-note:180,2025-10-15 20:48:35,3600,EFECTIVO,MIG-JM-ABONO-154,Abono origen: 154 | Venta origen: 180
credit-payment:155,credit-note:169,2025-10-15 20:49:25,4600,EFECTIVO,MIG-JM-ABONO-155,Abono origen: 155 | Venta origen: 169
credit-payment:156,credit-note:138,2025-10-15 20:49:57,4600,EFECTIVO,MIG-JM-ABONO-156,Abono origen: 156 | Venta origen: 138
credit-payment:157,credit-note:139,2025-10-15 20:51:21,3600,EFECTIVO,MIG-JM-ABONO-157,Abono origen: 157 | Venta origen: 139
credit-payment:158,credit-note:389,2025-10-17 16:31:08,1731,EFECTIVO,MIG-JM-ABONO-158,Abono origen: 158 | Venta origen: 389
credit-payment:159,credit-note:297,2025-10-17 22:07:11,534,EFECTIVO,MIG-JM-ABONO-159,Abono origen: 159 | Venta origen: 297
credit-payment:160,credit-note:298,2025-10-17 22:07:29,792,EFECTIVO,MIG-JM-ABONO-160,Abono origen: 160 | Venta origen: 298
credit-payment:161,credit-note:359,2025-10-20 22:33:21,9200,EFECTIVO,MIG-JM-ABONO-161,Abono origen: 161 | Venta origen: 359
credit-payment:162,credit-note:313,2025-10-21 00:13:08,45000,EFECTIVO,MIG-JM-ABONO-162,Abono origen: 162 | Venta origen: 313
credit-payment:163,credit-note:326,2025-10-21 00:13:27,92000,EFECTIVO,MIG-JM-ABONO-163,Abono origen: 163 | Venta origen: 326
credit-payment:164,credit-note:339,2025-10-21 00:13:42,52000,EFECTIVO,MIG-JM-ABONO-164,Abono origen: 164 | Venta origen: 339
credit-payment:165,credit-note:314,2025-10-21 00:13:57,11000,EFECTIVO,MIG-JM-ABONO-165,Abono origen: 165 | Venta origen: 314
credit-payment:166,credit-note:412,2025-10-21 00:14:16,920,EFECTIVO,MIG-JM-ABONO-166,Abono origen: 166 | Venta origen: 412
credit-payment:167,credit-note:363,2025-10-21 00:14:37,45,EFECTIVO,MIG-JM-ABONO-167,Abono origen: 167 | Venta origen: 363
credit-payment:168,credit-note:305,2025-10-21 00:14:51,6650,EFECTIVO,MIG-JM-ABONO-168,Abono origen: 168 | Venta origen: 305
credit-payment:169,credit-note:295,2025-10-21 00:15:28,3360,EFECTIVO,MIG-JM-ABONO-169,Abono origen: 169 | Venta origen: 295
credit-payment:170,credit-note:315,2025-10-21 00:16:17,16000,EFECTIVO,MIG-JM-ABONO-170,Abono origen: 170 | Venta origen: 315
credit-payment:171,credit-note:239,2025-10-21 19:49:12,7350,EFECTIVO,MIG-JM-ABONO-171,Abono origen: 171 | Venta origen: 239
credit-payment:172,credit-note:273,2025-10-21 19:49:59,1632,EFECTIVO,MIG-JM-ABONO-172,Abono origen: 172 | Venta origen: 273 | Forma pago origen: e
credit-payment:173,credit-note:162,2025-10-21 19:50:27,135320,EFECTIVO,MIG-JM-ABONO-173,Abono origen: 173 | Venta origen: 162
credit-payment:174,credit-note:334,2025-10-21 19:50:56,19698,EFECTIVO,MIG-JM-ABONO-174,Abono origen: 174 | Venta origen: 334
credit-payment:175,credit-note:433,2025-10-22 17:24:56,10,EFECTIVO,MIG-JM-ABONO-175,Abono origen: 175 | Venta origen: 433
credit-payment:176,credit-note:171,2025-10-22 18:08:06,4320,EFECTIVO,MIG-JM-ABONO-176,Abono origen: 176 | Venta origen: 171
credit-payment:177,credit-note:240,2025-10-22 18:28:05,2425,EFECTIVO,MIG-JM-ABONO-177,Abono origen: 177 | Venta origen: 240
credit-payment:178,credit-note:149,2025-10-22 18:30:07,4100,EFECTIVO,MIG-JM-ABONO-178,Abono origen: 178 | Venta origen: 149
credit-payment:179,credit-note:256,2025-10-22 18:31:03,4600,EFECTIVO,MIG-JM-ABONO-179,Abono origen: 179 | Venta origen: 256
credit-payment:180,credit-note:145,2025-10-22 18:32:00,4822,EFECTIVO,MIG-JM-ABONO-180,Abono origen: 180 | Venta origen: 145
credit-payment:181,credit-note:278,2025-10-22 18:32:50,2750,EFECTIVO,MIG-JM-ABONO-181,Abono origen: 181 | Venta origen: 278
credit-payment:182,credit-note:174,2025-10-22 18:33:21,250,EFECTIVO,MIG-JM-ABONO-182,Abono origen: 182 | Venta origen: 174
credit-payment:183,credit-note:151,2025-10-22 18:33:54,4600,EFECTIVO,MIG-JM-ABONO-183,Abono origen: 183 | Venta origen: 151
credit-payment:184,credit-note:215,2025-10-22 18:34:20,1750,EFECTIVO,MIG-JM-ABONO-184,Abono origen: 184 | Venta origen: 215
credit-payment:185,credit-note:216,2025-10-22 18:35:06,144,EFECTIVO,MIG-JM-ABONO-185,Abono origen: 185 | Venta origen: 216
credit-payment:186,credit-note:188,2025-10-22 18:38:43,8300,EFECTIVO,MIG-JM-ABONO-186,Abono origen: 186 | Venta origen: 188
credit-payment:187,credit-note:384,2025-10-22 18:39:02,123,EFECTIVO,MIG-JM-ABONO-187,Abono origen: 187 | Venta origen: 384
credit-payment:188,credit-note:383,2025-10-22 18:39:18,10,EFECTIVO,MIG-JM-ABONO-188,Abono origen: 188 | Venta origen: 383
credit-payment:189,credit-note:410,2025-10-22 18:39:40,678,EFECTIVO,MIG-JM-ABONO-189,Abono origen: 189 | Venta origen: 410
credit-payment:190,credit-note:415,2025-10-22 18:40:15,2378,EFECTIVO,MIG-JM-ABONO-190,Abono origen: 190 | Venta origen: 415
credit-payment:191,credit-note:381,2025-10-22 22:24:47,1062,EFECTIVO,MIG-JM-ABONO-191,Abono origen: 191 | Venta origen: 381
credit-payment:192,credit-note:332,2025-10-23 20:09:18,19814,EFECTIVO,MIG-JM-ABONO-192,Abono origen: 192 | Venta origen: 332
credit-payment:193,credit-note:370,2025-10-23 20:09:40,1780,EFECTIVO,MIG-JM-ABONO-193,Abono origen: 193 | Venta origen: 370
credit-payment:194,credit-note:376,2025-10-23 20:09:57,103,EFECTIVO,MIG-JM-ABONO-194,Abono origen: 194 | Venta origen: 376
credit-payment:195,credit-note:306,2025-10-23 20:10:54,10218,EFECTIVO,MIG-JM-ABONO-195,Abono origen: 195 | Venta origen: 306
credit-payment:196,credit-note:375,2025-10-23 20:16:05,125,EFECTIVO,MIG-JM-ABONO-196,Abono origen: 196 | Venta origen: 375
credit-payment:197,credit-note:311,2025-10-23 20:16:22,10260,EFECTIVO,MIG-JM-ABONO-197,Abono origen: 197 | Venta origen: 311
credit-payment:198,credit-note:390,2025-10-25 18:44:18,197,EFECTIVO,MIG-JM-ABONO-198,Abono origen: 198 | Venta origen: 390
credit-payment:199,credit-note:449,2025-10-27 18:58:03,1939,EFECTIVO,MIG-JM-ABONO-199,Abono origen: 199 | Venta origen: 449
credit-payment:200,credit-note:462,2025-10-27 18:58:22,4700,EFECTIVO,MIG-JM-ABONO-200,Abono origen: 200 | Venta origen: 462
credit-payment:201,credit-note:455,2025-10-27 18:58:40,1800,EFECTIVO,MIG-JM-ABONO-201,Abono origen: 201 | Venta origen: 455
credit-payment:202,credit-note:283,2025-10-27 21:24:54,1000,EFECTIVO,MIG-JM-ABONO-202,Abono origen: 202 | Venta origen: 283
credit-payment:203,credit-note:321,2025-10-27 21:25:16,462.5,EFECTIVO,MIG-JM-ABONO-203,Abono origen: 203 | Venta origen: 321
credit-payment:204,credit-note:431,2025-10-30 14:59:09,81,EFECTIVO,MIG-JM-ABONO-204,Abono origen: 204 | Venta origen: 431
credit-payment:205,credit-note:446,2025-10-30 14:59:33,1440,EFECTIVO,MIG-JM-ABONO-205,Abono origen: 205 | Venta origen: 446
credit-payment:206,credit-note:143,2025-10-30 15:02:22,92,EFECTIVO,MIG-JM-ABONO-206,Abono origen: 206 | Venta origen: 143
credit-payment:207,credit-note:478,2025-10-30 17:53:17,7144,EFECTIVO,MIG-JM-ABONO-207,Abono origen: 207 | Venta origen: 478
credit-payment:208,credit-note:479,2025-10-30 19:54:59,1524,EFECTIVO,MIG-JM-ABONO-208,Abono origen: 208 | Venta origen: 479
credit-payment:209,credit-note:494,2025-10-30 19:55:17,3718,EFECTIVO,MIG-JM-ABONO-209,Abono origen: 209 | Venta origen: 494
credit-payment:210,credit-note:49,2025-10-30 20:44:17,86,EFECTIVO,MIG-JM-ABONO-210,Abono origen: 210 | Venta origen: 49
credit-payment:211,credit-note:487,2025-10-31 14:34:04,1180,EFECTIVO,MIG-JM-ABONO-211,Abono origen: 211 | Venta origen: 487
credit-payment:212,credit-note:458,2025-10-31 14:34:37,1064,EFECTIVO,MIG-JM-ABONO-212,Abono origen: 212 | Venta origen: 458
credit-payment:213,credit-note:377,2025-10-31 14:34:55,1780,EFECTIVO,MIG-JM-ABONO-213,Abono origen: 213 | Venta origen: 377
credit-payment:214,credit-note:388,2025-10-31 14:35:11,2360,EFECTIVO,MIG-JM-ABONO-214,Abono origen: 214 | Venta origen: 388
credit-payment:215,credit-note:358,2025-10-31 14:35:36,3620,EFECTIVO,MIG-JM-ABONO-215,Abono origen: 215 | Venta origen: 358
credit-payment:216,credit-note:309,2025-10-31 14:36:09,3700,EFECTIVO,MIG-JM-ABONO-216,Abono origen: 216 | Venta origen: 309
credit-payment:217,credit-note:310,2025-10-31 14:36:24,450,EFECTIVO,MIG-JM-ABONO-217,Abono origen: 217 | Venta origen: 310
credit-payment:218,credit-note:329,2025-10-31 14:36:43,900,EFECTIVO,MIG-JM-ABONO-218,Abono origen: 218 | Venta origen: 329
credit-payment:219,credit-note:477,2025-10-31 14:40:18,79,EFECTIVO,MIG-JM-ABONO-219,Abono origen: 219 | Venta origen: 477 | Forma pago origen: e
credit-payment:221,credit-note:294,2025-10-31 14:48:17,1550,EFECTIVO,MIG-JM-ABONO-221,Abono origen: 221 | Venta origen: 294
credit-payment:222,credit-note:128,2025-10-31 15:04:13,10900,EFECTIVO,MIG-JM-ABONO-222,Abono origen: 222 | Venta origen: 128
credit-payment:223,credit-note:496,2025-10-31 15:54:10,4700,EFECTIVO,MIG-JM-ABONO-223,Abono origen: 223 | Venta origen: 496
credit-payment:224,credit-note:402,2025-11-01 13:30:30,9200,EFECTIVO,MIG-JM-ABONO-224,Abono origen: 224 | Venta origen: 402
credit-payment:225,credit-note:442,2025-11-03 15:39:48,90,EFECTIVO,MIG-JM-ABONO-225,Abono origen: 225 | Venta origen: 442
credit-payment:226,credit-note:411,2025-11-03 15:40:13,848,EFECTIVO,MIG-JM-ABONO-226,Abono origen: 226 | Venta origen: 411
credit-payment:227,credit-note:406,2025-11-03 15:40:38,185,EFECTIVO,MIG-JM-ABONO-227,Abono origen: 227 | Venta origen: 406
credit-payment:228,credit-note:476,2025-11-03 16:26:39,1180,EFECTIVO,MIG-JM-ABONO-228,Abono origen: 228 | Venta origen: 476
credit-payment:229,credit-note:474,2025-11-03 16:27:05,8440,EFECTIVO,MIG-JM-ABONO-229,Abono origen: 229 | Venta origen: 474
credit-payment:230,credit-note:416,2025-11-03 17:23:25,1725,EFECTIVO,MIG-JM-ABONO-230,Abono origen: 230 | Venta origen: 416
credit-payment:231,credit-note:516,2025-11-04 14:22:26,1666,EFECTIVO,MIG-JM-ABONO-231,Abono origen: 231 | Venta origen: 516
credit-payment:232,credit-note:486,2025-11-04 20:12:35,100,EFECTIVO,MIG-JM-ABONO-232,Abono origen: 232 | Venta origen: 486
credit-payment:233,credit-note:475,2025-11-04 20:13:09,121,EFECTIVO,MIG-JM-ABONO-233,Abono origen: 233 | Venta origen: 475
credit-payment:234,credit-note:480,2025-11-04 20:13:49,100,EFECTIVO,MIG-JM-ABONO-234,Abono origen: 234 | Venta origen: 480
credit-payment:235,credit-note:472,2025-11-04 20:30:26,104,EFECTIVO,MIG-JM-ABONO-235,Abono origen: 235 | Venta origen: 472
credit-payment:236,credit-note:430,2025-11-04 20:31:03,192,EFECTIVO,MIG-JM-ABONO-236,Abono origen: 236 | Venta origen: 430
credit-payment:237,credit-note:435,2025-11-04 20:31:25,104,EFECTIVO,MIG-JM-ABONO-237,Abono origen: 237 | Venta origen: 435
credit-payment:238,credit-note:366,2025-11-04 20:31:47,104,EFECTIVO,MIG-JM-ABONO-238,Abono origen: 238 | Venta origen: 366
credit-payment:239,credit-note:325,2025-11-04 20:32:41,81,EFECTIVO,MIG-JM-ABONO-239,Abono origen: 239 | Venta origen: 325
credit-payment:240,credit-note:324,2025-11-04 20:33:10,9,EFECTIVO,MIG-JM-ABONO-240,Abono origen: 240 | Venta origen: 324
credit-payment:241,credit-note:238,2025-11-04 20:34:57,5400,EFECTIVO,MIG-JM-ABONO-241,Abono origen: 241 | Venta origen: 238
credit-payment:242,credit-note:130,2025-11-04 20:46:22,8548,EFECTIVO,MIG-JM-ABONO-242,Abono origen: 242 | Venta origen: 130 | Forma pago origen: e
credit-payment:243,credit-note:536,2025-11-05 18:58:59,1230,EFECTIVO,MIG-JM-ABONO-243,Abono origen: 243 | Venta origen: 536
credit-payment:244,credit-note:508,2025-11-06 17:15:31,381,EFECTIVO,MIG-JM-ABONO-244,Abono origen: 244 | Venta origen: 508
credit-payment:245,credit-note:466,2025-11-06 17:16:07,2754,EFECTIVO,MIG-JM-ABONO-245,Abono origen: 245 | Venta origen: 466
credit-payment:246,credit-note:495,2025-11-06 17:16:33,1427,EFECTIVO,MIG-JM-ABONO-246,Abono origen: 246 | Venta origen: 495
credit-payment:247,credit-note:535,2025-11-06 17:16:54,4700,EFECTIVO,MIG-JM-ABONO-247,Abono origen: 247 | Venta origen: 535
credit-payment:248,credit-note:517,2025-11-07 20:27:22,2045,EFECTIVO,MIG-JM-ABONO-248,Abono origen: 248 | Venta origen: 517
credit-payment:249,credit-note:520,2025-11-07 20:27:39,865,EFECTIVO,MIG-JM-ABONO-249,Abono origen: 249 | Venta origen: 520
credit-payment:250,credit-note:554,2025-11-10 15:14:43,3031,EFECTIVO,MIG-JM-ABONO-250,Abono origen: 250 | Venta origen: 554
credit-payment:251,credit-note:512,2025-11-10 15:15:11,85,EFECTIVO,MIG-JM-ABONO-251,Abono origen: 251 | Venta origen: 512
credit-payment:252,credit-note:544,2025-11-10 19:30:56,1900,EFECTIVO,MIG-JM-ABONO-252,Abono origen: 252 | Venta origen: 544
credit-payment:253,credit-note:533,2025-11-10 20:32:52,1270,EFECTIVO,MIG-JM-ABONO-253,Abono origen: 253 | Venta origen: 533
credit-payment:254,credit-note:534,2025-11-10 20:33:12,2000,EFECTIVO,MIG-JM-ABONO-254,Abono origen: 254 | Venta origen: 534
credit-payment:255,credit-note:571,2025-11-11 18:15:49,1250,EFECTIVO,MIG-JM-ABONO-255,Abono origen: 255 | Venta origen: 571
credit-payment:256,credit-note:567,2025-11-11 18:16:09,5970,EFECTIVO,MIG-JM-ABONO-256,Abono origen: 256 | Venta origen: 567
credit-payment:257,credit-note:569,2025-11-11 19:34:55,11660,EFECTIVO,MIG-JM-ABONO-257,Abono origen: 257 | Venta origen: 569
credit-payment:258,credit-note:453,2025-11-12 13:40:40,16000,EFECTIVO,MIG-JM-ABONO-258,Abono origen: 258 | Venta origen: 453
credit-payment:259,credit-note:505,2025-11-12 13:40:59,16000,EFECTIVO,MIG-JM-ABONO-259,Abono origen: 259 | Venta origen: 505
credit-payment:260,credit-note:506,2025-11-12 13:41:21,15000,EFECTIVO,MIG-JM-ABONO-260,Abono origen: 260 | Venta origen: 506
credit-payment:261,credit-note:586,2025-11-12 18:45:55,4600,EFECTIVO,MIG-JM-ABONO-261,Abono origen: 261 | Venta origen: 586
credit-payment:262,credit-note:578,2025-11-13 17:33:58,1270,EFECTIVO,MIG-JM-ABONO-262,Abono origen: 262 | Venta origen: 578
credit-payment:263,credit-note:592,2025-11-13 17:34:15,1095,EFECTIVO,MIG-JM-ABONO-263,Abono origen: 263 | Venta origen: 592
credit-payment:264,credit-note:154,2025-11-13 18:36:31,54700,EFECTIVO,MIG-JM-ABONO-264,Abono origen: 264 | Venta origen: 154
credit-payment:265,credit-note:159,2025-11-13 18:36:59,36500,EFECTIVO,MIG-JM-ABONO-265,Abono origen: 265 | Venta origen: 159
credit-payment:266,credit-note:452,2025-11-13 21:02:57,9200,EFECTIVO,MIG-JM-ABONO-266,Abono origen: 266 | Venta origen: 452
credit-payment:267,credit-note:493,2025-11-13 21:03:24,9200,EFECTIVO,MIG-JM-ABONO-267,Abono origen: 267 | Venta origen: 493
credit-payment:268,credit-note:526,2025-11-13 21:03:44,8600,EFECTIVO,MIG-JM-ABONO-268,Abono origen: 268 | Venta origen: 526
credit-payment:269,credit-note:561,2025-11-13 21:03:59,8600,EFECTIVO,MIG-JM-ABONO-269,Abono origen: 269 | Venta origen: 561
credit-payment:270,credit-note:301,2025-11-17 14:50:49,12000,EFECTIVO,MIG-JM-ABONO-270,Abono origen: 270 | Venta origen: 301
credit-payment:271,credit-note:130,2025-11-17 14:51:34,700,EFECTIVO,MIG-JM-ABONO-271,Abono origen: 271 | Venta origen: 130 | Forma pago origen: e
credit-payment:272,credit-note:626,2025-11-17 17:12:50,354,EFECTIVO,MIG-JM-ABONO-272,Abono origen: 272 | Venta origen: 626
credit-payment:273,credit-note:595,2025-11-17 17:13:07,1180,EFECTIVO,MIG-JM-ABONO-273,Abono origen: 273 | Venta origen: 595
credit-payment:274,credit-note:624,2025-11-17 17:13:38,1366,EFECTIVO,MIG-JM-ABONO-274,Abono origen: 274 | Venta origen: 624
credit-payment:275,credit-note:635,2025-11-18 19:49:52,1200,EFECTIVO,MIG-JM-ABONO-275,Abono origen: 275 | Venta origen: 635
credit-payment:276,credit-note:600,2025-11-18 19:50:24,900,EFECTIVO,MIG-JM-ABONO-276,Abono origen: 276 | Venta origen: 600
credit-payment:277,credit-note:639,2025-11-18 19:52:34,4700,EFECTIVO,MIG-JM-ABONO-277,Abono origen: 277 | Venta origen: 639
credit-payment:278,credit-note:588,2025-11-19 13:33:36,5078,EFECTIVO,MIG-JM-ABONO-278,Abono origen: 278 | Venta origen: 588
credit-payment:279,credit-note:589,2025-11-19 13:34:17,400,EFECTIVO,MIG-JM-ABONO-279,Abono origen: 279 | Venta origen: 589
credit-payment:280,credit-note:499,2025-11-21 14:48:28,825,EFECTIVO,MIG-JM-ABONO-280,Abono origen: 280 | Venta origen: 499
credit-payment:281,credit-note:658,2025-11-22 14:22:40,3014,EFECTIVO,MIG-JM-ABONO-281,Abono origen: 281 | Venta origen: 658
credit-payment:282,credit-note:555,2025-11-22 14:32:10,5900,EFECTIVO,MIG-JM-ABONO-282,Abono origen: 282 | Venta origen: 555
credit-payment:283,credit-note:408,2025-11-22 14:32:40,4600,EFECTIVO,MIG-JM-ABONO-283,Abono origen: 283 | Venta origen: 408
credit-payment:284,credit-note:432,2025-11-22 14:33:09,1229,EFECTIVO,MIG-JM-ABONO-284,Abono origen: 284 | Venta origen: 432
credit-payment:285,credit-note:511,2025-11-22 14:33:28,8200,EFECTIVO,MIG-JM-ABONO-285,Abono origen: 285 | Venta origen: 511
credit-payment:286,credit-note:666,2025-11-22 18:59:27,102,EFECTIVO,MIG-JM-ABONO-286,Abono origen: 286 | Venta origen: 666
credit-payment:287,credit-note:543,2025-11-24 21:02:27,310,EFECTIVO,MIG-JM-ABONO-287,Abono origen: 287 | Venta origen: 543
credit-payment:288,credit-note:572,2025-11-25 13:56:24,3150,EFECTIVO,MIG-JM-ABONO-288,Abono origen: 288 | Venta origen: 572
credit-payment:289,credit-note:525,2025-11-25 13:58:20,2820,EFECTIVO,MIG-JM-ABONO-289,Abono origen: 289 | Venta origen: 525
credit-payment:290,credit-note:303,2025-11-25 14:01:38,118,EFECTIVO,MIG-JM-ABONO-290,Abono origen: 290 | Venta origen: 303
credit-payment:291,credit-note:385,2025-11-25 14:02:46,22,EFECTIVO,MIG-JM-ABONO-291,Abono origen: 291 | Venta origen: 385
credit-payment:292,credit-note:434,2025-11-25 14:03:45,50,EFECTIVO,MIG-JM-ABONO-292,Abono origen: 292 | Venta origen: 434
credit-payment:293,credit-note:603,2025-11-25 19:08:23,1008,EFECTIVO,MIG-JM-ABONO-293,Abono origen: 293 | Venta origen: 603
credit-payment:294,credit-note:547,2025-11-25 19:12:17,60,EFECTIVO,MIG-JM-ABONO-294,Abono origen: 294 | Venta origen: 547
credit-payment:295,credit-note:540,2025-11-25 19:12:42,49,EFECTIVO,MIG-JM-ABONO-295,Abono origen: 295 | Venta origen: 540
credit-payment:296,credit-note:636,2025-11-27 13:11:10,6840,EFECTIVO,MIG-JM-ABONO-296,Abono origen: 296 | Venta origen: 636
credit-payment:297,credit-note:612,2025-11-27 13:11:28,45,EFECTIVO,MIG-JM-ABONO-297,Abono origen: 297 | Venta origen: 612
credit-payment:298,credit-note:521,2025-11-27 13:11:47,11400,EFECTIVO,MIG-JM-ABONO-298,Abono origen: 298 | Venta origen: 521
credit-payment:299,credit-note:654,2025-11-27 22:51:35,6387,EFECTIVO,MIG-JM-ABONO-299,Abono origen: 299 | Venta origen: 654
credit-payment:300,credit-note:669,2025-11-27 22:52:44,825,EFECTIVO,MIG-JM-ABONO-300,Abono origen: 300 | Venta origen: 669
credit-payment:301,credit-note:681,2025-11-27 22:52:55,7500,EFECTIVO,MIG-JM-ABONO-301,Abono origen: 301 | Venta origen: 681
credit-payment:302,credit-note:502,2025-11-27 22:53:35,4847,EFECTIVO,MIG-JM-ABONO-302,Abono origen: 302 | Venta origen: 502
credit-payment:303,credit-note:427,2025-11-27 22:54:18,24720,EFECTIVO,MIG-JM-ABONO-303,Abono origen: 303 | Venta origen: 427
credit-payment:304,credit-note:637,2025-11-28 15:45:34,1000,EFECTIVO,MIG-JM-ABONO-304,Abono origen: 304 | Venta origen: 637
credit-payment:305,credit-note:467,2025-11-28 17:48:33,1372,EFECTIVO,MIG-JM-ABONO-305,Abono origen: 305 | Venta origen: 467
credit-payment:306,credit-note:549,2025-11-28 18:01:44,157,EFECTIVO,MIG-JM-ABONO-306,Abono origen: 306 | Venta origen: 549
credit-payment:307,credit-note:471,2025-11-28 20:04:59,1380,EFECTIVO,MIG-JM-ABONO-307,Abono origen: 307 | Venta origen: 471
credit-payment:308,credit-note:441,2025-11-28 20:05:25,1840,EFECTIVO,MIG-JM-ABONO-308,Abono origen: 308 | Venta origen: 441
credit-payment:309,credit-note:421,2025-11-28 20:06:04,260,EFECTIVO,MIG-JM-ABONO-309,Abono origen: 309 | Venta origen: 421
credit-payment:310,credit-note:335,2025-11-28 20:06:28,1725,EFECTIVO,MIG-JM-ABONO-310,Abono origen: 310 | Venta origen: 335
credit-payment:311,credit-note:352,2025-11-28 20:06:57,2070,EFECTIVO,MIG-JM-ABONO-311,Abono origen: 311 | Venta origen: 352
credit-payment:312,credit-note:451,2025-11-28 20:07:39,1610,EFECTIVO,MIG-JM-ABONO-312,Abono origen: 312 | Venta origen: 451
credit-payment:313,credit-note:418,2025-11-28 20:09:21,460,EFECTIVO,MIG-JM-ABONO-313,Abono origen: 313 | Venta origen: 418
credit-payment:314,credit-note:401,2025-11-28 20:09:54,1150,EFECTIVO,MIG-JM-ABONO-314,Abono origen: 314 | Venta origen: 401
credit-payment:315,credit-note:392,2025-11-28 20:10:45,1840,EFECTIVO,MIG-JM-ABONO-315,Abono origen: 315 | Venta origen: 392
credit-payment:316,credit-note:362,2025-11-28 20:11:17,2760,EFECTIVO,MIG-JM-ABONO-316,Abono origen: 316 | Venta origen: 362
credit-payment:317,credit-note:657,2025-11-28 20:56:54,3360,EFECTIVO,MIG-JM-ABONO-317,Abono origen: 317 | Venta origen: 657
credit-payment:318,credit-note:656,2025-11-28 20:57:06,7400,EFECTIVO,MIG-JM-ABONO-318,Abono origen: 318 | Venta origen: 656
credit-payment:319,credit-note:655,2025-11-28 20:57:16,4200,EFECTIVO,MIG-JM-ABONO-319,Abono origen: 319 | Venta origen: 655
credit-payment:320,credit-note:563,2025-11-29 13:29:44,44000,EFECTIVO,MIG-JM-ABONO-320,Abono origen: 320 | Venta origen: 563
credit-payment:321,credit-note:464,2025-11-29 13:38:19,1000,EFECTIVO,MIG-JM-ABONO-321,Abono origen: 321 | Venta origen: 464
credit-payment:322,credit-note:609,2025-11-29 13:45:04,4969,EFECTIVO,MIG-JM-ABONO-322,Abono origen: 322 | Venta origen: 609
credit-payment:323,credit-note:608,2025-11-29 13:45:21,2718,EFECTIVO,MIG-JM-ABONO-323,Abono origen: 323 | Venta origen: 608
credit-payment:324,credit-note:581,2025-11-29 14:12:48,250,EFECTIVO,MIG-JM-ABONO-324,Abono origen: 324 | Venta origen: 581
credit-payment:325,credit-note:537,2025-11-29 14:13:20,517,EFECTIVO,MIG-JM-ABONO-325,Abono origen: 325 | Venta origen: 537
credit-payment:326,credit-note:562,2025-11-29 14:13:39,762,EFECTIVO,MIG-JM-ABONO-326,Abono origen: 326 | Venta origen: 562
credit-payment:327,credit-note:247,2025-11-29 15:11:57,2500,EFECTIVO,MIG-JM-ABONO-327,Abono origen: 327 | Venta origen: 247
credit-payment:328,credit-note:445,2025-11-29 15:39:05,4700,EFECTIVO,MIG-JM-ABONO-328,Abono origen: 328 | Venta origen: 445
credit-payment:329,credit-note:625,2025-12-01 13:24:45,300,EFECTIVO,MIG-JM-ABONO-329,Abono origen: 329 | Venta origen: 625
credit-payment:330,credit-note:704,2025-12-01 13:25:28,616,EFECTIVO,MIG-JM-ABONO-330,Abono origen: 330 | Venta origen: 704
credit-payment:331,credit-note:695,2025-12-01 13:26:14,14700,EFECTIVO,MIG-JM-ABONO-331,Abono origen: 331 | Venta origen: 695
credit-payment:332,credit-note:694,2025-12-01 13:26:47,24200,EFECTIVO,MIG-JM-ABONO-332,Abono origen: 332 | Venta origen: 694
credit-payment:333,credit-note:700,2025-12-01 15:18:56,450,EFECTIVO,MIG-JM-ABONO-333,Abono origen: 333 | Venta origen: 700
credit-payment:334,credit-note:696,2025-12-01 15:19:11,900,EFECTIVO,MIG-JM-ABONO-334,Abono origen: 334 | Venta origen: 696
credit-payment:335,credit-note:638,2025-12-01 15:19:27,1608,EFECTIVO,MIG-JM-ABONO-335,Abono origen: 335 | Venta origen: 638
credit-payment:336,credit-note:710,2025-12-01 21:24:37,3995,EFECTIVO,MIG-JM-ABONO-336,Abono origen: 336 | Venta origen: 710
credit-payment:337,credit-note:619,2025-12-01 22:54:03,1350,EFECTIVO,MIG-JM-ABONO-337,Abono origen: 337 | Venta origen: 619
credit-payment:338,credit-note:618,2025-12-01 22:54:40,5700,EFECTIVO,MIG-JM-ABONO-338,Abono origen: 338 | Venta origen: 618
credit-payment:339,credit-note:558,2025-12-02 20:18:04,16000,EFECTIVO,MIG-JM-ABONO-339,Abono origen: 339 | Venta origen: 558
credit-payment:340,credit-note:604,2025-12-02 20:18:23,15000,EFECTIVO,MIG-JM-ABONO-340,Abono origen: 340 | Venta origen: 604
credit-payment:341,credit-note:594,2025-12-02 20:18:49,30000,EFECTIVO,MIG-JM-ABONO-341,Abono origen: 341 | Venta origen: 594
credit-payment:342,credit-note:564,2025-12-02 20:19:24,15000,EFECTIVO,MIG-JM-ABONO-342,Abono origen: 342 | Venta origen: 564
credit-payment:343,credit-note:559,2025-12-02 20:19:42,16000,EFECTIVO,MIG-JM-ABONO-343,Abono origen: 343 | Venta origen: 559
credit-payment:344,credit-note:531,2025-12-02 20:19:57,15000,EFECTIVO,MIG-JM-ABONO-344,Abono origen: 344 | Venta origen: 531
credit-payment:345,credit-note:530,2025-12-02 20:20:10,15000,EFECTIVO,MIG-JM-ABONO-345,Abono origen: 345 | Venta origen: 530
credit-payment:346,credit-note:510,2025-12-02 20:20:25,15000,EFECTIVO,MIG-JM-ABONO-346,Abono origen: 346 | Venta origen: 510
credit-payment:347,credit-note:714,2025-12-03 14:26:57,8200,EFECTIVO,MIG-JM-ABONO-347,Abono origen: 347 | Venta origen: 714
credit-payment:348,credit-note:630,2025-12-03 14:39:33,2000,EFECTIVO,MIG-JM-ABONO-348,Abono origen: 348 | Venta origen: 630
credit-payment:349,credit-note:631,2025-12-03 14:39:50,7366,EFECTIVO,MIG-JM-ABONO-349,Abono origen: 349 | Venta origen: 631
credit-payment:350,credit-note:679,2025-12-03 14:40:04,250,EFECTIVO,MIG-JM-ABONO-350,Abono origen: 350 | Venta origen: 679
credit-payment:351,credit-note:641,2025-12-03 14:40:20,500,EFECTIVO,MIG-JM-ABONO-351,Abono origen: 351 | Venta origen: 641
credit-payment:352,credit-note:676,2025-12-03 14:43:08,1496,EFECTIVO,MIG-JM-ABONO-352,Abono origen: 352 | Venta origen: 676
credit-payment:353,credit-note:677,2025-12-03 14:43:24,1180,EFECTIVO,MIG-JM-ABONO-353,Abono origen: 353 | Venta origen: 677
credit-payment:354,credit-note:674,2025-12-03 20:48:53,45000,EFECTIVO,MIG-JM-ABONO-354,Abono origen: 354 | Venta origen: 674
credit-payment:355,credit-note:697,2025-12-03 20:49:14,28000,EFECTIVO,MIG-JM-ABONO-355,Abono origen: 355 | Venta origen: 697
credit-payment:356,credit-note:675,2025-12-03 20:49:43,5850,EFECTIVO,MIG-JM-ABONO-356,Abono origen: 356 | Venta origen: 675
credit-payment:357,credit-note:673,2025-12-03 20:50:08,7020,EFECTIVO,MIG-JM-ABONO-357,Abono origen: 357 | Venta origen: 673
credit-payment:358,credit-note:672,2025-12-03 20:50:29,5850,EFECTIVO,MIG-JM-ABONO-358,Abono origen: 358 | Venta origen: 672
credit-payment:359,credit-note:583,2025-12-03 20:51:02,8050,EFECTIVO,MIG-JM-ABONO-359,Abono origen: 359 | Venta origen: 583
credit-payment:360,credit-note:577,2025-12-03 20:51:17,642.5,EFECTIVO,MIG-JM-ABONO-360,Abono origen: 360 | Venta origen: 577
credit-payment:361,credit-note:685,2025-12-03 20:51:43,998.5,EFECTIVO,MIG-JM-ABONO-361,Abono origen: 361 | Venta origen: 685
credit-payment:362,credit-note:584,2025-12-03 20:52:02,5850,EFECTIVO,MIG-JM-ABONO-362,Abono origen: 362 | Venta origen: 584
credit-payment:363,credit-note:551,2025-12-03 20:52:36,14976,EFECTIVO,MIG-JM-ABONO-363,Abono origen: 363 | Venta origen: 551
credit-payment:364,credit-note:483,2025-12-03 22:14:29,1077,EFECTIVO,MIG-JM-ABONO-364,Abono origen: 364 | Venta origen: 483
credit-payment:365,credit-note:485,2025-12-03 22:15:39,1393,EFECTIVO,MIG-JM-ABONO-365,Abono origen: 365 | Venta origen: 485
credit-payment:366,credit-note:463,2025-12-03 22:16:02,168,EFECTIVO,MIG-JM-ABONO-366,Abono origen: 366 | Venta origen: 463
credit-payment:367,credit-note:469,2025-12-03 22:16:27,2070,EFECTIVO,MIG-JM-ABONO-367,Abono origen: 367 | Venta origen: 469
credit-payment:368,credit-note:497,2025-12-03 22:17:02,7144,EFECTIVO,MIG-JM-ABONO-368,Abono origen: 368 | Venta origen: 497
credit-payment:369,credit-note:498,2025-12-03 22:17:28,7449,EFECTIVO,MIG-JM-ABONO-369,Abono origen: 369 | Venta origen: 498
credit-payment:370,credit-note:413,2025-12-03 22:17:56,7449,EFECTIVO,MIG-JM-ABONO-370,Abono origen: 370 | Venta origen: 413
credit-payment:371,credit-note:414,2025-12-03 22:18:16,7410,EFECTIVO,MIG-JM-ABONO-371,Abono origen: 371 | Venta origen: 414
credit-payment:372,credit-note:417,2025-12-03 22:18:52,5627.7,EFECTIVO,MIG-JM-ABONO-372,Abono origen: 372 | Venta origen: 417
credit-payment:373,credit-note:724,2025-12-03 23:19:45,103,EFECTIVO,MIG-JM-ABONO-373,Abono origen: 373 | Venta origen: 724
credit-payment:374,credit-note:725,2025-12-04 17:51:06,21544,TARJETA,MIG-JM-ABONO-374,Abono origen: 374 | Venta origen: 725 | Forma pago origen: t
credit-payment:375,credit-note:596,2025-12-04 18:15:07,8600,EFECTIVO,MIG-JM-ABONO-375,Abono origen: 375 | Venta origen: 596
credit-payment:376,credit-note:597,2025-12-04 18:15:48,8600,EFECTIVO,MIG-JM-ABONO-376,Abono origen: 376 | Venta origen: 597
credit-payment:377,credit-note:678,2025-12-04 18:16:10,4600,EFECTIVO,MIG-JM-ABONO-377,Abono origen: 377 | Venta origen: 678
credit-payment:378,credit-note:690,2025-12-04 18:16:36,8600,EFECTIVO,MIG-JM-ABONO-378,Abono origen: 378 | Venta origen: 690
credit-payment:379,credit-note:659,2025-12-04 18:16:57,8600,EFECTIVO,MIG-JM-ABONO-379,Abono origen: 379 | Venta origen: 659
credit-payment:380,credit-note:640,2025-12-04 18:17:24,8600,EFECTIVO,MIG-JM-ABONO-380,Abono origen: 380 | Venta origen: 640
credit-payment:381,credit-note:620,2025-12-04 18:17:48,3900,EFECTIVO,MIG-JM-ABONO-381,Abono origen: 381 | Venta origen: 620
credit-payment:382,credit-note:693,2025-12-04 21:54:57,475,EFECTIVO,MIG-JM-ABONO-382,Abono origen: 382 | Venta origen: 693
credit-payment:383,credit-note:545,2025-12-06 18:19:46,2800,EFECTIVO,MIG-JM-ABONO-383,Abono origen: 383 | Venta origen: 545
credit-payment:384,credit-note:546,2025-12-06 18:20:02,2800,EFECTIVO,MIG-JM-ABONO-384,Abono origen: 384 | Venta origen: 546
credit-payment:385,credit-note:560,2025-12-06 18:20:13,2800,EFECTIVO,MIG-JM-ABONO-385,Abono origen: 385 | Venta origen: 560
credit-payment:386,credit-note:273,2025-12-08 21:26:19,868,EFECTIVO,MIG-JM-ABONO-386,Abono origen: 386 | Venta origen: 273 | Forma pago origen: e
credit-payment:388,credit-note:210,2025-12-08 21:26:56,464,EFECTIVO,MIG-JM-ABONO-388,Abono origen: 388 | Venta origen: 210 | Forma pago origen: e
credit-payment:389,credit-note:258,2025-12-08 21:27:13,76000,EFECTIVO,MIG-JM-ABONO-389,Abono origen: 389 | Venta origen: 258
credit-payment:390,credit-note:233,2025-12-08 21:27:45,9500,EFECTIVO,MIG-JM-ABONO-390,Abono origen: 390 | Venta origen: 233
credit-payment:391,credit-note:296,2025-12-08 21:28:44,66,EFECTIVO,MIG-JM-ABONO-391,Abono origen: 391 | Venta origen: 296
credit-payment:392,credit-note:740,2025-12-09 13:20:19,1380,EFECTIVO,MIG-JM-ABONO-392,Abono origen: 392 | Venta origen: 740
credit-payment:393,credit-note:737,2025-12-09 13:28:08,9200,EFECTIVO,MIG-JM-ABONO-393,Abono origen: 393 | Venta origen: 737
credit-payment:394,credit-note:717,2025-12-09 13:28:27,600,EFECTIVO,MIG-JM-ABONO-394,Abono origen: 394 | Venta origen: 717
credit-payment:395,credit-note:715,2025-12-09 13:28:44,4200,EFECTIVO,MIG-JM-ABONO-395,Abono origen: 395 | Venta origen: 715
credit-payment:396,credit-note:708,2025-12-09 13:29:00,8200,EFECTIVO,MIG-JM-ABONO-396,Abono origen: 396 | Venta origen: 708
credit-payment:397,credit-note:703,2025-12-09 13:29:19,6478,EFECTIVO,MIG-JM-ABONO-397,Abono origen: 397 | Venta origen: 703
credit-payment:398,credit-note:699,2025-12-09 13:29:40,7250,EFECTIVO,MIG-JM-ABONO-398,Abono origen: 398 | Venta origen: 699
credit-payment:399,credit-note:684,2025-12-09 13:30:04,3600,EFECTIVO,MIG-JM-ABONO-399,Abono origen: 399 | Venta origen: 684
credit-payment:400,credit-note:680,2025-12-09 13:30:20,4600,EFECTIVO,MIG-JM-ABONO-400,Abono origen: 400 | Venta origen: 680
credit-payment:401,credit-note:668,2025-12-09 13:30:56,5520,EFECTIVO,MIG-JM-ABONO-401,Abono origen: 401 | Venta origen: 668
credit-payment:402,credit-note:667,2025-12-09 13:31:29,4600,EFECTIVO,MIG-JM-ABONO-402,Abono origen: 402 | Venta origen: 667
credit-payment:403,credit-note:660,2025-12-09 13:31:49,3600,EFECTIVO,MIG-JM-ABONO-403,Abono origen: 403 | Venta origen: 660
credit-payment:404,credit-note:648,2025-12-09 13:32:12,7433,EFECTIVO,MIG-JM-ABONO-404,Abono origen: 404 | Venta origen: 648
credit-payment:405,credit-note:645,2025-12-09 13:33:06,8200,EFECTIVO,MIG-JM-ABONO-405,Abono origen: 405 | Venta origen: 645
credit-payment:406,credit-note:623,2025-12-09 13:33:23,8200,EFECTIVO,MIG-JM-ABONO-406,Abono origen: 406 | Venta origen: 623
credit-payment:407,credit-note:617,2025-12-09 13:33:51,3600,EFECTIVO,MIG-JM-ABONO-407,Abono origen: 407 | Venta origen: 617
credit-payment:408,credit-note:590,2025-12-09 13:34:21,3600,EFECTIVO,MIG-JM-ABONO-408,Abono origen: 408 | Venta origen: 590
credit-payment:409,credit-note:575,2025-12-09 13:34:42,4600,EFECTIVO,MIG-JM-ABONO-409,Abono origen: 409 | Venta origen: 575
credit-payment:410,credit-note:565,2025-12-09 13:34:58,4200,EFECTIVO,MIG-JM-ABONO-410,Abono origen: 410 | Venta origen: 565
credit-payment:411,credit-note:548,2025-12-09 13:38:34,1380,EFECTIVO,MIG-JM-ABONO-411,Abono origen: 411 | Venta origen: 548
credit-payment:412,credit-note:542,2025-12-09 13:39:01,4700,EFECTIVO,MIG-JM-ABONO-412,Abono origen: 412 | Venta origen: 542
credit-payment:413,credit-note:529,2025-12-09 13:39:20,4200,EFECTIVO,MIG-JM-ABONO-413,Abono origen: 413 | Venta origen: 529
credit-payment:414,credit-note:514,2025-12-09 13:39:39,9785,EFECTIVO,MIG-JM-ABONO-414,Abono origen: 414 | Venta origen: 514
credit-payment:415,credit-note:489,2025-12-09 13:40:05,9580,EFECTIVO,MIG-JM-ABONO-415,Abono origen: 415 | Venta origen: 489
credit-payment:416,credit-note:457,2025-12-09 13:40:36,12000,EFECTIVO,MIG-JM-ABONO-416,Abono origen: 416 | Venta origen: 457
credit-payment:417,credit-note:443,2025-12-09 13:40:53,8800,EFECTIVO,MIG-JM-ABONO-417,Abono origen: 417 | Venta origen: 443
credit-payment:418,credit-note:424,2025-12-09 13:41:23,4200,EFECTIVO,MIG-JM-ABONO-418,Abono origen: 418 | Venta origen: 424
credit-payment:419,credit-note:420,2025-12-09 13:41:48,4600,EFECTIVO,MIG-JM-ABONO-419,Abono origen: 419 | Venta origen: 420
credit-payment:420,credit-note:409,2025-12-09 13:42:02,4600,EFECTIVO,MIG-JM-ABONO-420,Abono origen: 420 | Venta origen: 409
credit-payment:421,credit-note:404,2025-12-09 13:42:32,62.5,EFECTIVO,MIG-JM-ABONO-421,Abono origen: 421 | Venta origen: 404
credit-payment:422,credit-note:403,2025-12-09 13:42:48,5350,EFECTIVO,MIG-JM-ABONO-422,Abono origen: 422 | Venta origen: 403
credit-payment:423,credit-note:397,2025-12-09 13:43:15,4702,EFECTIVO,MIG-JM-ABONO-423,Abono origen: 423 | Venta origen: 397
credit-payment:424,credit-note:396,2025-12-09 13:43:31,3360,EFECTIVO,MIG-JM-ABONO-424,Abono origen: 424 | Venta origen: 396
credit-payment:425,credit-note:391,2025-12-09 13:43:54,5335,EFECTIVO,MIG-JM-ABONO-425,Abono origen: 425 | Venta origen: 391
credit-payment:426,credit-note:379,2025-12-09 13:44:18,8821,EFECTIVO,MIG-JM-ABONO-426,Abono origen: 426 | Venta origen: 379
credit-payment:427,credit-note:371,2025-12-09 13:44:35,894,EFECTIVO,MIG-JM-ABONO-427,Abono origen: 427 | Venta origen: 371
credit-payment:428,credit-note:748,2025-12-09 14:14:46,4200,EFECTIVO,MIG-JM-ABONO-428,Abono origen: 428 | Venta origen: 748
credit-payment:429,credit-note:735,2025-12-11 19:38:41,1950,EFECTIVO,MIG-JM-ABONO-429,Abono origen: 429 | Venta origen: 735
credit-payment:430,credit-note:731,2025-12-11 19:39:02,3300,EFECTIVO,MIG-JM-ABONO-430,Abono origen: 430 | Venta origen: 731
credit-payment:431,credit-note:210,2025-12-12 18:26:59,6886,EFECTIVO,MIG-JM-ABONO-431,Abono origen: 431 | Venta origen: 210
credit-payment:432,credit-note:103,2025-12-12 18:27:05,4600,EFECTIVO,MIG-JM-ABONO-432,Abono origen: 432 | Venta origen: 103
credit-payment:433,credit-note:191,2025-12-12 18:27:21,3000,EFECTIVO,MIG-JM-ABONO-433,Abono origen: 433 | Venta origen: 191
credit-payment:434,credit-note:109,2025-12-12 18:27:25,8294,EFECTIVO,MIG-JM-ABONO-434,Abono origen: 434 | Venta origen: 109
credit-payment:435,credit-note:193,2025-12-12 18:27:35,1900,EFECTIVO,MIG-JM-ABONO-435,Abono origen: 435 | Venta origen: 193
credit-payment:436,credit-note:299,2025-12-12 18:27:51,4200,EFECTIVO,MIG-JM-ABONO-436,Abono origen: 436 | Venta origen: 299
credit-payment:437,credit-note:460,2025-12-12 18:27:58,2500,EFECTIVO,MIG-JM-ABONO-437,Abono origen: 437 | Venta origen: 460
credit-payment:438,credit-note:532,2025-12-12 18:28:11,2500,EFECTIVO,MIG-JM-ABONO-438,Abono origen: 438 | Venta origen: 532
credit-payment:439,credit-note:328,2025-12-12 18:28:13,24000,EFECTIVO,MIG-JM-ABONO-439,Abono origen: 439 | Venta origen: 328
credit-payment:440,credit-note:585,2025-12-12 18:28:24,7400,EFECTIVO,MIG-JM-ABONO-440,Abono origen: 440 | Venta origen: 585
credit-payment:441,credit-note:484,2025-12-12 18:28:37,8400,EFECTIVO,MIG-JM-ABONO-441,Abono origen: 441 | Venta origen: 484
credit-payment:442,credit-note:646,2025-12-12 18:29:01,7020,EFECTIVO,MIG-JM-ABONO-442,Abono origen: 442 | Venta origen: 646
credit-payment:443,credit-note:709,2025-12-12 18:52:32,4200,EFECTIVO,MIG-JM-ABONO-443,Abono origen: 443 | Venta origen: 709
credit-payment:444,credit-note:726,2025-12-12 18:52:48,4200,EFECTIVO,MIG-JM-ABONO-444,Abono origen: 444 | Venta origen: 726
credit-payment:445,credit-note:765,2025-12-12 18:53:07,4200,EFECTIVO,MIG-JM-ABONO-445,Abono origen: 445 | Venta origen: 765
credit-payment:446,credit-note:779,2025-12-12 18:53:22,4200,EFECTIVO,MIG-JM-ABONO-446,Abono origen: 446 | Venta origen: 779
credit-payment:447,credit-note:777,2025-12-16 23:32:37,2555,EFECTIVO,MIG-JM-ABONO-447,Abono origen: 447 | Venta origen: 777
credit-payment:448,credit-note:722,2025-12-16 23:32:53,2500,EFECTIVO,MIG-JM-ABONO-448,Abono origen: 448 | Venta origen: 722
credit-payment:449,credit-note:721,2025-12-16 23:33:10,24900,EFECTIVO,MIG-JM-ABONO-449,Abono origen: 449 | Venta origen: 721
credit-payment:450,credit-note:682,2025-12-17 14:13:48,32,EFECTIVO,MIG-JM-ABONO-450,Abono origen: 450 | Venta origen: 682
credit-payment:451,credit-note:438,2025-12-17 14:14:04,4150,EFECTIVO,MIG-JM-ABONO-451,Abono origen: 451 | Venta origen: 438
credit-payment:452,credit-note:606,2025-12-17 14:14:17,3632,EFECTIVO,MIG-JM-ABONO-452,Abono origen: 452 | Venta origen: 606
credit-payment:453,credit-note:817,2025-12-17 19:32:01,1050,EFECTIVO,MIG-JM-ABONO-453,Abono origen: 453 | Venta origen: 817
credit-payment:454,credit-note:811,2025-12-17 19:32:14,2925,EFECTIVO,MIG-JM-ABONO-454,Abono origen: 454 | Venta origen: 811
credit-payment:455,credit-note:733,2025-12-17 19:32:33,5700,EFECTIVO,MIG-JM-ABONO-455,Abono origen: 455 | Venta origen: 733
credit-payment:456,credit-note:810,2025-12-17 21:17:28,8300,EFECTIVO,MIG-JM-ABONO-456,Abono origen: 456 | Venta origen: 810
credit-payment:457,credit-note:808,2025-12-17 21:17:40,3858,EFECTIVO,MIG-JM-ABONO-457,Abono origen: 457 | Venta origen: 808
credit-payment:458,credit-note:782,2025-12-17 21:28:30,13,EFECTIVO,MIG-JM-ABONO-458,Abono origen: 458 | Venta origen: 782
credit-payment:459,credit-note:738,2025-12-17 21:29:34,1180,EFECTIVO,MIG-JM-ABONO-459,Abono origen: 459 | Venta origen: 738
credit-payment:460,credit-note:734,2025-12-17 21:29:53,1567,EFECTIVO,MIG-JM-ABONO-460,Abono origen: 460 | Venta origen: 734
credit-payment:461,credit-note:716,2025-12-17 21:30:13,250,EFECTIVO,MIG-JM-ABONO-461,Abono origen: 461 | Venta origen: 716
credit-payment:462,credit-note:712,2025-12-17 21:30:32,1950,EFECTIVO,MIG-JM-ABONO-462,Abono origen: 462 | Venta origen: 712
credit-payment:463,credit-note:816,2025-12-18 19:13:02,1800,EFECTIVO,MIG-JM-ABONO-463,Abono origen: 463 | Venta origen: 816
credit-payment:464,credit-note:815,2025-12-18 19:13:16,3700,EFECTIVO,MIG-JM-ABONO-464,Abono origen: 464 | Venta origen: 815
credit-payment:465,credit-note:812,2025-12-18 19:13:28,2800,EFECTIVO,MIG-JM-ABONO-465,Abono origen: 465 | Venta origen: 812
credit-payment:466,credit-note:821,2025-12-18 19:13:45,1040,EFECTIVO,MIG-JM-ABONO-466,Abono origen: 466 | Venta origen: 821
credit-payment:467,credit-note:701,2025-12-18 19:14:07,3150,EFECTIVO,MIG-JM-ABONO-467,Abono origen: 467 | Venta origen: 701
credit-payment:468,credit-note:719,2025-12-18 19:14:19,4200,EFECTIVO,MIG-JM-ABONO-468,Abono origen: 468 | Venta origen: 719
credit-payment:469,credit-note:720,2025-12-18 19:14:29,3150,EFECTIVO,MIG-JM-ABONO-469,Abono origen: 469 | Venta origen: 720
credit-payment:470,credit-note:746,2025-12-18 19:14:41,8000,EFECTIVO,MIG-JM-ABONO-470,Abono origen: 470 | Venta origen: 746
credit-payment:471,credit-note:751,2025-12-18 19:18:30,1270,EFECTIVO,MIG-JM-ABONO-471,Abono origen: 471 | Venta origen: 751
credit-payment:472,credit-note:783,2025-12-18 19:19:00,2085,EFECTIVO,MIG-JM-ABONO-472,Abono origen: 472 | Venta origen: 783
credit-payment:473,credit-note:800,2025-12-18 19:26:40,1350,EFECTIVO,MIG-JM-ABONO-473,Abono origen: 473 | Venta origen: 800
credit-payment:474,credit-note:799,2025-12-18 19:27:12,5328,EFECTIVO,MIG-JM-ABONO-474,Abono origen: 474 | Venta origen: 799
credit-payment:475,credit-note:786,2025-12-18 19:27:53,136,EFECTIVO,MIG-JM-ABONO-475,Abono origen: 475 | Venta origen: 786
credit-payment:476,credit-note:802,2025-12-18 19:45:12,2800,EFECTIVO,MIG-JM-ABONO-476,Abono origen: 476 | Venta origen: 802
credit-payment:477,credit-note:820,2025-12-18 20:18:17,4200,EFECTIVO,MIG-JM-ABONO-477,Abono origen: 477 | Venta origen: 820
credit-payment:478,credit-note:756,2025-12-18 20:18:27,4200,EFECTIVO,MIG-JM-ABONO-478,Abono origen: 478 | Venta origen: 756
credit-payment:479,credit-note:745,2025-12-19 18:30:18,1754,EFECTIVO,MIG-JM-ABONO-479,Abono origen: 479 | Venta origen: 745
credit-payment:480,credit-note:825,2025-12-19 18:30:36,1000,EFECTIVO,MIG-JM-ABONO-480,Abono origen: 480 | Venta origen: 825
credit-payment:481,credit-note:830,2025-12-19 22:33:45,4200,EFECTIVO,MIG-JM-ABONO-481,Abono origen: 481 | Venta origen: 830
credit-payment:482,credit-note:781,2025-12-20 14:28:30,4160,EFECTIVO,MIG-JM-ABONO-482,Abono origen: 482 | Venta origen: 781
credit-payment:483,credit-note:747,2025-12-20 14:28:43,240,EFECTIVO,MIG-JM-ABONO-483,Abono origen: 483 | Venta origen: 747
credit-payment:484,credit-note:736,2025-12-20 14:43:14,4700,EFECTIVO,MIG-JM-ABONO-484,Abono origen: 484 | Venta origen: 736
credit-payment:485,credit-note:784,2025-12-22 15:12:55,158,EFECTIVO,MIG-JM-ABONO-485,Abono origen: 485 | Venta origen: 784
credit-payment:486,credit-note:833,2025-12-22 15:18:16,3260,EFECTIVO,MIG-JM-ABONO-486,Abono origen: 486 | Venta origen: 833
credit-payment:487,credit-note:851,2025-12-23 20:20:01,90,EFECTIVO,MIG-JM-ABONO-487,Abono origen: 487 | Venta origen: 851
credit-payment:488,credit-note:845,2025-12-23 20:20:15,1102.5,EFECTIVO,MIG-JM-ABONO-488,Abono origen: 488 | Venta origen: 845
credit-payment:489,credit-note:842,2025-12-23 20:20:28,2200,EFECTIVO,MIG-JM-ABONO-489,Abono origen: 489 | Venta origen: 842
credit-payment:490,credit-note:850,2025-12-23 20:20:41,343,EFECTIVO,MIG-JM-ABONO-490,Abono origen: 490 | Venta origen: 850
credit-payment:491,credit-note:860,2025-12-24 17:47:20,2100,EFECTIVO,MIG-JM-ABONO-491,Abono origen: 491 | Venta origen: 860
credit-payment:492,credit-note:862,2025-12-24 19:21:57,250,EFECTIVO,MIG-JM-ABONO-492,Abono origen: 492 | Venta origen: 862
credit-payment:493,credit-note:749,2025-12-26 13:24:08,11400,EFECTIVO,MIG-JM-ABONO-493,Abono origen: 493 | Venta origen: 749
credit-payment:494,credit-note:755,2025-12-26 13:25:08,3260,EFECTIVO,MIG-JM-ABONO-494,Abono origen: 494 | Venta origen: 755
credit-payment:495,credit-note:863,2025-12-26 19:02:28,4200,EFECTIVO,MIG-JM-ABONO-495,Abono origen: 495 | Venta origen: 863
credit-payment:496,credit-note:823,2025-12-26 20:14:04,2405,EFECTIVO,MIG-JM-ABONO-496,Abono origen: 496 | Venta origen: 823
credit-payment:497,credit-note:864,2025-12-26 20:14:26,4160,EFECTIVO,MIG-JM-ABONO-497,Abono origen: 497 | Venta origen: 864
credit-payment:498,credit-note:839,2025-12-29 13:22:31,1770,EFECTIVO,MIG-JM-ABONO-498,Abono origen: 498 | Venta origen: 839
credit-payment:499,credit-note:832,2025-12-29 13:23:10,59,EFECTIVO,MIG-JM-ABONO-499,Abono origen: 499 | Venta origen: 832
credit-payment:500,credit-note:844,2025-12-29 13:23:42,190,EFECTIVO,MIG-JM-ABONO-500,Abono origen: 500 | Venta origen: 844
credit-payment:501,credit-note:841,2025-12-29 13:24:45,18,EFECTIVO,MIG-JM-ABONO-501,Abono origen: 501 | Venta origen: 841
credit-payment:502,credit-note:793,2025-12-29 13:26:07,472,EFECTIVO,MIG-JM-ABONO-502,Abono origen: 502 | Venta origen: 793
credit-payment:503,credit-note:794,2025-12-29 13:26:29,124,EFECTIVO,MIG-JM-ABONO-503,Abono origen: 503 | Venta origen: 794
credit-payment:504,credit-note:795,2025-12-29 13:26:46,230,EFECTIVO,MIG-JM-ABONO-504,Abono origen: 504 | Venta origen: 795
credit-payment:505,credit-note:878,2025-12-30 17:10:36,1818,EFECTIVO,MIG-JM-ABONO-505,Abono origen: 505 | Venta origen: 878
credit-payment:506,credit-note:879,2025-12-30 17:31:17,1200,EFECTIVO,MIG-JM-ABONO-506,Abono origen: 506 | Venta origen: 879
credit-payment:507,credit-note:868,2025-12-30 20:10:42,5700,EFECTIVO,MIG-JM-ABONO-507,Abono origen: 507 | Venta origen: 868
credit-payment:508,credit-note:770,2025-12-30 20:11:01,8874.5,EFECTIVO,MIG-JM-ABONO-508,Abono origen: 508 | Venta origen: 770
credit-payment:509,credit-note:773,2025-12-30 20:11:18,7900,EFECTIVO,MIG-JM-ABONO-509,Abono origen: 509 | Venta origen: 773
credit-payment:510,credit-note:767,2025-12-30 20:11:37,32213,EFECTIVO,MIG-JM-ABONO-510,Abono origen: 510 | Venta origen: 767
credit-payment:511,credit-note:725,2025-12-30 20:11:53,1759,EFECTIVO,MIG-JM-ABONO-511,Abono origen: 511 | Venta origen: 725 | Forma pago origen: e
credit-payment:513,credit-note:888,2025-12-31 19:34:47,28,EFECTIVO,MIG-JM-ABONO-513,Abono origen: 513 | Venta origen: 888
credit-payment:514,credit-note:739,2025-12-31 20:42:16,15000,EFECTIVO,MIG-JM-ABONO-514,Abono origen: 514 | Venta origen: 739
credit-payment:515,credit-note:729,2025-12-31 20:42:31,29000,EFECTIVO,MIG-JM-ABONO-515,Abono origen: 515 | Venta origen: 729
credit-payment:516,credit-note:769,2025-12-31 20:42:57,30000,EFECTIVO,MIG-JM-ABONO-516,Abono origen: 516 | Venta origen: 769
credit-payment:517,credit-note:761,2025-12-31 20:43:04,690,EFECTIVO,MIG-JM-ABONO-517,Abono origen: 517 | Venta origen: 761
credit-payment:518,credit-note:772,2025-12-31 20:43:11,805,EFECTIVO,MIG-JM-ABONO-518,Abono origen: 518 | Venta origen: 772
credit-payment:519,credit-note:762,2025-12-31 20:43:41,5850,EFECTIVO,MIG-JM-ABONO-519,Abono origen: 519 | Venta origen: 762
credit-payment:520,credit-note:788,2025-12-31 20:43:57,14000,EFECTIVO,MIG-JM-ABONO-520,Abono origen: 520 | Venta origen: 788
credit-payment:521,credit-note:882,2026-01-02 14:21:52,97,EFECTIVO,MIG-JM-ABONO-521,Abono origen: 521 | Venta origen: 882
credit-payment:522,credit-note:854,2026-01-02 14:23:53,354,EFECTIVO,MIG-JM-ABONO-522,Abono origen: 522 | Venta origen: 854
credit-payment:523,credit-note:840,2026-01-02 14:24:01,1180,EFECTIVO,MIG-JM-ABONO-523,Abono origen: 523 | Venta origen: 840
credit-payment:524,credit-note:759,2026-01-02 14:26:39,5150,EFECTIVO,MIG-JM-ABONO-524,Abono origen: 524 | Venta origen: 759
credit-payment:525,credit-note:887,2026-01-02 14:30:18,1770,EFECTIVO,MIG-JM-ABONO-525,Abono origen: 525 | Venta origen: 887
credit-payment:526,credit-note:829,2026-01-02 14:31:17,2360,EFECTIVO,MIG-JM-ABONO-526,Abono origen: 526 | Venta origen: 829
credit-payment:527,credit-note:886,2026-01-03 18:44:25,26400,EFECTIVO,MIG-JM-ABONO-527,Abono origen: 527 | Venta origen: 886
credit-payment:528,credit-note:895,2026-01-03 18:44:32,33000,EFECTIVO,MIG-JM-ABONO-528,Abono origen: 528 | Venta origen: 895
credit-payment:529,credit-note:683,2026-01-03 18:45:10,12800,EFECTIVO,MIG-JM-ABONO-529,Abono origen: 529 | Venta origen: 683
credit-payment:530,credit-note:632,2026-01-03 18:45:52,1920,EFECTIVO,MIG-JM-ABONO-530,Abono origen: 530 | Venta origen: 632
credit-payment:531,credit-note:896,2026-01-03 18:47:43,3200,EFECTIVO,MIG-JM-ABONO-531,Abono origen: 531 | Venta origen: 896 | Forma pago origen: e
credit-payment:532,credit-note:787,2026-01-03 18:48:15,28500,EFECTIVO,MIG-JM-ABONO-532,Abono origen: 532 | Venta origen: 787
credit-payment:533,credit-note:848,2026-01-03 18:48:34,1900,EFECTIVO,MIG-JM-ABONO-533,Abono origen: 533 | Venta origen: 848
credit-payment:534,credit-note:819,2026-01-03 18:48:47,9750,EFECTIVO,MIG-JM-ABONO-534,Abono origen: 534 | Venta origen: 819
credit-payment:535,credit-note:718,2026-01-05 18:40:38,8200,EFECTIVO,MIG-JM-ABONO-535,Abono origen: 535 | Venta origen: 718
credit-payment:536,credit-note:789,2026-01-05 19:05:51,14000,EFECTIVO,MIG-JM-ABONO-536,Abono origen: 536 | Venta origen: 789
credit-payment:537,credit-note:792,2026-01-05 19:07:08,15000,EFECTIVO,MIG-JM-ABONO-537,Abono origen: 537 | Venta origen: 792
credit-payment:538,credit-note:763,2026-01-05 19:07:43,1821.3,EFECTIVO,MIG-JM-ABONO-538,Abono origen: 538 | Venta origen: 763
credit-payment:539,credit-note:797,2026-01-05 19:09:18,3315,EFECTIVO,MIG-JM-ABONO-539,Abono origen: 539 | Venta origen: 797
credit-payment:540,credit-note:901,2026-01-06 14:43:33,4200,EFECTIVO,MIG-JM-ABONO-540,Abono origen: 540 | Venta origen: 901
credit-payment:541,credit-note:899,2026-01-06 14:43:39,4700,EFECTIVO,MIG-JM-ABONO-541,Abono origen: 541 | Venta origen: 899
credit-payment:542,credit-note:834,2026-01-07 14:20:39,2080,EFECTIVO,MIG-JM-ABONO-542,Abono origen: 542 | Venta origen: 834
credit-payment:543,credit-note:465,2026-01-07 17:38:29,1800,EFECTIVO,MIG-JM-ABONO-543,Abono origen: 543 | Venta origen: 465
credit-payment:544,credit-note:804,2026-01-07 21:24:32,17850,EFECTIVO,MIG-JM-ABONO-544,Abono origen: 544 | Venta origen: 804 | Forma pago origen: e
credit-payment:545,credit-note:908,2026-01-08 18:03:23,9100,EFECTIVO,MIG-JM-ABONO-545,Abono origen: 545 | Venta origen: 908
credit-payment:546,credit-note:818,2026-01-08 18:03:28,9100,EFECTIVO,MIG-JM-ABONO-546,Abono origen: 546 | Venta origen: 818
credit-payment:547,credit-note:764,2026-01-08 18:03:32,4550,EFECTIVO,MIG-JM-ABONO-547,Abono origen: 547 | Venta origen: 764
credit-payment:548,credit-note:760,2026-01-08 18:03:37,4550,EFECTIVO,MIG-JM-ABONO-548,Abono origen: 548 | Venta origen: 760
credit-payment:549,credit-note:931,2026-01-08 20:34:58,3360,EFECTIVO,MIG-JM-ABONO-549,Abono origen: 549 | Venta origen: 931
credit-payment:550,credit-note:905,2026-01-09 15:59:22,16000,EFECTIVO,MIG-JM-ABONO-550,Abono origen: 550 | Venta origen: 905
credit-payment:551,credit-note:876,2026-01-09 15:59:26,16000,EFECTIVO,MIG-JM-ABONO-551,Abono origen: 551 | Venta origen: 876
credit-payment:552,credit-note:875,2026-01-09 15:59:32,16000,EFECTIVO,MIG-JM-ABONO-552,Abono origen: 552 | Venta origen: 875
credit-payment:553,credit-note:874,2026-01-09 15:59:37,16000,EFECTIVO,MIG-JM-ABONO-553,Abono origen: 553 | Venta origen: 874
credit-payment:554,credit-note:730,2026-01-09 15:59:42,16000,EFECTIVO,MIG-JM-ABONO-554,Abono origen: 554 | Venta origen: 730
credit-payment:555,credit-note:926,2026-01-09 19:11:40,13680,EFECTIVO,MIG-JM-ABONO-555,Abono origen: 555 | Venta origen: 926
credit-payment:556,credit-note:858,2026-01-09 19:12:14,102,EFECTIVO,MIG-JM-ABONO-556,Abono origen: 556 | Venta origen: 858
credit-payment:557,credit-note:527,2026-01-10 13:41:16,4700,EFECTIVO,MIG-JM-ABONO-557,Abono origen: 557 | Venta origen: 527
credit-payment:558,credit-note:539,2026-01-10 13:43:39,1350,EFECTIVO,MIG-JM-ABONO-558,Abono origen: 558 | Venta origen: 539
credit-payment:559,credit-note:570,2026-01-10 13:45:06,2360,EFECTIVO,MIG-JM-ABONO-559,Abono origen: 559 | Venta origen: 570
credit-payment:560,credit-note:591,2026-01-10 13:45:14,2474.5,EFECTIVO,MIG-JM-ABONO-560,Abono origen: 560 | Venta origen: 591
credit-payment:561,credit-note:598,2026-01-10 13:45:21,2400,EFECTIVO,MIG-JM-ABONO-561,Abono origen: 561 | Venta origen: 598
credit-payment:562,credit-note:607,2026-01-10 13:45:29,3700,EFECTIVO,MIG-JM-ABONO-562,Abono origen: 562 | Venta origen: 607
credit-payment:563,credit-note:634,2026-01-10 13:45:37,8647,EFECTIVO,MIG-JM-ABONO-563,Abono origen: 563 | Venta origen: 634
credit-payment:564,credit-note:643,2026-01-10 13:45:44,450,EFECTIVO,MIG-JM-ABONO-564,Abono origen: 564 | Venta origen: 643
credit-payment:565,credit-note:644,2026-01-10 13:45:54,2400,EFECTIVO,MIG-JM-ABONO-565,Abono origen: 565 | Venta origen: 644
credit-payment:566,credit-note:662,2026-01-10 13:46:02,1850,EFECTIVO,MIG-JM-ABONO-566,Abono origen: 566 | Venta origen: 662
credit-payment:567,credit-note:665,2026-01-10 13:46:09,450,EFECTIVO,MIG-JM-ABONO-567,Abono origen: 567 | Venta origen: 665
credit-payment:568,credit-note:473,2026-01-10 13:46:41,127,EFECTIVO,MIG-JM-ABONO-568,Abono origen: 568 | Venta origen: 473
credit-payment:569,credit-note:439,2026-01-10 13:46:49,4228,EFECTIVO,MIG-JM-ABONO-569,Abono origen: 569 | Venta origen: 439
credit-payment:570,credit-note:447,2026-01-10 13:46:59,96,EFECTIVO,MIG-JM-ABONO-570,Abono origen: 570 | Venta origen: 447
credit-payment:571,credit-note:503,2026-01-10 13:47:06,127,EFECTIVO,MIG-JM-ABONO-571,Abono origen: 571 | Venta origen: 503
credit-payment:572,credit-note:518,2026-01-10 13:47:12,4700,EFECTIVO,MIG-JM-ABONO-572,Abono origen: 572 | Venta origen: 518
credit-payment:573,credit-note:501,2026-01-10 13:47:21,1914,EFECTIVO,MIG-JM-ABONO-573,Abono origen: 573 | Venta origen: 501
credit-payment:574,credit-note:482,2026-01-10 13:47:27,4700,EFECTIVO,MIG-JM-ABONO-574,Abono origen: 574 | Venta origen: 482
credit-payment:575,credit-note:917,2026-01-12 14:53:08,2150,EFECTIVO,MIG-JM-ABONO-575,Abono origen: 575 | Venta origen: 917
credit-payment:576,credit-note:944,2026-01-12 14:53:13,1075,EFECTIVO,MIG-JM-ABONO-576,Abono origen: 576 | Venta origen: 944
credit-payment:577,credit-note:947,2026-01-12 19:52:04,4950,EFECTIVO,MIG-JM-ABONO-577,Abono origen: 577 | Venta origen: 947
credit-payment:578,credit-note:898,2026-01-13 21:46:10,2670,EFECTIVO,MIG-JM-ABONO-578,Abono origen: 578 | Venta origen: 898
credit-payment:579,credit-note:843,2026-01-13 21:46:22,2360,EFECTIVO,MIG-JM-ABONO-579,Abono origen: 579 | Venta origen: 843
credit-payment:580,credit-note:935,2026-01-13 21:46:37,345,EFECTIVO,MIG-JM-ABONO-580,Abono origen: 580 | Venta origen: 935
credit-payment:581,credit-note:893,2026-01-13 21:47:00,1698,EFECTIVO,MIG-JM-ABONO-581,Abono origen: 581 | Venta origen: 893
credit-payment:582,credit-note:960,2026-01-13 21:47:07,115,EFECTIVO,MIG-JM-ABONO-582,Abono origen: 582 | Venta origen: 960
credit-payment:583,credit-note:906,2026-01-13 21:52:24,26348,EFECTIVO,MIG-JM-ABONO-583,Abono origen: 583 | Venta origen: 906
credit-payment:584,credit-note:827,2026-01-13 21:52:43,3652,TARJETA,MIG-JM-ABONO-584,Abono origen: 584 | Venta origen: 827 | Forma pago origen: t
credit-payment:585,credit-note:940,2026-01-14 14:26:18,7200,EFECTIVO,MIG-JM-ABONO-585,Abono origen: 585 | Venta origen: 940
credit-payment:586,credit-note:919,2026-01-14 14:26:35,9235,EFECTIVO,MIG-JM-ABONO-586,Abono origen: 586 | Venta origen: 919
credit-payment:587,credit-note:932,2026-01-15 19:02:15,261,EFECTIVO,MIG-JM-ABONO-587,Abono origen: 587 | Venta origen: 932
credit-payment:588,credit-note:902,2026-01-15 19:02:22,2654,EFECTIVO,MIG-JM-ABONO-588,Abono origen: 588 | Venta origen: 902
credit-payment:589,credit-note:930,2026-01-15 19:05:33,408,EFECTIVO,MIG-JM-ABONO-589,Abono origen: 589 | Venta origen: 930
credit-payment:590,credit-note:807,2026-01-15 19:41:16,2833,EFECTIVO,MIG-JM-ABONO-590,Abono origen: 590 | Venta origen: 807
credit-payment:591,credit-note:924,2026-01-15 19:47:42,4912,EFECTIVO,MIG-JM-ABONO-591,Abono origen: 591 | Venta origen: 924
credit-payment:592,credit-note:346,2026-01-15 20:01:51,31500,EFECTIVO,MIG-JM-ABONO-592,Abono origen: 592 | Venta origen: 346
credit-payment:593,credit-note:993,2026-01-15 23:09:06,3150,EFECTIVO,MIG-JM-ABONO-593,Abono origen: 593 | Venta origen: 993
credit-payment:594,credit-note:942,2026-01-16 21:01:20,1900,EFECTIVO,MIG-JM-ABONO-594,Abono origen: 594 | Venta origen: 942
credit-payment:595,credit-note:1014,2026-01-19 15:56:48,6000,EFECTIVO,MIG-JM-ABONO-595,Abono origen: 595 | Venta origen: 1014
credit-payment:596,credit-note:826,2026-01-19 16:10:57,44000,EFECTIVO,MIG-JM-ABONO-596,Abono origen: 596 | Venta origen: 826
credit-payment:597,credit-note:804,2026-01-19 17:43:20,12150,EFECTIVO,MIG-JM-ABONO-597,Abono origen: 597 | Venta origen: 804
credit-payment:598,credit-note:865,2026-01-19 18:23:13,194,EFECTIVO,MIG-JM-ABONO-598,Abono origen: 598 | Venta origen: 865
credit-payment:599,credit-note:855,2026-01-19 18:23:21,2006,EFECTIVO,MIG-JM-ABONO-599,Abono origen: 599 | Venta origen: 855
credit-payment:600,credit-note:857,2026-01-19 18:23:39,2439.5,EFECTIVO,MIG-JM-ABONO-600,Abono origen: 600 | Venta origen: 857
credit-payment:601,credit-note:1006,2026-01-20 21:02:22,930,EFECTIVO,MIG-JM-ABONO-601,Abono origen: 601 | Venta origen: 1006
credit-payment:602,credit-note:835,2026-01-21 14:25:43,6350,EFECTIVO,MIG-JM-ABONO-602,Abono origen: 602 | Venta origen: 835
credit-payment:603,credit-note:822,2026-01-21 14:25:52,780,EFECTIVO,MIG-JM-ABONO-603,Abono origen: 603 | Venta origen: 822
credit-payment:604,credit-note:827,2026-01-21 14:25:57,3748,EFECTIVO,MIG-JM-ABONO-604,Abono origen: 604 | Venta origen: 827
credit-payment:605,credit-note:838,2026-01-21 14:26:22,4200,EFECTIVO,MIG-JM-ABONO-605,Abono origen: 605 | Venta origen: 838
credit-payment:606,credit-note:1037,2026-01-21 20:11:30,11000,EFECTIVO,MIG-JM-ABONO-606,Abono origen: 606 | Venta origen: 1037
credit-payment:607,credit-note:1008,2026-01-23 14:06:28,1250,EFECTIVO,MIG-JM-ABONO-607,Abono origen: 607 | Venta origen: 1008
credit-payment:608,credit-note:1041,2026-01-23 14:06:33,625,EFECTIVO,MIG-JM-ABONO-608,Abono origen: 608 | Venta origen: 1041
credit-payment:609,credit-note:914,2026-01-23 14:08:15,1125,EFECTIVO,MIG-JM-ABONO-609,Abono origen: 609 | Venta origen: 914
credit-payment:610,credit-note:1059,2026-01-23 16:39:11,11960,EFECTIVO,MIG-JM-ABONO-610,Abono origen: 610 | Venta origen: 1059
credit-payment:611,credit-note:950,2026-01-23 18:55:23,1580,EFECTIVO,MIG-JM-ABONO-611,Abono origen: 611 | Venta origen: 950
credit-payment:612,credit-note:979,2026-01-26 15:04:57,4600,EFECTIVO,MIG-JM-ABONO-612,Abono origen: 612 | Venta origen: 979
credit-payment:613,credit-note:963,2026-01-26 15:05:15,92.5,EFECTIVO,MIG-JM-ABONO-613,Abono origen: 613 | Venta origen: 963
credit-payment:614,credit-note:913,2026-01-27 19:49:30,6050,EFECTIVO,MIG-JM-ABONO-614,Abono origen: 614 | Venta origen: 913
credit-payment:615,credit-note:911,2026-01-28 14:23:54,4200,EFECTIVO,MIG-JM-ABONO-615,Abono origen: 615 | Venta origen: 911
credit-payment:616,credit-note:933,2026-01-28 14:23:59,4200,EFECTIVO,MIG-JM-ABONO-616,Abono origen: 616 | Venta origen: 933
credit-payment:617,credit-note:966,2026-01-28 23:36:59,1800,EFECTIVO,MIG-JM-ABONO-617,Abono origen: 617 | Venta origen: 966
credit-payment:618,credit-note:965,2026-01-28 23:37:03,1800,EFECTIVO,MIG-JM-ABONO-618,Abono origen: 618 | Venta origen: 965
credit-payment:619,credit-note:900,2026-01-29 14:07:23,74660,EFECTIVO,MIG-JM-ABONO-619,Abono origen: 619 | Venta origen: 900
credit-payment:620,credit-note:884,2026-01-29 14:07:31,4985,EFECTIVO,MIG-JM-ABONO-620,Abono origen: 620 | Venta origen: 884
credit-payment:621,credit-note:881,2026-01-29 14:07:38,4650,EFECTIVO,MIG-JM-ABONO-621,Abono origen: 621 | Venta origen: 881
credit-payment:622,credit-note:1072,2026-01-29 21:26:07,570,EFECTIVO,MIG-JM-ABONO-622,Abono origen: 622 | Venta origen: 1072
credit-payment:623,credit-note:1115,2026-01-29 21:26:45,2585,EFECTIVO,MIG-JM-ABONO-623,Abono origen: 623 | Venta origen: 1115
credit-payment:624,credit-note:1064,2026-01-30 15:03:40,397,EFECTIVO,MIG-JM-ABONO-624,Abono origen: 624 | Venta origen: 1064
credit-payment:625,credit-note:1086,2026-01-30 15:03:47,2950,EFECTIVO,MIG-JM-ABONO-625,Abono origen: 625 | Venta origen: 1086
credit-payment:626,credit-note:580,2026-01-30 21:13:46,500,EFECTIVO,MIG-JM-ABONO-626,Abono origen: 626 | Venta origen: 580
credit-payment:627,credit-note:587,2026-01-30 21:13:58,500,EFECTIVO,MIG-JM-ABONO-627,Abono origen: 627 | Venta origen: 587 | Forma pago origen: e
credit-payment:628,credit-note:1122,2026-02-02 14:16:38,2000,EFECTIVO,MIG-JM-ABONO-628,Abono origen: 628 | Venta origen: 1122
credit-payment:629,credit-note:994,2026-02-02 14:17:26,11294,EFECTIVO,MIG-JM-ABONO-629,Abono origen: 629 | Venta origen: 994
credit-payment:630,credit-note:1116,2026-02-02 22:05:41,5180,EFECTIVO,MIG-JM-ABONO-630,Abono origen: 630 | Venta origen: 1116
credit-payment:631,credit-note:1183,2026-02-04 20:12:53,98,EFECTIVO,MIG-JM-ABONO-631,Abono origen: 631 | Venta origen: 1183
credit-payment:632,credit-note:1119,2026-02-05 15:47:49,1044,EFECTIVO,MIG-JM-ABONO-632,Abono origen: 632 | Venta origen: 1119
credit-payment:633,credit-note:1126,2026-02-05 15:47:56,25,EFECTIVO,MIG-JM-ABONO-633,Abono origen: 633 | Venta origen: 1126
credit-payment:634,credit-note:1160,2026-02-05 15:48:04,1267,EFECTIVO,MIG-JM-ABONO-634,Abono origen: 634 | Venta origen: 1160
credit-payment:635,credit-note:1194,2026-02-06 13:49:40,868,EFECTIVO,MIG-JM-ABONO-635,Abono origen: 635 | Venta origen: 1194
credit-payment:636,credit-note:1028,2026-02-06 13:50:13,4610,EFECTIVO,MIG-JM-ABONO-636,Abono origen: 636 | Venta origen: 1028
credit-payment:637,credit-note:1209,2026-02-06 14:47:39,95,EFECTIVO,MIG-JM-ABONO-637,Abono origen: 637 | Venta origen: 1209
credit-payment:638,credit-note:1019,2026-02-06 20:29:36,690,EFECTIVO,MIG-JM-ABONO-638,Abono origen: 638 | Venta origen: 1019
credit-payment:639,credit-note:1012,2026-02-06 20:29:41,345,EFECTIVO,MIG-JM-ABONO-639,Abono origen: 639 | Venta origen: 1012
credit-payment:640,credit-note:927,2026-02-06 20:29:52,5918,EFECTIVO,MIG-JM-ABONO-640,Abono origen: 640 | Venta origen: 927
credit-payment:641,credit-note:1011,2026-02-06 20:30:06,114,EFECTIVO,MIG-JM-ABONO-641,Abono origen: 641 | Venta origen: 1011
credit-payment:642,credit-note:1195,2026-02-06 20:40:26,1760,EFECTIVO,MIG-JM-ABONO-642,Abono origen: 642 | Venta origen: 1195
credit-payment:643,credit-note:1218,2026-02-07 18:35:03,2320,EFECTIVO,MIG-JM-ABONO-643,Abono origen: 643 | Venta origen: 1218
credit-payment:644,credit-note:957,2026-02-09 18:29:55,2081,EFECTIVO,MIG-JM-ABONO-644,Abono origen: 644 | Venta origen: 957
credit-payment:645,credit-note:958,2026-02-09 18:30:53,2700,EFECTIVO,MIG-JM-ABONO-645,Abono origen: 645 | Venta origen: 958
credit-payment:646,credit-note:959,2026-02-09 18:31:03,3150,EFECTIVO,MIG-JM-ABONO-646,Abono origen: 646 | Venta origen: 959
credit-payment:647,credit-note:1030,2026-02-09 18:31:25,3600,EFECTIVO,MIG-JM-ABONO-647,Abono origen: 647 | Venta origen: 1030
credit-payment:648,credit-note:1175,2026-02-09 18:31:53,50,EFECTIVO,MIG-JM-ABONO-648,Abono origen: 648 | Venta origen: 1175
credit-payment:649,credit-note:1075,2026-02-09 18:32:04,14678,EFECTIVO,MIG-JM-ABONO-649,Abono origen: 649 | Venta origen: 1075
credit-payment:650,credit-note:1090,2026-02-09 18:33:29,2790,EFECTIVO,MIG-JM-ABONO-650,Abono origen: 650 | Venta origen: 1090
credit-payment:651,credit-note:1174,2026-02-09 18:33:40,1275,EFECTIVO,MIG-JM-ABONO-651,Abono origen: 651 | Venta origen: 1174
credit-payment:652,credit-note:949,2026-02-09 18:33:50,35205,EFECTIVO,MIG-JM-ABONO-652,Abono origen: 652 | Venta origen: 949
credit-payment:653,credit-note:1127,2026-02-09 18:46:19,1210,EFECTIVO,MIG-JM-ABONO-653,Abono origen: 653 | Venta origen: 1127
credit-payment:654,credit-note:1076,2026-02-09 18:46:43,6390,EFECTIVO,MIG-JM-ABONO-654,Abono origen: 654 | Venta origen: 1076
credit-payment:655,credit-note:1120,2026-02-10 14:00:56,1278,EFECTIVO,MIG-JM-ABONO-655,Abono origen: 655 | Venta origen: 1120
credit-payment:656,credit-note:1009,2026-02-10 14:01:01,3860,EFECTIVO,MIG-JM-ABONO-656,Abono origen: 656 | Venta origen: 1009
credit-payment:657,credit-note:1091,2026-02-11 22:31:19,6900,EFECTIVO,MIG-JM-ABONO-657,Abono origen: 657 | Venta origen: 1091
credit-payment:658,credit-note:1054,2026-02-11 22:31:25,9300,EFECTIVO,MIG-JM-ABONO-658,Abono origen: 658 | Venta origen: 1054
credit-payment:659,credit-note:972,2026-02-11 22:31:32,9100,EFECTIVO,MIG-JM-ABONO-659,Abono origen: 659 | Venta origen: 972
credit-payment:660,credit-note:1166,2026-02-11 22:31:39,9300,EFECTIVO,MIG-JM-ABONO-660,Abono origen: 660 | Venta origen: 1166
credit-payment:661,credit-note:1094,2026-02-11 22:31:44,247,EFECTIVO,MIG-JM-ABONO-661,Abono origen: 661 | Venta origen: 1094
credit-payment:662,credit-note:1203,2026-02-11 22:32:07,8300,EFECTIVO,MIG-JM-ABONO-662,Abono origen: 662 | Venta origen: 1203
credit-payment:663,credit-note:955,2026-02-11 22:53:24,111,EFECTIVO,MIG-JM-ABONO-663,Abono origen: 663 | Venta origen: 955
credit-payment:664,credit-note:1020,2026-02-11 22:53:38,132,EFECTIVO,MIG-JM-ABONO-664,Abono origen: 664 | Venta origen: 1020
credit-payment:665,credit-note:962,2026-02-11 22:53:45,6100,EFECTIVO,MIG-JM-ABONO-665,Abono origen: 665 | Venta origen: 962
credit-payment:666,credit-note:995,2026-02-11 22:53:52,4200,EFECTIVO,MIG-JM-ABONO-666,Abono origen: 666 | Venta origen: 995
credit-payment:667,credit-note:945,2026-02-11 22:53:59,171,EFECTIVO,MIG-JM-ABONO-667,Abono origen: 667 | Venta origen: 945
credit-payment:668,credit-note:939,2026-02-11 22:54:05,1905,EFECTIVO,MIG-JM-ABONO-668,Abono origen: 668 | Venta origen: 939
credit-payment:669,credit-note:921,2026-02-11 22:54:11,720,EFECTIVO,MIG-JM-ABONO-669,Abono origen: 669 | Venta origen: 921
credit-payment:670,credit-note:846,2026-02-11 22:54:18,607,EFECTIVO,MIG-JM-ABONO-670,Abono origen: 670 | Venta origen: 846
credit-payment:671,credit-note:916,2026-02-11 22:54:25,4820,EFECTIVO,MIG-JM-ABONO-671,Abono origen: 671 | Venta origen: 916
credit-payment:672,credit-note:1023,2026-02-11 22:55:44,14900,EFECTIVO,MIG-JM-ABONO-672,Abono origen: 672 | Venta origen: 1023
credit-payment:673,credit-note:1184,2026-02-12 13:43:02,3000,EFECTIVO,MIG-JM-ABONO-673,Abono origen: 673 | Venta origen: 1184
credit-payment:674,credit-note:1185,2026-02-12 13:43:07,41000,EFECTIVO,MIG-JM-ABONO-674,Abono origen: 674 | Venta origen: 1185
credit-payment:675,credit-note:1180,2026-02-12 16:00:23,8550,EFECTIVO,MIG-JM-ABONO-675,Abono origen: 675 | Venta origen: 1180
credit-payment:676,credit-note:1069,2026-02-12 18:40:47,4500,EFECTIVO,MIG-JM-ABONO-676,Abono origen: 676 | Venta origen: 1069
credit-payment:677,credit-note:907,2026-02-13 13:25:45,26400,EFECTIVO,MIG-JM-ABONO-677,Abono origen: 677 | Venta origen: 907
credit-payment:678,credit-note:692,2026-02-13 13:35:10,920,EFECTIVO,MIG-JM-ABONO-678,Abono origen: 678 | Venta origen: 692
credit-payment:679,credit-note:1117,2026-02-13 19:08:01,1035,EFECTIVO,MIG-JM-ABONO-679,Abono origen: 679 | Venta origen: 1117
credit-payment:680,credit-note:1147,2026-02-13 19:08:08,575,EFECTIVO,MIG-JM-ABONO-680,Abono origen: 680 | Venta origen: 1147
credit-payment:681,credit-note:1202,2026-02-13 19:09:15,230,EFECTIVO,MIG-JM-ABONO-681,Abono origen: 681 | Venta origen: 1202
credit-payment:682,credit-note:1159,2026-02-13 19:09:23,575,EFECTIVO,MIG-JM-ABONO-682,Abono origen: 682 | Venta origen: 1159
credit-payment:683,credit-note:1155,2026-02-13 19:09:34,251,EFECTIVO,MIG-JM-ABONO-683,Abono origen: 683 | Venta origen: 1155
credit-payment:684,credit-note:1022,2026-02-13 19:09:42,1250,EFECTIVO,MIG-JM-ABONO-684,Abono origen: 684 | Venta origen: 1022
credit-payment:685,credit-note:968,2026-02-13 19:09:58,1725,EFECTIVO,MIG-JM-ABONO-685,Abono origen: 685 | Venta origen: 968
credit-payment:686,credit-note:1254,2026-02-13 19:56:23,5150,EFECTIVO,MIG-JM-ABONO-686,Abono origen: 686 | Venta origen: 1254
credit-payment:687,credit-note:891,2026-02-13 21:13:19,345,EFECTIVO,MIG-JM-ABONO-687,Abono origen: 687 | Venta origen: 891
credit-payment:688,credit-note:883,2026-02-13 21:13:23,1150,EFECTIVO,MIG-JM-ABONO-688,Abono origen: 688 | Venta origen: 883
credit-payment:689,credit-note:877,2026-02-13 21:13:28,1428,EFECTIVO,MIG-JM-ABONO-689,Abono origen: 689 | Venta origen: 877
credit-payment:690,credit-note:831,2026-02-13 21:13:32,90,EFECTIVO,MIG-JM-ABONO-690,Abono origen: 690 | Venta origen: 831
credit-payment:691,credit-note:541,2026-02-16 17:23:53,90,EFECTIVO,MIG-JM-ABONO-691,Abono origen: 691 | Venta origen: 541
credit-payment:692,credit-note:566,2026-02-16 17:24:02,66,EFECTIVO,MIG-JM-ABONO-692,Abono origen: 692 | Venta origen: 566
credit-payment:693,credit-note:593,2026-02-16 17:28:14,208,EFECTIVO,MIG-JM-ABONO-693,Abono origen: 693 | Venta origen: 593
credit-payment:694,credit-note:613,2026-02-16 17:28:51,104,EFECTIVO,MIG-JM-ABONO-694,Abono origen: 694 | Venta origen: 613
credit-payment:695,credit-note:776,2026-02-16 17:29:03,2592,EFECTIVO,MIG-JM-ABONO-695,Abono origen: 695 | Venta origen: 776
credit-payment:696,credit-note:1092,2026-02-16 17:29:20,101,EFECTIVO,MIG-JM-ABONO-696,Abono origen: 696 | Venta origen: 1092
credit-payment:697,credit-note:1093,2026-02-16 17:29:32,100,EFECTIVO,MIG-JM-ABONO-697,Abono origen: 697 | Venta origen: 1093
credit-payment:698,credit-note:1164,2026-02-16 17:29:52,104,EFECTIVO,MIG-JM-ABONO-698,Abono origen: 698 | Venta origen: 1164
credit-payment:699,credit-note:910,2026-02-16 17:30:00,4500,EFECTIVO,MIG-JM-ABONO-699,Abono origen: 699 | Venta origen: 910
credit-payment:700,credit-note:523,2026-02-16 17:30:28,13600,EFECTIVO,MIG-JM-ABONO-700,Abono origen: 700 | Venta origen: 523
credit-payment:701,credit-note:1198,2026-02-16 17:59:29,4700,EFECTIVO,MIG-JM-ABONO-701,Abono origen: 701 | Venta origen: 1198
credit-payment:702,credit-note:1199,2026-02-16 17:59:43,4200,EFECTIVO,MIG-JM-ABONO-702,Abono origen: 702 | Venta origen: 1199
credit-payment:703,credit-note:1260,2026-02-16 17:59:50,4960,EFECTIVO,MIG-JM-ABONO-703,Abono origen: 703 | Venta origen: 1260
credit-payment:704,credit-note:1083,2026-02-16 18:00:18,4700,EFECTIVO,MIG-JM-ABONO-704,Abono origen: 704 | Venta origen: 1083
credit-payment:705,credit-note:1156,2026-02-17 14:33:55,14400,EFECTIVO,MIG-JM-ABONO-705,Abono origen: 705 | Venta origen: 1156
credit-payment:706,credit-note:1157,2026-02-17 14:34:16,7200,EFECTIVO,MIG-JM-ABONO-706,Abono origen: 706 | Venta origen: 1157
credit-payment:707,credit-note:1283,2026-02-17 17:12:04,2427,EFECTIVO,MIG-JM-ABONO-707,Abono origen: 707 | Venta origen: 1283
credit-payment:708,credit-note:1187,2026-02-17 20:28:36,11700,EFECTIVO,MIG-JM-ABONO-708,Abono origen: 708 | Venta origen: 1187
credit-payment:709,credit-note:1170,2026-02-17 20:52:04,2058,EFECTIVO,MIG-JM-ABONO-709,Abono origen: 709 | Venta origen: 1170
credit-payment:710,credit-note:1123,2026-02-17 20:57:21,7160,EFECTIVO,MIG-JM-ABONO-710,Abono origen: 710 | Venta origen: 1123
credit-payment:711,credit-note:1132,2026-02-17 20:57:27,708,EFECTIVO,MIG-JM-ABONO-711,Abono origen: 711 | Venta origen: 1132
credit-payment:712,credit-note:1079,2026-02-17 20:57:44,1710,EFECTIVO,MIG-JM-ABONO-712,Abono origen: 712 | Venta origen: 1079
credit-payment:713,credit-note:1074,2026-02-17 20:57:53,750,EFECTIVO,MIG-JM-ABONO-713,Abono origen: 713 | Venta origen: 1074
credit-payment:714,credit-note:1058,2026-02-17 20:58:02,150,EFECTIVO,MIG-JM-ABONO-714,Abono origen: 714 | Venta origen: 1058
credit-payment:715,credit-note:1057,2026-02-17 20:58:33,10100,EFECTIVO,MIG-JM-ABONO-715,Abono origen: 715 | Venta origen: 1057
credit-payment:716,credit-note:1098,2026-02-17 20:58:40,5510,EFECTIVO,MIG-JM-ABONO-716,Abono origen: 716 | Venta origen: 1098
credit-payment:717,credit-note:1100,2026-02-17 20:58:46,206,EFECTIVO,MIG-JM-ABONO-717,Abono origen: 717 | Venta origen: 1100
credit-payment:718,credit-note:1111,2026-02-17 20:58:54,259,EFECTIVO,MIG-JM-ABONO-718,Abono origen: 718 | Venta origen: 1111
credit-payment:719,credit-note:1112,2026-02-17 20:59:03,4200,EFECTIVO,MIG-JM-ABONO-719,Abono origen: 719 | Venta origen: 1112
credit-payment:720,credit-note:869,2026-02-18 19:30:12,250,EFECTIVO,MIG-JM-ABONO-720,Abono origen: 720 | Venta origen: 869
credit-payment:721,credit-note:847,2026-02-18 19:30:23,832,EFECTIVO,MIG-JM-ABONO-721,Abono origen: 721 | Venta origen: 847
credit-payment:722,credit-note:1211,2026-02-19 21:59:19,1276,EFECTIVO,MIG-JM-ABONO-722,Abono origen: 722 | Venta origen: 1211
credit-payment:723,credit-note:1212,2026-02-19 21:59:29,75,EFECTIVO,MIG-JM-ABONO-723,Abono origen: 723 | Venta origen: 1212
credit-payment:724,credit-note:1215,2026-02-19 21:59:40,225,EFECTIVO,MIG-JM-ABONO-724,Abono origen: 724 | Venta origen: 1215
credit-payment:725,credit-note:1216,2026-02-19 21:59:48,225,EFECTIVO,MIG-JM-ABONO-725,Abono origen: 725 | Venta origen: 1216
credit-payment:726,credit-note:1266,2026-02-20 18:35:08,1040,EFECTIVO,MIG-JM-ABONO-726,Abono origen: 726 | Venta origen: 1266
credit-payment:727,credit-note:1154,2026-02-20 18:35:30,340,EFECTIVO,MIG-JM-ABONO-727,Abono origen: 727 | Venta origen: 1154
credit-payment:728,credit-note:1021,2026-02-20 18:35:37,1925,EFECTIVO,MIG-JM-ABONO-728,Abono origen: 728 | Venta origen: 1021
credit-payment:729,credit-note:1025,2026-02-20 18:35:47,1350,EFECTIVO,MIG-JM-ABONO-729,Abono origen: 729 | Venta origen: 1025
credit-payment:730,credit-note:1303,2026-02-20 19:10:09,3600,EFECTIVO,MIG-JM-ABONO-730,Abono origen: 730 | Venta origen: 1303
credit-payment:731,credit-note:1327,2026-02-24 20:29:21,34,EFECTIVO,MIG-JM-ABONO-731,Abono origen: 731 | Venta origen: 1327
credit-payment:732,credit-note:1325,2026-02-24 20:29:25,590,EFECTIVO,MIG-JM-ABONO-732,Abono origen: 732 | Venta origen: 1325
credit-payment:733,credit-note:1124,2026-02-24 20:29:44,2500,EFECTIVO,MIG-JM-ABONO-733,Abono origen: 733 | Venta origen: 1124
credit-payment:734,credit-note:1333,2026-02-24 22:03:44,450,EFECTIVO,MIG-JM-ABONO-734,Abono origen: 734 | Venta origen: 1333
credit-payment:735,credit-note:1335,2026-02-25 16:32:23,2350,EFECTIVO,MIG-JM-ABONO-735,Abono origen: 735 | Venta origen: 1335
credit-payment:736,credit-note:1332,2026-02-25 18:25:27,56800,EFECTIVO,MIG-JM-ABONO-736,Abono origen: 736 | Venta origen: 1332
credit-payment:737,credit-note:970,2026-02-25 21:20:09,665,EFECTIVO,MIG-JM-ABONO-737,Abono origen: 737 | Venta origen: 970
credit-payment:738,credit-note:969,2026-02-25 21:20:20,1290,EFECTIVO,MIG-JM-ABONO-738,Abono origen: 738 | Venta origen: 969
credit-payment:739,credit-note:961,2026-02-25 21:20:33,5000,EFECTIVO,MIG-JM-ABONO-739,Abono origen: 739 | Venta origen: 961
credit-payment:740,credit-note:953,2026-02-25 21:20:45,504,EFECTIVO,MIG-JM-ABONO-740,Abono origen: 740 | Venta origen: 953
credit-payment:741,credit-note:952,2026-02-25 21:20:55,3500,EFECTIVO,MIG-JM-ABONO-741,Abono origen: 741 | Venta origen: 952
credit-payment:742,credit-note:938,2026-02-25 21:21:05,1800,EFECTIVO,MIG-JM-ABONO-742,Abono origen: 742 | Venta origen: 938
credit-payment:743,credit-note:923,2026-02-25 21:21:17,7450,EFECTIVO,MIG-JM-ABONO-743,Abono origen: 743 | Venta origen: 923
credit-payment:744,credit-note:903,2026-02-25 21:21:29,4550,EFECTIVO,MIG-JM-ABONO-744,Abono origen: 744 | Venta origen: 903
credit-payment:745,credit-note:976,2026-02-25 21:22:58,5000,EFECTIVO,MIG-JM-ABONO-745,Abono origen: 745 | Venta origen: 976
credit-payment:746,credit-note:977,2026-02-25 21:23:08,5000,EFECTIVO,MIG-JM-ABONO-746,Abono origen: 746 | Venta origen: 977
credit-payment:747,credit-note:937,2026-02-25 21:23:25,5000,EFECTIVO,MIG-JM-ABONO-747,Abono origen: 747 | Venta origen: 937
credit-payment:748,credit-note:974,2026-02-25 21:23:37,5000,EFECTIVO,MIG-JM-ABONO-748,Abono origen: 748 | Venta origen: 974
credit-payment:749,credit-note:975,2026-02-25 21:23:44,5000,EFECTIVO,MIG-JM-ABONO-749,Abono origen: 749 | Venta origen: 975
credit-payment:750,credit-note:1052,2026-02-25 22:08:06,7000,EFECTIVO,MIG-JM-ABONO-750,Abono origen: 750 | Venta origen: 1052 | Forma pago origen: e
credit-payment:751,credit-note:985,2026-02-25 22:08:21,5000,EFECTIVO,MIG-JM-ABONO-751,Abono origen: 751 | Venta origen: 985
credit-payment:752,credit-note:986,2026-02-25 22:08:29,5000,EFECTIVO,MIG-JM-ABONO-752,Abono origen: 752 | Venta origen: 986
credit-payment:753,credit-note:984,2026-02-25 22:08:40,5000,EFECTIVO,MIG-JM-ABONO-753,Abono origen: 753 | Venta origen: 984
credit-payment:754,credit-note:983,2026-02-25 22:08:48,5000,EFECTIVO,MIG-JM-ABONO-754,Abono origen: 754 | Venta origen: 983
credit-payment:755,credit-note:982,2026-02-25 22:08:55,5000,EFECTIVO,MIG-JM-ABONO-755,Abono origen: 755 | Venta origen: 982
credit-payment:756,credit-note:981,2026-02-25 22:09:01,5000,EFECTIVO,MIG-JM-ABONO-756,Abono origen: 756 | Venta origen: 981
credit-payment:757,credit-note:980,2026-02-25 22:09:08,5000,EFECTIVO,MIG-JM-ABONO-757,Abono origen: 757 | Venta origen: 980
credit-payment:758,credit-note:978,2026-02-25 22:09:14,5000,EFECTIVO,MIG-JM-ABONO-758,Abono origen: 758 | Venta origen: 978
credit-payment:759,credit-note:1317,2026-02-26 18:54:09,10300,EFECTIVO,MIG-JM-ABONO-759,Abono origen: 759 | Venta origen: 1317
credit-payment:760,credit-note:1240,2026-02-26 19:01:27,2830,EFECTIVO,MIG-JM-ABONO-760,Abono origen: 760 | Venta origen: 1240
credit-payment:761,credit-note:1271,2026-02-26 19:01:45,14,EFECTIVO,MIG-JM-ABONO-761,Abono origen: 761 | Venta origen: 1271
credit-payment:762,credit-note:1255,2026-02-26 19:02:01,1470,EFECTIVO,MIG-JM-ABONO-762,Abono origen: 762 | Venta origen: 1255
credit-payment:763,credit-note:1262,2026-02-27 14:17:27,9300,EFECTIVO,MIG-JM-ABONO-763,Abono origen: 763 | Venta origen: 1262
credit-payment:764,credit-note:1307,2026-02-27 14:17:37,9300,EFECTIVO,MIG-JM-ABONO-764,Abono origen: 764 | Venta origen: 1307
credit-payment:765,credit-note:1347,2026-02-27 14:17:45,9300,EFECTIVO,MIG-JM-ABONO-765,Abono origen: 765 | Venta origen: 1347
credit-payment:766,credit-note:1244,2026-02-27 14:17:52,10280,EFECTIVO,MIG-JM-ABONO-766,Abono origen: 766 | Venta origen: 1244
credit-payment:767,credit-note:1227,2026-02-27 14:17:59,9300,EFECTIVO,MIG-JM-ABONO-767,Abono origen: 767 | Venta origen: 1227
credit-payment:768,credit-note:1067,2026-02-27 21:53:49,8200,EFECTIVO,MIG-JM-ABONO-768,Abono origen: 768 | Venta origen: 1067
credit-payment:769,credit-note:1353,2026-02-27 21:54:18,1300,EFECTIVO,MIG-JM-ABONO-769,Abono origen: 769 | Venta origen: 1353
credit-payment:770,credit-note:1348,2026-02-27 21:54:28,2400,EFECTIVO,MIG-JM-ABONO-770,Abono origen: 770 | Venta origen: 1348
credit-payment:771,credit-note:1337,2026-02-27 21:54:37,6900,EFECTIVO,MIG-JM-ABONO-771,Abono origen: 771 | Venta origen: 1337
credit-payment:772,credit-note:1330,2026-02-27 21:54:47,7702,EFECTIVO,MIG-JM-ABONO-772,Abono origen: 772 | Venta origen: 1330
credit-payment:773,credit-note:1314,2026-02-27 21:54:55,10090,EFECTIVO,MIG-JM-ABONO-773,Abono origen: 773 | Venta origen: 1314
credit-payment:774,credit-note:1302,2026-02-27 21:55:05,8350,EFECTIVO,MIG-JM-ABONO-774,Abono origen: 774 | Venta origen: 1302
credit-payment:775,credit-note:1279,2026-02-27 22:06:47,2262,EFECTIVO,MIG-JM-ABONO-775,Abono origen: 775 | Venta origen: 1279
credit-payment:776,credit-note:1294,2026-02-27 22:07:06,5880,EFECTIVO,MIG-JM-ABONO-776,Abono origen: 776 | Venta origen: 1294
credit-payment:777,credit-note:1274,2026-02-27 22:07:17,9200,EFECTIVO,MIG-JM-ABONO-777,Abono origen: 777 | Venta origen: 1274
credit-payment:778,credit-note:1261,2026-02-27 22:07:30,3600,EFECTIVO,MIG-JM-ABONO-778,Abono origen: 778 | Venta origen: 1261
credit-payment:779,credit-note:1248,2026-02-27 22:07:42,3600,EFECTIVO,MIG-JM-ABONO-779,Abono origen: 779 | Venta origen: 1248
credit-payment:780,credit-note:1247,2026-02-27 22:07:52,7200,EFECTIVO,MIG-JM-ABONO-780,Abono origen: 780 | Venta origen: 1247
credit-payment:781,credit-note:1237,2026-02-27 22:08:02,12800,EFECTIVO,MIG-JM-ABONO-781,Abono origen: 781 | Venta origen: 1237
credit-payment:782,credit-note:1231,2026-02-27 22:08:16,3600,EFECTIVO,MIG-JM-ABONO-782,Abono origen: 782 | Venta origen: 1231
credit-payment:783,credit-note:1214,2026-02-27 22:08:28,700,EFECTIVO,MIG-JM-ABONO-783,Abono origen: 783 | Venta origen: 1214
credit-payment:784,credit-note:1213,2026-02-27 22:08:35,7200,EFECTIVO,MIG-JM-ABONO-784,Abono origen: 784 | Venta origen: 1213
credit-payment:785,credit-note:1205,2026-02-27 22:09:40,8200,EFECTIVO,MIG-JM-ABONO-785,Abono origen: 785 | Venta origen: 1205
credit-payment:786,credit-note:1193,2026-02-27 22:10:04,7200,EFECTIVO,MIG-JM-ABONO-786,Abono origen: 786 | Venta origen: 1193
credit-payment:787,credit-note:1165,2026-02-27 22:10:19,8600,EFECTIVO,MIG-JM-ABONO-787,Abono origen: 787 | Venta origen: 1165
credit-payment:788,credit-note:1162,2026-02-27 22:10:33,434,EFECTIVO,MIG-JM-ABONO-788,Abono origen: 788 | Venta origen: 1162
credit-payment:789,credit-note:1161,2026-02-27 22:10:42,610,EFECTIVO,MIG-JM-ABONO-789,Abono origen: 789 | Venta origen: 1161
credit-payment:790,credit-note:1151,2026-02-27 22:10:52,3600,EFECTIVO,MIG-JM-ABONO-790,Abono origen: 790 | Venta origen: 1151
credit-payment:791,credit-note:1114,2026-02-27 22:11:06,8500,EFECTIVO,MIG-JM-ABONO-791,Abono origen: 791 | Venta origen: 1114
credit-payment:792,credit-note:1150,2026-02-27 22:11:20,3600,EFECTIVO,MIG-JM-ABONO-792,Abono origen: 792 | Venta origen: 1150
credit-payment:793,credit-note:1125,2026-02-27 22:11:30,8200,EFECTIVO,MIG-JM-ABONO-793,Abono origen: 793 | Venta origen: 1125
credit-payment:794,credit-note:1118,2026-02-27 22:11:43,6020,EFECTIVO,MIG-JM-ABONO-794,Abono origen: 794 | Venta origen: 1118
credit-payment:795,credit-note:1109,2026-02-27 22:11:57,275,EFECTIVO,MIG-JM-ABONO-795,Abono origen: 795 | Venta origen: 1109
credit-payment:796,credit-note:1108,2026-02-27 22:12:09,11599,EFECTIVO,MIG-JM-ABONO-796,Abono origen: 796 | Venta origen: 1108
credit-payment:797,credit-note:1102,2026-02-27 22:12:28,4200,EFECTIVO,MIG-JM-ABONO-797,Abono origen: 797 | Venta origen: 1102
credit-payment:798,credit-note:1096,2026-02-27 22:12:39,4600,EFECTIVO,MIG-JM-ABONO-798,Abono origen: 798 | Venta origen: 1096
credit-payment:799,credit-note:1080,2026-02-27 22:12:53,4600,EFECTIVO,MIG-JM-ABONO-799,Abono origen: 799 | Venta origen: 1080
credit-payment:800,credit-note:1078,2026-02-27 22:13:02,3600,EFECTIVO,MIG-JM-ABONO-800,Abono origen: 800 | Venta origen: 1078
credit-payment:801,credit-note:1073,2026-02-27 22:13:16,24768,EFECTIVO,MIG-JM-ABONO-801,Abono origen: 801 | Venta origen: 1073
credit-payment:802,credit-note:1066,2026-02-27 22:13:27,1612,EFECTIVO,MIG-JM-ABONO-802,Abono origen: 802 | Venta origen: 1066
credit-payment:803,credit-note:1060,2026-02-27 22:13:41,8380,EFECTIVO,MIG-JM-ABONO-803,Abono origen: 803 | Venta origen: 1060
credit-payment:804,credit-note:1044,2026-02-27 22:14:01,3600,EFECTIVO,MIG-JM-ABONO-804,Abono origen: 804 | Venta origen: 1044
credit-payment:805,credit-note:1031,2026-02-27 22:14:11,9450,EFECTIVO,MIG-JM-ABONO-805,Abono origen: 805 | Venta origen: 1031
credit-payment:806,credit-note:1018,2026-02-27 22:14:24,3000,EFECTIVO,MIG-JM-ABONO-806,Abono origen: 806 | Venta origen: 1018
credit-payment:807,credit-note:1015,2026-02-27 22:14:34,8150,EFECTIVO,MIG-JM-ABONO-807,Abono origen: 807 | Venta origen: 1015
credit-payment:808,credit-note:1007,2026-02-27 22:14:50,3000,EFECTIVO,MIG-JM-ABONO-808,Abono origen: 808 | Venta origen: 1007
credit-payment:809,credit-note:997,2026-02-27 22:15:04,4600,EFECTIVO,MIG-JM-ABONO-809,Abono origen: 809 | Venta origen: 997
credit-payment:810,credit-note:996,2026-02-27 22:15:21,4600,EFECTIVO,MIG-JM-ABONO-810,Abono origen: 810 | Venta origen: 996
credit-payment:811,credit-note:988,2026-02-27 22:15:41,3600,EFECTIVO,MIG-JM-ABONO-811,Abono origen: 811 | Venta origen: 988
credit-payment:812,credit-note:987,2026-02-27 22:15:53,4200,EFECTIVO,MIG-JM-ABONO-812,Abono origen: 812 | Venta origen: 987
credit-payment:813,credit-note:971,2026-02-27 22:17:48,4600,EFECTIVO,MIG-JM-ABONO-813,Abono origen: 813 | Venta origen: 971
credit-payment:814,credit-note:967,2026-02-27 22:18:20,3600,EFECTIVO,MIG-JM-ABONO-814,Abono origen: 814 | Venta origen: 967
credit-payment:815,credit-note:951,2026-02-27 22:18:30,1250,EFECTIVO,MIG-JM-ABONO-815,Abono origen: 815 | Venta origen: 951
credit-payment:816,credit-note:946,2026-02-27 22:18:44,4600,EFECTIVO,MIG-JM-ABONO-816,Abono origen: 816 | Venta origen: 946
credit-payment:817,credit-note:943,2026-02-27 22:19:17,555,EFECTIVO,MIG-JM-ABONO-817,Abono origen: 817 | Venta origen: 943
credit-payment:818,credit-note:941,2026-02-27 22:19:28,7700,EFECTIVO,MIG-JM-ABONO-818,Abono origen: 818 | Venta origen: 941
credit-payment:819,credit-note:934,2026-02-27 22:19:38,1800,EFECTIVO,MIG-JM-ABONO-819,Abono origen: 819 | Venta origen: 934
credit-payment:820,credit-note:929,2026-02-27 22:19:58,1800,EFECTIVO,MIG-JM-ABONO-820,Abono origen: 820 | Venta origen: 929
credit-payment:821,credit-note:904,2026-02-27 22:20:13,5850,EFECTIVO,MIG-JM-ABONO-821,Abono origen: 821 | Venta origen: 904
credit-payment:822,credit-note:824,2026-02-27 22:20:28,2300,EFECTIVO,MIG-JM-ABONO-822,Abono origen: 822 | Venta origen: 824
credit-payment:823,credit-note:798,2026-02-27 22:20:42,1380,EFECTIVO,MIG-JM-ABONO-823,Abono origen: 823 | Venta origen: 798
credit-payment:824,credit-note:796,2026-02-27 22:21:25,4600,EFECTIVO,MIG-JM-ABONO-824,Abono origen: 824 | Venta origen: 796
credit-payment:825,credit-note:766,2026-02-27 22:21:39,3600,EFECTIVO,MIG-JM-ABONO-825,Abono origen: 825 | Venta origen: 766
credit-payment:826,credit-note:780,2026-02-27 22:21:50,4600,EFECTIVO,MIG-JM-ABONO-826,Abono origen: 826 | Venta origen: 780
credit-payment:827,credit-note:757,2026-02-27 22:22:00,4600,EFECTIVO,MIG-JM-ABONO-827,Abono origen: 827 | Venta origen: 757
credit-payment:828,credit-note:1318,2026-02-28 20:05:01,4718,EFECTIVO,MIG-JM-ABONO-828,Abono origen: 828 | Venta origen: 1318
credit-payment:829,credit-note:790,2026-03-02 14:30:51,5226,EFECTIVO,MIG-JM-ABONO-829,Abono origen: 829 | Venta origen: 790
credit-payment:830,credit-note:909,2026-03-02 14:30:57,8750,EFECTIVO,MIG-JM-ABONO-830,Abono origen: 830 | Venta origen: 909
credit-payment:831,credit-note:587,2026-03-02 14:38:29,424,EFECTIVO,MIG-JM-ABONO-831,Abono origen: 831 | Venta origen: 587
credit-payment:832,credit-note:538,2026-03-02 14:38:34,517,EFECTIVO,MIG-JM-ABONO-832,Abono origen: 832 | Venta origen: 538
credit-payment:833,credit-note:1372,2026-03-03 14:45:13,2398.5,EFECTIVO,MIG-JM-ABONO-833,Abono origen: 833 | Venta origen: 1372
credit-payment:834,credit-note:1378,2026-03-03 20:49:35,26220,EFECTIVO,MIG-JM-ABONO-834,Abono origen: 834 | Venta origen: 1378
credit-payment:835,credit-note:750,2026-03-03 22:48:10,3360,EFECTIVO,MIG-JM-ABONO-835,Abono origen: 835 | Venta origen: 750
credit-payment:836,credit-note:1208,2026-03-03 22:48:17,45,EFECTIVO,MIG-JM-ABONO-836,Abono origen: 836 | Venta origen: 1208
credit-payment:837,credit-note:1200,2026-03-03 22:48:27,4000,EFECTIVO,MIG-JM-ABONO-837,Abono origen: 837 | Venta origen: 1200
credit-payment:838,credit-note:1173,2026-03-03 22:48:34,3710,EFECTIVO,MIG-JM-ABONO-838,Abono origen: 838 | Venta origen: 1173
credit-payment:839,credit-note:1167,2026-03-03 22:48:39,3800,EFECTIVO,MIG-JM-ABONO-839,Abono origen: 839 | Venta origen: 1167
credit-payment:840,credit-note:1053,2026-03-03 22:48:45,762.5,EFECTIVO,MIG-JM-ABONO-840,Abono origen: 840 | Venta origen: 1053
credit-payment:841,credit-note:991,2026-03-03 22:48:53,675,EFECTIVO,MIG-JM-ABONO-841,Abono origen: 841 | Venta origen: 991
credit-payment:842,credit-note:928,2026-03-03 22:48:58,3150,EFECTIVO,MIG-JM-ABONO-842,Abono origen: 842 | Venta origen: 928
credit-payment:843,credit-note:922,2026-03-03 22:49:10,3700,EFECTIVO,MIG-JM-ABONO-843,Abono origen: 843 | Venta origen: 922
credit-payment:844,credit-note:1390,2026-03-04 15:47:39,97,EFECTIVO,MIG-JM-ABONO-844,Abono origen: 844 | Venta origen: 1390
credit-payment:845,credit-note:1381,2026-03-04 15:47:44,7382,EFECTIVO,MIG-JM-ABONO-845,Abono origen: 845 | Venta origen: 1381
credit-payment:846,credit-note:1210,2026-03-05 15:49:23,7600,EFECTIVO,MIG-JM-ABONO-846,Abono origen: 846 | Venta origen: 1210
credit-payment:847,credit-note:1241,2026-03-05 15:49:30,7700,EFECTIVO,MIG-JM-ABONO-847,Abono origen: 847 | Venta origen: 1241
credit-payment:848,credit-note:1186,2026-03-05 15:49:41,928,EFECTIVO,MIG-JM-ABONO-848,Abono origen: 848 | Venta origen: 1186
credit-payment:849,credit-note:1226,2026-03-05 15:50:00,4467,EFECTIVO,MIG-JM-ABONO-849,Abono origen: 849 | Venta origen: 1226 | Forma pago origen: e
credit-payment:850,credit-note:1035,2026-03-05 23:02:16,2200,EFECTIVO,MIG-JM-ABONO-850,Abono origen: 850 | Venta origen: 1035
credit-payment:851,credit-note:1135,2026-03-05 23:02:43,11500,EFECTIVO,MIG-JM-ABONO-851,Abono origen: 851 | Venta origen: 1135
credit-payment:852,credit-note:1140,2026-03-05 23:02:49,2640,EFECTIVO,MIG-JM-ABONO-852,Abono origen: 852 | Venta origen: 1140
credit-payment:853,credit-note:1134,2026-03-05 23:03:59,11500,EFECTIVO,MIG-JM-ABONO-853,Abono origen: 853 | Venta origen: 1134
credit-payment:854,credit-note:1133,2026-03-05 23:04:11,11500,EFECTIVO,MIG-JM-ABONO-854,Abono origen: 854 | Venta origen: 1133
credit-payment:855,credit-note:1063,2026-03-05 23:04:59,8100,EFECTIVO,MIG-JM-ABONO-855,Abono origen: 855 | Venta origen: 1063
credit-payment:856,credit-note:1051,2026-03-05 23:05:46,2500,EFECTIVO,MIG-JM-ABONO-856,Abono origen: 856 | Venta origen: 1051
credit-payment:857,credit-note:1322,2026-03-09 17:37:21,472,EFECTIVO,MIG-JM-ABONO-857,Abono origen: 857 | Venta origen: 1322
credit-payment:858,credit-note:1419,2026-03-09 17:37:28,255,EFECTIVO,MIG-JM-ABONO-858,Abono origen: 858 | Venta origen: 1419
credit-payment:859,credit-note:1436,2026-03-09 18:07:30,1770,EFECTIVO,MIG-JM-ABONO-859,Abono origen: 859 | Venta origen: 1436
credit-payment:860,credit-note:1438,2026-03-10 15:53:25,4200,EFECTIVO,MIG-JM-ABONO-860,Abono origen: 860 | Venta origen: 1438
credit-payment:861,credit-note:1257,2026-03-10 15:54:19,1660,EFECTIVO,MIG-JM-ABONO-861,Abono origen: 861 | Venta origen: 1257
credit-payment:862,credit-note:1397,2026-03-10 15:55:21,4700,EFECTIVO,MIG-JM-ABONO-862,Abono origen: 862 | Venta origen: 1397
credit-payment:863,credit-note:1301,2026-03-10 15:55:45,8300,EFECTIVO,MIG-JM-ABONO-863,Abono origen: 863 | Venta origen: 1301
credit-payment:864,credit-note:1229,2026-03-10 15:56:05,3200,EFECTIVO,MIG-JM-ABONO-864,Abono origen: 864 | Venta origen: 1229
credit-payment:865,credit-note:1336,2026-03-10 17:48:07,708,EFECTIVO,MIG-JM-ABONO-865,Abono origen: 865 | Venta origen: 1336
credit-payment:866,credit-note:1400,2026-03-10 17:48:19,4000,EFECTIVO,MIG-JM-ABONO-866,Abono origen: 866 | Venta origen: 1400
credit-payment:867,credit-note:1414,2026-03-10 17:48:36,590,EFECTIVO,MIG-JM-ABONO-867,Abono origen: 867 | Venta origen: 1414
credit-payment:868,credit-note:1371,2026-03-10 17:48:46,294,EFECTIVO,MIG-JM-ABONO-868,Abono origen: 868 | Venta origen: 1371
credit-payment:869,credit-note:1412,2026-03-10 17:54:34,2980,EFECTIVO,MIG-JM-ABONO-869,Abono origen: 869 | Venta origen: 1412
credit-payment:870,credit-note:1062,2026-03-10 17:56:00,3210,EFECTIVO,MIG-JM-ABONO-870,Abono origen: 870 | Venta origen: 1062
credit-payment:871,credit-note:1084,2026-03-11 15:40:43,8795,EFECTIVO,MIG-JM-ABONO-871,Abono origen: 871 | Venta origen: 1084
credit-payment:872,credit-note:1052,2026-03-11 15:41:00,4700,EFECTIVO,MIG-JM-ABONO-872,Abono origen: 872 | Venta origen: 1052
credit-payment:873,credit-note:1082,2026-03-11 15:41:09,6750,EFECTIVO,MIG-JM-ABONO-873,Abono origen: 873 | Venta origen: 1082
credit-payment:874,credit-note:1106,2026-03-11 15:41:24,22475,EFECTIVO,MIG-JM-ABONO-874,Abono origen: 874 | Venta origen: 1106
credit-payment:875,credit-note:1104,2026-03-11 15:41:31,4400,EFECTIVO,MIG-JM-ABONO-875,Abono origen: 875 | Venta origen: 1104
credit-payment:876,credit-note:1047,2026-03-11 15:41:38,2250,EFECTIVO,MIG-JM-ABONO-876,Abono origen: 876 | Venta origen: 1047
credit-payment:877,credit-note:1048,2026-03-11 15:41:45,354,EFECTIVO,MIG-JM-ABONO-877,Abono origen: 877 | Venta origen: 1048
credit-payment:878,credit-note:1081,2026-03-11 15:41:59,250,TARJETA,MIG-JM-ABONO-878,Abono origen: 878 | Venta origen: 1081 | Forma pago origen: t
credit-payment:879,credit-note:1428,2026-03-11 20:59:29,294,EFECTIVO,MIG-JM-ABONO-879,Abono origen: 879 | Venta origen: 1428
credit-payment:880,credit-note:1445,2026-03-11 20:59:35,1200,EFECTIVO,MIG-JM-ABONO-880,Abono origen: 880 | Venta origen: 1445
credit-payment:881,credit-note:1441,2026-03-11 20:59:45,4857,EFECTIVO,MIG-JM-ABONO-881,Abono origen: 881 | Venta origen: 1441
credit-payment:882,credit-note:1163,2026-03-11 21:00:10,2100,EFECTIVO,MIG-JM-ABONO-882,Abono origen: 882 | Venta origen: 1163
credit-payment:883,credit-note:1421,2026-03-11 21:00:17,2550,EFECTIVO,MIG-JM-ABONO-883,Abono origen: 883 | Venta origen: 1421
credit-payment:884,credit-note:1239,2026-03-11 21:01:08,4200,EFECTIVO,MIG-JM-ABONO-884,Abono origen: 884 | Venta origen: 1239
credit-payment:885,credit-note:1463,2026-03-12 18:51:45,17480,EFECTIVO,MIG-JM-ABONO-885,Abono origen: 885 | Venta origen: 1463
credit-payment:886,credit-note:1220,2026-03-13 13:34:20,17600,EFECTIVO,MIG-JM-ABONO-886,Abono origen: 886 | Venta origen: 1220
credit-payment:887,credit-note:1224,2026-03-13 13:34:26,4000,EFECTIVO,MIG-JM-ABONO-887,Abono origen: 887 | Venta origen: 1224
credit-payment:888,credit-note:1482,2026-03-13 19:18:28,4200,EFECTIVO,MIG-JM-ABONO-888,Abono origen: 888 | Venta origen: 1482
credit-payment:889,credit-note:1197,2026-03-14 18:51:04,18800,EFECTIVO,MIG-JM-ABONO-889,Abono origen: 889 | Venta origen: 1197
credit-payment:890,credit-note:1207,2026-03-14 18:51:47,8700,EFECTIVO,MIG-JM-ABONO-890,Abono origen: 890 | Venta origen: 1207
credit-payment:891,credit-note:1437,2026-03-14 18:52:05,980,EFECTIVO,MIG-JM-ABONO-891,Abono origen: 891 | Venta origen: 1437
credit-payment:892,credit-note:1430,2026-03-14 18:52:22,8080,EFECTIVO,MIG-JM-ABONO-892,Abono origen: 892 | Venta origen: 1430
credit-payment:893,credit-note:1334,2026-03-14 18:52:54,509,EFECTIVO,MIG-JM-ABONO-893,Abono origen: 893 | Venta origen: 1334
credit-payment:894,credit-note:852,2026-03-14 18:53:17,3800,EFECTIVO,MIG-JM-ABONO-894,Abono origen: 894 | Venta origen: 852
credit-payment:895,credit-note:1379,2026-03-14 18:53:29,236,EFECTIVO,MIG-JM-ABONO-895,Abono origen: 895 | Venta origen: 1379
credit-payment:896,credit-note:1449,2026-03-14 18:53:41,4700,EFECTIVO,MIG-JM-ABONO-896,Abono origen: 896 | Venta origen: 1449
credit-payment:897,credit-note:1450,2026-03-14 18:53:54,6290,EFECTIVO,MIG-JM-ABONO-897,Abono origen: 897 | Venta origen: 1450
credit-payment:898,credit-note:1489,2026-03-14 18:54:18,206,EFECTIVO,MIG-JM-ABONO-898,Abono origen: 898 | Venta origen: 1489
credit-payment:899,credit-note:1487,2026-03-14 18:54:29,4090,EFECTIVO,MIG-JM-ABONO-899,Abono origen: 899 | Venta origen: 1487
credit-payment:900,credit-note:1105,2026-03-14 19:29:49,690,EFECTIVO,MIG-JM-ABONO-900,Abono origen: 900 | Venta origen: 1105
credit-payment:901,credit-note:1490,2026-03-16 13:48:59,4160,EFECTIVO,MIG-JM-ABONO-901,Abono origen: 901 | Venta origen: 1490
credit-payment:902,credit-note:1513,2026-03-18 23:15:15,1068,EFECTIVO,MIG-JM-ABONO-902,Abono origen: 902 | Venta origen: 1513
credit-payment:903,credit-note:1522,2026-03-18 23:15:24,7050,EFECTIVO,MIG-JM-ABONO-903,Abono origen: 903 | Venta origen: 1522
credit-payment:904,credit-note:1524,2026-03-18 23:15:34,140,EFECTIVO,MIG-JM-ABONO-904,Abono origen: 904 | Venta origen: 1524
credit-payment:905,credit-note:1534,2026-03-19 17:58:54,2360,EFECTIVO,MIG-JM-ABONO-905,Abono origen: 905 | Venta origen: 1534
credit-payment:906,credit-note:1217,2026-03-20 16:15:53,1992,EFECTIVO,MIG-JM-ABONO-906,Abono origen: 906 | Venta origen: 1217
credit-payment:907,credit-note:1182,2026-03-20 16:16:08,505,TARJETA,MIG-JM-ABONO-907,Abono origen: 907 | Venta origen: 1182 | Forma pago origen: t
credit-payment:908,credit-note:1458,2026-03-20 18:38:06,2400,EFECTIVO,MIG-JM-ABONO-908,Abono origen: 908 | Venta origen: 1458
credit-payment:909,credit-note:896,2026-03-20 19:15:19,1400,EFECTIVO,MIG-JM-ABONO-909,Abono origen: 909 | Venta origen: 896
credit-payment:910,credit-note:1538,2026-03-20 22:31:46,38,EFECTIVO,MIG-JM-ABONO-910,Abono origen: 910 | Venta origen: 1538
credit-payment:911,credit-note:1536,2026-03-21 15:05:30,608,EFECTIVO,MIG-JM-ABONO-911,Abono origen: 911 | Venta origen: 1536
credit-payment:912,credit-note:1516,2026-03-21 20:28:45,472,EFECTIVO,MIG-JM-ABONO-912,Abono origen: 912 | Venta origen: 1516
credit-payment:913,credit-note:1374,2026-03-21 21:08:08,32,EFECTIVO,MIG-JM-ABONO-913,Abono origen: 913 | Venta origen: 1374
credit-payment:914,credit-note:1382,2026-03-21 21:08:19,243.5,EFECTIVO,MIG-JM-ABONO-914,Abono origen: 914 | Venta origen: 1382
credit-payment:915,credit-note:1316,2026-03-21 21:08:37,104,EFECTIVO,MIG-JM-ABONO-915,Abono origen: 915 | Venta origen: 1316
credit-payment:916,credit-note:1298,2026-03-21 21:08:52,5,EFECTIVO,MIG-JM-ABONO-916,Abono origen: 916 | Venta origen: 1298
credit-payment:917,credit-note:1264,2026-03-21 21:09:11,119,EFECTIVO,MIG-JM-ABONO-917,Abono origen: 917 | Venta origen: 1264
credit-payment:918,credit-note:1258,2026-03-21 21:09:29,62,EFECTIVO,MIG-JM-ABONO-918,Abono origen: 918 | Venta origen: 1258
credit-payment:919,credit-note:1250,2026-03-21 21:10:24,90,EFECTIVO,MIG-JM-ABONO-919,Abono origen: 919 | Venta origen: 1250
credit-payment:920,credit-note:1225,2026-03-21 21:10:41,99,EFECTIVO,MIG-JM-ABONO-920,Abono origen: 920 | Venta origen: 1225
credit-payment:921,credit-note:1222,2026-03-21 21:11:01,104,EFECTIVO,MIG-JM-ABONO-921,Abono origen: 921 | Venta origen: 1222
credit-payment:922,credit-note:1181,2026-03-21 21:11:19,90,EFECTIVO,MIG-JM-ABONO-922,Abono origen: 922 | Venta origen: 1181
credit-payment:923,credit-note:1149,2026-03-21 21:11:38,2752,EFECTIVO,MIG-JM-ABONO-923,Abono origen: 923 | Venta origen: 1149
credit-payment:924,credit-note:1238,2026-03-23 15:47:52,4700,EFECTIVO,MIG-JM-ABONO-924,Abono origen: 924 | Venta origen: 1238
credit-payment:925,credit-note:1300,2026-03-23 15:47:58,13675,EFECTIVO,MIG-JM-ABONO-925,Abono origen: 925 | Venta origen: 1300
credit-payment:926,credit-note:1547,2026-03-23 16:34:31,14100,EFECTIVO,MIG-JM-ABONO-926,Abono origen: 926 | Venta origen: 1547
credit-payment:927,credit-note:1563,2026-03-23 20:26:44,20029,EFECTIVO,MIG-JM-ABONO-927,Abono origen: 927 | Venta origen: 1563
credit-payment:928,credit-note:1168,2026-03-27 14:44:44,42700,EFECTIVO,MIG-JM-ABONO-928,Abono origen: 928 | Venta origen: 1168
credit-payment:929,credit-note:1103,2026-03-27 14:45:03,4110,EFECTIVO,MIG-JM-ABONO-929,Abono origen: 929 | Venta origen: 1103
credit-payment:930,credit-note:1128,2026-03-27 14:45:13,1760,EFECTIVO,MIG-JM-ABONO-930,Abono origen: 930 | Venta origen: 1128
credit-payment:931,credit-note:1575,2026-03-27 15:25:31,3340,EFECTIVO,MIG-JM-ABONO-931,Abono origen: 931 | Venta origen: 1575
credit-payment:932,credit-note:1600,2026-03-27 15:50:06,354,EFECTIVO,MIG-JM-ABONO-932,Abono origen: 932 | Venta origen: 1600
credit-payment:933,credit-note:1559,2026-03-27 15:51:21,2800,EFECTIVO,MIG-JM-ABONO-933,Abono origen: 933 | Venta origen: 1559
credit-payment:934,credit-note:1557,2026-03-27 15:51:28,2500,EFECTIVO,MIG-JM-ABONO-934,Abono origen: 934 | Venta origen: 1557
credit-payment:935,credit-note:1558,2026-03-27 15:51:32,2500,EFECTIVO,MIG-JM-ABONO-935,Abono origen: 935 | Venta origen: 1558
credit-payment:936,credit-note:1398,2026-03-27 15:52:32,2626,EFECTIVO,MIG-JM-ABONO-936,Abono origen: 936 | Venta origen: 1398
credit-payment:937,credit-note:1311,2026-03-27 15:54:56,437.5,EFECTIVO,MIG-JM-ABONO-937,Abono origen: 937 | Venta origen: 1311
credit-payment:938,credit-note:1252,2026-03-27 15:55:21,1855,EFECTIVO,MIG-JM-ABONO-938,Abono origen: 938 | Venta origen: 1252
credit-payment:939,credit-note:1206,2026-03-27 15:56:00,74,EFECTIVO,MIG-JM-ABONO-939,Abono origen: 939 | Venta origen: 1206
credit-payment:940,credit-note:1065,2026-03-27 15:57:09,742,EFECTIVO,MIG-JM-ABONO-940,Abono origen: 940 | Venta origen: 1065
credit-payment:941,credit-note:1046,2026-03-27 15:57:25,3050,EFECTIVO,MIG-JM-ABONO-941,Abono origen: 941 | Venta origen: 1046
credit-payment:942,credit-note:1027,2026-03-27 15:57:49,236,EFECTIVO,MIG-JM-ABONO-942,Abono origen: 942 | Venta origen: 1027
credit-payment:943,credit-note:954,2026-03-27 15:58:09,1080,EFECTIVO,MIG-JM-ABONO-943,Abono origen: 943 | Venta origen: 954
credit-payment:944,credit-note:964,2026-03-27 15:58:39,1250,EFECTIVO,MIG-JM-ABONO-944,Abono origen: 944 | Venta origen: 964
credit-payment:945,credit-note:1528,2026-03-27 19:27:18,2200,EFECTIVO,MIG-JM-ABONO-945,Abono origen: 945 | Venta origen: 1528
credit-payment:946,credit-note:1569,2026-03-27 20:38:31,450,EFECTIVO,MIG-JM-ABONO-946,Abono origen: 946 | Venta origen: 1569
credit-payment:947,credit-note:1281,2026-03-27 20:38:46,1660,EFECTIVO,MIG-JM-ABONO-947,Abono origen: 947 | Venta origen: 1281
credit-payment:948,credit-note:1589,2026-03-27 23:18:00,3700,EFECTIVO,MIG-JM-ABONO-948,Abono origen: 948 | Venta origen: 1589
credit-payment:949,credit-note:1590,2026-03-27 23:18:15,8300,EFECTIVO,MIG-JM-ABONO-949,Abono origen: 949 | Venta origen: 1590
credit-payment:950,credit-note:1593,2026-03-27 23:18:44,1600,EFECTIVO,MIG-JM-ABONO-950,Abono origen: 950 | Venta origen: 1593
credit-payment:951,credit-note:1596,2026-03-27 23:18:55,14700,EFECTIVO,MIG-JM-ABONO-951,Abono origen: 951 | Venta origen: 1596
credit-payment:952,credit-note:1321,2026-03-27 23:21:06,10875,EFECTIVO,MIG-JM-ABONO-952,Abono origen: 952 | Venta origen: 1321
credit-payment:953,credit-note:1572,2026-03-27 23:22:29,11231,EFECTIVO,MIG-JM-ABONO-953,Abono origen: 953 | Venta origen: 1572
credit-payment:954,credit-note:1505,2026-03-27 23:22:36,13531,EFECTIVO,MIG-JM-ABONO-954,Abono origen: 954 | Venta origen: 1505
credit-payment:955,credit-note:1440,2026-03-27 23:22:44,14025,EFECTIVO,MIG-JM-ABONO-955,Abono origen: 955 | Venta origen: 1440
credit-payment:956,credit-note:1232,2026-03-27 23:22:54,14997,EFECTIVO,MIG-JM-ABONO-956,Abono origen: 956 | Venta origen: 1232
credit-payment:957,credit-note:1566,2026-03-28 19:26:08,3800,EFECTIVO,MIG-JM-ABONO-957,Abono origen: 957 | Venta origen: 1566
credit-payment:958,credit-note:1605,2026-03-28 19:27:37,2200,EFECTIVO,MIG-JM-ABONO-958,Abono origen: 958 | Venta origen: 1605
credit-payment:959,credit-note:1243,2026-03-30 14:10:37,3169,EFECTIVO,MIG-JM-ABONO-959,Abono origen: 959 | Venta origen: 1243 | Forma pago origen: e
credit-payment:960,credit-note:1226,2026-03-30 14:17:37,233,EFECTIVO,MIG-JM-ABONO-960,Abono origen: 960 | Venta origen: 1226
credit-payment:961,credit-note:1246,2026-03-30 14:17:45,4900,EFECTIVO,MIG-JM-ABONO-961,Abono origen: 961 | Venta origen: 1246
credit-payment:962,credit-note:1278,2026-03-30 14:17:51,336,EFECTIVO,MIG-JM-ABONO-962,Abono origen: 962 | Venta origen: 1278
credit-payment:963,credit-note:1280,2026-03-30 14:17:58,52,EFECTIVO,MIG-JM-ABONO-963,Abono origen: 963 | Venta origen: 1280
credit-payment:964,credit-note:1295,2026-03-30 14:18:05,12410,EFECTIVO,MIG-JM-ABONO-964,Abono origen: 964 | Venta origen: 1295
credit-payment:965,credit-note:1306,2026-03-30 14:18:14,8900,EFECTIVO,MIG-JM-ABONO-965,Abono origen: 965 | Venta origen: 1306
credit-payment:966,credit-note:1243,2026-03-30 14:18:32,3169,EFECTIVO,MIG-JM-ABONO-966,Abono origen: 966 | Venta origen: 1243 | Forma pago origen: e
credit-payment:967,credit-note:1578,2026-03-30 20:07:54,3150,EFECTIVO,MIG-JM-ABONO-967,Abono origen: 967 | Venta origen: 1578
credit-payment:968,credit-note:1603,2026-03-30 20:08:03,6694,EFECTIVO,MIG-JM-ABONO-968,Abono origen: 968 | Venta origen: 1603
credit-payment:969,credit-note:1577,2026-03-30 20:08:11,3360,EFECTIVO,MIG-JM-ABONO-969,Abono origen: 969 | Venta origen: 1577
credit-payment:970,credit-note:1585,2026-03-30 20:08:18,2000,EFECTIVO,MIG-JM-ABONO-970,Abono origen: 970 | Venta origen: 1585
credit-payment:971,credit-note:1586,2026-03-30 20:08:25,2000,EFECTIVO,MIG-JM-ABONO-971,Abono origen: 971 | Venta origen: 1586
credit-payment:972,credit-note:1592,2026-03-30 20:08:33,1725,EFECTIVO,MIG-JM-ABONO-972,Abono origen: 972 | Venta origen: 1592
credit-payment:973,credit-note:1594,2026-03-30 20:08:39,2000,EFECTIVO,MIG-JM-ABONO-973,Abono origen: 973 | Venta origen: 1594
credit-payment:974,credit-note:1564,2026-03-30 20:08:45,402,EFECTIVO,MIG-JM-ABONO-974,Abono origen: 974 | Venta origen: 1564
credit-payment:975,credit-note:1622,2026-03-31 14:07:35,2130,EFECTIVO,MIG-JM-ABONO-975,Abono origen: 975 | Venta origen: 1622
credit-payment:976,credit-note:1608,2026-03-31 18:18:48,21160,EFECTIVO,MIG-JM-ABONO-976,Abono origen: 976 | Venta origen: 1608
credit-payment:977,credit-note:1624,2026-03-31 18:18:57,7050,EFECTIVO,MIG-JM-ABONO-977,Abono origen: 977 | Venta origen: 1624
credit-payment:978,credit-note:1410,2026-03-31 20:06:14,6860,EFECTIVO,MIG-JM-ABONO-978,Abono origen: 978 | Venta origen: 1410
credit-payment:979,credit-note:1576,2026-03-31 20:07:01,3800,EFECTIVO,MIG-JM-ABONO-979,Abono origen: 979 | Venta origen: 1576
credit-payment:980,credit-note:1408,2026-03-31 20:07:10,3800,EFECTIVO,MIG-JM-ABONO-980,Abono origen: 980 | Venta origen: 1408
credit-payment:981,credit-note:1588,2026-03-31 20:07:18,115,EFECTIVO,MIG-JM-ABONO-981,Abono origen: 981 | Venta origen: 1588
credit-payment:982,credit-note:1468,2026-03-31 20:07:24,6950,EFECTIVO,MIG-JM-ABONO-982,Abono origen: 982 | Venta origen: 1468
credit-payment:983,credit-note:1625,2026-04-01 14:12:40,1950,EFECTIVO,MIG-JM-ABONO-983,Abono origen: 983 | Venta origen: 1625
credit-payment:984,credit-note:1635,2026-04-01 18:13:31,13814,EFECTIVO,MIG-JM-ABONO-984,Abono origen: 984 | Venta origen: 1635
credit-payment:985,credit-note:1636,2026-04-06 19:44:42,661,EFECTIVO,MIG-JM-ABONO-985,Abono origen: 985 | Venta origen: 1636
credit-payment:986,credit-note:1512,2026-04-06 19:44:52,4700,EFECTIVO,MIG-JM-ABONO-986,Abono origen: 986 | Venta origen: 1512
credit-payment:987,credit-note:1599,2026-04-06 19:45:02,3600,EFECTIVO,MIG-JM-ABONO-987,Abono origen: 987 | Venta origen: 1599
credit-payment:988,credit-note:1647,2026-04-06 19:45:09,118,EFECTIVO,MIG-JM-ABONO-988,Abono origen: 988 | Venta origen: 1647
credit-payment:989,credit-note:1571,2026-04-07 14:50:31,18600,EFECTIVO,MIG-JM-ABONO-989,Abono origen: 989 | Venta origen: 1571
credit-payment:990,credit-note:1433,2026-04-07 14:50:39,9300,EFECTIVO,MIG-JM-ABONO-990,Abono origen: 990 | Venta origen: 1433
credit-payment:991,credit-note:1399,2026-04-07 14:50:45,1960,EFECTIVO,MIG-JM-ABONO-991,Abono origen: 991 | Venta origen: 1399
credit-payment:992,credit-note:1639,2026-04-07 14:50:52,10966,EFECTIVO,MIG-JM-ABONO-992,Abono origen: 992 | Venta origen: 1639
credit-payment:993,credit-note:1388,2026-04-07 14:50:59,9300,EFECTIVO,MIG-JM-ABONO-993,Abono origen: 993 | Venta origen: 1388
credit-payment:994,credit-note:1659,2026-04-07 18:32:03,1988,EFECTIVO,MIG-JM-ABONO-994,Abono origen: 994 | Venta origen: 1659
credit-payment:995,credit-note:1342,2026-04-07 18:56:34,4700,EFECTIVO,MIG-JM-ABONO-995,Abono origen: 995 | Venta origen: 1342
credit-payment:996,credit-note:1329,2026-04-07 18:56:41,92,EFECTIVO,MIG-JM-ABONO-996,Abono origen: 996 | Venta origen: 1329
credit-payment:997,credit-note:1309,2026-04-07 18:56:48,4700,EFECTIVO,MIG-JM-ABONO-997,Abono origen: 997 | Venta origen: 1309
credit-payment:998,credit-note:1464,2026-04-07 18:56:58,590,EFECTIVO,MIG-JM-ABONO-998,Abono origen: 998 | Venta origen: 1464
credit-payment:999,credit-note:1501,2026-04-07 18:57:04,590,EFECTIVO,MIG-JM-ABONO-999,Abono origen: 999 | Venta origen: 1501
credit-payment:1000,credit-note:1502,2026-04-07 18:57:12,980,EFECTIVO,MIG-JM-ABONO-1000,Abono origen: 1000 | Venta origen: 1502
credit-payment:1001,credit-note:1533,2026-04-07 18:57:19,1372,EFECTIVO,MIG-JM-ABONO-1001,Abono origen: 1001 | Venta origen: 1533
credit-payment:1002,credit-note:1544,2026-04-07 18:57:27,2940,EFECTIVO,MIG-JM-ABONO-1002,Abono origen: 1002 | Venta origen: 1544
credit-payment:1004,credit-note:1646,2026-04-08 17:37:55,3700,EFECTIVO,MIG-JM-ABONO-1004,Abono origen: 1004 | Venta origen: 1646
credit-payment:1005,credit-note:1645,2026-04-08 17:38:00,8300,EFECTIVO,MIG-JM-ABONO-1005,Abono origen: 1005 | Venta origen: 1645
credit-payment:1006,credit-note:1598,2026-04-08 20:12:30,4750,EFECTIVO,MIG-JM-ABONO-1006,Abono origen: 1006 | Venta origen: 1598
credit-payment:1007,credit-note:1515,2026-04-08 20:12:35,4700,EFECTIVO,MIG-JM-ABONO-1007,Abono origen: 1007 | Venta origen: 1515
credit-payment:1008,credit-note:1486,2026-04-09 20:59:39,8500,EFECTIVO,MIG-JM-ABONO-1008,Abono origen: 1008 | Venta origen: 1486
credit-payment:1009,credit-note:1474,2026-04-09 20:59:45,8500,EFECTIVO,MIG-JM-ABONO-1009,Abono origen: 1009 | Venta origen: 1474
credit-payment:1010,credit-note:1459,2026-04-09 20:59:55,8500,EFECTIVO,MIG-JM-ABONO-1010,Abono origen: 1010 | Venta origen: 1459
credit-payment:1011,credit-note:866,2026-04-10 18:27:02,360,EFECTIVO,MIG-JM-ABONO-1011,Abono origen: 1011 | Venta origen: 866
credit-payment:1012,credit-note:814,2026-04-10 18:27:08,2506,EFECTIVO,MIG-JM-ABONO-1012,Abono origen: 1012 | Venta origen: 814
credit-payment:1013,credit-note:1130,2026-04-10 18:27:15,3960,EFECTIVO,MIG-JM-ABONO-1013,Abono origen: 1013 | Venta origen: 1130
credit-payment:1014,credit-note:1338,2026-04-10 18:50:49,22800,EFECTIVO,MIG-JM-ABONO-1014,Abono origen: 1014 | Venta origen: 1338
credit-payment:1015,credit-note:1368,2026-04-10 18:50:59,17100,EFECTIVO,MIG-JM-ABONO-1015,Abono origen: 1015 | Venta origen: 1368
credit-payment:1016,credit-note:1392,2026-04-10 18:51:11,12750,EFECTIVO,MIG-JM-ABONO-1016,Abono origen: 1016 | Venta origen: 1392
credit-payment:1017,credit-note:1405,2026-04-10 18:54:51,22800,EFECTIVO,MIG-JM-ABONO-1017,Abono origen: 1017 | Venta origen: 1405
credit-payment:1018,credit-note:1439,2026-04-10 18:55:01,18500,EFECTIVO,MIG-JM-ABONO-1018,Abono origen: 1018 | Venta origen: 1439
credit-payment:1019,credit-note:1601,2026-04-10 20:58:41,3150,EFECTIVO,MIG-JM-ABONO-1019,Abono origen: 1019 | Venta origen: 1601
credit-payment:1020,credit-note:1649,2026-04-10 20:58:48,4700,EFECTIVO,MIG-JM-ABONO-1020,Abono origen: 1020 | Venta origen: 1649
credit-payment:1021,credit-note:1642,2026-04-10 20:58:54,8300,EFECTIVO,MIG-JM-ABONO-1021,Abono origen: 1021 | Venta origen: 1642
credit-payment:1022,credit-note:1472,2026-04-10 23:17:55,26600,EFECTIVO,MIG-JM-ABONO-1022,Abono origen: 1022 | Venta origen: 1472
credit-payment:1023,credit-note:1510,2026-04-10 23:18:09,18500,EFECTIVO,MIG-JM-ABONO-1023,Abono origen: 1023 | Venta origen: 1510
credit-payment:1024,credit-note:1527,2026-04-10 23:18:23,19000,EFECTIVO,MIG-JM-ABONO-1024,Abono origen: 1024 | Venta origen: 1527
credit-payment:1025,credit-note:1581,2026-04-10 23:19:01,19000,EFECTIVO,MIG-JM-ABONO-1025,Abono origen: 1025 | Venta origen: 1581
credit-payment:1026,credit-note:1263,2026-04-13 19:59:19,7200,EFECTIVO,MIG-JM-ABONO-1026,Abono origen: 1026 | Venta origen: 1263
credit-payment:1027,credit-note:1701,2026-04-13 21:30:42,9400,EFECTIVO,MIG-JM-ABONO-1027,Abono origen: 1027 | Venta origen: 1701
credit-payment:1028,credit-note:1691,2026-04-13 21:32:00,2992,EFECTIVO,MIG-JM-ABONO-1028,Abono origen: 1028 | Venta origen: 1691
credit-payment:1029,credit-note:1606,2026-04-13 21:32:12,2200,EFECTIVO,MIG-JM-ABONO-1029,Abono origen: 1029 | Venta origen: 1606
credit-payment:1030,credit-note:1718,2026-04-13 21:32:26,2500,EFECTIVO,MIG-JM-ABONO-1030,Abono origen: 1030 | Venta origen: 1718 | Forma pago origen: e
credit-payment:1031,credit-note:1688,2026-04-14 13:39:40,6825,EFECTIVO,MIG-JM-ABONO-1031,Abono origen: 1031 | Venta origen: 1688
credit-payment:1032,credit-note:64,2026-04-14 13:40:09,219,EFECTIVO,MIG-JM-ABONO-1032,Abono origen: 1032 | Venta origen: 64
credit-payment:1033,credit-note:63,2026-04-14 13:40:16,87.5,EFECTIVO,MIG-JM-ABONO-1033,Abono origen: 1033 | Venta origen: 63
credit-payment:1034,credit-note:72,2026-04-14 13:40:26,3000,EFECTIVO,MIG-JM-ABONO-1034,Abono origen: 1034 | Venta origen: 72
credit-payment:1035,credit-note:1620,2026-04-14 13:41:51,3360,EFECTIVO,MIG-JM-ABONO-1035,Abono origen: 1035 | Venta origen: 1620
credit-payment:1036,credit-note:1627,2026-04-14 13:42:00,6150,EFECTIVO,MIG-JM-ABONO-1036,Abono origen: 1036 | Venta origen: 1627
credit-payment:1037,credit-note:1637,2026-04-14 13:42:07,1920,EFECTIVO,MIG-JM-ABONO-1037,Abono origen: 1037 | Venta origen: 1637
credit-payment:1038,credit-note:1643,2026-04-14 13:42:13,2000,EFECTIVO,MIG-JM-ABONO-1038,Abono origen: 1038 | Venta origen: 1643
credit-payment:1039,credit-note:1648,2026-04-14 13:42:20,3080,EFECTIVO,MIG-JM-ABONO-1039,Abono origen: 1039 | Venta origen: 1648
credit-payment:1040,credit-note:1653,2026-04-14 13:42:28,3360,EFECTIVO,MIG-JM-ABONO-1040,Abono origen: 1040 | Venta origen: 1653
credit-payment:1041,credit-note:1660,2026-04-14 13:42:33,1900,EFECTIVO,MIG-JM-ABONO-1041,Abono origen: 1041 | Venta origen: 1660
credit-payment:1042,credit-note:1662,2026-04-14 13:42:40,2000,EFECTIVO,MIG-JM-ABONO-1042,Abono origen: 1042 | Venta origen: 1662
credit-payment:1043,credit-note:1663,2026-04-14 13:42:48,2180,EFECTIVO,MIG-JM-ABONO-1043,Abono origen: 1043 | Venta origen: 1663
credit-payment:1044,credit-note:1673,2026-04-14 13:42:58,4230,EFECTIVO,MIG-JM-ABONO-1044,Abono origen: 1044 | Venta origen: 1673
credit-payment:1045,credit-note:1680,2026-04-14 13:43:05,1300,EFECTIVO,MIG-JM-ABONO-1045,Abono origen: 1045 | Venta origen: 1680
credit-payment:1046,credit-note:1694,2026-04-14 13:43:13,4260,EFECTIVO,MIG-JM-ABONO-1046,Abono origen: 1046 | Venta origen: 1694
credit-payment:1047,credit-note:1690,2026-04-14 13:43:22,75,EFECTIVO,MIG-JM-ABONO-1047,Abono origen: 1047 | Venta origen: 1690
credit-payment:1048,credit-note:1621,2026-04-14 13:43:45,2200,EFECTIVO,MIG-JM-ABONO-1048,Abono origen: 1048 | Venta origen: 1621
credit-payment:1049,credit-note:1689,2026-04-14 13:43:54,2200,EFECTIVO,MIG-JM-ABONO-1049,Abono origen: 1049 | Venta origen: 1689
credit-payment:1050,credit-note:1623,2026-04-14 13:44:02,2200,EFECTIVO,MIG-JM-ABONO-1050,Abono origen: 1050 | Venta origen: 1623
credit-payment:1051,credit-note:1707,2026-04-14 13:44:58,1180,EFECTIVO,MIG-JM-ABONO-1051,Abono origen: 1051 | Venta origen: 1707
credit-payment:1052,credit-note:1042,2026-04-14 15:04:56,61500,EFECTIVO,MIG-JM-ABONO-1052,Abono origen: 1052 | Venta origen: 1042
credit-payment:1053,credit-note:1032,2026-04-14 15:05:16,14000,EFECTIVO,MIG-JM-ABONO-1053,Abono origen: 1053 | Venta origen: 1032
credit-payment:1054,credit-note:989,2026-04-14 15:09:35,300,EFECTIVO,MIG-JM-ABONO-1054,Abono origen: 1054 | Venta origen: 989
credit-payment:1055,credit-note:992,2026-04-14 15:09:48,8100,EFECTIVO,MIG-JM-ABONO-1055,Abono origen: 1055 | Venta origen: 992
credit-payment:1056,credit-note:999,2026-04-14 15:09:59,602,EFECTIVO,MIG-JM-ABONO-1056,Abono origen: 1056 | Venta origen: 999
credit-payment:1057,credit-note:1000,2026-04-14 15:10:08,1720,EFECTIVO,MIG-JM-ABONO-1057,Abono origen: 1057 | Venta origen: 1000
credit-payment:1058,credit-note:1001,2026-04-14 15:10:19,5000,EFECTIVO,MIG-JM-ABONO-1058,Abono origen: 1058 | Venta origen: 1001
credit-payment:1059,credit-note:1002,2026-04-14 15:10:39,5000,EFECTIVO,MIG-JM-ABONO-1059,Abono origen: 1059 | Venta origen: 1002
credit-payment:1060,credit-note:1003,2026-04-14 15:10:52,5000,EFECTIVO,MIG-JM-ABONO-1060,Abono origen: 1060 | Venta origen: 1003
credit-payment:1061,credit-note:1004,2026-04-14 15:11:01,5000,EFECTIVO,MIG-JM-ABONO-1061,Abono origen: 1061 | Venta origen: 1004
credit-payment:1062,credit-note:1005,2026-04-14 15:11:10,5000,EFECTIVO,MIG-JM-ABONO-1062,Abono origen: 1062 | Venta origen: 1005
credit-payment:1063,credit-note:1010,2026-04-14 15:11:20,5000,EFECTIVO,MIG-JM-ABONO-1063,Abono origen: 1063 | Venta origen: 1010
credit-payment:1064,credit-note:1013,2026-04-14 15:11:30,2681,EFECTIVO,MIG-JM-ABONO-1064,Abono origen: 1064 | Venta origen: 1013
credit-payment:1065,credit-note:1024,2026-04-14 15:11:40,1225,EFECTIVO,MIG-JM-ABONO-1065,Abono origen: 1065 | Venta origen: 1024
credit-payment:1066,credit-note:1152,2026-04-14 15:12:16,2250,EFECTIVO,MIG-JM-ABONO-1066,Abono origen: 1066 | Venta origen: 1152
credit-payment:1067,credit-note:1153,2026-04-14 15:12:27,10745,EFECTIVO,MIG-JM-ABONO-1067,Abono origen: 1067 | Venta origen: 1153
credit-payment:1068,credit-note:1190,2026-04-14 15:13:43,8500,EFECTIVO,MIG-JM-ABONO-1068,Abono origen: 1068 | Venta origen: 1190
credit-payment:1069,credit-note:1722,2026-04-14 15:39:57,1900,EFECTIVO,MIG-JM-ABONO-1069,Abono origen: 1069 | Venta origen: 1722
credit-payment:1070,credit-note:1713,2026-04-14 18:53:55,4000,EFECTIVO,MIG-JM-ABONO-1070,Abono origen: 1070 | Venta origen: 1713
credit-payment:1071,credit-note:1654,2026-04-14 22:40:51,4650,EFECTIVO,MIG-JM-ABONO-1071,Abono origen: 1071 | Venta origen: 1654
credit-payment:1072,credit-note:1706,2026-04-14 22:40:58,6900,EFECTIVO,MIG-JM-ABONO-1072,Abono origen: 1072 | Venta origen: 1706
credit-payment:1073,credit-note:1700,2026-04-14 22:41:07,3450,EFECTIVO,MIG-JM-ABONO-1073,Abono origen: 1073 | Venta origen: 1700
credit-payment:1074,credit-note:1367,2026-04-14 22:41:31,3450,EFECTIVO,MIG-JM-ABONO-1074,Abono origen: 1074 | Venta origen: 1367
credit-payment:1075,credit-note:1361,2026-04-14 22:41:39,3450,EFECTIVO,MIG-JM-ABONO-1075,Abono origen: 1075 | Venta origen: 1361
credit-payment:1076,credit-note:1393,2026-04-14 22:41:46,5000,EFECTIVO,MIG-JM-ABONO-1076,Abono origen: 1076 | Venta origen: 1393
credit-payment:1077,credit-note:1407,2026-04-14 22:41:52,4025,EFECTIVO,MIG-JM-ABONO-1077,Abono origen: 1077 | Venta origen: 1407
credit-payment:1078,credit-note:1422,2026-04-14 22:42:00,3867,EFECTIVO,MIG-JM-ABONO-1078,Abono origen: 1078 | Venta origen: 1422
credit-payment:1079,credit-note:1424,2026-04-14 22:42:06,1210,EFECTIVO,MIG-JM-ABONO-1079,Abono origen: 1079 | Venta origen: 1424
credit-payment:1080,credit-note:1443,2026-04-14 22:42:14,8050,EFECTIVO,MIG-JM-ABONO-1080,Abono origen: 1080 | Venta origen: 1443
credit-payment:1081,credit-note:1453,2026-04-14 22:42:21,2080,EFECTIVO,MIG-JM-ABONO-1081,Abono origen: 1081 | Venta origen: 1453
credit-payment:1082,credit-note:1448,2026-04-14 22:42:30,802,EFECTIVO,MIG-JM-ABONO-1082,Abono origen: 1082 | Venta origen: 1448
credit-payment:1083,credit-note:1455,2026-04-14 22:42:37,3450,EFECTIVO,MIG-JM-ABONO-1083,Abono origen: 1083 | Venta origen: 1455
credit-payment:1084,credit-note:1471,2026-04-14 22:42:44,3800,EFECTIVO,MIG-JM-ABONO-1084,Abono origen: 1084 | Venta origen: 1471
credit-payment:1085,credit-note:1473,2026-04-14 22:42:54,3450,EFECTIVO,MIG-JM-ABONO-1085,Abono origen: 1085 | Venta origen: 1473
credit-payment:1086,credit-note:1476,2026-04-14 22:43:04,3450,EFECTIVO,MIG-JM-ABONO-1086,Abono origen: 1086 | Venta origen: 1476
credit-payment:1087,credit-note:1480,2026-04-14 22:43:09,1280,EFECTIVO,MIG-JM-ABONO-1087,Abono origen: 1087 | Venta origen: 1480
credit-payment:1088,credit-note:1495,2026-04-14 22:43:18,4240,EFECTIVO,MIG-JM-ABONO-1088,Abono origen: 1088 | Venta origen: 1495
credit-payment:1089,credit-note:1526,2026-04-14 22:43:30,3450,EFECTIVO,MIG-JM-ABONO-1089,Abono origen: 1089 | Venta origen: 1526
credit-payment:1090,credit-note:1548,2026-04-14 22:43:35,4600,EFECTIVO,MIG-JM-ABONO-1090,Abono origen: 1090 | Venta origen: 1548
credit-payment:1091,credit-note:1551,2026-04-14 22:43:42,900,EFECTIVO,MIG-JM-ABONO-1091,Abono origen: 1091 | Venta origen: 1551
credit-payment:1092,credit-note:1553,2026-04-14 22:43:48,900,EFECTIVO,MIG-JM-ABONO-1092,Abono origen: 1092 | Venta origen: 1553
credit-payment:1093,credit-note:1556,2026-04-14 22:43:56,7850,EFECTIVO,MIG-JM-ABONO-1093,Abono origen: 1093 | Venta origen: 1556
credit-payment:1094,credit-note:1560,2026-04-14 22:44:03,740,EFECTIVO,MIG-JM-ABONO-1094,Abono origen: 1094 | Venta origen: 1560
credit-payment:1095,credit-note:1587,2026-04-14 22:44:11,3450,EFECTIVO,MIG-JM-ABONO-1095,Abono origen: 1095 | Venta origen: 1587
credit-payment:1096,credit-note:1609,2026-04-14 22:44:20,5196,EFECTIVO,MIG-JM-ABONO-1096,Abono origen: 1096 | Venta origen: 1609
credit-payment:1097,credit-note:1618,2026-04-14 22:44:26,6900,EFECTIVO,MIG-JM-ABONO-1097,Abono origen: 1097 | Venta origen: 1618
credit-payment:1098,credit-note:1629,2026-04-14 22:44:32,1664,EFECTIVO,MIG-JM-ABONO-1098,Abono origen: 1098 | Venta origen: 1629
credit-payment:1099,credit-note:1631,2026-04-14 22:44:38,900,EFECTIVO,MIG-JM-ABONO-1099,Abono origen: 1099 | Venta origen: 1631
credit-payment:1100,credit-note:1632,2026-04-14 22:44:43,190,EFECTIVO,MIG-JM-ABONO-1100,Abono origen: 1100 | Venta origen: 1632
credit-payment:1101,credit-note:1644,2026-04-14 22:44:48,12300,EFECTIVO,MIG-JM-ABONO-1101,Abono origen: 1101 | Venta origen: 1644
credit-payment:1102,credit-note:1678,2026-04-14 22:44:53,7850,EFECTIVO,MIG-JM-ABONO-1102,Abono origen: 1102 | Venta origen: 1678
credit-payment:1103,credit-note:1736,2026-04-15 19:14:10,2850,EFECTIVO,MIG-JM-ABONO-1103,Abono origen: 1103 | Venta origen: 1736
credit-payment:1104,credit-note:1726,2026-04-15 19:14:30,2850,EFECTIVO,MIG-JM-ABONO-1104,Abono origen: 1104 | Venta origen: 1726
credit-payment:1105,credit-note:1737,2026-04-15 20:23:06,570,EFECTIVO,MIG-JM-ABONO-1105,Abono origen: 1105 | Venta origen: 1737
credit-payment:1106,credit-note:1738,2026-04-15 23:17:42,900,EFECTIVO,MIG-JM-ABONO-1106,Abono origen: 1106 | Venta origen: 1738
credit-payment:1107,credit-note:1420,2026-04-16 15:09:49,2490,EFECTIVO,MIG-JM-ABONO-1107,Abono origen: 1107 | Venta origen: 1420
credit-payment:1108,credit-note:1617,2026-04-16 15:09:59,125,EFECTIVO,MIG-JM-ABONO-1108,Abono origen: 1108 | Venta origen: 1617
credit-payment:1109,credit-note:1494,2026-04-16 17:20:45,17000,EFECTIVO,MIG-JM-ABONO-1109,Abono origen: 1109 | Venta origen: 1494
credit-payment:1110,credit-note:1517,2026-04-16 17:20:59,8500,EFECTIVO,MIG-JM-ABONO-1110,Abono origen: 1110 | Venta origen: 1517
credit-payment:1111,credit-note:1679,2026-04-16 21:19:58,6600,EFECTIVO,MIG-JM-ABONO-1111,Abono origen: 1111 | Venta origen: 1679
credit-payment:1112,credit-note:1682,2026-04-16 21:20:22,17000,EFECTIVO,MIG-JM-ABONO-1112,Abono origen: 1112 | Venta origen: 1682
credit-payment:1113,credit-note:190,2026-04-17 21:59:52,22656,EFECTIVO,MIG-JM-ABONO-1113,Abono origen: 1113 | Venta origen: 190
credit-payment:1114,credit-note:277,2026-04-17 21:59:56,3167,EFECTIVO,MIG-JM-ABONO-1114,Abono origen: 1114 | Venta origen: 277
credit-payment:1115,credit-note:1746,2026-04-18 19:13:31,4200,EFECTIVO,MIG-JM-ABONO-1115,Abono origen: 1115 | Venta origen: 1746
credit-payment:1116,credit-note:1771,2026-04-18 19:13:52,3700,EFECTIVO,MIG-JM-ABONO-1116,Abono origen: 1116 | Venta origen: 1771
credit-payment:1117,credit-note:1760,2026-04-18 19:14:14,236,EFECTIVO,MIG-JM-ABONO-1117,Abono origen: 1117 | Venta origen: 1760
credit-payment:1118,credit-note:1698,2026-04-18 19:14:37,2900,EFECTIVO,MIG-JM-ABONO-1118,Abono origen: 1118 | Venta origen: 1698
credit-payment:1119,credit-note:1681,2026-04-20 14:32:05,3866,EFECTIVO,MIG-JM-ABONO-1119,Abono origen: 1119 | Venta origen: 1681
credit-payment:1120,credit-note:1785,2026-04-20 14:42:55,45,EFECTIVO,MIG-JM-ABONO-1120,Abono origen: 1120 | Venta origen: 1785
credit-payment:1121,credit-note:1033,2026-04-20 14:50:17,3800,EFECTIVO,MIG-JM-ABONO-1121,Abono origen: 1121 | Venta origen: 1033
credit-payment:1122,credit-note:1040,2026-04-20 14:50:28,728,EFECTIVO,MIG-JM-ABONO-1122,Abono origen: 1122 | Venta origen: 1040
credit-payment:1123,credit-note:990,2026-04-20 14:50:35,1677,EFECTIVO,MIG-JM-ABONO-1123,Abono origen: 1123 | Venta origen: 990
credit-payment:1124,credit-note:1099,2026-04-20 14:51:32,1950,EFECTIVO,MIG-JM-ABONO-1124,Abono origen: 1124 | Venta origen: 1099
credit-payment:1125,credit-note:1582,2026-04-20 15:22:33,18500,EFECTIVO,MIG-JM-ABONO-1125,Abono origen: 1125 | Venta origen: 1582
credit-payment:1126,credit-note:1768,2026-04-20 20:10:30,4260,EFECTIVO,MIG-JM-ABONO-1126,Abono origen: 1126 | Venta origen: 1768
credit-payment:1127,credit-note:1712,2026-04-20 20:10:38,1420,EFECTIVO,MIG-JM-ABONO-1127,Abono origen: 1127 | Venta origen: 1712
credit-payment:1128,credit-note:1716,2026-04-20 20:10:49,3510,EFECTIVO,MIG-JM-ABONO-1128,Abono origen: 1128 | Venta origen: 1716
credit-payment:1129,credit-note:1723,2026-04-20 20:10:57,3080,EFECTIVO,MIG-JM-ABONO-1129,Abono origen: 1129 | Venta origen: 1723
credit-payment:1130,credit-note:1772,2026-04-20 20:11:04,3700,EFECTIVO,MIG-JM-ABONO-1130,Abono origen: 1130 | Venta origen: 1772
credit-payment:1131,credit-note:1360,2026-04-20 21:43:10,9200,EFECTIVO,MIG-JM-ABONO-1131,Abono origen: 1131 | Venta origen: 1360
credit-payment:1132,credit-note:1801,2026-04-20 21:43:15,1050,EFECTIVO,MIG-JM-ABONO-1132,Abono origen: 1132 | Venta origen: 1801
credit-payment:1133,credit-note:1721,2026-04-21 23:02:16,1525,EFECTIVO,MIG-JM-ABONO-1133,Abono origen: 1133 | Venta origen: 1721
credit-payment:1134,credit-note:1704,2026-04-21 23:02:22,666,EFECTIVO,MIG-JM-ABONO-1134,Abono origen: 1134 | Venta origen: 1704
credit-payment:1135,credit-note:1699,2026-04-21 23:02:28,2810,EFECTIVO,MIG-JM-ABONO-1135,Abono origen: 1135 | Venta origen: 1699
credit-payment:1136,credit-note:1803,2026-04-21 23:02:34,215,EFECTIVO,MIG-JM-ABONO-1136,Abono origen: 1136 | Venta origen: 1803
credit-payment:1137,credit-note:1757,2026-04-21 23:09:23,5300,EFECTIVO,MIG-JM-ABONO-1137,Abono origen: 1137 | Venta origen: 1757
credit-payment:1138,credit-note:1741,2026-04-21 23:09:35,10000,EFECTIVO,MIG-JM-ABONO-1138,Abono origen: 1138 | Venta origen: 1741
credit-payment:1139,credit-note:1268,2026-04-21 23:17:09,831,EFECTIVO,MIG-JM-ABONO-1139,Abono origen: 1139 | Venta origen: 1268
credit-payment:1140,credit-note:1236,2026-04-21 23:17:16,2200,EFECTIVO,MIG-JM-ABONO-1140,Abono origen: 1140 | Venta origen: 1236
credit-payment:1141,credit-note:1275,2026-04-21 23:17:26,11300,EFECTIVO,MIG-JM-ABONO-1141,Abono origen: 1141 | Venta origen: 1275
credit-payment:1142,credit-note:1233,2026-04-21 23:17:38,12975,EFECTIVO,MIG-JM-ABONO-1142,Abono origen: 1142 | Venta origen: 1233
credit-payment:1143,credit-note:1201,2026-04-21 23:17:44,963,EFECTIVO,MIG-JM-ABONO-1143,Abono origen: 1143 | Venta origen: 1201
credit-payment:1144,credit-note:1290,2026-04-21 23:17:57,5000,EFECTIVO,MIG-JM-ABONO-1144,Abono origen: 1144 | Venta origen: 1290
credit-payment:1145,credit-note:1267,2026-04-21 23:18:14,10320,EFECTIVO,MIG-JM-ABONO-1145,Abono origen: 1145 | Venta origen: 1267
credit-payment:1146,credit-note:1234,2026-04-21 23:18:37,2005,EFECTIVO,MIG-JM-ABONO-1146,Abono origen: 1146 | Venta origen: 1234
credit-payment:1147,credit-note:1286,2026-04-21 23:18:53,11300,EFECTIVO,MIG-JM-ABONO-1147,Abono origen: 1147 | Venta origen: 1286
credit-payment:1148,credit-note:1287,2026-04-21 23:19:02,11300,EFECTIVO,MIG-JM-ABONO-1148,Abono origen: 1148 | Venta origen: 1287
credit-payment:1149,credit-note:1289,2026-04-21 23:19:08,11300,EFECTIVO,MIG-JM-ABONO-1149,Abono origen: 1149 | Venta origen: 1289
credit-payment:1150,credit-note:1277,2026-04-21 23:19:18,11300,EFECTIVO,MIG-JM-ABONO-1150,Abono origen: 1150 | Venta origen: 1277
credit-payment:1151,credit-note:1276,2026-04-21 23:19:26,11300,EFECTIVO,MIG-JM-ABONO-1151,Abono origen: 1151 | Venta origen: 1276
credit-payment:1152,credit-note:1269,2026-04-21 23:19:33,11300,EFECTIVO,MIG-JM-ABONO-1152,Abono origen: 1152 | Venta origen: 1269
credit-payment:1153,credit-note:1447,2026-04-22 13:39:11,8500,EFECTIVO,MIG-JM-ABONO-1153,Abono origen: 1153 | Venta origen: 1447
credit-payment:1154,credit-note:1496,2026-04-22 13:39:19,6600,EFECTIVO,MIG-JM-ABONO-1154,Abono origen: 1154 | Venta origen: 1496
credit-payment:1155,credit-note:1674,2026-04-22 13:40:55,4700,EFECTIVO,MIG-JM-ABONO-1155,Abono origen: 1155 | Venta origen: 1674
credit-payment:1156,credit-note:1686,2026-04-22 13:43:47,2620,EFECTIVO,MIG-JM-ABONO-1156,Abono origen: 1156 | Venta origen: 1686
credit-payment:1157,credit-note:1758,2026-04-22 13:47:02,2850,EFECTIVO,MIG-JM-ABONO-1157,Abono origen: 1157 | Venta origen: 1758
credit-payment:1158,credit-note:1728,2026-04-22 13:47:33,6150,EFECTIVO,MIG-JM-ABONO-1158,Abono origen: 1158 | Venta origen: 1728
credit-payment:1159,credit-note:1669,2026-04-22 13:47:46,7420,EFECTIVO,MIG-JM-ABONO-1159,Abono origen: 1159 | Venta origen: 1669
credit-payment:1160,credit-note:1081,2026-04-22 13:53:02,2000,EFECTIVO,MIG-JM-ABONO-1160,Abono origen: 1160 | Venta origen: 1081
credit-payment:1161,credit-note:1633,2026-04-22 14:23:36,60,EFECTIVO,MIG-JM-ABONO-1161,Abono origen: 1161 | Venta origen: 1633
credit-payment:1162,credit-note:1730,2026-04-22 14:32:02,843,EFECTIVO,MIG-JM-ABONO-1162,Abono origen: 1162 | Venta origen: 1730
credit-payment:1163,credit-note:1761,2026-04-22 14:32:09,2497,EFECTIVO,MIG-JM-ABONO-1163,Abono origen: 1163 | Venta origen: 1761
credit-payment:1164,credit-note:1497,2026-04-22 14:58:30,2132,EFECTIVO,MIG-JM-ABONO-1164,Abono origen: 1164 | Venta origen: 1497
credit-payment:1165,credit-note:1499,2026-04-22 14:58:39,1037,EFECTIVO,MIG-JM-ABONO-1165,Abono origen: 1165 | Venta origen: 1499
credit-payment:1166,credit-note:1500,2026-04-22 14:58:46,4646.5,EFECTIVO,MIG-JM-ABONO-1166,Abono origen: 1166 | Venta origen: 1500
credit-payment:1167,credit-note:1339,2026-04-22 15:15:27,4000,EFECTIVO,MIG-JM-ABONO-1167,Abono origen: 1167 | Venta origen: 1339
credit-payment:1168,credit-note:1518,2026-04-22 15:17:11,3324,EFECTIVO,MIG-JM-ABONO-1168,Abono origen: 1168 | Venta origen: 1518
credit-payment:1169,credit-note:1477,2026-04-22 15:17:19,17480,EFECTIVO,MIG-JM-ABONO-1169,Abono origen: 1169 | Venta origen: 1477
credit-payment:1170,credit-note:1740,2026-04-22 19:23:15,5485.8,EFECTIVO,MIG-JM-ABONO-1170,Abono origen: 1170 | Venta origen: 1740
credit-payment:1171,credit-note:1753,2026-04-22 19:23:24,9326,EFECTIVO,MIG-JM-ABONO-1171,Abono origen: 1171 | Venta origen: 1753
credit-payment:1172,credit-note:1683,2026-04-22 19:23:35,2200,EFECTIVO,MIG-JM-ABONO-1172,Abono origen: 1172 | Venta origen: 1683
credit-payment:1173,credit-note:1787,2026-04-22 19:24:15,5950,EFECTIVO,MIG-JM-ABONO-1173,Abono origen: 1173 | Venta origen: 1787
credit-payment:1174,credit-note:1297,2026-04-22 23:28:05,18350,EFECTIVO,MIG-JM-ABONO-1174,Abono origen: 1174 | Venta origen: 1297
credit-payment:1175,credit-note:1352,2026-04-22 23:28:14,21500,EFECTIVO,MIG-JM-ABONO-1175,Abono origen: 1175 | Venta origen: 1352
credit-payment:1176,credit-note:1836,2026-04-23 20:45:08,2160,EFECTIVO,MIG-JM-ABONO-1176,Abono origen: 1176 | Venta origen: 1836
credit-payment:1177,credit-note:1800,2026-04-23 22:26:49,3180,EFECTIVO,MIG-JM-ABONO-1177,Abono origen: 1177 | Venta origen: 1800
credit-payment:1178,credit-note:1718,2026-04-23 23:29:26,2622,EFECTIVO,MIG-JM-ABONO-1178,Abono origen: 1178 | Venta origen: 1718
credit-payment:1179,credit-note:1719,2026-04-23 23:29:31,472,EFECTIVO,MIG-JM-ABONO-1179,Abono origen: 1179 | Venta origen: 1719
credit-payment:1180,credit-note:1813,2026-04-23 23:44:02,450,EFECTIVO,MIG-JM-ABONO-1180,Abono origen: 1180 | Venta origen: 1813
credit-payment:1181,credit-note:1762,2026-04-23 23:44:06,354,EFECTIVO,MIG-JM-ABONO-1181,Abono origen: 1181 | Venta origen: 1762
credit-payment:1182,credit-note:1837,2026-04-24 17:46:20,960,EFECTIVO,MIG-JM-ABONO-1182,Abono origen: 1182 | Venta origen: 1837
credit-payment:1183,credit-note:1844,2026-04-24 18:37:53,4200,EFECTIVO,MIG-JM-ABONO-1183,Abono origen: 1183 | Venta origen: 1844
credit-payment:1184,credit-note:1789,2026-04-24 21:17:54,3600,EFECTIVO,MIG-JM-ABONO-1184,Abono origen: 1184 | Venta origen: 1789
credit-payment:1185,credit-note:1851,2026-04-24 23:40:40,180,EFECTIVO,MIG-JM-ABONO-1185,Abono origen: 1185 | Venta origen: 1851
credit-payment:1186,credit-note:1850,2026-04-24 23:40:57,64,EFECTIVO,MIG-JM-ABONO-1186,Abono origen: 1186 | Venta origen: 1850
credit-payment:1187,credit-note:1677,2026-04-25 19:00:07,10135,EFECTIVO,MIG-JM-ABONO-1187,Abono origen: 1187 | Venta origen: 1677
credit-payment:1188,credit-note:1796,2026-04-27 20:06:47,2447,EFECTIVO,MIG-JM-ABONO-1188,Abono origen: 1188 | Venta origen: 1796
credit-payment:1189,credit-note:1805,2026-04-27 20:06:57,542,EFECTIVO,MIG-JM-ABONO-1189,Abono origen: 1189 | Venta origen: 1805
credit-payment:1190,credit-note:1812,2026-04-27 20:07:05,50,EFECTIVO,MIG-JM-ABONO-1190,Abono origen: 1190 | Venta origen: 1812
credit-payment:1191,credit-note:1843,2026-04-27 20:07:15,2890,EFECTIVO,MIG-JM-ABONO-1191,Abono origen: 1191 | Venta origen: 1843
credit-payment:1192,credit-note:1797,2026-04-27 20:07:25,30,EFECTIVO,MIG-JM-ABONO-1192,Abono origen: 1192 | Venta origen: 1797
credit-payment:1193,credit-note:1791,2026-04-27 20:07:31,4400,EFECTIVO,MIG-JM-ABONO-1193,Abono origen: 1193 | Venta origen: 1791
credit-payment:1194,credit-note:1861,2026-04-27 22:58:54,8900,EFECTIVO,MIG-JM-ABONO-1194,Abono origen: 1194 | Venta origen: 1861
credit-payment:1195,credit-note:1842,2026-04-28 23:08:36,9000,EFECTIVO,MIG-JM-ABONO-1195,Abono origen: 1195 | Venta origen: 1842
credit-payment:1196,credit-note:1715,2026-04-28 23:08:55,17000,EFECTIVO,MIG-JM-ABONO-1196,Abono origen: 1196 | Venta origen: 1715
credit-payment:1197,credit-note:1880,2026-04-28 23:09:09,900,EFECTIVO,MIG-JM-ABONO-1197,Abono origen: 1197 | Venta origen: 1880
credit-payment:1198,credit-note:1870,2026-04-28 23:09:30,10550,EFECTIVO,MIG-JM-ABONO-1198,Abono origen: 1198 | Venta origen: 1870 | Forma pago origen: e
credit-payment:1199,credit-note:1451,2026-04-29 14:10:16,6500,EFECTIVO,MIG-JM-ABONO-1199,Abono origen: 1199 | Venta origen: 1451
credit-payment:1200,credit-note:1773,2026-04-29 14:56:35,1800,EFECTIVO,MIG-JM-ABONO-1200,Abono origen: 1200 | Venta origen: 1773
credit-payment:1201,credit-note:1743,2026-04-29 14:56:42,4950,EFECTIVO,MIG-JM-ABONO-1201,Abono origen: 1201 | Venta origen: 1743
credit-payment:1202,credit-note:1764,2026-04-29 14:56:52,3150,EFECTIVO,MIG-JM-ABONO-1202,Abono origen: 1202 | Venta origen: 1764
credit-payment:1203,credit-note:1742,2026-04-29 14:57:01,7245,EFECTIVO,MIG-JM-ABONO-1203,Abono origen: 1203 | Venta origen: 1742
credit-payment:1204,credit-note:1763,2026-04-29 14:57:17,4700,EFECTIVO,MIG-JM-ABONO-1204,Abono origen: 1204 | Venta origen: 1763
credit-payment:1205,credit-note:1709,2026-04-29 23:23:01,2000,EFECTIVO,MIG-JM-ABONO-1205,Abono origen: 1205 | Venta origen: 1709
credit-payment:1206,credit-note:1656,2026-04-29 23:23:11,8000,EFECTIVO,MIG-JM-ABONO-1206,Abono origen: 1206 | Venta origen: 1656
credit-payment:1207,credit-note:1711,2026-04-29 23:23:18,2000,EFECTIVO,MIG-JM-ABONO-1207,Abono origen: 1207 | Venta origen: 1711
credit-payment:1208,credit-note:1779,2026-04-29 23:23:24,3784,EFECTIVO,MIG-JM-ABONO-1208,Abono origen: 1208 | Venta origen: 1779
credit-payment:1209,credit-note:1780,2026-04-29 23:23:40,2993,EFECTIVO,MIG-JM-ABONO-1209,Abono origen: 1209 | Venta origen: 1780 | Forma pago origen: e
credit-payment:1210,credit-note:1882,2026-04-30 22:39:47,3635,EFECTIVO,MIG-JM-ABONO-1210,Abono origen: 1210 | Venta origen: 1882
credit-payment:1211,credit-note:1867,2026-04-30 22:40:01,3879,EFECTIVO,MIG-JM-ABONO-1211,Abono origen: 1211 | Venta origen: 1867
credit-payment:1212,credit-note:1892,2026-04-30 22:40:40,4835,EFECTIVO,MIG-JM-ABONO-1212,Abono origen: 1212 | Venta origen: 1892
credit-payment:1213,credit-note:1826,2026-05-01 14:02:14,4338,EFECTIVO,MIG-JM-ABONO-1213,Abono origen: 1213 | Venta origen: 1826
credit-payment:1214,credit-note:1727,2026-05-01 14:02:20,4700,EFECTIVO,MIG-JM-ABONO-1214,Abono origen: 1214 | Venta origen: 1727
credit-payment:1215,credit-note:437,2026-05-01 15:01:30,13800,EFECTIVO,MIG-JM-ABONO-1215,Abono origen: 1215 | Venta origen: 437
credit-payment:1216,credit-note:130,2026-05-01 15:02:35,19300,EFECTIVO,MIG-JM-ABONO-1216,Abono origen: 1216 | Venta origen: 130
credit-payment:1217,credit-note:1860,2026-05-01 16:35:45,5950,EFECTIVO,MIG-JM-ABONO-1217,Abono origen: 1217 | Venta origen: 1860
credit-payment:1218,credit-note:1868,2026-05-01 16:36:10,2000,EFECTIVO,MIG-JM-ABONO-1218,Abono origen: 1218 | Venta origen: 1868
credit-payment:1219,credit-note:1905,2026-05-01 16:36:27,26450,EFECTIVO,MIG-JM-ABONO-1219,Abono origen: 1219 | Venta origen: 1905
credit-payment:1220,credit-note:1901,2026-05-01 16:38:28,4214,EFECTIVO,MIG-JM-ABONO-1220,Abono origen: 1220 | Venta origen: 1901
credit-payment:1221,credit-note:1870,2026-05-02 00:03:30,2200,EFECTIVO,MIG-JM-ABONO-1221,Abono origen: 1221 | Venta origen: 1870
credit-payment:1222,credit-note:1661,2026-05-02 00:36:47,950,EFECTIVO,MIG-JM-ABONO-1222,Abono origen: 1222 | Venta origen: 1661
credit-payment:1223,credit-note:1568,2026-05-02 14:55:01,113,EFECTIVO,MIG-JM-ABONO-1223,Abono origen: 1223 | Venta origen: 1568
credit-payment:1224,credit-note:1270,2026-05-02 14:56:48,8400,EFECTIVO,MIG-JM-ABONO-1224,Abono origen: 1224 | Venta origen: 1270
credit-payment:1225,credit-note:1446,2026-05-02 14:57:28,104,EFECTIVO,MIG-JM-ABONO-1225,Abono origen: 1225 | Venta origen: 1446
credit-payment:1226,credit-note:1503,2026-05-02 14:57:52,99,EFECTIVO,MIG-JM-ABONO-1226,Abono origen: 1226 | Venta origen: 1503
credit-payment:1227,credit-note:1552,2026-05-02 14:58:16,90,EFECTIVO,MIG-JM-ABONO-1227,Abono origen: 1227 | Venta origen: 1552
credit-payment:1228,credit-note:1483,2026-05-02 14:58:48,208,EFECTIVO,MIG-JM-ABONO-1228,Abono origen: 1228 | Venta origen: 1483
credit-payment:1229,credit-note:1423,2026-05-02 14:59:13,90,EFECTIVO,MIG-JM-ABONO-1229,Abono origen: 1229 | Venta origen: 1423
credit-payment:1230,credit-note:1418,2026-05-02 14:59:35,72,EFECTIVO,MIG-JM-ABONO-1230,Abono origen: 1230 | Venta origen: 1418
credit-payment:1231,credit-note:1417,2026-05-02 14:59:55,104,EFECTIVO,MIG-JM-ABONO-1231,Abono origen: 1231 | Venta origen: 1417
credit-payment:1232,credit-note:1389,2026-05-02 15:00:28,119,EFECTIVO,MIG-JM-ABONO-1232,Abono origen: 1232 | Venta origen: 1389
credit-payment:1233,credit-note:1328,2026-05-02 15:01:48,6720,EFECTIVO,MIG-JM-ABONO-1233,Abono origen: 1233 | Venta origen: 1328
credit-payment:1234,credit-note:1896,2026-05-02 16:57:52,4700,EFECTIVO,MIG-JM-ABONO-1234,Abono origen: 1234 | Venta origen: 1896
credit-payment:1235,credit-note:1864,2026-05-02 17:03:28,4160,EFECTIVO,MIG-JM-ABONO-1235,Abono origen: 1235 | Venta origen: 1864
credit-payment:1236,credit-note:1865,2026-05-02 17:04:03,147,EFECTIVO,MIG-JM-ABONO-1236,Abono origen: 1236 | Venta origen: 1865
credit-payment:1237,credit-note:1876,2026-05-02 17:04:27,3710,EFECTIVO,MIG-JM-ABONO-1237,Abono origen: 1237 | Venta origen: 1876
credit-payment:1238,credit-note:1904,2026-05-02 19:35:55,215,EFECTIVO,MIG-JM-ABONO-1238,Abono origen: 1238 | Venta origen: 1904
credit-payment:1239,credit-note:1823,2026-05-02 21:35:00,216,EFECTIVO,MIG-JM-ABONO-1239,Abono origen: 1239 | Venta origen: 1823
credit-payment:1240,credit-note:1913,2026-05-02 21:35:21,472,EFECTIVO,MIG-JM-ABONO-1240,Abono origen: 1240 | Venta origen: 1913
credit-payment:1241,credit-note:1745,2026-05-04 14:59:03,2900,EFECTIVO,MIG-JM-ABONO-1241,Abono origen: 1241 | Venta origen: 1745
credit-payment:1242,credit-note:1710,2026-05-04 14:59:10,2900,EFECTIVO,MIG-JM-ABONO-1242,Abono origen: 1242 | Venta origen: 1710
credit-payment:1243,credit-note:1693,2026-05-04 14:59:18,2200,EFECTIVO,MIG-JM-ABONO-1243,Abono origen: 1243 | Venta origen: 1693
credit-payment:1244,credit-note:1626,2026-05-04 14:59:46,2200,EFECTIVO,MIG-JM-ABONO-1244,Abono origen: 1244 | Venta origen: 1626
credit-payment:1245,credit-note:1684,2026-05-04 14:59:52,2200,EFECTIVO,MIG-JM-ABONO-1245,Abono origen: 1245 | Venta origen: 1684
credit-payment:1246,credit-note:1825,2026-05-04 14:59:58,1452.5,EFECTIVO,MIG-JM-ABONO-1246,Abono origen: 1246 | Venta origen: 1825
credit-payment:1247,credit-note:1788,2026-05-04 15:00:06,2900,EFECTIVO,MIG-JM-ABONO-1247,Abono origen: 1247 | Venta origen: 1788
credit-payment:1248,credit-note:1703,2026-05-04 17:19:23,445,EFECTIVO,MIG-JM-ABONO-1248,Abono origen: 1248 | Venta origen: 1703
credit-payment:1249,credit-note:4,2026-05-04 18:35:45,2162,EFECTIVO,MIG-JM-ABONO-1249,Abono origen: 1249 | Venta origen: 4
credit-payment:1250,credit-note:861,2026-05-04 18:40:59,14000,EFECTIVO,MIG-JM-ABONO-1250,Abono origen: 1250 | Venta origen: 861
credit-payment:1251,credit-note:998,2026-05-04 18:41:15,1380.5,EFECTIVO,MIG-JM-ABONO-1251,Abono origen: 1251 | Venta origen: 998
credit-payment:1252,credit-note:1148,2026-05-04 18:41:21,705,EFECTIVO,MIG-JM-ABONO-1252,Abono origen: 1252 | Venta origen: 1148
credit-payment:1253,credit-note:1138,2026-05-04 18:41:28,1204.56,EFECTIVO,MIG-JM-ABONO-1253,Abono origen: 1253 | Venta origen: 1138
credit-payment:1254,credit-note:3,2026-05-04 18:42:28,165,EFECTIVO,MIG-JM-ABONO-1254,Abono origen: 1254 | Venta origen: 3
credit-payment:1255,credit-note:488,2026-05-04 18:52:39,197,EFECTIVO,MIG-JM-ABONO-1255,Abono origen: 1255 | Venta origen: 488
credit-payment:1256,credit-note:1259,2026-05-04 22:26:09,49,EFECTIVO,MIG-JM-ABONO-1256,Abono origen: 1256 | Venta origen: 1259
credit-payment:1257,credit-note:1914,2026-05-04 23:41:34,2625,EFECTIVO,MIG-JM-ABONO-1257,Abono origen: 1257 | Venta origen: 1914
credit-payment:1258,credit-note:1351,2026-05-04 23:42:28,11300,EFECTIVO,MIG-JM-ABONO-1258,Abono origen: 1258 | Venta origen: 1351
credit-payment:1259,credit-note:1285,2026-05-04 23:42:39,11300,EFECTIVO,MIG-JM-ABONO-1259,Abono origen: 1259 | Venta origen: 1285
credit-payment:1260,credit-note:1192,2026-05-04 23:42:52,8500,EFECTIVO,MIG-JM-ABONO-1260,Abono origen: 1260 | Venta origen: 1192
credit-payment:1261,credit-note:1189,2026-05-04 23:42:59,8500,EFECTIVO,MIG-JM-ABONO-1261,Abono origen: 1261 | Venta origen: 1189
credit-payment:1262,credit-note:1355,2026-05-04 23:43:15,5000,EFECTIVO,MIG-JM-ABONO-1262,Abono origen: 1262 | Venta origen: 1355
credit-payment:1263,credit-note:1341,2026-05-04 23:49:15,294,EFECTIVO,MIG-JM-ABONO-1263,Abono origen: 1263 | Venta origen: 1341
credit-payment:1264,credit-note:1340,2026-05-04 23:49:19,272,EFECTIVO,MIG-JM-ABONO-1264,Abono origen: 1264 | Venta origen: 1340
credit-payment:1265,credit-note:1345,2026-05-05 00:01:00,4200,EFECTIVO,MIG-JM-ABONO-1265,Abono origen: 1265 | Venta origen: 1345
credit-payment:1266,credit-note:1574,2026-05-05 00:04:40,5000,EFECTIVO,MIG-JM-ABONO-1266,Abono origen: 1266 | Venta origen: 1574
credit-payment:1267,credit-note:1511,2026-05-05 00:04:45,8340,EFECTIVO,MIG-JM-ABONO-1267,Abono origen: 1267 | Venta origen: 1511
credit-payment:1268,credit-note:1937,2026-05-05 13:11:06,23,EFECTIVO,MIG-JM-ABONO-1268,Abono origen: 1268 | Venta origen: 1937
credit-payment:1269,credit-note:1923,2026-05-05 13:11:53,750,EFECTIVO,MIG-JM-ABONO-1269,Abono origen: 1269 | Venta origen: 1923
credit-payment:1270,credit-note:1835,2026-05-05 13:12:44,5200,EFECTIVO,MIG-JM-ABONO-1270,Abono origen: 1270 | Venta origen: 1835
credit-payment:1271,credit-note:1734,2026-05-05 13:14:24,1072,EFECTIVO,MIG-JM-ABONO-1271,Abono origen: 1271 | Venta origen: 1734
credit-payment:1272,credit-note:1671,2026-05-05 13:14:54,2508,EFECTIVO,MIG-JM-ABONO-1272,Abono origen: 1272 | Venta origen: 1671
credit-payment:1273,credit-note:1641,2026-05-05 13:16:43,50,EFECTIVO,MIG-JM-ABONO-1273,Abono origen: 1273 | Venta origen: 1641
credit-payment:1274,credit-note:1640,2026-05-05 13:16:50,90,EFECTIVO,MIG-JM-ABONO-1274,Abono origen: 1274 | Venta origen: 1640
credit-payment:1275,credit-note:1602,2026-05-05 13:20:07,860,EFECTIVO,MIG-JM-ABONO-1275,Abono origen: 1275 | Venta origen: 1602
credit-payment:1276,credit-note:892,2026-05-05 13:22:13,879,EFECTIVO,MIG-JM-ABONO-1276,Abono origen: 1276 | Venta origen: 892
credit-payment:1277,credit-note:920,2026-05-05 13:22:38,1230,EFECTIVO,MIG-JM-ABONO-1277,Abono origen: 1277 | Venta origen: 920
credit-payment:1278,credit-note:1810,2026-05-05 13:26:33,21,EFECTIVO,MIG-JM-ABONO-1278,Abono origen: 1278 | Venta origen: 1810
credit-payment:1279,credit-note:1652,2026-05-05 13:42:29,3800,EFECTIVO,MIG-JM-ABONO-1279,Abono origen: 1279 | Venta origen: 1652
credit-payment:1280,credit-note:1651,2026-05-05 13:42:35,8500,EFECTIVO,MIG-JM-ABONO-1280,Abono origen: 1280 | Venta origen: 1651
credit-payment:1281,credit-note:1584,2026-05-05 13:50:46,5560,EFECTIVO,MIG-JM-ABONO-1281,Abono origen: 1281 | Venta origen: 1584
credit-payment:1282,credit-note:1326,2026-05-05 13:51:43,8760,EFECTIVO,MIG-JM-ABONO-1282,Abono origen: 1282 | Venta origen: 1326
credit-payment:1283,credit-note:956,2026-05-05 15:22:33,14000,EFECTIVO,MIG-JM-ABONO-1283,Abono origen: 1283 | Venta origen: 956
credit-payment:1285,credit-note:1087,2026-05-05 19:11:48,1176,EFECTIVO,MIG-JM-ABONO-1285,Abono origen: 1285 | Venta origen: 1087
credit-payment:1286,credit-note:1839,2026-05-05 22:35:20,11750,EFECTIVO,MIG-JM-ABONO-1286,Abono origen: 1286 | Venta origen: 1839
credit-payment:1287,credit-note:1916,2026-05-05 23:28:04,3411,EFECTIVO,MIG-JM-ABONO-1287,Abono origen: 1287 | Venta origen: 1916
credit-payment:1288,credit-note:1917,2026-05-05 23:28:13,74,EFECTIVO,MIG-JM-ABONO-1288,Abono origen: 1288 | Venta origen: 1917
credit-payment:1289,credit-note:1910,2026-05-05 23:28:21,4980,EFECTIVO,MIG-JM-ABONO-1289,Abono origen: 1289 | Venta origen: 1910
credit-payment:1290,credit-note:1903,2026-05-05 23:28:30,180,EFECTIVO,MIG-JM-ABONO-1290,Abono origen: 1290 | Venta origen: 1903
credit-payment:1291,credit-note:1895,2026-05-05 23:28:38,1080,EFECTIVO,MIG-JM-ABONO-1291,Abono origen: 1291 | Venta origen: 1895
credit-payment:1292,credit-note:1890,2026-05-05 23:28:46,382,EFECTIVO,MIG-JM-ABONO-1292,Abono origen: 1292 | Venta origen: 1890
credit-payment:1293,credit-note:1863,2026-05-05 23:28:54,4980,EFECTIVO,MIG-JM-ABONO-1293,Abono origen: 1293 | Venta origen: 1863
credit-payment:1294,credit-note:1886,2026-05-05 23:29:01,7061,EFECTIVO,MIG-JM-ABONO-1294,Abono origen: 1294 | Venta origen: 1886
credit-payment:1295,credit-note:1869,2026-05-05 23:29:12,3700,EFECTIVO,MIG-JM-ABONO-1295,Abono origen: 1295 | Venta origen: 1869
credit-payment:1296,credit-note:1931,2026-05-05 23:29:28,152,TARJETA,MIG-JM-ABONO-1296,Abono origen: 1296 | Venta origen: 1931 | Forma pago origen: t
credit-payment:1297,credit-note:1947,2026-05-06 23:02:31,8,EFECTIVO,MIG-JM-ABONO-1297,Abono origen: 1297 | Venta origen: 1947
credit-payment:1298,credit-note:1962,2026-05-06 23:02:48,236,EFECTIVO,MIG-JM-ABONO-1298,Abono origen: 1298 | Venta origen: 1962
credit-payment:1299,credit-note:1961,2026-05-06 23:03:01,1770,EFECTIVO,MIG-JM-ABONO-1299,Abono origen: 1299 | Venta origen: 1961
credit-payment:1300,credit-note:1957,2026-05-06 23:03:12,3260,EFECTIVO,MIG-JM-ABONO-1300,Abono origen: 1300 | Venta origen: 1957
credit-payment:1301,credit-note:1950,2026-05-06 23:03:22,4295,EFECTIVO,MIG-JM-ABONO-1301,Abono origen: 1301 | Venta origen: 1950
credit-payment:1302,credit-note:1308,2026-05-07 15:04:49,1754,EFECTIVO,MIG-JM-ABONO-1302,Abono origen: 1302 | Venta origen: 1308
credit-payment:1303,credit-note:1182,2026-05-07 15:05:03,355,EFECTIVO,MIG-JM-ABONO-1303,Abono origen: 1303 | Venta origen: 1182
credit-payment:1304,credit-note:1475,2026-05-07 15:05:35,391,TARJETA,MIG-JM-ABONO-1304,Abono origen: 1304 | Venta origen: 1475 | Forma pago origen: t
credit-payment:1305,credit-note:1934,2026-05-07 15:43:15,5800,EFECTIVO,MIG-JM-ABONO-1305,Abono origen: 1305 | Venta origen: 1934
credit-payment:1306,credit-note:1975,2026-05-07 20:09:59,1180,EFECTIVO,MIG-JM-ABONO-1306,Abono origen: 1306 | Venta origen: 1975
credit-payment:1307,credit-note:1852,2026-05-07 20:23:01,1019,EFECTIVO,MIG-JM-ABONO-1307,Abono origen: 1307 | Venta origen: 1852
credit-payment:1308,credit-note:1927,2026-05-07 20:23:10,2360,EFECTIVO,MIG-JM-ABONO-1308,Abono origen: 1308 | Venta origen: 1927
credit-payment:1309,credit-note:1959,2026-05-07 20:23:16,5960,EFECTIVO,MIG-JM-ABONO-1309,Abono origen: 1309 | Venta origen: 1959
credit-payment:1310,credit-note:1967,2026-05-08 16:03:05,1900,EFECTIVO,MIG-JM-ABONO-1310,Abono origen: 1310 | Venta origen: 1967
credit-payment:1311,credit-note:1935,2026-05-08 16:03:11,3800,EFECTIVO,MIG-JM-ABONO-1311,Abono origen: 1311 | Venta origen: 1935
credit-payment:1312,credit-note:1984,2026-05-08 20:45:22,95,EFECTIVO,MIG-JM-ABONO-1312,Abono origen: 1312 | Venta origen: 1984
credit-payment:1313,credit-note:1265,2026-05-08 23:29:23,7841.5,EFECTIVO,MIG-JM-ABONO-1313,Abono origen: 1313 | Venta origen: 1265
credit-payment:1314,credit-note:1188,2026-05-08 23:30:09,8500,EFECTIVO,MIG-JM-ABONO-1314,Abono origen: 1314 | Venta origen: 1188
credit-payment:1315,credit-note:1305,2026-05-08 23:30:21,11300,EFECTIVO,MIG-JM-ABONO-1315,Abono origen: 1315 | Venta origen: 1305
credit-payment:1316,credit-note:1304,2026-05-08 23:30:28,11300,EFECTIVO,MIG-JM-ABONO-1316,Abono origen: 1316 | Venta origen: 1304
credit-payment:1317,credit-note:1235,2026-05-08 23:30:49,4200,EFECTIVO,MIG-JM-ABONO-1317,Abono origen: 1317 | Venta origen: 1235
credit-payment:1318,credit-note:1985,2026-05-09 14:02:05,2900,EFECTIVO,MIG-JM-ABONO-1318,Abono origen: 1318 | Venta origen: 1985
credit-payment:1319,credit-note:1969,2026-05-09 14:06:30,90,EFECTIVO,MIG-JM-ABONO-1319,Abono origen: 1319 | Venta origen: 1969
credit-payment:1320,credit-note:1514,2026-05-09 16:19:54,6300,EFECTIVO,MIG-JM-ABONO-1320,Abono origen: 1320 | Venta origen: 1514
credit-payment:1321,credit-note:1705,2026-05-09 16:20:13,9599,EFECTIVO,MIG-JM-ABONO-1321,Abono origen: 1321 | Venta origen: 1705
credit-payment:1322,credit-note:1708,2026-05-09 16:20:33,7420,EFECTIVO,MIG-JM-ABONO-1322,Abono origen: 1322 | Venta origen: 1708
credit-payment:1323,credit-note:1434,2026-05-09 16:20:54,7420,EFECTIVO,MIG-JM-ABONO-1323,Abono origen: 1323 | Venta origen: 1434
credit-payment:1324,credit-note:1573,2026-05-09 16:21:15,7420,EFECTIVO,MIG-JM-ABONO-1324,Abono origen: 1324 | Venta origen: 1573
credit-payment:1325,credit-note:1583,2026-05-09 16:21:34,3600,EFECTIVO,MIG-JM-ABONO-1325,Abono origen: 1325 | Venta origen: 1583
credit-payment:1326,credit-note:1537,2026-05-09 16:22:04,821,EFECTIVO,MIG-JM-ABONO-1326,Abono origen: 1326 | Venta origen: 1537 | Forma pago origen: e
credit-payment:1327,credit-note:1413,2026-05-09 16:22:20,7420,EFECTIVO,MIG-JM-ABONO-1327,Abono origen: 1327 | Venta origen: 1413
credit-payment:1328,credit-note:1725,2026-05-09 18:08:52,17000,EFECTIVO,MIG-JM-ABONO-1328,Abono origen: 1328 | Venta origen: 1725
credit-payment:1329,credit-note:1983,2026-05-09 18:09:03,1180,EFECTIVO,MIG-JM-ABONO-1329,Abono origen: 1329 | Venta origen: 1983
credit-payment:1330,credit-note:1920,2026-05-09 18:09:13,2359.5,EFECTIVO,MIG-JM-ABONO-1330,Abono origen: 1330 | Venta origen: 1920
credit-payment:1331,credit-note:1972,2026-05-11 16:37:13,335,EFECTIVO,MIG-JM-ABONO-1331,Abono origen: 1331 | Venta origen: 1972
credit-payment:1332,credit-note:1915,2026-05-11 16:38:02,577,EFECTIVO,MIG-JM-ABONO-1332,Abono origen: 1332 | Venta origen: 1915
credit-payment:1333,credit-note:1754,2026-05-11 16:45:44,17000,EFECTIVO,MIG-JM-ABONO-1333,Abono origen: 1333 | Venta origen: 1754
credit-payment:1334,credit-note:1998,2026-05-11 16:54:40,600,EFECTIVO,MIG-JM-ABONO-1334,Abono origen: 1334 | Venta origen: 1998
credit-payment:1335,credit-note:1748,2026-05-11 18:43:00,6600,EFECTIVO,MIG-JM-ABONO-1335,Abono origen: 1335 | Venta origen: 1748
credit-payment:1336,credit-note:1756,2026-05-11 18:43:06,13200,EFECTIVO,MIG-JM-ABONO-1336,Abono origen: 1336 | Venta origen: 1756
credit-payment:1337,credit-note:1986,2026-05-11 19:02:29,4150,EFECTIVO,MIG-JM-ABONO-1337,Abono origen: 1337 | Venta origen: 1986
credit-payment:1338,credit-note:1774,2026-05-11 19:51:42,13960,EFECTIVO,MIG-JM-ABONO-1338,Abono origen: 1338 | Venta origen: 1774
credit-payment:1339,credit-note:1979,2026-05-11 22:40:40,350,EFECTIVO,MIG-JM-ABONO-1339,Abono origen: 1339 | Venta origen: 1979
credit-payment:1340,credit-note:1956,2026-05-11 22:40:49,1916,EFECTIVO,MIG-JM-ABONO-1340,Abono origen: 1340 | Venta origen: 1956
credit-payment:1341,credit-note:1952,2026-05-11 22:40:59,280,EFECTIVO,MIG-JM-ABONO-1341,Abono origen: 1341 | Venta origen: 1952
credit-payment:1342,credit-note:1931,2026-05-11 22:41:08,42,EFECTIVO,MIG-JM-ABONO-1342,Abono origen: 1342 | Venta origen: 1931
credit-payment:1343,credit-note:1938,2026-05-11 22:41:16,2156,EFECTIVO,MIG-JM-ABONO-1343,Abono origen: 1343 | Venta origen: 1938
credit-payment:1344,credit-note:1974,2026-05-11 22:41:24,3780,EFECTIVO,MIG-JM-ABONO-1344,Abono origen: 1344 | Venta origen: 1974
credit-payment:1345,credit-note:1963,2026-05-11 22:41:31,4855,EFECTIVO,MIG-JM-ABONO-1345,Abono origen: 1345 | Venta origen: 1963
credit-payment:1346,credit-note:1769,2026-05-12 15:09:57,17000,EFECTIVO,MIG-JM-ABONO-1346,Abono origen: 1346 | Venta origen: 1769
credit-payment:1347,credit-note:1936,2026-05-12 23:03:10,9300,EFECTIVO,MIG-JM-ABONO-1347,Abono origen: 1347 | Venta origen: 1936
credit-payment:1348,credit-note:1759,2026-05-12 23:03:16,9300,EFECTIVO,MIG-JM-ABONO-1348,Abono origen: 1348 | Venta origen: 1759
credit-payment:1349,credit-note:1675,2026-05-12 23:03:24,9400,EFECTIVO,MIG-JM-ABONO-1349,Abono origen: 1349 | Venta origen: 1675
credit-payment:1350,credit-note:1809,2026-05-12 23:03:33,5840,EFECTIVO,MIG-JM-ABONO-1350,Abono origen: 1350 | Venta origen: 1809
credit-payment:1351,credit-note:1819,2026-05-12 23:03:42,13950,EFECTIVO,MIG-JM-ABONO-1351,Abono origen: 1351 | Venta origen: 1819
credit-payment:1352,credit-note:2006,2026-05-12 23:03:49,9300,EFECTIVO,MIG-JM-ABONO-1352,Abono origen: 1352 | Venta origen: 2006
credit-payment:1353,credit-note:2019,2026-05-13 21:33:58,2000,EFECTIVO,MIG-JM-ABONO-1353,Abono origen: 1353 | Venta origen: 2019
credit-payment:1354,credit-note:2034,2026-05-13 23:25:42,675,EFECTIVO,MIG-JM-ABONO-1354,Abono origen: 1354 | Venta origen: 2034
credit-payment:1355,credit-note:2040,2026-05-14 16:57:27,236,EFECTIVO,MIG-JM-ABONO-1355,Abono origen: 1355 | Venta origen: 2040
credit-payment:1356,credit-note:1941,2026-05-14 23:34:48,298,EFECTIVO,MIG-JM-ABONO-1356,Abono origen: 1356 | Venta origen: 1941
credit-payment:1357,credit-note:2032,2026-05-15 15:22:05,5384,EFECTIVO,MIG-JM-ABONO-1357,Abono origen: 1357 | Venta origen: 2032
credit-payment:1358,credit-note:2058,2026-05-15 18:58:28,600,EFECTIVO,MIG-JM-ABONO-1358,Abono origen: 1358 | Venta origen: 2058
credit-payment:1359,credit-note:1383,2026-05-15 19:08:45,2500,EFECTIVO,MIG-JM-ABONO-1359,Abono origen: 1359 | Venta origen: 1383
credit-payment:1360,credit-note:1386,2026-05-15 19:08:53,3520,EFECTIVO,MIG-JM-ABONO-1360,Abono origen: 1360 | Venta origen: 1386
credit-payment:1361,credit-note:1373,2026-05-15 19:09:00,9974,EFECTIVO,MIG-JM-ABONO-1361,Abono origen: 1361 | Venta origen: 1373
credit-payment:1362,credit-note:2043,2026-05-16 16:04:50,2350,EFECTIVO,MIG-JM-ABONO-1362,Abono origen: 1362 | Venta origen: 2043
credit-payment:1363,credit-note:2042,2026-05-16 19:48:22,836,EFECTIVO,MIG-JM-ABONO-1363,Abono origen: 1363 | Venta origen: 2042 | Forma pago origen: e
credit-payment:1365,credit-note:2049,2026-05-16 19:49:02,4200,EFECTIVO,MIG-JM-ABONO-1365,Abono origen: 1365 | Venta origen: 2049
credit-payment:1366,credit-note:1932,2026-05-16 19:49:13,4700,EFECTIVO,MIG-JM-ABONO-1366,Abono origen: 1366 | Venta origen: 1932
credit-payment:1367,credit-note:1655,2026-05-16 19:49:27,11400,EFECTIVO,MIG-JM-ABONO-1367,Abono origen: 1367 | Venta origen: 1655
credit-payment:1368,credit-note:1846,2026-05-16 19:49:42,4230,EFECTIVO,MIG-JM-ABONO-1368,Abono origen: 1368 | Venta origen: 1846
credit-payment:1369,credit-note:1900,2026-05-16 19:50:10,5257,EFECTIVO,MIG-JM-ABONO-1369,Abono origen: 1369 | Venta origen: 1900
credit-payment:1370,credit-note:1907,2026-05-16 19:50:21,3600,EFECTIVO,MIG-JM-ABONO-1370,Abono origen: 1370 | Venta origen: 1907
credit-payment:1371,credit-note:2015,2026-05-16 20:25:30,3600,EFECTIVO,MIG-JM-ABONO-1371,Abono origen: 1371 | Venta origen: 2015
credit-payment:1372,credit-note:2065,2026-05-18 21:32:00,4700,EFECTIVO,MIG-JM-ABONO-1372,Abono origen: 1372 | Venta origen: 2065
credit-payment:1373,credit-note:2077,2026-05-18 21:32:13,270,EFECTIVO,MIG-JM-ABONO-1373,Abono origen: 1373 | Venta origen: 2077
credit-payment:1374,credit-note:2073,2026-05-18 21:32:36,8400,EFECTIVO,MIG-JM-ABONO-1374,Abono origen: 1374 | Venta origen: 2073
credit-payment:1375,credit-note:2071,2026-05-18 21:33:25,2418,EFECTIVO,MIG-JM-ABONO-1375,Abono origen: 1375 | Venta origen: 2071
credit-payment:1376,credit-note:2016,2026-05-18 21:33:55,4331,EFECTIVO,MIG-JM-ABONO-1376,Abono origen: 1376 | Venta origen: 2016
credit-payment:1377,credit-note:2030,2026-05-18 21:34:06,60,EFECTIVO,MIG-JM-ABONO-1377,Abono origen: 1377 | Venta origen: 2030
credit-payment:1378,credit-note:2076,2026-05-18 21:34:15,412,EFECTIVO,MIG-JM-ABONO-1378,Abono origen: 1378 | Venta origen: 2076
credit-payment:1379,credit-note:2067,2026-05-18 21:34:27,644,EFECTIVO,MIG-JM-ABONO-1379,Abono origen: 1379 | Venta origen: 2067
credit-payment:1380,credit-note:2047,2026-05-18 21:34:36,242,EFECTIVO,MIG-JM-ABONO-1380,Abono origen: 1380 | Venta origen: 2047
credit-payment:1381,credit-note:2100,2026-05-20 19:44:16,244,EFECTIVO,MIG-JM-ABONO-1381,Abono origen: 1381 | Venta origen: 2100
credit-payment:1382,credit-note:2092,2026-05-20 19:53:46,220,EFECTIVO,MIG-JM-ABONO-1382,Abono origen: 1382 | Venta origen: 2092
credit-payment:1383,credit-note:2101,2026-05-20 19:53:58,168,EFECTIVO,MIG-JM-ABONO-1383,Abono origen: 1383 | Venta origen: 2101
credit-payment:1384,credit-note:1475,2026-05-20 23:54:57,239,EFECTIVO,MIG-JM-ABONO-1384,Abono origen: 1384 | Venta origen: 1475
credit-payment:1385,credit-note:1481,2026-05-20 23:55:04,1126,EFECTIVO,MIG-JM-ABONO-1385,Abono origen: 1385 | Venta origen: 1481
credit-payment:1386,credit-note:2104,2026-05-20 23:58:52,5701,EFECTIVO,MIG-JM-ABONO-1386,Abono origen: 1386 | Venta origen: 2104
credit-payment:1387,credit-note:2005,2026-05-21 00:23:18,15100,EFECTIVO,MIG-JM-ABONO-1387,Abono origen: 1387 | Venta origen: 2005
credit-payment:1388,credit-note:2002,2026-05-21 00:23:24,8500,EFECTIVO,MIG-JM-ABONO-1388,Abono origen: 1388 | Venta origen: 2002
credit-payment:1389,credit-note:1991,2026-05-21 00:23:32,8500,EFECTIVO,MIG-JM-ABONO-1389,Abono origen: 1389 | Venta origen: 1991
credit-payment:1390,credit-note:1885,2026-05-21 00:23:40,8500,EFECTIVO,MIG-JM-ABONO-1390,Abono origen: 1390 | Venta origen: 1885
credit-payment:1391,credit-note:1871,2026-05-21 00:23:51,6600,EFECTIVO,MIG-JM-ABONO-1391,Abono origen: 1391 | Venta origen: 1871
credit-payment:1392,credit-note:1866,2026-05-21 00:23:58,8500,EFECTIVO,MIG-JM-ABONO-1392,Abono origen: 1392 | Venta origen: 1866
credit-payment:1393,credit-note:1814,2026-05-21 00:24:04,8500,EFECTIVO,MIG-JM-ABONO-1393,Abono origen: 1393 | Venta origen: 1814
credit-payment:1394,credit-note:1827,2026-05-21 00:24:11,15100,EFECTIVO,MIG-JM-ABONO-1394,Abono origen: 1394 | Venta origen: 1827
credit-payment:1395,credit-note:1848,2026-05-21 00:24:26,17000,EFECTIVO,MIG-JM-ABONO-1395,Abono origen: 1395 | Venta origen: 1848
credit-payment:1396,credit-note:1781,2026-05-21 00:24:33,6600,EFECTIVO,MIG-JM-ABONO-1396,Abono origen: 1396 | Venta origen: 1781
credit-payment:1397,credit-note:1358,2026-05-21 00:32:19,11300,EFECTIVO,MIG-JM-ABONO-1397,Abono origen: 1397 | Venta origen: 1358
credit-payment:1398,credit-note:1363,2026-05-21 00:32:25,11300,EFECTIVO,MIG-JM-ABONO-1398,Abono origen: 1398 | Venta origen: 1363
credit-payment:1399,credit-note:2115,2026-05-21 15:43:25,1350,EFECTIVO,MIG-JM-ABONO-1399,Abono origen: 1399 | Venta origen: 2115
credit-payment:1400,credit-note:2110,2026-05-21 15:43:39,387.5,EFECTIVO,MIG-JM-ABONO-1400,Abono origen: 1400 | Venta origen: 2110
credit-payment:1401,credit-note:2106,2026-05-21 15:43:54,1622,EFECTIVO,MIG-JM-ABONO-1401,Abono origen: 1401 | Venta origen: 2106
credit-payment:1402,credit-note:2118,2026-05-21 23:37:11,2300,EFECTIVO,MIG-JM-ABONO-1402,Abono origen: 1402 | Venta origen: 2118
credit-payment:1403,credit-note:2119,2026-05-21 23:37:37,8575,EFECTIVO,MIG-JM-ABONO-1403,Abono origen: 1403 | Venta origen: 2119
credit-payment:1404,credit-note:2134,2026-05-22 19:27:33,2663.5,EFECTIVO,MIG-JM-ABONO-1404,Abono origen: 1404 | Venta origen: 2134
credit-payment:1405,credit-note:2074,2026-05-22 19:27:36,9050,EFECTIVO,MIG-JM-ABONO-1405,Abono origen: 1405 | Venta origen: 2074
credit-payment:1406,credit-note:2017,2026-05-22 23:43:18,11354,EFECTIVO,MIG-JM-ABONO-1406,Abono origen: 1406 | Venta origen: 2017
credit-payment:1407,credit-note:1889,2026-05-22 23:43:22,14089,EFECTIVO,MIG-JM-ABONO-1407,Abono origen: 1407 | Venta origen: 1889
credit-payment:1408,credit-note:1818,2026-05-22 23:43:25,1960,EFECTIVO,MIG-JM-ABONO-1408,Abono origen: 1408 | Venta origen: 1818
credit-payment:1409,credit-note:1806,2026-05-22 23:43:30,7144,EFECTIVO,MIG-JM-ABONO-1409,Abono origen: 1409 | Venta origen: 1806
credit-payment:1410,credit-note:1650,2026-05-22 23:43:35,25577.5,EFECTIVO,MIG-JM-ABONO-1410,Abono origen: 1410 | Venta origen: 1650
credit-payment:1411,credit-note:2137,2026-05-23 17:12:49,8400,EFECTIVO,MIG-JM-ABONO-1411,Abono origen: 1411 | Venta origen: 2137
credit-payment:1412,credit-note:2132,2026-05-23 17:37:48,1200,EFECTIVO,MIG-JM-ABONO-1412,Abono origen: 1412 | Venta origen: 2132
credit-payment:1413,credit-note:2083,2026-05-23 17:38:05,5031,EFECTIVO,MIG-JM-ABONO-1413,Abono origen: 1413 | Venta origen: 2083
credit-payment:1414,credit-note:2060,2026-05-25 15:50:10,1175,EFECTIVO,MIG-JM-ABONO-1414,Abono origen: 1414 | Venta origen: 2060
credit-payment:1415,credit-note:2153,2026-05-25 21:12:39,5100,EFECTIVO,MIG-JM-ABONO-1415,Abono origen: 1415 | Venta origen: 2153
credit-payment:1416,credit-note:2156,2026-05-25 21:12:47,100,EFECTIVO,MIG-JM-ABONO-1416,Abono origen: 1416 | Venta origen: 2156
credit-payment:1417,credit-note:2080,2026-05-25 21:12:57,110,EFECTIVO,MIG-JM-ABONO-1417,Abono origen: 1417 | Venta origen: 2080
credit-payment:1418,credit-note:2126,2026-05-25 21:13:06,520,EFECTIVO,MIG-JM-ABONO-1418,Abono origen: 1418 | Venta origen: 2126
credit-payment:1419,credit-note:2086,2026-05-25 21:13:14,389,EFECTIVO,MIG-JM-ABONO-1419,Abono origen: 1419 | Venta origen: 2086
credit-payment:1420,credit-note:2097,2026-05-25 21:13:20,3943,EFECTIVO,MIG-JM-ABONO-1420,Abono origen: 1420 | Venta origen: 2097
credit-payment:1421,credit-note:2105,2026-05-25 21:13:27,3700,EFECTIVO,MIG-JM-ABONO-1421,Abono origen: 1421 | Venta origen: 2105
credit-payment:1422,credit-note:2114,2026-05-25 21:13:34,182,EFECTIVO,MIG-JM-ABONO-1422,Abono origen: 1422 | Venta origen: 2114
credit-payment:1423,credit-note:2120,2026-05-25 21:13:40,2171,EFECTIVO,MIG-JM-ABONO-1423,Abono origen: 1423 | Venta origen: 2120
credit-payment:1424,credit-note:2121,2026-05-25 21:13:49,85,EFECTIVO,MIG-JM-ABONO-1424,Abono origen: 1424 | Venta origen: 2121
credit-payment:1425,credit-note:2129,2026-05-25 21:13:55,3780,EFECTIVO,MIG-JM-ABONO-1425,Abono origen: 1425 | Venta origen: 2129
credit-payment:1426,credit-note:2138,2026-05-25 21:14:01,1960,EFECTIVO,MIG-JM-ABONO-1426,Abono origen: 1426 | Venta origen: 2138
credit-payment:1427,credit-note:2149,2026-05-25 21:14:07,3900,EFECTIVO,MIG-JM-ABONO-1427,Abono origen: 1427 | Venta origen: 2149
credit-payment:1428,credit-note:2151,2026-05-25 21:14:15,3710,EFECTIVO,MIG-JM-ABONO-1428,Abono origen: 1428 | Venta origen: 2151
credit-payment:1429,credit-note:2064,2026-05-25 21:57:08,52600,EFECTIVO,MIG-JM-ABONO-1429,Abono origen: 1429 | Venta origen: 2064
credit-payment:1430,credit-note:2089,2026-05-25 21:57:14,6910,EFECTIVO,MIG-JM-ABONO-1430,Abono origen: 1430 | Venta origen: 2089
credit-payment:1431,credit-note:2102,2026-05-26 14:07:15,700,EFECTIVO,MIG-JM-ABONO-1431,Abono origen: 1431 | Venta origen: 2102
credit-payment:1432,credit-note:2007,2026-05-26 14:07:23,2200,EFECTIVO,MIG-JM-ABONO-1432,Abono origen: 1432 | Venta origen: 2007
credit-payment:1433,credit-note:2107,2026-05-26 14:07:33,8460,EFECTIVO,MIG-JM-ABONO-1433,Abono origen: 1433 | Venta origen: 2107
credit-payment:1434,credit-note:2009,2026-05-26 14:07:40,4400,EFECTIVO,MIG-JM-ABONO-1434,Abono origen: 1434 | Venta origen: 2009
credit-payment:1435,credit-note:2056,2026-05-26 14:07:46,2200,EFECTIVO,MIG-JM-ABONO-1435,Abono origen: 1435 | Venta origen: 2056
credit-payment:1436,credit-note:2154,2026-05-26 14:07:52,2794.5,EFECTIVO,MIG-JM-ABONO-1436,Abono origen: 1436 | Venta origen: 2154
credit-payment:1437,credit-note:2025,2026-05-26 15:37:25,2900,EFECTIVO,MIG-JM-ABONO-1437,Abono origen: 1437 | Venta origen: 2025
credit-payment:1438,credit-note:2108,2026-05-26 17:18:38,7995,EFECTIVO,MIG-JM-ABONO-1438,Abono origen: 1438 | Venta origen: 2108
credit-payment:1439,credit-note:2066,2026-05-26 17:18:49,6050,EFECTIVO,MIG-JM-ABONO-1439,Abono origen: 1439 | Venta origen: 2066
credit-payment:1440,credit-note:2179,2026-05-26 21:29:21,200,EFECTIVO,MIG-JM-ABONO-1440,Abono origen: 1440 | Venta origen: 2179
credit-payment:1441,credit-note:2161,2026-05-26 23:45:03,1350,EFECTIVO,MIG-JM-ABONO-1441,Abono origen: 1441 | Venta origen: 2161
credit-payment:1442,credit-note:2012,2026-05-26 23:46:27,1200,EFECTIVO,MIG-JM-ABONO-1442,Abono origen: 1442 | Venta origen: 2012
credit-payment:1443,credit-note:2054,2026-05-26 23:46:35,600,EFECTIVO,MIG-JM-ABONO-1443,Abono origen: 1443 | Venta origen: 2054
credit-payment:1444,credit-note:2091,2026-05-26 23:46:42,1800,EFECTIVO,MIG-JM-ABONO-1444,Abono origen: 1444 | Venta origen: 2091
credit-payment:1445,credit-note:1971,2026-05-26 23:46:48,1200,EFECTIVO,MIG-JM-ABONO-1445,Abono origen: 1445 | Venta origen: 1971
credit-payment:1446,credit-note:1922,2026-05-26 23:46:56,2400,EFECTIVO,MIG-JM-ABONO-1446,Abono origen: 1446 | Venta origen: 1922
credit-payment:1447,credit-note:1784,2026-05-26 23:47:04,1800,EFECTIVO,MIG-JM-ABONO-1447,Abono origen: 1447 | Venta origen: 1784
credit-payment:1448,credit-note:1798,2026-05-26 23:47:11,1800,EFECTIVO,MIG-JM-ABONO-1448,Abono origen: 1448 | Venta origen: 1798
credit-payment:1449,credit-note:1881,2026-05-26 23:47:19,600,EFECTIVO,MIG-JM-ABONO-1449,Abono origen: 1449 | Venta origen: 1881
credit-payment:1450,credit-note:1744,2026-05-26 23:47:32,1950,EFECTIVO,MIG-JM-ABONO-1450,Abono origen: 1450 | Venta origen: 1744
credit-payment:1451,credit-note:1893,2026-05-26 23:47:38,600,EFECTIVO,MIG-JM-ABONO-1451,Abono origen: 1451 | Venta origen: 1893
credit-payment:1452,credit-note:2188,2026-05-27 20:24:10,1200,EFECTIVO,MIG-JM-ABONO-1452,Abono origen: 1452 | Venta origen: 2188
credit-payment:1453,credit-note:2024,2026-05-27 23:06:18,1950,EFECTIVO,MIG-JM-ABONO-1453,Abono origen: 1453 | Venta origen: 2024
credit-payment:1454,credit-note:1964,2026-05-27 23:06:28,3780,EFECTIVO,MIG-JM-ABONO-1454,Abono origen: 1454 | Venta origen: 1964
credit-payment:1455,credit-note:1953,2026-05-27 23:06:43,1350,EFECTIVO,MIG-JM-ABONO-1455,Abono origen: 1455 | Venta origen: 1953
credit-payment:1456,credit-note:1930,2026-05-27 23:06:48,9400,EFECTIVO,MIG-JM-ABONO-1456,Abono origen: 1456 | Venta origen: 1930
credit-payment:1457,credit-note:1282,2026-05-28 13:33:43,4000,EFECTIVO,MIG-JM-ABONO-1457,Abono origen: 1457 | Venta origen: 1282
credit-payment:1458,credit-note:2136,2026-05-28 23:03:47,1800,EFECTIVO,MIG-JM-ABONO-1458,Abono origen: 1458 | Venta origen: 2136
credit-payment:1459,credit-note:2131,2026-05-28 23:03:54,1999,EFECTIVO,MIG-JM-ABONO-1459,Abono origen: 1459 | Venta origen: 2131
credit-payment:1460,credit-note:2059,2026-05-28 23:04:02,2900,EFECTIVO,MIG-JM-ABONO-1460,Abono origen: 1460 | Venta origen: 2059
credit-payment:1461,credit-note:2057,2026-05-28 23:04:07,2900,EFECTIVO,MIG-JM-ABONO-1461,Abono origen: 1461 | Venta origen: 2057
credit-payment:1462,credit-note:2055,2026-05-28 23:04:14,11994,EFECTIVO,MIG-JM-ABONO-1462,Abono origen: 1462 | Venta origen: 2055
credit-payment:1463,credit-note:2023,2026-05-28 23:04:30,3735,EFECTIVO,MIG-JM-ABONO-1463,Abono origen: 1463 | Venta origen: 2023
credit-payment:1464,credit-note:2022,2026-05-28 23:04:36,3735,EFECTIVO,MIG-JM-ABONO-1464,Abono origen: 1464 | Venta origen: 2022
credit-payment:1465,credit-note:2021,2026-05-28 23:04:44,3735,EFECTIVO,MIG-JM-ABONO-1465,Abono origen: 1465 | Venta origen: 2021
credit-payment:1466,credit-note:2000,2026-05-28 23:05:05,2000,EFECTIVO,MIG-JM-ABONO-1466,Abono origen: 1466 | Venta origen: 2000
credit-payment:1467,credit-note:2201,2026-05-29 17:18:33,6300,EFECTIVO,MIG-JM-ABONO-1467,Abono origen: 1467 | Venta origen: 2201
credit-payment:1468,credit-note:1877,2026-05-29 21:04:04,2010,EFECTIVO,MIG-JM-ABONO-1468,Abono origen: 1468 | Venta origen: 1877
credit-payment:1469,credit-note:1841,2026-05-29 21:04:09,4700,EFECTIVO,MIG-JM-ABONO-1469,Abono origen: 1469 | Venta origen: 1841
credit-payment:1470,credit-note:2206,2026-05-29 23:13:09,1140,EFECTIVO,MIG-JM-ABONO-1470,Abono origen: 1470 | Venta origen: 2206
credit-payment:1471,credit-note:2193,2026-05-30 00:39:41,10158.5,EFECTIVO,MIG-JM-ABONO-1471,Abono origen: 1471 | Venta origen: 2193
credit-payment:1472,credit-note:2207,2026-05-30 00:39:50,1814,EFECTIVO,MIG-JM-ABONO-1472,Abono origen: 1472 | Venta origen: 2207
credit-payment:1473,credit-note:2216,2026-06-01 14:35:05,80,EFECTIVO,MIG-JM-ABONO-1473,Abono origen: 1473 | Venta origen: 2216
credit-payment:1474,credit-note:2041,2026-06-01 22:26:20,470,EFECTIVO,MIG-JM-ABONO-1474,Abono origen: 1474 | Venta origen: 2041
credit-payment:1475,credit-note:2218,2026-06-02 00:04:20,13467,EFECTIVO,MIG-JM-ABONO-1475,Abono origen: 1475 | Venta origen: 2218
credit-payment:1476,credit-note:2158,2026-06-02 00:06:10,1620,EFECTIVO,MIG-JM-ABONO-1476,Abono origen: 1476 | Venta origen: 2158
credit-payment:1477,credit-note:2163,2026-06-02 00:06:18,191,EFECTIVO,MIG-JM-ABONO-1477,Abono origen: 1477 | Venta origen: 2163
credit-payment:1478,credit-note:2173,2026-06-02 00:06:24,251,EFECTIVO,MIG-JM-ABONO-1478,Abono origen: 1478 | Venta origen: 2173
credit-payment:1479,credit-note:2178,2026-06-02 00:06:32,5340,EFECTIVO,MIG-JM-ABONO-1479,Abono origen: 1479 | Venta origen: 2178
credit-payment:1480,credit-note:2180,2026-06-02 00:06:37,1854,EFECTIVO,MIG-JM-ABONO-1480,Abono origen: 1480 | Venta origen: 2180
credit-payment:1481,credit-note:2185,2026-06-02 00:06:48,4575,EFECTIVO,MIG-JM-ABONO-1481,Abono origen: 1481 | Venta origen: 2185
credit-payment:1482,credit-note:2186,2026-06-02 00:06:56,73,EFECTIVO,MIG-JM-ABONO-1482,Abono origen: 1482 | Venta origen: 2186
credit-payment:1483,credit-note:2196,2026-06-02 00:07:03,3900,EFECTIVO,MIG-JM-ABONO-1483,Abono origen: 1483 | Venta origen: 2196
credit-payment:1484,credit-note:2195,2026-06-02 00:07:07,3710,EFECTIVO,MIG-JM-ABONO-1484,Abono origen: 1484 | Venta origen: 2195
credit-payment:1485,credit-note:2223,2026-06-02 00:07:12,5203,EFECTIVO,MIG-JM-ABONO-1485,Abono origen: 1485 | Venta origen: 2223
credit-payment:1486,credit-note:1402,2026-06-02 14:08:35,90,EFECTIVO,MIG-JM-ABONO-1486,Abono origen: 1486 | Venta origen: 1402
credit-payment:1487,credit-note:1465,2026-06-02 14:08:41,1360,EFECTIVO,MIG-JM-ABONO-1487,Abono origen: 1487 | Venta origen: 1465
credit-payment:1488,credit-note:1470,2026-06-02 14:08:48,236,EFECTIVO,MIG-JM-ABONO-1488,Abono origen: 1488 | Venta origen: 1470
credit-payment:1489,credit-note:1478,2026-06-02 14:08:54,118,EFECTIVO,MIG-JM-ABONO-1489,Abono origen: 1489 | Venta origen: 1478
credit-payment:1490,credit-note:1520,2026-06-02 14:09:01,944,EFECTIVO,MIG-JM-ABONO-1490,Abono origen: 1490 | Venta origen: 1520
credit-payment:1491,credit-note:1521,2026-06-02 14:09:07,66,EFECTIVO,MIG-JM-ABONO-1491,Abono origen: 1491 | Venta origen: 1521
credit-payment:1492,credit-note:1579,2026-06-02 14:09:15,12300,EFECTIVO,MIG-JM-ABONO-1492,Abono origen: 1492 | Venta origen: 1579
credit-payment:1493,credit-note:1638,2026-06-02 14:09:21,118,EFECTIVO,MIG-JM-ABONO-1493,Abono origen: 1493 | Venta origen: 1638
credit-payment:1494,credit-note:1657,2026-06-02 14:09:28,705,EFECTIVO,MIG-JM-ABONO-1494,Abono origen: 1494 | Venta origen: 1657
credit-payment:1495,credit-note:1670,2026-06-02 14:09:35,472,EFECTIVO,MIG-JM-ABONO-1495,Abono origen: 1495 | Venta origen: 1670
credit-payment:1496,credit-note:1873,2026-06-02 14:10:40,708,EFECTIVO,MIG-JM-ABONO-1496,Abono origen: 1496 | Venta origen: 1873
credit-payment:1497,credit-note:1939,2026-06-02 14:10:47,944,EFECTIVO,MIG-JM-ABONO-1497,Abono origen: 1497 | Venta origen: 1939
credit-payment:1498,credit-note:1965,2026-06-02 14:10:54,12428,EFECTIVO,MIG-JM-ABONO-1498,Abono origen: 1498 | Venta origen: 1965
credit-payment:1499,credit-note:2031,2026-06-02 14:11:01,705,EFECTIVO,MIG-JM-ABONO-1499,Abono origen: 1499 | Venta origen: 2031
credit-payment:1500,credit-note:1319,2026-06-02 14:13:40,1800,EFECTIVO,MIG-JM-ABONO-1500,Abono origen: 1500 | Venta origen: 1319
credit-payment:1501,credit-note:253,2026-06-02 17:56:05,4470,EFECTIVO,MIG-JM-ABONO-1501,Abono origen: 1501 | Venta origen: 253
credit-payment:1502,credit-note:1735,2026-06-03 13:23:55,9130,EFECTIVO,MIG-JM-ABONO-1502,Abono origen: 1502 | Venta origen: 1735
credit-payment:1503,credit-note:1766,2026-06-03 13:24:01,7850,EFECTIVO,MIG-JM-ABONO-1503,Abono origen: 1503 | Venta origen: 1766
credit-payment:1504,credit-note:1782,2026-06-03 13:24:11,3932,EFECTIVO,MIG-JM-ABONO-1504,Abono origen: 1504 | Venta origen: 1782
credit-payment:1505,credit-note:1783,2026-06-03 13:24:17,540,EFECTIVO,MIG-JM-ABONO-1505,Abono origen: 1505 | Venta origen: 1783
credit-payment:1506,credit-note:1786,2026-06-03 13:24:24,3450,EFECTIVO,MIG-JM-ABONO-1506,Abono origen: 1506 | Venta origen: 1786
credit-payment:1507,credit-note:1821,2026-06-03 13:24:31,12100,EFECTIVO,MIG-JM-ABONO-1507,Abono origen: 1507 | Venta origen: 1821
credit-payment:1508,credit-note:1824,2026-06-03 13:24:39,6900,EFECTIVO,MIG-JM-ABONO-1508,Abono origen: 1508 | Venta origen: 1824
credit-payment:1509,credit-note:1830,2026-06-03 13:24:49,8800,EFECTIVO,MIG-JM-ABONO-1509,Abono origen: 1509 | Venta origen: 1830
credit-payment:1510,credit-note:1853,2026-06-03 13:25:01,8800,EFECTIVO,MIG-JM-ABONO-1510,Abono origen: 1510 | Venta origen: 1853
credit-payment:1511,credit-note:1856,2026-06-03 13:25:10,8800,EFECTIVO,MIG-JM-ABONO-1511,Abono origen: 1511 | Venta origen: 1856
credit-payment:1512,credit-note:1857,2026-06-03 13:25:17,4400,EFECTIVO,MIG-JM-ABONO-1512,Abono origen: 1512 | Venta origen: 1857
credit-payment:1513,credit-note:1993,2026-06-03 13:26:07,3450,EFECTIVO,MIG-JM-ABONO-1513,Abono origen: 1513 | Venta origen: 1993
credit-payment:1514,credit-note:2192,2026-06-03 13:26:26,7100,EFECTIVO,MIG-JM-ABONO-1514,Abono origen: 1514 | Venta origen: 2192
credit-payment:1515,credit-note:2094,2026-06-03 13:26:39,3450,EFECTIVO,MIG-JM-ABONO-1515,Abono origen: 1515 | Venta origen: 2094
credit-payment:1516,credit-note:1987,2026-06-03 13:26:57,2132,EFECTIVO,MIG-JM-ABONO-1516,Abono origen: 1516 | Venta origen: 1987
credit-payment:1517,credit-note:1982,2026-06-03 13:27:10,7850,EFECTIVO,MIG-JM-ABONO-1517,Abono origen: 1517 | Venta origen: 1982
credit-payment:1518,credit-note:1968,2026-06-03 13:27:19,1232,EFECTIVO,MIG-JM-ABONO-1518,Abono origen: 1518 | Venta origen: 1968
credit-payment:1519,credit-note:1949,2026-06-03 13:27:30,3450,EFECTIVO,MIG-JM-ABONO-1519,Abono origen: 1519 | Venta origen: 1949
credit-payment:1520,credit-note:1928,2026-06-03 13:27:37,3450,EFECTIVO,MIG-JM-ABONO-1520,Abono origen: 1520 | Venta origen: 1928
credit-payment:1521,credit-note:1919,2026-06-03 13:27:47,7600,EFECTIVO,MIG-JM-ABONO-1521,Abono origen: 1521 | Venta origen: 1919
credit-payment:1522,credit-note:1906,2026-06-03 13:27:55,6050,EFECTIVO,MIG-JM-ABONO-1522,Abono origen: 1522 | Venta origen: 1906
credit-payment:1523,credit-note:1887,2026-06-03 13:28:05,5050,EFECTIVO,MIG-JM-ABONO-1523,Abono origen: 1523 | Venta origen: 1887
credit-payment:1524,credit-note:1875,2026-06-03 13:28:13,4250,EFECTIVO,MIG-JM-ABONO-1524,Abono origen: 1524 | Venta origen: 1875
credit-payment:1525,credit-note:2170,2026-06-03 13:29:23,8050,EFECTIVO,MIG-JM-ABONO-1525,Abono origen: 1525 | Venta origen: 2170
credit-payment:1526,credit-note:2152,2026-06-03 13:29:31,7100,EFECTIVO,MIG-JM-ABONO-1526,Abono origen: 1526 | Venta origen: 2152
credit-payment:1527,credit-note:2147,2026-06-03 13:29:38,3550,EFECTIVO,MIG-JM-ABONO-1527,Abono origen: 1527 | Venta origen: 2147
credit-payment:1528,credit-note:2127,2026-06-03 13:29:47,7950,EFECTIVO,MIG-JM-ABONO-1528,Abono origen: 1528 | Venta origen: 2127
credit-payment:1529,credit-note:2096,2026-06-03 13:29:55,3450,EFECTIVO,MIG-JM-ABONO-1529,Abono origen: 1529 | Venta origen: 2096
credit-payment:1530,credit-note:2084,2026-06-03 13:30:04,4400,EFECTIVO,MIG-JM-ABONO-1530,Abono origen: 1530 | Venta origen: 2084
credit-payment:1531,credit-note:2072,2026-06-03 13:30:12,3450,EFECTIVO,MIG-JM-ABONO-1531,Abono origen: 1531 | Venta origen: 2072
credit-payment:1532,credit-note:2063,2026-06-03 13:30:19,4400,EFECTIVO,MIG-JM-ABONO-1532,Abono origen: 1532 | Venta origen: 2063
credit-payment:1533,credit-note:2053,2026-06-03 13:30:25,3450,EFECTIVO,MIG-JM-ABONO-1533,Abono origen: 1533 | Venta origen: 2053
credit-payment:1534,credit-note:2050,2026-06-03 13:30:32,4400,EFECTIVO,MIG-JM-ABONO-1534,Abono origen: 1534 | Venta origen: 2050
credit-payment:1535,credit-note:2036,2026-06-03 13:30:39,4400,EFECTIVO,MIG-JM-ABONO-1535,Abono origen: 1535 | Venta origen: 2036
credit-payment:1536,credit-note:1996,2026-06-03 13:31:00,4400,EFECTIVO,MIG-JM-ABONO-1536,Abono origen: 1536 | Venta origen: 1996
credit-payment:1537,credit-note:1995,2026-06-03 13:31:06,3480,EFECTIVO,MIG-JM-ABONO-1537,Abono origen: 1537 | Venta origen: 1995
credit-payment:1538,credit-note:2246,2026-06-03 14:07:39,240,EFECTIVO,MIG-JM-ABONO-1538,Abono origen: 1538 | Venta origen: 2246
credit-payment:1539,credit-note:2236,2026-06-03 14:07:50,12600,EFECTIVO,MIG-JM-ABONO-1539,Abono origen: 1539 | Venta origen: 2236
credit-payment:1540,credit-note:2249,2026-06-03 19:20:55,3450,EFECTIVO,MIG-JM-ABONO-1540,Abono origen: 1540 | Venta origen: 2249
credit-payment:1541,credit-note:2233,2026-06-03 20:19:26,7350,EFECTIVO,MIG-JM-ABONO-1541,Abono origen: 1541 | Venta origen: 2233
credit-payment:1542,credit-note:2234,2026-06-03 20:19:36,1200,EFECTIVO,MIG-JM-ABONO-1542,Abono origen: 1542 | Venta origen: 2234
credit-payment:1543,credit-note:2248,2026-06-03 20:19:44,1500,EFECTIVO,MIG-JM-ABONO-1543,Abono origen: 1543 | Venta origen: 2248
credit-payment:1544,credit-note:2253,2026-06-03 21:04:50,600,EFECTIVO,MIG-JM-ABONO-1544,Abono origen: 1544 | Venta origen: 2253
credit-payment:1545,credit-note:1615,2026-06-04 13:45:26,12414.5,EFECTIVO,MIG-JM-ABONO-1545,Abono origen: 1545 | Venta origen: 1615
credit-payment:1546,credit-note:1554,2026-06-04 13:45:39,14000,EFECTIVO,MIG-JM-ABONO-1546,Abono origen: 1546 | Venta origen: 1554
credit-payment:1547,credit-note:1525,2026-06-04 13:45:49,2250,EFECTIVO,MIG-JM-ABONO-1547,Abono origen: 1547 | Venta origen: 1525
credit-payment:1548,credit-note:1394,2026-06-04 13:45:59,11300,EFECTIVO,MIG-JM-ABONO-1548,Abono origen: 1548 | Venta origen: 1394
credit-payment:1549,credit-note:1614,2026-06-04 13:46:10,8400,EFECTIVO,MIG-JM-ABONO-1549,Abono origen: 1549 | Venta origen: 1614
credit-payment:1550,credit-note:1396,2026-06-04 13:46:28,11300,EFECTIVO,MIG-JM-ABONO-1550,Abono origen: 1550 | Venta origen: 1396
credit-payment:1551,credit-note:1395,2026-06-04 13:46:35,11300,EFECTIVO,MIG-JM-ABONO-1551,Abono origen: 1551 | Venta origen: 1395
credit-payment:1552,credit-note:1613,2026-06-04 13:46:49,7420,EFECTIVO,MIG-JM-ABONO-1552,Abono origen: 1552 | Venta origen: 1613
credit-payment:1553,credit-note:1543,2026-06-04 13:46:57,2500,EFECTIVO,MIG-JM-ABONO-1553,Abono origen: 1553 | Venta origen: 1543
credit-payment:1554,credit-note:1542,2026-06-04 13:47:05,2500,EFECTIVO,MIG-JM-ABONO-1554,Abono origen: 1554 | Venta origen: 1542
credit-payment:1555,credit-note:1541,2026-06-04 13:47:12,2500,EFECTIVO,MIG-JM-ABONO-1555,Abono origen: 1555 | Venta origen: 1541
credit-payment:1556,credit-note:1540,2026-06-04 13:47:20,2500,EFECTIVO,MIG-JM-ABONO-1556,Abono origen: 1556 | Venta origen: 1540
credit-payment:1557,credit-note:1454,2026-06-04 13:47:37,2160,EFECTIVO,MIG-JM-ABONO-1557,Abono origen: 1557 | Venta origen: 1454
credit-payment:1558,credit-note:2225,2026-06-04 13:55:41,4200,EFECTIVO,MIG-JM-ABONO-1558,Abono origen: 1558 | Venta origen: 2225
credit-payment:1559,credit-note:2258,2026-06-04 15:03:56,1200,EFECTIVO,MIG-JM-ABONO-1559,Abono origen: 1559 | Venta origen: 2258
credit-payment:1560,credit-note:2241,2026-06-04 19:48:35,910,EFECTIVO,MIG-JM-ABONO-1560,Abono origen: 1560 | Venta origen: 2241
credit-payment:1561,credit-note:2199,2026-06-04 19:48:39,690,EFECTIVO,MIG-JM-ABONO-1561,Abono origen: 1561 | Venta origen: 2199
credit-payment:1562,credit-note:2165,2026-06-04 19:48:43,5250,EFECTIVO,MIG-JM-ABONO-1562,Abono origen: 1562 | Venta origen: 2165
credit-payment:1563,credit-note:2256,2026-06-04 21:08:30,8925,EFECTIVO,MIG-JM-ABONO-1563,Abono origen: 1563 | Venta origen: 2256
credit-payment:1564,credit-note:2268,2026-06-04 21:57:27,50,EFECTIVO,MIG-JM-ABONO-1564,Abono origen: 1564 | Venta origen: 2268
credit-payment:1565,credit-note:2266,2026-06-05 13:25:24,1440,EFECTIVO,MIG-JM-ABONO-1565,Abono origen: 1565 | Venta origen: 2266
credit-payment:1566,credit-note:2230,2026-06-05 21:38:30,1714,EFECTIVO,MIG-JM-ABONO-1566,Abono origen: 1566 | Venta origen: 2230
credit-payment:1567,credit-note:2068,2026-06-05 22:34:25,8500,EFECTIVO,MIG-JM-ABONO-1567,Abono origen: 1567 | Venta origen: 2068
credit-payment:1568,credit-note:2078,2026-06-05 22:34:32,462,EFECTIVO,MIG-JM-ABONO-1568,Abono origen: 1568 | Venta origen: 2078
credit-payment:1569,credit-note:2228,2026-06-05 22:34:36,12900,EFECTIVO,MIG-JM-ABONO-1569,Abono origen: 1569 | Venta origen: 2228
credit-payment:1570,credit-note:2264,2026-06-05 22:34:40,1176,EFECTIVO,MIG-JM-ABONO-1570,Abono origen: 1570 | Venta origen: 2264
credit-payment:1571,credit-note:2269,2026-06-05 22:34:45,2744,EFECTIVO,MIG-JM-ABONO-1571,Abono origen: 1571 | Venta origen: 2269
credit-payment:1572,credit-note:2267,2026-06-08 13:56:43,22,EFECTIVO,MIG-JM-ABONO-1572,Abono origen: 1572 | Venta origen: 2267
credit-payment:1573,credit-note:2240,2026-06-08 13:56:48,64,EFECTIVO,MIG-JM-ABONO-1573,Abono origen: 1573 | Venta origen: 2240
credit-payment:1574,credit-note:1619,2026-06-08 15:13:30,354,EFECTIVO,MIG-JM-ABONO-1574,Abono origen: 1574 | Venta origen: 1619
credit-payment:1575,credit-note:1630,2026-06-08 15:13:34,236,EFECTIVO,MIG-JM-ABONO-1575,Abono origen: 1575 | Venta origen: 1630
credit-payment:1576,credit-note:1755,2026-06-08 15:13:39,354,EFECTIVO,MIG-JM-ABONO-1576,Abono origen: 1576 | Venta origen: 1755
credit-payment:1577,credit-note:2247,2026-06-08 19:47:50,4140,EFECTIVO,MIG-JM-ABONO-1577,Abono origen: 1577 | Venta origen: 2247
credit-payment:1578,credit-note:2252,2026-06-08 19:47:58,2103,EFECTIVO,MIG-JM-ABONO-1578,Abono origen: 1578 | Venta origen: 2252
credit-payment:1579,credit-note:2259,2026-06-08 19:48:05,224,EFECTIVO,MIG-JM-ABONO-1579,Abono origen: 1579 | Venta origen: 2259
credit-payment:1580,credit-note:2272,2026-06-08 19:48:11,2653,EFECTIVO,MIG-JM-ABONO-1580,Abono origen: 1580 | Venta origen: 2272
credit-payment:1581,credit-note:2273,2026-06-08 19:48:18,1960,EFECTIVO,MIG-JM-ABONO-1581,Abono origen: 1581 | Venta origen: 2273
credit-payment:1582,credit-note:2277,2026-06-08 19:48:26,3700,EFECTIVO,MIG-JM-ABONO-1582,Abono origen: 1582 | Venta origen: 2277
credit-payment:1583,credit-note:2282,2026-06-08 19:48:33,81,EFECTIVO,MIG-JM-ABONO-1583,Abono origen: 1583 | Venta origen: 2282
credit-payment:1584,credit-note:2286,2026-06-08 19:48:54,5359,EFECTIVO,MIG-JM-ABONO-1584,Abono origen: 1584 | Venta origen: 2286
credit-payment:1585,credit-note:1792,2026-06-08 23:14:34,4980,EFECTIVO,MIG-JM-ABONO-1585,Abono origen: 1585 | Venta origen: 1792
credit-payment:1586,credit-note:1816,2026-06-08 23:14:38,3700,EFECTIVO,MIG-JM-ABONO-1586,Abono origen: 1586 | Venta origen: 1816
credit-payment:1587,credit-note:1888,2026-06-08 23:14:41,2360,EFECTIVO,MIG-JM-ABONO-1587,Abono origen: 1587 | Venta origen: 1888
credit-payment:1588,credit-note:1897,2026-06-08 23:14:45,974,EFECTIVO,MIG-JM-ABONO-1588,Abono origen: 1588 | Venta origen: 1897
credit-payment:1589,credit-note:2014,2026-06-08 23:14:49,3800,EFECTIVO,MIG-JM-ABONO-1589,Abono origen: 1589 | Venta origen: 2014
credit-payment:1590,credit-note:2124,2026-06-08 23:14:52,1200,EFECTIVO,MIG-JM-ABONO-1590,Abono origen: 1590 | Venta origen: 2124
credit-payment:1591,credit-note:2128,2026-06-08 23:14:55,3700,EFECTIVO,MIG-JM-ABONO-1591,Abono origen: 1591 | Venta origen: 2128
credit-payment:1592,credit-note:2229,2026-06-08 23:14:58,4350,EFECTIVO,MIG-JM-ABONO-1592,Abono origen: 1592 | Venta origen: 2229
credit-payment:1593,credit-note:2303,2026-06-09 23:30:10,148.05,EFECTIVO,MIG-JM-ABONO-1593,Abono origen: 1593 | Venta origen: 2303
credit-payment:1594,credit-note:2297,2026-06-09 23:30:21,219.96,EFECTIVO,MIG-JM-ABONO-1594,Abono origen: 1594 | Venta origen: 2297
credit-payment:1595,credit-note:2311,2026-06-10 17:22:22,3900,EFECTIVO,MIG-JM-ABONO-1595,Abono origen: 1595 | Venta origen: 2311
credit-payment:1596,credit-note:2082,2026-06-10 23:45:04,3800,EFECTIVO,MIG-JM-ABONO-1596,Abono origen: 1596 | Venta origen: 2082
credit-payment:1597,credit-note:2260,2026-06-10 23:45:10,9500,EFECTIVO,MIG-JM-ABONO-1597,Abono origen: 1597 | Venta origen: 2260
credit-payment:1598,credit-note:2087,2026-06-10 23:45:17,9300,EFECTIVO,MIG-JM-ABONO-1598,Abono origen: 1598 | Venta origen: 2087
credit-payment:1599,credit-note:2294,2026-06-10 23:45:22,9640,EFECTIVO,MIG-JM-ABONO-1599,Abono origen: 1599 | Venta origen: 2294
credit-payment:1600,credit-note:2008,2026-06-10 23:45:28,3960,EFECTIVO,MIG-JM-ABONO-1600,Abono origen: 1600 | Venta origen: 2008
credit-payment:1601,credit-note:2200,2026-06-10 23:46:15,6525,EFECTIVO,MIG-JM-ABONO-1601,Abono origen: 1601 | Venta origen: 2200
credit-payment:1602,credit-note:2202,2026-06-10 23:46:25,4230,EFECTIVO,MIG-JM-ABONO-1602,Abono origen: 1602 | Venta origen: 2202
credit-payment:1603,credit-note:2238,2026-06-10 23:46:29,7622.46,EFECTIVO,MIG-JM-ABONO-1603,Abono origen: 1603 | Venta origen: 2238
credit-payment:1604,credit-note:2315,2026-06-10 23:46:53,900,EFECTIVO,MIG-JM-ABONO-1604,Abono origen: 1604 | Venta origen: 2315
credit-payment:1605,credit-note:2304,2026-06-10 23:48:30,168,EFECTIVO,MIG-JM-ABONO-1605,Abono origen: 1605 | Venta origen: 2304
credit-payment:1606,credit-note:1899,2026-06-11 00:20:50,19000,EFECTIVO,MIG-JM-ABONO-1606,Abono origen: 1606 | Venta origen: 1899
credit-payment:1607,credit-note:1898,2026-06-11 00:20:54,18500,EFECTIVO,MIG-JM-ABONO-1607,Abono origen: 1607 | Venta origen: 1898
credit-payment:1608,credit-note:1858,2026-06-11 00:20:57,18500,EFECTIVO,MIG-JM-ABONO-1608,Abono origen: 1608 | Venta origen: 1858
credit-payment:1609,credit-note:1855,2026-06-11 00:21:01,19000,EFECTIVO,MIG-JM-ABONO-1609,Abono origen: 1609 | Venta origen: 1855
credit-payment:1610,credit-note:1845,2026-06-11 00:21:04,12425,EFECTIVO,MIG-JM-ABONO-1610,Abono origen: 1610 | Venta origen: 1845
credit-payment:1611,credit-note:1817,2026-06-11 00:21:08,19000,EFECTIVO,MIG-JM-ABONO-1611,Abono origen: 1611 | Venta origen: 1817
credit-payment:1612,credit-note:1752,2026-06-11 00:21:12,1470,EFECTIVO,MIG-JM-ABONO-1612,Abono origen: 1612 | Venta origen: 1752
credit-payment:1613,credit-note:1732,2026-06-11 00:21:15,18500,EFECTIVO,MIG-JM-ABONO-1613,Abono origen: 1613 | Venta origen: 1732
credit-payment:1614,credit-note:1731,2026-06-11 00:21:19,19000,EFECTIVO,MIG-JM-ABONO-1614,Abono origen: 1614 | Venta origen: 1731
credit-payment:1615,credit-note:1702,2026-06-11 00:21:23,14800,EFECTIVO,MIG-JM-ABONO-1615,Abono origen: 1615 | Venta origen: 1702
credit-payment:1616,credit-note:1697,2026-06-11 00:21:26,3700,EFECTIVO,MIG-JM-ABONO-1616,Abono origen: 1616 | Venta origen: 1697
credit-payment:1617,credit-note:1685,2026-06-11 00:21:30,18500,EFECTIVO,MIG-JM-ABONO-1617,Abono origen: 1617 | Venta origen: 1685
credit-payment:1618,credit-note:2292,2026-06-11 13:21:39,5580,EFECTIVO,MIG-JM-ABONO-1618,Abono origen: 1618 | Venta origen: 2292
credit-payment:1619,credit-note:2310,2026-06-11 15:08:24,2110,EFECTIVO,MIG-JM-ABONO-1619,Abono origen: 1619 | Venta origen: 2310
credit-payment:1620,credit-note:2326,2026-06-11 22:40:01,675,EFECTIVO,MIG-JM-ABONO-1620,Abono origen: 1620 | Venta origen: 2326
credit-payment:1621,credit-note:859,2026-06-12 19:11:38,8000,EFECTIVO,MIG-JM-ABONO-1621,Abono origen: 1621 | Venta origen: 859 | Forma pago origen: e
credit-payment:1622,credit-note:2307,2026-06-12 19:27:58,4200,EFECTIVO,MIG-JM-ABONO-1622,Abono origen: 1622 | Venta origen: 2307
credit-payment:1623,credit-note:2325,2026-06-12 19:28:11,2640,EFECTIVO,MIG-JM-ABONO-1623,Abono origen: 1623 | Venta origen: 2325
credit-payment:1624,credit-note:2309,2026-06-12 19:28:24,912,EFECTIVO,MIG-JM-ABONO-1624,Abono origen: 1624 | Venta origen: 2309 | Forma pago origen: e
credit-payment:1625,credit-note:2313,2026-06-13 20:18:57,3600,EFECTIVO,MIG-JM-ABONO-1625,Abono origen: 1625 | Venta origen: 2313
credit-payment:1626,credit-note:1357,2026-06-15 14:01:37,3900,EFECTIVO,MIG-JM-ABONO-1626,Abono origen: 1626 | Venta origen: 1357
credit-payment:1627,credit-note:1531,2026-06-15 14:01:48,1190,EFECTIVO,MIG-JM-ABONO-1627,Abono origen: 1627 | Venta origen: 1531
credit-payment:1628,credit-note:1387,2026-06-15 14:02:02,2200,EFECTIVO,MIG-JM-ABONO-1628,Abono origen: 1628 | Venta origen: 1387
credit-payment:1629,credit-note:1457,2026-06-15 14:02:09,2200,EFECTIVO,MIG-JM-ABONO-1629,Abono origen: 1629 | Venta origen: 1457
credit-payment:1630,credit-note:1530,2026-06-15 14:02:23,4027.5,EFECTIVO,MIG-JM-ABONO-1630,Abono origen: 1630 | Venta origen: 1530
credit-payment:1631,credit-note:1456,2026-06-15 14:02:29,1760,EFECTIVO,MIG-JM-ABONO-1631,Abono origen: 1631 | Venta origen: 1456
credit-payment:1632,credit-note:2332,2026-06-15 14:09:40,1200,EFECTIVO,MIG-JM-ABONO-1632,Abono origen: 1632 | Venta origen: 2332
credit-payment:1633,credit-note:2319,2026-06-15 14:33:56,3920,EFECTIVO,MIG-JM-ABONO-1633,Abono origen: 1633 | Venta origen: 2319
credit-payment:1634,credit-note:2309,2026-06-15 14:35:23,588,EFECTIVO,MIG-JM-ABONO-1634,Abono origen: 1634 | Venta origen: 2309
credit-payment:1635,credit-note:2334,2026-06-15 14:35:33,5400,EFECTIVO,MIG-JM-ABONO-1635,Abono origen: 1635 | Venta origen: 2334
credit-payment:1636,credit-note:2344,2026-06-15 19:03:02,5997,EFECTIVO,MIG-JM-ABONO-1636,Abono origen: 1636 | Venta origen: 2344
credit-payment:1637,credit-note:2345,2026-06-15 23:12:41,8400,EFECTIVO,MIG-JM-ABONO-1637,Abono origen: 1637 | Venta origen: 2345
credit-payment:1638,credit-note:2289,2026-06-16 13:25:08,1890,EFECTIVO,MIG-JM-ABONO-1638,Abono origen: 1638 | Venta origen: 2289
credit-payment:1639,credit-note:2287,2026-06-16 13:25:15,9600,EFECTIVO,MIG-JM-ABONO-1639,Abono origen: 1639 | Venta origen: 2287
credit-payment:1640,credit-note:2295,2026-06-16 13:25:22,3700,EFECTIVO,MIG-JM-ABONO-1640,Abono origen: 1640 | Venta origen: 2295
credit-payment:1641,credit-note:1942,2026-06-16 13:26:29,14000,EFECTIVO,MIG-JM-ABONO-1641,Abono origen: 1641 | Venta origen: 1942
credit-payment:1642,credit-note:1940,2026-06-16 13:26:36,14000,EFECTIVO,MIG-JM-ABONO-1642,Abono origen: 1642 | Venta origen: 1940
credit-payment:1643,credit-note:1929,2026-06-16 13:26:45,10800,EFECTIVO,MIG-JM-ABONO-1643,Abono origen: 1643 | Venta origen: 1929
credit-payment:1644,credit-note:1874,2026-06-16 13:27:04,12100,EFECTIVO,MIG-JM-ABONO-1644,Abono origen: 1644 | Venta origen: 1874
credit-payment:1645,credit-note:1815,2026-06-16 13:27:12,6720,EFECTIVO,MIG-JM-ABONO-1645,Abono origen: 1645 | Venta origen: 1815
credit-payment:1646,credit-note:1808,2026-06-16 13:27:21,1225,EFECTIVO,MIG-JM-ABONO-1646,Abono origen: 1646 | Venta origen: 1808
credit-payment:1647,credit-note:1807,2026-06-16 13:27:30,12100,EFECTIVO,MIG-JM-ABONO-1647,Abono origen: 1647 | Venta origen: 1807
credit-payment:1648,credit-note:1747,2026-06-16 13:27:42,3600,EFECTIVO,MIG-JM-ABONO-1648,Abono origen: 1648 | Venta origen: 1747
credit-payment:1649,credit-note:1695,2026-06-16 13:27:53,8100,EFECTIVO,MIG-JM-ABONO-1649,Abono origen: 1649 | Venta origen: 1695
credit-payment:1650,credit-note:1676,2026-06-16 13:28:01,5813,EFECTIVO,MIG-JM-ABONO-1650,Abono origen: 1650 | Venta origen: 1676
credit-payment:1651,credit-note:1799,2026-06-16 13:28:21,2000,EFECTIVO,MIG-JM-ABONO-1651,Abono origen: 1651 | Venta origen: 1799
credit-payment:1652,credit-note:1729,2026-06-16 13:28:28,8771,EFECTIVO,MIG-JM-ABONO-1652,Abono origen: 1652 | Venta origen: 1729
credit-payment:1653,credit-note:1672,2026-06-16 13:29:34,890,EFECTIVO,MIG-JM-ABONO-1653,Abono origen: 1653 | Venta origen: 1672
credit-payment:1654,credit-note:1902,2026-06-16 13:29:47,9000,EFECTIVO,MIG-JM-ABONO-1654,Abono origen: 1654 | Venta origen: 1902
credit-payment:1655,credit-note:1894,2026-06-16 13:30:01,25190,EFECTIVO,MIG-JM-ABONO-1655,Abono origen: 1655 | Venta origen: 1894
credit-payment:1656,credit-note:1879,2026-06-16 13:30:10,8400,EFECTIVO,MIG-JM-ABONO-1656,Abono origen: 1656 | Venta origen: 1879
credit-payment:1657,credit-note:1714,2026-06-16 13:30:35,5600,EFECTIVO,MIG-JM-ABONO-1657,Abono origen: 1657 | Venta origen: 1714
credit-payment:1658,credit-note:1717,2026-06-16 13:30:45,4500,EFECTIVO,MIG-JM-ABONO-1658,Abono origen: 1658 | Venta origen: 1717
credit-payment:1659,credit-note:1749,2026-06-16 13:30:52,5600,EFECTIVO,MIG-JM-ABONO-1659,Abono origen: 1659 | Venta origen: 1749
credit-payment:1660,credit-note:1750,2026-06-16 13:30:59,8350,EFECTIVO,MIG-JM-ABONO-1660,Abono origen: 1660 | Venta origen: 1750
credit-payment:1661,credit-note:1833,2026-06-16 13:31:07,20571.5,EFECTIVO,MIG-JM-ABONO-1661,Abono origen: 1661 | Venta origen: 1833
credit-payment:1662,credit-note:1878,2026-06-16 13:31:17,4000,EFECTIVO,MIG-JM-ABONO-1662,Abono origen: 1662 | Venta origen: 1878
credit-payment:1663,credit-note:1883,2026-06-16 13:31:24,1350,EFECTIVO,MIG-JM-ABONO-1663,Abono origen: 1663 | Venta origen: 1883
credit-payment:1664,credit-note:1884,2026-06-16 13:31:30,4050,EFECTIVO,MIG-JM-ABONO-1664,Abono origen: 1664 | Venta origen: 1884
credit-payment:1665,credit-note:2226,2026-06-16 14:21:30,5399,EFECTIVO,MIG-JM-ABONO-1665,Abono origen: 1665 | Venta origen: 2226
credit-payment:1666,credit-note:1776,2026-06-16 14:23:06,415,EFECTIVO,MIG-JM-ABONO-1666,Abono origen: 1666 | Venta origen: 1776
credit-payment:1667,credit-note:1767,2026-06-16 14:23:14,415,EFECTIVO,MIG-JM-ABONO-1667,Abono origen: 1667 | Venta origen: 1767
credit-payment:1668,credit-note:1733,2026-06-16 14:23:22,1950,EFECTIVO,MIG-JM-ABONO-1668,Abono origen: 1668 | Venta origen: 1733
credit-payment:1669,credit-note:1535,2026-06-16 14:23:31,786,EFECTIVO,MIG-JM-ABONO-1669,Abono origen: 1669 | Venta origen: 1535
credit-payment:1670,credit-note:1409,2026-06-16 14:23:37,1035,EFECTIVO,MIG-JM-ABONO-1670,Abono origen: 1670 | Venta origen: 1409
credit-payment:1671,credit-note:1944,2026-06-16 14:23:46,1660,EFECTIVO,MIG-JM-ABONO-1671,Abono origen: 1671 | Venta origen: 1944
credit-payment:1672,credit-note:1970,2026-06-16 14:23:53,1950,EFECTIVO,MIG-JM-ABONO-1672,Abono origen: 1672 | Venta origen: 1970
credit-payment:1673,credit-note:2312,2026-06-16 15:25:56,4140,EFECTIVO,MIG-JM-ABONO-1673,Abono origen: 1673 | Venta origen: 2312
credit-payment:1674,credit-note:2338,2026-06-16 15:32:31,3020,EFECTIVO,MIG-JM-ABONO-1674,Abono origen: 1674 | Venta origen: 2338
credit-payment:1675,credit-note:2330,2026-06-16 15:43:44,2047,EFECTIVO,MIG-JM-ABONO-1675,Abono origen: 1675 | Venta origen: 2330
credit-payment:1676,credit-note:2327,2026-06-16 16:00:43,13802,EFECTIVO,MIG-JM-ABONO-1676,Abono origen: 1676 | Venta origen: 2327
credit-payment:1677,credit-note:2314,2026-06-16 17:15:34,8700,EFECTIVO,MIG-JM-ABONO-1677,Abono origen: 1677 | Venta origen: 2314
credit-payment:1678,credit-note:2347,2026-06-16 17:15:50,8700,EFECTIVO,MIG-JM-ABONO-1678,Abono origen: 1678 | Venta origen: 2347
credit-payment:1679,credit-note:2348,2026-06-16 17:16:04,8400,EFECTIVO,MIG-JM-ABONO-1679,Abono origen: 1679 | Venta origen: 2348
credit-payment:1680,credit-note:2305,2026-06-16 18:09:48,229,EFECTIVO,MIG-JM-ABONO-1680,Abono origen: 1680 | Venta origen: 2305
credit-payment:1681,credit-note:2298,2026-06-16 18:09:55,2190,EFECTIVO,MIG-JM-ABONO-1681,Abono origen: 1681 | Venta origen: 2298
credit-payment:1682,credit-note:2042,2026-06-16 22:59:39,6057,EFECTIVO,MIG-JM-ABONO-1682,Abono origen: 1682 | Venta origen: 2042
credit-payment:1683,credit-note:2362,2026-06-16 23:09:34,600,EFECTIVO,MIG-JM-ABONO-1683,Abono origen: 1683 | Venta origen: 2362
credit-payment:1684,credit-note:2335,2026-06-16 23:34:20,231,EFECTIVO,MIG-JM-ABONO-1684,Abono origen: 1684 | Venta origen: 2335
credit-payment:1685,credit-note:1832,2026-06-17 14:11:24,3800,EFECTIVO,MIG-JM-ABONO-1685,Abono origen: 1685 | Venta origen: 1832
credit-payment:1686,credit-note:1519,2026-06-17 14:11:37,8300,EFECTIVO,MIG-JM-ABONO-1686,Abono origen: 1686 | Venta origen: 1519
credit-payment:1687,credit-note:1462,2026-06-17 14:11:53,4700,EFECTIVO,MIG-JM-ABONO-1687,Abono origen: 1687 | Venta origen: 1462
credit-payment:1688,credit-note:1945,2026-06-17 14:12:07,8500,EFECTIVO,MIG-JM-ABONO-1688,Abono origen: 1688 | Venta origen: 1945
credit-payment:1689,credit-note:2301,2026-06-17 14:45:00,2010,EFECTIVO,MIG-JM-ABONO-1689,Abono origen: 1689 | Venta origen: 2301
credit-payment:1690,credit-note:2283,2026-06-17 14:45:05,2120,EFECTIVO,MIG-JM-ABONO-1690,Abono origen: 1690 | Venta origen: 2283
credit-payment:1691,credit-note:2263,2026-06-17 14:45:10,3480,EFECTIVO,MIG-JM-ABONO-1691,Abono origen: 1691 | Venta origen: 2263
credit-payment:1692,credit-note:2369,2026-06-17 16:38:56,1800,EFECTIVO,MIG-JM-ABONO-1692,Abono origen: 1692 | Venta origen: 2369
credit-payment:1693,credit-note:2378,2026-06-17 22:10:26,2670,EFECTIVO,MIG-JM-ABONO-1693,Abono origen: 1693 | Venta origen: 2378
credit-payment:1694,credit-note:1997,2026-06-18 15:37:51,18500,EFECTIVO,MIG-JM-ABONO-1694,Abono origen: 1694 | Venta origen: 1997
credit-payment:1695,credit-note:2004,2026-06-18 15:45:43,30400,EFECTIVO,MIG-JM-ABONO-1695,Abono origen: 1695 | Venta origen: 2004
credit-payment:1696,credit-note:2061,2026-06-18 15:45:49,18500,EFECTIVO,MIG-JM-ABONO-1696,Abono origen: 1696 | Venta origen: 2061
credit-payment:1697,credit-note:2135,2026-06-18 15:45:59,19000,EFECTIVO,MIG-JM-ABONO-1697,Abono origen: 1697 | Venta origen: 2135
credit-payment:1698,credit-note:2208,2026-06-18 15:46:05,19000,EFECTIVO,MIG-JM-ABONO-1698,Abono origen: 1698 | Venta origen: 2208
credit-payment:1699,credit-note:2385,2026-06-18 15:57:18,22240,EFECTIVO,MIG-JM-ABONO-1699,Abono origen: 1699 | Venta origen: 2385
credit-payment:1700,credit-note:2232,2026-06-19 19:05:57,9000,EFECTIVO,MIG-JM-ABONO-1700,Abono origen: 1700 | Venta origen: 2232
credit-payment:1701,credit-note:2261,2026-06-19 19:06:03,594,EFECTIVO,MIG-JM-ABONO-1701,Abono origen: 1701 | Venta origen: 2261
credit-payment:1702,credit-note:2409,2026-06-19 23:16:14,22,EFECTIVO,MIG-JM-ABONO-1702,Abono origen: 1702 | Venta origen: 2409
credit-payment:1703,credit-note:2397,2026-06-20 16:23:01,1350,EFECTIVO,MIG-JM-ABONO-1703,Abono origen: 1703 | Venta origen: 2397
credit-payment:1704,credit-note:2408,2026-06-20 16:32:33,2775,EFECTIVO,MIG-JM-ABONO-1704,Abono origen: 1704 | Venta origen: 2408
credit-payment:1705,credit-note:2365,2026-06-20 17:11:31,40.5,EFECTIVO,MIG-JM-ABONO-1705,Abono origen: 1705 | Venta origen: 2365
credit-payment:1706,credit-note:2352,2026-06-20 17:11:42,6356,EFECTIVO,MIG-JM-ABONO-1706,Abono origen: 1706 | Venta origen: 2352
credit-payment:1707,credit-note:2349,2026-06-20 17:47:43,9275,EFECTIVO,MIG-JM-ABONO-1707,Abono origen: 1707 | Venta origen: 2349
credit-payment:1708,credit-note:2381,2026-06-20 19:05:38,1716,EFECTIVO,MIG-JM-ABONO-1708,Abono origen: 1708 | Venta origen: 2381
credit-payment:1709,credit-note:2370,2026-06-20 19:05:50,1925,EFECTIVO,MIG-JM-ABONO-1709,Abono origen: 1709 | Venta origen: 2370
credit-payment:1710,credit-note:2166,2026-06-22 13:59:05,3998,EFECTIVO,MIG-JM-ABONO-1710,Abono origen: 1710 | Venta origen: 2166
credit-payment:1711,credit-note:2167,2026-06-22 13:59:10,1999,EFECTIVO,MIG-JM-ABONO-1711,Abono origen: 1711 | Venta origen: 2167
credit-payment:1712,credit-note:2302,2026-06-22 14:43:03,8600,EFECTIVO,MIG-JM-ABONO-1712,Abono origen: 1712 | Venta origen: 2302
credit-payment:1713,credit-note:2331,2026-06-22 14:43:11,3150,EFECTIVO,MIG-JM-ABONO-1713,Abono origen: 1713 | Venta origen: 2331
credit-payment:1714,credit-note:2384,2026-06-22 14:43:23,4300,EFECTIVO,MIG-JM-ABONO-1714,Abono origen: 1714 | Venta origen: 2384
credit-payment:1715,credit-note:2300,2026-06-22 14:43:37,3250,EFECTIVO,MIG-JM-ABONO-1715,Abono origen: 1715 | Venta origen: 2300
credit-payment:1716,credit-note:2424,2026-06-22 15:38:48,1200,EFECTIVO,MIG-JM-ABONO-1716,Abono origen: 1716 | Venta origen: 2424
credit-payment:1717,credit-note:2354,2026-06-22 22:04:45,5940,EFECTIVO,MIG-JM-ABONO-1717,Abono origen: 1717 | Venta origen: 2354
credit-payment:1718,credit-note:2368,2026-06-22 22:04:48,3358,EFECTIVO,MIG-JM-ABONO-1718,Abono origen: 1718 | Venta origen: 2368
credit-payment:1719,credit-note:2396,2026-06-22 22:04:53,2378,EFECTIVO,MIG-JM-ABONO-1719,Abono origen: 1719 | Venta origen: 2396
credit-payment:1720,credit-note:2412,2026-06-22 22:04:59,1200,EFECTIVO,MIG-JM-ABONO-1720,Abono origen: 1720 | Venta origen: 2412
credit-payment:1721,credit-note:2419,2026-06-22 22:05:03,450,EFECTIVO,MIG-JM-ABONO-1721,Abono origen: 1721 | Venta origen: 2419
credit-payment:1722,credit-note:2420,2026-06-22 22:05:09,28,EFECTIVO,MIG-JM-ABONO-1722,Abono origen: 1722 | Venta origen: 2420
credit-payment:1723,credit-note:2405,2026-06-23 16:25:10,12600,EFECTIVO,MIG-JM-ABONO-1723,Abono origen: 1723 | Venta origen: 2405
credit-payment:1724,credit-note:2433,2026-06-23 23:17:42,420,EFECTIVO,MIG-JM-ABONO-1724,Abono origen: 1724 | Venta origen: 2433
credit-payment:1725,credit-note:2458,2026-06-24 23:11:42,3547.5,EFECTIVO,MIG-JM-ABONO-1725,Abono origen: 1725 | Venta origen: 2458
credit-payment:1726,credit-note:2463,2026-06-25 13:47:54,1380,EFECTIVO,MIG-JM-ABONO-1726,Abono origen: 1726 | Venta origen: 2463
credit-payment:1727,credit-note:2355,2026-06-25 18:33:07,60,EFECTIVO,MIG-JM-ABONO-1727,Abono origen: 1727 | Venta origen: 2355
credit-payment:1728,credit-note:1912,2026-06-25 20:16:24,5000,EFECTIVO,MIG-JM-ABONO-1728,Abono origen: 1728 | Venta origen: 1912
credit-payment:1729,credit-note:1966,2026-06-25 20:16:33,26640,EFECTIVO,MIG-JM-ABONO-1729,Abono origen: 1729 | Venta origen: 1966
credit-payment:1730,credit-note:1532,2026-06-25 20:16:44,2500,EFECTIVO,MIG-JM-ABONO-1730,Abono origen: 1730 | Venta origen: 1532
credit-payment:1731,credit-note:1529,2026-06-25 20:16:52,4000,EFECTIVO,MIG-JM-ABONO-1731,Abono origen: 1731 | Venta origen: 1529
credit-payment:1732,credit-note:1948,2026-06-25 20:17:07,13050,EFECTIVO,MIG-JM-ABONO-1732,Abono origen: 1732 | Venta origen: 1948
credit-payment:1733,credit-note:1958,2026-06-25 20:17:15,5600,EFECTIVO,MIG-JM-ABONO-1733,Abono origen: 1733 | Venta origen: 1958
credit-payment:1734,credit-note:1943,2026-06-25 20:17:24,14000,EFECTIVO,MIG-JM-ABONO-1734,Abono origen: 1734 | Venta origen: 1943
credit-payment:1735,credit-note:1960,2026-06-25 20:17:30,5000,EFECTIVO,MIG-JM-ABONO-1735,Abono origen: 1735 | Venta origen: 1960
credit-payment:1736,credit-note:2471,2026-06-25 23:10:07,100,EFECTIVO,MIG-JM-ABONO-1736,Abono origen: 1736 | Venta origen: 2471
credit-payment:1737,credit-note:2470,2026-06-25 23:10:17,8700,EFECTIVO,MIG-JM-ABONO-1737,Abono origen: 1737 | Venta origen: 2470
credit-payment:1738,credit-note:2467,2026-06-25 23:10:27,19994.5,EFECTIVO,MIG-JM-ABONO-1738,Abono origen: 1738 | Venta origen: 2467
credit-payment:1739,credit-note:2462,2026-06-25 23:14:26,9600,EFECTIVO,MIG-JM-ABONO-1739,Abono origen: 1739 | Venta origen: 2462
credit-payment:1740,credit-note:2337,2026-06-26 21:30:32,8400,EFECTIVO,MIG-JM-ABONO-1740,Abono origen: 1740 | Venta origen: 2337
credit-payment:1741,credit-note:2342,2026-06-26 21:30:38,3020,EFECTIVO,MIG-JM-ABONO-1741,Abono origen: 1741 | Venta origen: 2342
credit-payment:1742,credit-note:2020,2026-06-27 15:19:20,6600,EFECTIVO,MIG-JM-ABONO-1742,Abono origen: 1742 | Venta origen: 2020
credit-payment:1743,credit-note:2018,2026-06-27 15:26:27,17000,EFECTIVO,MIG-JM-ABONO-1743,Abono origen: 1743 | Venta origen: 2018
credit-payment:1744,credit-note:2209,2026-06-27 17:47:04,16500,EFECTIVO,MIG-JM-ABONO-1744,Abono origen: 1744 | Venta origen: 2209
credit-payment:1745,credit-note:2478,2026-06-27 18:39:33,4200,EFECTIVO,MIG-JM-ABONO-1745,Abono origen: 1745 | Venta origen: 2478
credit-payment:1746,credit-note:2479,2026-06-27 18:39:48,660,EFECTIVO,MIG-JM-ABONO-1746,Abono origen: 1746 | Venta origen: 2479
credit-payment:1747,credit-note:1778,2026-06-29 20:16:41,4410,EFECTIVO,MIG-JM-ABONO-1747,Abono origen: 1747 | Venta origen: 1778
credit-payment:1748,credit-note:2386,2026-07-01 13:15:03,11400,EFECTIVO,MIG-JM-ABONO-1748,Abono origen: 1748 | Venta origen: 2386
credit-payment:1749,credit-note:2317,2026-07-01 13:15:14,21475,EFECTIVO,MIG-JM-ABONO-1749,Abono origen: 1749 | Venta origen: 2317
credit-payment:1750,credit-note:1999,2026-07-01 13:15:44,17300,EFECTIVO,MIG-JM-ABONO-1750,Abono origen: 1750 | Venta origen: 1999
credit-payment:1751,credit-note:1977,2026-07-01 13:15:56,18485,EFECTIVO,MIG-JM-ABONO-1751,Abono origen: 1751 | Venta origen: 1977
credit-payment:1752,credit-note:2003,2026-07-01 13:16:07,61996,EFECTIVO,MIG-JM-ABONO-1752,Abono origen: 1752 | Venta origen: 2003
credit-payment:1753,credit-note:2339,2026-07-01 13:17:13,4660,EFECTIVO,MIG-JM-ABONO-1753,Abono origen: 1753 | Venta origen: 2339
credit-payment:1754,credit-note:2155,2026-07-01 13:17:21,6600,EFECTIVO,MIG-JM-ABONO-1754,Abono origen: 1754 | Venta origen: 2155
credit-payment:1755,credit-note:2440,2026-07-01 13:17:52,3760,EFECTIVO,MIG-JM-ABONO-1755,Abono origen: 1755 | Venta origen: 2440
credit-payment:1756,credit-note:2461,2026-07-01 13:18:00,144,EFECTIVO,MIG-JM-ABONO-1756,Abono origen: 1756 | Venta origen: 2461
credit-payment:1757,credit-note:2464,2026-07-01 13:18:08,240,EFECTIVO,MIG-JM-ABONO-1757,Abono origen: 1757 | Venta origen: 2464
credit-payment:1758,credit-note:2480,2026-07-01 13:18:15,47,EFECTIVO,MIG-JM-ABONO-1758,Abono origen: 1758 | Venta origen: 2480
credit-payment:1759,credit-note:2434,2026-07-01 13:18:21,426,EFECTIVO,MIG-JM-ABONO-1759,Abono origen: 1759 | Venta origen: 2434
credit-payment:1760,credit-note:2488,2026-07-01 13:18:39,12600,EFECTIVO,MIG-JM-ABONO-1760,Abono origen: 1760 | Venta origen: 2488
credit-payment:1761,credit-note:2483,2026-07-01 13:18:44,8400,EFECTIVO,MIG-JM-ABONO-1761,Abono origen: 1761 | Venta origen: 2483
credit-payment:1762,credit-note:2146,2026-07-01 23:16:57,13200,EFECTIVO,MIG-JM-ABONO-1762,Abono origen: 1762 | Venta origen: 2146
credit-payment:1763,credit-note:2346,2026-07-02 15:06:26,4230,EFECTIVO,MIG-JM-ABONO-1763,Abono origen: 1763 | Venta origen: 2346
credit-payment:1764,credit-note:2522,2026-07-03 23:14:31,780,EFECTIVO,MIG-JM-ABONO-1764,Abono origen: 1764 | Venta origen: 2522
credit-payment:1765,credit-note:2417,2026-07-04 16:09:15,1663,EFECTIVO,MIG-JM-ABONO-1765,Abono origen: 1765 | Venta origen: 2417
credit-payment:1766,credit-note:2527,2026-07-04 16:09:26,2550,EFECTIVO,MIG-JM-ABONO-1766,Abono origen: 1766 | Venta origen: 2527
credit-payment:1767,credit-note:2503,2026-07-04 16:09:36,1200,EFECTIVO,MIG-JM-ABONO-1767,Abono origen: 1767 | Venta origen: 2503
credit-payment:1768,credit-note:2496,2026-07-04 17:38:04,3700,EFECTIVO,MIG-JM-ABONO-1768,Abono origen: 1768 | Venta origen: 2496
credit-payment:1769,credit-note:2494,2026-07-04 17:38:40,4200,EFECTIVO,MIG-JM-ABONO-1769,Abono origen: 1769 | Venta origen: 2494
credit-payment:1770,credit-note:2341,2026-07-04 18:23:02,2025,EFECTIVO,MIG-JM-ABONO-1770,Abono origen: 1770 | Venta origen: 2341
credit-payment:1771,credit-note:2372,2026-07-04 18:23:39,6510,EFECTIVO,MIG-JM-ABONO-1771,Abono origen: 1771 | Venta origen: 2372
credit-payment:1772,credit-note:2291,2026-07-06 19:51:17,56,EFECTIVO,MIG-JM-ABONO-1772,Abono origen: 1772 | Venta origen: 2291
credit-payment:1773,credit-note:2529,2026-07-06 19:51:25,6000,EFECTIVO,MIG-JM-ABONO-1773,Abono origen: 1773 | Venta origen: 2529
credit-payment:1774,credit-note:2489,2026-07-06 19:51:32,2335,EFECTIVO,MIG-JM-ABONO-1774,Abono origen: 1774 | Venta origen: 2489
credit-payment:1775,credit-note:2427,2026-07-06 19:51:40,2803,EFECTIVO,MIG-JM-ABONO-1775,Abono origen: 1775 | Venta origen: 2427
credit-payment:1776,credit-note:2284,2026-07-06 19:51:46,6000,EFECTIVO,MIG-JM-ABONO-1776,Abono origen: 1776 | Venta origen: 2284
credit-payment:1777,credit-note:2361,2026-07-06 19:51:52,1083,EFECTIVO,MIG-JM-ABONO-1777,Abono origen: 1777 | Venta origen: 2361
credit-payment:1778,credit-note:2536,2026-07-06 21:39:09,56,EFECTIVO,MIG-JM-ABONO-1778,Abono origen: 1778 | Venta origen: 2536
credit-payment:1779,credit-note:2531,2026-07-06 21:39:15,58,EFECTIVO,MIG-JM-ABONO-1779,Abono origen: 1779 | Venta origen: 2531
credit-payment:1780,credit-note:2513,2026-07-06 21:39:21,306,EFECTIVO,MIG-JM-ABONO-1780,Abono origen: 1780 | Venta origen: 2513
credit-payment:1781,credit-note:2540,2026-07-07 15:17:56,4800,EFECTIVO,MIG-JM-ABONO-1781,Abono origen: 1781 | Venta origen: 2540
credit-payment:1782,credit-note:2543,2026-07-07 18:56:48,2400,EFECTIVO,MIG-JM-ABONO-1782,Abono origen: 1782 | Venta origen: 2543
credit-payment:1783,credit-note:2541,2026-07-07 22:49:40,1200,EFECTIVO,MIG-JM-ABONO-1783,Abono origen: 1783 | Venta origen: 2541
credit-payment:1784,credit-note:2549,2026-07-07 23:33:29,300,EFECTIVO,MIG-JM-ABONO-1784,Abono origen: 1784 | Venta origen: 2549
credit-payment:1785,credit-note:2552,2026-07-08 13:29:27,7200,EFECTIVO,MIG-JM-ABONO-1785,Abono origen: 1785 | Venta origen: 2552
credit-payment:1786,credit-note:2512,2026-07-08 19:34:10,15356.5,EFECTIVO,MIG-JM-ABONO-1786,Abono origen: 1786 | Venta origen: 2512
credit-payment:1787,credit-note:2554,2026-07-09 19:59:44,8700,EFECTIVO,MIG-JM-ABONO-1787,Abono origen: 1787 | Venta origen: 2554
credit-payment:1788,credit-note:2437,2026-07-09 19:59:48,4800,EFECTIVO,MIG-JM-ABONO-1788,Abono origen: 1788 | Venta origen: 2437
credit-payment:1789,credit-note:2404,2026-07-09 19:59:54,3150,EFECTIVO,MIG-JM-ABONO-1789,Abono origen: 1789 | Venta origen: 2404
credit-payment:1790,credit-note:2399,2026-07-09 19:59:58,4800,EFECTIVO,MIG-JM-ABONO-1790,Abono origen: 1790 | Venta origen: 2399
credit-payment:1791,credit-note:2388,2026-07-09 20:00:03,10860,EFECTIVO,MIG-JM-ABONO-1791,Abono origen: 1791 | Venta origen: 2388
credit-payment:1792,credit-note:2564,2026-07-10 00:03:31,27800,EFECTIVO,MIG-JM-ABONO-1792,Abono origen: 1792 | Venta origen: 2564
credit-payment:1793,credit-note:2029,2026-07-10 00:03:59,23900,EFECTIVO,MIG-JM-ABONO-1793,Abono origen: 1793 | Venta origen: 2029
credit-payment:1794,credit-note:2052,2026-07-10 00:04:09,42140,EFECTIVO,MIG-JM-ABONO-1794,Abono origen: 1794 | Venta origen: 2052
credit-payment:1795,credit-note:2010,2026-07-10 00:04:17,17400,EFECTIVO,MIG-JM-ABONO-1795,Abono origen: 1795 | Venta origen: 2010
credit-payment:1796,credit-note:2075,2026-07-10 00:04:24,43200,EFECTIVO,MIG-JM-ABONO-1796,Abono origen: 1796 | Venta origen: 2075
credit-payment:1797,credit-note:2500,2026-07-10 00:05:20,4500,EFECTIVO,MIG-JM-ABONO-1797,Abono origen: 1797 | Venta origen: 2500
credit-payment:1798,credit-note:2553,2026-07-10 00:05:27,1910,EFECTIVO,MIG-JM-ABONO-1798,Abono origen: 1798 | Venta origen: 2553
credit-payment:1799,credit-note:2551,2026-07-10 00:05:34,4500,EFECTIVO,MIG-JM-ABONO-1799,Abono origen: 1799 | Venta origen: 2551
credit-payment:1800,credit-note:2423,2026-07-10 00:05:43,5160,EFECTIVO,MIG-JM-ABONO-1800,Abono origen: 1800 | Venta origen: 2423
credit-payment:1801,credit-note:2245,2026-07-10 00:06:15,8700,EFECTIVO,MIG-JM-ABONO-1801,Abono origen: 1801 | Venta origen: 2245
credit-payment:1802,credit-note:2244,2026-07-10 00:06:21,8050,EFECTIVO,MIG-JM-ABONO-1802,Abono origen: 1802 | Venta origen: 2244
credit-payment:1803,credit-note:2211,2026-07-10 00:06:28,3550,EFECTIVO,MIG-JM-ABONO-1803,Abono origen: 1803 | Venta origen: 2211
credit-payment:1804,credit-note:2285,2026-07-10 00:06:37,1326,EFECTIVO,MIG-JM-ABONO-1804,Abono origen: 1804 | Venta origen: 2285
credit-payment:1805,credit-note:2288,2026-07-10 00:06:44,1624,EFECTIVO,MIG-JM-ABONO-1805,Abono origen: 1805 | Venta origen: 2288
credit-payment:1806,credit-note:2490,2026-07-10 00:06:57,4500,EFECTIVO,MIG-JM-ABONO-1806,Abono origen: 1806 | Venta origen: 2490
credit-payment:1807,credit-note:2515,2026-07-10 00:07:06,8050,EFECTIVO,MIG-JM-ABONO-1807,Abono origen: 1807 | Venta origen: 2515
credit-payment:1808,credit-note:2510,2026-07-10 00:07:16,1850,EFECTIVO,MIG-JM-ABONO-1808,Abono origen: 1808 | Venta origen: 2510
credit-payment:1809,credit-note:2507,2026-07-10 00:07:24,8050,EFECTIVO,MIG-JM-ABONO-1809,Abono origen: 1809 | Venta origen: 2507
credit-payment:1810,credit-note:2491,2026-07-10 00:07:31,7100,EFECTIVO,MIG-JM-ABONO-1810,Abono origen: 1810 | Venta origen: 2491
credit-payment:1811,credit-note:2487,2026-07-10 00:08:12,7100,EFECTIVO,MIG-JM-ABONO-1811,Abono origen: 1811 | Venta origen: 2487
credit-payment:1812,credit-note:2481,2026-07-10 00:08:39,3550,EFECTIVO,MIG-JM-ABONO-1812,Abono origen: 1812 | Venta origen: 2481
credit-payment:1813,credit-note:2468,2026-07-10 00:08:46,3550,EFECTIVO,MIG-JM-ABONO-1813,Abono origen: 1813 | Venta origen: 2468
credit-payment:1814,credit-note:2453,2026-07-10 00:08:53,3550,EFECTIVO,MIG-JM-ABONO-1814,Abono origen: 1814 | Venta origen: 2453
credit-payment:1815,credit-note:2452,2026-07-10 00:09:00,3550,EFECTIVO,MIG-JM-ABONO-1815,Abono origen: 1815 | Venta origen: 2452
credit-payment:1816,credit-note:2435,2026-07-10 00:09:08,3550,EFECTIVO,MIG-JM-ABONO-1816,Abono origen: 1816 | Venta origen: 2435
credit-payment:1817,credit-note:2429,2026-07-10 00:09:16,3550,EFECTIVO,MIG-JM-ABONO-1817,Abono origen: 1817 | Venta origen: 2429
credit-payment:1818,credit-note:2407,2026-07-10 00:09:23,330,EFECTIVO,MIG-JM-ABONO-1818,Abono origen: 1818 | Venta origen: 2407
credit-payment:1819,credit-note:2406,2026-07-10 00:09:30,3550,EFECTIVO,MIG-JM-ABONO-1819,Abono origen: 1819 | Venta origen: 2406
credit-payment:1820,credit-note:2364,2026-07-10 00:09:39,3550,EFECTIVO,MIG-JM-ABONO-1820,Abono origen: 1820 | Venta origen: 2364
credit-payment:1821,credit-note:2360,2026-07-10 00:09:46,8710,EFECTIVO,MIG-JM-ABONO-1821,Abono origen: 1821 | Venta origen: 2360
credit-payment:1822,credit-note:2336,2026-07-10 00:09:54,3550,EFECTIVO,MIG-JM-ABONO-1822,Abono origen: 1822 | Venta origen: 2336
credit-payment:1823,credit-note:2324,2026-07-10 00:10:01,3900,EFECTIVO,MIG-JM-ABONO-1823,Abono origen: 1823 | Venta origen: 2324
credit-payment:1824,credit-note:2276,2026-07-10 00:10:16,3550,EFECTIVO,MIG-JM-ABONO-1824,Abono origen: 1824 | Venta origen: 2276
credit-payment:1825,credit-note:2576,2026-07-10 15:40:31,530,EFECTIVO,MIG-JM-ABONO-1825,Abono origen: 1825 | Venta origen: 2576
credit-payment:1826,credit-note:2579,2026-07-10 18:44:51,600,EFECTIVO,MIG-JM-ABONO-1826,Abono origen: 1826 | Venta origen: 2579
credit-payment:1827,credit-note:2573,2026-07-10 23:38:45,5175,EFECTIVO,MIG-JM-ABONO-1827,Abono origen: 1827 | Venta origen: 2573
credit-payment:1828,credit-note:2567,2026-07-10 23:39:18,1295.5,EFECTIVO,MIG-JM-ABONO-1828,Abono origen: 1828 | Venta origen: 2567
credit-payment:1829,credit-note:2544,2026-07-10 23:39:26,2145,EFECTIVO,MIG-JM-ABONO-1829,Abono origen: 1829 | Venta origen: 2544
credit-payment:1830,credit-note:2582,2026-07-11 15:14:27,8912,EFECTIVO,MIG-JM-ABONO-1830,Abono origen: 1830 | Venta origen: 2582
credit-payment:1831,credit-note:2575,2026-07-11 18:05:54,900,EFECTIVO,MIG-JM-ABONO-1831,Abono origen: 1831 | Venta origen: 2575
credit-payment:1832,credit-note:2526,2026-07-11 18:06:07,3780,EFECTIVO,MIG-JM-ABONO-1832,Abono origen: 1832 | Venta origen: 2526
credit-payment:1833,credit-note:2557,2026-07-11 18:06:22,1200,EFECTIVO,MIG-JM-ABONO-1833,Abono origen: 1833 | Venta origen: 2557
credit-payment:1834,credit-note:2566,2026-07-11 18:06:33,3450,EFECTIVO,MIG-JM-ABONO-1834,Abono origen: 1834 | Venta origen: 2566
credit-payment:1835,credit-note:2572,2026-07-13 21:35:04,4650,EFECTIVO,MIG-JM-ABONO-1835,Abono origen: 1835 | Venta origen: 2572
credit-payment:1836,credit-note:2444,2026-07-14 19:51:49,1080,EFECTIVO,MIG-JM-ABONO-1836,Abono origen: 1836 | Venta origen: 2444
credit-payment:1837,credit-note:2473,2026-07-14 19:51:56,6500,EFECTIVO,MIG-JM-ABONO-1837,Abono origen: 1837 | Venta origen: 2473
credit-payment:1838,credit-note:2516,2026-07-14 19:52:04,4650,EFECTIVO,MIG-JM-ABONO-1838,Abono origen: 1838 | Venta origen: 2516
credit-payment:1839,credit-note:2366,2026-07-14 19:52:13,6300,EFECTIVO,MIG-JM-ABONO-1839,Abono origen: 1839 | Venta origen: 2366
credit-payment:1840,credit-note:2398,2026-07-14 19:52:19,4750,EFECTIVO,MIG-JM-ABONO-1840,Abono origen: 1840 | Venta origen: 2398
credit-payment:1841,credit-note:2442,2026-07-14 19:52:28,5725,EFECTIVO,MIG-JM-ABONO-1841,Abono origen: 1841 | Venta origen: 2442
credit-payment:1842,credit-note:2570,2026-07-14 19:52:34,2375,EFECTIVO,MIG-JM-ABONO-1842,Abono origen: 1842 | Venta origen: 2570
credit-payment:1843,credit-note:2595,2026-07-15 13:27:38,1068,EFECTIVO,MIG-JM-ABONO-1843,Abono origen: 1843 | Venta origen: 2595
credit-payment:1844,credit-note:2436,2026-07-15 13:30:50,5611,EFECTIVO,MIG-JM-ABONO-1844,Abono origen: 1844 | Venta origen: 2436 | Forma pago origen: e
credit-payment:1845,credit-note:2044,2026-07-15 13:31:08,16000,EFECTIVO,MIG-JM-ABONO-1845,Abono origen: 1845 | Venta origen: 2044
credit-payment:1846,credit-note:2051,2026-07-15 13:31:15,6925,EFECTIVO,MIG-JM-ABONO-1846,Abono origen: 1846 | Venta origen: 2051
credit-payment:1847,credit-note:2079,2026-07-15 13:31:22,16000,EFECTIVO,MIG-JM-ABONO-1847,Abono origen: 1847 | Venta origen: 2079
credit-payment:1848,credit-note:2116,2026-07-15 13:31:28,24000,EFECTIVO,MIG-JM-ABONO-1848,Abono origen: 1848 | Venta origen: 2116
credit-payment:1849,credit-note:2117,2026-07-15 13:31:35,660,EFECTIVO,MIG-JM-ABONO-1849,Abono origen: 1849 | Venta origen: 2117
credit-payment:1850,credit-note:2160,2026-07-15 13:31:41,3780,EFECTIVO,MIG-JM-ABONO-1850,Abono origen: 1850 | Venta origen: 2160
credit-payment:1851,credit-note:2184,2026-07-15 13:31:48,11452,EFECTIVO,MIG-JM-ABONO-1851,Abono origen: 1851 | Venta origen: 2184
credit-payment:1852,credit-note:2203,2026-07-15 13:31:58,22000,EFECTIVO,MIG-JM-ABONO-1852,Abono origen: 1852 | Venta origen: 2203
credit-payment:1853,credit-note:2426,2026-07-15 13:32:15,4000,EFECTIVO,MIG-JM-ABONO-1853,Abono origen: 1853 | Venta origen: 2426
credit-payment:1854,credit-note:2389,2026-07-15 13:32:24,24024,EFECTIVO,MIG-JM-ABONO-1854,Abono origen: 1854 | Venta origen: 2389
credit-payment:1855,credit-note:2251,2026-07-15 13:32:34,4550,EFECTIVO,MIG-JM-ABONO-1855,Abono origen: 1855 | Venta origen: 2251
credit-payment:1856,credit-note:2265,2026-07-15 13:32:42,8008,EFECTIVO,MIG-JM-ABONO-1856,Abono origen: 1856 | Venta origen: 2265
credit-payment:1857,credit-note:2271,2026-07-15 13:32:56,14400,EFECTIVO,MIG-JM-ABONO-1857,Abono origen: 1857 | Venta origen: 2271
credit-payment:1858,credit-note:2280,2026-07-15 13:33:04,2400,EFECTIVO,MIG-JM-ABONO-1858,Abono origen: 1858 | Venta origen: 2280
credit-payment:1859,credit-note:2316,2026-07-15 13:33:12,9350,EFECTIVO,MIG-JM-ABONO-1859,Abono origen: 1859 | Venta origen: 2316
credit-payment:1860,credit-note:2357,2026-07-15 13:33:23,16000,EFECTIVO,MIG-JM-ABONO-1860,Abono origen: 1860 | Venta origen: 2357
credit-payment:1861,credit-note:2390,2026-07-15 17:25:24,8700,EFECTIVO,MIG-JM-ABONO-1861,Abono origen: 1861 | Venta origen: 2390
credit-payment:1862,credit-note:2439,2026-07-15 17:25:33,8700,EFECTIVO,MIG-JM-ABONO-1862,Abono origen: 1862 | Venta origen: 2439
credit-payment:1863,credit-note:2469,2026-07-15 17:25:38,8700,EFECTIVO,MIG-JM-ABONO-1863,Abono origen: 1863 | Venta origen: 2469
credit-payment:1864,credit-note:2474,2026-07-15 17:25:55,8700,EFECTIVO,MIG-JM-ABONO-1864,Abono origen: 1864 | Venta origen: 2474
credit-payment:1865,credit-note:2486,2026-07-15 17:26:01,8700,EFECTIVO,MIG-JM-ABONO-1865,Abono origen: 1865 | Venta origen: 2486
credit-payment:1866,credit-note:2555,2026-07-16 17:48:58,2200,EFECTIVO,MIG-JM-ABONO-1866,Abono origen: 1866 | Venta origen: 2555
credit-payment:1867,credit-note:2593,2026-07-17 20:30:42,1901,EFECTIVO,MIG-JM-ABONO-1867,Abono origen: 1867 | Venta origen: 2593
credit-payment:1868,credit-note:2611,2026-07-17 20:30:50,5320,EFECTIVO,MIG-JM-ABONO-1868,Abono origen: 1868 | Venta origen: 2611
credit-payment:1869,credit-note:2585,2026-07-17 20:49:43,6983,EFECTIVO,MIG-JM-ABONO-1869,Abono origen: 1869 | Venta origen: 2585
credit-payment:1870,credit-note:2617,2026-07-18 17:06:38,10200,EFECTIVO,MIG-JM-ABONO-1870,Abono origen: 1870 | Venta origen: 2617
credit-payment:1871,credit-note:2395,2026-07-18 17:07:15,3460,EFECTIVO,MIG-JM-ABONO-1871,Abono origen: 1871 | Venta origen: 2395
credit-payment:1872,credit-note:2456,2026-07-18 17:07:31,530,EFECTIVO,MIG-JM-ABONO-1872,Abono origen: 1872 | Venta origen: 2456
credit-payment:1873,credit-note:2457,2026-07-18 17:07:49,530,EFECTIVO,MIG-JM-ABONO-1873,Abono origen: 1873 | Venta origen: 2457
credit-payment:1874,credit-note:2497,2026-07-18 17:08:11,4200,EFECTIVO,MIG-JM-ABONO-1874,Abono origen: 1874 | Venta origen: 2497
credit-payment:1875,credit-note:2594,2026-07-18 17:08:22,1232,EFECTIVO,MIG-JM-ABONO-1875,Abono origen: 1875 | Venta origen: 2594
credit-payment:1876,credit-note:2607,2026-07-18 17:08:31,403,EFECTIVO,MIG-JM-ABONO-1876,Abono origen: 1876 | Venta origen: 2607
credit-payment:1877,credit-note:2626,2026-07-18 17:49:21,2400,EFECTIVO,MIG-JM-ABONO-1877,Abono origen: 1877 | Venta origen: 2626
credit-payment:1878,credit-note:2563,2026-07-18 17:54:54,4200,EFECTIVO,MIG-JM-ABONO-1878,Abono origen: 1878 | Venta origen: 2563
credit-payment:1879,credit-note:859,2026-07-20 19:03:57,4470,EFECTIVO,MIG-JM-ABONO-1879,Abono origen: 1879 | Venta origen: 859
credit-payment:1880,credit-note:2597,2026-07-20 21:37:41,1612,EFECTIVO,MIG-JM-ABONO-1880,Abono origen: 1880 | Venta origen: 2597
credit-payment:1881,credit-note:2568,2026-07-20 21:37:47,57,EFECTIVO,MIG-JM-ABONO-1881,Abono origen: 1881 | Venta origen: 2568
credit-payment:1882,credit-note:2546,2026-07-22 23:00:02,6633,TARJETA,MIG-JM-ABONO-1882,Abono origen: 1882 | Venta origen: 2546 | Forma pago origen: t
credit-payment:1883,credit-note:2448,2026-07-22 23:00:11,3900,EFECTIVO,MIG-JM-ABONO-1883,Abono origen: 1883 | Venta origen: 2448
credit-payment:1884,credit-note:2545,2026-07-22 23:00:20,2400,EFECTIVO,MIG-JM-ABONO-1884,Abono origen: 1884 | Venta origen: 2545
credit-payment:1885,credit-note:2393,2026-07-22 23:00:27,2100,EFECTIVO,MIG-JM-ABONO-1885,Abono origen: 1885 | Venta origen: 2393
credit-payment:1886,credit-note:1847,2026-07-24 16:53:04,4740,EFECTIVO,MIG-JM-ABONO-1886,Abono origen: 1886 | Venta origen: 1847
credit-payment:1887,credit-note:2098,2026-07-24 16:53:36,3173,EFECTIVO,MIG-JM-ABONO-1887,Abono origen: 1887 | Venta origen: 2098
credit-payment:1888,credit-note:2090,2026-07-24 16:54:04,712,EFECTIVO,MIG-JM-ABONO-1888,Abono origen: 1888 | Venta origen: 2090
credit-payment:1889,credit-note:2635,2026-07-27 14:28:21,600,EFECTIVO,MIG-JM-ABONO-1889,Abono origen: 1889 | Venta origen: 2635
credit-payment:1890,credit-note:2599,2026-07-27 14:28:32,1500,EFECTIVO,MIG-JM-ABONO-1890,Abono origen: 1890 | Venta origen: 2599
credit-payment:1891,credit-note:2656,2026-07-27 14:30:33,600,EFECTIVO,MIG-JM-ABONO-1891,Abono origen: 1891 | Venta origen: 2656
credit-payment:1892,credit-note:2641,2026-07-27 14:34:39,4816,EFECTIVO,MIG-JM-ABONO-1892,Abono origen: 1892 | Venta origen: 2641
credit-payment:1893,credit-note:2279,2026-07-27 14:36:45,2860,EFECTIVO,MIG-JM-ABONO-1893,Abono origen: 1893 | Venta origen: 2279
credit-payment:1894,credit-note:2215,2026-07-27 14:37:07,1396,EFECTIVO,MIG-JM-ABONO-1894,Abono origen: 1894 | Venta origen: 2215
credit-payment:1895,credit-note:2322,2026-07-27 14:37:19,65,EFECTIVO,MIG-JM-ABONO-1895,Abono origen: 1895 | Venta origen: 2322
credit-payment:1896,credit-note:2639,2026-07-27 15:13:02,6850,EFECTIVO,MIG-JM-ABONO-1896,Abono origen: 1896 | Venta origen: 2639
credit-payment:1897,credit-note:2669,2026-07-27 15:13:08,5160,EFECTIVO,MIG-JM-ABONO-1897,Abono origen: 1897 | Venta origen: 2669
credit-payment:1898,credit-note:2634,2026-07-27 20:44:44,225,EFECTIVO,MIG-JM-ABONO-1898,Abono origen: 1898 | Venta origen: 2634
credit-payment:1899,credit-note:2633,2026-07-27 20:44:50,2530,EFECTIVO,MIG-JM-ABONO-1899,Abono origen: 1899 | Venta origen: 2633
credit-payment:1900,credit-note:2590,2026-07-27 20:44:57,2825,EFECTIVO,MIG-JM-ABONO-1900,Abono origen: 1900 | Venta origen: 2590
credit-payment:1901,credit-note:2666,2026-07-29 19:49:16,2754,EFECTIVO,MIG-JM-ABONO-1901,Abono origen: 1901 | Venta origen: 2666
credit-payment:1902,credit-note:2623,2026-07-29 19:49:46,8259,EFECTIVO,MIG-JM-ABONO-1902,Abono origen: 1902 | Venta origen: 2623
credit-payment:1903,credit-note:2663,2026-07-29 19:50:00,3637,EFECTIVO,MIG-JM-ABONO-1903,Abono origen: 1903 | Venta origen: 2663
credit-payment:1904,credit-note:2643,2026-07-29 19:57:25,4360,EFECTIVO,MIG-JM-ABONO-1904,Abono origen: 1904 | Venta origen: 2643
credit-payment:1905,credit-note:2224,2026-07-29 20:36:07,7840,EFECTIVO,MIG-JM-ABONO-1905,Abono origen: 1905 | Venta origen: 2224 | Forma pago origen: e
credit-payment:1906,credit-note:2210,2026-07-29 20:36:17,22640,EFECTIVO,MIG-JM-ABONO-1906,Abono origen: 1906 | Venta origen: 2210
credit-payment:1907,credit-note:2194,2026-07-29 20:36:25,3230,EFECTIVO,MIG-JM-ABONO-1907,Abono origen: 1907 | Venta origen: 2194
credit-payment:1908,credit-note:2182,2026-07-29 20:36:35,22640,EFECTIVO,MIG-JM-ABONO-1908,Abono origen: 1908 | Venta origen: 2182
credit-payment:1909,credit-note:2181,2026-07-29 20:36:46,45280,EFECTIVO,MIG-JM-ABONO-1909,Abono origen: 1909 | Venta origen: 2181
credit-payment:1910,credit-note:2177,2026-07-29 20:36:53,2450,EFECTIVO,MIG-JM-ABONO-1910,Abono origen: 1910 | Venta origen: 2177
credit-payment:1911,credit-note:2175,2026-07-29 20:37:43,34490,EFECTIVO,MIG-JM-ABONO-1911,Abono origen: 1911 | Venta origen: 2175
credit-payment:1912,credit-note:2172,2026-07-29 20:38:07,16325,EFECTIVO,MIG-JM-ABONO-1912,Abono origen: 1912 | Venta origen: 2172
credit-payment:1913,credit-note:2145,2026-07-29 20:38:24,16500,EFECTIVO,MIG-JM-ABONO-1913,Abono origen: 1913 | Venta origen: 2145
credit-payment:1914,credit-note:2144,2026-07-29 20:38:33,22600,EFECTIVO,MIG-JM-ABONO-1914,Abono origen: 1914 | Venta origen: 2144
credit-payment:1915,credit-note:2142,2026-07-29 20:38:39,1930,EFECTIVO,MIG-JM-ABONO-1915,Abono origen: 1915 | Venta origen: 2142
credit-payment:1916,credit-note:2141,2026-07-29 20:38:47,1750,EFECTIVO,MIG-JM-ABONO-1916,Abono origen: 1916 | Venta origen: 2141
credit-payment:1917,credit-note:2140,2026-07-29 20:38:54,5800,EFECTIVO,MIG-JM-ABONO-1917,Abono origen: 1917 | Venta origen: 2140
credit-payment:1918,credit-note:2139,2026-07-29 20:39:00,5300,EFECTIVO,MIG-JM-ABONO-1918,Abono origen: 1918 | Venta origen: 2139
credit-payment:1919,credit-note:2130,2026-07-29 20:39:08,16000,EFECTIVO,MIG-JM-ABONO-1919,Abono origen: 1919 | Venta origen: 2130
credit-payment:1920,credit-note:2123,2026-07-29 20:39:16,11800,EFECTIVO,MIG-JM-ABONO-1920,Abono origen: 1920 | Venta origen: 2123
credit-payment:1921,credit-note:2113,2026-07-29 20:39:23,1780,EFECTIVO,MIG-JM-ABONO-1921,Abono origen: 1921 | Venta origen: 2113
credit-payment:1922,credit-note:2103,2026-07-29 20:39:31,18025,EFECTIVO,MIG-JM-ABONO-1922,Abono origen: 1922 | Venta origen: 2103
credit-payment:1923,credit-note:2085,2026-07-29 20:39:46,29340,EFECTIVO,MIG-JM-ABONO-1923,Abono origen: 1923 | Venta origen: 2085
credit-payment:1924,credit-note:2640,2026-07-29 20:42:06,4230,EFECTIVO,MIG-JM-ABONO-1924,Abono origen: 1924 | Venta origen: 2640
credit-payment:1925,credit-note:2681,2026-07-29 20:45:36,200,EFECTIVO,MIG-JM-ABONO-1925,Abono origen: 1925 | Venta origen: 2681
credit-payment:1926,credit-note:2176,2026-07-29 20:49:08,45280,EFECTIVO,MIG-JM-ABONO-1926,Abono origen: 1926 | Venta origen: 2176
credit-payment:1927,credit-note:2692,2026-07-30 13:43:16,240,EFECTIVO,MIG-JM-ABONO-1927,Abono origen: 1927 | Venta origen: 2692
credit-payment:1928,credit-note:2691,2026-07-30 13:43:27,600,EFECTIVO,MIG-JM-ABONO-1928,Abono origen: 1928 | Venta origen: 2691
credit-payment:1929,credit-note:2682,2026-07-30 13:43:47,1660,EFECTIVO,MIG-JM-ABONO-1929,Abono origen: 1929 | Venta origen: 2682
credit-payment:1930,credit-note:2684,2026-07-30 17:53:00,7980,EFECTIVO,MIG-JM-ABONO-1930,Abono origen: 1930 | Venta origen: 2684
credit-payment:1931,credit-note:2670,2026-07-30 17:53:04,3780,EFECTIVO,MIG-JM-ABONO-1931,Abono origen: 1931 | Venta origen: 2670
credit-payment:1932,credit-note:2676,2026-07-31 23:21:06,8250,EFECTIVO,MIG-JM-ABONO-1932,Abono origen: 1932 | Venta origen: 2676
credit-payment:1933,credit-note:2711,2026-07-31 23:21:14,5250,EFECTIVO,MIG-JM-ABONO-1933,Abono origen: 1933 | Venta origen: 2711
credit-payment:1934,credit-note:2686,2026-07-31 23:21:20,2280,EFECTIVO,MIG-JM-ABONO-1934,Abono origen: 1934 | Venta origen: 2686
credit-payment:1935,credit-note:2703,2026-07-31 23:21:26,8250,EFECTIVO,MIG-JM-ABONO-1935,Abono origen: 1935 | Venta origen: 2703
credit-payment:1936,credit-note:2648,2026-07-31 23:24:42,5480,EFECTIVO,MIG-JM-ABONO-1936,Abono origen: 1936 | Venta origen: 2648
credit-payment:1937,credit-note:2306,2026-08-03 15:02:07,2000,EFECTIVO,MIG-JM-ABONO-1937,Abono origen: 1937 | Venta origen: 2306
credit-payment:1938,credit-note:2550,2026-08-03 15:02:29,660,EFECTIVO,MIG-JM-ABONO-1938,Abono origen: 1938 | Venta origen: 2550
credit-payment:1939,credit-note:2619,2026-08-03 15:02:36,6240,EFECTIVO,MIG-JM-ABONO-1939,Abono origen: 1939 | Venta origen: 2619
credit-payment:1940,credit-note:2546,2026-08-03 15:02:41,847,EFECTIVO,MIG-JM-ABONO-1940,Abono origen: 1940 | Venta origen: 2546
credit-payment:1941,credit-note:2598,2026-08-03 19:31:59,4500,EFECTIVO,MIG-JM-ABONO-1941,Abono origen: 1941 | Venta origen: 2598
credit-payment:1942,credit-note:2586,2026-08-03 19:32:09,8700,EFECTIVO,MIG-JM-ABONO-1942,Abono origen: 1942 | Venta origen: 2586
credit-payment:1943,credit-note:2679,2026-08-03 19:32:22,4350,EFECTIVO,MIG-JM-ABONO-1943,Abono origen: 1943 | Venta origen: 2679
credit-payment:1944,credit-note:2678,2026-08-03 19:32:30,4500,EFECTIVO,MIG-JM-ABONO-1944,Abono origen: 1944 | Venta origen: 2678
credit-payment:1945,credit-note:2667,2026-08-03 19:32:38,4025,EFECTIVO,MIG-JM-ABONO-1945,Abono origen: 1945 | Venta origen: 2667
credit-payment:1946,credit-note:2671,2026-08-03 19:32:46,1775,EFECTIVO,MIG-JM-ABONO-1946,Abono origen: 1946 | Venta origen: 2671
credit-payment:1947,credit-note:2653,2026-08-03 19:32:56,3450,EFECTIVO,MIG-JM-ABONO-1947,Abono origen: 1947 | Venta origen: 2653
credit-payment:1948,credit-note:2645,2026-08-03 19:33:05,1775,EFECTIVO,MIG-JM-ABONO-1948,Abono origen: 1948 | Venta origen: 2645
credit-payment:1949,credit-note:2644,2026-08-03 19:33:13,7600,EFECTIVO,MIG-JM-ABONO-1949,Abono origen: 1949 | Venta origen: 2644
credit-payment:1950,credit-note:2631,2026-08-03 19:33:20,4500,EFECTIVO,MIG-JM-ABONO-1950,Abono origen: 1950 | Venta origen: 2631
credit-payment:1951,credit-note:2630,2026-08-03 19:33:29,3550,EFECTIVO,MIG-JM-ABONO-1951,Abono origen: 1951 | Venta origen: 2630
credit-payment:1952,credit-note:2622,2026-08-03 19:33:37,3550,EFECTIVO,MIG-JM-ABONO-1952,Abono origen: 1952 | Venta origen: 2622
credit-payment:1953,credit-note:2613,2026-08-03 19:33:46,8050,EFECTIVO,MIG-JM-ABONO-1953,Abono origen: 1953 | Venta origen: 2613
credit-payment:1954,credit-note:2596,2026-08-03 19:33:56,6150,EFECTIVO,MIG-JM-ABONO-1954,Abono origen: 1954 | Venta origen: 2596
credit-payment:1955,credit-note:2592,2026-08-03 19:34:03,3550,EFECTIVO,MIG-JM-ABONO-1955,Abono origen: 1955 | Venta origen: 2592
credit-payment:1956,credit-note:2580,2026-08-03 19:34:19,3550,EFECTIVO,MIG-JM-ABONO-1956,Abono origen: 1956 | Venta origen: 2580
credit-payment:1957,credit-note:2569,2026-08-03 19:34:27,3550,EFECTIVO,MIG-JM-ABONO-1957,Abono origen: 1957 | Venta origen: 2569
credit-payment:1958,credit-note:2556,2026-08-03 19:34:34,3550,EFECTIVO,MIG-JM-ABONO-1958,Abono origen: 1958 | Venta origen: 2556
credit-payment:1959,credit-note:2539,2026-08-03 19:34:45,3550,EFECTIVO,MIG-JM-ABONO-1959,Abono origen: 1959 | Venta origen: 2539
credit-payment:1960,credit-note:2528,2026-08-03 19:34:53,10550,EFECTIVO,MIG-JM-ABONO-1960,Abono origen: 1960 | Venta origen: 2528
credit-payment:1961,credit-note:2637,2026-08-03 19:35:02,1960,EFECTIVO,MIG-JM-ABONO-1961,Abono origen: 1961 | Venta origen: 2637
credit-payment:1962,credit-note:2685,2026-08-03 19:37:54,5700,EFECTIVO,MIG-JM-ABONO-1962,Abono origen: 1962 | Venta origen: 2685
credit-payment:1963,credit-note:2728,2026-08-03 22:25:29,1844,EFECTIVO,MIG-JM-ABONO-1963,Abono origen: 1963 | Venta origen: 2728
credit-payment:1964,credit-note:2659,2026-08-03 22:25:35,238,EFECTIVO,MIG-JM-ABONO-1964,Abono origen: 1964 | Venta origen: 2659
credit-payment:1965,credit-note:2591,2026-08-04 15:06:35,525,EFECTIVO,MIG-JM-ABONO-1965,Abono origen: 1965 | Venta origen: 2591
credit-payment:1966,credit-note:2451,2026-08-04 15:06:45,2400,EFECTIVO,MIG-JM-ABONO-1966,Abono origen: 1966 | Venta origen: 2451
credit-payment:1967,credit-note:2608,2026-08-04 15:06:52,960,EFECTIVO,MIG-JM-ABONO-1967,Abono origen: 1967 | Venta origen: 2608
credit-payment:1968,credit-note:2534,2026-08-04 15:06:58,1200,EFECTIVO,MIG-JM-ABONO-1968,Abono origen: 1968 | Venta origen: 2534
credit-payment:1969,credit-note:2446,2026-08-04 21:25:57,7915,EFECTIVO,MIG-JM-ABONO-1969,Abono origen: 1969 | Venta origen: 2446
credit-payment:1970,credit-note:2242,2026-08-04 21:26:50,5300,EFECTIVO,MIG-JM-ABONO-1970,Abono origen: 1970 | Venta origen: 2242
credit-payment:1971,credit-note:2224,2026-08-04 21:26:57,360,EFECTIVO,MIG-JM-ABONO-1971,Abono origen: 1971 | Venta origen: 2224
credit-payment:1972,credit-note:2377,2026-08-04 21:27:04,13617.5,EFECTIVO,MIG-JM-ABONO-1972,Abono origen: 1972 | Venta origen: 2377
credit-payment:1973,credit-note:2320,2026-08-04 21:27:13,14850,EFECTIVO,MIG-JM-ABONO-1973,Abono origen: 1973 | Venta origen: 2320
credit-payment:1974,credit-note:2255,2026-08-04 21:27:22,4687,EFECTIVO,MIG-JM-ABONO-1974,Abono origen: 1974 | Venta origen: 2255
credit-payment:1975,credit-note:2328,2026-08-04 21:27:41,3230,EFECTIVO,MIG-JM-ABONO-1975,Abono origen: 1975 | Venta origen: 2328
credit-payment:1976,credit-note:2254,2026-08-04 21:28:01,8200,EFECTIVO,MIG-JM-ABONO-1976,Abono origen: 1976 | Venta origen: 2254
credit-payment:1977,credit-note:2376,2026-08-04 21:28:14,8200,EFECTIVO,MIG-JM-ABONO-1977,Abono origen: 1977 | Venta origen: 2376
credit-payment:1978,credit-note:2718,2026-08-04 21:40:06,2880,EFECTIVO,MIG-JM-ABONO-1978,Abono origen: 1978 | Venta origen: 2718
credit-payment:1979,credit-note:2725,2026-08-04 21:40:13,1080,EFECTIVO,MIG-JM-ABONO-1979,Abono origen: 1979 | Venta origen: 2725
credit-payment:1980,credit-note:2710,2026-08-04 21:40:19,2160,EFECTIVO,MIG-JM-ABONO-1980,Abono origen: 1980 | Venta origen: 2710
credit-payment:1981,credit-note:2745,2026-08-05 21:14:37,240,EFECTIVO,MIG-JM-ABONO-1981,Abono origen: 1981 | Venta origen: 2745
credit-payment:1982,credit-note:2724,2026-08-05 21:19:03,2190,EFECTIVO,MIG-JM-ABONO-1982,Abono origen: 1982 | Venta origen: 2724
credit-payment:1983,credit-note:2719,2026-08-05 21:19:28,92,EFECTIVO,MIG-JM-ABONO-1983,Abono origen: 1983 | Venta origen: 2719
credit-payment:1984,credit-note:2624,2026-08-05 21:19:56,32,EFECTIVO,MIG-JM-ABONO-1984,Abono origen: 1984 | Venta origen: 2624
credit-payment:1985,credit-note:2353,2026-08-07 14:11:21,1092,EFECTIVO,MIG-JM-ABONO-1985,Abono origen: 1985 | Venta origen: 2353
credit-payment:1986,credit-note:2754,2026-08-07 17:55:02,2100,EFECTIVO,MIG-JM-ABONO-1986,Abono origen: 1986 | Venta origen: 2754
credit-payment:1987,credit-note:2574,2026-08-07 19:15:34,2400,EFECTIVO,MIG-JM-ABONO-1987,Abono origen: 1987 | Venta origen: 2574
credit-payment:1988,credit-note:2717,2026-08-07 19:19:12,13500,EFECTIVO,MIG-JM-ABONO-1988,Abono origen: 1988 | Venta origen: 2717
credit-payment:1989,credit-note:2756,2026-08-07 20:03:01,12000,EFECTIVO,MIG-JM-ABONO-1989,Abono origen: 1989 | Venta origen: 2756
credit-payment:1990,credit-note:2733,2026-08-07 20:12:06,486,EFECTIVO,MIG-JM-ABONO-1990,Abono origen: 1990 | Venta origen: 2733
credit-payment:1991,credit-note:2734,2026-08-07 20:12:15,27,EFECTIVO,MIG-JM-ABONO-1991,Abono origen: 1991 | Venta origen: 2734
credit-payment:1992,credit-note:2472,2026-08-07 21:11:42,170,EFECTIVO,MIG-JM-ABONO-1992,Abono origen: 1992 | Venta origen: 2472
credit-payment:1993,credit-note:2683,2026-08-07 21:11:49,120,EFECTIVO,MIG-JM-ABONO-1993,Abono origen: 1993 | Venta origen: 2683
credit-payment:1994,credit-note:2466,2026-08-07 21:11:55,2900,EFECTIVO,MIG-JM-ABONO-1994,Abono origen: 1994 | Venta origen: 2466
credit-payment:1995,credit-note:2351,2026-08-10 15:00:54,1201,EFECTIVO,MIG-JM-ABONO-1995,Abono origen: 1995 | Venta origen: 2351
credit-payment:1996,credit-note:2742,2026-08-10 15:58:54,4600,EFECTIVO,MIG-JM-ABONO-1996,Abono origen: 1996 | Venta origen: 2742
credit-payment:1997,credit-note:2680,2026-08-10 15:59:01,4600,EFECTIVO,MIG-JM-ABONO-1997,Abono origen: 1997 | Venta origen: 2680
credit-payment:1998,credit-note:2604,2026-08-10 15:59:07,4600,EFECTIVO,MIG-JM-ABONO-1998,Abono origen: 1998 | Venta origen: 2604
credit-payment:1999,credit-note:1793,2026-08-11 22:17:27,32346,EFECTIVO,MIG-JM-ABONO-1999,Abono origen: 1999 | Venta origen: 1793 | Forma pago origen: e
credit-payment:2000,credit-note:1545,2026-08-11 22:17:38,14100,EFECTIVO,MIG-JM-ABONO-2000,Abono origen: 2000 | Venta origen: 1545
credit-payment:2001,credit-note:1595,2026-08-11 22:17:48,10100,EFECTIVO,MIG-JM-ABONO-2001,Abono origen: 2001 | Venta origen: 1595
credit-payment:2002,credit-note:1539,2026-08-11 22:17:56,12357.4,EFECTIVO,MIG-JM-ABONO-2002,Abono origen: 2002 | Venta origen: 1539
credit-payment:2003,credit-note:1523,2026-08-11 22:18:05,4700,EFECTIVO,MIG-JM-ABONO-2003,Abono origen: 2003 | Venta origen: 1523
credit-payment:2004,credit-note:1484,2026-08-11 22:18:12,336,EFECTIVO,MIG-JM-ABONO-2004,Abono origen: 2004 | Venta origen: 1484
credit-payment:2005,credit-note:1432,2026-08-11 22:18:21,7200,EFECTIVO,MIG-JM-ABONO-2005,Abono origen: 2005 | Venta origen: 1432
credit-payment:2006,credit-note:1411,2026-08-11 22:18:29,482,EFECTIVO,MIG-JM-ABONO-2006,Abono origen: 2006 | Venta origen: 1411
credit-payment:2007,credit-note:1391,2026-08-11 22:18:36,12000,EFECTIVO,MIG-JM-ABONO-2007,Abono origen: 2007 | Venta origen: 1391
credit-payment:2008,credit-note:1537,2026-08-11 22:18:57,6379,EFECTIVO,MIG-JM-ABONO-2008,Abono origen: 2008 | Venta origen: 1537
credit-payment:2009,credit-note:2757,2026-08-11 22:25:38,267,EFECTIVO,MIG-JM-ABONO-2009,Abono origen: 2009 | Venta origen: 2757
credit-payment:synthetic:1,credit-note:1,2025-07-08 23:06:09,230,EFECTIVO,MIG-JM-ABONO-SINT-1,Abono sintetico por creditoabonado origen: 230 | Venta origen: 1 | Credito abonado origen: 230
credit-payment:synthetic:5,credit-note:5,2025-07-14 19:30:19,145,EFECTIVO,MIG-JM-ABONO-SINT-5,Abono sintetico por creditoabonado origen: 145 | Venta origen: 5 | Credito abonado origen: 145
credit-payment:synthetic:6,credit-note:6,2025-07-17 18:18:38,2300,EFECTIVO,MIG-JM-ABONO-SINT-6,Abono sintetico por creditoabonado origen: 2300 | Venta origen: 6 | Credito abonado origen: 2300
credit-payment:synthetic:9,credit-note:9,2025-07-23 14:17:42,103,EFECTIVO,MIG-JM-ABONO-SINT-9,Abono sintetico por creditoabonado origen: 103 | Venta origen: 9 | Credito abonado origen: 103
credit-payment:synthetic:10,credit-note:10,2025-07-24 15:03:07,4300,EFECTIVO,MIG-JM-ABONO-SINT-10,Abono sintetico por creditoabonado origen: 4300 | Venta origen: 10 | Credito abonado origen: 4300
credit-payment:synthetic:12,credit-note:12,2025-07-24 18:35:25,45,EFECTIVO,MIG-JM-ABONO-SINT-12,Abono sintetico por creditoabonado origen: 45 | Venta origen: 12 | Credito abonado origen: 45
credit-payment:synthetic:16,credit-note:16,2025-07-28 22:42:17,7,EFECTIVO,MIG-JM-ABONO-SINT-16,Abono sintetico por creditoabonado origen: 7 | Venta origen: 16 | Credito abonado origen: 7
credit-payment:synthetic:19,credit-note:19,2025-07-30 19:54:14,15,EFECTIVO,MIG-JM-ABONO-SINT-19,Abono sintetico por creditoabonado origen: 15 | Venta origen: 19 | Credito abonado origen: 15
credit-payment:synthetic:24,credit-note:24,2025-07-31 18:28:02,2750,EFECTIVO,MIG-JM-ABONO-SINT-24,Abono sintetico por creditoabonado origen: 2750 | Venta origen: 24 | Credito abonado origen: 2750
credit-payment:synthetic:25,credit-note:25,2025-07-31 18:37:55,230,EFECTIVO,MIG-JM-ABONO-SINT-25,Abono sintetico por creditoabonado origen: 230 | Venta origen: 25 | Credito abonado origen: 230
credit-payment:synthetic:30,credit-note:30,2025-08-02 14:47:16,87,EFECTIVO,MIG-JM-ABONO-SINT-30,Abono sintetico por creditoabonado origen: 87 | Venta origen: 30 | Credito abonado origen: 87
credit-payment:synthetic:31,credit-note:31,2025-08-04 22:04:16,466,EFECTIVO,MIG-JM-ABONO-SINT-31,Abono sintetico por creditoabonado origen: 466 | Venta origen: 31 | Credito abonado origen: 466
credit-payment:synthetic:35,credit-note:35,2025-08-06 15:18:44,100,EFECTIVO,MIG-JM-ABONO-SINT-35,Abono sintetico por creditoabonado origen: 100 | Venta origen: 35 | Credito abonado origen: 100
credit-payment:synthetic:38,credit-note:38,2025-08-07 19:31:15,1150,EFECTIVO,MIG-JM-ABONO-SINT-38,Abono sintetico por creditoabonado origen: 1150 | Venta origen: 38 | Credito abonado origen: 1150
credit-payment:synthetic:48,credit-note:48,2025-08-09 16:03:52,23,EFECTIVO,MIG-JM-ABONO-SINT-48,Abono sintetico por creditoabonado origen: 23 | Venta origen: 48 | Credito abonado origen: 23
credit-payment:synthetic:58,credit-note:58,2025-08-12 18:44:11,5,EFECTIVO,MIG-JM-ABONO-SINT-58,Abono sintetico por creditoabonado origen: 5 | Venta origen: 58 | Credito abonado origen: 5
credit-payment:synthetic:67,credit-note:67,2025-08-15 18:06:08,4700,EFECTIVO,MIG-JM-ABONO-SINT-67,Abono sintetico por creditoabonado origen: 4700 | Venta origen: 67 | Credito abonado origen: 4700
credit-payment:synthetic:68,credit-note:68,2025-08-15 20:25:45,62.5,EFECTIVO,MIG-JM-ABONO-SINT-68,Abono sintetico por creditoabonado origen: 62.5 | Venta origen: 68 | Credito abonado origen: 62.5
credit-payment:synthetic:73,credit-note:73,2025-08-16 19:45:06,323,EFECTIVO,MIG-JM-ABONO-SINT-73,Abono sintetico por creditoabonado origen: 323 | Venta origen: 73 | Credito abonado origen: 323
credit-payment:synthetic:74,credit-note:74,2025-08-18 14:56:20,45,EFECTIVO,MIG-JM-ABONO-SINT-74,Abono sintetico por creditoabonado origen: 45 | Venta origen: 74 | Credito abonado origen: 45
credit-payment:synthetic:77,credit-note:77,2025-08-20 16:01:01,380,EFECTIVO,MIG-JM-ABONO-SINT-77,Abono sintetico por creditoabonado origen: 380 | Venta origen: 77 | Credito abonado origen: 380
credit-payment:synthetic:85,credit-note:85,2025-08-22 20:33:53,472,EFECTIVO,MIG-JM-ABONO-SINT-85,Abono sintetico por creditoabonado origen: 472 | Venta origen: 85 | Credito abonado origen: 472
credit-payment:synthetic:86,credit-note:86,2025-08-22 20:39:51,1,EFECTIVO,MIG-JM-ABONO-SINT-86,Abono sintetico por creditoabonado origen: 1 | Venta origen: 86 | Credito abonado origen: 1
credit-payment:synthetic:88,credit-note:88,2025-08-23 17:48:17,33,EFECTIVO,MIG-JM-ABONO-SINT-88,Abono sintetico por creditoabonado origen: 33 | Venta origen: 88 | Credito abonado origen: 33
credit-payment:synthetic:92,credit-note:92,2025-08-25 19:14:32,270,EFECTIVO,MIG-JM-ABONO-SINT-92,Abono sintetico por creditoabonado origen: 270 | Venta origen: 92 | Credito abonado origen: 270
credit-payment:synthetic:95,credit-note:95,2025-08-26 19:17:36,6150,EFECTIVO,MIG-JM-ABONO-SINT-95,Abono sintetico por creditoabonado origen: 6150 | Venta origen: 95 | Credito abonado origen: 6150
credit-payment:synthetic:99,credit-note:99,2025-08-27 14:57:02,118,EFECTIVO,MIG-JM-ABONO-SINT-99,Abono sintetico por creditoabonado origen: 118 | Venta origen: 99 | Credito abonado origen: 118
credit-payment:synthetic:104,credit-note:104,2025-08-29 15:26:38,250,EFECTIVO,MIG-JM-ABONO-SINT-104,Abono sintetico por creditoabonado origen: 250 | Venta origen: 104 | Credito abonado origen: 250
credit-payment:synthetic:112,credit-note:112,2025-09-03 16:40:52,1175,EFECTIVO,MIG-JM-ABONO-SINT-112,Abono sintetico por creditoabonado origen: 1175 | Venta origen: 112 | Credito abonado origen: 1175
credit-payment:synthetic:114,credit-note:114,2025-09-03 20:44:38,1400,EFECTIVO,MIG-JM-ABONO-SINT-114,Abono sintetico por creditoabonado origen: 1400 | Venta origen: 114 | Credito abonado origen: 1400
credit-payment:synthetic:115,credit-note:115,2025-09-03 21:22:49,1175,EFECTIVO,MIG-JM-ABONO-SINT-115,Abono sintetico por creditoabonado origen: 1175 | Venta origen: 115 | Credito abonado origen: 1175
credit-payment:synthetic:119,credit-note:119,2025-09-04 20:37:16,284,EFECTIVO,MIG-JM-ABONO-SINT-119,Abono sintetico por creditoabonado origen: 284 | Venta origen: 119 | Credito abonado origen: 284
credit-payment:synthetic:122,credit-note:122,2025-09-05 15:12:49,1450,EFECTIVO,MIG-JM-ABONO-SINT-122,Abono sintetico por creditoabonado origen: 1450 | Venta origen: 122 | Credito abonado origen: 1450
credit-payment:synthetic:123,credit-note:123,2025-09-05 17:23:53,228,EFECTIVO,MIG-JM-ABONO-SINT-123,Abono sintetico por creditoabonado origen: 228 | Venta origen: 123 | Credito abonado origen: 228
credit-payment:synthetic:124,credit-note:124,2025-09-05 20:03:21,50,EFECTIVO,MIG-JM-ABONO-SINT-124,Abono sintetico por creditoabonado origen: 50 | Venta origen: 124 | Credito abonado origen: 50
credit-payment:synthetic:126,credit-note:126,2025-09-05 22:09:43,590,EFECTIVO,MIG-JM-ABONO-SINT-126,Abono sintetico por creditoabonado origen: 590 | Venta origen: 126 | Credito abonado origen: 590
credit-payment:synthetic:133,credit-note:133,2025-09-08 23:06:16,248,EFECTIVO,MIG-JM-ABONO-SINT-133,Abono sintetico por creditoabonado origen: 248 | Venta origen: 133 | Credito abonado origen: 248
credit-payment:synthetic:134,credit-note:134,2025-09-09 14:38:53,21,EFECTIVO,MIG-JM-ABONO-SINT-134,Abono sintetico por creditoabonado origen: 21 | Venta origen: 134 | Credito abonado origen: 21
credit-payment:synthetic:136,credit-note:136,2025-09-09 17:46:15,1200,EFECTIVO,MIG-JM-ABONO-SINT-136,Abono sintetico por creditoabonado origen: 1200 | Venta origen: 136 | Credito abonado origen: 1200
credit-payment:synthetic:141,credit-note:141,2025-09-10 16:04:38,22,EFECTIVO,MIG-JM-ABONO-SINT-141,Abono sintetico por creditoabonado origen: 22 | Venta origen: 141 | Credito abonado origen: 22
credit-payment:synthetic:146,credit-note:146,2025-09-11 14:53:59,20,EFECTIVO,MIG-JM-ABONO-SINT-146,Abono sintetico por creditoabonado origen: 20 | Venta origen: 146 | Credito abonado origen: 20
credit-payment:synthetic:147,credit-note:147,2025-09-11 15:58:19,20,EFECTIVO,MIG-JM-ABONO-SINT-147,Abono sintetico por creditoabonado origen: 20 | Venta origen: 147 | Credito abonado origen: 20
credit-payment:synthetic:148,credit-note:148,2025-09-11 17:39:20,44,EFECTIVO,MIG-JM-ABONO-SINT-148,Abono sintetico por creditoabonado origen: 44 | Venta origen: 148 | Credito abonado origen: 44
credit-payment:synthetic:150,credit-note:150,2025-09-11 22:37:01,70,EFECTIVO,MIG-JM-ABONO-SINT-150,Abono sintetico por creditoabonado origen: 70 | Venta origen: 150 | Credito abonado origen: 70
credit-payment:synthetic:153,credit-note:153,2025-09-12 14:30:22,115,EFECTIVO,MIG-JM-ABONO-SINT-153,Abono sintetico por creditoabonado origen: 115 | Venta origen: 153 | Credito abonado origen: 115
credit-payment:synthetic:156,credit-note:156,2025-09-12 19:46:32,3,EFECTIVO,MIG-JM-ABONO-SINT-156,Abono sintetico por creditoabonado origen: 3 | Venta origen: 156 | Credito abonado origen: 3
credit-payment:synthetic:157,credit-note:157,2025-09-12 19:54:54,1150,EFECTIVO,MIG-JM-ABONO-SINT-157,Abono sintetico por creditoabonado origen: 1150 | Venta origen: 157 | Credito abonado origen: 1150
credit-payment:synthetic:158,credit-note:158,2025-09-15 15:44:51,45,EFECTIVO,MIG-JM-ABONO-SINT-158,Abono sintetico por creditoabonado origen: 45 | Venta origen: 158 | Credito abonado origen: 45
credit-payment:synthetic:160,credit-note:160,2025-09-15 20:03:16,472,EFECTIVO,MIG-JM-ABONO-SINT-160,Abono sintetico por creditoabonado origen: 472 | Venta origen: 160 | Credito abonado origen: 472
credit-payment:synthetic:161,credit-note:161,2025-09-15 20:10:18,460,EFECTIVO,MIG-JM-ABONO-SINT-161,Abono sintetico por creditoabonado origen: 460 | Venta origen: 161 | Credito abonado origen: 460
credit-payment:synthetic:167,credit-note:167,2025-09-17 20:37:05,50,EFECTIVO,MIG-JM-ABONO-SINT-167,Abono sintetico por creditoabonado origen: 50 | Venta origen: 167 | Credito abonado origen: 50
credit-payment:synthetic:168,credit-note:168,2025-09-17 20:41:40,50,EFECTIVO,MIG-JM-ABONO-SINT-168,Abono sintetico por creditoabonado origen: 50 | Venta origen: 168 | Credito abonado origen: 50
credit-payment:synthetic:175,credit-note:175,2025-09-18 20:28:39,185,EFECTIVO,MIG-JM-ABONO-SINT-175,Abono sintetico por creditoabonado origen: 185 | Venta origen: 175 | Credito abonado origen: 185
credit-payment:synthetic:177,credit-note:177,2025-09-19 17:19:54,14,EFECTIVO,MIG-JM-ABONO-SINT-177,Abono sintetico por creditoabonado origen: 14 | Venta origen: 177 | Credito abonado origen: 14
credit-payment:synthetic:203,credit-note:203,2025-09-23 19:02:29,4200,EFECTIVO,MIG-JM-ABONO-SINT-203,Abono sintetico por creditoabonado origen: 4200 | Venta origen: 203 | Credito abonado origen: 4200
credit-payment:synthetic:205,credit-note:205,2025-09-23 22:05:00,2,EFECTIVO,MIG-JM-ABONO-SINT-205,Abono sintetico por creditoabonado origen: 2 | Venta origen: 205 | Credito abonado origen: 2
credit-payment:synthetic:206,credit-note:206,2025-09-23 22:26:07,2,EFECTIVO,MIG-JM-ABONO-SINT-206,Abono sintetico por creditoabonado origen: 2 | Venta origen: 206 | Credito abonado origen: 2
credit-payment:synthetic:217,credit-note:217,2025-09-26 15:55:05,170,EFECTIVO,MIG-JM-ABONO-SINT-217,Abono sintetico por creditoabonado origen: 170 | Venta origen: 217 | Credito abonado origen: 170
credit-payment:synthetic:218,credit-note:218,2025-09-26 16:13:28,34,EFECTIVO,MIG-JM-ABONO-SINT-218,Abono sintetico por creditoabonado origen: 34 | Venta origen: 218 | Credito abonado origen: 34
credit-payment:synthetic:221,credit-note:221,2025-09-26 17:44:16,450,EFECTIVO,MIG-JM-ABONO-SINT-221,Abono sintetico por creditoabonado origen: 450 | Venta origen: 221 | Credito abonado origen: 450
credit-payment:synthetic:222,credit-note:222,2025-09-26 18:28:12,236,EFECTIVO,MIG-JM-ABONO-SINT-222,Abono sintetico por creditoabonado origen: 236 | Venta origen: 222 | Credito abonado origen: 236
credit-payment:synthetic:223,credit-note:223,2025-09-26 20:36:10,224.5,EFECTIVO,MIG-JM-ABONO-SINT-223,Abono sintetico por creditoabonado origen: 224.5 | Venta origen: 223 | Credito abonado origen: 224.5
credit-payment:synthetic:225,credit-note:225,2025-09-27 13:35:59,236,EFECTIVO,MIG-JM-ABONO-SINT-225,Abono sintetico por creditoabonado origen: 236 | Venta origen: 225 | Credito abonado origen: 236
credit-payment:synthetic:230,credit-note:230,2025-09-29 16:04:07,900,EFECTIVO,MIG-JM-ABONO-SINT-230,Abono sintetico por creditoabonado origen: 900 | Venta origen: 230 | Credito abonado origen: 900
credit-payment:synthetic:232,credit-note:232,2025-09-29 17:07:01,64,EFECTIVO,MIG-JM-ABONO-SINT-232,Abono sintetico por creditoabonado origen: 64 | Venta origen: 232 | Credito abonado origen: 64
credit-payment:synthetic:235,credit-note:235,2025-09-29 18:18:54,615,EFECTIVO,MIG-JM-ABONO-SINT-235,Abono sintetico por creditoabonado origen: 615 | Venta origen: 235 | Credito abonado origen: 615
credit-payment:synthetic:237,credit-note:237,2025-09-29 20:01:38,64,EFECTIVO,MIG-JM-ABONO-SINT-237,Abono sintetico por creditoabonado origen: 64 | Venta origen: 237 | Credito abonado origen: 64
credit-payment:synthetic:242,credit-note:242,2025-09-30 15:03:57,2825,EFECTIVO,MIG-JM-ABONO-SINT-242,Abono sintetico por creditoabonado origen: 2825 | Venta origen: 242 | Credito abonado origen: 2825
credit-payment:synthetic:243,credit-note:243,2025-09-30 17:48:31,236,EFECTIVO,MIG-JM-ABONO-SINT-243,Abono sintetico por creditoabonado origen: 236 | Venta origen: 243 | Credito abonado origen: 236
credit-payment:synthetic:244,credit-note:244,2025-09-30 22:20:02,1900,EFECTIVO,MIG-JM-ABONO-SINT-244,Abono sintetico por creditoabonado origen: 1900 | Venta origen: 244 | Credito abonado origen: 1900
credit-payment:synthetic:246,credit-note:246,2025-10-01 00:03:47,8400,EFECTIVO,MIG-JM-ABONO-SINT-246,Abono sintetico por creditoabonado origen: 8400 | Venta origen: 246 | Credito abonado origen: 8400
credit-payment:synthetic:249,credit-note:249,2025-10-01 14:39:19,9200,EFECTIVO,MIG-JM-ABONO-SINT-249,Abono sintetico por creditoabonado origen: 9200 | Venta origen: 249 | Credito abonado origen: 9200
credit-payment:synthetic:250,credit-note:250,2025-10-01 14:45:58,70,EFECTIVO,MIG-JM-ABONO-SINT-250,Abono sintetico por creditoabonado origen: 70 | Venta origen: 250 | Credito abonado origen: 70
credit-payment:synthetic:251,credit-note:251,2025-10-01 14:48:15,9300,EFECTIVO,MIG-JM-ABONO-SINT-251,Abono sintetico por creditoabonado origen: 9300 | Venta origen: 251 | Credito abonado origen: 9300
credit-payment:synthetic:252,credit-note:252,2025-10-01 15:03:52,8,EFECTIVO,MIG-JM-ABONO-SINT-252,Abono sintetico por creditoabonado origen: 8 | Venta origen: 252 | Credito abonado origen: 8
credit-payment:synthetic:254,credit-note:254,2025-10-01 15:45:55,278,EFECTIVO,MIG-JM-ABONO-SINT-254,Abono sintetico por creditoabonado origen: 278 | Venta origen: 254 | Credito abonado origen: 278
credit-payment:synthetic:257,credit-note:257,2025-10-01 16:26:13,426,EFECTIVO,MIG-JM-ABONO-SINT-257,Abono sintetico por creditoabonado origen: 426 | Venta origen: 257 | Credito abonado origen: 426
credit-payment:synthetic:260,credit-note:260,2025-10-01 22:17:55,300,EFECTIVO,MIG-JM-ABONO-SINT-260,Abono sintetico por creditoabonado origen: 300 | Venta origen: 260 | Credito abonado origen: 300
credit-payment:synthetic:263,credit-note:263,2025-10-02 14:43:38,583,EFECTIVO,MIG-JM-ABONO-SINT-263,Abono sintetico por creditoabonado origen: 583 | Venta origen: 263 | Credito abonado origen: 583
credit-payment:synthetic:264,credit-note:264,2025-10-02 14:55:39,860,EFECTIVO,MIG-JM-ABONO-SINT-264,Abono sintetico por creditoabonado origen: 860 | Venta origen: 264 | Credito abonado origen: 860
credit-payment:synthetic:265,credit-note:265,2025-10-02 14:56:10,2380,EFECTIVO,MIG-JM-ABONO-SINT-265,Abono sintetico por creditoabonado origen: 2380 | Venta origen: 265 | Credito abonado origen: 2380
credit-payment:synthetic:267,credit-note:267,2025-10-02 17:22:15,157,EFECTIVO,MIG-JM-ABONO-SINT-267,Abono sintetico por creditoabonado origen: 157 | Venta origen: 267 | Credito abonado origen: 157
credit-payment:synthetic:269,credit-note:269,2025-10-02 18:46:41,300,EFECTIVO,MIG-JM-ABONO-SINT-269,Abono sintetico por creditoabonado origen: 300 | Venta origen: 269 | Credito abonado origen: 300
credit-payment:synthetic:270,credit-note:270,2025-10-02 19:31:15,185,EFECTIVO,MIG-JM-ABONO-SINT-270,Abono sintetico por creditoabonado origen: 185 | Venta origen: 270 | Credito abonado origen: 185
credit-payment:synthetic:271,credit-note:271,2025-10-02 19:33:36,178.5,EFECTIVO,MIG-JM-ABONO-SINT-271,Abono sintetico por creditoabonado origen: 178.5 | Venta origen: 271 | Credito abonado origen: 178.5
credit-payment:synthetic:274,credit-note:274,2025-10-02 20:49:18,176,EFECTIVO,MIG-JM-ABONO-SINT-274,Abono sintetico por creditoabonado origen: 176 | Venta origen: 274 | Credito abonado origen: 176
credit-payment:synthetic:279,credit-note:279,2025-10-03 14:28:36,8,EFECTIVO,MIG-JM-ABONO-SINT-279,Abono sintetico por creditoabonado origen: 8 | Venta origen: 279 | Credito abonado origen: 8
credit-payment:synthetic:280,credit-note:280,2025-10-03 14:50:03,708,EFECTIVO,MIG-JM-ABONO-SINT-280,Abono sintetico por creditoabonado origen: 708 | Venta origen: 280 | Credito abonado origen: 708
credit-payment:synthetic:281,credit-note:281,2025-10-03 15:08:24,3000,EFECTIVO,MIG-JM-ABONO-SINT-281,Abono sintetico por creditoabonado origen: 3000 | Venta origen: 281 | Credito abonado origen: 3000
credit-payment:synthetic:284,credit-note:284,2025-10-03 15:55:04,330,EFECTIVO,MIG-JM-ABONO-SINT-284,Abono sintetico por creditoabonado origen: 330 | Venta origen: 284 | Credito abonado origen: 330
credit-payment:synthetic:286,credit-note:286,2025-10-03 17:12:51,172,EFECTIVO,MIG-JM-ABONO-SINT-286,Abono sintetico por creditoabonado origen: 172 | Venta origen: 286 | Credito abonado origen: 172
credit-payment:synthetic:289,credit-note:289,2025-10-03 19:50:36,3353,EFECTIVO,MIG-JM-ABONO-SINT-289,Abono sintetico por creditoabonado origen: 3353 | Venta origen: 289 | Credito abonado origen: 3353
credit-payment:synthetic:292,credit-note:292,2025-10-04 15:03:01,72,EFECTIVO,MIG-JM-ABONO-SINT-292,Abono sintetico por creditoabonado origen: 72 | Venta origen: 292 | Credito abonado origen: 72
credit-payment:synthetic:302,credit-note:302,2025-10-06 18:36:54,185,EFECTIVO,MIG-JM-ABONO-SINT-302,Abono sintetico por creditoabonado origen: 185 | Venta origen: 302 | Credito abonado origen: 185
credit-payment:synthetic:312,credit-note:312,2025-10-07 17:29:34,52,EFECTIVO,MIG-JM-ABONO-SINT-312,Abono sintetico por creditoabonado origen: 52 | Venta origen: 312 | Credito abonado origen: 52
credit-payment:synthetic:317,credit-note:317,2025-10-08 14:01:53,50,EFECTIVO,MIG-JM-ABONO-SINT-317,Abono sintetico por creditoabonado origen: 50 | Venta origen: 317 | Credito abonado origen: 50
credit-payment:synthetic:319,credit-note:319,2025-10-08 15:39:22,888,EFECTIVO,MIG-JM-ABONO-SINT-319,Abono sintetico por creditoabonado origen: 888 | Venta origen: 319 | Credito abonado origen: 888
credit-payment:synthetic:320,credit-note:320,2025-10-08 17:13:15,299,EFECTIVO,MIG-JM-ABONO-SINT-320,Abono sintetico por creditoabonado origen: 299 | Venta origen: 320 | Credito abonado origen: 299
credit-payment:synthetic:322,credit-note:322,2025-10-08 18:58:48,65.5,EFECTIVO,MIG-JM-ABONO-SINT-322,Abono sintetico por creditoabonado origen: 65.5 | Venta origen: 322 | Credito abonado origen: 65.5
credit-payment:synthetic:327,credit-note:327,2025-10-08 22:07:29,4,EFECTIVO,MIG-JM-ABONO-SINT-327,Abono sintetico por creditoabonado origen: 4 | Venta origen: 327 | Credito abonado origen: 4
credit-payment:synthetic:331,credit-note:331,2025-10-09 16:06:18,472,EFECTIVO,MIG-JM-ABONO-SINT-331,Abono sintetico por creditoabonado origen: 472 | Venta origen: 331 | Credito abonado origen: 472
credit-payment:synthetic:333,credit-note:333,2025-10-10 14:27:08,688,EFECTIVO,MIG-JM-ABONO-SINT-333,Abono sintetico por creditoabonado origen: 688 | Venta origen: 333 | Credito abonado origen: 688
credit-payment:synthetic:336,credit-note:336,2025-10-10 16:02:08,10962.5,EFECTIVO,MIG-JM-ABONO-SINT-336,Abono sintetico por creditoabonado origen: 10962.5 | Venta origen: 336 | Credito abonado origen: 10962.5
credit-payment:synthetic:337,credit-note:337,2025-10-10 16:48:43,49,EFECTIVO,MIG-JM-ABONO-SINT-337,Abono sintetico por creditoabonado origen: 49 | Venta origen: 337 | Credito abonado origen: 49
credit-payment:synthetic:340,credit-note:340,2025-10-10 20:38:13,3151,EFECTIVO,MIG-JM-ABONO-SINT-340,Abono sintetico por creditoabonado origen: 3151 | Venta origen: 340 | Credito abonado origen: 3151
credit-payment:synthetic:345,credit-note:345,2025-10-11 18:16:26,190,EFECTIVO,MIG-JM-ABONO-SINT-345,Abono sintetico por creditoabonado origen: 190 | Venta origen: 345 | Credito abonado origen: 190
credit-payment:synthetic:350,credit-note:350,2025-10-13 15:04:01,422,EFECTIVO,MIG-JM-ABONO-SINT-350,Abono sintetico por creditoabonado origen: 422 | Venta origen: 350 | Credito abonado origen: 422
credit-payment:synthetic:353,credit-note:353,2025-10-13 21:12:03,20,EFECTIVO,MIG-JM-ABONO-SINT-353,Abono sintetico por creditoabonado origen: 20 | Venta origen: 353 | Credito abonado origen: 20
credit-payment:synthetic:354,credit-note:354,2025-10-14 14:09:03,236,EFECTIVO,MIG-JM-ABONO-SINT-354,Abono sintetico por creditoabonado origen: 236 | Venta origen: 354 | Credito abonado origen: 236
credit-payment:synthetic:355,credit-note:355,2025-10-14 14:12:19,900,EFECTIVO,MIG-JM-ABONO-SINT-355,Abono sintetico por creditoabonado origen: 900 | Venta origen: 355 | Credito abonado origen: 900
credit-payment:synthetic:356,credit-note:356,2025-10-14 15:39:19,313,EFECTIVO,MIG-JM-ABONO-SINT-356,Abono sintetico por creditoabonado origen: 313 | Venta origen: 356 | Credito abonado origen: 313
credit-payment:synthetic:357,credit-note:357,2025-10-14 15:45:55,104,EFECTIVO,MIG-JM-ABONO-SINT-357,Abono sintetico por creditoabonado origen: 104 | Venta origen: 357 | Credito abonado origen: 104
credit-payment:synthetic:360,credit-note:360,2025-10-14 17:56:03,21,EFECTIVO,MIG-JM-ABONO-SINT-360,Abono sintetico por creditoabonado origen: 21 | Venta origen: 360 | Credito abonado origen: 21
credit-payment:synthetic:361,credit-note:361,2025-10-14 17:58:57,14,EFECTIVO,MIG-JM-ABONO-SINT-361,Abono sintetico por creditoabonado origen: 14 | Venta origen: 361 | Credito abonado origen: 14
credit-payment:synthetic:365,credit-note:365,2025-10-15 13:48:31,1914,EFECTIVO,MIG-JM-ABONO-SINT-365,Abono sintetico por creditoabonado origen: 1914 | Venta origen: 365 | Credito abonado origen: 1914
credit-payment:synthetic:367,credit-note:367,2025-10-15 15:46:25,2070,EFECTIVO,MIG-JM-ABONO-SINT-367,Abono sintetico por creditoabonado origen: 2070 | Venta origen: 367 | Credito abonado origen: 2070
credit-payment:synthetic:368,credit-note:368,2025-10-15 15:58:11,1770,EFECTIVO,MIG-JM-ABONO-SINT-368,Abono sintetico por creditoabonado origen: 1770 | Venta origen: 368 | Credito abonado origen: 1770
credit-payment:synthetic:369,credit-note:369,2025-10-15 17:31:51,126,EFECTIVO,MIG-JM-ABONO-SINT-369,Abono sintetico por creditoabonado origen: 126 | Venta origen: 369 | Credito abonado origen: 126
credit-payment:synthetic:372,credit-note:372,2025-10-15 20:25:26,49,EFECTIVO,MIG-JM-ABONO-SINT-372,Abono sintetico por creditoabonado origen: 49 | Venta origen: 372 | Credito abonado origen: 49
credit-payment:synthetic:373,credit-note:373,2025-10-15 21:39:08,14,EFECTIVO,MIG-JM-ABONO-SINT-373,Abono sintetico por creditoabonado origen: 14 | Venta origen: 373 | Credito abonado origen: 14
credit-payment:synthetic:374,credit-note:374,2025-10-15 22:24:09,1720,EFECTIVO,MIG-JM-ABONO-SINT-374,Abono sintetico por creditoabonado origen: 1720 | Venta origen: 374 | Credito abonado origen: 1720
credit-payment:synthetic:378,credit-note:378,2025-10-16 14:36:13,74,EFECTIVO,MIG-JM-ABONO-SINT-378,Abono sintetico por creditoabonado origen: 74 | Venta origen: 378 | Credito abonado origen: 74
credit-payment:synthetic:382,credit-note:382,2025-10-16 17:46:42,16.5,EFECTIVO,MIG-JM-ABONO-SINT-382,Abono sintetico por creditoabonado origen: 16.5 | Venta origen: 382 | Credito abonado origen: 16.5
credit-payment:synthetic:386,credit-note:386,2025-10-16 21:58:02,22,EFECTIVO,MIG-JM-ABONO-SINT-386,Abono sintetico por creditoabonado origen: 22 | Venta origen: 386 | Credito abonado origen: 22
credit-payment:synthetic:387,credit-note:387,2025-10-17 14:48:06,300,EFECTIVO,MIG-JM-ABONO-SINT-387,Abono sintetico por creditoabonado origen: 300 | Venta origen: 387 | Credito abonado origen: 300
credit-payment:synthetic:393,credit-note:393,2025-10-17 21:26:24,8,EFECTIVO,MIG-JM-ABONO-SINT-393,Abono sintetico por creditoabonado origen: 8 | Venta origen: 393 | Credito abonado origen: 8
credit-payment:synthetic:394,credit-note:394,2025-10-17 21:57:57,4700,EFECTIVO,MIG-JM-ABONO-SINT-394,Abono sintetico por creditoabonado origen: 4700 | Venta origen: 394 | Credito abonado origen: 4700
credit-payment:synthetic:395,credit-note:395,2025-10-17 22:09:56,103,EFECTIVO,MIG-JM-ABONO-SINT-395,Abono sintetico por creditoabonado origen: 103 | Venta origen: 395 | Credito abonado origen: 103
credit-payment:synthetic:398,credit-note:398,2025-10-18 16:25:13,20,EFECTIVO,MIG-JM-ABONO-SINT-398,Abono sintetico por creditoabonado origen: 20 | Venta origen: 398 | Credito abonado origen: 20
credit-payment:synthetic:399,credit-note:399,2025-10-18 19:12:52,475,EFECTIVO,MIG-JM-ABONO-SINT-399,Abono sintetico por creditoabonado origen: 475 | Venta origen: 399 | Credito abonado origen: 475
credit-payment:synthetic:400,credit-note:400,2025-10-20 15:32:20,382,EFECTIVO,MIG-JM-ABONO-SINT-400,Abono sintetico por creditoabonado origen: 382 | Venta origen: 400 | Credito abonado origen: 382
credit-payment:synthetic:405,credit-note:405,2025-10-20 16:55:09,267,EFECTIVO,MIG-JM-ABONO-SINT-405,Abono sintetico por creditoabonado origen: 267 | Venta origen: 405 | Credito abonado origen: 267
credit-payment:synthetic:407,credit-note:407,2025-10-20 18:39:53,100,EFECTIVO,MIG-JM-ABONO-SINT-407,Abono sintetico por creditoabonado origen: 100 | Venta origen: 407 | Credito abonado origen: 100
credit-payment:synthetic:419,credit-note:419,2025-10-21 15:17:54,94,EFECTIVO,MIG-JM-ABONO-SINT-419,Abono sintetico por creditoabonado origen: 94 | Venta origen: 419 | Credito abonado origen: 94
credit-payment:synthetic:422,credit-note:422,2025-10-21 19:29:00,413,EFECTIVO,MIG-JM-ABONO-SINT-422,Abono sintetico por creditoabonado origen: 413 | Venta origen: 422 | Credito abonado origen: 413
credit-payment:synthetic:423,credit-note:423,2025-10-21 20:12:26,1080,EFECTIVO,MIG-JM-ABONO-SINT-423,Abono sintetico por creditoabonado origen: 1080 | Venta origen: 423 | Credito abonado origen: 1080
credit-payment:synthetic:425,credit-note:425,2025-10-21 20:47:37,55,EFECTIVO,MIG-JM-ABONO-SINT-425,Abono sintetico por creditoabonado origen: 55 | Venta origen: 425 | Credito abonado origen: 55
credit-payment:synthetic:426,credit-note:426,2025-10-21 20:58:59,1200,EFECTIVO,MIG-JM-ABONO-SINT-426,Abono sintetico por creditoabonado origen: 1200 | Venta origen: 426 | Credito abonado origen: 1200
credit-payment:synthetic:428,credit-note:428,2025-10-21 22:06:35,118,EFECTIVO,MIG-JM-ABONO-SINT-428,Abono sintetico por creditoabonado origen: 118 | Venta origen: 428 | Credito abonado origen: 118
credit-payment:synthetic:429,credit-note:429,2025-10-21 23:08:07,16,EFECTIVO,MIG-JM-ABONO-SINT-429,Abono sintetico por creditoabonado origen: 16 | Venta origen: 429 | Credito abonado origen: 16
credit-payment:synthetic:436,credit-note:436,2025-10-22 18:24:08,25,EFECTIVO,MIG-JM-ABONO-SINT-436,Abono sintetico por creditoabonado origen: 25 | Venta origen: 436 | Credito abonado origen: 25
credit-payment:synthetic:440,credit-note:440,2025-10-23 18:59:51,3850,EFECTIVO,MIG-JM-ABONO-SINT-440,Abono sintetico por creditoabonado origen: 3850 | Venta origen: 440 | Credito abonado origen: 3850
credit-payment:synthetic:444,credit-note:444,2025-10-23 22:46:55,241,EFECTIVO,MIG-JM-ABONO-SINT-444,Abono sintetico por creditoabonado origen: 241 | Venta origen: 444 | Credito abonado origen: 241
credit-payment:synthetic:448,credit-note:448,2025-10-24 17:33:51,545,EFECTIVO,MIG-JM-ABONO-SINT-448,Abono sintetico por creditoabonado origen: 545 | Venta origen: 448 | Credito abonado origen: 545
credit-payment:synthetic:450,credit-note:450,2025-10-24 18:17:58,30,EFECTIVO,MIG-JM-ABONO-SINT-450,Abono sintetico por creditoabonado origen: 30 | Venta origen: 450 | Credito abonado origen: 30
credit-payment:synthetic:454,credit-note:454,2025-10-24 23:28:00,90,EFECTIVO,MIG-JM-ABONO-SINT-454,Abono sintetico por creditoabonado origen: 90 | Venta origen: 454 | Credito abonado origen: 90
credit-payment:synthetic:456,credit-note:456,2025-10-25 13:48:20,4700,EFECTIVO,MIG-JM-ABONO-SINT-456,Abono sintetico por creditoabonado origen: 4700 | Venta origen: 456 | Credito abonado origen: 4700
credit-payment:synthetic:459,credit-note:459,2025-10-25 17:08:31,1455,EFECTIVO,MIG-JM-ABONO-SINT-459,Abono sintetico por creditoabonado origen: 1455 | Venta origen: 459 | Credito abonado origen: 1455
credit-payment:synthetic:461,credit-note:461,2025-10-27 14:04:33,2562.5,EFECTIVO,MIG-JM-ABONO-SINT-461,Abono sintetico por creditoabonado origen: 2562.5 | Venta origen: 461 | Credito abonado origen: 2562.5
credit-payment:synthetic:468,credit-note:468,2025-10-27 16:29:49,73,EFECTIVO,MIG-JM-ABONO-SINT-468,Abono sintetico por creditoabonado origen: 73 | Venta origen: 468 | Credito abonado origen: 73
credit-payment:synthetic:481,credit-note:481,2025-10-28 22:13:21,80,EFECTIVO,MIG-JM-ABONO-SINT-481,Abono sintetico por creditoabonado origen: 80 | Venta origen: 481 | Credito abonado origen: 80
credit-payment:synthetic:490,credit-note:490,2025-10-30 15:35:57,30,EFECTIVO,MIG-JM-ABONO-SINT-490,Abono sintetico por creditoabonado origen: 30 | Venta origen: 490 | Credito abonado origen: 30
credit-payment:synthetic:491,credit-note:491,2025-10-30 15:39:43,90,EFECTIVO,MIG-JM-ABONO-SINT-491,Abono sintetico por creditoabonado origen: 90 | Venta origen: 491 | Credito abonado origen: 90
credit-payment:synthetic:492,credit-note:492,2025-10-30 17:45:41,26,EFECTIVO,MIG-JM-ABONO-SINT-492,Abono sintetico por creditoabonado origen: 26 | Venta origen: 492 | Credito abonado origen: 26
credit-payment:synthetic:500,credit-note:500,2025-10-31 15:17:40,49,EFECTIVO,MIG-JM-ABONO-SINT-500,Abono sintetico por creditoabonado origen: 49 | Venta origen: 500 | Credito abonado origen: 49
credit-payment:synthetic:504,credit-note:504,2025-10-31 18:13:25,8400,EFECTIVO,MIG-JM-ABONO-SINT-504,Abono sintetico por creditoabonado origen: 8400 | Venta origen: 504 | Credito abonado origen: 8400
credit-payment:synthetic:507,credit-note:507,2025-11-01 13:58:45,66,EFECTIVO,MIG-JM-ABONO-SINT-507,Abono sintetico por creditoabonado origen: 66 | Venta origen: 507 | Credito abonado origen: 66
credit-payment:synthetic:509,credit-note:509,2025-11-01 15:16:00,104,EFECTIVO,MIG-JM-ABONO-SINT-509,Abono sintetico por creditoabonado origen: 104 | Venta origen: 509 | Credito abonado origen: 104
credit-payment:synthetic:513,credit-note:513,2025-11-01 18:01:23,36,EFECTIVO,MIG-JM-ABONO-SINT-513,Abono sintetico por creditoabonado origen: 36 | Venta origen: 513 | Credito abonado origen: 36
credit-payment:synthetic:515,credit-note:515,2025-11-03 15:25:55,149,EFECTIVO,MIG-JM-ABONO-SINT-515,Abono sintetico por creditoabonado origen: 149 | Venta origen: 515 | Credito abonado origen: 149
credit-payment:synthetic:519,credit-note:519,2025-11-04 14:00:17,22,EFECTIVO,MIG-JM-ABONO-SINT-519,Abono sintetico por creditoabonado origen: 22 | Venta origen: 519 | Credito abonado origen: 22
credit-payment:synthetic:524,credit-note:524,2025-11-04 16:45:20,56,EFECTIVO,MIG-JM-ABONO-SINT-524,Abono sintetico por creditoabonado origen: 56 | Venta origen: 524 | Credito abonado origen: 56
credit-payment:synthetic:528,credit-note:528,2025-11-04 20:20:57,31,EFECTIVO,MIG-JM-ABONO-SINT-528,Abono sintetico por creditoabonado origen: 31 | Venta origen: 528 | Credito abonado origen: 31
credit-payment:synthetic:552,credit-note:552,2025-11-07 14:47:33,575,EFECTIVO,MIG-JM-ABONO-SINT-552,Abono sintetico por creditoabonado origen: 575 | Venta origen: 552 | Credito abonado origen: 575
credit-payment:synthetic:553,credit-note:553,2025-11-07 15:08:51,517.5,EFECTIVO,MIG-JM-ABONO-SINT-553,Abono sintetico por creditoabonado origen: 517.5 | Venta origen: 553 | Credito abonado origen: 517.5
credit-payment:synthetic:556,credit-note:556,2025-11-07 16:30:35,1069.5,EFECTIVO,MIG-JM-ABONO-SINT-556,Abono sintetico por creditoabonado origen: 1069.5 | Venta origen: 556 | Credito abonado origen: 1069.5
credit-payment:synthetic:568,credit-note:568,2025-11-08 15:53:51,44,EFECTIVO,MIG-JM-ABONO-SINT-568,Abono sintetico por creditoabonado origen: 44 | Venta origen: 568 | Credito abonado origen: 44
credit-payment:synthetic:573,credit-note:573,2025-11-10 14:50:34,3120,EFECTIVO,MIG-JM-ABONO-SINT-573,Abono sintetico por creditoabonado origen: 3120 | Venta origen: 573 | Credito abonado origen: 3120
credit-payment:synthetic:574,credit-note:574,2025-11-10 15:00:35,585,EFECTIVO,MIG-JM-ABONO-SINT-574,Abono sintetico por creditoabonado origen: 585 | Venta origen: 574 | Credito abonado origen: 585
credit-payment:synthetic:576,credit-note:576,2025-11-10 15:51:57,52,EFECTIVO,MIG-JM-ABONO-SINT-576,Abono sintetico por creditoabonado origen: 52 | Venta origen: 576 | Credito abonado origen: 52
credit-payment:synthetic:579,credit-note:579,2025-11-10 17:01:47,14,EFECTIVO,MIG-JM-ABONO-SINT-579,Abono sintetico por creditoabonado origen: 14 | Venta origen: 579 | Credito abonado origen: 14
credit-payment:synthetic:582,credit-note:582,2025-11-10 17:15:34,6,EFECTIVO,MIG-JM-ABONO-SINT-582,Abono sintetico por creditoabonado origen: 6 | Venta origen: 582 | Credito abonado origen: 6
credit-payment:synthetic:599,credit-note:599,2025-11-12 22:11:54,52,EFECTIVO,MIG-JM-ABONO-SINT-599,Abono sintetico por creditoabonado origen: 52 | Venta origen: 599 | Credito abonado origen: 52
credit-payment:synthetic:601,credit-note:601,2025-11-12 22:27:06,402,EFECTIVO,MIG-JM-ABONO-SINT-601,Abono sintetico por creditoabonado origen: 402 | Venta origen: 601 | Credito abonado origen: 402
credit-payment:synthetic:602,credit-note:602,2025-11-12 22:34:19,106,EFECTIVO,MIG-JM-ABONO-SINT-602,Abono sintetico por creditoabonado origen: 106 | Venta origen: 602 | Credito abonado origen: 106
credit-payment:synthetic:610,credit-note:610,2025-11-13 16:34:28,168,EFECTIVO,MIG-JM-ABONO-SINT-610,Abono sintetico por creditoabonado origen: 168 | Venta origen: 610 | Credito abonado origen: 168
credit-payment:synthetic:611,credit-note:611,2025-11-13 16:41:19,500,EFECTIVO,MIG-JM-ABONO-SINT-611,Abono sintetico por creditoabonado origen: 500 | Venta origen: 611 | Credito abonado origen: 500
credit-payment:synthetic:614,credit-note:614,2025-11-13 23:03:14,49,EFECTIVO,MIG-JM-ABONO-SINT-614,Abono sintetico por creditoabonado origen: 49 | Venta origen: 614 | Credito abonado origen: 49
credit-payment:synthetic:615,credit-note:615,2025-11-14 14:04:53,85,EFECTIVO,MIG-JM-ABONO-SINT-615,Abono sintetico por creditoabonado origen: 85 | Venta origen: 615 | Credito abonado origen: 85
credit-payment:synthetic:616,credit-note:616,2025-11-14 14:08:18,54,EFECTIVO,MIG-JM-ABONO-SINT-616,Abono sintetico por creditoabonado origen: 54 | Venta origen: 616 | Credito abonado origen: 54
credit-payment:synthetic:621,credit-note:621,2025-11-14 22:32:05,1950,EFECTIVO,MIG-JM-ABONO-SINT-621,Abono sintetico por creditoabonado origen: 1950 | Venta origen: 621 | Credito abonado origen: 1950
credit-payment:synthetic:622,credit-note:622,2025-11-14 22:37:03,46,EFECTIVO,MIG-JM-ABONO-SINT-622,Abono sintetico por creditoabonado origen: 46 | Venta origen: 622 | Credito abonado origen: 46
credit-payment:synthetic:627,credit-note:627,2025-11-17 15:48:14,720,EFECTIVO,MIG-JM-ABONO-SINT-627,Abono sintetico por creditoabonado origen: 720 | Venta origen: 627 | Credito abonado origen: 720
credit-payment:synthetic:628,credit-note:628,2025-11-17 16:36:20,292,EFECTIVO,MIG-JM-ABONO-SINT-628,Abono sintetico por creditoabonado origen: 292 | Venta origen: 628 | Credito abonado origen: 292
credit-payment:synthetic:629,credit-note:629,2025-11-17 17:08:37,3800,EFECTIVO,MIG-JM-ABONO-SINT-629,Abono sintetico por creditoabonado origen: 3800 | Venta origen: 629 | Credito abonado origen: 3800
credit-payment:synthetic:633,credit-note:633,2025-11-17 19:17:23,15,EFECTIVO,MIG-JM-ABONO-SINT-633,Abono sintetico por creditoabonado origen: 15 | Venta origen: 633 | Credito abonado origen: 15
credit-payment:synthetic:642,credit-note:642,2025-11-18 19:05:14,1200,EFECTIVO,MIG-JM-ABONO-SINT-642,Abono sintetico por creditoabonado origen: 1200 | Venta origen: 642 | Credito abonado origen: 1200
credit-payment:synthetic:649,credit-note:649,2025-11-19 17:05:31,122,EFECTIVO,MIG-JM-ABONO-SINT-649,Abono sintetico por creditoabonado origen: 122 | Venta origen: 649 | Credito abonado origen: 122
credit-payment:synthetic:650,credit-note:650,2025-11-19 18:22:45,9,EFECTIVO,MIG-JM-ABONO-SINT-650,Abono sintetico por creditoabonado origen: 9 | Venta origen: 650 | Credito abonado origen: 9
credit-payment:synthetic:651,credit-note:651,2025-11-19 19:53:03,2550,EFECTIVO,MIG-JM-ABONO-SINT-651,Abono sintetico por creditoabonado origen: 2550 | Venta origen: 651 | Credito abonado origen: 2550
credit-payment:synthetic:653,credit-note:653,2025-11-19 21:39:53,497,EFECTIVO,MIG-JM-ABONO-SINT-653,Abono sintetico por creditoabonado origen: 497 | Venta origen: 653 | Credito abonado origen: 497
credit-payment:synthetic:661,credit-note:661,2025-11-21 16:05:28,1520,EFECTIVO,MIG-JM-ABONO-SINT-661,Abono sintetico por creditoabonado origen: 1520 | Venta origen: 661 | Credito abonado origen: 1520
credit-payment:synthetic:663,credit-note:663,2025-11-22 14:02:33,28,EFECTIVO,MIG-JM-ABONO-SINT-663,Abono sintetico por creditoabonado origen: 28 | Venta origen: 663 | Credito abonado origen: 28
credit-payment:synthetic:664,credit-note:664,2025-11-22 14:20:55,34,EFECTIVO,MIG-JM-ABONO-SINT-664,Abono sintetico por creditoabonado origen: 34 | Venta origen: 664 | Credito abonado origen: 34
credit-payment:synthetic:670,credit-note:670,2025-11-24 17:53:37,1558.5,EFECTIVO,MIG-JM-ABONO-SINT-670,Abono sintetico por creditoabonado origen: 1558.5 | Venta origen: 670 | Credito abonado origen: 1558.5
credit-payment:synthetic:671,credit-note:671,2025-11-24 20:40:29,6,EFECTIVO,MIG-JM-ABONO-SINT-671,Abono sintetico por creditoabonado origen: 6 | Venta origen: 671 | Credito abonado origen: 6
credit-payment:synthetic:686,credit-note:686,2025-11-26 22:45:06,690,EFECTIVO,MIG-JM-ABONO-SINT-686,Abono sintetico por creditoabonado origen: 690 | Venta origen: 686 | Credito abonado origen: 690
credit-payment:synthetic:687,credit-note:687,2025-11-27 14:01:05,296,EFECTIVO,MIG-JM-ABONO-SINT-687,Abono sintetico por creditoabonado origen: 296 | Venta origen: 687 | Credito abonado origen: 296
credit-payment:synthetic:688,credit-note:688,2025-11-27 14:09:32,8100,EFECTIVO,MIG-JM-ABONO-SINT-688,Abono sintetico por creditoabonado origen: 8100 | Venta origen: 688 | Credito abonado origen: 8100
credit-payment:synthetic:689,credit-note:689,2025-11-27 15:42:40,4160,EFECTIVO,MIG-JM-ABONO-SINT-689,Abono sintetico por creditoabonado origen: 4160 | Venta origen: 689 | Credito abonado origen: 4160
credit-payment:synthetic:691,credit-note:691,2025-11-27 19:45:40,7024,EFECTIVO,MIG-JM-ABONO-SINT-691,Abono sintetico por creditoabonado origen: 7024 | Venta origen: 691 | Credito abonado origen: 7024
credit-payment:synthetic:698,credit-note:698,2025-11-28 14:59:29,280,EFECTIVO,MIG-JM-ABONO-SINT-698,Abono sintetico por creditoabonado origen: 280 | Venta origen: 698 | Credito abonado origen: 280
credit-payment:synthetic:702,credit-note:702,2025-11-29 14:53:11,116,EFECTIVO,MIG-JM-ABONO-SINT-702,Abono sintetico por creditoabonado origen: 116 | Venta origen: 702 | Credito abonado origen: 116
credit-payment:synthetic:705,credit-note:705,2025-11-29 18:22:12,76,EFECTIVO,MIG-JM-ABONO-SINT-705,Abono sintetico por creditoabonado origen: 76 | Venta origen: 705 | Credito abonado origen: 76
credit-payment:synthetic:706,credit-note:706,2025-11-29 20:24:08,152,EFECTIVO,MIG-JM-ABONO-SINT-706,Abono sintetico por creditoabonado origen: 152 | Venta origen: 706 | Credito abonado origen: 152
credit-payment:synthetic:707,credit-note:707,2025-11-29 21:07:17,366,EFECTIVO,MIG-JM-ABONO-SINT-707,Abono sintetico por creditoabonado origen: 366 | Venta origen: 707 | Credito abonado origen: 366
credit-payment:synthetic:711,credit-note:711,2025-12-01 17:26:02,97,EFECTIVO,MIG-JM-ABONO-SINT-711,Abono sintetico por creditoabonado origen: 97 | Venta origen: 711 | Credito abonado origen: 97
credit-payment:synthetic:713,credit-note:713,2025-12-01 18:51:00,23,EFECTIVO,MIG-JM-ABONO-SINT-713,Abono sintetico por creditoabonado origen: 23 | Venta origen: 713 | Credito abonado origen: 23
credit-payment:synthetic:723,credit-note:723,2025-12-03 21:08:10,201.5,EFECTIVO,MIG-JM-ABONO-SINT-723,Abono sintetico por creditoabonado origen: 201.5 | Venta origen: 723 | Credito abonado origen: 201.5
credit-payment:synthetic:727,credit-note:727,2025-12-04 16:29:03,4,EFECTIVO,MIG-JM-ABONO-SINT-727,Abono sintetico por creditoabonado origen: 4 | Venta origen: 727 | Credito abonado origen: 4
credit-payment:synthetic:728,credit-note:728,2025-12-04 16:55:12,122,EFECTIVO,MIG-JM-ABONO-SINT-728,Abono sintetico por creditoabonado origen: 122 | Venta origen: 728 | Credito abonado origen: 122
credit-payment:synthetic:732,credit-note:732,2025-12-04 21:17:03,4400,EFECTIVO,MIG-JM-ABONO-SINT-732,Abono sintetico por creditoabonado origen: 4400 | Venta origen: 732 | Credito abonado origen: 4400
credit-payment:synthetic:741,credit-note:741,2025-12-06 16:20:36,51,EFECTIVO,MIG-JM-ABONO-SINT-741,Abono sintetico por creditoabonado origen: 51 | Venta origen: 741 | Credito abonado origen: 51
credit-payment:synthetic:742,credit-note:742,2025-12-06 17:46:13,9,EFECTIVO,MIG-JM-ABONO-SINT-742,Abono sintetico por creditoabonado origen: 9 | Venta origen: 742 | Credito abonado origen: 9
credit-payment:synthetic:743,credit-note:743,2025-12-06 19:19:59,354,EFECTIVO,MIG-JM-ABONO-SINT-743,Abono sintetico por creditoabonado origen: 354 | Venta origen: 743 | Credito abonado origen: 354
credit-payment:synthetic:744,credit-note:744,2025-12-08 14:48:07,34,EFECTIVO,MIG-JM-ABONO-SINT-744,Abono sintetico por creditoabonado origen: 34 | Venta origen: 744 | Credito abonado origen: 34
credit-payment:synthetic:753,credit-note:753,2025-12-09 15:26:41,2360,EFECTIVO,MIG-JM-ABONO-SINT-753,Abono sintetico por creditoabonado origen: 2360 | Venta origen: 753 | Credito abonado origen: 2360
credit-payment:synthetic:754,credit-note:754,2025-12-09 15:28:09,60,EFECTIVO,MIG-JM-ABONO-SINT-754,Abono sintetico por creditoabonado origen: 60 | Venta origen: 754 | Credito abonado origen: 60
credit-payment:synthetic:768,credit-note:768,2025-12-10 21:59:39,567,EFECTIVO,MIG-JM-ABONO-SINT-768,Abono sintetico por creditoabonado origen: 567 | Venta origen: 768 | Credito abonado origen: 567
credit-payment:synthetic:771,credit-note:771,2025-12-11 14:15:03,23,EFECTIVO,MIG-JM-ABONO-SINT-771,Abono sintetico por creditoabonado origen: 23 | Venta origen: 771 | Credito abonado origen: 23
credit-payment:synthetic:774,credit-note:774,2025-12-11 19:12:41,60,EFECTIVO,MIG-JM-ABONO-SINT-774,Abono sintetico por creditoabonado origen: 60 | Venta origen: 774 | Credito abonado origen: 60
credit-payment:synthetic:775,credit-note:775,2025-12-11 19:13:22,45,EFECTIVO,MIG-JM-ABONO-SINT-775,Abono sintetico por creditoabonado origen: 45 | Venta origen: 775 | Credito abonado origen: 45
credit-payment:synthetic:778,credit-note:778,2025-12-11 21:54:49,115,EFECTIVO,MIG-JM-ABONO-SINT-778,Abono sintetico por creditoabonado origen: 115 | Venta origen: 778 | Credito abonado origen: 115
credit-payment:synthetic:785,credit-note:785,2025-12-12 15:38:29,236,EFECTIVO,MIG-JM-ABONO-SINT-785,Abono sintetico por creditoabonado origen: 236 | Venta origen: 785 | Credito abonado origen: 236
credit-payment:synthetic:791,credit-note:791,2025-12-13 18:02:18,22,EFECTIVO,MIG-JM-ABONO-SINT-791,Abono sintetico por creditoabonado origen: 22 | Venta origen: 791 | Credito abonado origen: 22
credit-payment:synthetic:803,credit-note:803,2025-12-15 22:46:06,236,EFECTIVO,MIG-JM-ABONO-SINT-803,Abono sintetico por creditoabonado origen: 236 | Venta origen: 803 | Credito abonado origen: 236
credit-payment:synthetic:805,credit-note:805,2025-12-16 13:26:02,4553.5,EFECTIVO,MIG-JM-ABONO-SINT-805,Abono sintetico por creditoabonado origen: 4553.5 | Venta origen: 805 | Credito abonado origen: 4553.5
credit-payment:synthetic:806,credit-note:806,2025-12-16 13:28:21,2400,EFECTIVO,MIG-JM-ABONO-SINT-806,Abono sintetico por creditoabonado origen: 2400 | Venta origen: 806 | Credito abonado origen: 2400
credit-payment:synthetic:809,credit-note:809,2025-12-16 23:07:42,140,EFECTIVO,MIG-JM-ABONO-SINT-809,Abono sintetico por creditoabonado origen: 140 | Venta origen: 809 | Credito abonado origen: 140
credit-payment:synthetic:813,credit-note:813,2025-12-17 15:16:04,6500,EFECTIVO,MIG-JM-ABONO-SINT-813,Abono sintetico por creditoabonado origen: 6500 | Venta origen: 813 | Credito abonado origen: 6500
credit-payment:synthetic:828,credit-note:828,2025-12-19 16:53:09,7,EFECTIVO,MIG-JM-ABONO-SINT-828,Abono sintetico por creditoabonado origen: 7 | Venta origen: 828 | Credito abonado origen: 7
credit-payment:synthetic:836,credit-note:836,2025-12-20 17:17:55,180,EFECTIVO,MIG-JM-ABONO-SINT-836,Abono sintetico por creditoabonado origen: 180 | Venta origen: 836 | Credito abonado origen: 180
credit-payment:synthetic:837,credit-note:837,2025-12-20 17:22:35,65,EFECTIVO,MIG-JM-ABONO-SINT-837,Abono sintetico por creditoabonado origen: 65 | Venta origen: 837 | Credito abonado origen: 65
credit-payment:synthetic:853,credit-note:853,2025-12-23 15:42:49,4200,EFECTIVO,MIG-JM-ABONO-SINT-853,Abono sintetico por creditoabonado origen: 4200 | Venta origen: 853 | Credito abonado origen: 4200
credit-payment:synthetic:856,credit-note:856,2025-12-23 19:41:21,50,EFECTIVO,MIG-JM-ABONO-SINT-856,Abono sintetico por creditoabonado origen: 50 | Venta origen: 856 | Credito abonado origen: 50
credit-payment:synthetic:870,credit-note:870,2025-12-27 17:54:15,5150,EFECTIVO,MIG-JM-ABONO-SINT-870,Abono sintetico por creditoabonado origen: 5150 | Venta origen: 870 | Credito abonado origen: 5150
credit-payment:synthetic:871,credit-note:871,2025-12-27 18:48:20,285,EFECTIVO,MIG-JM-ABONO-SINT-871,Abono sintetico por creditoabonado origen: 285 | Venta origen: 871 | Credito abonado origen: 285
credit-payment:synthetic:872,credit-note:872,2025-12-27 19:36:53,280,EFECTIVO,MIG-JM-ABONO-SINT-872,Abono sintetico por creditoabonado origen: 280 | Venta origen: 872 | Credito abonado origen: 280
credit-payment:synthetic:873,credit-note:873,2025-12-29 23:10:02,140,EFECTIVO,MIG-JM-ABONO-SINT-873,Abono sintetico por creditoabonado origen: 140 | Venta origen: 873 | Credito abonado origen: 140
credit-payment:synthetic:880,credit-note:880,2025-12-30 17:16:06,4200,EFECTIVO,MIG-JM-ABONO-SINT-880,Abono sintetico por creditoabonado origen: 4200 | Venta origen: 880 | Credito abonado origen: 4200
credit-payment:synthetic:889,credit-note:889,2025-12-31 19:17:57,21,EFECTIVO,MIG-JM-ABONO-SINT-889,Abono sintetico por creditoabonado origen: 21 | Venta origen: 889 | Credito abonado origen: 21
credit-payment:synthetic:890,credit-note:890,2025-12-31 20:15:19,326,EFECTIVO,MIG-JM-ABONO-SINT-890,Abono sintetico por creditoabonado origen: 326 | Venta origen: 890 | Credito abonado origen: 326
credit-payment:synthetic:894,credit-note:894,2026-01-03 18:18:02,35,EFECTIVO,MIG-JM-ABONO-SINT-894,Abono sintetico por creditoabonado origen: 35 | Venta origen: 894 | Credito abonado origen: 35
credit-payment:synthetic:897,credit-note:897,2026-01-05 13:15:21,4200,EFECTIVO,MIG-JM-ABONO-SINT-897,Abono sintetico por creditoabonado origen: 4200 | Venta origen: 897 | Credito abonado origen: 4200
credit-payment:synthetic:912,credit-note:912,2026-01-06 18:15:33,236,EFECTIVO,MIG-JM-ABONO-SINT-912,Abono sintetico por creditoabonado origen: 236 | Venta origen: 912 | Credito abonado origen: 236
credit-payment:synthetic:925,credit-note:925,2026-01-07 20:37:50,64,EFECTIVO,MIG-JM-ABONO-SINT-925,Abono sintetico por creditoabonado origen: 64 | Venta origen: 925 | Credito abonado origen: 64
credit-payment:synthetic:936,credit-note:936,2026-01-09 14:23:21,72,EFECTIVO,MIG-JM-ABONO-SINT-936,Abono sintetico por creditoabonado origen: 72 | Venta origen: 936 | Credito abonado origen: 72
credit-payment:synthetic:948,credit-note:948,2026-01-12 18:25:49,21,EFECTIVO,MIG-JM-ABONO-SINT-948,Abono sintetico por creditoabonado origen: 21 | Venta origen: 948 | Credito abonado origen: 21
credit-payment:synthetic:1016,credit-note:1016,2026-01-19 14:00:56,14,EFECTIVO,MIG-JM-ABONO-SINT-1016,Abono sintetico por creditoabonado origen: 14 | Venta origen: 1016 | Credito abonado origen: 14
credit-payment:synthetic:1017,credit-note:1017,2026-01-19 14:19:03,60,EFECTIVO,MIG-JM-ABONO-SINT-1017,Abono sintetico por creditoabonado origen: 60 | Venta origen: 1017 | Credito abonado origen: 60
credit-payment:synthetic:1026,credit-note:1026,2026-01-19 22:19:10,4700,EFECTIVO,MIG-JM-ABONO-SINT-1026,Abono sintetico por creditoabonado origen: 4700 | Venta origen: 1026 | Credito abonado origen: 4700
credit-payment:synthetic:1029,credit-note:1029,2026-01-20 14:42:33,113,EFECTIVO,MIG-JM-ABONO-SINT-1029,Abono sintetico por creditoabonado origen: 113 | Venta origen: 1029 | Credito abonado origen: 113
credit-payment:synthetic:1034,credit-note:1034,2026-01-20 20:54:39,14,EFECTIVO,MIG-JM-ABONO-SINT-1034,Abono sintetico por creditoabonado origen: 14 | Venta origen: 1034 | Credito abonado origen: 14
credit-payment:synthetic:1036,credit-note:1036,2026-01-21 14:43:23,14,EFECTIVO,MIG-JM-ABONO-SINT-1036,Abono sintetico por creditoabonado origen: 14 | Venta origen: 1036 | Credito abonado origen: 14
credit-payment:synthetic:1038,credit-note:1038,2026-01-21 15:49:47,74,EFECTIVO,MIG-JM-ABONO-SINT-1038,Abono sintetico por creditoabonado origen: 74 | Venta origen: 1038 | Credito abonado origen: 74
credit-payment:synthetic:1039,credit-note:1039,2026-01-21 18:29:18,21450,EFECTIVO,MIG-JM-ABONO-SINT-1039,Abono sintetico por creditoabonado origen: 21450 | Venta origen: 1039 | Credito abonado origen: 21450
credit-payment:synthetic:1043,credit-note:1043,2026-01-21 22:05:02,2132,EFECTIVO,MIG-JM-ABONO-SINT-1043,Abono sintetico por creditoabonado origen: 2132 | Venta origen: 1043 | Credito abonado origen: 2132
credit-payment:synthetic:1045,credit-note:1045,2026-01-22 13:48:36,2980,EFECTIVO,MIG-JM-ABONO-SINT-1045,Abono sintetico por creditoabonado origen: 2980 | Venta origen: 1045 | Credito abonado origen: 2980
credit-payment:synthetic:1049,credit-note:1049,2026-01-22 17:49:29,48,EFECTIVO,MIG-JM-ABONO-SINT-1049,Abono sintetico por creditoabonado origen: 48 | Venta origen: 1049 | Credito abonado origen: 48
credit-payment:synthetic:1050,credit-note:1050,2026-01-22 17:56:50,80,EFECTIVO,MIG-JM-ABONO-SINT-1050,Abono sintetico por creditoabonado origen: 80 | Venta origen: 1050 | Credito abonado origen: 80
credit-payment:synthetic:1061,credit-note:1061,2026-01-23 19:17:46,228,EFECTIVO,MIG-JM-ABONO-SINT-1061,Abono sintetico por creditoabonado origen: 228 | Venta origen: 1061 | Credito abonado origen: 228
credit-payment:synthetic:1068,credit-note:1068,2026-01-24 15:38:27,8,EFECTIVO,MIG-JM-ABONO-SINT-1068,Abono sintetico por creditoabonado origen: 8 | Venta origen: 1068 | Credito abonado origen: 8
credit-payment:synthetic:1070,credit-note:1070,2026-01-24 16:15:33,230,EFECTIVO,MIG-JM-ABONO-SINT-1070,Abono sintetico por creditoabonado origen: 230 | Venta origen: 1070 | Credito abonado origen: 230
credit-payment:synthetic:1071,credit-note:1071,2026-01-26 16:12:12,1575,EFECTIVO,MIG-JM-ABONO-SINT-1071,Abono sintetico por creditoabonado origen: 1575 | Venta origen: 1071 | Credito abonado origen: 1575
credit-payment:synthetic:1077,credit-note:1077,2026-01-27 15:03:57,338,EFECTIVO,MIG-JM-ABONO-SINT-1077,Abono sintetico por creditoabonado origen: 338 | Venta origen: 1077 | Credito abonado origen: 338
credit-payment:synthetic:1085,credit-note:1085,2026-01-27 17:30:29,168,EFECTIVO,MIG-JM-ABONO-SINT-1085,Abono sintetico por creditoabonado origen: 168 | Venta origen: 1085 | Credito abonado origen: 168
credit-payment:synthetic:1088,credit-note:1088,2026-01-27 18:30:59,158,EFECTIVO,MIG-JM-ABONO-SINT-1088,Abono sintetico por creditoabonado origen: 158 | Venta origen: 1088 | Credito abonado origen: 158
credit-payment:synthetic:1095,credit-note:1095,2026-01-28 13:56:41,2910,EFECTIVO,MIG-JM-ABONO-SINT-1095,Abono sintetico por creditoabonado origen: 2910 | Venta origen: 1095 | Credito abonado origen: 2910
credit-payment:synthetic:1097,credit-note:1097,2026-01-28 15:40:43,19,EFECTIVO,MIG-JM-ABONO-SINT-1097,Abono sintetico por creditoabonado origen: 19 | Venta origen: 1097 | Credito abonado origen: 19
credit-payment:synthetic:1101,credit-note:1101,2026-01-28 16:50:27,3350,EFECTIVO,MIG-JM-ABONO-SINT-1101,Abono sintetico por creditoabonado origen: 3350 | Venta origen: 1101 | Credito abonado origen: 3350
credit-payment:synthetic:1107,credit-note:1107,2026-01-28 21:21:26,177,EFECTIVO,MIG-JM-ABONO-SINT-1107,Abono sintetico por creditoabonado origen: 177 | Venta origen: 1107 | Credito abonado origen: 177
credit-payment:synthetic:1110,credit-note:1110,2026-01-28 23:47:35,215,EFECTIVO,MIG-JM-ABONO-SINT-1110,Abono sintetico por creditoabonado origen: 215 | Venta origen: 1110 | Credito abonado origen: 215
credit-payment:synthetic:1129,credit-note:1129,2026-01-30 15:47:49,104,EFECTIVO,MIG-JM-ABONO-SINT-1129,Abono sintetico por creditoabonado origen: 104 | Venta origen: 1129 | Credito abonado origen: 104
credit-payment:synthetic:1131,credit-note:1131,2026-01-30 17:08:58,345,EFECTIVO,MIG-JM-ABONO-SINT-1131,Abono sintetico por creditoabonado origen: 345 | Venta origen: 1131 | Credito abonado origen: 345
credit-payment:synthetic:1136,credit-note:1136,2026-01-30 20:36:59,16000,EFECTIVO,MIG-JM-ABONO-SINT-1136,Abono sintetico por creditoabonado origen: 16000 | Venta origen: 1136 | Credito abonado origen: 16000
credit-payment:synthetic:1146,credit-note:1146,2026-01-31 13:14:18,4200,EFECTIVO,MIG-JM-ABONO-SINT-1146,Abono sintetico por creditoabonado origen: 4200 | Venta origen: 1146 | Credito abonado origen: 4200
credit-payment:synthetic:1158,credit-note:1158,2026-02-02 16:59:09,22,EFECTIVO,MIG-JM-ABONO-SINT-1158,Abono sintetico por creditoabonado origen: 22 | Venta origen: 1158 | Credito abonado origen: 22
credit-payment:synthetic:1169,credit-note:1169,2026-02-03 18:30:53,74,EFECTIVO,MIG-JM-ABONO-SINT-1169,Abono sintetico por creditoabonado origen: 74 | Venta origen: 1169 | Credito abonado origen: 74
credit-payment:synthetic:1171,credit-note:1171,2026-02-03 20:47:59,16000,EFECTIVO,MIG-JM-ABONO-SINT-1171,Abono sintetico por creditoabonado origen: 16000 | Venta origen: 1171 | Credito abonado origen: 16000
credit-payment:synthetic:1176,credit-note:1176,2026-02-03 23:05:04,18,EFECTIVO,MIG-JM-ABONO-SINT-1176,Abono sintetico por creditoabonado origen: 18 | Venta origen: 1176 | Credito abonado origen: 18
credit-payment:synthetic:1177,credit-note:1177,2026-02-04 13:40:08,1340,EFECTIVO,MIG-JM-ABONO-SINT-1177,Abono sintetico por creditoabonado origen: 1340 | Venta origen: 1177 | Credito abonado origen: 1340
credit-payment:synthetic:1179,credit-note:1179,2026-02-04 14:16:51,80,EFECTIVO,MIG-JM-ABONO-SINT-1179,Abono sintetico por creditoabonado origen: 80 | Venta origen: 1179 | Credito abonado origen: 80
credit-payment:synthetic:1196,credit-note:1196,2026-02-05 14:12:13,2506,EFECTIVO,MIG-JM-ABONO-SINT-1196,Abono sintetico por creditoabonado origen: 2506 | Venta origen: 1196 | Credito abonado origen: 2506
credit-payment:synthetic:1219,credit-note:1219,2026-02-09 13:54:45,148,EFECTIVO,MIG-JM-ABONO-SINT-1219,Abono sintetico por creditoabonado origen: 148 | Venta origen: 1219 | Credito abonado origen: 148
credit-payment:synthetic:1221,credit-note:1221,2026-02-09 15:51:16,6,EFECTIVO,MIG-JM-ABONO-SINT-1221,Abono sintetico por creditoabonado origen: 6 | Venta origen: 1221 | Credito abonado origen: 6
credit-payment:synthetic:1223,credit-note:1223,2026-02-09 17:22:41,70,EFECTIVO,MIG-JM-ABONO-SINT-1223,Abono sintetico por creditoabonado origen: 70 | Venta origen: 1223 | Credito abonado origen: 70
credit-payment:synthetic:1228,credit-note:1228,2026-02-10 14:18:43,18,EFECTIVO,MIG-JM-ABONO-SINT-1228,Abono sintetico por creditoabonado origen: 18 | Venta origen: 1228 | Credito abonado origen: 18
credit-payment:synthetic:1230,credit-note:1230,2026-02-10 14:26:42,3516,EFECTIVO,MIG-JM-ABONO-SINT-1230,Abono sintetico por creditoabonado origen: 3516 | Venta origen: 1230 | Credito abonado origen: 3516
credit-payment:synthetic:1242,credit-note:1242,2026-02-11 18:40:49,310,EFECTIVO,MIG-JM-ABONO-SINT-1242,Abono sintetico por creditoabonado origen: 310 | Venta origen: 1242 | Credito abonado origen: 310
credit-payment:synthetic:1245,credit-note:1245,2026-02-12 17:11:06,2904,EFECTIVO,MIG-JM-ABONO-SINT-1245,Abono sintetico por creditoabonado origen: 2904 | Venta origen: 1245 | Credito abonado origen: 2904
credit-payment:synthetic:1249,credit-note:1249,2026-02-12 19:34:47,600,EFECTIVO,MIG-JM-ABONO-SINT-1249,Abono sintetico por creditoabonado origen: 600 | Venta origen: 1249 | Credito abonado origen: 600
credit-payment:synthetic:1251,credit-note:1251,2026-02-12 19:57:03,100,EFECTIVO,MIG-JM-ABONO-SINT-1251,Abono sintetico por creditoabonado origen: 100 | Venta origen: 1251 | Credito abonado origen: 100
credit-payment:synthetic:1253,credit-note:1253,2026-02-12 22:33:01,1405,EFECTIVO,MIG-JM-ABONO-SINT-1253,Abono sintetico por creditoabonado origen: 1405 | Venta origen: 1253 | Credito abonado origen: 1405
credit-payment:synthetic:1256,credit-note:1256,2026-02-13 15:11:21,14,EFECTIVO,MIG-JM-ABONO-SINT-1256,Abono sintetico por creditoabonado origen: 14 | Venta origen: 1256 | Credito abonado origen: 14
credit-payment:synthetic:1272,credit-note:1272,2026-02-16 22:33:53,750,EFECTIVO,MIG-JM-ABONO-SINT-1272,Abono sintetico por creditoabonado origen: 750 | Venta origen: 1272 | Credito abonado origen: 750
credit-payment:synthetic:1273,credit-note:1273,2026-02-16 22:38:42,70,EFECTIVO,MIG-JM-ABONO-SINT-1273,Abono sintetico por creditoabonado origen: 70 | Venta origen: 1273 | Credito abonado origen: 70
credit-payment:synthetic:1284,credit-note:1284,2026-02-17 17:38:42,90,EFECTIVO,MIG-JM-ABONO-SINT-1284,Abono sintetico por creditoabonado origen: 90 | Venta origen: 1284 | Credito abonado origen: 90
credit-payment:synthetic:1288,credit-note:1288,2026-02-17 18:14:08,49,EFECTIVO,MIG-JM-ABONO-SINT-1288,Abono sintetico por creditoabonado origen: 49 | Venta origen: 1288 | Credito abonado origen: 49
credit-payment:synthetic:1291,credit-note:1291,2026-02-18 13:34:15,5166,EFECTIVO,MIG-JM-ABONO-SINT-1291,Abono sintetico por creditoabonado origen: 5166 | Venta origen: 1291 | Credito abonado origen: 5166
credit-payment:synthetic:1296,credit-note:1296,2026-02-18 18:48:09,125,EFECTIVO,MIG-JM-ABONO-SINT-1296,Abono sintetico por creditoabonado origen: 125 | Venta origen: 1296 | Credito abonado origen: 125
credit-payment:synthetic:1299,credit-note:1299,2026-02-18 19:57:28,7600,EFECTIVO,MIG-JM-ABONO-SINT-1299,Abono sintetico por creditoabonado origen: 7600 | Venta origen: 1299 | Credito abonado origen: 7600
credit-payment:synthetic:1310,credit-note:1310,2026-02-20 14:04:27,6332.5,EFECTIVO,MIG-JM-ABONO-SINT-1310,Abono sintetico por creditoabonado origen: 6332.5 | Venta origen: 1310 | Credito abonado origen: 6332.5
credit-payment:synthetic:1312,credit-note:1312,2026-02-20 17:01:52,194,EFECTIVO,MIG-JM-ABONO-SINT-1312,Abono sintetico por creditoabonado origen: 194 | Venta origen: 1312 | Credito abonado origen: 194
credit-payment:synthetic:1313,credit-note:1313,2026-02-20 17:03:08,17,EFECTIVO,MIG-JM-ABONO-SINT-1313,Abono sintetico por creditoabonado origen: 17 | Venta origen: 1313 | Credito abonado origen: 17
credit-payment:synthetic:1320,credit-note:1320,2026-02-21 19:44:13,235,EFECTIVO,MIG-JM-ABONO-SINT-1320,Abono sintetico por creditoabonado origen: 235 | Venta origen: 1320 | Credito abonado origen: 235
credit-payment:synthetic:1324,credit-note:1324,2026-02-24 15:01:51,1902,EFECTIVO,MIG-JM-ABONO-SINT-1324,Abono sintetico por creditoabonado origen: 1902 | Venta origen: 1324 | Credito abonado origen: 1902
credit-payment:synthetic:1331,credit-note:1331,2026-02-24 19:02:24,216,EFECTIVO,MIG-JM-ABONO-SINT-1331,Abono sintetico por creditoabonado origen: 216 | Venta origen: 1331 | Credito abonado origen: 216
credit-payment:synthetic:1343,credit-note:1343,2026-02-25 20:20:50,86,EFECTIVO,MIG-JM-ABONO-SINT-1343,Abono sintetico por creditoabonado origen: 86 | Venta origen: 1343 | Credito abonado origen: 86
credit-payment:synthetic:1344,credit-note:1344,2026-02-25 21:07:33,1180,EFECTIVO,MIG-JM-ABONO-SINT-1344,Abono sintetico por creditoabonado origen: 1180 | Venta origen: 1344 | Credito abonado origen: 1180
credit-payment:synthetic:1349,credit-note:1349,2026-02-26 14:58:05,600,EFECTIVO,MIG-JM-ABONO-SINT-1349,Abono sintetico por creditoabonado origen: 600 | Venta origen: 1349 | Credito abonado origen: 600
credit-payment:synthetic:1350,credit-note:1350,2026-02-26 15:04:35,75,EFECTIVO,MIG-JM-ABONO-SINT-1350,Abono sintetico por creditoabonado origen: 75 | Venta origen: 1350 | Credito abonado origen: 75
credit-payment:synthetic:1354,credit-note:1354,2026-02-26 20:00:08,37,EFECTIVO,MIG-JM-ABONO-SINT-1354,Abono sintetico por creditoabonado origen: 37 | Venta origen: 1354 | Credito abonado origen: 37
credit-payment:synthetic:1356,credit-note:1356,2026-02-27 18:32:05,22,EFECTIVO,MIG-JM-ABONO-SINT-1356,Abono sintetico por creditoabonado origen: 22 | Venta origen: 1356 | Credito abonado origen: 22
credit-payment:synthetic:1359,credit-note:1359,2026-02-28 13:50:57,75,EFECTIVO,MIG-JM-ABONO-SINT-1359,Abono sintetico por creditoabonado origen: 75 | Venta origen: 1359 | Credito abonado origen: 75
credit-payment:synthetic:1362,credit-note:1362,2026-02-28 16:12:36,1180,EFECTIVO,MIG-JM-ABONO-SINT-1362,Abono sintetico por creditoabonado origen: 1180 | Venta origen: 1362 | Credito abonado origen: 1180
credit-payment:synthetic:1364,credit-note:1364,2026-02-28 21:00:51,50,EFECTIVO,MIG-JM-ABONO-SINT-1364,Abono sintetico por creditoabonado origen: 50 | Venta origen: 1364 | Credito abonado origen: 50
credit-payment:synthetic:1365,credit-note:1365,2026-03-02 15:26:03,22,EFECTIVO,MIG-JM-ABONO-SINT-1365,Abono sintetico por creditoabonado origen: 22 | Venta origen: 1365 | Credito abonado origen: 22
credit-payment:synthetic:1366,credit-note:1366,2026-03-02 15:56:22,493,EFECTIVO,MIG-JM-ABONO-SINT-1366,Abono sintetico por creditoabonado origen: 493 | Venta origen: 1366 | Credito abonado origen: 493
credit-payment:synthetic:1370,credit-note:1370,2026-03-02 22:29:28,1308,EFECTIVO,MIG-JM-ABONO-SINT-1370,Abono sintetico por creditoabonado origen: 1308 | Venta origen: 1370 | Credito abonado origen: 1308
credit-payment:synthetic:1375,credit-note:1375,2026-03-03 14:34:39,19,EFECTIVO,MIG-JM-ABONO-SINT-1375,Abono sintetico por creditoabonado origen: 19 | Venta origen: 1375 | Credito abonado origen: 19
credit-payment:synthetic:1376,credit-note:1376,2026-03-03 16:47:48,90,EFECTIVO,MIG-JM-ABONO-SINT-1376,Abono sintetico por creditoabonado origen: 90 | Venta origen: 1376 | Credito abonado origen: 90
credit-payment:synthetic:1377,credit-note:1377,2026-03-03 17:00:54,30,EFECTIVO,MIG-JM-ABONO-SINT-1377,Abono sintetico por creditoabonado origen: 30 | Venta origen: 1377 | Credito abonado origen: 30
credit-payment:synthetic:1380,credit-note:1380,2026-03-03 18:00:23,25,EFECTIVO,MIG-JM-ABONO-SINT-1380,Abono sintetico por creditoabonado origen: 25 | Venta origen: 1380 | Credito abonado origen: 25
credit-payment:synthetic:1384,credit-note:1384,2026-03-03 19:55:57,761,EFECTIVO,MIG-JM-ABONO-SINT-1384,Abono sintetico por creditoabonado origen: 761 | Venta origen: 1384 | Credito abonado origen: 761
credit-payment:synthetic:1385,credit-note:1385,2026-03-03 19:59:05,42,EFECTIVO,MIG-JM-ABONO-SINT-1385,Abono sintetico por creditoabonado origen: 42 | Venta origen: 1385 | Credito abonado origen: 42
credit-payment:synthetic:1401,credit-note:1401,2026-03-05 13:52:09,120,EFECTIVO,MIG-JM-ABONO-SINT-1401,Abono sintetico por creditoabonado origen: 120 | Venta origen: 1401 | Credito abonado origen: 120
credit-payment:synthetic:1403,credit-note:1403,2026-03-05 16:40:07,196,EFECTIVO,MIG-JM-ABONO-SINT-1403,Abono sintetico por creditoabonado origen: 196 | Venta origen: 1403 | Credito abonado origen: 196
credit-payment:synthetic:1404,credit-note:1404,2026-03-05 17:01:23,9,EFECTIVO,MIG-JM-ABONO-SINT-1404,Abono sintetico por creditoabonado origen: 9 | Venta origen: 1404 | Credito abonado origen: 9
credit-payment:synthetic:1406,credit-note:1406,2026-03-05 19:57:25,38,EFECTIVO,MIG-JM-ABONO-SINT-1406,Abono sintetico por creditoabonado origen: 38 | Venta origen: 1406 | Credito abonado origen: 38
credit-payment:synthetic:1416,credit-note:1416,2026-03-06 17:19:40,196,EFECTIVO,MIG-JM-ABONO-SINT-1416,Abono sintetico por creditoabonado origen: 196 | Venta origen: 1416 | Credito abonado origen: 196
credit-payment:synthetic:1425,credit-note:1425,2026-03-07 15:57:04,30,EFECTIVO,MIG-JM-ABONO-SINT-1425,Abono sintetico por creditoabonado origen: 30 | Venta origen: 1425 | Credito abonado origen: 30
credit-payment:synthetic:1426,credit-note:1426,2026-03-07 17:07:54,594,EFECTIVO,MIG-JM-ABONO-SINT-1426,Abono sintetico por creditoabonado origen: 594 | Venta origen: 1426 | Credito abonado origen: 594
credit-payment:synthetic:1427,credit-note:1427,2026-03-07 17:09:10,33,EFECTIVO,MIG-JM-ABONO-SINT-1427,Abono sintetico por creditoabonado origen: 33 | Venta origen: 1427 | Credito abonado origen: 33
credit-payment:synthetic:1429,credit-note:1429,2026-03-09 13:55:09,19,EFECTIVO,MIG-JM-ABONO-SINT-1429,Abono sintetico por creditoabonado origen: 19 | Venta origen: 1429 | Credito abonado origen: 19
credit-payment:synthetic:1431,credit-note:1431,2026-03-09 15:20:43,1800,EFECTIVO,MIG-JM-ABONO-SINT-1431,Abono sintetico por creditoabonado origen: 1800 | Venta origen: 1431 | Credito abonado origen: 1800
credit-payment:synthetic:1442,credit-note:1442,2026-03-09 21:22:42,100,EFECTIVO,MIG-JM-ABONO-SINT-1442,Abono sintetico por creditoabonado origen: 100 | Venta origen: 1442 | Credito abonado origen: 100
credit-payment:synthetic:1444,credit-note:1444,2026-03-10 16:28:09,236,EFECTIVO,MIG-JM-ABONO-SINT-1444,Abono sintetico por creditoabonado origen: 236 | Venta origen: 1444 | Credito abonado origen: 236
credit-payment:synthetic:1452,credit-note:1452,2026-03-11 18:13:21,18,EFECTIVO,MIG-JM-ABONO-SINT-1452,Abono sintetico por creditoabonado origen: 18 | Venta origen: 1452 | Credito abonado origen: 18
credit-payment:synthetic:1460,credit-note:1460,2026-03-11 21:53:18,180,EFECTIVO,MIG-JM-ABONO-SINT-1460,Abono sintetico por creditoabonado origen: 180 | Venta origen: 1460 | Credito abonado origen: 180
credit-payment:synthetic:1461,credit-note:1461,2026-03-11 22:57:01,28,EFECTIVO,MIG-JM-ABONO-SINT-1461,Abono sintetico por creditoabonado origen: 28 | Venta origen: 1461 | Credito abonado origen: 28
credit-payment:synthetic:1467,credit-note:1467,2026-03-12 17:34:16,170,EFECTIVO,MIG-JM-ABONO-SINT-1467,Abono sintetico por creditoabonado origen: 170 | Venta origen: 1467 | Credito abonado origen: 170
credit-payment:synthetic:1469,credit-note:1469,2026-03-12 17:45:32,120,EFECTIVO,MIG-JM-ABONO-SINT-1469,Abono sintetico por creditoabonado origen: 120 | Venta origen: 1469 | Credito abonado origen: 120
credit-payment:synthetic:1479,credit-note:1479,2026-03-13 15:47:37,6,EFECTIVO,MIG-JM-ABONO-SINT-1479,Abono sintetico por creditoabonado origen: 6 | Venta origen: 1479 | Credito abonado origen: 6
credit-payment:synthetic:1485,credit-note:1485,2026-03-14 15:02:17,587,EFECTIVO,MIG-JM-ABONO-SINT-1485,Abono sintetico por creditoabonado origen: 587 | Venta origen: 1485 | Credito abonado origen: 587
credit-payment:synthetic:1488,credit-note:1488,2026-03-14 16:58:13,196,EFECTIVO,MIG-JM-ABONO-SINT-1488,Abono sintetico por creditoabonado origen: 196 | Venta origen: 1488 | Credito abonado origen: 196
credit-payment:synthetic:1491,credit-note:1491,2026-03-14 19:09:03,517,EFECTIVO,MIG-JM-ABONO-SINT-1491,Abono sintetico por creditoabonado origen: 517 | Venta origen: 1491 | Credito abonado origen: 517
credit-payment:synthetic:1492,credit-note:1492,2026-03-14 19:13:00,49,EFECTIVO,MIG-JM-ABONO-SINT-1492,Abono sintetico por creditoabonado origen: 49 | Venta origen: 1492 | Credito abonado origen: 49
credit-payment:synthetic:1493,credit-note:1493,2026-03-16 14:03:52,600,EFECTIVO,MIG-JM-ABONO-SINT-1493,Abono sintetico por creditoabonado origen: 600 | Venta origen: 1493 | Credito abonado origen: 600
credit-payment:synthetic:1498,credit-note:1498,2026-03-16 21:34:57,148,EFECTIVO,MIG-JM-ABONO-SINT-1498,Abono sintetico por creditoabonado origen: 148 | Venta origen: 1498 | Credito abonado origen: 148
credit-payment:synthetic:1504,credit-note:1504,2026-03-17 15:10:21,17,EFECTIVO,MIG-JM-ABONO-SINT-1504,Abono sintetico por creditoabonado origen: 17 | Venta origen: 1504 | Credito abonado origen: 17
credit-payment:synthetic:1506,credit-note:1506,2026-03-17 15:38:10,5.5,EFECTIVO,MIG-JM-ABONO-SINT-1506,Abono sintetico por creditoabonado origen: 5.5 | Venta origen: 1506 | Credito abonado origen: 5.5
credit-payment:synthetic:1507,credit-note:1507,2026-03-17 16:30:43,236,EFECTIVO,MIG-JM-ABONO-SINT-1507,Abono sintetico por creditoabonado origen: 236 | Venta origen: 1507 | Credito abonado origen: 236
credit-payment:synthetic:1508,credit-note:1508,2026-03-17 17:02:46,70,EFECTIVO,MIG-JM-ABONO-SINT-1508,Abono sintetico por creditoabonado origen: 70 | Venta origen: 1508 | Credito abonado origen: 70
credit-payment:synthetic:1509,credit-note:1509,2026-03-17 17:04:55,9,EFECTIVO,MIG-JM-ABONO-SINT-1509,Abono sintetico por creditoabonado origen: 9 | Venta origen: 1509 | Credito abonado origen: 9
credit-payment:synthetic:1546,credit-note:1546,2026-03-21 00:11:55,61,EFECTIVO,MIG-JM-ABONO-SINT-1546,Abono sintetico por creditoabonado origen: 61 | Venta origen: 1546 | Credito abonado origen: 61
credit-payment:synthetic:1549,credit-note:1549,2026-03-21 13:55:02,460,EFECTIVO,MIG-JM-ABONO-SINT-1549,Abono sintetico por creditoabonado origen: 460 | Venta origen: 1549 | Credito abonado origen: 460
credit-payment:synthetic:1550,credit-note:1550,2026-03-21 14:14:39,180,EFECTIVO,MIG-JM-ABONO-SINT-1550,Abono sintetico por creditoabonado origen: 180 | Venta origen: 1550 | Credito abonado origen: 180
credit-payment:synthetic:1555,credit-note:1555,2026-03-21 18:37:54,8450,EFECTIVO,MIG-JM-ABONO-SINT-1555,Abono sintetico por creditoabonado origen: 8450 | Venta origen: 1555 | Credito abonado origen: 8450
credit-payment:synthetic:1561,credit-note:1561,2026-03-23 16:21:28,425,EFECTIVO,MIG-JM-ABONO-SINT-1561,Abono sintetico por creditoabonado origen: 425 | Venta origen: 1561 | Credito abonado origen: 425
credit-payment:synthetic:1562,credit-note:1562,2026-03-23 19:46:41,23,EFECTIVO,MIG-JM-ABONO-SINT-1562,Abono sintetico por creditoabonado origen: 23 | Venta origen: 1562 | Credito abonado origen: 23
credit-payment:synthetic:1565,credit-note:1565,2026-03-24 13:44:45,122,EFECTIVO,MIG-JM-ABONO-SINT-1565,Abono sintetico por creditoabonado origen: 122 | Venta origen: 1565 | Credito abonado origen: 122
credit-payment:synthetic:1567,credit-note:1567,2026-03-24 14:28:18,32,EFECTIVO,MIG-JM-ABONO-SINT-1567,Abono sintetico por creditoabonado origen: 32 | Venta origen: 1567 | Credito abonado origen: 32
credit-payment:synthetic:1570,credit-note:1570,2026-03-24 16:07:03,1154,EFECTIVO,MIG-JM-ABONO-SINT-1570,Abono sintetico por creditoabonado origen: 1154 | Venta origen: 1570 | Credito abonado origen: 1154
credit-payment:synthetic:1580,credit-note:1580,2026-03-26 13:18:27,38,EFECTIVO,MIG-JM-ABONO-SINT-1580,Abono sintetico por creditoabonado origen: 38 | Venta origen: 1580 | Credito abonado origen: 38
credit-payment:synthetic:1597,credit-note:1597,2026-03-27 15:06:05,416,EFECTIVO,MIG-JM-ABONO-SINT-1597,Abono sintetico por creditoabonado origen: 416 | Venta origen: 1597 | Credito abonado origen: 416
credit-payment:synthetic:1604,credit-note:1604,2026-03-28 14:50:04,90,EFECTIVO,MIG-JM-ABONO-SINT-1604,Abono sintetico por creditoabonado origen: 90 | Venta origen: 1604 | Credito abonado origen: 90
credit-payment:synthetic:1610,credit-note:1610,2026-03-28 16:12:03,235,EFECTIVO,MIG-JM-ABONO-SINT-1610,Abono sintetico por creditoabonado origen: 235 | Venta origen: 1610 | Credito abonado origen: 235
credit-payment:synthetic:1611,credit-note:1611,2026-03-28 16:30:59,118,EFECTIVO,MIG-JM-ABONO-SINT-1611,Abono sintetico por creditoabonado origen: 118 | Venta origen: 1611 | Credito abonado origen: 118
credit-payment:synthetic:1612,credit-note:1612,2026-03-28 16:34:31,26,EFECTIVO,MIG-JM-ABONO-SINT-1612,Abono sintetico por creditoabonado origen: 26 | Venta origen: 1612 | Credito abonado origen: 26
credit-payment:synthetic:1616,credit-note:1616,2026-03-30 13:35:11,416,EFECTIVO,MIG-JM-ABONO-SINT-1616,Abono sintetico por creditoabonado origen: 416 | Venta origen: 1616 | Credito abonado origen: 416
credit-payment:synthetic:1628,credit-note:1628,2026-03-31 16:12:50,19,EFECTIVO,MIG-JM-ABONO-SINT-1628,Abono sintetico por creditoabonado origen: 19 | Venta origen: 1628 | Credito abonado origen: 19
credit-payment:synthetic:1634,credit-note:1634,2026-04-01 15:10:00,29,EFECTIVO,MIG-JM-ABONO-SINT-1634,Abono sintetico por creditoabonado origen: 29 | Venta origen: 1634 | Credito abonado origen: 29
credit-payment:synthetic:1658,credit-note:1658,2026-04-07 17:33:46,31,EFECTIVO,MIG-JM-ABONO-SINT-1658,Abono sintetico por creditoabonado origen: 31 | Venta origen: 1658 | Credito abonado origen: 31
credit-payment:synthetic:1664,credit-note:1664,2026-04-07 22:39:11,53,EFECTIVO,MIG-JM-ABONO-SINT-1664,Abono sintetico por creditoabonado origen: 53 | Venta origen: 1664 | Credito abonado origen: 53
credit-payment:synthetic:1665,credit-note:1665,2026-04-07 23:45:13,168,EFECTIVO,MIG-JM-ABONO-SINT-1665,Abono sintetico por creditoabonado origen: 168 | Venta origen: 1665 | Credito abonado origen: 168
credit-payment:synthetic:1666,credit-note:1666,2026-04-08 13:19:34,139,EFECTIVO,MIG-JM-ABONO-SINT-1666,Abono sintetico por creditoabonado origen: 139 | Venta origen: 1666 | Credito abonado origen: 139
credit-payment:synthetic:1667,credit-note:1667,2026-04-08 13:50:26,388,EFECTIVO,MIG-JM-ABONO-SINT-1667,Abono sintetico por creditoabonado origen: 388 | Venta origen: 1667 | Credito abonado origen: 388
credit-payment:synthetic:1668,credit-note:1668,2026-04-08 15:00:15,245,EFECTIVO,MIG-JM-ABONO-SINT-1668,Abono sintetico por creditoabonado origen: 245 | Venta origen: 1668 | Credito abonado origen: 245
credit-payment:synthetic:1687,credit-note:1687,2026-04-10 17:27:12,652,EFECTIVO,MIG-JM-ABONO-SINT-1687,Abono sintetico por creditoabonado origen: 652 | Venta origen: 1687 | Credito abonado origen: 652
credit-payment:synthetic:1692,credit-note:1692,2026-04-11 13:42:01,100,EFECTIVO,MIG-JM-ABONO-SINT-1692,Abono sintetico por creditoabonado origen: 100 | Venta origen: 1692 | Credito abonado origen: 100
credit-payment:synthetic:1696,credit-note:1696,2026-04-11 16:01:01,52,EFECTIVO,MIG-JM-ABONO-SINT-1696,Abono sintetico por creditoabonado origen: 52 | Venta origen: 1696 | Credito abonado origen: 52
credit-payment:synthetic:1720,credit-note:1720,2026-04-13 21:55:53,3,EFECTIVO,MIG-JM-ABONO-SINT-1720,Abono sintetico por creditoabonado origen: 3 | Venta origen: 1720 | Credito abonado origen: 3
credit-payment:synthetic:1724,credit-note:1724,2026-04-14 20:52:35,181,EFECTIVO,MIG-JM-ABONO-SINT-1724,Abono sintetico por creditoabonado origen: 181 | Venta origen: 1724 | Credito abonado origen: 181
credit-payment:synthetic:1765,credit-note:1765,2026-04-17 16:34:51,475,EFECTIVO,MIG-JM-ABONO-SINT-1765,Abono sintetico por creditoabonado origen: 475 | Venta origen: 1765 | Credito abonado origen: 475
credit-payment:synthetic:1790,credit-note:1790,2026-04-20 16:52:11,120,EFECTIVO,MIG-JM-ABONO-SINT-1790,Abono sintetico por creditoabonado origen: 120 | Venta origen: 1790 | Credito abonado origen: 120
credit-payment:synthetic:1794,credit-note:1794,2026-04-20 17:37:02,4732,EFECTIVO,MIG-JM-ABONO-SINT-1794,Abono sintetico por creditoabonado origen: 4732 | Venta origen: 1794 | Credito abonado origen: 4732
credit-payment:synthetic:1804,credit-note:1804,2026-04-21 15:28:12,32,EFECTIVO,MIG-JM-ABONO-SINT-1804,Abono sintetico por creditoabonado origen: 32 | Venta origen: 1804 | Credito abonado origen: 32
credit-payment:synthetic:1820,credit-note:1820,2026-04-22 19:22:28,18,EFECTIVO,MIG-JM-ABONO-SINT-1820,Abono sintetico por creditoabonado origen: 18 | Venta origen: 1820 | Credito abonado origen: 18
credit-payment:synthetic:1822,credit-note:1822,2026-04-22 21:18:14,100,EFECTIVO,MIG-JM-ABONO-SINT-1822,Abono sintetico por creditoabonado origen: 100 | Venta origen: 1822 | Credito abonado origen: 100
credit-payment:synthetic:1828,credit-note:1828,2026-04-23 17:13:08,180,EFECTIVO,MIG-JM-ABONO-SINT-1828,Abono sintetico por creditoabonado origen: 180 | Venta origen: 1828 | Credito abonado origen: 180
credit-payment:synthetic:1829,credit-note:1829,2026-04-23 17:16:02,122,EFECTIVO,MIG-JM-ABONO-SINT-1829,Abono sintetico por creditoabonado origen: 122 | Venta origen: 1829 | Credito abonado origen: 122
credit-payment:synthetic:1834,credit-note:1834,2026-04-23 20:00:48,3900,EFECTIVO,MIG-JM-ABONO-SINT-1834,Abono sintetico por creditoabonado origen: 3900 | Venta origen: 1834 | Credito abonado origen: 3900
credit-payment:synthetic:1840,credit-note:1840,2026-04-24 14:30:38,56,EFECTIVO,MIG-JM-ABONO-SINT-1840,Abono sintetico por creditoabonado origen: 56 | Venta origen: 1840 | Credito abonado origen: 56
credit-payment:synthetic:1849,credit-note:1849,2026-04-24 19:02:42,117,EFECTIVO,MIG-JM-ABONO-SINT-1849,Abono sintetico por creditoabonado origen: 117 | Venta origen: 1849 | Credito abonado origen: 117
credit-payment:synthetic:1854,credit-note:1854,2026-04-24 20:36:23,40,EFECTIVO,MIG-JM-ABONO-SINT-1854,Abono sintetico por creditoabonado origen: 40 | Venta origen: 1854 | Credito abonado origen: 40
credit-payment:synthetic:1872,credit-note:1872,2026-04-28 15:01:40,32,EFECTIVO,MIG-JM-ABONO-SINT-1872,Abono sintetico por creditoabonado origen: 32 | Venta origen: 1872 | Credito abonado origen: 32
credit-payment:synthetic:1891,credit-note:1891,2026-04-29 22:02:05,30,EFECTIVO,MIG-JM-ABONO-SINT-1891,Abono sintetico por creditoabonado origen: 30 | Venta origen: 1891 | Credito abonado origen: 30
credit-payment:synthetic:1908,credit-note:1908,2026-05-01 17:05:13,32,EFECTIVO,MIG-JM-ABONO-SINT-1908,Abono sintetico por creditoabonado origen: 32 | Venta origen: 1908 | Credito abonado origen: 32
credit-payment:synthetic:1909,credit-note:1909,2026-05-01 17:18:50,52,EFECTIVO,MIG-JM-ABONO-SINT-1909,Abono sintetico por creditoabonado origen: 52 | Venta origen: 1909 | Credito abonado origen: 52
credit-payment:synthetic:1911,credit-note:1911,2026-05-01 21:36:41,1375.5,EFECTIVO,MIG-JM-ABONO-SINT-1911,Abono sintetico por creditoabonado origen: 1375.5 | Venta origen: 1911 | Credito abonado origen: 1375.5
credit-payment:synthetic:1918,credit-note:1918,2026-05-02 16:37:37,120,EFECTIVO,MIG-JM-ABONO-SINT-1918,Abono sintetico por creditoabonado origen: 120 | Venta origen: 1918 | Credito abonado origen: 120
credit-payment:synthetic:1921,credit-note:1921,2026-05-04 14:01:55,1800,EFECTIVO,MIG-JM-ABONO-SINT-1921,Abono sintetico por creditoabonado origen: 1800 | Venta origen: 1921 | Credito abonado origen: 1800
credit-payment:synthetic:1924,credit-note:1924,2026-05-04 15:19:12,135,EFECTIVO,MIG-JM-ABONO-SINT-1924,Abono sintetico por creditoabonado origen: 135 | Venta origen: 1924 | Credito abonado origen: 135
credit-payment:synthetic:1925,credit-note:1925,2026-05-04 15:23:33,1420,EFECTIVO,MIG-JM-ABONO-SINT-1925,Abono sintetico por creditoabonado origen: 1420 | Venta origen: 1925 | Credito abonado origen: 1420
credit-payment:synthetic:1946,credit-note:1946,2026-05-05 22:49:56,55,EFECTIVO,MIG-JM-ABONO-SINT-1946,Abono sintetico por creditoabonado origen: 55 | Venta origen: 1946 | Credito abonado origen: 55
credit-payment:synthetic:1951,credit-note:1951,2026-05-06 14:08:54,120,EFECTIVO,MIG-JM-ABONO-SINT-1951,Abono sintetico por creditoabonado origen: 120 | Venta origen: 1951 | Credito abonado origen: 120
credit-payment:synthetic:1954,credit-note:1954,2026-05-06 15:31:27,500,EFECTIVO,MIG-JM-ABONO-SINT-1954,Abono sintetico por creditoabonado origen: 500 | Venta origen: 1954 | Credito abonado origen: 500
credit-payment:synthetic:1955,credit-note:1955,2026-05-06 15:34:56,331,EFECTIVO,MIG-JM-ABONO-SINT-1955,Abono sintetico por creditoabonado origen: 331 | Venta origen: 1955 | Credito abonado origen: 331
credit-payment:synthetic:1973,credit-note:1973,2026-05-07 16:06:14,16,EFECTIVO,MIG-JM-ABONO-SINT-1973,Abono sintetico por creditoabonado origen: 16 | Venta origen: 1973 | Credito abonado origen: 16
credit-payment:synthetic:1978,credit-note:1978,2026-05-07 23:15:14,46,EFECTIVO,MIG-JM-ABONO-SINT-1978,Abono sintetico por creditoabonado origen: 46 | Venta origen: 1978 | Credito abonado origen: 46
credit-payment:synthetic:1980,credit-note:1980,2026-05-08 16:06:43,45,EFECTIVO,MIG-JM-ABONO-SINT-1980,Abono sintetico por creditoabonado origen: 45 | Venta origen: 1980 | Credito abonado origen: 45
credit-payment:synthetic:1981,credit-note:1981,2026-05-08 18:17:57,950,EFECTIVO,MIG-JM-ABONO-SINT-1981,Abono sintetico por creditoabonado origen: 950 | Venta origen: 1981 | Credito abonado origen: 950
credit-payment:synthetic:1988,credit-note:1988,2026-05-09 15:29:41,1800,EFECTIVO,MIG-JM-ABONO-SINT-1988,Abono sintetico por creditoabonado origen: 1800 | Venta origen: 1988 | Credito abonado origen: 1800
credit-payment:synthetic:1989,credit-note:1989,2026-05-09 17:18:52,1992,EFECTIVO,MIG-JM-ABONO-SINT-1989,Abono sintetico por creditoabonado origen: 1992 | Venta origen: 1989 | Credito abonado origen: 1992
credit-payment:synthetic:1990,credit-note:1990,2026-05-09 17:22:47,26,EFECTIVO,MIG-JM-ABONO-SINT-1990,Abono sintetico por creditoabonado origen: 26 | Venta origen: 1990 | Credito abonado origen: 26
credit-payment:synthetic:1994,credit-note:1994,2026-05-09 19:23:26,56,EFECTIVO,MIG-JM-ABONO-SINT-1994,Abono sintetico por creditoabonado origen: 56 | Venta origen: 1994 | Credito abonado origen: 56
credit-payment:synthetic:2001,credit-note:2001,2026-05-11 16:32:51,1770,EFECTIVO,MIG-JM-ABONO-SINT-2001,Abono sintetico por creditoabonado origen: 1770 | Venta origen: 2001 | Credito abonado origen: 1770
credit-payment:synthetic:2033,credit-note:2033,2026-05-13 18:24:40,45,EFECTIVO,MIG-JM-ABONO-SINT-2033,Abono sintetico por creditoabonado origen: 45 | Venta origen: 2033 | Credito abonado origen: 45
credit-payment:synthetic:2039,credit-note:2039,2026-05-14 00:02:47,126,EFECTIVO,MIG-JM-ABONO-SINT-2039,Abono sintetico por creditoabonado origen: 126 | Venta origen: 2039 | Credito abonado origen: 126
credit-payment:synthetic:2045,credit-note:2045,2026-05-14 16:50:57,1175,EFECTIVO,MIG-JM-ABONO-SINT-2045,Abono sintetico por creditoabonado origen: 1175 | Venta origen: 2045 | Credito abonado origen: 1175
credit-payment:synthetic:2046,credit-note:2046,2026-05-14 16:53:58,75,EFECTIVO,MIG-JM-ABONO-SINT-2046,Abono sintetico por creditoabonado origen: 75 | Venta origen: 2046 | Credito abonado origen: 75
credit-payment:synthetic:2062,credit-note:2062,2026-05-16 18:10:16,18,EFECTIVO,MIG-JM-ABONO-SINT-2062,Abono sintetico por creditoabonado origen: 18 | Venta origen: 2062 | Credito abonado origen: 18
credit-payment:synthetic:2088,credit-note:2088,2026-05-19 20:04:48,95,EFECTIVO,MIG-JM-ABONO-SINT-2088,Abono sintetico por creditoabonado origen: 95 | Venta origen: 2088 | Credito abonado origen: 95
credit-payment:synthetic:2093,credit-note:2093,2026-05-20 14:41:59,22,EFECTIVO,MIG-JM-ABONO-SINT-2093,Abono sintetico por creditoabonado origen: 22 | Venta origen: 2093 | Credito abonado origen: 22
credit-payment:synthetic:2099,credit-note:2099,2026-05-20 17:21:14,192,EFECTIVO,MIG-JM-ABONO-SINT-2099,Abono sintetico por creditoabonado origen: 192 | Venta origen: 2099 | Credito abonado origen: 192
credit-payment:synthetic:2109,credit-note:2109,2026-05-21 14:05:52,360,EFECTIVO,MIG-JM-ABONO-SINT-2109,Abono sintetico por creditoabonado origen: 360 | Venta origen: 2109 | Credito abonado origen: 360
credit-payment:synthetic:2111,credit-note:2111,2026-05-21 15:06:35,30,EFECTIVO,MIG-JM-ABONO-SINT-2111,Abono sintetico por creditoabonado origen: 30 | Venta origen: 2111 | Credito abonado origen: 30
credit-payment:synthetic:2112,credit-note:2112,2026-05-21 15:07:47,18,EFECTIVO,MIG-JM-ABONO-SINT-2112,Abono sintetico por creditoabonado origen: 18 | Venta origen: 2112 | Credito abonado origen: 18
credit-payment:synthetic:2122,credit-note:2122,2026-05-21 18:16:23,157,EFECTIVO,MIG-JM-ABONO-SINT-2122,Abono sintetico por creditoabonado origen: 157 | Venta origen: 2122 | Credito abonado origen: 157
credit-payment:synthetic:2125,credit-note:2125,2026-05-21 20:44:21,18,EFECTIVO,MIG-JM-ABONO-SINT-2125,Abono sintetico por creditoabonado origen: 18 | Venta origen: 2125 | Credito abonado origen: 18
credit-payment:synthetic:2133,credit-note:2133,2026-05-22 18:08:08,282,EFECTIVO,MIG-JM-ABONO-SINT-2133,Abono sintetico por creditoabonado origen: 282 | Venta origen: 2133 | Credito abonado origen: 282
credit-payment:synthetic:2143,credit-note:2143,2026-05-22 23:04:07,1520,EFECTIVO,MIG-JM-ABONO-SINT-2143,Abono sintetico por creditoabonado origen: 1520 | Venta origen: 2143 | Credito abonado origen: 1520
credit-payment:synthetic:2150,credit-note:2150,2026-05-23 16:46:04,90,EFECTIVO,MIG-JM-ABONO-SINT-2150,Abono sintetico por creditoabonado origen: 90 | Venta origen: 2150 | Credito abonado origen: 90
credit-payment:synthetic:2162,credit-note:2162,2026-05-25 21:26:44,10,EFECTIVO,MIG-JM-ABONO-SINT-2162,Abono sintetico por creditoabonado origen: 10 | Venta origen: 2162 | Credito abonado origen: 10
credit-payment:synthetic:2168,credit-note:2168,2026-05-26 14:09:32,120,EFECTIVO,MIG-JM-ABONO-SINT-2168,Abono sintetico por creditoabonado origen: 120 | Venta origen: 2168 | Credito abonado origen: 120
credit-payment:synthetic:2169,credit-note:2169,2026-05-26 14:55:13,1020,EFECTIVO,MIG-JM-ABONO-SINT-2169,Abono sintetico por creditoabonado origen: 1020 | Venta origen: 2169 | Credito abonado origen: 1020
credit-payment:synthetic:2171,credit-note:2171,2026-05-26 15:53:46,120,EFECTIVO,MIG-JM-ABONO-SINT-2171,Abono sintetico por creditoabonado origen: 120 | Venta origen: 2171 | Credito abonado origen: 120
credit-payment:synthetic:2174,credit-note:2174,2026-05-26 17:07:48,240,EFECTIVO,MIG-JM-ABONO-SINT-2174,Abono sintetico por creditoabonado origen: 240 | Venta origen: 2174 | Credito abonado origen: 240
credit-payment:synthetic:2183,credit-note:2183,2026-05-27 15:44:05,314,EFECTIVO,MIG-JM-ABONO-SINT-2183,Abono sintetico por creditoabonado origen: 314 | Venta origen: 2183 | Credito abonado origen: 314
credit-payment:synthetic:2189,credit-note:2189,2026-05-27 21:08:58,26,EFECTIVO,MIG-JM-ABONO-SINT-2189,Abono sintetico por creditoabonado origen: 26 | Venta origen: 2189 | Credito abonado origen: 26
credit-payment:synthetic:2190,credit-note:2190,2026-05-27 22:06:48,810,EFECTIVO,MIG-JM-ABONO-SINT-2190,Abono sintetico por creditoabonado origen: 810 | Venta origen: 2190 | Credito abonado origen: 810
credit-payment:synthetic:2205,credit-note:2205,2026-05-29 16:49:09,22,EFECTIVO,MIG-JM-ABONO-SINT-2205,Abono sintetico por creditoabonado origen: 22 | Venta origen: 2205 | Credito abonado origen: 22
credit-payment:synthetic:2212,credit-note:2212,2026-05-30 14:51:21,340,EFECTIVO,MIG-JM-ABONO-SINT-2212,Abono sintetico por creditoabonado origen: 340 | Venta origen: 2212 | Credito abonado origen: 340
credit-payment:synthetic:2213,credit-note:2213,2026-05-30 15:25:00,1350,EFECTIVO,MIG-JM-ABONO-SINT-2213,Abono sintetico por creditoabonado origen: 1350 | Venta origen: 2213 | Credito abonado origen: 1350
credit-payment:synthetic:2214,credit-note:2214,2026-05-30 17:12:24,52,EFECTIVO,MIG-JM-ABONO-SINT-2214,Abono sintetico por creditoabonado origen: 52 | Venta origen: 2214 | Credito abonado origen: 52
credit-payment:synthetic:2217,credit-note:2217,2026-06-01 14:25:38,110,EFECTIVO,MIG-JM-ABONO-SINT-2217,Abono sintetico por creditoabonado origen: 110 | Venta origen: 2217 | Credito abonado origen: 110
credit-payment:synthetic:2219,credit-note:2219,2026-06-01 15:35:51,56,EFECTIVO,MIG-JM-ABONO-SINT-2219,Abono sintetico por creditoabonado origen: 56 | Venta origen: 2219 | Credito abonado origen: 56
credit-payment:synthetic:2221,credit-note:2221,2026-06-01 17:07:49,120,EFECTIVO,MIG-JM-ABONO-SINT-2221,Abono sintetico por creditoabonado origen: 120 | Venta origen: 2221 | Credito abonado origen: 120
credit-payment:synthetic:2227,credit-note:2227,2026-06-01 20:29:31,1200,EFECTIVO,MIG-JM-ABONO-SINT-2227,Abono sintetico por creditoabonado origen: 1200 | Venta origen: 2227 | Credito abonado origen: 1200
credit-payment:synthetic:2231,credit-note:2231,2026-06-02 14:30:12,268,EFECTIVO,MIG-JM-ABONO-SINT-2231,Abono sintetico por creditoabonado origen: 268 | Venta origen: 2231 | Credito abonado origen: 268
credit-payment:synthetic:2257,credit-note:2257,2026-06-03 21:43:34,105,EFECTIVO,MIG-JM-ABONO-SINT-2257,Abono sintetico por creditoabonado origen: 105 | Venta origen: 2257 | Credito abonado origen: 105
credit-payment:synthetic:2270,credit-note:2270,2026-06-04 22:08:36,12,EFECTIVO,MIG-JM-ABONO-SINT-2270,Abono sintetico por creditoabonado origen: 12 | Venta origen: 2270 | Credito abonado origen: 12
credit-payment:synthetic:2274,credit-note:2274,2026-06-05 16:46:57,60,EFECTIVO,MIG-JM-ABONO-SINT-2274,Abono sintetico por creditoabonado origen: 60 | Venta origen: 2274 | Credito abonado origen: 60
credit-payment:synthetic:2278,credit-note:2278,2026-06-05 20:24:19,130,EFECTIVO,MIG-JM-ABONO-SINT-2278,Abono sintetico por creditoabonado origen: 130 | Venta origen: 2278 | Credito abonado origen: 130
credit-payment:synthetic:2281,credit-note:2281,2026-06-06 14:40:57,42,EFECTIVO,MIG-JM-ABONO-SINT-2281,Abono sintetico por creditoabonado origen: 42 | Venta origen: 2281 | Credito abonado origen: 42
credit-payment:synthetic:2293,credit-note:2293,2026-06-08 21:06:40,392,EFECTIVO,MIG-JM-ABONO-SINT-2293,Abono sintetico por creditoabonado origen: 392 | Venta origen: 2293 | Credito abonado origen: 392
credit-payment:synthetic:2296,credit-note:2296,2026-06-08 23:10:14,256.5,EFECTIVO,MIG-JM-ABONO-SINT-2296,Abono sintetico por creditoabonado origen: 256.5 | Venta origen: 2296 | Credito abonado origen: 256.5
credit-payment:synthetic:2299,credit-note:2299,2026-06-09 16:29:41,1150,EFECTIVO,MIG-JM-ABONO-SINT-2299,Abono sintetico por creditoabonado origen: 1150 | Venta origen: 2299 | Credito abonado origen: 1150
credit-payment:synthetic:2321,credit-note:2321,2026-06-11 14:12:17,2798,EFECTIVO,MIG-JM-ABONO-SINT-2321,Abono sintetico por creditoabonado origen: 2798 | Venta origen: 2321 | Credito abonado origen: 2798
credit-payment:synthetic:2358,credit-note:2358,2026-06-16 16:18:52,398,EFECTIVO,MIG-JM-ABONO-SINT-2358,Abono sintetico por creditoabonado origen: 398 | Venta origen: 2358 | Credito abonado origen: 398
credit-payment:synthetic:2359,credit-note:2359,2026-06-16 16:44:07,51,EFECTIVO,MIG-JM-ABONO-SINT-2359,Abono sintetico por creditoabonado origen: 51 | Venta origen: 2359 | Credito abonado origen: 51
credit-payment:synthetic:2363,credit-note:2363,2026-06-16 21:38:07,12,EFECTIVO,MIG-JM-ABONO-SINT-2363,Abono sintetico por creditoabonado origen: 12 | Venta origen: 2363 | Credito abonado origen: 12
credit-payment:synthetic:2367,credit-note:2367,2026-06-17 14:05:49,9,EFECTIVO,MIG-JM-ABONO-SINT-2367,Abono sintetico por creditoabonado origen: 9 | Venta origen: 2367 | Credito abonado origen: 9
credit-payment:synthetic:2371,credit-note:2371,2026-06-17 16:14:57,166,EFECTIVO,MIG-JM-ABONO-SINT-2371,Abono sintetico por creditoabonado origen: 166 | Venta origen: 2371 | Credito abonado origen: 166
credit-payment:synthetic:2373,credit-note:2373,2026-06-17 18:06:25,90,EFECTIVO,MIG-JM-ABONO-SINT-2373,Abono sintetico por creditoabonado origen: 90 | Venta origen: 2373 | Credito abonado origen: 90
credit-payment:synthetic:2374,credit-note:2374,2026-06-17 18:07:01,900,EFECTIVO,MIG-JM-ABONO-SINT-2374,Abono sintetico por creditoabonado origen: 900 | Venta origen: 2374 | Credito abonado origen: 900
credit-payment:synthetic:2375,credit-note:2375,2026-06-17 19:14:26,231,EFECTIVO,MIG-JM-ABONO-SINT-2375,Abono sintetico por creditoabonado origen: 231 | Venta origen: 2375 | Credito abonado origen: 231
credit-payment:synthetic:2379,credit-note:2379,2026-06-17 20:12:25,9,EFECTIVO,MIG-JM-ABONO-SINT-2379,Abono sintetico por creditoabonado origen: 9 | Venta origen: 2379 | Credito abonado origen: 9
credit-payment:synthetic:2380,credit-note:2380,2026-06-17 20:41:53,46,EFECTIVO,MIG-JM-ABONO-SINT-2380,Abono sintetico por creditoabonado origen: 46 | Venta origen: 2380 | Credito abonado origen: 46
credit-payment:synthetic:2387,credit-note:2387,2026-06-18 15:21:40,178,EFECTIVO,MIG-JM-ABONO-SINT-2387,Abono sintetico por creditoabonado origen: 178 | Venta origen: 2387 | Credito abonado origen: 178
credit-payment:synthetic:2410,credit-note:2410,2026-06-19 22:42:15,240,EFECTIVO,MIG-JM-ABONO-SINT-2410,Abono sintetico por creditoabonado origen: 240 | Venta origen: 2410 | Credito abonado origen: 240
credit-payment:synthetic:2411,credit-note:2411,2026-06-19 23:28:56,19,EFECTIVO,MIG-JM-ABONO-SINT-2411,Abono sintetico por creditoabonado origen: 19 | Venta origen: 2411 | Credito abonado origen: 19
credit-payment:synthetic:2415,credit-note:2415,2026-06-20 15:54:14,116,EFECTIVO,MIG-JM-ABONO-SINT-2415,Abono sintetico por creditoabonado origen: 116 | Venta origen: 2415 | Credito abonado origen: 116
credit-payment:synthetic:2416,credit-note:2416,2026-06-20 16:40:41,120,EFECTIVO,MIG-JM-ABONO-SINT-2416,Abono sintetico por creditoabonado origen: 120 | Venta origen: 2416 | Credito abonado origen: 120
credit-payment:synthetic:2422,credit-note:2422,2026-06-22 15:21:27,14,EFECTIVO,MIG-JM-ABONO-SINT-2422,Abono sintetico por creditoabonado origen: 14 | Venta origen: 2422 | Credito abonado origen: 14
credit-payment:synthetic:2430,credit-note:2430,2026-06-22 19:01:34,1170,EFECTIVO,MIG-JM-ABONO-SINT-2430,Abono sintetico por creditoabonado origen: 1170 | Venta origen: 2430 | Credito abonado origen: 1170
credit-payment:synthetic:2432,credit-note:2432,2026-06-22 21:18:21,67,EFECTIVO,MIG-JM-ABONO-SINT-2432,Abono sintetico por creditoabonado origen: 67 | Venta origen: 2432 | Credito abonado origen: 67
credit-payment:synthetic:2438,credit-note:2438,2026-06-23 17:27:35,930,EFECTIVO,MIG-JM-ABONO-SINT-2438,Abono sintetico por creditoabonado origen: 930 | Venta origen: 2438 | Credito abonado origen: 930
credit-payment:synthetic:2441,credit-note:2441,2026-06-23 21:35:41,23,EFECTIVO,MIG-JM-ABONO-SINT-2441,Abono sintetico por creditoabonado origen: 23 | Venta origen: 2441 | Credito abonado origen: 23
credit-payment:synthetic:2443,credit-note:2443,2026-06-23 22:23:13,240,EFECTIVO,MIG-JM-ABONO-SINT-2443,Abono sintetico por creditoabonado origen: 240 | Venta origen: 2443 | Credito abonado origen: 240
credit-payment:synthetic:2449,credit-note:2449,2026-06-24 13:57:54,900,EFECTIVO,MIG-JM-ABONO-SINT-2449,Abono sintetico por creditoabonado origen: 900 | Venta origen: 2449 | Credito abonado origen: 900
credit-payment:synthetic:2455,credit-note:2455,2026-06-24 20:26:28,146,EFECTIVO,MIG-JM-ABONO-SINT-2455,Abono sintetico por creditoabonado origen: 146 | Venta origen: 2455 | Credito abonado origen: 146
credit-payment:synthetic:2459,credit-note:2459,2026-06-24 22:38:54,21,EFECTIVO,MIG-JM-ABONO-SINT-2459,Abono sintetico por creditoabonado origen: 21 | Venta origen: 2459 | Credito abonado origen: 21
credit-payment:synthetic:2460,credit-note:2460,2026-06-24 23:20:43,16,EFECTIVO,MIG-JM-ABONO-SINT-2460,Abono sintetico por creditoabonado origen: 16 | Venta origen: 2460 | Credito abonado origen: 16
credit-payment:synthetic:2476,credit-note:2476,2026-06-26 16:27:44,18,EFECTIVO,MIG-JM-ABONO-SINT-2476,Abono sintetico por creditoabonado origen: 18 | Venta origen: 2476 | Credito abonado origen: 18
credit-payment:synthetic:2482,credit-note:2482,2026-06-26 20:13:47,23,EFECTIVO,MIG-JM-ABONO-SINT-2482,Abono sintetico por creditoabonado origen: 23 | Venta origen: 2482 | Credito abonado origen: 23
credit-payment:synthetic:2485,credit-note:2485,2026-06-27 16:39:34,825,EFECTIVO,MIG-JM-ABONO-SINT-2485,Abono sintetico por creditoabonado origen: 825 | Venta origen: 2485 | Credito abonado origen: 825
credit-payment:synthetic:2498,credit-note:2498,2026-07-01 13:53:15,2880,EFECTIVO,MIG-JM-ABONO-SINT-2498,Abono sintetico por creditoabonado origen: 2880 | Venta origen: 2498 | Credito abonado origen: 2880
credit-payment:synthetic:2499,credit-note:2499,2026-07-01 13:55:33,300,EFECTIVO,MIG-JM-ABONO-SINT-2499,Abono sintetico por creditoabonado origen: 300 | Venta origen: 2499 | Credito abonado origen: 300
credit-payment:synthetic:2509,credit-note:2509,2026-07-02 14:06:56,180,EFECTIVO,MIG-JM-ABONO-SINT-2509,Abono sintetico por creditoabonado origen: 180 | Venta origen: 2509 | Credito abonado origen: 180
credit-payment:synthetic:2517,credit-note:2517,2026-07-03 14:38:08,34,EFECTIVO,MIG-JM-ABONO-SINT-2517,Abono sintetico por creditoabonado origen: 34 | Venta origen: 2517 | Credito abonado origen: 34
credit-payment:synthetic:2518,credit-note:2518,2026-07-03 14:58:23,360,EFECTIVO,MIG-JM-ABONO-SINT-2518,Abono sintetico por creditoabonado origen: 360 | Venta origen: 2518 | Credito abonado origen: 360
credit-payment:synthetic:2519,credit-note:2519,2026-07-03 16:30:41,840,EFECTIVO,MIG-JM-ABONO-SINT-2519,Abono sintetico por creditoabonado origen: 840 | Venta origen: 2519 | Credito abonado origen: 840
credit-payment:synthetic:2520,credit-note:2520,2026-07-03 17:15:11,600,EFECTIVO,MIG-JM-ABONO-SINT-2520,Abono sintetico por creditoabonado origen: 600 | Venta origen: 2520 | Credito abonado origen: 600
credit-payment:synthetic:2523,credit-note:2523,2026-07-03 18:06:10,530,EFECTIVO,MIG-JM-ABONO-SINT-2523,Abono sintetico por creditoabonado origen: 530 | Venta origen: 2523 | Credito abonado origen: 530
credit-payment:synthetic:2524,credit-note:2524,2026-07-03 19:49:52,118,EFECTIVO,MIG-JM-ABONO-SINT-2524,Abono sintetico por creditoabonado origen: 118 | Venta origen: 2524 | Credito abonado origen: 118
credit-payment:synthetic:2533,credit-note:2533,2026-07-06 16:34:23,480,EFECTIVO,MIG-JM-ABONO-SINT-2533,Abono sintetico por creditoabonado origen: 480 | Venta origen: 2533 | Credito abonado origen: 480
credit-payment:synthetic:2535,credit-note:2535,2026-07-06 16:56:15,3936,EFECTIVO,MIG-JM-ABONO-SINT-2535,Abono sintetico por creditoabonado origen: 3936 | Venta origen: 2535 | Credito abonado origen: 3936
credit-payment:synthetic:2537,credit-note:2537,2026-07-06 17:47:44,16680,EFECTIVO,MIG-JM-ABONO-SINT-2537,Abono sintetico por creditoabonado origen: 16680 | Venta origen: 2537 | Credito abonado origen: 16680
credit-payment:synthetic:2560,credit-note:2560,2026-07-08 17:31:51,7080,EFECTIVO,MIG-JM-ABONO-SINT-2560,Abono sintetico por creditoabonado origen: 7080 | Venta origen: 2560 | Credito abonado origen: 7080
credit-payment:synthetic:2577,credit-note:2577,2026-07-10 14:28:33,14,EFECTIVO,MIG-JM-ABONO-SINT-2577,Abono sintetico por creditoabonado origen: 14 | Venta origen: 2577 | Credito abonado origen: 14
credit-payment:synthetic:2581,credit-note:2581,2026-07-10 20:11:59,45,EFECTIVO,MIG-JM-ABONO-SINT-2581,Abono sintetico por creditoabonado origen: 45 | Venta origen: 2581 | Credito abonado origen: 45
credit-payment:synthetic:2583,credit-note:2583,2026-07-11 14:01:13,480,EFECTIVO,MIG-JM-ABONO-SINT-2583,Abono sintetico por creditoabonado origen: 480 | Venta origen: 2583 | Credito abonado origen: 480
credit-payment:synthetic:2584,credit-note:2584,2026-07-11 14:05:40,480,EFECTIVO,MIG-JM-ABONO-SINT-2584,Abono sintetico por creditoabonado origen: 480 | Venta origen: 2584 | Credito abonado origen: 480
credit-payment:synthetic:2600,credit-note:2600,2026-07-15 15:19:22,720,EFECTIVO,MIG-JM-ABONO-SINT-2600,Abono sintetico por creditoabonado origen: 720 | Venta origen: 2600 | Credito abonado origen: 720
credit-payment:synthetic:2609,credit-note:2609,2026-07-16 13:30:36,89,EFECTIVO,MIG-JM-ABONO-SINT-2609,Abono sintetico por creditoabonado origen: 89 | Venta origen: 2609 | Credito abonado origen: 89
credit-payment:synthetic:2612,credit-note:2612,2026-07-16 17:33:10,1380,EFECTIVO,MIG-JM-ABONO-SINT-2612,Abono sintetico por creditoabonado origen: 1380 | Venta origen: 2612 | Credito abonado origen: 1380
credit-payment:synthetic:2615,credit-note:2615,2026-07-16 22:46:36,52,EFECTIVO,MIG-JM-ABONO-SINT-2615,Abono sintetico por creditoabonado origen: 52 | Venta origen: 2615 | Credito abonado origen: 52
credit-payment:synthetic:2616,credit-note:2616,2026-07-16 23:19:15,112,EFECTIVO,MIG-JM-ABONO-SINT-2616,Abono sintetico por creditoabonado origen: 112 | Venta origen: 2616 | Credito abonado origen: 112
credit-payment:synthetic:2625,credit-note:2625,2026-07-17 22:51:41,5066,EFECTIVO,MIG-JM-ABONO-SINT-2625,Abono sintetico por creditoabonado origen: 5066 | Venta origen: 2625 | Credito abonado origen: 5066
credit-payment:synthetic:2632,credit-note:2632,2026-07-20 19:02:29,105,EFECTIVO,MIG-JM-ABONO-SINT-2632,Abono sintetico por creditoabonado origen: 105 | Venta origen: 2632 | Credito abonado origen: 105
credit-payment:synthetic:2638,credit-note:2638,2026-07-21 20:13:51,11100,EFECTIVO,MIG-JM-ABONO-SINT-2638,Abono sintetico por creditoabonado origen: 11100 | Venta origen: 2638 | Credito abonado origen: 11100
credit-payment:synthetic:2655,credit-note:2655,2026-07-23 16:10:22,732,EFECTIVO,MIG-JM-ABONO-SINT-2655,Abono sintetico por creditoabonado origen: 732 | Venta origen: 2655 | Credito abonado origen: 732
credit-payment:synthetic:2664,credit-note:2664,2026-07-24 14:46:57,300,EFECTIVO,MIG-JM-ABONO-SINT-2664,Abono sintetico por creditoabonado origen: 300 | Venta origen: 2664 | Credito abonado origen: 300
credit-payment:synthetic:2665,credit-note:2665,2026-07-24 16:50:47,180,EFECTIVO,MIG-JM-ABONO-SINT-2665,Abono sintetico por creditoabonado origen: 180 | Venta origen: 2665 | Credito abonado origen: 180
credit-payment:synthetic:2668,credit-note:2668,2026-07-24 17:29:43,2160,EFECTIVO,MIG-JM-ABONO-SINT-2668,Abono sintetico por creditoabonado origen: 2160 | Venta origen: 2668 | Credito abonado origen: 2160
credit-payment:synthetic:2674,credit-note:2674,2026-07-27 19:02:56,1676,EFECTIVO,MIG-JM-ABONO-SINT-2674,Abono sintetico por creditoabonado origen: 1676 | Venta origen: 2674 | Credito abonado origen: 1676
credit-payment:synthetic:2677,credit-note:2677,2026-07-27 23:07:21,78,EFECTIVO,MIG-JM-ABONO-SINT-2677,Abono sintetico por creditoabonado origen: 78 | Venta origen: 2677 | Credito abonado origen: 78
credit-payment:synthetic:2687,credit-note:2687,2026-07-29 13:45:58,120,EFECTIVO,MIG-JM-ABONO-SINT-2687,Abono sintetico por creditoabonado origen: 120 | Venta origen: 2687 | Credito abonado origen: 120
credit-payment:synthetic:2701,credit-note:2701,2026-07-30 15:38:45,80,EFECTIVO,MIG-JM-ABONO-SINT-2701,Abono sintetico por creditoabonado origen: 80 | Venta origen: 2701 | Credito abonado origen: 80
credit-payment:synthetic:2708,credit-note:2708,2026-07-30 19:44:14,240,EFECTIVO,MIG-JM-ABONO-SINT-2708,Abono sintetico por creditoabonado origen: 240 | Venta origen: 2708 | Credito abonado origen: 240
credit-payment:synthetic:2712,credit-note:2712,2026-07-31 16:12:37,51,EFECTIVO,MIG-JM-ABONO-SINT-2712,Abono sintetico por creditoabonado origen: 51 | Venta origen: 2712 | Credito abonado origen: 51
credit-payment:synthetic:2713,credit-note:2713,2026-07-31 17:15:03,170,EFECTIVO,MIG-JM-ABONO-SINT-2713,Abono sintetico por creditoabonado origen: 170 | Venta origen: 2713 | Credito abonado origen: 170
credit-payment:synthetic:2714,credit-note:2714,2026-07-31 20:20:06,1398,EFECTIVO,MIG-JM-ABONO-SINT-2714,Abono sintetico por creditoabonado origen: 1398 | Venta origen: 2714 | Credito abonado origen: 1398
credit-payment:synthetic:2720,credit-note:2720,2026-08-01 16:13:39,143,EFECTIVO,MIG-JM-ABONO-SINT-2720,Abono sintetico por creditoabonado origen: 143 | Venta origen: 2720 | Credito abonado origen: 143
credit-payment:synthetic:2739,credit-note:2739,2026-08-04 19:46:37,2500,EFECTIVO,MIG-JM-ABONO-SINT-2739,Abono sintetico por creditoabonado origen: 2500 | Venta origen: 2739 | Credito abonado origen: 2500
credit-payment:synthetic:2740,credit-note:2740,2026-08-04 20:49:26,281,EFECTIVO,MIG-JM-ABONO-SINT-2740,Abono sintetico por creditoabonado origen: 281 | Venta origen: 2740 | Credito abonado origen: 281
credit-payment:synthetic:2746,credit-note:2746,2026-08-05 18:40:03,70,EFECTIVO,MIG-JM-ABONO-SINT-2746,Abono sintetico por creditoabonado origen: 70 | Venta origen: 2746 | Credito abonado origen: 70
credit-payment:synthetic:2752,credit-note:2752,2026-08-05 22:18:04,157.5,EFECTIVO,MIG-JM-ABONO-SINT-2752,Abono sintetico por creditoabonado origen: 157.5 | Venta origen: 2752 | Credito abonado origen: 157.5
credit-payment:synthetic:2766,credit-note:2766,2026-08-07 17:29:36,178,EFECTIVO,MIG-JM-ABONO-SINT-2766,Abono sintetico por creditoabonado origen: 178 | Venta origen: 2766 | Credito abonado origen: 178
credit-payment:synthetic:2767,credit-note:2767,2026-08-07 19:34:23,259,EFECTIVO,MIG-JM-ABONO-SINT-2767,Abono sintetico por creditoabonado origen: 259 | Venta origen: 2767 | Credito abonado origen: 259
credit-payment:synthetic:2769,credit-note:2769,2026-08-07 20:00:23,18,EFECTIVO,MIG-JM-ABONO-SINT-2769,Abono sintetico por creditoabonado origen: 18 | Venta origen: 2769 | Credito abonado origen: 18
credit-payment:synthetic:2771,credit-note:2771,2026-08-08 18:06:40,1890,EFECTIVO,MIG-JM-ABONO-SINT-2771,Abono sintetico por creditoabonado origen: 1890 | Venta origen: 2771 | Credito abonado origen: 1890
credit-payment:synthetic:2772,credit-note:2772,2026-08-10 13:31:17,1890,EFECTIVO,MIG-JM-ABONO-SINT-2772,Abono sintetico por creditoabonado origen: 1890 | Venta origen: 2772 | Credito abonado origen: 1890
credit-payment:synthetic:2773,credit-note:2773,2026-08-10 14:40:34,7900,EFECTIVO,MIG-JM-ABONO-SINT-2773,Abono sintetico por creditoabonado origen: 7900 | Venta origen: 2773 | Credito abonado origen: 7900
credit-payment:synthetic:2777,credit-note:2777,2026-08-10 17:22:36,1500,EFECTIVO,MIG-JM-ABONO-SINT-2777,Abono sintetico por creditoabonado origen: 1500 | Venta origen: 2777 | Credito abonado origen: 1500
credit-payment:synthetic:2778,credit-note:2778,2026-08-10 17:33:21,74,EFECTIVO,MIG-JM-ABONO-SINT-2778,Abono sintetico por creditoabonado origen: 74 | Venta origen: 2778 | Credito abonado origen: 74
credit-payment:synthetic:2792,credit-note:2792,2026-08-11 19:19:33,115,EFECTIVO,MIG-JM-ABONO-SINT-2792,Abono sintetico por creditoabonado origen: 115 | Venta origen: 2792 | Credito abonado origen: 115
credit-payment:synthetic:2795,credit-note:2795,2026-08-11 21:56:45,45684.5,EFECTIVO,MIG-JM-ABONO-SINT-2795,Abono sintetico por creditoabonado origen: 45684.5 | Venta origen: 2795 | Credito abonado origen: 45684.5
credit-payment:synthetic:2796,credit-note:2796,2026-08-11 23:03:59,290,EFECTIVO,MIG-JM-ABONO-SINT-2796,Abono sintetico por creditoabonado origen: 290 | Venta origen: 2796 | Credito abonado origen: 290
credit-payment:synthetic:2805,credit-note:2805,2026-08-12 20:21:54,62,EFECTIVO,MIG-JM-ABONO-SINT-2805,Abono sintetico por creditoabonado origen: 62 | Venta origen: 2805 | Credito abonado origen: 62
