legacy_id,sale_legacy_id,customer_legacy_id,folio,sale_reference,issue_date,due_date,credit_days_applied,total,paid_amount,balance,notes
credit-note:1,sale:1,2,MIG-JM-CRED-1,MIG-JM-VENTA-1,2025-07-08,2025-07-23,15,230,230,0,Venta origen: 1 | Usuario origen: ALONDRA2025 | Credito abonado origen: 230 | Status origen: 0
credit-note:2,sale:2,3,MIG-JM-CRED-2,MIG-JM-VENTA-2,2025-07-11,2025-08-10,30,132,132,0,Venta origen: 2 | Usuario origen: ALEXA2025 | Credito abonado origen: 132 | Status origen: 1
credit-note:3,sale:3,3,MIG-JM-CRED-3,MIG-JM-VENTA-3,2025-07-11,2025-08-10,30,165,165,0,Venta origen: 3 | Usuario origen: ALEXA2025 | Credito abonado origen: 165 | Status origen: 1
credit-note:4,sale:4,3,MIG-JM-CRED-4,MIG-JM-VENTA-4,2025-07-11,2025-07-26,15,2162,2162,0,Venta origen: 4 | Usuario origen: ALEXA2025 | Credito abonado origen: 2162 | Status origen: 1
credit-note:5,sale:5,2,MIG-JM-CRED-5,MIG-JM-VENTA-5,2025-07-14,2025-07-29,15,145,145,0,Venta origen: 5 | Usuario origen: ALEXA2025 | Credito abonado origen: 145 | Status origen: 0
credit-note:6,sale:6,4,MIG-JM-CRED-6,MIG-JM-VENTA-6,2025-07-17,2025-08-01,15,2300,2300,0,Venta origen: 6 | Usuario origen: ALONDRA2025 | Credito abonado origen: 2300 | Status origen: 0
credit-note:7,sale:7,5,MIG-JM-CRED-7,MIG-JM-VENTA-7,2025-07-18,2025-08-02,15,45960,45960,0,Venta origen: 7 | Usuario origen: JUANDEJESUS | Credito abonado origen: 45960 | Status origen: 1
credit-note:8,sale:8,5,MIG-JM-CRED-8,MIG-JM-VENTA-8,2025-07-21,2025-08-05,15,2450,2450,0,Venta origen: 8 | Usuario origen: ALEXA2025 | Credito abonado origen: 2450 | Status origen: 1
credit-note:9,sale:9,2,MIG-JM-CRED-9,MIG-JM-VENTA-9,2025-07-23,2025-08-07,15,103,103,0,Venta origen: 9 | Usuario origen: ALEXA2025 | Credito abonado origen: 103 | Status origen: 1
credit-note:10,sale:10,6,MIG-JM-CRED-10,MIG-JM-VENTA-10,2025-07-24,2025-08-08,15,4300,4300,0,Venta origen: 10 | Usuario origen: ALONDRA2025 | Credito abonado origen: 4300 | Status origen: 1
credit-note:11,sale:11,7,MIG-JM-CRED-11,MIG-JM-VENTA-11,2025-07-24,2025-08-23,30,1390,1390,0,Venta origen: 11 | Usuario origen: ALEXA2025 | Credito abonado origen: 1390 | Status origen: 1
credit-note:12,sale:12,2,MIG-JM-CRED-12,MIG-JM-VENTA-12,2025-07-24,2025-08-08,15,45,45,0,Venta origen: 12 | Usuario origen: ALEXA2025 | Credito abonado origen: 45 | Status origen: 1
credit-note:13,sale:13,3,MIG-JM-CRED-13,MIG-JM-VENTA-13,2025-07-25,2025-08-09,15,125,125,0,Venta origen: 13 | Usuario origen: ALONDRA2025 | Credito abonado origen: 125 | Status origen: 1
credit-note:14,sale:14,8,MIG-JM-CRED-14,MIG-JM-VENTA-14,2025-07-25,2025-08-09,15,8100,8100,0,Venta origen: 14 | Usuario origen: ALONDRA2025 | Credito abonado origen: 8100 | Status origen: 1
credit-note:15,sale:15,8,MIG-JM-CRED-15,MIG-JM-VENTA-15,2025-07-28,2025-08-12,15,16000,16000,0,Venta origen: 15 | Usuario origen: ALEXA2025 | Credito abonado origen: 16000 | Status origen: 1
credit-note:16,sale:16,2,MIG-JM-CRED-16,MIG-JM-VENTA-16,2025-07-28,2025-08-12,15,7,7,0,Venta origen: 16 | Usuario origen: ALEXA2025 | Credito abonado origen: 7 | Status origen: 1
credit-note:17,sale:17,9,MIG-JM-CRED-17,MIG-JM-VENTA-17,2025-07-30,2025-08-14,15,356,356,0,Venta origen: 17 | Usuario origen: ALONDRA2025 | Credito abonado origen: 356 | Status origen: 1
credit-note:18,sale:18,3,MIG-JM-CRED-18,MIG-JM-VENTA-18,2025-07-30,2025-08-14,15,256,256,0,Venta origen: 18 | Usuario origen: ALEXA2025 | Credito abonado origen: 256 | Status origen: 1
credit-note:19,sale:19,2,MIG-JM-CRED-19,MIG-JM-VENTA-19,2025-07-30,2025-08-14,15,15,15,0,Venta origen: 19 | Usuario origen: ALONDRA2025 | Credito abonado origen: 15 | Status origen: 1
credit-note:20,sale:20,3,MIG-JM-CRED-20,MIG-JM-VENTA-20,2025-07-30,2025-08-14,15,104,104,0,Venta origen: 20 | Usuario origen: ALEXA2025 | Credito abonado origen: 104 | Status origen: 1
credit-note:21,sale:21,3,MIG-JM-CRED-21,MIG-JM-VENTA-21,2025-07-30,2025-08-14,15,2000,2000,0,Venta origen: 21 | Usuario origen: ALONDRA2025 | Credito abonado origen: 2000 | Status origen: 1
credit-note:22,sale:22,8,MIG-JM-CRED-22,MIG-JM-VENTA-22,2025-07-30,2025-08-14,15,13800,13800,0,Venta origen: 22 | Usuario origen: ALEXA2025 | Credito abonado origen: 13800 | Status origen: 1
credit-note:23,sale:23,10,MIG-JM-CRED-23,MIG-JM-VENTA-23,2025-07-31,2025-08-15,15,72,72,0,Venta origen: 23 | Usuario origen: ALEXA2025 | Credito abonado origen: 72 | Status origen: 1
credit-note:24,sale:24,11,MIG-JM-CRED-24,MIG-JM-VENTA-24,2025-07-31,2025-08-15,15,2750,2750,0,Venta origen: 24 | Usuario origen: ALONDRA2025 | Credito abonado origen: 2750 | Status origen: 1
credit-note:25,sale:25,11,MIG-JM-CRED-25,MIG-JM-VENTA-25,2025-07-31,2025-08-15,15,230,230,0,Venta origen: 25 | Usuario origen: ALONDRA2025 | Credito abonado origen: 230 | Status origen: 1
credit-note:26,sale:26,8,MIG-JM-CRED-26,MIG-JM-VENTA-26,2025-08-01,2025-08-16,15,7000,7000,0,Venta origen: 26 | Usuario origen: ALONDRA2025 | Credito abonado origen: 7000 | Status origen: 1
credit-note:27,sale:27,8,MIG-JM-CRED-27,MIG-JM-VENTA-27,2025-08-01,2025-08-16,15,283,283,0,Venta origen: 27 | Usuario origen: ALONDRA2025 | Credito abonado origen: 283 | Status origen: 1
credit-note:28,sale:28,10,MIG-JM-CRED-28,MIG-JM-VENTA-28,2025-08-01,2025-08-16,15,7,7,0,Venta origen: 28 | Usuario origen: ALEXA2025 | Credito abonado origen: 7 | Status origen: 1
credit-note:29,sale:29,3,MIG-JM-CRED-29,MIG-JM-VENTA-29,2025-08-01,2025-08-16,15,64,64,0,Venta origen: 29 | Usuario origen: ALONDRA2025 | Credito abonado origen: 64 | Status origen: 1
credit-note:30,sale:30,2,MIG-JM-CRED-30,MIG-JM-VENTA-30,2025-08-02,2025-08-17,15,87,87,0,Venta origen: 30 | Usuario origen: ALEXA2025 | Credito abonado origen: 87 | Status origen: 1
credit-note:31,sale:31,2,MIG-JM-CRED-31,MIG-JM-VENTA-31,2025-08-04,2025-08-19,15,466,466,0,Venta origen: 31 | Usuario origen: ALONDRA2025 | Credito abonado origen: 466 | Status origen: 1
credit-note:32,sale:32,9,MIG-JM-CRED-32,MIG-JM-VENTA-32,2025-08-05,2025-08-20,15,2980,2980,0,Venta origen: 32 | Usuario origen: ALEXA2025 | Credito abonado origen: 2980 | Status origen: 1
credit-note:33,sale:33,3,MIG-JM-CRED-33,MIG-JM-VENTA-33,2025-08-05,2025-08-20,15,2024,2024,0,Venta origen: 33 | Usuario origen: ALEXA2025 | Credito abonado origen: 2024 | Status origen: 1
credit-note:34,sale:34,8,MIG-JM-CRED-34,MIG-JM-VENTA-34,2025-08-05,2025-08-20,15,7500,7500,0,Venta origen: 34 | Usuario origen: ALONDRA2025 | Credito abonado origen: 7500 | Status origen: 1
credit-note:35,sale:35,11,MIG-JM-CRED-35,MIG-JM-VENTA-35,2025-08-06,2025-08-21,15,100,100,0,Venta origen: 35 | Usuario origen: ALONDRA2025 | Credito abonado origen: 100 | Status origen: 1
credit-note:36,sale:36,7,MIG-JM-CRED-36,MIG-JM-VENTA-36,2025-08-06,2025-09-05,30,1420,1420,0,Venta origen: 36 | Usuario origen: ALEXA2025 | Credito abonado origen: 1420 | Status origen: 1
credit-note:37,sale:37,8,MIG-JM-CRED-37,MIG-JM-VENTA-37,2025-08-07,2025-08-22,15,24630,24630,0,Venta origen: 37 | Usuario origen: ALONDRA2025 | Credito abonado origen: 24630 | Status origen: 1
credit-note:38,sale:38,2,MIG-JM-CRED-38,MIG-JM-VENTA-38,2025-08-07,2025-08-22,15,1150,1150,0,Venta origen: 38 | Usuario origen: ALONDRA2025 | Credito abonado origen: 1150 | Status origen: 0
credit-note:39,sale:39,12,MIG-JM-CRED-39,MIG-JM-VENTA-39,2025-08-07,2025-09-06,30,1150,1150,0,Venta origen: 39 | Usuario origen: ALONDRA2025 | Credito abonado origen: 1150 | Status origen: 1
credit-note:40,sale:40,3,MIG-JM-CRED-40,MIG-JM-VENTA-40,2025-08-08,2025-08-23,15,86,86,0,Venta origen: 40 | Usuario origen: ALEXA2025 | Credito abonado origen: 86 | Status origen: 1
credit-note:41,sale:41,9,MIG-JM-CRED-41,MIG-JM-VENTA-41,2025-08-08,2025-08-23,15,1800,1800,0,Venta origen: 41 | Usuario origen: ALONDRA2025 | Credito abonado origen: 1800 | Status origen: 1
credit-note:42,sale:42,3,MIG-JM-CRED-42,MIG-JM-VENTA-42,2025-08-08,2025-08-23,15,90,90,0,Venta origen: 42 | Usuario origen: ALEXA2025 | Credito abonado origen: 90 | Status origen: 1
credit-note:43,sale:43,3,MIG-JM-CRED-43,MIG-JM-VENTA-43,2025-08-08,2025-08-23,15,120,120,0,Venta origen: 43 | Usuario origen: ALEXA2025 | Credito abonado origen: 120 | Status origen: 1
credit-note:44,sale:44,3,MIG-JM-CRED-44,MIG-JM-VENTA-44,2025-08-08,2025-08-23,15,52,52,0,Venta origen: 44 | Usuario origen: ALEXA2025 | Credito abonado origen: 52 | Status origen: 1
credit-note:45,sale:45,12,MIG-JM-CRED-45,MIG-JM-VENTA-45,2025-08-08,2025-09-07,30,2760,0,2760,Venta origen: 45 | Usuario origen: ALONDRA2025 | Credito abonado origen: 0 | Status origen: 0
credit-note:46,sale:46,12,MIG-JM-CRED-46,MIG-JM-VENTA-46,2025-08-08,2025-09-07,30,1380,1380,0,Venta origen: 46 | Usuario origen: ALONDRA2025 | Credito abonado origen: 1380 | Status origen: 1
credit-note:47,sale:47,13,MIG-JM-CRED-47,MIG-JM-VENTA-47,2025-08-09,2025-08-24,15,4350,4350,0,Venta origen: 47 | Usuario origen: ALEXA2025 | Credito abonado origen: 4350 | Status origen: 1
credit-note:48,sale:48,2,MIG-JM-CRED-48,MIG-JM-VENTA-48,2025-08-09,2025-08-24,15,23,23,0,Venta origen: 48 | Usuario origen: ALEXA2025 | Credito abonado origen: 23 | Status origen: 1
credit-note:49,sale:49,3,MIG-JM-CRED-49,MIG-JM-VENTA-49,2025-08-11,2025-08-26,15,86,86,0,Venta origen: 49 | Usuario origen: ALEXA2025 | Credito abonado origen: 86 | Status origen: 1
credit-note:50,sale:50,10,MIG-JM-CRED-50,MIG-JM-VENTA-50,2025-08-11,2025-08-26,15,556,0,556,Venta origen: 50 | Usuario origen: ALONDRA2025 | Credito abonado origen: 0 | Status origen: 1
credit-note:51,sale:51,12,MIG-JM-CRED-51,MIG-JM-VENTA-51,2025-08-11,2025-09-10,30,1840,1840,0,Venta origen: 51 | Usuario origen: ALEXA2025 | Credito abonado origen: 1840 | Status origen: 1
credit-note:52,sale:52,9,MIG-JM-CRED-52,MIG-JM-VENTA-52,2025-08-12,2025-08-27,15,944,944,0,Venta origen: 52 | Usuario origen: ALEXA2025 | Credito abonado origen: 944 | Status origen: 1
credit-note:53,sale:53,5,MIG-JM-CRED-53,MIG-JM-VENTA-53,2025-08-12,2025-08-27,15,4700,0,4700,Venta origen: 53 | Usuario origen: ALONDRA2025 | Credito abonado origen: 0 | Status origen: 0
credit-note:54,sale:54,10,MIG-JM-CRED-54,MIG-JM-VENTA-54,2025-08-12,2025-08-27,15,892,0,892,Venta origen: 54 | Usuario origen: ALEXA2025 | Credito abonado origen: 0 | Status origen: 1
credit-note:55,sale:55,7,MIG-JM-CRED-55,MIG-JM-VENTA-55,2025-08-12,2025-09-11,30,4700,4700,0,Venta origen: 55 | Usuario origen: ALONDRA2025 | Credito abonado origen: 4700 | Status origen: 1
credit-note:56,sale:56,3,MIG-JM-CRED-56,MIG-JM-VENTA-56,2025-08-12,2025-08-27,15,118,118,0,Venta origen: 56 | Usuario origen: ALEXA2025 | Credito abonado origen: 118 | Status origen: 1
credit-note:57,sale:57,3,MIG-JM-CRED-57,MIG-JM-VENTA-57,2025-08-12,2025-08-27,15,1030,1030,0,Venta origen: 57 | Usuario origen: ALEXA2025 | Credito abonado origen: 1030 | Status origen: 1
credit-note:58,sale:58,2,MIG-JM-CRED-58,MIG-JM-VENTA-58,2025-08-12,2025-08-27,15,5,5,0,Venta origen: 58 | Usuario origen: ALEXA2025 | Credito abonado origen: 5 | Status origen: 1
credit-note:59,sale:59,10,MIG-JM-CRED-59,MIG-JM-VENTA-59,2025-08-13,2025-08-28,15,58,0,58,Venta origen: 59 | Usuario origen: ALONDRA2025 | Credito abonado origen: 0 | Status origen: 1
credit-note:60,sale:60,3,MIG-JM-CRED-60,MIG-JM-VENTA-60,2025-08-13,2025-08-28,15,230,230,0,Venta origen: 60 | Usuario origen: ALONDRA2025 | Credito abonado origen: 230 | Status origen: 1
credit-note:61,sale:61,11,MIG-JM-CRED-61,MIG-JM-VENTA-61,2025-08-14,2025-08-29,15,1604,0,1604,Venta origen: 61 | Usuario origen: ALEXA2025 | Credito abonado origen: 0 | Status origen: 0
credit-note:62,sale:62,11,MIG-JM-CRED-62,MIG-JM-VENTA-62,2025-08-14,2025-08-29,15,1765,1765,0,Venta origen: 62 | Usuario origen: ALEXA2025 | Credito abonado origen: 1765 | Status origen: 1
credit-note:63,sale:63,11,MIG-JM-CRED-63,MIG-JM-VENTA-63,2025-08-14,2025-08-29,15,87.5,87.5,0,Venta origen: 63 | Usuario origen: ALEXA2025 | Credito abonado origen: 87.5 | Status origen: 1
credit-note:64,sale:64,11,MIG-JM-CRED-64,MIG-JM-VENTA-64,2025-08-14,2025-08-29,15,219,219,0,Venta origen: 64 | Usuario origen: ALEXA2025 | Credito abonado origen: 219 | Status origen: 1
credit-note:65,sale:65,12,MIG-JM-CRED-65,MIG-JM-VENTA-65,2025-08-14,2025-09-13,30,2300,2300,0,Venta origen: 65 | Usuario origen: ALONDRA2025 | Credito abonado origen: 2300 | Status origen: 1
credit-note:66,sale:66,8,MIG-JM-CRED-66,MIG-JM-VENTA-66,2025-08-15,2025-08-30,15,13800,13800,0,Venta origen: 66 | Usuario origen: ALONDRA2025 | Credito abonado origen: 13800 | Status origen: 1
credit-note:67,sale:67,2,MIG-JM-CRED-67,MIG-JM-VENTA-67,2025-08-15,2025-08-30,15,4700,4700,0,Venta origen: 67 | Usuario origen: ALEXA2025 | Credito abonado origen: 4700 | Status origen: 1
credit-note:68,sale:68,2,MIG-JM-CRED-68,MIG-JM-VENTA-68,2025-08-15,2025-08-30,15,62.5,62.5,0,Venta origen: 68 | Usuario origen: ALEXA2025 | Credito abonado origen: 62.5 | Status origen: 1
credit-note:69,sale:69,7,MIG-JM-CRED-69,MIG-JM-VENTA-69,2025-08-16,2025-09-15,30,3200,3200,0,Venta origen: 69 | Usuario origen: ALEXA2025 | Credito abonado origen: 3200 | Status origen: 1
credit-note:70,sale:70,2,MIG-JM-CRED-70,MIG-JM-VENTA-70,2025-08-16,2025-08-16,1,230,0,230,Venta origen: 70 | Usuario origen: ALEXA2025 | Credito abonado origen: 0 | Status origen: 1
credit-note:71,sale:71,3,MIG-JM-CRED-71,MIG-JM-VENTA-71,2025-08-16,2025-08-31,15,16,16,0,Venta origen: 71 | Usuario origen: ALEXA2025 | Credito abonado origen: 16 | Status origen: 1
credit-note:72,sale:72,11,MIG-JM-CRED-72,MIG-JM-VENTA-72,2025-08-16,2025-08-31,15,3000,3000,0,Venta origen: 72 | Usuario origen: ALONDRA2025 | Credito abonado origen: 3000 | Status origen: 1
credit-note:73,sale:73,11,MIG-JM-CRED-73,MIG-JM-VENTA-73,2025-08-16,2025-08-31,15,323,323,0,Venta origen: 73 | Usuario origen: ALONDRA2025 | Credito abonado origen: 323 | Status origen: 1
credit-note:74,sale:74,2,MIG-JM-CRED-74,MIG-JM-VENTA-74,2025-08-18,2025-09-02,15,45,45,0,Venta origen: 74 | Usuario origen: ALONDRA2025 | Credito abonado origen: 45 | Status origen: 1
credit-note:75,sale:75,3,MIG-JM-CRED-75,MIG-JM-VENTA-75,2025-08-18,2025-09-02,15,52,52,0,Venta origen: 75 | Usuario origen: ALEXA2025 | Credito abonado origen: 52 | Status origen: 1
credit-note:76,sale:76,12,MIG-JM-CRED-76,MIG-JM-VENTA-76,2025-08-20,2025-09-19,30,2070,2070,0,Venta origen: 76 | Usuario origen: ALONDRA2025 | Credito abonado origen: 2070 | Status origen: 1
credit-note:77,sale:77,11,MIG-JM-CRED-77,MIG-JM-VENTA-77,2025-08-20,2025-09-04,15,380,380,0,Venta origen: 77 | Usuario origen: ALEXA2025 | Credito abonado origen: 380 | Status origen: 1
credit-note:78,sale:78,3,MIG-JM-CRED-78,MIG-JM-VENTA-78,2025-08-20,2025-09-04,15,1030,1030,0,Venta origen: 78 | Usuario origen: ALEXA2025 | Credito abonado origen: 1030 | Status origen: 1
credit-note:79,sale:79,3,MIG-JM-CRED-79,MIG-JM-VENTA-79,2025-08-21,2025-09-05,15,2996,2996,0,Venta origen: 79 | Usuario origen: ALONDRA2025 | Credito abonado origen: 2996 | Status origen: 1
credit-note:80,sale:80,14,MIG-JM-CRED-80,MIG-JM-VENTA-80,2025-08-21,2025-09-05,15,82000,82000,0,Venta origen: 80 | Usuario origen: ALONDRA2025 | Credito abonado origen: 82000 | Status origen: 1
credit-note:81,sale:81,12,MIG-JM-CRED-81,MIG-JM-VENTA-81,2025-08-21,2025-09-20,30,472,472,0,Venta origen: 81 | Usuario origen: ALEXA2025 | Credito abonado origen: 472 | Status origen: 1
credit-note:82,sale:82,3,MIG-JM-CRED-82,MIG-JM-VENTA-82,2025-08-21,2025-09-05,15,192,192,0,Venta origen: 82 | Usuario origen: ALEXA2025 | Credito abonado origen: 192 | Status origen: 1
credit-note:83,sale:83,9,MIG-JM-CRED-83,MIG-JM-VENTA-83,2025-08-21,2025-09-05,15,2390,2390,0,Venta origen: 83 | Usuario origen: ALEXA2025 | Credito abonado origen: 2390 | Status origen: 1
credit-note:84,sale:84,3,MIG-JM-CRED-84,MIG-JM-VENTA-84,2025-08-22,2025-09-06,15,90,90,0,Venta origen: 84 | Usuario origen: ALEXA2025 | Credito abonado origen: 90 | Status origen: 1
credit-note:85,sale:85,2,MIG-JM-CRED-85,MIG-JM-VENTA-85,2025-08-22,2025-09-06,15,472,472,0,Venta origen: 85 | Usuario origen: ALEXA2025 | Credito abonado origen: 472 | Status origen: 1
credit-note:86,sale:86,2,MIG-JM-CRED-86,MIG-JM-VENTA-86,2025-08-22,2025-09-06,15,1,1,0,Venta origen: 86 | Usuario origen: ALONDRA2025 | Credito abonado origen: 1 | Status origen: 1
credit-note:87,sale:87,8,MIG-JM-CRED-87,MIG-JM-VENTA-87,2025-08-22,2025-09-06,15,4200,0,4200,Venta origen: 87 | Usuario origen: ALONDRA2025 | Credito abonado origen: 0 | Status origen: 0
credit-note:88,sale:88,2,MIG-JM-CRED-88,MIG-JM-VENTA-88,2025-08-23,2025-09-07,15,33,33,0,Venta origen: 88 | Usuario origen: ALONDRA2025 | Credito abonado origen: 33 | Status origen: 1
credit-note:89,sale:89,15,MIG-JM-CRED-89,MIG-JM-VENTA-89,2025-08-23,2025-09-07,15,261,261,0,Venta origen: 89 | Usuario origen: ALEXA2025 | Credito abonado origen: 261 | Status origen: 1
credit-note:90,sale:90,7,MIG-JM-CRED-90,MIG-JM-VENTA-90,2025-08-25,2025-09-24,30,9400,9400,0,Venta origen: 90 | Usuario origen: ALONDRA2025 | Credito abonado origen: 9400 | Status origen: 1
credit-note:91,sale:91,3,MIG-JM-CRED-91,MIG-JM-VENTA-91,2025-08-25,2025-09-09,15,28,28,0,Venta origen: 91 | Usuario origen: ALONDRA2025 | Credito abonado origen: 28 | Status origen: 1
credit-note:92,sale:92,2,MIG-JM-CRED-92,MIG-JM-VENTA-92,2025-08-25,2025-09-09,15,270,270,0,Venta origen: 92 | Usuario origen: ALEXA2025 | Credito abonado origen: 270 | Status origen: 1
credit-note:93,sale:93,5,MIG-JM-CRED-93,MIG-JM-VENTA-93,2025-08-25,2025-09-09,15,8300,8300,0,Venta origen: 93 | Usuario origen: ALEXA2025 | Credito abonado origen: 8300 | Status origen: 1
credit-note:94,sale:94,5,MIG-JM-CRED-94,MIG-JM-VENTA-94,2025-08-26,2025-09-10,15,4600,4600,0,Venta origen: 94 | Usuario origen: ALONDRA2025 | Credito abonado origen: 4600 | Status origen: 1
credit-note:95,sale:95,17,MIG-JM-CRED-95,MIG-JM-VENTA-95,2025-08-26,2025-09-10,15,6150,6150,0,Venta origen: 95 | Usuario origen: ALEXA2025 | Credito abonado origen: 6150 | Status origen: 1
credit-note:96,sale:96,17,MIG-JM-CRED-96,MIG-JM-VENTA-96,2025-08-26,2025-09-10,15,1150,1150,0,Venta origen: 96 | Usuario origen: ALEXA2025 | Credito abonado origen: 1150 | Status origen: 1
credit-note:97,sale:97,3,MIG-JM-CRED-97,MIG-JM-VENTA-97,2025-08-26,2025-09-10,15,515,515,0,Venta origen: 97 | Usuario origen: ALEXA2025 | Credito abonado origen: 515 | Status origen: 1
credit-note:98,sale:98,16,MIG-JM-CRED-98,MIG-JM-VENTA-98,2025-08-27,2025-09-26,30,1913.5,0,1913.5,Venta origen: 98 | Usuario origen: ALONDRA2025 | Credito abonado origen: 0 | Status origen: 1
credit-note:99,sale:99,2,MIG-JM-CRED-99,MIG-JM-VENTA-99,2025-08-27,2025-09-11,15,118,118,0,Venta origen: 99 | Usuario origen: ALONDRA2025 | Credito abonado origen: 118 | Status origen: 1
credit-note:100,sale:100,5,MIG-JM-CRED-100,MIG-JM-VENTA-100,2025-08-27,2025-09-11,15,4600,4600,0,Venta origen: 100 | Usuario origen: ALONDRA2025 | Credito abonado origen: 4600 | Status origen: 1
credit-note:101,sale:101,5,MIG-JM-CRED-101,MIG-JM-VENTA-101,2025-08-28,2025-09-12,15,2100,0,2100,Venta origen: 101 | Usuario origen: ALONDRA2025 | Credito abonado origen: 0 | Status origen: 0
credit-note:102,sale:102,5,MIG-JM-CRED-102,MIG-JM-VENTA-102,2025-08-29,2025-09-13,15,4600,4600,0,Venta origen: 102 | Usuario origen: ALEXA2025 | Credito abonado origen: 4600 | Status origen: 1
credit-note:103,sale:103,18,MIG-JM-CRED-103,MIG-JM-VENTA-103,2025-08-29,2025-09-13,15,4600,4600,0,Venta origen: 103 | Usuario origen: ALONDRA2025 | Credito abonado origen: 4600 | Status origen: 1
credit-note:104,sale:104,11,MIG-JM-CRED-104,MIG-JM-VENTA-104,2025-08-29,2025-09-13,15,250,250,0,Venta origen: 104 | Usuario origen: ALEXA2025 | Credito abonado origen: 250 | Status origen: 1
credit-note:105,sale:105,3,MIG-JM-CRED-105,MIG-JM-VENTA-105,2025-08-29,2025-09-13,15,15,0,15,Venta origen: 105 | Usuario origen: ALONDRA2025 | Credito abonado origen: 0 | Status origen: 1
credit-note:106,sale:106,3,MIG-JM-CRED-106,MIG-JM-VENTA-106,2025-08-29,2025-09-13,15,10,10,0,Venta origen: 106 | Usuario origen: ALONDRA2025 | Credito abonado origen: 10 | Status origen: 1
credit-note:107,sale:107,5,MIG-JM-CRED-107,MIG-JM-VENTA-107,2025-08-29,2025-09-13,15,900,900,0,Venta origen: 107 | Usuario origen: ALEXA2025 | Credito abonado origen: 900 | Status origen: 1
credit-note:108,sale:108,5,MIG-JM-CRED-108,MIG-JM-VENTA-108,2025-09-01,2025-09-16,15,8300,8300,0,Venta origen: 108 | Usuario origen: ALEXA2025 | Credito abonado origen: 8300 | Status origen: 1
credit-note:109,sale:109,18,MIG-JM-CRED-109,MIG-JM-VENTA-109,2025-09-01,2025-09-16,15,8294,8294,0,Venta origen: 109 | Usuario origen: ALEXA2025 | Credito abonado origen: 8294 | Status origen: 1
credit-note:110,sale:110,3,MIG-JM-CRED-110,MIG-JM-VENTA-110,2025-09-01,2025-09-16,15,515,515,0,Venta origen: 110 | Usuario origen: ALONDRA2025 | Credito abonado origen: 515 | Status origen: 1
credit-note:111,sale:111,5,MIG-JM-CRED-111,MIG-JM-VENTA-111,2025-09-03,2025-09-18,15,4600,4600,0,Venta origen: 111 | Usuario origen: ALONDRA2025 | Credito abonado origen: 4600 | Status origen: 1
credit-note:112,sale:112,2,MIG-JM-CRED-112,MIG-JM-VENTA-112,2025-09-03,2025-09-18,15,1175,1175,0,Venta origen: 112 | Usuario origen: ALEXA2025 | Credito abonado origen: 1175 | Status origen: 1
credit-note:113,sale:113,3,MIG-JM-CRED-113,MIG-JM-VENTA-113,2025-09-03,2025-09-18,15,98,98,0,Venta origen: 113 | Usuario origen: ALEXA2025 | Credito abonado origen: 98 | Status origen: 1
credit-note:114,sale:114,2,MIG-JM-CRED-114,MIG-JM-VENTA-114,2025-09-03,2025-09-18,15,1400,1400,0,Venta origen: 114 | Usuario origen: ALONDRA2025 | Credito abonado origen: 1400 | Status origen: 0
credit-note:115,sale:115,2,MIG-JM-CRED-115,MIG-JM-VENTA-115,2025-09-03,2025-09-18,15,1175,1175,0,Venta origen: 115 | Usuario origen: ALONDRA2025 | Credito abonado origen: 1175 | Status origen: 1
credit-note:116,sale:116,3,MIG-JM-CRED-116,MIG-JM-VENTA-116,2025-09-03,2025-09-18,15,9,9,0,Venta origen: 116 | Usuario origen: ALEXA2025 | Credito abonado origen: 9 | Status origen: 1
credit-note:117,sale:117,5,MIG-JM-CRED-117,MIG-JM-VENTA-117,2025-09-04,2025-09-19,15,4200,4200,0,Venta origen: 117 | Usuario origen: ALONDRA2025 | Credito abonado origen: 4200 | Status origen: 1
credit-note:118,sale:118,3,MIG-JM-CRED-118,MIG-JM-VENTA-118,2025-09-04,2025-09-19,15,1.5,1.5,0,Venta origen: 118 | Usuario origen: ALEXA2025 | Credito abonado origen: 1.5 | Status origen: 1
credit-note:119,sale:119,2,MIG-JM-CRED-119,MIG-JM-VENTA-119,2025-09-04,2025-09-19,15,284,284,0,Venta origen: 119 | Usuario origen: ALEXA2025 | Credito abonado origen: 284 | Status origen: 1
credit-note:120,sale:120,3,MIG-JM-CRED-120,MIG-JM-VENTA-120,2025-09-04,2025-09-19,15,1194,1194,0,Venta origen: 120 | Usuario origen: ALEXA2025 | Credito abonado origen: 1194 | Status origen: 1
credit-note:121,sale:121,3,MIG-JM-CRED-121,MIG-JM-VENTA-121,2025-09-04,2025-09-19,15,49,49,0,Venta origen: 121 | Usuario origen: ALEXA2025 | Credito abonado origen: 49 | Status origen: 1
credit-note:122,sale:122,19,MIG-JM-CRED-122,MIG-JM-VENTA-122,2025-09-05,2025-09-20,15,1450,1450,0,Venta origen: 122 | Usuario origen: ALEXA2025 | Credito abonado origen: 1450 | Status origen: 1
credit-note:123,sale:123,11,MIG-JM-CRED-123,MIG-JM-VENTA-123,2025-09-05,2025-09-20,15,228,228,0,Venta origen: 123 | Usuario origen: ALONDRA2025 | Credito abonado origen: 228 | Status origen: 1
credit-note:124,sale:124,2,MIG-JM-CRED-124,MIG-JM-VENTA-124,2025-09-05,2025-09-20,15,50,50,0,Venta origen: 124 | Usuario origen: ALEXA2025 | Credito abonado origen: 50 | Status origen: 1
credit-note:125,sale:125,19,MIG-JM-CRED-125,MIG-JM-VENTA-125,2025-09-05,2025-09-20,15,7500,7500,0,Venta origen: 125 | Usuario origen: ALEXA2025 | Credito abonado origen: 7500 | Status origen: 1
credit-note:126,sale:126,9,MIG-JM-CRED-126,MIG-JM-VENTA-126,2025-09-05,2025-09-20,15,590,590,0,Venta origen: 126 | Usuario origen: ALONDRA2025 | Credito abonado origen: 590 | Status origen: 1
credit-note:127,sale:127,13,MIG-JM-CRED-127,MIG-JM-VENTA-127,2025-09-06,2025-09-21,15,8800,0,8800,Venta origen: 127 | Usuario origen: ALONDRA2025 | Credito abonado origen: 0 | Status origen: 0
credit-note:128,sale:128,13,MIG-JM-CRED-128,MIG-JM-VENTA-128,2025-09-06,2025-09-21,15,10900,10900,0,Venta origen: 128 | Usuario origen: ALONDRA2025 | Credito abonado origen: 10900 | Status origen: 1
credit-note:129,sale:129,5,MIG-JM-CRED-129,MIG-JM-VENTA-129,2025-09-06,2025-09-21,15,4600,4600,0,Venta origen: 129 | Usuario origen: ALONDRA2025 | Credito abonado origen: 4600 | Status origen: 1
credit-note:130,sale:130,8,MIG-JM-CRED-130,MIG-JM-VENTA-130,2025-09-08,2025-09-23,15,28548,28548,0,Venta origen: 130 | Usuario origen: ALEXA2025 | Credito abonado origen: 28548 | Status origen: 1
credit-note:131,sale:131,3,MIG-JM-CRED-131,MIG-JM-VENTA-131,2025-09-08,2025-09-23,15,52,52,0,Venta origen: 131 | Usuario origen: ALEXA2025 | Credito abonado origen: 52 | Status origen: 1
credit-note:132,sale:132,3,MIG-JM-CRED-132,MIG-JM-VENTA-132,2025-09-08,2025-09-23,15,225,225,0,Venta origen: 132 | Usuario origen: ALEXA2025 | Credito abonado origen: 225 | Status origen: 1
credit-note:133,sale:133,17,MIG-JM-CRED-133,MIG-JM-VENTA-133,2025-09-08,2025-09-23,15,248,248,0,Venta origen: 133 | Usuario origen: ALEXA2025 | Credito abonado origen: 248 | Status origen: 1
credit-note:134,sale:134,2,MIG-JM-CRED-134,MIG-JM-VENTA-134,2025-09-09,2025-09-24,15,21,21,0,Venta origen: 134 | Usuario origen: ALEXA2025 | Credito abonado origen: 21 | Status origen: 1
credit-note:135,sale:135,12,MIG-JM-CRED-135,MIG-JM-VENTA-135,2025-09-09,2025-10-09,30,1725,1725,0,Venta origen: 135 | Usuario origen: ALEXA2025 | Credito abonado origen: 1725 | Status origen: 1
credit-note:136,sale:136,2,MIG-JM-CRED-136,MIG-JM-VENTA-136,2025-09-09,2025-09-24,15,1200,1200,0,Venta origen: 136 | Usuario origen: ALEXA2025 | Credito abonado origen: 1200 | Status origen: 1
credit-note:137,sale:137,13,MIG-JM-CRED-137,MIG-JM-VENTA-137,2025-09-09,2025-09-24,15,3630,3630,0,Venta origen: 137 | Usuario origen: ALEXA2025 | Credito abonado origen: 3630 | Status origen: 1
credit-note:138,sale:138,5,MIG-JM-CRED-138,MIG-JM-VENTA-138,2025-09-09,2025-09-24,15,4600,4600,0,Venta origen: 138 | Usuario origen: ALEXA2025 | Credito abonado origen: 4600 | Status origen: 1
credit-note:139,sale:139,5,MIG-JM-CRED-139,MIG-JM-VENTA-139,2025-09-09,2025-09-24,15,3600,3600,0,Venta origen: 139 | Usuario origen: ALEXA2025 | Credito abonado origen: 3600 | Status origen: 1
credit-note:140,sale:140,12,MIG-JM-CRED-140,MIG-JM-VENTA-140,2025-09-10,2025-10-10,30,1930,1930,0,Venta origen: 140 | Usuario origen: ALEXA2025 | Credito abonado origen: 1930 | Status origen: 1
credit-note:141,sale:141,2,MIG-JM-CRED-141,MIG-JM-VENTA-141,2025-09-10,2025-09-25,15,22,22,0,Venta origen: 141 | Usuario origen: ALEXA2025 | Credito abonado origen: 22 | Status origen: 1
credit-note:142,sale:142,12,MIG-JM-CRED-142,MIG-JM-VENTA-142,2025-09-10,2025-10-10,30,1840,1840,0,Venta origen: 142 | Usuario origen: ALEXA2025 | Credito abonado origen: 1840 | Status origen: 1
credit-note:143,sale:143,8,MIG-JM-CRED-143,MIG-JM-VENTA-143,2025-09-10,2025-09-25,15,92,92,0,Venta origen: 143 | Usuario origen: ALEXA2025 | Credito abonado origen: 92 | Status origen: 1
credit-note:144,sale:144,17,MIG-JM-CRED-144,MIG-JM-VENTA-144,2025-09-10,2025-09-25,15,767,767,0,Venta origen: 144 | Usuario origen: ALEXA2025 | Credito abonado origen: 767 | Status origen: 1
credit-note:145,sale:145,7,MIG-JM-CRED-145,MIG-JM-VENTA-145,2025-09-11,2025-10-11,30,4822,4822,0,Venta origen: 145 | Usuario origen: ALEXA2025 | Credito abonado origen: 4822 | Status origen: 1
credit-note:146,sale:146,17,MIG-JM-CRED-146,MIG-JM-VENTA-146,2025-09-11,2025-09-26,15,20,20,0,Venta origen: 146 | Usuario origen: ALEXA2025 | Credito abonado origen: 20 | Status origen: 1
credit-note:147,sale:147,2,MIG-JM-CRED-147,MIG-JM-VENTA-147,2025-09-11,2025-09-26,15,20,20,0,Venta origen: 147 | Usuario origen: ALEXA2025 | Credito abonado origen: 20 | Status origen: 1
credit-note:148,sale:148,2,MIG-JM-CRED-148,MIG-JM-VENTA-148,2025-09-11,2025-09-26,15,44,44,0,Venta origen: 148 | Usuario origen: ALEXA2025 | Credito abonado origen: 44 | Status origen: 1
credit-note:149,sale:149,7,MIG-JM-CRED-149,MIG-JM-VENTA-149,2025-09-11,2025-10-11,30,4100,4100,0,Venta origen: 149 | Usuario origen: ALEXA2025 | Credito abonado origen: 4100 | Status origen: 1
credit-note:150,sale:150,2,MIG-JM-CRED-150,MIG-JM-VENTA-150,2025-09-11,2025-09-26,15,70,70,0,Venta origen: 150 | Usuario origen: ALEXA2025 | Credito abonado origen: 70 | Status origen: 1
credit-note:151,sale:151,7,MIG-JM-CRED-151,MIG-JM-VENTA-151,2025-09-12,2025-10-12,30,4600,4600,0,Venta origen: 151 | Usuario origen: ALEXA2025 | Credito abonado origen: 4600 | Status origen: 1
credit-note:152,sale:152,5,MIG-JM-CRED-152,MIG-JM-VENTA-152,2025-09-12,2025-09-27,15,6450,6450,0,Venta origen: 152 | Usuario origen: ALEXA2025 | Credito abonado origen: 6450 | Status origen: 1
credit-note:153,sale:153,2,MIG-JM-CRED-153,MIG-JM-VENTA-153,2025-09-12,2025-09-27,15,115,115,0,Venta origen: 153 | Usuario origen: ALEXA2025 | Credito abonado origen: 115 | Status origen: 1
credit-note:154,sale:154,14,MIG-JM-CRED-154,MIG-JM-VENTA-154,2025-09-12,2025-09-27,15,54700,54700,0,Venta origen: 154 | Usuario origen: ALEXA2025 | Credito abonado origen: 54700 | Status origen: 1
credit-note:155,sale:155,12,MIG-JM-CRED-155,MIG-JM-VENTA-155,2025-09-12,2025-10-12,30,2070,2070,0,Venta origen: 155 | Usuario origen: ALEXA2025 | Credito abonado origen: 2070 | Status origen: 1
credit-note:156,sale:156,2,MIG-JM-CRED-156,MIG-JM-VENTA-156,2025-09-12,2025-09-27,15,3,3,0,Venta origen: 156 | Usuario origen: ALEXA2025 | Credito abonado origen: 3 | Status origen: 1
credit-note:157,sale:157,2,MIG-JM-CRED-157,MIG-JM-VENTA-157,2025-09-12,2025-09-27,15,1150,1150,0,Venta origen: 157 | Usuario origen: ALEXA2025 | Credito abonado origen: 1150 | Status origen: 1
credit-note:158,sale:158,2,MIG-JM-CRED-158,MIG-JM-VENTA-158,2025-09-15,2025-09-30,15,45,45,0,Venta origen: 158 | Usuario origen: ALEXA2025 | Credito abonado origen: 45 | Status origen: 1
credit-note:159,sale:159,14,MIG-JM-CRED-159,MIG-JM-VENTA-159,2025-09-15,2025-09-30,15,36500,36500,0,Venta origen: 159 | Usuario origen: ALEXA2025 | Credito abonado origen: 36500 | Status origen: 1
credit-note:160,sale:160,2,MIG-JM-CRED-160,MIG-JM-VENTA-160,2025-09-15,2025-09-30,15,472,472,0,Venta origen: 160 | Usuario origen: ALEXA2025 | Credito abonado origen: 472 | Status origen: 0
credit-note:161,sale:161,2,MIG-JM-CRED-161,MIG-JM-VENTA-161,2025-09-15,2025-09-30,15,460,460,0,Venta origen: 161 | Usuario origen: ALEXA2025 | Credito abonado origen: 460 | Status origen: 1
credit-note:162,sale:162,18,MIG-JM-CRED-162,MIG-JM-VENTA-162,2025-09-15,2025-09-30,15,135320,135320,0,Venta origen: 162 | Usuario origen: ALEXA2025 | Credito abonado origen: 135320 | Status origen: 1
credit-note:163,sale:163,11,MIG-JM-CRED-163,MIG-JM-VENTA-163,2025-09-17,2025-10-02,15,5725,0,5725,Venta origen: 163 | Usuario origen: ALEXA2025 | Credito abonado origen: 0 | Status origen: 1
credit-note:164,sale:164,21,MIG-JM-CRED-164,MIG-JM-VENTA-164,2025-09-17,2025-10-02,15,2300,2300,0,Venta origen: 164 | Usuario origen: ALEXA2025 | Credito abonado origen: 2300 | Status origen: 1
credit-note:165,sale:165,20,MIG-JM-CRED-165,MIG-JM-VENTA-165,2025-09-17,2025-10-17,30,104,104,0,Venta origen: 165 | Usuario origen: ALEXA2025 | Credito abonado origen: 104 | Status origen: 1
credit-note:166,sale:166,12,MIG-JM-CRED-166,MIG-JM-VENTA-166,2025-09-17,2025-10-17,30,1725,1725,0,Venta origen: 166 | Usuario origen: ALEXA2025 | Credito abonado origen: 1725 | Status origen: 1
credit-note:167,sale:167,2,MIG-JM-CRED-167,MIG-JM-VENTA-167,2025-09-17,2025-10-02,15,50,50,0,Venta origen: 167 | Usuario origen: ALEXA2025 | Credito abonado origen: 50 | Status origen: 1
credit-note:168,sale:168,2,MIG-JM-CRED-168,MIG-JM-VENTA-168,2025-09-17,2025-10-02,15,50,50,0,Venta origen: 168 | Usuario origen: ALEXA2025 | Credito abonado origen: 50 | Status origen: 1
credit-note:169,sale:169,5,MIG-JM-CRED-169,MIG-JM-VENTA-169,2025-09-17,2025-10-02,15,4600,4600,0,Venta origen: 169 | Usuario origen: ALEXA2025 | Credito abonado origen: 4600 | Status origen: 1
credit-note:170,sale:170,5,MIG-JM-CRED-170,MIG-JM-VENTA-170,2025-09-18,2025-10-03,15,3700,3700,0,Venta origen: 170 | Usuario origen: ALEXA2025 | Credito abonado origen: 3700 | Status origen: 1
credit-note:171,sale:171,7,MIG-JM-CRED-171,MIG-JM-VENTA-171,2025-09-18,2025-10-18,30,4320,4320,0,Venta origen: 171 | Usuario origen: ALEXA2025 | Credito abonado origen: 4320 | Status origen: 1
credit-note:172,sale:172,12,MIG-JM-CRED-172,MIG-JM-VENTA-172,2025-09-18,2025-10-18,30,1725,1725,0,Venta origen: 172 | Usuario origen: ALEXA2025 | Credito abonado origen: 1725 | Status origen: 1
credit-note:173,sale:173,8,MIG-JM-CRED-173,MIG-JM-VENTA-173,2025-09-18,2025-10-03,15,11265,11265,0,Venta origen: 173 | Usuario origen: ALEXA2025 | Credito abonado origen: 11265 | Status origen: 1
credit-note:174,sale:174,7,MIG-JM-CRED-174,MIG-JM-VENTA-174,2025-09-18,2025-10-18,30,250,250,0,Venta origen: 174 | Usuario origen: ALEXA2025 | Credito abonado origen: 250 | Status origen: 1
credit-note:175,sale:175,2,MIG-JM-CRED-175,MIG-JM-VENTA-175,2025-09-18,2025-10-03,15,185,185,0,Venta origen: 175 | Usuario origen: ALEXA2025 | Credito abonado origen: 185 | Status origen: 1
credit-note:176,sale:176,12,MIG-JM-CRED-176,MIG-JM-VENTA-176,2025-09-19,2025-10-19,30,3450,3450,0,Venta origen: 176 | Usuario origen: ALEXA2025 | Credito abonado origen: 3450 | Status origen: 1
credit-note:177,sale:177,2,MIG-JM-CRED-177,MIG-JM-VENTA-177,2025-09-19,2025-10-04,15,14,14,0,Venta origen: 177 | Usuario origen: ALONDRA2025 | Credito abonado origen: 14 | Status origen: 1
credit-note:178,sale:178,19,MIG-JM-CRED-178,MIG-JM-VENTA-178,2025-09-19,2025-10-04,15,750,0,750,Venta origen: 178 | Usuario origen: ALEXA2025 | Credito abonado origen: 0 | Status origen: 0
credit-note:179,sale:179,19,MIG-JM-CRED-179,MIG-JM-VENTA-179,2025-09-19,2025-10-04,15,5750,5750,0,Venta origen: 179 | Usuario origen: ALEXA2025 | Credito abonado origen: 5750 | Status origen: 1
credit-note:180,sale:180,5,MIG-JM-CRED-180,MIG-JM-VENTA-180,2025-09-19,2025-10-04,15,3600,3600,0,Venta origen: 180 | Usuario origen: ALEXA2025 | Credito abonado origen: 3600 | Status origen: 1
credit-note:181,sale:181,5,MIG-JM-CRED-181,MIG-JM-VENTA-181,2025-09-20,2025-10-05,15,3700,3700,0,Venta origen: 181 | Usuario origen: ALEXA2025 | Credito abonado origen: 3700 | Status origen: 1
credit-note:182,sale:182,5,MIG-JM-CRED-182,MIG-JM-VENTA-182,2025-09-20,2025-10-05,15,2100,0,2100,Venta origen: 182 | Usuario origen: ALONDRA2025 | Credito abonado origen: 0 | Status origen: 0
credit-note:183,sale:183,16,MIG-JM-CRED-183,MIG-JM-VENTA-183,2025-09-20,2025-10-20,30,598,0,598,Venta origen: 183 | Usuario origen: ALONDRA2025 | Credito abonado origen: 0 | Status origen: 1
credit-note:184,sale:184,3,MIG-JM-CRED-184,MIG-JM-VENTA-184,2025-09-20,2025-10-05,15,3928,3928,0,Venta origen: 184 | Usuario origen: ALEXA2025 | Credito abonado origen: 3928 | Status origen: 1
credit-note:185,sale:185,3,MIG-JM-CRED-185,MIG-JM-VENTA-185,2025-09-20,2025-10-05,15,2481,2481,0,Venta origen: 185 | Usuario origen: ALONDRA2025 | Credito abonado origen: 2481 | Status origen: 1
credit-note:186,sale:186,5,MIG-JM-CRED-186,MIG-JM-VENTA-186,2025-09-22,2025-10-07,15,2000,2000,0,Venta origen: 186 | Usuario origen: ALONDRA2025 | Credito abonado origen: 2000 | Status origen: 1
credit-note:187,sale:187,9,MIG-JM-CRED-187,MIG-JM-VENTA-187,2025-09-22,2025-10-07,15,6390,6390,0,Venta origen: 187 | Usuario origen: ALONDRA2025 | Credito abonado origen: 6390 | Status origen: 1
credit-note:188,sale:188,7,MIG-JM-CRED-188,MIG-JM-VENTA-188,2025-09-22,2025-10-22,30,8300,8300,0,Venta origen: 188 | Usuario origen: ALONDRA2025 | Credito abonado origen: 8300 | Status origen: 1
credit-note:189,sale:189,22,MIG-JM-CRED-189,MIG-JM-VENTA-189,2025-09-22,2025-10-07,15,2075,2075,0,Venta origen: 189 | Usuario origen: ALONDRA2025 | Credito abonado origen: 2075 | Status origen: 1
credit-note:190,sale:190,23,MIG-JM-CRED-190,MIG-JM-VENTA-190,2025-09-22,2025-10-07,15,22656,22656,0,Venta origen: 190 | Usuario origen: ALONDRA2025 | Credito abonado origen: 22656 | Status origen: 1
credit-note:191,sale:191,18,MIG-JM-CRED-191,MIG-JM-VENTA-191,2025-09-22,2025-10-07,15,3000,3000,0,Venta origen: 191 | Usuario origen: ALONDRA2025 | Credito abonado origen: 3000 | Status origen: 1
credit-note:192,sale:192,3,MIG-JM-CRED-192,MIG-JM-VENTA-192,2025-09-22,2025-10-07,15,9569,9569,0,Venta origen: 192 | Usuario origen: ALEXA2025 | Credito abonado origen: 9569 | Status origen: 1
credit-note:193,sale:193,18,MIG-JM-CRED-193,MIG-JM-VENTA-193,2025-09-22,2025-10-07,15,1900,1900,0,Venta origen: 193 | Usuario origen: ALEXA2025 | Credito abonado origen: 1900 | Status origen: 1
credit-note:194,sale:194,21,MIG-JM-CRED-194,MIG-JM-VENTA-194,2025-09-23,2025-10-08,15,599,599,0,Venta origen: 194 | Usuario origen: ALONDRA2025 | Credito abonado origen: 599 | Status origen: 1
credit-note:195,sale:195,12,MIG-JM-CRED-195,MIG-JM-VENTA-195,2025-09-23,2025-10-23,30,1610,1610,0,Venta origen: 195 | Usuario origen: ALONDRA2025 | Credito abonado origen: 1610 | Status origen: 1
credit-note:196,sale:196,5,MIG-JM-CRED-196,MIG-JM-VENTA-196,2025-09-23,2025-10-08,15,4600,4600,0,Venta origen: 196 | Usuario origen: ALONDRA2025 | Credito abonado origen: 4600 | Status origen: 1
credit-note:197,sale:197,2,MIG-JM-CRED-197,MIG-JM-VENTA-197,2025-09-23,2025-09-23,1,3600,0,3600,Venta origen: 197 | Usuario origen: AIMEGONZALEZ | Credito abonado origen: 0 | Status origen: 0
credit-note:198,sale:198,2,MIG-JM-CRED-198,MIG-JM-VENTA-198,2025-09-23,2025-09-23,1,3600,0,3600,Venta origen: 198 | Usuario origen: AIMEGONZALEZ | Credito abonado origen: 0 | Status origen: 0
credit-note:199,sale:199,5,MIG-JM-CRED-199,MIG-JM-VENTA-199,2025-09-23,2025-10-08,15,460,460,0,Venta origen: 199 | Usuario origen: ALEXA2025 | Credito abonado origen: 460 | Status origen: 1
credit-note:200,sale:200,2,MIG-JM-CRED-200,MIG-JM-VENTA-200,2025-09-23,2025-09-23,1,3600,0,3600,Venta origen: 200 | Usuario origen: AIMEGONZALEZ | Credito abonado origen: 0 | Status origen: 0
credit-note:201,sale:201,2,MIG-JM-CRED-201,MIG-JM-VENTA-201,2025-09-23,2025-09-23,1,90,0,90,Venta origen: 201 | Usuario origen: AIMEGONZALEZ | Credito abonado origen: 0 | Status origen: 0
credit-note:202,sale:202,2,MIG-JM-CRED-202,MIG-JM-VENTA-202,2025-09-23,2025-09-23,1,3600,0,3600,Venta origen: 202 | Usuario origen: AIMEGONZALEZ | Credito abonado origen: 0 | Status origen: 0
credit-note:203,sale:203,24,MIG-JM-CRED-203,MIG-JM-VENTA-203,2025-09-23,2025-10-08,15,4200,4200,0,Venta origen: 203 | Usuario origen: ALONDRA2025 | Credito abonado origen: 4200 | Status origen: 1
credit-note:204,sale:204,19,MIG-JM-CRED-204,MIG-JM-VENTA-204,2025-09-23,2025-10-08,15,370,370,0,Venta origen: 204 | Usuario origen: ALEXA2025 | Credito abonado origen: 370 | Status origen: 1
credit-note:205,sale:205,2,MIG-JM-CRED-205,MIG-JM-VENTA-205,2025-09-23,2025-10-08,15,2,2,0,Venta origen: 205 | Usuario origen: ALEXA2025 | Credito abonado origen: 2 | Status origen: 1
credit-note:206,sale:206,2,MIG-JM-CRED-206,MIG-JM-VENTA-206,2025-09-23,2025-10-08,15,2,2,0,Venta origen: 206 | Usuario origen: ALEXA2025 | Credito abonado origen: 2 | Status origen: 1
credit-note:207,sale:207,5,MIG-JM-CRED-207,MIG-JM-VENTA-207,2025-09-24,2025-10-09,15,115,115,0,Venta origen: 207 | Usuario origen: ALONDRA2025 | Credito abonado origen: 115 | Status origen: 1
credit-note:208,sale:208,3,MIG-JM-CRED-208,MIG-JM-VENTA-208,2025-09-24,2025-10-09,15,3010,3010,0,Venta origen: 208 | Usuario origen: ALEXA2025 | Credito abonado origen: 3010 | Status origen: 1
credit-note:209,sale:209,12,MIG-JM-CRED-209,MIG-JM-VENTA-209,2025-09-24,2025-10-24,30,1610,1610,0,Venta origen: 209 | Usuario origen: ALEXA2025 | Credito abonado origen: 1610 | Status origen: 1
credit-note:210,sale:210,18,MIG-JM-CRED-210,MIG-JM-VENTA-210,2025-09-24,2025-10-09,15,7350,7350,0,Venta origen: 210 | Usuario origen: ALEXA2025 | Credito abonado origen: 7350 | Status origen: 1
credit-note:211,sale:211,19,MIG-JM-CRED-211,MIG-JM-VENTA-211,2025-09-25,2025-10-10,15,240,240,0,Venta origen: 211 | Usuario origen: ALEXA2025 | Credito abonado origen: 240 | Status origen: 1
credit-note:212,sale:212,12,MIG-JM-CRED-212,MIG-JM-VENTA-212,2025-09-25,2025-10-25,30,1725,1725,0,Venta origen: 212 | Usuario origen: ALONDRA2025 | Credito abonado origen: 1725 | Status origen: 1
credit-note:213,sale:213,3,MIG-JM-CRED-213,MIG-JM-VENTA-213,2025-09-25,2025-10-10,15,1526,1526,0,Venta origen: 213 | Usuario origen: ALONDRA2025 | Credito abonado origen: 1526 | Status origen: 1
credit-note:214,sale:214,3,MIG-JM-CRED-214,MIG-JM-VENTA-214,2025-09-26,2025-10-11,15,4309,4309,0,Venta origen: 214 | Usuario origen: ALEXA2025 | Credito abonado origen: 4309 | Status origen: 1
credit-note:215,sale:215,7,MIG-JM-CRED-215,MIG-JM-VENTA-215,2025-09-26,2025-10-26,30,1750,1750,0,Venta origen: 215 | Usuario origen: ALONDRA2025 | Credito abonado origen: 1750 | Status origen: 1
credit-note:216,sale:216,7,MIG-JM-CRED-216,MIG-JM-VENTA-216,2025-09-26,2025-10-26,30,144,144,0,Venta origen: 216 | Usuario origen: ALONDRA2025 | Credito abonado origen: 144 | Status origen: 1
credit-note:217,sale:217,17,MIG-JM-CRED-217,MIG-JM-VENTA-217,2025-09-26,2025-10-11,15,170,170,0,Venta origen: 217 | Usuario origen: ALEXA2025 | Credito abonado origen: 170 | Status origen: 1
credit-note:218,sale:218,17,MIG-JM-CRED-218,MIG-JM-VENTA-218,2025-09-26,2025-10-11,15,34,34,0,Venta origen: 218 | Usuario origen: ALEXA2025 | Credito abonado origen: 34 | Status origen: 1
credit-note:219,sale:219,9,MIG-JM-CRED-219,MIG-JM-VENTA-219,2025-09-26,2025-10-11,15,2080,2080,0,Venta origen: 219 | Usuario origen: ALEXA2025 | Credito abonado origen: 2080 | Status origen: 1
credit-note:220,sale:220,6,MIG-JM-CRED-220,MIG-JM-VENTA-220,2025-09-26,2025-09-26,1,708,708,0,Venta origen: 220 | Usuario origen: ALEXA2025 | Credito abonado origen: 708 | Status origen: 1
credit-note:221,sale:221,6,MIG-JM-CRED-221,MIG-JM-VENTA-221,2025-09-26,2025-10-11,15,450,450,0,Venta origen: 221 | Usuario origen: ALONDRA2025 | Credito abonado origen: 450 | Status origen: 1
credit-note:222,sale:222,2,MIG-JM-CRED-222,MIG-JM-VENTA-222,2025-09-26,2025-10-11,15,236,236,0,Venta origen: 222 | Usuario origen: ALONDRA2025 | Credito abonado origen: 236 | Status origen: 1
credit-note:223,sale:223,16,MIG-JM-CRED-223,MIG-JM-VENTA-223,2025-09-26,2025-10-11,15,224.5,224.5,0,Venta origen: 223 | Usuario origen: ALEXA2025 | Credito abonado origen: 224.5 | Status origen: 1
credit-note:224,sale:224,3,MIG-JM-CRED-224,MIG-JM-VENTA-224,2025-09-26,2025-10-11,15,5,5,0,Venta origen: 224 | Usuario origen: ALEXA2025 | Credito abonado origen: 5 | Status origen: 1
credit-note:225,sale:225,2,MIG-JM-CRED-225,MIG-JM-VENTA-225,2025-09-27,2025-10-12,15,236,236,0,Venta origen: 225 | Usuario origen: ALONDRA2025 | Credito abonado origen: 236 | Status origen: 1
credit-note:226,sale:226,21,MIG-JM-CRED-226,MIG-JM-VENTA-226,2025-09-27,2025-10-12,15,1845,1845,0,Venta origen: 226 | Usuario origen: ALONDRA2025 | Credito abonado origen: 1845 | Status origen: 1
credit-note:227,sale:227,3,MIG-JM-CRED-227,MIG-JM-VENTA-227,2025-09-29,2025-10-14,15,2105,0,2105,Venta origen: 227 | Usuario origen: ALEXA2025 | Credito abonado origen: 0 | Status origen: 0
credit-note:228,sale:228,3,MIG-JM-CRED-228,MIG-JM-VENTA-228,2025-09-29,2025-10-14,15,2099,0,2099,Venta origen: 228 | Usuario origen: ALEXA2025 | Credito abonado origen: 0 | Status origen: 0
credit-note:229,sale:229,3,MIG-JM-CRED-229,MIG-JM-VENTA-229,2025-09-29,2025-10-14,15,2600,2600,0,Venta origen: 229 | Usuario origen: ALEXA2025 | Credito abonado origen: 2600 | Status origen: 1
credit-note:230,sale:230,2,MIG-JM-CRED-230,MIG-JM-VENTA-230,2025-09-29,2025-10-14,15,900,900,0,Venta origen: 230 | Usuario origen: ALEXA2025 | Credito abonado origen: 900 | Status origen: 1
credit-note:231,sale:231,19,MIG-JM-CRED-231,MIG-JM-VENTA-231,2025-09-29,2025-10-14,15,4200,4200,0,Venta origen: 231 | Usuario origen: ALEXA2025 | Credito abonado origen: 4200 | Status origen: 1
credit-note:232,sale:232,2,MIG-JM-CRED-232,MIG-JM-VENTA-232,2025-09-29,2025-10-14,15,64,64,0,Venta origen: 232 | Usuario origen: ALEXA2025 | Credito abonado origen: 64 | Status origen: 1
credit-note:233,sale:233,18,MIG-JM-CRED-233,MIG-JM-VENTA-233,2025-09-29,2025-10-14,15,9500,9500,0,Venta origen: 233 | Usuario origen: ALONDRA2025 | Credito abonado origen: 9500 | Status origen: 1
credit-note:234,sale:234,3,MIG-JM-CRED-234,MIG-JM-VENTA-234,2025-09-29,2025-10-14,15,15200,15200,0,Venta origen: 234 | Usuario origen: ALONDRA2025 | Credito abonado origen: 15200 | Status origen: 1
credit-note:235,sale:235,2,MIG-JM-CRED-235,MIG-JM-VENTA-235,2025-09-29,2025-10-14,15,615,615,0,Venta origen: 235 | Usuario origen: ALEXA2025 | Credito abonado origen: 615 | Status origen: 1
credit-note:236,sale:236,8,MIG-JM-CRED-236,MIG-JM-VENTA-236,2025-09-29,2025-10-14,15,4200,0,4200,Venta origen: 236 | Usuario origen: ALEXA2025 | Credito abonado origen: 0 | Status origen: 0
credit-note:237,sale:237,2,MIG-JM-CRED-237,MIG-JM-VENTA-237,2025-09-29,2025-10-14,15,64,64,0,Venta origen: 237 | Usuario origen: ALONDRA2025 | Credito abonado origen: 64 | Status origen: 1
credit-note:238,sale:238,8,MIG-JM-CRED-238,MIG-JM-VENTA-238,2025-09-29,2025-10-14,15,5400,5400,0,Venta origen: 238 | Usuario origen: ALONDRA2025 | Credito abonado origen: 5400 | Status origen: 1
credit-note:239,sale:239,18,MIG-JM-CRED-239,MIG-JM-VENTA-239,2025-09-30,2025-10-15,15,7350,7350,0,Venta origen: 239 | Usuario origen: ALONDRA2025 | Credito abonado origen: 7350 | Status origen: 1
credit-note:240,sale:240,7,MIG-JM-CRED-240,MIG-JM-VENTA-240,2025-09-30,2025-10-30,30,2425,2425,0,Venta origen: 240 | Usuario origen: ALONDRA2025 | Credito abonado origen: 2425 | Status origen: 1
credit-note:241,sale:241,5,MIG-JM-CRED-241,MIG-JM-VENTA-241,2025-09-30,2025-10-15,15,4600,4600,0,Venta origen: 241 | Usuario origen: ALONDRA2025 | Credito abonado origen: 4600 | Status origen: 1
credit-note:242,sale:242,2,MIG-JM-CRED-242,MIG-JM-VENTA-242,2025-09-30,2025-10-15,15,2825,2825,0,Venta origen: 242 | Usuario origen: ALONDRA2025 | Credito abonado origen: 2825 | Status origen: 1
credit-note:243,sale:243,2,MIG-JM-CRED-243,MIG-JM-VENTA-243,2025-09-30,2025-10-15,15,236,236,0,Venta origen: 243 | Usuario origen: ALONDRA2025 | Credito abonado origen: 236 | Status origen: 1
credit-note:244,sale:244,25,MIG-JM-CRED-244,MIG-JM-VENTA-244,2025-09-30,2025-10-15,15,1900,1900,0,Venta origen: 244 | Usuario origen: ALONDRA2025 | Credito abonado origen: 1900 | Status origen: 1
credit-note:245,sale:245,5,MIG-JM-CRED-245,MIG-JM-VENTA-245,2025-09-30,2025-10-15,15,4200,4200,0,Venta origen: 245 | Usuario origen: ALONDRA2025 | Credito abonado origen: 4200 | Status origen: 1
credit-note:246,sale:246,26,MIG-JM-CRED-246,MIG-JM-VENTA-246,2025-10-01,2025-10-16,15,8400,8400,0,Venta origen: 246 | Usuario origen: ALONDRA2025 | Credito abonado origen: 8400 | Status origen: 1
credit-note:247,sale:247,25,MIG-JM-CRED-247,MIG-JM-VENTA-247,2025-10-01,2025-10-15,14,2500,2500,0,Venta origen: 247 | Usuario origen: ALONDRA2025 | Credito abonado origen: 2500 | Status origen: 0
credit-note:248,sale:248,5,MIG-JM-CRED-248,MIG-JM-VENTA-248,2025-10-01,2025-10-16,15,4600,4600,0,Venta origen: 248 | Usuario origen: ALEXA2025 | Credito abonado origen: 4600 | Status origen: 1
credit-note:249,sale:249,2,MIG-JM-CRED-249,MIG-JM-VENTA-249,2025-10-01,2025-10-16,15,9200,9200,0,Venta origen: 249 | Usuario origen: ALONDRA2025 | Credito abonado origen: 9200 | Status origen: 0
credit-note:250,sale:250,2,MIG-JM-CRED-250,MIG-JM-VENTA-250,2025-10-01,2025-10-16,15,70,70,0,Venta origen: 250 | Usuario origen: ALONDRA2025 | Credito abonado origen: 70 | Status origen: 1
credit-note:251,sale:251,2,MIG-JM-CRED-251,MIG-JM-VENTA-251,2025-10-01,2025-10-16,15,9300,9300,0,Venta origen: 251 | Usuario origen: ALONDRA2025 | Credito abonado origen: 9300 | Status origen: 1
credit-note:252,sale:252,2,MIG-JM-CRED-252,MIG-JM-VENTA-252,2025-10-01,2025-10-16,15,8,8,0,Venta origen: 252 | Usuario origen: ALEXA2025 | Credito abonado origen: 8 | Status origen: 1
credit-note:253,sale:253,27,MIG-JM-CRED-253,MIG-JM-VENTA-253,2025-10-01,2025-10-16,15,4470,4470,0,Venta origen: 253 | Usuario origen: ALEXA2025 | Credito abonado origen: 4470 | Status origen: 1
credit-note:254,sale:254,27,MIG-JM-CRED-254,MIG-JM-VENTA-254,2025-10-01,2025-10-16,15,278,278,0,Venta origen: 254 | Usuario origen: ALONDRA2025 | Credito abonado origen: 278 | Status origen: 1
credit-note:255,sale:255,22,MIG-JM-CRED-255,MIG-JM-VENTA-255,2025-10-01,2025-10-16,15,329,329,0,Venta origen: 255 | Usuario origen: ALEXA2025 | Credito abonado origen: 329 | Status origen: 1
credit-note:256,sale:256,7,MIG-JM-CRED-256,MIG-JM-VENTA-256,2025-10-01,2025-10-31,30,4600,4600,0,Venta origen: 256 | Usuario origen: ALONDRA2025 | Credito abonado origen: 4600 | Status origen: 1
credit-note:257,sale:257,2,MIG-JM-CRED-257,MIG-JM-VENTA-257,2025-10-01,2025-10-16,15,426,426,0,Venta origen: 257 | Usuario origen: ALEXA2025 | Credito abonado origen: 426 | Status origen: 1
credit-note:258,sale:258,18,MIG-JM-CRED-258,MIG-JM-VENTA-258,2025-10-01,2025-10-16,15,76000,76000,0,Venta origen: 258 | Usuario origen: ALEXA2025 | Credito abonado origen: 76000 | Status origen: 1
credit-note:259,sale:259,16,MIG-JM-CRED-259,MIG-JM-VENTA-259,2025-10-01,2025-10-31,30,111,0,111,Venta origen: 259 | Usuario origen: ALONDRA2025 | Credito abonado origen: 0 | Status origen: 1
credit-note:260,sale:260,2,MIG-JM-CRED-260,MIG-JM-VENTA-260,2025-10-01,2025-10-16,15,300,300,0,Venta origen: 260 | Usuario origen: ALEXA2025 | Credito abonado origen: 300 | Status origen: 1
credit-note:261,sale:261,3,MIG-JM-CRED-261,MIG-JM-VENTA-261,2025-10-02,2025-10-17,15,3240,3240,0,Venta origen: 261 | Usuario origen: ALEXA2025 | Credito abonado origen: 3240 | Status origen: 1
credit-note:262,sale:262,28,MIG-JM-CRED-262,MIG-JM-VENTA-262,2025-10-02,2025-10-17,15,9200,9200,0,Venta origen: 262 | Usuario origen: ALEXA2025 | Credito abonado origen: 9200 | Status origen: 1
credit-note:263,sale:263,2,MIG-JM-CRED-263,MIG-JM-VENTA-263,2025-10-02,2025-10-17,15,583,583,0,Venta origen: 263 | Usuario origen: ALONDRA2025 | Credito abonado origen: 583 | Status origen: 1
credit-note:264,sale:264,8,MIG-JM-CRED-264,MIG-JM-VENTA-264,2025-10-02,2025-10-17,15,860,860,0,Venta origen: 264 | Usuario origen: ALEXA2025 | Credito abonado origen: 860 | Status origen: 1
credit-note:265,sale:265,2,MIG-JM-CRED-265,MIG-JM-VENTA-265,2025-10-02,2025-10-17,15,2380,2380,0,Venta origen: 265 | Usuario origen: ALONDRA2025 | Credito abonado origen: 2380 | Status origen: 1
credit-note:266,sale:266,13,MIG-JM-CRED-266,MIG-JM-VENTA-266,2025-10-02,2025-10-17,15,1250,1250,0,Venta origen: 266 | Usuario origen: ALONDRA2025 | Credito abonado origen: 1250 | Status origen: 1
credit-note:267,sale:267,2,MIG-JM-CRED-267,MIG-JM-VENTA-267,2025-10-02,2025-10-17,15,157,157,0,Venta origen: 267 | Usuario origen: ALEXA2025 | Credito abonado origen: 157 | Status origen: 1
credit-note:268,sale:268,26,MIG-JM-CRED-268,MIG-JM-VENTA-268,2025-10-02,2025-11-01,30,8400,8400,0,Venta origen: 268 | Usuario origen: ALEXA2025 | Credito abonado origen: 8400 | Status origen: 1
credit-note:269,sale:269,2,MIG-JM-CRED-269,MIG-JM-VENTA-269,2025-10-02,2025-10-17,15,300,300,0,Venta origen: 269 | Usuario origen: ALEXA2025 | Credito abonado origen: 300 | Status origen: 1
credit-note:270,sale:270,2,MIG-JM-CRED-270,MIG-JM-VENTA-270,2025-10-02,2025-10-17,15,185,185,0,Venta origen: 270 | Usuario origen: ALONDRA2025 | Credito abonado origen: 185 | Status origen: 0
credit-note:271,sale:271,2,MIG-JM-CRED-271,MIG-JM-VENTA-271,2025-10-02,2025-10-17,15,178.5,178.5,0,Venta origen: 271 | Usuario origen: ALONDRA2025 | Credito abonado origen: 178.5 | Status origen: 1
credit-note:272,sale:272,29,MIG-JM-CRED-272,MIG-JM-VENTA-272,2025-10-02,2025-11-01,30,7156,7156,0,Venta origen: 272 | Usuario origen: ALEXA2025 | Credito abonado origen: 7156 | Status origen: 1
credit-note:273,sale:273,18,MIG-JM-CRED-273,MIG-JM-VENTA-273,2025-10-02,2025-10-17,15,2500,2500,0,Venta origen: 273 | Usuario origen: ALONDRA2025 | Credito abonado origen: 2500 | Status origen: 1
credit-note:274,sale:274,8,MIG-JM-CRED-274,MIG-JM-VENTA-274,2025-10-02,2025-10-17,15,176,176,0,Venta origen: 274 | Usuario origen: ALONDRA2025 | Credito abonado origen: 176 | Status origen: 1
credit-note:275,sale:275,3,MIG-JM-CRED-275,MIG-JM-VENTA-275,2025-10-02,2025-10-17,15,1850,1850,0,Venta origen: 275 | Usuario origen: ALONDRA2025 | Credito abonado origen: 1850 | Status origen: 1
credit-note:276,sale:276,3,MIG-JM-CRED-276,MIG-JM-VENTA-276,2025-10-03,2025-10-18,15,252,252,0,Venta origen: 276 | Usuario origen: ALONDRA2025 | Credito abonado origen: 252 | Status origen: 1
credit-note:277,sale:277,23,MIG-JM-CRED-277,MIG-JM-VENTA-277,2025-10-03,2025-10-18,15,3167,3167,0,Venta origen: 277 | Usuario origen: ALEXA2025 | Credito abonado origen: 3167 | Status origen: 1
credit-note:278,sale:278,7,MIG-JM-CRED-278,MIG-JM-VENTA-278,2025-10-03,2025-11-02,30,2750,2750,0,Venta origen: 278 | Usuario origen: ALONDRA2025 | Credito abonado origen: 2750 | Status origen: 1
credit-note:279,sale:279,2,MIG-JM-CRED-279,MIG-JM-VENTA-279,2025-10-03,2025-10-18,15,8,8,0,Venta origen: 279 | Usuario origen: ALONDRA2025 | Credito abonado origen: 8 | Status origen: 1
credit-note:280,sale:280,2,MIG-JM-CRED-280,MIG-JM-VENTA-280,2025-10-03,2025-10-18,15,708,708,0,Venta origen: 280 | Usuario origen: ALONDRA2025 | Credito abonado origen: 708 | Status origen: 1
credit-note:281,sale:281,19,MIG-JM-CRED-281,MIG-JM-VENTA-281,2025-10-03,2025-10-18,15,3000,3000,0,Venta origen: 281 | Usuario origen: ALONDRA2025 | Credito abonado origen: 3000 | Status origen: 0
credit-note:282,sale:282,3,MIG-JM-CRED-282,MIG-JM-VENTA-282,2025-10-03,2025-10-18,15,3200,3200,0,Venta origen: 282 | Usuario origen: ALEXA2025 | Credito abonado origen: 3200 | Status origen: 1
credit-note:283,sale:283,19,MIG-JM-CRED-283,MIG-JM-VENTA-283,2025-10-03,2025-10-18,15,1000,1000,0,Venta origen: 283 | Usuario origen: ALONDRA2025 | Credito abonado origen: 1000 | Status origen: 1
credit-note:284,sale:284,8,MIG-JM-CRED-284,MIG-JM-VENTA-284,2025-10-03,2025-10-18,15,330,330,0,Venta origen: 284 | Usuario origen: ALEXA2025 | Credito abonado origen: 330 | Status origen: 1
credit-note:285,sale:285,26,MIG-JM-CRED-285,MIG-JM-VENTA-285,2025-10-03,2025-11-02,30,8400,8400,0,Venta origen: 285 | Usuario origen: ALEXA2025 | Credito abonado origen: 8400 | Status origen: 1
credit-note:286,sale:286,2,MIG-JM-CRED-286,MIG-JM-VENTA-286,2025-10-03,2025-10-18,15,172,172,0,Venta origen: 286 | Usuario origen: ALONDRA2025 | Credito abonado origen: 172 | Status origen: 1
credit-note:287,sale:287,3,MIG-JM-CRED-287,MIG-JM-VENTA-287,2025-10-03,2025-10-18,15,1450,1450,0,Venta origen: 287 | Usuario origen: ALEXA2025 | Credito abonado origen: 1450 | Status origen: 1
credit-note:288,sale:288,5,MIG-JM-CRED-288,MIG-JM-VENTA-288,2025-10-03,2025-10-18,15,4200,4200,0,Venta origen: 288 | Usuario origen: ALONDRA2025 | Credito abonado origen: 4200 | Status origen: 1
credit-note:289,sale:289,2,MIG-JM-CRED-289,MIG-JM-VENTA-289,2025-10-03,2025-10-18,15,3353,3353,0,Venta origen: 289 | Usuario origen: ALONDRA2025 | Credito abonado origen: 3353 | Status origen: 1
credit-note:290,sale:290,26,MIG-JM-CRED-290,MIG-JM-VENTA-290,2025-10-03,2025-11-02,30,4200,4200,0,Venta origen: 290 | Usuario origen: ALEXA2025 | Credito abonado origen: 4200 | Status origen: 1
credit-note:291,sale:291,3,MIG-JM-CRED-291,MIG-JM-VENTA-291,2025-10-04,2025-10-19,15,250,250,0,Venta origen: 291 | Usuario origen: ALONDRA2025 | Credito abonado origen: 250 | Status origen: 1
credit-note:292,sale:292,2,MIG-JM-CRED-292,MIG-JM-VENTA-292,2025-10-04,2025-10-19,15,72,72,0,Venta origen: 292 | Usuario origen: ALONDRA2025 | Credito abonado origen: 72 | Status origen: 1
credit-note:293,sale:293,3,MIG-JM-CRED-293,MIG-JM-VENTA-293,2025-10-04,2025-10-19,15,8510,8510,0,Venta origen: 293 | Usuario origen: ALEXA2025 | Credito abonado origen: 8510 | Status origen: 1
credit-note:294,sale:294,21,MIG-JM-CRED-294,MIG-JM-VENTA-294,2025-10-06,2025-10-21,15,1550,1550,0,Venta origen: 294 | Usuario origen: ALONDRA2025 | Credito abonado origen: 1550 | Status origen: 1
credit-note:295,sale:295,3,MIG-JM-CRED-295,MIG-JM-VENTA-295,2025-10-06,2025-10-21,15,3360,3360,0,Venta origen: 295 | Usuario origen: ALEXA2025 | Credito abonado origen: 3360 | Status origen: 1
credit-note:296,sale:296,18,MIG-JM-CRED-296,MIG-JM-VENTA-296,2025-10-06,2025-10-21,15,66,66,0,Venta origen: 296 | Usuario origen: ALEXA2025 | Credito abonado origen: 66 | Status origen: 1
credit-note:297,sale:297,26,MIG-JM-CRED-297,MIG-JM-VENTA-297,2025-10-06,2025-11-05,30,534,534,0,Venta origen: 297 | Usuario origen: ALONDRA2025 | Credito abonado origen: 534 | Status origen: 1
credit-note:298,sale:298,26,MIG-JM-CRED-298,MIG-JM-VENTA-298,2025-10-06,2025-11-05,30,792,792,0,Venta origen: 298 | Usuario origen: ALONDRA2025 | Credito abonado origen: 792 | Status origen: 1
credit-note:299,sale:299,18,MIG-JM-CRED-299,MIG-JM-VENTA-299,2025-10-06,2025-10-21,15,4200,4200,0,Venta origen: 299 | Usuario origen: ALONDRA2025 | Credito abonado origen: 4200 | Status origen: 1
credit-note:300,sale:300,6,MIG-JM-CRED-300,MIG-JM-VENTA-300,2025-10-06,2025-10-06,1,4700,4700,0,Venta origen: 300 | Usuario origen: ALEXA2025 | Credito abonado origen: 4700 | Status origen: 1
credit-note:301,sale:301,8,MIG-JM-CRED-301,MIG-JM-VENTA-301,2025-10-06,2025-10-21,15,12000,12000,0,Venta origen: 301 | Usuario origen: ALONDRA2025 | Credito abonado origen: 12000 | Status origen: 1
credit-note:302,sale:302,26,MIG-JM-CRED-302,MIG-JM-VENTA-302,2025-10-06,2025-10-21,15,185,185,0,Venta origen: 302 | Usuario origen: ALONDRA2025 | Credito abonado origen: 185 | Status origen: 1
credit-note:303,sale:303,2,MIG-JM-CRED-303,MIG-JM-VENTA-303,2025-10-06,2025-10-06,1,118,118,0,Venta origen: 303 | Usuario origen: ALONDRA2025 | Credito abonado origen: 118 | Status origen: 1
credit-note:304,sale:304,28,MIG-JM-CRED-304,MIG-JM-VENTA-304,2025-10-06,2025-10-21,15,9200,9200,0,Venta origen: 304 | Usuario origen: ALONDRA2025 | Credito abonado origen: 9200 | Status origen: 1
credit-note:305,sale:305,3,MIG-JM-CRED-305,MIG-JM-VENTA-305,2025-10-06,2025-10-21,15,6650,6650,0,Venta origen: 305 | Usuario origen: ALONDRA2025 | Credito abonado origen: 6650 | Status origen: 1
credit-note:306,sale:306,26,MIG-JM-CRED-306,MIG-JM-VENTA-306,2025-10-06,2025-11-05,30,10218,10218,0,Venta origen: 306 | Usuario origen: ALEXA2025 | Credito abonado origen: 10218 | Status origen: 1
credit-note:307,sale:307,3,MIG-JM-CRED-307,MIG-JM-VENTA-307,2025-10-06,2025-10-21,15,1283,1283,0,Venta origen: 307 | Usuario origen: ALONDRA2025 | Credito abonado origen: 1283 | Status origen: 1
credit-note:308,sale:308,6,MIG-JM-CRED-308,MIG-JM-VENTA-308,2025-10-07,2025-10-07,1,4700,4700,0,Venta origen: 308 | Usuario origen: ALONDRA2025 | Credito abonado origen: 4700 | Status origen: 1
credit-note:309,sale:309,30,MIG-JM-CRED-309,MIG-JM-VENTA-309,2025-10-07,2025-11-06,30,3700,3700,0,Venta origen: 309 | Usuario origen: ALONDRA2025 | Credito abonado origen: 3700 | Status origen: 1
credit-note:310,sale:310,30,MIG-JM-CRED-310,MIG-JM-VENTA-310,2025-10-07,2025-11-06,30,450,450,0,Venta origen: 310 | Usuario origen: ALONDRA2025 | Credito abonado origen: 450 | Status origen: 1
credit-note:311,sale:311,26,MIG-JM-CRED-311,MIG-JM-VENTA-311,2025-10-07,2025-11-06,30,10260,10260,0,Venta origen: 311 | Usuario origen: ALEXA2025 | Credito abonado origen: 10260 | Status origen: 1
credit-note:312,sale:312,2,MIG-JM-CRED-312,MIG-JM-VENTA-312,2025-10-07,2025-10-22,15,52,52,0,Venta origen: 312 | Usuario origen: ALONDRA2025 | Credito abonado origen: 52 | Status origen: 1
credit-note:313,sale:313,3,MIG-JM-CRED-313,MIG-JM-VENTA-313,2025-10-07,2025-10-22,15,45000,45000,0,Venta origen: 313 | Usuario origen: ALEXA2025 | Credito abonado origen: 45000 | Status origen: 1
credit-note:314,sale:314,3,MIG-JM-CRED-314,MIG-JM-VENTA-314,2025-10-07,2025-10-22,15,11000,11000,0,Venta origen: 314 | Usuario origen: ALEXA2025 | Credito abonado origen: 11000 | Status origen: 1
credit-note:315,sale:315,3,MIG-JM-CRED-315,MIG-JM-VENTA-315,2025-10-07,2025-10-22,15,16000,16000,0,Venta origen: 315 | Usuario origen: ALEXA2025 | Credito abonado origen: 16000 | Status origen: 1
credit-note:316,sale:316,5,MIG-JM-CRED-316,MIG-JM-VENTA-316,2025-10-08,2025-10-23,15,4600,4600,0,Venta origen: 316 | Usuario origen: ALONDRA2025 | Credito abonado origen: 4600 | Status origen: 1
credit-note:317,sale:317,2,MIG-JM-CRED-317,MIG-JM-VENTA-317,2025-10-08,2025-10-23,15,50,50,0,Venta origen: 317 | Usuario origen: ALONDRA2025 | Credito abonado origen: 50 | Status origen: 1
credit-note:318,sale:318,29,MIG-JM-CRED-318,MIG-JM-VENTA-318,2025-10-08,2025-11-07,30,4800,4800,0,Venta origen: 318 | Usuario origen: ALONDRA2025 | Credito abonado origen: 4800 | Status origen: 1
credit-note:319,sale:319,2,MIG-JM-CRED-319,MIG-JM-VENTA-319,2025-10-08,2025-10-23,15,888,888,0,Venta origen: 319 | Usuario origen: ALONDRA2025 | Credito abonado origen: 888 | Status origen: 1
credit-note:320,sale:320,2,MIG-JM-CRED-320,MIG-JM-VENTA-320,2025-10-08,2025-10-23,15,299,299,0,Venta origen: 320 | Usuario origen: ALONDRA2025 | Credito abonado origen: 299 | Status origen: 1
credit-note:321,sale:321,19,MIG-JM-CRED-321,MIG-JM-VENTA-321,2025-10-08,2025-10-23,15,462.5,462.5,0,Venta origen: 321 | Usuario origen: ALONDRA2025 | Credito abonado origen: 462.5 | Status origen: 1
credit-note:322,sale:322,2,MIG-JM-CRED-322,MIG-JM-VENTA-322,2025-10-08,2025-10-23,15,65.5,65.5,0,Venta origen: 322 | Usuario origen: ALONDRA2025 | Credito abonado origen: 65.5 | Status origen: 1
credit-note:323,sale:323,5,MIG-JM-CRED-323,MIG-JM-VENTA-323,2025-10-08,2025-10-23,15,7400,7400,0,Venta origen: 323 | Usuario origen: ALONDRA2025 | Credito abonado origen: 7400 | Status origen: 1
credit-note:324,sale:324,8,MIG-JM-CRED-324,MIG-JM-VENTA-324,2025-10-08,2025-10-23,15,9,9,0,Venta origen: 324 | Usuario origen: ALONDRA2025 | Credito abonado origen: 9 | Status origen: 1
credit-note:325,sale:325,8,MIG-JM-CRED-325,MIG-JM-VENTA-325,2025-10-08,2025-10-23,15,81,81,0,Venta origen: 325 | Usuario origen: ALONDRA2025 | Credito abonado origen: 81 | Status origen: 1
credit-note:326,sale:326,3,MIG-JM-CRED-326,MIG-JM-VENTA-326,2025-10-08,2025-10-23,15,92000,92000,0,Venta origen: 326 | Usuario origen: ALEXA2025 | Credito abonado origen: 92000 | Status origen: 1
credit-note:327,sale:327,2,MIG-JM-CRED-327,MIG-JM-VENTA-327,2025-10-08,2025-10-23,15,4,4,0,Venta origen: 327 | Usuario origen: ALONDRA2025 | Credito abonado origen: 4 | Status origen: 1
credit-note:328,sale:328,18,MIG-JM-CRED-328,MIG-JM-VENTA-328,2025-10-09,2025-10-24,15,24000,24000,0,Venta origen: 328 | Usuario origen: ALONDRA2025 | Credito abonado origen: 24000 | Status origen: 1
credit-note:329,sale:329,30,MIG-JM-CRED-329,MIG-JM-VENTA-329,2025-10-09,2025-11-08,30,900,900,0,Venta origen: 329 | Usuario origen: ALONDRA2025 | Credito abonado origen: 900 | Status origen: 1
credit-note:330,sale:330,6,MIG-JM-CRED-330,MIG-JM-VENTA-330,2025-10-09,2025-10-09,1,2763,2763,0,Venta origen: 330 | Usuario origen: ALONDRA2025 | Credito abonado origen: 2763 | Status origen: 1
credit-note:331,sale:331,2,MIG-JM-CRED-331,MIG-JM-VENTA-331,2025-10-09,2025-10-24,15,472,472,0,Venta origen: 331 | Usuario origen: ALONDRA2025 | Credito abonado origen: 472 | Status origen: 1
credit-note:332,sale:332,26,MIG-JM-CRED-332,MIG-JM-VENTA-332,2025-10-09,2025-11-08,30,19814,19814,0,Venta origen: 332 | Usuario origen: ALONDRA2025 | Credito abonado origen: 19814 | Status origen: 1
credit-note:333,sale:333,2,MIG-JM-CRED-333,MIG-JM-VENTA-333,2025-10-10,2025-10-25,15,688,688,0,Venta origen: 333 | Usuario origen: ALONDRA2025 | Credito abonado origen: 688 | Status origen: 1
credit-note:334,sale:334,18,MIG-JM-CRED-334,MIG-JM-VENTA-334,2025-10-10,2025-10-25,15,19698,19698,0,Venta origen: 334 | Usuario origen: ALONDRA2025 | Credito abonado origen: 19698 | Status origen: 1
credit-note:335,sale:335,12,MIG-JM-CRED-335,MIG-JM-VENTA-335,2025-10-10,2025-11-09,30,1725,1725,0,Venta origen: 335 | Usuario origen: ALONDRA2025 | Credito abonado origen: 1725 | Status origen: 1
credit-note:336,sale:336,2,MIG-JM-CRED-336,MIG-JM-VENTA-336,2025-10-10,2025-10-25,15,10962.5,10962.5,0,Venta origen: 336 | Usuario origen: ALONDRA2025 | Credito abonado origen: 10962.5 | Status origen: 1
credit-note:337,sale:337,2,MIG-JM-CRED-337,MIG-JM-VENTA-337,2025-10-10,2025-10-25,15,49,49,0,Venta origen: 337 | Usuario origen: ALONDRA2025 | Credito abonado origen: 49 | Status origen: 1
credit-note:338,sale:338,5,MIG-JM-CRED-338,MIG-JM-VENTA-338,2025-10-10,2025-10-25,15,4600,4600,0,Venta origen: 338 | Usuario origen: ALONDRA2025 | Credito abonado origen: 4600 | Status origen: 1
credit-note:339,sale:339,3,MIG-JM-CRED-339,MIG-JM-VENTA-339,2025-10-10,2025-10-25,15,52000,52000,0,Venta origen: 339 | Usuario origen: ALEXA2025 | Credito abonado origen: 52000 | Status origen: 1
credit-note:340,sale:340,8,MIG-JM-CRED-340,MIG-JM-VENTA-340,2025-10-10,2025-10-25,15,3151,3151,0,Venta origen: 340 | Usuario origen: ALONDRA2025 | Credito abonado origen: 3151 | Status origen: 1
credit-note:341,sale:341,31,MIG-JM-CRED-341,MIG-JM-VENTA-341,2025-10-10,2025-10-25,15,4700,4700,0,Venta origen: 341 | Usuario origen: ALONDRA2025 | Credito abonado origen: 4700 | Status origen: 1
credit-note:342,sale:342,30,MIG-JM-CRED-342,MIG-JM-VENTA-342,2025-10-11,2025-11-10,30,2032,2032,0,Venta origen: 342 | Usuario origen: ALONDRA2025 | Credito abonado origen: 2032 | Status origen: 1
credit-note:343,sale:343,30,MIG-JM-CRED-343,MIG-JM-VENTA-343,2025-10-11,2025-11-10,30,1900,1900,0,Venta origen: 343 | Usuario origen: ALONDRA2025 | Credito abonado origen: 1900 | Status origen: 1
credit-note:344,sale:344,30,MIG-JM-CRED-344,MIG-JM-VENTA-344,2025-10-11,2025-11-10,30,127,127,0,Venta origen: 344 | Usuario origen: ALONDRA2025 | Credito abonado origen: 127 | Status origen: 1
credit-note:345,sale:345,30,MIG-JM-CRED-345,MIG-JM-VENTA-345,2025-10-11,2025-10-26,15,190,190,0,Venta origen: 345 | Usuario origen: ALONDRA2025 | Credito abonado origen: 190 | Status origen: 1
credit-note:346,sale:346,32,MIG-JM-CRED-346,MIG-JM-VENTA-346,2025-10-13,2025-11-12,30,31500,31500,0,Venta origen: 346 | Usuario origen: ALONDRA2025 | Credito abonado origen: 31500 | Status origen: 1
credit-note:347,sale:347,20,MIG-JM-CRED-347,MIG-JM-VENTA-347,2025-10-13,2025-11-12,30,186,0,186,Venta origen: 347 | Usuario origen: ALONDRA2025 | Credito abonado origen: 0 | Status origen: 1
credit-note:348,sale:348,20,MIG-JM-CRED-348,MIG-JM-VENTA-348,2025-10-13,2025-11-12,30,197,0,197,Venta origen: 348 | Usuario origen: ALONDRA2025 | Credito abonado origen: 0 | Status origen: 1
credit-note:349,sale:349,5,MIG-JM-CRED-349,MIG-JM-VENTA-349,2025-10-13,2025-10-28,15,8200,8200,0,Venta origen: 349 | Usuario origen: ALONDRA2025 | Credito abonado origen: 8200 | Status origen: 1
credit-note:350,sale:350,30,MIG-JM-CRED-350,MIG-JM-VENTA-350,2025-10-13,2025-10-28,15,422,422,0,Venta origen: 350 | Usuario origen: ALONDRA2025 | Credito abonado origen: 422 | Status origen: 1
credit-note:351,sale:351,30,MIG-JM-CRED-351,MIG-JM-VENTA-351,2025-10-13,2025-11-12,30,2000,0,2000,Venta origen: 351 | Usuario origen: ALONDRA2025 | Credito abonado origen: 0 | Status origen: 0
credit-note:352,sale:352,12,MIG-JM-CRED-352,MIG-JM-VENTA-352,2025-10-13,2025-11-12,30,2070,2070,0,Venta origen: 352 | Usuario origen: ALONDRA2025 | Credito abonado origen: 2070 | Status origen: 1
credit-note:353,sale:353,2,MIG-JM-CRED-353,MIG-JM-VENTA-353,2025-10-13,2025-10-28,15,20,20,0,Venta origen: 353 | Usuario origen: ALONDRA2025 | Credito abonado origen: 20 | Status origen: 1
credit-note:354,sale:354,2,MIG-JM-CRED-354,MIG-JM-VENTA-354,2025-10-14,2025-10-29,15,236,236,0,Venta origen: 354 | Usuario origen: ALONDRA2025 | Credito abonado origen: 236 | Status origen: 1
credit-note:355,sale:355,2,MIG-JM-CRED-355,MIG-JM-VENTA-355,2025-10-14,2025-10-29,15,900,900,0,Venta origen: 355 | Usuario origen: ALONDRA2025 | Credito abonado origen: 900 | Status origen: 1
credit-note:356,sale:356,2,MIG-JM-CRED-356,MIG-JM-VENTA-356,2025-10-14,2025-10-29,15,313,313,0,Venta origen: 356 | Usuario origen: ALONDRA2025 | Credito abonado origen: 313 | Status origen: 1
credit-note:357,sale:357,2,MIG-JM-CRED-357,MIG-JM-VENTA-357,2025-10-14,2025-10-29,15,104,104,0,Venta origen: 357 | Usuario origen: ALONDRA2025 | Credito abonado origen: 104 | Status origen: 1
credit-note:358,sale:358,30,MIG-JM-CRED-358,MIG-JM-VENTA-358,2025-10-14,2025-11-13,30,3620,3620,0,Venta origen: 358 | Usuario origen: ALONDRA2025 | Credito abonado origen: 3620 | Status origen: 1
credit-note:359,sale:359,28,MIG-JM-CRED-359,MIG-JM-VENTA-359,2025-10-14,2025-10-29,15,9200,9200,0,Venta origen: 359 | Usuario origen: ALONDRA2025 | Credito abonado origen: 9200 | Status origen: 1
credit-note:360,sale:360,2,MIG-JM-CRED-360,MIG-JM-VENTA-360,2025-10-14,2025-10-29,15,21,21,0,Venta origen: 360 | Usuario origen: ALONDRA2025 | Credito abonado origen: 21 | Status origen: 1
credit-note:361,sale:361,2,MIG-JM-CRED-361,MIG-JM-VENTA-361,2025-10-14,2025-10-29,15,14,14,0,Venta origen: 361 | Usuario origen: ALONDRA2025 | Credito abonado origen: 14 | Status origen: 1
credit-note:362,sale:362,12,MIG-JM-CRED-362,MIG-JM-VENTA-362,2025-10-14,2025-11-13,30,2760,2760,0,Venta origen: 362 | Usuario origen: ALONDRA2025 | Credito abonado origen: 2760 | Status origen: 1
credit-note:363,sale:363,3,MIG-JM-CRED-363,MIG-JM-VENTA-363,2025-10-14,2025-10-29,15,45,45,0,Venta origen: 363 | Usuario origen: ALONDRA2025 | Credito abonado origen: 45 | Status origen: 1
credit-note:364,sale:364,5,MIG-JM-CRED-364,MIG-JM-VENTA-364,2025-10-15,2025-10-30,15,8300,8300,0,Venta origen: 364 | Usuario origen: ALONDRA2025 | Credito abonado origen: 8300 | Status origen: 1
credit-note:365,sale:365,2,MIG-JM-CRED-365,MIG-JM-VENTA-365,2025-10-15,2025-10-30,15,1914,1914,0,Venta origen: 365 | Usuario origen: ALONDRA2025 | Credito abonado origen: 1914 | Status origen: 1
credit-note:366,sale:366,8,MIG-JM-CRED-366,MIG-JM-VENTA-366,2025-10-15,2025-10-30,15,104,104,0,Venta origen: 366 | Usuario origen: ALONDRA2025 | Credito abonado origen: 104 | Status origen: 1
credit-note:367,sale:367,2,MIG-JM-CRED-367,MIG-JM-VENTA-367,2025-10-15,2025-10-30,15,2070,2070,0,Venta origen: 367 | Usuario origen: ALONDRA2025 | Credito abonado origen: 2070 | Status origen: 0
credit-note:368,sale:368,2,MIG-JM-CRED-368,MIG-JM-VENTA-368,2025-10-15,2025-10-30,15,1770,1770,0,Venta origen: 368 | Usuario origen: ALONDRA2025 | Credito abonado origen: 1770 | Status origen: 1
credit-note:369,sale:369,2,MIG-JM-CRED-369,MIG-JM-VENTA-369,2025-10-15,2025-10-30,15,126,126,0,Venta origen: 369 | Usuario origen: ALEXA2025 | Credito abonado origen: 126 | Status origen: 1
credit-note:370,sale:370,26,MIG-JM-CRED-370,MIG-JM-VENTA-370,2025-10-15,2025-11-14,30,1780,1780,0,Venta origen: 370 | Usuario origen: ALONDRA2025 | Credito abonado origen: 1780 | Status origen: 1
credit-note:371,sale:371,5,MIG-JM-CRED-371,MIG-JM-VENTA-371,2025-10-15,2025-10-30,15,894,894,0,Venta origen: 371 | Usuario origen: ALONDRA2025 | Credito abonado origen: 894 | Status origen: 1
credit-note:372,sale:372,2,MIG-JM-CRED-372,MIG-JM-VENTA-372,2025-10-15,2025-10-30,15,49,49,0,Venta origen: 372 | Usuario origen: ALONDRA2025 | Credito abonado origen: 49 | Status origen: 1
credit-note:373,sale:373,2,MIG-JM-CRED-373,MIG-JM-VENTA-373,2025-10-15,2025-10-30,15,14,14,0,Venta origen: 373 | Usuario origen: ALONDRA2025 | Credito abonado origen: 14 | Status origen: 1
credit-note:374,sale:374,8,MIG-JM-CRED-374,MIG-JM-VENTA-374,2025-10-15,2025-10-30,15,1720,1720,0,Venta origen: 374 | Usuario origen: ALONDRA2025 | Credito abonado origen: 1720 | Status origen: 1
credit-note:375,sale:375,26,MIG-JM-CRED-375,MIG-JM-VENTA-375,2025-10-16,2025-11-15,30,125,125,0,Venta origen: 375 | Usuario origen: ALONDRA2025 | Credito abonado origen: 125 | Status origen: 1
credit-note:376,sale:376,26,MIG-JM-CRED-376,MIG-JM-VENTA-376,2025-10-16,2025-11-15,30,103,103,0,Venta origen: 376 | Usuario origen: ALONDRA2025 | Credito abonado origen: 103 | Status origen: 1
credit-note:377,sale:377,30,MIG-JM-CRED-377,MIG-JM-VENTA-377,2025-10-16,2025-11-15,30,1780,1780,0,Venta origen: 377 | Usuario origen: ALONDRA2025 | Credito abonado origen: 1780 | Status origen: 1
credit-note:378,sale:378,2,MIG-JM-CRED-378,MIG-JM-VENTA-378,2025-10-16,2025-10-31,15,74,74,0,Venta origen: 378 | Usuario origen: ALONDRA2025 | Credito abonado origen: 74 | Status origen: 1
credit-note:379,sale:379,5,MIG-JM-CRED-379,MIG-JM-VENTA-379,2025-10-16,2025-10-31,15,8821,8821,0,Venta origen: 379 | Usuario origen: ALONDRA2025 | Credito abonado origen: 8821 | Status origen: 1
credit-note:380,sale:380,7,MIG-JM-CRED-380,MIG-JM-VENTA-380,2025-10-16,2025-11-15,30,148,0,148,Venta origen: 380 | Usuario origen: ALONDRA2025 | Credito abonado origen: 0 | Status origen: 0
credit-note:381,sale:381,21,MIG-JM-CRED-381,MIG-JM-VENTA-381,2025-10-16,2025-10-31,15,1062,1062,0,Venta origen: 381 | Usuario origen: ALONDRA2025 | Credito abonado origen: 1062 | Status origen: 1
credit-note:382,sale:382,2,MIG-JM-CRED-382,MIG-JM-VENTA-382,2025-10-16,2025-10-31,15,16.5,16.5,0,Venta origen: 382 | Usuario origen: ALONDRA2025 | Credito abonado origen: 16.5 | Status origen: 1
credit-note:383,sale:383,7,MIG-JM-CRED-383,MIG-JM-VENTA-383,2025-10-16,2025-11-15,30,10,10,0,Venta origen: 383 | Usuario origen: ALONDRA2025 | Credito abonado origen: 10 | Status origen: 1
credit-note:384,sale:384,7,MIG-JM-CRED-384,MIG-JM-VENTA-384,2025-10-16,2025-11-15,30,123,123,0,Venta origen: 384 | Usuario origen: ALONDRA2025 | Credito abonado origen: 123 | Status origen: 1
credit-note:385,sale:385,2,MIG-JM-CRED-385,MIG-JM-VENTA-385,2025-10-16,2025-10-16,1,22,22,0,Venta origen: 385 | Usuario origen: ALONDRA2025 | Credito abonado origen: 22 | Status origen: 1
credit-note:386,sale:386,2,MIG-JM-CRED-386,MIG-JM-VENTA-386,2025-10-16,2025-10-31,15,22,22,0,Venta origen: 386 | Usuario origen: ALONDRA2025 | Credito abonado origen: 22 | Status origen: 1
credit-note:387,sale:387,2,MIG-JM-CRED-387,MIG-JM-VENTA-387,2025-10-17,2025-11-01,15,300,300,0,Venta origen: 387 | Usuario origen: ALONDRA2025 | Credito abonado origen: 300 | Status origen: 1
credit-note:388,sale:388,30,MIG-JM-CRED-388,MIG-JM-VENTA-388,2025-10-17,2025-11-16,30,2360,2360,0,Venta origen: 388 | Usuario origen: ALONDRA2025 | Credito abonado origen: 2360 | Status origen: 1
credit-note:389,sale:389,8,MIG-JM-CRED-389,MIG-JM-VENTA-389,2025-10-17,2025-11-01,15,1731,1731,0,Venta origen: 389 | Usuario origen: ALONDRA2025 | Credito abonado origen: 1731 | Status origen: 1
credit-note:390,sale:390,22,MIG-JM-CRED-390,MIG-JM-VENTA-390,2025-10-17,2025-11-01,15,197,197,0,Venta origen: 390 | Usuario origen: ALONDRA2025 | Credito abonado origen: 197 | Status origen: 1
credit-note:391,sale:391,5,MIG-JM-CRED-391,MIG-JM-VENTA-391,2025-10-17,2025-11-01,15,5335,5335,0,Venta origen: 391 | Usuario origen: ALONDRA2025 | Credito abonado origen: 5335 | Status origen: 1
credit-note:392,sale:392,12,MIG-JM-CRED-392,MIG-JM-VENTA-392,2025-10-17,2025-11-16,30,1840,1840,0,Venta origen: 392 | Usuario origen: ALONDRA2025 | Credito abonado origen: 1840 | Status origen: 1
credit-note:393,sale:393,22,MIG-JM-CRED-393,MIG-JM-VENTA-393,2025-10-17,2025-11-01,15,8,8,0,Venta origen: 393 | Usuario origen: ALONDRA2025 | Credito abonado origen: 8 | Status origen: 1
credit-note:394,sale:394,2,MIG-JM-CRED-394,MIG-JM-VENTA-394,2025-10-17,2025-11-01,15,4700,4700,0,Venta origen: 394 | Usuario origen: ALONDRA2025 | Credito abonado origen: 4700 | Status origen: 1
credit-note:395,sale:395,2,MIG-JM-CRED-395,MIG-JM-VENTA-395,2025-10-17,2025-11-01,15,103,103,0,Venta origen: 395 | Usuario origen: ALONDRA2025 | Credito abonado origen: 103 | Status origen: 1
credit-note:396,sale:396,5,MIG-JM-CRED-396,MIG-JM-VENTA-396,2025-10-18,2025-11-02,15,3360,3360,0,Venta origen: 396 | Usuario origen: ALONDRA2025 | Credito abonado origen: 3360 | Status origen: 1
credit-note:397,sale:397,5,MIG-JM-CRED-397,MIG-JM-VENTA-397,2025-10-18,2025-11-02,15,4702,4702,0,Venta origen: 397 | Usuario origen: ALONDRA2025 | Credito abonado origen: 4702 | Status origen: 1
credit-note:398,sale:398,8,MIG-JM-CRED-398,MIG-JM-VENTA-398,2025-10-18,2025-11-02,15,20,20,0,Venta origen: 398 | Usuario origen: ALONDRA2025 | Credito abonado origen: 20 | Status origen: 1
credit-note:399,sale:399,2,MIG-JM-CRED-399,MIG-JM-VENTA-399,2025-10-18,2025-11-02,15,475,475,0,Venta origen: 399 | Usuario origen: ALONDRA2025 | Credito abonado origen: 475 | Status origen: 1
credit-note:400,sale:400,2,MIG-JM-CRED-400,MIG-JM-VENTA-400,2025-10-20,2025-11-04,15,382,382,0,Venta origen: 400 | Usuario origen: ALONDRA2025 | Credito abonado origen: 382 | Status origen: 1
credit-note:401,sale:401,12,MIG-JM-CRED-401,MIG-JM-VENTA-401,2025-10-20,2025-11-19,30,1150,1150,0,Venta origen: 401 | Usuario origen: ALONDRA2025 | Credito abonado origen: 1150 | Status origen: 1
credit-note:402,sale:402,28,MIG-JM-CRED-402,MIG-JM-VENTA-402,2025-10-20,2025-11-04,15,9200,9200,0,Venta origen: 402 | Usuario origen: ALONDRA2025 | Credito abonado origen: 9200 | Status origen: 1
credit-note:403,sale:403,5,MIG-JM-CRED-403,MIG-JM-VENTA-403,2025-10-20,2025-11-04,15,5350,5350,0,Venta origen: 403 | Usuario origen: ALONDRA2025 | Credito abonado origen: 5350 | Status origen: 1
credit-note:404,sale:404,5,MIG-JM-CRED-404,MIG-JM-VENTA-404,2025-10-20,2025-11-04,15,62.5,62.5,0,Venta origen: 404 | Usuario origen: ALONDRA2025 | Credito abonado origen: 62.5 | Status origen: 1
credit-note:405,sale:405,2,MIG-JM-CRED-405,MIG-JM-VENTA-405,2025-10-20,2025-11-04,15,267,267,0,Venta origen: 405 | Usuario origen: ALONDRA2025 | Credito abonado origen: 267 | Status origen: 1
credit-note:406,sale:406,33,MIG-JM-CRED-406,MIG-JM-VENTA-406,2025-10-20,2025-11-04,15,185,185,0,Venta origen: 406 | Usuario origen: ALONDRA2025 | Credito abonado origen: 185 | Status origen: 1
credit-note:407,sale:407,2,MIG-JM-CRED-407,MIG-JM-VENTA-407,2025-10-20,2025-11-04,15,100,100,0,Venta origen: 407 | Usuario origen: ALONDRA2025 | Credito abonado origen: 100 | Status origen: 1
credit-note:408,sale:408,34,MIG-JM-CRED-408,MIG-JM-VENTA-408,2025-10-20,2025-11-19,30,4600,4600,0,Venta origen: 408 | Usuario origen: ALONDRA2025 | Credito abonado origen: 4600 | Status origen: 1
credit-note:409,sale:409,5,MIG-JM-CRED-409,MIG-JM-VENTA-409,2025-10-20,2025-11-04,15,4600,4600,0,Venta origen: 409 | Usuario origen: ALONDRA2025 | Credito abonado origen: 4600 | Status origen: 1
credit-note:410,sale:410,7,MIG-JM-CRED-410,MIG-JM-VENTA-410,2025-10-20,2025-11-19,30,678,678,0,Venta origen: 410 | Usuario origen: ALONDRA2025 | Credito abonado origen: 678 | Status origen: 1
credit-note:411,sale:411,33,MIG-JM-CRED-411,MIG-JM-VENTA-411,2025-10-20,2025-11-04,15,848,848,0,Venta origen: 411 | Usuario origen: ALONDRA2025 | Credito abonado origen: 848 | Status origen: 1
credit-note:412,sale:412,3,MIG-JM-CRED-412,MIG-JM-VENTA-412,2025-10-20,2025-11-04,15,920,920,0,Venta origen: 412 | Usuario origen: ALONDRA2025 | Credito abonado origen: 920 | Status origen: 1
credit-note:413,sale:413,3,MIG-JM-CRED-413,MIG-JM-VENTA-413,2025-10-21,2025-11-05,15,7449,7449,0,Venta origen: 413 | Usuario origen: ALONDRA2025 | Credito abonado origen: 7449 | Status origen: 1
credit-note:414,sale:414,3,MIG-JM-CRED-414,MIG-JM-VENTA-414,2025-10-21,2025-11-05,15,7410,7410,0,Venta origen: 414 | Usuario origen: ALONDRA2025 | Credito abonado origen: 7410 | Status origen: 1
credit-note:415,sale:415,7,MIG-JM-CRED-415,MIG-JM-VENTA-415,2025-10-21,2025-11-20,30,2378,2378,0,Venta origen: 415 | Usuario origen: ALONDRA2025 | Credito abonado origen: 2378 | Status origen: 1
credit-note:416,sale:416,2,MIG-JM-CRED-416,MIG-JM-VENTA-416,2025-10-21,2025-10-21,1,1725,1725,0,Venta origen: 416 | Usuario origen: ALONDRA2025 | Credito abonado origen: 1725 | Status origen: 1
credit-note:417,sale:417,3,MIG-JM-CRED-417,MIG-JM-VENTA-417,2025-10-21,2025-11-05,15,5627.7,5627.7,0,Venta origen: 417 | Usuario origen: ALONDRA2025 | Credito abonado origen: 5627.7 | Status origen: 1
credit-note:418,sale:418,12,MIG-JM-CRED-418,MIG-JM-VENTA-418,2025-10-21,2025-11-20,30,460,460,0,Venta origen: 418 | Usuario origen: ALONDRA2025 | Credito abonado origen: 460 | Status origen: 1
credit-note:419,sale:419,2,MIG-JM-CRED-419,MIG-JM-VENTA-419,2025-10-21,2025-11-05,15,94,94,0,Venta origen: 419 | Usuario origen: ALONDRA2025 | Credito abonado origen: 94 | Status origen: 1
credit-note:420,sale:420,5,MIG-JM-CRED-420,MIG-JM-VENTA-420,2025-10-21,2025-11-05,15,4600,4600,0,Venta origen: 420 | Usuario origen: ALONDRA2025 | Credito abonado origen: 4600 | Status origen: 1
credit-note:421,sale:421,12,MIG-JM-CRED-421,MIG-JM-VENTA-421,2025-10-21,2025-11-20,30,260,260,0,Venta origen: 421 | Usuario origen: ALONDRA2025 | Credito abonado origen: 260 | Status origen: 1
credit-note:422,sale:422,30,MIG-JM-CRED-422,MIG-JM-VENTA-422,2025-10-21,2025-11-05,15,413,413,0,Venta origen: 422 | Usuario origen: ALONDRA2025 | Credito abonado origen: 413 | Status origen: 1
credit-note:423,sale:423,8,MIG-JM-CRED-423,MIG-JM-VENTA-423,2025-10-21,2025-11-05,15,1080,1080,0,Venta origen: 423 | Usuario origen: ALONDRA2025 | Credito abonado origen: 1080 | Status origen: 1
credit-note:424,sale:424,5,MIG-JM-CRED-424,MIG-JM-VENTA-424,2025-10-21,2025-11-05,15,4200,4200,0,Venta origen: 424 | Usuario origen: ALONDRA2025 | Credito abonado origen: 4200 | Status origen: 1
credit-note:425,sale:425,2,MIG-JM-CRED-425,MIG-JM-VENTA-425,2025-10-21,2025-11-05,15,55,55,0,Venta origen: 425 | Usuario origen: ALEXA2025 | Credito abonado origen: 55 | Status origen: 1
credit-note:426,sale:426,2,MIG-JM-CRED-426,MIG-JM-VENTA-426,2025-10-21,2025-11-05,15,1200,1200,0,Venta origen: 426 | Usuario origen: ALEXA2025 | Credito abonado origen: 1200 | Status origen: 1
credit-note:427,sale:427,35,MIG-JM-CRED-427,MIG-JM-VENTA-427,2025-10-21,2025-11-20,30,24720,24720,0,Venta origen: 427 | Usuario origen: ALONDRA2025 | Credito abonado origen: 24720 | Status origen: 1
credit-note:428,sale:428,2,MIG-JM-CRED-428,MIG-JM-VENTA-428,2025-10-21,2025-11-05,15,118,118,0,Venta origen: 428 | Usuario origen: ALONDRA2025 | Credito abonado origen: 118 | Status origen: 1
credit-note:429,sale:429,2,MIG-JM-CRED-429,MIG-JM-VENTA-429,2025-10-21,2025-11-05,15,16,16,0,Venta origen: 429 | Usuario origen: ALONDRA2025 | Credito abonado origen: 16 | Status origen: 1
credit-note:430,sale:430,8,MIG-JM-CRED-430,MIG-JM-VENTA-430,2025-10-22,2025-11-06,15,192,192,0,Venta origen: 430 | Usuario origen: ALONDRA2025 | Credito abonado origen: 192 | Status origen: 1
credit-note:431,sale:431,2,MIG-JM-CRED-431,MIG-JM-VENTA-431,2025-10-22,2025-10-22,1,81,81,0,Venta origen: 431 | Usuario origen: ALONDRA2025 | Credito abonado origen: 81 | Status origen: 1
credit-note:432,sale:432,34,MIG-JM-CRED-432,MIG-JM-VENTA-432,2025-10-22,2025-11-21,30,1229,1229,0,Venta origen: 432 | Usuario origen: ALONDRA2025 | Credito abonado origen: 1229 | Status origen: 1
credit-note:433,sale:433,7,MIG-JM-CRED-433,MIG-JM-VENTA-433,2025-10-22,2025-11-21,30,10,10,0,Venta origen: 433 | Usuario origen: ALONDRA2025 | Credito abonado origen: 10 | Status origen: 1
credit-note:434,sale:434,2,MIG-JM-CRED-434,MIG-JM-VENTA-434,2025-10-22,2025-10-22,1,50,50,0,Venta origen: 434 | Usuario origen: ALONDRA2025 | Credito abonado origen: 50 | Status origen: 1
credit-note:435,sale:435,8,MIG-JM-CRED-435,MIG-JM-VENTA-435,2025-10-22,2025-11-06,15,104,104,0,Venta origen: 435 | Usuario origen: ALONDRA2025 | Credito abonado origen: 104 | Status origen: 1
credit-note:436,sale:436,2,MIG-JM-CRED-436,MIG-JM-VENTA-436,2025-10-22,2025-11-06,15,25,25,0,Venta origen: 436 | Usuario origen: ALONDRA2025 | Credito abonado origen: 25 | Status origen: 1
credit-note:437,sale:437,8,MIG-JM-CRED-437,MIG-JM-VENTA-437,2025-10-22,2025-11-06,15,13800,13800,0,Venta origen: 437 | Usuario origen: ALONDRA2025 | Credito abonado origen: 13800 | Status origen: 1
credit-note:438,sale:438,29,MIG-JM-CRED-438,MIG-JM-VENTA-438,2025-10-22,2025-11-21,30,4150,4150,0,Venta origen: 438 | Usuario origen: ALONDRA2025 | Credito abonado origen: 4150 | Status origen: 1
credit-note:439,sale:439,7,MIG-JM-CRED-439,MIG-JM-VENTA-439,2025-10-23,2025-11-22,30,4228,4228,0,Venta origen: 439 | Usuario origen: ALONDRA2025 | Credito abonado origen: 4228 | Status origen: 1
credit-note:440,sale:440,2,MIG-JM-CRED-440,MIG-JM-VENTA-440,2025-10-23,2025-11-07,15,3850,3850,0,Venta origen: 440 | Usuario origen: ALONDRA2025 | Credito abonado origen: 3850 | Status origen: 1
credit-note:441,sale:441,12,MIG-JM-CRED-441,MIG-JM-VENTA-441,2025-10-23,2025-11-22,30,1840,1840,0,Venta origen: 441 | Usuario origen: ALONDRA2025 | Credito abonado origen: 1840 | Status origen: 1
credit-note:442,sale:442,33,MIG-JM-CRED-442,MIG-JM-VENTA-442,2025-10-23,2025-11-07,15,90,90,0,Venta origen: 442 | Usuario origen: ALONDRA2025 | Credito abonado origen: 90 | Status origen: 1
credit-note:443,sale:443,5,MIG-JM-CRED-443,MIG-JM-VENTA-443,2025-10-23,2025-11-07,15,8800,8800,0,Venta origen: 443 | Usuario origen: ALONDRA2025 | Credito abonado origen: 8800 | Status origen: 1
credit-note:444,sale:444,2,MIG-JM-CRED-444,MIG-JM-VENTA-444,2025-10-23,2025-11-07,15,241,241,0,Venta origen: 444 | Usuario origen: ALONDRA2025 | Credito abonado origen: 241 | Status origen: 1
credit-note:445,sale:445,13,MIG-JM-CRED-445,MIG-JM-VENTA-445,2025-10-24,2025-11-08,15,4700,4700,0,Venta origen: 445 | Usuario origen: ALONDRA2025 | Credito abonado origen: 4700 | Status origen: 1
credit-note:446,sale:446,8,MIG-JM-CRED-446,MIG-JM-VENTA-446,2025-10-24,2025-11-08,15,1440,1440,0,Venta origen: 446 | Usuario origen: ALONDRA2025 | Credito abonado origen: 1440 | Status origen: 1
credit-note:447,sale:447,7,MIG-JM-CRED-447,MIG-JM-VENTA-447,2025-10-24,2025-11-23,30,96,96,0,Venta origen: 447 | Usuario origen: ALONDRA2025 | Credito abonado origen: 96 | Status origen: 1
credit-note:448,sale:448,2,MIG-JM-CRED-448,MIG-JM-VENTA-448,2025-10-24,2025-11-08,15,545,545,0,Venta origen: 448 | Usuario origen: ALONDRA2025 | Credito abonado origen: 545 | Status origen: 1
credit-note:449,sale:449,35,MIG-JM-CRED-449,MIG-JM-VENTA-449,2025-10-24,2025-11-23,30,1939,1939,0,Venta origen: 449 | Usuario origen: ALONDRA2025 | Credito abonado origen: 1939 | Status origen: 1
credit-note:450,sale:450,2,MIG-JM-CRED-450,MIG-JM-VENTA-450,2025-10-24,2025-11-08,15,30,30,0,Venta origen: 450 | Usuario origen: ALONDRA2025 | Credito abonado origen: 30 | Status origen: 1
credit-note:451,sale:451,12,MIG-JM-CRED-451,MIG-JM-VENTA-451,2025-10-24,2025-11-23,30,1610,1610,0,Venta origen: 451 | Usuario origen: ALONDRA2025 | Credito abonado origen: 1610 | Status origen: 1
credit-note:452,sale:452,28,MIG-JM-CRED-452,MIG-JM-VENTA-452,2025-10-24,2025-11-08,15,9200,9200,0,Venta origen: 452 | Usuario origen: ALONDRA2025 | Credito abonado origen: 9200 | Status origen: 1
credit-note:453,sale:453,3,MIG-JM-CRED-453,MIG-JM-VENTA-453,2025-10-24,2025-11-08,15,16000,16000,0,Venta origen: 453 | Usuario origen: ALEXA2025 | Credito abonado origen: 16000 | Status origen: 1
credit-note:454,sale:454,2,MIG-JM-CRED-454,MIG-JM-VENTA-454,2025-10-24,2025-11-08,15,90,90,0,Venta origen: 454 | Usuario origen: ALONDRA2025 | Credito abonado origen: 90 | Status origen: 1
credit-note:455,sale:455,35,MIG-JM-CRED-455,MIG-JM-VENTA-455,2025-10-25,2025-11-24,30,1800,1800,0,Venta origen: 455 | Usuario origen: ALONDRA2025 | Credito abonado origen: 1800 | Status origen: 1
credit-note:456,sale:456,6,MIG-JM-CRED-456,MIG-JM-VENTA-456,2025-10-25,2025-11-09,15,4700,4700,0,Venta origen: 456 | Usuario origen: ALONDRA2025 | Credito abonado origen: 4700 | Status origen: 1
credit-note:457,sale:457,5,MIG-JM-CRED-457,MIG-JM-VENTA-457,2025-10-25,2025-11-09,15,12000,12000,0,Venta origen: 457 | Usuario origen: ALONDRA2025 | Credito abonado origen: 12000 | Status origen: 1
credit-note:458,sale:458,30,MIG-JM-CRED-458,MIG-JM-VENTA-458,2025-10-25,2025-11-24,30,1064,1064,0,Venta origen: 458 | Usuario origen: ALONDRA2025 | Credito abonado origen: 1064 | Status origen: 1
credit-note:459,sale:459,8,MIG-JM-CRED-459,MIG-JM-VENTA-459,2025-10-25,2025-11-09,15,1455,1455,0,Venta origen: 459 | Usuario origen: ALONDRA2025 | Credito abonado origen: 1455 | Status origen: 1
credit-note:460,sale:460,18,MIG-JM-CRED-460,MIG-JM-VENTA-460,2025-10-25,2025-11-09,15,2500,2500,0,Venta origen: 460 | Usuario origen: ALONDRA2025 | Credito abonado origen: 2500 | Status origen: 1
credit-note:461,sale:461,30,MIG-JM-CRED-461,MIG-JM-VENTA-461,2025-10-27,2025-11-11,15,2562.5,2562.5,0,Venta origen: 461 | Usuario origen: ALONDRA2025 | Credito abonado origen: 2562.5 | Status origen: 1
credit-note:462,sale:462,35,MIG-JM-CRED-462,MIG-JM-VENTA-462,2025-10-27,2025-11-26,30,4700,4700,0,Venta origen: 462 | Usuario origen: ALONDRA2025 | Credito abonado origen: 4700 | Status origen: 1
credit-note:463,sale:463,3,MIG-JM-CRED-463,MIG-JM-VENTA-463,2025-10-27,2025-11-11,15,168,168,0,Venta origen: 463 | Usuario origen: ALONDRA2025 | Credito abonado origen: 168 | Status origen: 1
credit-note:464,sale:464,36,MIG-JM-CRED-464,MIG-JM-VENTA-464,2025-10-27,2025-11-11,15,1000,1000,0,Venta origen: 464 | Usuario origen: ALONDRA2025 | Credito abonado origen: 1000 | Status origen: 1
credit-note:465,sale:465,37,MIG-JM-CRED-465,MIG-JM-VENTA-465,2025-10-27,2025-11-11,15,1800,1800,0,Venta origen: 465 | Usuario origen: ALONDRA2025 | Credito abonado origen: 1800 | Status origen: 1
credit-note:466,sale:466,6,MIG-JM-CRED-466,MIG-JM-VENTA-466,2025-10-27,2025-10-27,1,2754,2754,0,Venta origen: 466 | Usuario origen: ALONDRA2025 | Credito abonado origen: 2754 | Status origen: 1
credit-note:467,sale:467,9,MIG-JM-CRED-467,MIG-JM-VENTA-467,2025-10-27,2025-11-11,15,1372,1372,0,Venta origen: 467 | Usuario origen: ALONDRA2025 | Credito abonado origen: 1372 | Status origen: 1
credit-note:468,sale:468,2,MIG-JM-CRED-468,MIG-JM-VENTA-468,2025-10-27,2025-11-11,15,73,73,0,Venta origen: 468 | Usuario origen: ALONDRA2025 | Credito abonado origen: 73 | Status origen: 1
credit-note:469,sale:469,3,MIG-JM-CRED-469,MIG-JM-VENTA-469,2025-10-27,2025-11-11,15,2070,2070,0,Venta origen: 469 | Usuario origen: ALONDRA2025 | Credito abonado origen: 2070 | Status origen: 1
credit-note:470,sale:470,16,MIG-JM-CRED-470,MIG-JM-VENTA-470,2025-10-27,2025-11-26,30,15,0,15,Venta origen: 470 | Usuario origen: ALONDRA2025 | Credito abonado origen: 0 | Status origen: 1
credit-note:471,sale:471,12,MIG-JM-CRED-471,MIG-JM-VENTA-471,2025-10-27,2025-11-26,30,1380,1380,0,Venta origen: 471 | Usuario origen: ALONDRA2025 | Credito abonado origen: 1380 | Status origen: 1
credit-note:472,sale:472,8,MIG-JM-CRED-472,MIG-JM-VENTA-472,2025-10-27,2025-11-11,15,104,104,0,Venta origen: 472 | Usuario origen: ALONDRA2025 | Credito abonado origen: 104 | Status origen: 1
credit-note:473,sale:473,7,MIG-JM-CRED-473,MIG-JM-VENTA-473,2025-10-27,2025-11-26,30,127,127,0,Venta origen: 473 | Usuario origen: ALONDRA2025 | Credito abonado origen: 127 | Status origen: 1
credit-note:474,sale:474,38,MIG-JM-CRED-474,MIG-JM-VENTA-474,2025-10-27,2025-11-26,30,8440,8440,0,Venta origen: 474 | Usuario origen: ALONDRA2025 | Credito abonado origen: 8440 | Status origen: 1
credit-note:475,sale:475,8,MIG-JM-CRED-475,MIG-JM-VENTA-475,2025-10-27,2025-11-11,15,121,121,0,Venta origen: 475 | Usuario origen: ALONDRA2025 | Credito abonado origen: 121 | Status origen: 1
credit-note:476,sale:476,38,MIG-JM-CRED-476,MIG-JM-VENTA-476,2025-10-27,2025-11-26,30,1180,1180,0,Venta origen: 476 | Usuario origen: ALONDRA2025 | Credito abonado origen: 1180 | Status origen: 1
credit-note:477,sale:477,30,MIG-JM-CRED-477,MIG-JM-VENTA-477,2025-10-27,2025-11-26,30,79,79,0,Venta origen: 477 | Usuario origen: ALONDRA2025 | Credito abonado origen: 79 | Status origen: 1
credit-note:478,sale:478,19,MIG-JM-CRED-478,MIG-JM-VENTA-478,2025-10-28,2025-11-12,15,7144,7144,0,Venta origen: 478 | Usuario origen: ALONDRA2025 | Credito abonado origen: 7144 | Status origen: 1
credit-note:479,sale:479,35,MIG-JM-CRED-479,MIG-JM-VENTA-479,2025-10-28,2025-11-27,30,1524,1524,0,Venta origen: 479 | Usuario origen: ALONDRA2025 | Credito abonado origen: 1524 | Status origen: 1
credit-note:480,sale:480,8,MIG-JM-CRED-480,MIG-JM-VENTA-480,2025-10-28,2025-11-12,15,100,100,0,Venta origen: 480 | Usuario origen: ALONDRA2025 | Credito abonado origen: 100 | Status origen: 1
credit-note:481,sale:481,2,MIG-JM-CRED-481,MIG-JM-VENTA-481,2025-10-28,2025-11-12,15,80,80,0,Venta origen: 481 | Usuario origen: ALONDRA2025 | Credito abonado origen: 80 | Status origen: 1
credit-note:482,sale:482,7,MIG-JM-CRED-482,MIG-JM-VENTA-482,2025-10-29,2025-11-28,30,4700,4700,0,Venta origen: 482 | Usuario origen: ALONDRA2025 | Credito abonado origen: 4700 | Status origen: 1
credit-note:483,sale:483,3,MIG-JM-CRED-483,MIG-JM-VENTA-483,2025-10-29,2025-11-13,15,1077,1077,0,Venta origen: 483 | Usuario origen: ALONDRA2025 | Credito abonado origen: 1077 | Status origen: 1
credit-note:484,sale:484,18,MIG-JM-CRED-484,MIG-JM-VENTA-484,2025-10-29,2025-11-13,15,8400,8400,0,Venta origen: 484 | Usuario origen: ALONDRA2025 | Credito abonado origen: 8400 | Status origen: 1
credit-note:485,sale:485,3,MIG-JM-CRED-485,MIG-JM-VENTA-485,2025-10-29,2025-11-13,15,1393,1393,0,Venta origen: 485 | Usuario origen: ALONDRA2025 | Credito abonado origen: 1393 | Status origen: 1
credit-note:486,sale:486,8,MIG-JM-CRED-486,MIG-JM-VENTA-486,2025-10-29,2025-11-13,15,100,100,0,Venta origen: 486 | Usuario origen: ALONDRA2025 | Credito abonado origen: 100 | Status origen: 1
credit-note:487,sale:487,30,MIG-JM-CRED-487,MIG-JM-VENTA-487,2025-10-29,2025-11-28,30,1180,1180,0,Venta origen: 487 | Usuario origen: ALONDRA2025 | Credito abonado origen: 1180 | Status origen: 1
credit-note:488,sale:488,3,MIG-JM-CRED-488,MIG-JM-VENTA-488,2025-10-30,2025-11-14,15,197,197,0,Venta origen: 488 | Usuario origen: ALONDRA2025 | Credito abonado origen: 197 | Status origen: 1
credit-note:489,sale:489,5,MIG-JM-CRED-489,MIG-JM-VENTA-489,2025-10-30,2025-11-14,15,9580,9580,0,Venta origen: 489 | Usuario origen: ALONDRA2025 | Credito abonado origen: 9580 | Status origen: 1
credit-note:490,sale:490,2,MIG-JM-CRED-490,MIG-JM-VENTA-490,2025-10-30,2025-11-14,15,30,30,0,Venta origen: 490 | Usuario origen: ALONDRA2025 | Credito abonado origen: 30 | Status origen: 1
credit-note:491,sale:491,2,MIG-JM-CRED-491,MIG-JM-VENTA-491,2025-10-30,2025-11-14,15,90,90,0,Venta origen: 491 | Usuario origen: ALONDRA2025 | Credito abonado origen: 90 | Status origen: 1
credit-note:492,sale:492,2,MIG-JM-CRED-492,MIG-JM-VENTA-492,2025-10-30,2025-11-14,15,26,26,0,Venta origen: 492 | Usuario origen: ALONDRA2025 | Credito abonado origen: 26 | Status origen: 1
credit-note:493,sale:493,28,MIG-JM-CRED-493,MIG-JM-VENTA-493,2025-10-30,2025-11-14,15,9200,9200,0,Venta origen: 493 | Usuario origen: ALONDRA2025 | Credito abonado origen: 9200 | Status origen: 1
credit-note:494,sale:494,35,MIG-JM-CRED-494,MIG-JM-VENTA-494,2025-10-30,2025-11-29,30,3718,3718,0,Venta origen: 494 | Usuario origen: ALONDRA2025 | Credito abonado origen: 3718 | Status origen: 1
credit-note:495,sale:495,6,MIG-JM-CRED-495,MIG-JM-VENTA-495,2025-10-30,2025-10-30,1,1427,1427,0,Venta origen: 495 | Usuario origen: ALONDRA2025 | Credito abonado origen: 1427 | Status origen: 1
credit-note:496,sale:496,31,MIG-JM-CRED-496,MIG-JM-VENTA-496,2025-10-30,2025-11-14,15,4700,4700,0,Venta origen: 496 | Usuario origen: ALONDRA2025 | Credito abonado origen: 4700 | Status origen: 1
credit-note:497,sale:497,3,MIG-JM-CRED-497,MIG-JM-VENTA-497,2025-10-30,2025-11-14,15,7144,7144,0,Venta origen: 497 | Usuario origen: ALONDRA2025 | Credito abonado origen: 7144 | Status origen: 1
credit-note:498,sale:498,3,MIG-JM-CRED-498,MIG-JM-VENTA-498,2025-10-30,2025-11-14,15,7449,7449,0,Venta origen: 498 | Usuario origen: ALONDRA2025 | Credito abonado origen: 7449 | Status origen: 1
credit-note:499,sale:499,30,MIG-JM-CRED-499,MIG-JM-VENTA-499,2025-10-31,2025-11-30,30,825,825,0,Venta origen: 499 | Usuario origen: ALONDRA2025 | Credito abonado origen: 825 | Status origen: 1
credit-note:500,sale:500,2,MIG-JM-CRED-500,MIG-JM-VENTA-500,2025-10-31,2025-11-15,15,49,49,0,Venta origen: 500 | Usuario origen: ALONDRA2025 | Credito abonado origen: 49 | Status origen: 1
credit-note:501,sale:501,7,MIG-JM-CRED-501,MIG-JM-VENTA-501,2025-10-31,2025-11-30,30,1914,1914,0,Venta origen: 501 | Usuario origen: ALONDRA2025 | Credito abonado origen: 1914 | Status origen: 1
credit-note:502,sale:502,35,MIG-JM-CRED-502,MIG-JM-VENTA-502,2025-10-31,2025-11-30,30,4847,4847,0,Venta origen: 502 | Usuario origen: ALONDRA2025 | Credito abonado origen: 4847 | Status origen: 1
credit-note:503,sale:503,7,MIG-JM-CRED-503,MIG-JM-VENTA-503,2025-10-31,2025-11-30,30,127,127,0,Venta origen: 503 | Usuario origen: ALONDRA2025 | Credito abonado origen: 127 | Status origen: 1
credit-note:504,sale:504,2,MIG-JM-CRED-504,MIG-JM-VENTA-504,2025-10-31,2025-11-15,15,8400,8400,0,Venta origen: 504 | Usuario origen: ALONDRA2025 | Credito abonado origen: 8400 | Status origen: 1
credit-note:505,sale:505,3,MIG-JM-CRED-505,MIG-JM-VENTA-505,2025-10-31,2025-11-15,15,16000,16000,0,Venta origen: 505 | Usuario origen: ALEXA2025 | Credito abonado origen: 16000 | Status origen: 1
credit-note:506,sale:506,3,MIG-JM-CRED-506,MIG-JM-VENTA-506,2025-10-31,2025-11-15,15,15000,15000,0,Venta origen: 506 | Usuario origen: ALEXA2025 | Credito abonado origen: 15000 | Status origen: 1
credit-note:507,sale:507,2,MIG-JM-CRED-507,MIG-JM-VENTA-507,2025-11-01,2025-11-16,15,66,66,0,Venta origen: 507 | Usuario origen: ALONDRA2025 | Credito abonado origen: 66 | Status origen: 1
credit-note:508,sale:508,6,MIG-JM-CRED-508,MIG-JM-VENTA-508,2025-11-01,2025-11-01,1,381,381,0,Venta origen: 508 | Usuario origen: ALONDRA2025 | Credito abonado origen: 381 | Status origen: 1
credit-note:509,sale:509,2,MIG-JM-CRED-509,MIG-JM-VENTA-509,2025-11-01,2025-11-16,15,104,104,0,Venta origen: 509 | Usuario origen: ALONDRA2025 | Credito abonado origen: 104 | Status origen: 1
credit-note:510,sale:510,3,MIG-JM-CRED-510,MIG-JM-VENTA-510,2025-11-01,2025-11-16,15,15000,15000,0,Venta origen: 510 | Usuario origen: ALEXA2025 | Credito abonado origen: 15000 | Status origen: 1
credit-note:511,sale:511,34,MIG-JM-CRED-511,MIG-JM-VENTA-511,2025-11-01,2025-12-01,30,8200,8200,0,Venta origen: 511 | Usuario origen: ALONDRA2025 | Credito abonado origen: 8200 | Status origen: 1
credit-note:512,sale:512,30,MIG-JM-CRED-512,MIG-JM-VENTA-512,2025-11-01,2025-12-01,30,85,85,0,Venta origen: 512 | Usuario origen: ALONDRA2025 | Credito abonado origen: 85 | Status origen: 1
credit-note:513,sale:513,2,MIG-JM-CRED-513,MIG-JM-VENTA-513,2025-11-01,2025-11-16,15,36,36,0,Venta origen: 513 | Usuario origen: ALONDRA2025 | Credito abonado origen: 36 | Status origen: 1
credit-note:514,sale:514,5,MIG-JM-CRED-514,MIG-JM-VENTA-514,2025-11-03,2025-11-18,15,9785,9785,0,Venta origen: 514 | Usuario origen: ALONDRA2025 | Credito abonado origen: 9785 | Status origen: 1
credit-note:515,sale:515,8,MIG-JM-CRED-515,MIG-JM-VENTA-515,2025-11-03,2025-11-18,15,149,149,0,Venta origen: 515 | Usuario origen: ALONDRA2025 | Credito abonado origen: 149 | Status origen: 1
credit-note:516,sale:516,30,MIG-JM-CRED-516,MIG-JM-VENTA-516,2025-11-03,2025-12-03,30,1666,1666,0,Venta origen: 516 | Usuario origen: ALONDRA2025 | Credito abonado origen: 1666 | Status origen: 1
credit-note:517,sale:517,39,MIG-JM-CRED-517,MIG-JM-VENTA-517,2025-11-03,2025-12-03,30,2045,2045,0,Venta origen: 517 | Usuario origen: ALONDRA2025 | Credito abonado origen: 2045 | Status origen: 1
credit-note:518,sale:518,7,MIG-JM-CRED-518,MIG-JM-VENTA-518,2025-11-03,2025-12-03,30,4700,4700,0,Venta origen: 518 | Usuario origen: ALONDRA2025 | Credito abonado origen: 4700 | Status origen: 1
credit-note:519,sale:519,2,MIG-JM-CRED-519,MIG-JM-VENTA-519,2025-11-04,2025-11-19,15,22,22,0,Venta origen: 519 | Usuario origen: ALONDRA2025 | Credito abonado origen: 22 | Status origen: 1
credit-note:520,sale:520,39,MIG-JM-CRED-520,MIG-JM-VENTA-520,2025-11-04,2025-12-04,30,865,865,0,Venta origen: 520 | Usuario origen: ALONDRA2025 | Credito abonado origen: 865 | Status origen: 1
credit-note:521,sale:521,19,MIG-JM-CRED-521,MIG-JM-VENTA-521,2025-11-04,2025-11-19,15,11400,11400,0,Venta origen: 521 | Usuario origen: ALONDRA2025 | Credito abonado origen: 11400 | Status origen: 1
credit-note:522,sale:522,32,MIG-JM-CRED-522,MIG-JM-VENTA-522,2025-11-04,2025-12-04,30,2800,0,2800,Venta origen: 522 | Usuario origen: ALONDRA2025 | Credito abonado origen: 0 | Status origen: 1
credit-note:523,sale:523,8,MIG-JM-CRED-523,MIG-JM-VENTA-523,2025-11-04,2025-11-19,15,13600,13600,0,Venta origen: 523 | Usuario origen: ALONDRA2025 | Credito abonado origen: 13600 | Status origen: 1
credit-note:524,sale:524,33,MIG-JM-CRED-524,MIG-JM-VENTA-524,2025-11-04,2025-11-19,15,56,56,0,Venta origen: 524 | Usuario origen: ALONDRA2025 | Credito abonado origen: 56 | Status origen: 1
credit-note:525,sale:525,2,MIG-JM-CRED-525,MIG-JM-VENTA-525,2025-11-04,2025-11-04,1,2820,2820,0,Venta origen: 525 | Usuario origen: ALONDRA2025 | Credito abonado origen: 2820 | Status origen: 1
credit-note:526,sale:526,28,MIG-JM-CRED-526,MIG-JM-VENTA-526,2025-11-04,2025-11-19,15,8600,8600,0,Venta origen: 526 | Usuario origen: ALONDRA2025 | Credito abonado origen: 8600 | Status origen: 1
credit-note:527,sale:527,7,MIG-JM-CRED-527,MIG-JM-VENTA-527,2025-11-04,2025-12-04,30,4700,4700,0,Venta origen: 527 | Usuario origen: ALONDRA2025 | Credito abonado origen: 4700 | Status origen: 1
credit-note:528,sale:528,2,MIG-JM-CRED-528,MIG-JM-VENTA-528,2025-11-04,2025-11-19,15,31,31,0,Venta origen: 528 | Usuario origen: ALONDRA2025 | Credito abonado origen: 31 | Status origen: 1
credit-note:529,sale:529,5,MIG-JM-CRED-529,MIG-JM-VENTA-529,2025-11-04,2025-11-19,15,4200,4200,0,Venta origen: 529 | Usuario origen: ALONDRA2025 | Credito abonado origen: 4200 | Status origen: 1
credit-note:530,sale:530,3,MIG-JM-CRED-530,MIG-JM-VENTA-530,2025-11-04,2025-11-19,15,15000,15000,0,Venta origen: 530 | Usuario origen: ALEXA2025 | Credito abonado origen: 15000 | Status origen: 1
credit-note:531,sale:531,3,MIG-JM-CRED-531,MIG-JM-VENTA-531,2025-11-04,2025-11-19,15,15000,15000,0,Venta origen: 531 | Usuario origen: ALEXA2025 | Credito abonado origen: 15000 | Status origen: 1
credit-note:532,sale:532,18,MIG-JM-CRED-532,MIG-JM-VENTA-532,2025-11-05,2025-11-20,15,2500,2500,0,Venta origen: 532 | Usuario origen: ALONDRA2025 | Credito abonado origen: 2500 | Status origen: 1
credit-note:533,sale:533,35,MIG-JM-CRED-533,MIG-JM-VENTA-533,2025-11-05,2025-12-05,30,1270,1270,0,Venta origen: 533 | Usuario origen: ALONDRA2025 | Credito abonado origen: 1270 | Status origen: 1
credit-note:534,sale:534,35,MIG-JM-CRED-534,MIG-JM-VENTA-534,2025-11-05,2025-12-05,30,2000,2000,0,Venta origen: 534 | Usuario origen: ALONDRA2025 | Credito abonado origen: 2000 | Status origen: 1
credit-note:535,sale:535,6,MIG-JM-CRED-535,MIG-JM-VENTA-535,2025-11-05,2025-11-05,1,4700,4700,0,Venta origen: 535 | Usuario origen: ALONDRA2025 | Credito abonado origen: 4700 | Status origen: 1
credit-note:536,sale:536,21,MIG-JM-CRED-536,MIG-JM-VENTA-536,2025-11-05,2025-11-20,15,1230,1230,0,Venta origen: 536 | Usuario origen: ALONDRA2025 | Credito abonado origen: 1230 | Status origen: 1
credit-note:537,sale:537,33,MIG-JM-CRED-537,MIG-JM-VENTA-537,2025-11-05,2025-11-20,15,517,517,0,Venta origen: 537 | Usuario origen: ALONDRA2025 | Credito abonado origen: 517 | Status origen: 1
credit-note:538,sale:538,33,MIG-JM-CRED-538,MIG-JM-VENTA-538,2025-11-05,2025-11-20,15,517,517,0,Venta origen: 538 | Usuario origen: ALONDRA2025 | Credito abonado origen: 517 | Status origen: 1
credit-note:539,sale:539,7,MIG-JM-CRED-539,MIG-JM-VENTA-539,2025-11-06,2025-12-06,30,1350,1350,0,Venta origen: 539 | Usuario origen: ALONDRA2025 | Credito abonado origen: 1350 | Status origen: 1
credit-note:540,sale:540,2,MIG-JM-CRED-540,MIG-JM-VENTA-540,2025-11-06,2025-11-06,1,49,49,0,Venta origen: 540 | Usuario origen: ALONDRA2025 | Credito abonado origen: 49 | Status origen: 1
credit-note:541,sale:541,8,MIG-JM-CRED-541,MIG-JM-VENTA-541,2025-11-06,2025-11-21,15,90,90,0,Venta origen: 541 | Usuario origen: ALONDRA2025 | Credito abonado origen: 90 | Status origen: 1
credit-note:542,sale:542,5,MIG-JM-CRED-542,MIG-JM-VENTA-542,2025-11-06,2025-11-21,15,4700,4700,0,Venta origen: 542 | Usuario origen: ALONDRA2025 | Credito abonado origen: 4700 | Status origen: 1
credit-note:543,sale:543,22,MIG-JM-CRED-543,MIG-JM-VENTA-543,2025-11-06,2025-11-21,15,310,310,0,Venta origen: 543 | Usuario origen: ALONDRA2025 | Credito abonado origen: 310 | Status origen: 1
credit-note:544,sale:544,40,MIG-JM-CRED-544,MIG-JM-VENTA-544,2025-11-06,2025-12-06,30,1900,1900,0,Venta origen: 544 | Usuario origen: ALONDRA2025 | Credito abonado origen: 1900 | Status origen: 1
credit-note:545,sale:545,41,MIG-JM-CRED-545,MIG-JM-VENTA-545,2025-11-06,2025-12-06,30,2800,2800,0,Venta origen: 545 | Usuario origen: ALONDRA2025 | Credito abonado origen: 2800 | Status origen: 1
credit-note:546,sale:546,41,MIG-JM-CRED-546,MIG-JM-VENTA-546,2025-11-06,2025-12-06,30,2800,2800,0,Venta origen: 546 | Usuario origen: ALONDRA2025 | Credito abonado origen: 2800 | Status origen: 1
credit-note:547,sale:547,2,MIG-JM-CRED-547,MIG-JM-VENTA-547,2025-11-06,2025-11-06,1,60,60,0,Venta origen: 547 | Usuario origen: ALONDRA2025 | Credito abonado origen: 60 | Status origen: 1
credit-note:548,sale:548,5,MIG-JM-CRED-548,MIG-JM-VENTA-548,2025-11-06,2025-11-21,15,1380,1380,0,Venta origen: 548 | Usuario origen: ALONDRA2025 | Credito abonado origen: 1380 | Status origen: 1
credit-note:549,sale:549,2,MIG-JM-CRED-549,MIG-JM-VENTA-549,2025-11-07,2025-11-06,1,157,157,0,Venta origen: 549 | Usuario origen: ALONDRA2025 | Credito abonado origen: 157 | Status origen: 1
credit-note:550,sale:550,3,MIG-JM-CRED-550,MIG-JM-VENTA-550,2025-11-07,2025-11-22,15,9660,0,9660,Venta origen: 550 | Usuario origen: ALONDRA2025 | Credito abonado origen: 0 | Status origen: 1
credit-note:551,sale:551,3,MIG-JM-CRED-551,MIG-JM-VENTA-551,2025-11-07,2025-11-22,15,14976,14976,0,Venta origen: 551 | Usuario origen: ALONDRA2025 | Credito abonado origen: 14976 | Status origen: 1
credit-note:552,sale:552,2,MIG-JM-CRED-552,MIG-JM-VENTA-552,2025-11-07,2025-11-22,15,575,575,0,Venta origen: 552 | Usuario origen: ALONDRA2025 | Credito abonado origen: 575 | Status origen: 1
credit-note:553,sale:553,2,MIG-JM-CRED-553,MIG-JM-VENTA-553,2025-11-07,2025-11-22,15,517.5,517.5,0,Venta origen: 553 | Usuario origen: ALONDRA2025 | Credito abonado origen: 517.5 | Status origen: 1
credit-note:554,sale:554,30,MIG-JM-CRED-554,MIG-JM-VENTA-554,2025-11-07,2025-12-07,30,3031,3031,0,Venta origen: 554 | Usuario origen: ALONDRA2025 | Credito abonado origen: 3031 | Status origen: 1
credit-note:555,sale:555,34,MIG-JM-CRED-555,MIG-JM-VENTA-555,2025-11-07,2025-12-07,30,5900,5900,0,Venta origen: 555 | Usuario origen: ALONDRA2025 | Credito abonado origen: 5900 | Status origen: 1
credit-note:556,sale:556,2,MIG-JM-CRED-556,MIG-JM-VENTA-556,2025-11-07,2025-11-22,15,1069.5,1069.5,0,Venta origen: 556 | Usuario origen: ALONDRA2025 | Credito abonado origen: 1069.5 | Status origen: 1
credit-note:557,sale:557,41,MIG-JM-CRED-557,MIG-JM-VENTA-557,2025-11-07,2025-12-07,30,1800,0,1800,Venta origen: 557 | Usuario origen: ALONDRA2025 | Credito abonado origen: 0 | Status origen: 1
credit-note:558,sale:558,3,MIG-JM-CRED-558,MIG-JM-VENTA-558,2025-11-07,2025-11-22,15,16000,16000,0,Venta origen: 558 | Usuario origen: ALEXA2025 | Credito abonado origen: 16000 | Status origen: 1
credit-note:559,sale:559,3,MIG-JM-CRED-559,MIG-JM-VENTA-559,2025-11-07,2025-11-22,15,16000,16000,0,Venta origen: 559 | Usuario origen: ALEXA2025 | Credito abonado origen: 16000 | Status origen: 1
credit-note:560,sale:560,41,MIG-JM-CRED-560,MIG-JM-VENTA-560,2025-11-07,2025-12-07,30,2800,2800,0,Venta origen: 560 | Usuario origen: ALONDRA2025 | Credito abonado origen: 2800 | Status origen: 1
credit-note:561,sale:561,28,MIG-JM-CRED-561,MIG-JM-VENTA-561,2025-11-07,2025-11-22,15,8600,8600,0,Venta origen: 561 | Usuario origen: ALONDRA2025 | Credito abonado origen: 8600 | Status origen: 1
credit-note:562,sale:562,33,MIG-JM-CRED-562,MIG-JM-VENTA-562,2025-11-07,2025-11-22,15,762,762,0,Venta origen: 562 | Usuario origen: ALONDRA2025 | Credito abonado origen: 762 | Status origen: 1
credit-note:563,sale:563,43,MIG-JM-CRED-563,MIG-JM-VENTA-563,2025-11-07,2025-12-07,30,44000,44000,0,Venta origen: 563 | Usuario origen: ALONDRA2025 | Credito abonado origen: 44000 | Status origen: 1
credit-note:564,sale:564,3,MIG-JM-CRED-564,MIG-JM-VENTA-564,2025-11-07,2025-11-22,15,15000,15000,0,Venta origen: 564 | Usuario origen: ALEXA2025 | Credito abonado origen: 15000 | Status origen: 1
credit-note:565,sale:565,5,MIG-JM-CRED-565,MIG-JM-VENTA-565,2025-11-07,2025-11-22,15,4200,4200,0,Venta origen: 565 | Usuario origen: ALONDRA2025 | Credito abonado origen: 4200 | Status origen: 1
credit-note:566,sale:566,8,MIG-JM-CRED-566,MIG-JM-VENTA-566,2025-11-08,2025-11-23,15,66,66,0,Venta origen: 566 | Usuario origen: ALONDRA2025 | Credito abonado origen: 66 | Status origen: 1
credit-note:567,sale:567,35,MIG-JM-CRED-567,MIG-JM-VENTA-567,2025-11-08,2025-12-08,30,5970,5970,0,Venta origen: 567 | Usuario origen: ALONDRA2025 | Credito abonado origen: 5970 | Status origen: 1
credit-note:568,sale:568,2,MIG-JM-CRED-568,MIG-JM-VENTA-568,2025-11-08,2025-11-23,15,44,44,0,Venta origen: 568 | Usuario origen: ALONDRA2025 | Credito abonado origen: 44 | Status origen: 1
credit-note:569,sale:569,44,MIG-JM-CRED-569,MIG-JM-VENTA-569,2025-11-08,2025-12-08,30,11660,11660,0,Venta origen: 569 | Usuario origen: ALONDRA2025 | Credito abonado origen: 11660 | Status origen: 1
credit-note:570,sale:570,7,MIG-JM-CRED-570,MIG-JM-VENTA-570,2025-11-08,2025-12-08,30,2360,2360,0,Venta origen: 570 | Usuario origen: ALONDRA2025 | Credito abonado origen: 2360 | Status origen: 1
credit-note:571,sale:571,35,MIG-JM-CRED-571,MIG-JM-VENTA-571,2025-11-08,2025-12-08,30,1250,1250,0,Venta origen: 571 | Usuario origen: ALONDRA2025 | Credito abonado origen: 1250 | Status origen: 1
credit-note:572,sale:572,2,MIG-JM-CRED-572,MIG-JM-VENTA-572,2025-11-08,2025-11-08,1,3150,3150,0,Venta origen: 572 | Usuario origen: ALONDRA2025 | Credito abonado origen: 3150 | Status origen: 1
credit-note:573,sale:573,21,MIG-JM-CRED-573,MIG-JM-VENTA-573,2025-11-10,2025-11-25,15,3120,3120,0,Venta origen: 573 | Usuario origen: ALONDRA2025 | Credito abonado origen: 3120 | Status origen: 1
credit-note:574,sale:574,21,MIG-JM-CRED-574,MIG-JM-VENTA-574,2025-11-10,2025-11-25,15,585,585,0,Venta origen: 574 | Usuario origen: ALONDRA2025 | Credito abonado origen: 585 | Status origen: 1
credit-note:575,sale:575,5,MIG-JM-CRED-575,MIG-JM-VENTA-575,2025-11-10,2025-11-25,15,4600,4600,0,Venta origen: 575 | Usuario origen: ALONDRA2025 | Credito abonado origen: 4600 | Status origen: 1
credit-note:576,sale:576,2,MIG-JM-CRED-576,MIG-JM-VENTA-576,2025-11-10,2025-11-25,15,52,52,0,Venta origen: 576 | Usuario origen: ALONDRA2025 | Credito abonado origen: 52 | Status origen: 1
credit-note:577,sale:577,3,MIG-JM-CRED-577,MIG-JM-VENTA-577,2025-11-10,2025-11-25,15,642.5,642.5,0,Venta origen: 577 | Usuario origen: ALONDRA2025 | Credito abonado origen: 642.5 | Status origen: 1
credit-note:578,sale:578,30,MIG-JM-CRED-578,MIG-JM-VENTA-578,2025-11-10,2025-12-10,30,1270,1270,0,Venta origen: 578 | Usuario origen: ALONDRA2025 | Credito abonado origen: 1270 | Status origen: 1
credit-note:579,sale:579,2,MIG-JM-CRED-579,MIG-JM-VENTA-579,2025-11-10,2025-11-25,15,14,14,0,Venta origen: 579 | Usuario origen: ALONDRA2025 | Credito abonado origen: 14 | Status origen: 1
credit-note:580,sale:580,33,MIG-JM-CRED-580,MIG-JM-VENTA-580,2025-11-10,2025-11-25,15,500,500,0,Venta origen: 580 | Usuario origen: ALONDRA2025 | Credito abonado origen: 500 | Status origen: 1
credit-note:581,sale:581,33,MIG-JM-CRED-581,MIG-JM-VENTA-581,2025-11-10,2025-11-25,15,250,250,0,Venta origen: 581 | Usuario origen: ALONDRA2025 | Credito abonado origen: 250 | Status origen: 1
credit-note:582,sale:582,33,MIG-JM-CRED-582,MIG-JM-VENTA-582,2025-11-10,2025-11-25,15,6,6,0,Venta origen: 582 | Usuario origen: ALONDRA2025 | Credito abonado origen: 6 | Status origen: 1
credit-note:583,sale:583,3,MIG-JM-CRED-583,MIG-JM-VENTA-583,2025-11-10,2025-11-25,15,8050,8050,0,Venta origen: 583 | Usuario origen: ALONDRA2025 | Credito abonado origen: 8050 | Status origen: 1
credit-note:584,sale:584,3,MIG-JM-CRED-584,MIG-JM-VENTA-584,2025-11-10,2025-11-25,15,5850,5850,0,Venta origen: 584 | Usuario origen: ALONDRA2025 | Credito abonado origen: 5850 | Status origen: 1
credit-note:585,sale:585,18,MIG-JM-CRED-585,MIG-JM-VENTA-585,2025-11-10,2025-11-25,15,7400,7400,0,Venta origen: 585 | Usuario origen: ALONDRA2025 | Credito abonado origen: 7400 | Status origen: 1
credit-note:586,sale:586,19,MIG-JM-CRED-586,MIG-JM-VENTA-586,2025-11-10,2025-11-25,15,4600,4600,0,Venta origen: 586 | Usuario origen: ALONDRA2025 | Credito abonado origen: 4600 | Status origen: 1
credit-note:587,sale:587,33,MIG-JM-CRED-587,MIG-JM-VENTA-587,2025-11-10,2025-11-25,15,924,924,0,Venta origen: 587 | Usuario origen: ALONDRA2025 | Credito abonado origen: 924 | Status origen: 1
credit-note:588,sale:588,45,MIG-JM-CRED-588,MIG-JM-VENTA-588,2025-11-10,2025-12-10,30,5078,5078,0,Venta origen: 588 | Usuario origen: ALONDRA2025 | Credito abonado origen: 5078 | Status origen: 1
credit-note:589,sale:589,45,MIG-JM-CRED-589,MIG-JM-VENTA-589,2025-11-11,2025-12-11,30,400,400,0,Venta origen: 589 | Usuario origen: ALONDRA2025 | Credito abonado origen: 400 | Status origen: 1
credit-note:590,sale:590,5,MIG-JM-CRED-590,MIG-JM-VENTA-590,2025-11-11,2025-11-26,15,3600,3600,0,Venta origen: 590 | Usuario origen: ALONDRA2025 | Credito abonado origen: 3600 | Status origen: 1
credit-note:591,sale:591,7,MIG-JM-CRED-591,MIG-JM-VENTA-591,2025-11-11,2025-12-11,30,2474.5,2474.5,0,Venta origen: 591 | Usuario origen: ALONDRA2025 | Credito abonado origen: 2474.5 | Status origen: 1
credit-note:592,sale:592,30,MIG-JM-CRED-592,MIG-JM-VENTA-592,2025-11-11,2025-12-11,30,1095,1095,0,Venta origen: 592 | Usuario origen: ALONDRA2025 | Credito abonado origen: 1095 | Status origen: 1
credit-note:593,sale:593,8,MIG-JM-CRED-593,MIG-JM-VENTA-593,2025-11-11,2025-11-26,15,208,208,0,Venta origen: 593 | Usuario origen: ALONDRA2025 | Credito abonado origen: 208 | Status origen: 1
credit-note:594,sale:594,3,MIG-JM-CRED-594,MIG-JM-VENTA-594,2025-11-12,2025-11-27,15,30000,30000,0,Venta origen: 594 | Usuario origen: ALEXA2025 | Credito abonado origen: 30000 | Status origen: 1
credit-note:595,sale:595,30,MIG-JM-CRED-595,MIG-JM-VENTA-595,2025-11-12,2025-12-12,30,1180,1180,0,Venta origen: 595 | Usuario origen: ALONDRA2025 | Credito abonado origen: 1180 | Status origen: 1
credit-note:596,sale:596,28,MIG-JM-CRED-596,MIG-JM-VENTA-596,2025-11-12,2025-11-27,15,8600,8600,0,Venta origen: 596 | Usuario origen: ALONDRA2025 | Credito abonado origen: 8600 | Status origen: 1
credit-note:597,sale:597,28,MIG-JM-CRED-597,MIG-JM-VENTA-597,2025-11-12,2025-11-27,15,8600,8600,0,Venta origen: 597 | Usuario origen: ALONDRA2025 | Credito abonado origen: 8600 | Status origen: 1
credit-note:598,sale:598,7,MIG-JM-CRED-598,MIG-JM-VENTA-598,2025-11-12,2025-12-12,30,2400,2400,0,Venta origen: 598 | Usuario origen: ALONDRA2025 | Credito abonado origen: 2400 | Status origen: 1
credit-note:599,sale:599,2,MIG-JM-CRED-599,MIG-JM-VENTA-599,2025-11-12,2025-11-27,15,52,52,0,Venta origen: 599 | Usuario origen: ALONDRA2025 | Credito abonado origen: 52 | Status origen: 1
credit-note:600,sale:600,35,MIG-JM-CRED-600,MIG-JM-VENTA-600,2025-11-12,2025-12-12,30,900,900,0,Venta origen: 600 | Usuario origen: ALONDRA2025 | Credito abonado origen: 900 | Status origen: 1
credit-note:601,sale:601,2,MIG-JM-CRED-601,MIG-JM-VENTA-601,2025-11-12,2025-11-27,15,402,402,0,Venta origen: 601 | Usuario origen: ALONDRA2025 | Credito abonado origen: 402 | Status origen: 1
credit-note:602,sale:602,17,MIG-JM-CRED-602,MIG-JM-VENTA-602,2025-11-12,2025-11-27,15,106,106,0,Venta origen: 602 | Usuario origen: ALONDRA2025 | Credito abonado origen: 106 | Status origen: 1
credit-note:603,sale:603,46,MIG-JM-CRED-603,MIG-JM-VENTA-603,2025-11-13,2025-12-13,30,1008,1008,0,Venta origen: 603 | Usuario origen: ALONDRA2025 | Credito abonado origen: 1008 | Status origen: 1
credit-note:604,sale:604,3,MIG-JM-CRED-604,MIG-JM-VENTA-604,2025-11-13,2025-11-28,15,15000,15000,0,Venta origen: 604 | Usuario origen: ALEXA2025 | Credito abonado origen: 15000 | Status origen: 1
credit-note:605,sale:605,47,MIG-JM-CRED-605,MIG-JM-VENTA-605,2025-11-13,2025-12-13,30,72,0,72,Venta origen: 605 | Usuario origen: ALONDRA2025 | Credito abonado origen: 0 | Status origen: 1
credit-note:606,sale:606,29,MIG-JM-CRED-606,MIG-JM-VENTA-606,2025-11-13,2025-12-13,30,3632,3632,0,Venta origen: 606 | Usuario origen: ALONDRA2025 | Credito abonado origen: 3632 | Status origen: 1
credit-note:607,sale:607,7,MIG-JM-CRED-607,MIG-JM-VENTA-607,2025-11-13,2025-12-13,30,3700,3700,0,Venta origen: 607 | Usuario origen: ALONDRA2025 | Credito abonado origen: 3700 | Status origen: 1
credit-note:608,sale:608,35,MIG-JM-CRED-608,MIG-JM-VENTA-608,2025-11-13,2025-12-13,30,2718,2718,0,Venta origen: 608 | Usuario origen: ALONDRA2025 | Credito abonado origen: 2718 | Status origen: 1
credit-note:609,sale:609,35,MIG-JM-CRED-609,MIG-JM-VENTA-609,2025-11-13,2025-12-13,30,4969,4969,0,Venta origen: 609 | Usuario origen: ALONDRA2025 | Credito abonado origen: 4969 | Status origen: 1
credit-note:610,sale:610,30,MIG-JM-CRED-610,MIG-JM-VENTA-610,2025-11-13,2025-11-28,15,168,168,0,Venta origen: 610 | Usuario origen: ALONDRA2025 | Credito abonado origen: 168 | Status origen: 1
credit-note:611,sale:611,19,MIG-JM-CRED-611,MIG-JM-VENTA-611,2025-11-13,2025-11-28,15,500,500,0,Venta origen: 611 | Usuario origen: ALONDRA2025 | Credito abonado origen: 500 | Status origen: 1
credit-note:612,sale:612,19,MIG-JM-CRED-612,MIG-JM-VENTA-612,2025-11-13,2025-11-28,15,45,45,0,Venta origen: 612 | Usuario origen: ALONDRA2025 | Credito abonado origen: 45 | Status origen: 1
credit-note:613,sale:613,8,MIG-JM-CRED-613,MIG-JM-VENTA-613,2025-11-13,2025-11-28,15,104,104,0,Venta origen: 613 | Usuario origen: ALONDRA2025 | Credito abonado origen: 104 | Status origen: 1
credit-note:614,sale:614,2,MIG-JM-CRED-614,MIG-JM-VENTA-614,2025-11-13,2025-11-28,15,49,49,0,Venta origen: 614 | Usuario origen: ALONDRA2025 | Credito abonado origen: 49 | Status origen: 1
credit-note:615,sale:615,30,MIG-JM-CRED-615,MIG-JM-VENTA-615,2025-11-14,2025-11-29,15,85,85,0,Venta origen: 615 | Usuario origen: ALONDRA2025 | Credito abonado origen: 85 | Status origen: 1
credit-note:616,sale:616,2,MIG-JM-CRED-616,MIG-JM-VENTA-616,2025-11-14,2025-11-29,15,54,54,0,Venta origen: 616 | Usuario origen: ALONDRA2025 | Credito abonado origen: 54 | Status origen: 1
credit-note:617,sale:617,5,MIG-JM-CRED-617,MIG-JM-VENTA-617,2025-11-14,2025-11-29,15,3600,3600,0,Venta origen: 617 | Usuario origen: ALONDRA2025 | Credito abonado origen: 3600 | Status origen: 1
credit-note:618,sale:618,44,MIG-JM-CRED-618,MIG-JM-VENTA-618,2025-11-14,2025-12-14,30,5700,5700,0,Venta origen: 618 | Usuario origen: ALONDRA2025 | Credito abonado origen: 5700 | Status origen: 1
credit-note:619,sale:619,44,MIG-JM-CRED-619,MIG-JM-VENTA-619,2025-11-14,2025-12-14,30,1350,1350,0,Venta origen: 619 | Usuario origen: ALONDRA2025 | Credito abonado origen: 1350 | Status origen: 1
credit-note:620,sale:620,28,MIG-JM-CRED-620,MIG-JM-VENTA-620,2025-11-14,2025-11-29,15,3900,3900,0,Venta origen: 620 | Usuario origen: ALONDRA2025 | Credito abonado origen: 3900 | Status origen: 1
credit-note:621,sale:621,2,MIG-JM-CRED-621,MIG-JM-VENTA-621,2025-11-14,2025-11-29,15,1950,1950,0,Venta origen: 621 | Usuario origen: ALONDRA2025 | Credito abonado origen: 1950 | Status origen: 1
credit-note:622,sale:622,2,MIG-JM-CRED-622,MIG-JM-VENTA-622,2025-11-14,2025-11-29,15,46,46,0,Venta origen: 622 | Usuario origen: ALONDRA2025 | Credito abonado origen: 46 | Status origen: 1
credit-note:623,sale:623,5,MIG-JM-CRED-623,MIG-JM-VENTA-623,2025-11-15,2025-11-30,15,8200,8200,0,Venta origen: 623 | Usuario origen: ALONDRA2025 | Credito abonado origen: 8200 | Status origen: 1
credit-note:624,sale:624,30,MIG-JM-CRED-624,MIG-JM-VENTA-624,2025-11-15,2025-12-15,30,1366,1366,0,Venta origen: 624 | Usuario origen: ALONDRA2025 | Credito abonado origen: 1366 | Status origen: 1
credit-note:625,sale:625,45,MIG-JM-CRED-625,MIG-JM-VENTA-625,2025-11-15,2025-12-15,30,300,300,0,Venta origen: 625 | Usuario origen: ALONDRA2025 | Credito abonado origen: 300 | Status origen: 1
credit-note:626,sale:626,30,MIG-JM-CRED-626,MIG-JM-VENTA-626,2025-11-15,2025-12-15,30,354,354,0,Venta origen: 626 | Usuario origen: ALONDRA2025 | Credito abonado origen: 354 | Status origen: 1
credit-note:627,sale:627,8,MIG-JM-CRED-627,MIG-JM-VENTA-627,2025-11-17,2025-12-02,15,720,720,0,Venta origen: 627 | Usuario origen: ALONDRA2025 | Credito abonado origen: 720 | Status origen: 1
credit-note:628,sale:628,30,MIG-JM-CRED-628,MIG-JM-VENTA-628,2025-11-17,2025-12-02,15,292,292,0,Venta origen: 628 | Usuario origen: ALONDRA2025 | Credito abonado origen: 292 | Status origen: 1
credit-note:629,sale:629,48,MIG-JM-CRED-629,MIG-JM-VENTA-629,2025-11-17,2025-12-02,15,3800,3800,0,Venta origen: 629 | Usuario origen: ALONDRA2025 | Credito abonado origen: 3800 | Status origen: 1
credit-note:630,sale:630,19,MIG-JM-CRED-630,MIG-JM-VENTA-630,2025-11-17,2025-12-02,15,2000,2000,0,Venta origen: 630 | Usuario origen: ALONDRA2025 | Credito abonado origen: 2000 | Status origen: 1
credit-note:631,sale:631,19,MIG-JM-CRED-631,MIG-JM-VENTA-631,2025-11-17,2025-12-02,15,7366,7366,0,Venta origen: 631 | Usuario origen: ALONDRA2025 | Credito abonado origen: 7366 | Status origen: 1
credit-note:632,sale:632,19,MIG-JM-CRED-632,MIG-JM-VENTA-632,2025-11-17,2025-12-02,15,1920,1920,0,Venta origen: 632 | Usuario origen: ALONDRA2025 | Credito abonado origen: 1920 | Status origen: 1
credit-note:633,sale:633,2,MIG-JM-CRED-633,MIG-JM-VENTA-633,2025-11-17,2025-12-02,15,15,15,0,Venta origen: 633 | Usuario origen: ALONDRA2025 | Credito abonado origen: 15 | Status origen: 1
credit-note:634,sale:634,7,MIG-JM-CRED-634,MIG-JM-VENTA-634,2025-11-17,2025-12-17,30,8647,8647,0,Venta origen: 634 | Usuario origen: ALONDRA2025 | Credito abonado origen: 8647 | Status origen: 1
credit-note:635,sale:635,35,MIG-JM-CRED-635,MIG-JM-VENTA-635,2025-11-17,2025-12-17,30,1200,1200,0,Venta origen: 635 | Usuario origen: ALONDRA2025 | Credito abonado origen: 1200 | Status origen: 1
credit-note:636,sale:636,19,MIG-JM-CRED-636,MIG-JM-VENTA-636,2025-11-17,2025-12-02,15,6840,6840,0,Venta origen: 636 | Usuario origen: ALONDRA2025 | Credito abonado origen: 6840 | Status origen: 1
credit-note:637,sale:637,6,MIG-JM-CRED-637,MIG-JM-VENTA-637,2025-11-17,2025-11-17,1,1000,1000,0,Venta origen: 637 | Usuario origen: ALONDRA2025 | Credito abonado origen: 1000 | Status origen: 1
credit-note:638,sale:638,9,MIG-JM-CRED-638,MIG-JM-VENTA-638,2025-11-18,2025-12-03,15,1608,1608,0,Venta origen: 638 | Usuario origen: ALONDRA2025 | Credito abonado origen: 1608 | Status origen: 1
credit-note:639,sale:639,31,MIG-JM-CRED-639,MIG-JM-VENTA-639,2025-11-18,2025-12-03,15,4700,4700,0,Venta origen: 639 | Usuario origen: ALONDRA2025 | Credito abonado origen: 4700 | Status origen: 1
credit-note:640,sale:640,28,MIG-JM-CRED-640,MIG-JM-VENTA-640,2025-11-18,2025-12-03,15,8600,8600,0,Venta origen: 640 | Usuario origen: ALONDRA2025 | Credito abonado origen: 8600 | Status origen: 1
credit-note:641,sale:641,19,MIG-JM-CRED-641,MIG-JM-VENTA-641,2025-11-18,2025-12-03,15,500,500,0,Venta origen: 641 | Usuario origen: ALONDRA2025 | Credito abonado origen: 500 | Status origen: 1
credit-note:642,sale:642,2,MIG-JM-CRED-642,MIG-JM-VENTA-642,2025-11-18,2025-12-03,15,1200,1200,0,Venta origen: 642 | Usuario origen: ALONDRA2025 | Credito abonado origen: 1200 | Status origen: 1
credit-note:643,sale:643,7,MIG-JM-CRED-643,MIG-JM-VENTA-643,2025-11-18,2025-12-18,30,450,450,0,Venta origen: 643 | Usuario origen: ALONDRA2025 | Credito abonado origen: 450 | Status origen: 1
credit-note:644,sale:644,7,MIG-JM-CRED-644,MIG-JM-VENTA-644,2025-11-18,2025-12-18,30,2400,2400,0,Venta origen: 644 | Usuario origen: ALONDRA2025 | Credito abonado origen: 2400 | Status origen: 1
credit-note:645,sale:645,5,MIG-JM-CRED-645,MIG-JM-VENTA-645,2025-11-18,2025-12-03,15,8200,8200,0,Venta origen: 645 | Usuario origen: ALONDRA2025 | Credito abonado origen: 8200 | Status origen: 1
credit-note:646,sale:646,18,MIG-JM-CRED-646,MIG-JM-VENTA-646,2025-11-19,2025-12-04,15,7020,7020,0,Venta origen: 646 | Usuario origen: ALONDRA2025 | Credito abonado origen: 7020 | Status origen: 1
credit-note:647,sale:647,5,MIG-JM-CRED-647,MIG-JM-VENTA-647,2025-11-19,2025-12-04,15,7823,0,7823,Venta origen: 647 | Usuario origen: ALONDRA2025 | Credito abonado origen: 0 | Status origen: 1
credit-note:648,sale:648,5,MIG-JM-CRED-648,MIG-JM-VENTA-648,2025-11-19,2025-12-04,15,7433,7433,0,Venta origen: 648 | Usuario origen: ALONDRA2025 | Credito abonado origen: 7433 | Status origen: 1
credit-note:649,sale:649,2,MIG-JM-CRED-649,MIG-JM-VENTA-649,2025-11-19,2025-12-04,15,122,122,0,Venta origen: 649 | Usuario origen: ALONDRA2025 | Credito abonado origen: 122 | Status origen: 1
credit-note:650,sale:650,2,MIG-JM-CRED-650,MIG-JM-VENTA-650,2025-11-19,2025-12-04,15,9,9,0,Venta origen: 650 | Usuario origen: ALONDRA2025 | Credito abonado origen: 9 | Status origen: 1
credit-note:651,sale:651,48,MIG-JM-CRED-651,MIG-JM-VENTA-651,2025-11-19,2025-12-04,15,2550,2550,0,Venta origen: 651 | Usuario origen: ALONDRA2025 | Credito abonado origen: 2550 | Status origen: 1
credit-note:652,sale:652,16,MIG-JM-CRED-652,MIG-JM-VENTA-652,2025-11-19,2025-12-19,30,145,0,145,Venta origen: 652 | Usuario origen: ALONDRA2025 | Credito abonado origen: 0 | Status origen: 1
credit-note:653,sale:653,2,MIG-JM-CRED-653,MIG-JM-VENTA-653,2025-11-19,2025-12-04,15,497,497,0,Venta origen: 653 | Usuario origen: ALONDRA2025 | Credito abonado origen: 497 | Status origen: 1
credit-note:654,sale:654,35,MIG-JM-CRED-654,MIG-JM-VENTA-654,2025-11-19,2025-12-19,30,6387,6387,0,Venta origen: 654 | Usuario origen: ALONDRA2025 | Credito abonado origen: 6387 | Status origen: 1
credit-note:655,sale:655,49,MIG-JM-CRED-655,MIG-JM-VENTA-655,2025-11-19,2025-12-04,15,4200,4200,0,Venta origen: 655 | Usuario origen: ALONDRA2025 | Credito abonado origen: 4200 | Status origen: 1
credit-note:656,sale:656,49,MIG-JM-CRED-656,MIG-JM-VENTA-656,2025-11-19,2025-12-04,15,7400,7400,0,Venta origen: 656 | Usuario origen: ALONDRA2025 | Credito abonado origen: 7400 | Status origen: 1
credit-note:657,sale:657,49,MIG-JM-CRED-657,MIG-JM-VENTA-657,2025-11-19,2025-12-04,15,3360,3360,0,Venta origen: 657 | Usuario origen: ALONDRA2025 | Credito abonado origen: 3360 | Status origen: 1
credit-note:658,sale:658,30,MIG-JM-CRED-658,MIG-JM-VENTA-658,2025-11-21,2025-12-21,30,3014,3014,0,Venta origen: 658 | Usuario origen: ALONDRA2025 | Credito abonado origen: 3014 | Status origen: 1
credit-note:659,sale:659,28,MIG-JM-CRED-659,MIG-JM-VENTA-659,2025-11-21,2025-12-06,15,8600,8600,0,Venta origen: 659 | Usuario origen: ALONDRA2025 | Credito abonado origen: 8600 | Status origen: 1
credit-note:660,sale:660,5,MIG-JM-CRED-660,MIG-JM-VENTA-660,2025-11-21,2025-12-06,15,3600,3600,0,Venta origen: 660 | Usuario origen: ALONDRA2025 | Credito abonado origen: 3600 | Status origen: 1
credit-note:661,sale:661,2,MIG-JM-CRED-661,MIG-JM-VENTA-661,2025-11-21,2025-12-06,15,1520,1520,0,Venta origen: 661 | Usuario origen: ALONDRA2025 | Credito abonado origen: 1520 | Status origen: 1
credit-note:662,sale:662,7,MIG-JM-CRED-662,MIG-JM-VENTA-662,2025-11-21,2025-12-21,30,1850,1850,0,Venta origen: 662 | Usuario origen: ALONDRA2025 | Credito abonado origen: 1850 | Status origen: 1
credit-note:663,sale:663,2,MIG-JM-CRED-663,MIG-JM-VENTA-663,2025-11-22,2025-12-07,15,28,28,0,Venta origen: 663 | Usuario origen: ALONDRA2025 | Credito abonado origen: 28 | Status origen: 1
credit-note:664,sale:664,2,MIG-JM-CRED-664,MIG-JM-VENTA-664,2025-11-22,2025-12-07,15,34,34,0,Venta origen: 664 | Usuario origen: ALONDRA2025 | Credito abonado origen: 34 | Status origen: 1
credit-note:665,sale:665,7,MIG-JM-CRED-665,MIG-JM-VENTA-665,2025-11-22,2025-12-22,30,450,450,0,Venta origen: 665 | Usuario origen: ALONDRA2025 | Credito abonado origen: 450 | Status origen: 1
credit-note:666,sale:666,16,MIG-JM-CRED-666,MIG-JM-VENTA-666,2025-11-22,2025-12-22,30,102,102,0,Venta origen: 666 | Usuario origen: ALONDRA2025 | Credito abonado origen: 102 | Status origen: 1
credit-note:667,sale:667,5,MIG-JM-CRED-667,MIG-JM-VENTA-667,2025-11-22,2025-12-07,15,4600,4600,0,Venta origen: 667 | Usuario origen: ALONDRA2025 | Credito abonado origen: 4600 | Status origen: 1
credit-note:668,sale:668,5,MIG-JM-CRED-668,MIG-JM-VENTA-668,2025-11-24,2025-12-09,15,5520,5520,0,Venta origen: 668 | Usuario origen: ALONDRA2025 | Credito abonado origen: 5520 | Status origen: 1
credit-note:669,sale:669,35,MIG-JM-CRED-669,MIG-JM-VENTA-669,2025-11-24,2025-12-24,30,825,825,0,Venta origen: 669 | Usuario origen: ALONDRA2025 | Credito abonado origen: 825 | Status origen: 1
credit-note:670,sale:670,30,MIG-JM-CRED-670,MIG-JM-VENTA-670,2025-11-24,2025-12-09,15,1558.5,1558.5,0,Venta origen: 670 | Usuario origen: ALONDRA2025 | Credito abonado origen: 1558.5 | Status origen: 1
credit-note:671,sale:671,2,MIG-JM-CRED-671,MIG-JM-VENTA-671,2025-11-24,2025-12-09,15,6,6,0,Venta origen: 671 | Usuario origen: ALONDRA2025 | Credito abonado origen: 6 | Status origen: 1
credit-note:672,sale:672,3,MIG-JM-CRED-672,MIG-JM-VENTA-672,2025-11-25,2025-12-10,15,5850,5850,0,Venta origen: 672 | Usuario origen: ALONDRA2025 | Credito abonado origen: 5850 | Status origen: 1
credit-note:673,sale:673,3,MIG-JM-CRED-673,MIG-JM-VENTA-673,2025-11-25,2025-12-10,15,7020,7020,0,Venta origen: 673 | Usuario origen: ALONDRA2025 | Credito abonado origen: 7020 | Status origen: 1
credit-note:674,sale:674,3,MIG-JM-CRED-674,MIG-JM-VENTA-674,2025-11-25,2025-12-10,15,45000,45000,0,Venta origen: 674 | Usuario origen: ALEXA2025 | Credito abonado origen: 45000 | Status origen: 1
credit-note:675,sale:675,3,MIG-JM-CRED-675,MIG-JM-VENTA-675,2025-11-25,2025-12-10,15,5850,5850,0,Venta origen: 675 | Usuario origen: ALONDRA2025 | Credito abonado origen: 5850 | Status origen: 1
credit-note:676,sale:676,30,MIG-JM-CRED-676,MIG-JM-VENTA-676,2025-11-25,2025-12-25,30,1496,1496,0,Venta origen: 676 | Usuario origen: ALONDRA2025 | Credito abonado origen: 1496 | Status origen: 1
credit-note:677,sale:677,30,MIG-JM-CRED-677,MIG-JM-VENTA-677,2025-11-25,2025-12-25,30,1180,1180,0,Venta origen: 677 | Usuario origen: ALONDRA2025 | Credito abonado origen: 1180 | Status origen: 1
credit-note:678,sale:678,28,MIG-JM-CRED-678,MIG-JM-VENTA-678,2025-11-25,2025-12-10,15,4600,4600,0,Venta origen: 678 | Usuario origen: ALONDRA2025 | Credito abonado origen: 4600 | Status origen: 1
credit-note:679,sale:679,19,MIG-JM-CRED-679,MIG-JM-VENTA-679,2025-11-25,2025-12-10,15,250,250,0,Venta origen: 679 | Usuario origen: ALONDRA2025 | Credito abonado origen: 250 | Status origen: 1
credit-note:680,sale:680,5,MIG-JM-CRED-680,MIG-JM-VENTA-680,2025-11-25,2025-12-10,15,4600,4600,0,Venta origen: 680 | Usuario origen: ALONDRA2025 | Credito abonado origen: 4600 | Status origen: 1
credit-note:681,sale:681,35,MIG-JM-CRED-681,MIG-JM-VENTA-681,2025-11-26,2025-12-26,30,7500,7500,0,Venta origen: 681 | Usuario origen: ALONDRA2025 | Credito abonado origen: 7500 | Status origen: 1
credit-note:682,sale:682,29,MIG-JM-CRED-682,MIG-JM-VENTA-682,2025-11-26,2025-12-26,30,32,32,0,Venta origen: 682 | Usuario origen: ALONDRA2025 | Credito abonado origen: 32 | Status origen: 1
credit-note:683,sale:683,19,MIG-JM-CRED-683,MIG-JM-VENTA-683,2025-11-26,2025-12-11,15,12800,12800,0,Venta origen: 683 | Usuario origen: ALONDRA2025 | Credito abonado origen: 12800 | Status origen: 1
credit-note:684,sale:684,5,MIG-JM-CRED-684,MIG-JM-VENTA-684,2025-11-26,2025-12-11,15,3600,3600,0,Venta origen: 684 | Usuario origen: ALONDRA2025 | Credito abonado origen: 3600 | Status origen: 1
credit-note:685,sale:685,3,MIG-JM-CRED-685,MIG-JM-VENTA-685,2025-11-26,2025-12-11,15,998.5,998.5,0,Venta origen: 685 | Usuario origen: ALONDRA2025 | Credito abonado origen: 998.5 | Status origen: 1
credit-note:686,sale:686,32,MIG-JM-CRED-686,MIG-JM-VENTA-686,2025-11-26,2025-12-11,15,690,690,0,Venta origen: 686 | Usuario origen: ALONDRA2025 | Credito abonado origen: 690 | Status origen: 1
credit-note:687,sale:687,50,MIG-JM-CRED-687,MIG-JM-VENTA-687,2025-11-27,2025-12-12,15,296,296,0,Venta origen: 687 | Usuario origen: ALONDRA2025 | Credito abonado origen: 296 | Status origen: 1
credit-note:688,sale:688,50,MIG-JM-CRED-688,MIG-JM-VENTA-688,2025-11-27,2025-12-12,15,8100,8100,0,Venta origen: 688 | Usuario origen: ALONDRA2025 | Credito abonado origen: 8100 | Status origen: 1
credit-note:689,sale:689,21,MIG-JM-CRED-689,MIG-JM-VENTA-689,2025-11-27,2025-12-12,15,4160,4160,0,Venta origen: 689 | Usuario origen: ALONDRA2025 | Credito abonado origen: 4160 | Status origen: 1
credit-note:690,sale:690,28,MIG-JM-CRED-690,MIG-JM-VENTA-690,2025-11-27,2025-12-12,15,8600,8600,0,Venta origen: 690 | Usuario origen: ALONDRA2025 | Credito abonado origen: 8600 | Status origen: 1
credit-note:691,sale:691,2,MIG-JM-CRED-691,MIG-JM-VENTA-691,2025-11-27,2025-12-12,15,7024,7024,0,Venta origen: 691 | Usuario origen: ALONDRA2025 | Credito abonado origen: 7024 | Status origen: 1
credit-note:692,sale:692,51,MIG-JM-CRED-692,MIG-JM-VENTA-692,2025-11-27,2025-12-12,15,920,920,0,Venta origen: 692 | Usuario origen: ALONDRA2025 | Credito abonado origen: 920 | Status origen: 1
credit-note:693,sale:693,19,MIG-JM-CRED-693,MIG-JM-VENTA-693,2025-11-28,2025-12-13,15,475,475,0,Venta origen: 693 | Usuario origen: ALONDRA2025 | Credito abonado origen: 475 | Status origen: 1
credit-note:694,sale:694,52,MIG-JM-CRED-694,MIG-JM-VENTA-694,2025-11-28,2025-12-28,30,24200,24200,0,Venta origen: 694 | Usuario origen: ALONDRA2025 | Credito abonado origen: 24200 | Status origen: 1
credit-note:695,sale:695,52,MIG-JM-CRED-695,MIG-JM-VENTA-695,2025-11-28,2025-12-28,30,14700,14700,0,Venta origen: 695 | Usuario origen: ALONDRA2025 | Credito abonado origen: 14700 | Status origen: 1
credit-note:696,sale:696,9,MIG-JM-CRED-696,MIG-JM-VENTA-696,2025-11-28,2025-12-13,15,900,900,0,Venta origen: 696 | Usuario origen: ALONDRA2025 | Credito abonado origen: 900 | Status origen: 1
credit-note:697,sale:697,3,MIG-JM-CRED-697,MIG-JM-VENTA-697,2025-11-28,2025-12-13,15,28000,28000,0,Venta origen: 697 | Usuario origen: ALEXA2025 | Credito abonado origen: 28000 | Status origen: 1
credit-note:698,sale:698,30,MIG-JM-CRED-698,MIG-JM-VENTA-698,2025-11-28,2025-12-13,15,280,280,0,Venta origen: 698 | Usuario origen: ALONDRA2025 | Credito abonado origen: 280 | Status origen: 1
credit-note:699,sale:699,5,MIG-JM-CRED-699,MIG-JM-VENTA-699,2025-11-28,2025-12-13,15,7250,7250,0,Venta origen: 699 | Usuario origen: ALONDRA2025 | Credito abonado origen: 7250 | Status origen: 1
credit-note:700,sale:700,9,MIG-JM-CRED-700,MIG-JM-VENTA-700,2025-11-28,2025-12-13,15,450,450,0,Venta origen: 700 | Usuario origen: ALONDRA2025 | Credito abonado origen: 450 | Status origen: 1
credit-note:701,sale:701,52,MIG-JM-CRED-701,MIG-JM-VENTA-701,2025-11-29,2025-12-29,30,3150,3150,0,Venta origen: 701 | Usuario origen: ALONDRA2025 | Credito abonado origen: 3150 | Status origen: 1
credit-note:702,sale:702,2,MIG-JM-CRED-702,MIG-JM-VENTA-702,2025-11-29,2025-12-14,15,116,116,0,Venta origen: 702 | Usuario origen: ALONDRA2025 | Credito abonado origen: 116 | Status origen: 1
credit-note:703,sale:703,5,MIG-JM-CRED-703,MIG-JM-VENTA-703,2025-11-29,2025-12-14,15,6478,6478,0,Venta origen: 703 | Usuario origen: ALONDRA2025 | Credito abonado origen: 6478 | Status origen: 1
credit-note:704,sale:704,17,MIG-JM-CRED-704,MIG-JM-VENTA-704,2025-11-29,2025-12-14,15,616,616,0,Venta origen: 704 | Usuario origen: ALONDRA2025 | Credito abonado origen: 616 | Status origen: 1
credit-note:705,sale:705,2,MIG-JM-CRED-705,MIG-JM-VENTA-705,2025-11-29,2025-12-14,15,76,76,0,Venta origen: 705 | Usuario origen: ALONDRA2025 | Credito abonado origen: 76 | Status origen: 1
credit-note:706,sale:706,2,MIG-JM-CRED-706,MIG-JM-VENTA-706,2025-11-29,2025-12-14,15,152,152,0,Venta origen: 706 | Usuario origen: ALONDRA2025 | Credito abonado origen: 152 | Status origen: 1
credit-note:707,sale:707,17,MIG-JM-CRED-707,MIG-JM-VENTA-707,2025-11-29,2025-12-14,15,366,366,0,Venta origen: 707 | Usuario origen: ALONDRA2025 | Credito abonado origen: 366 | Status origen: 1
credit-note:708,sale:708,5,MIG-JM-CRED-708,MIG-JM-VENTA-708,2025-12-01,2025-12-16,15,8200,8200,0,Venta origen: 708 | Usuario origen: ALONDRA2025 | Credito abonado origen: 8200 | Status origen: 1
credit-note:709,sale:709,49,MIG-JM-CRED-709,MIG-JM-VENTA-709,2025-12-01,2025-12-16,15,4200,4200,0,Venta origen: 709 | Usuario origen: ALONDRA2025 | Credito abonado origen: 4200 | Status origen: 1
credit-note:710,sale:710,44,MIG-JM-CRED-710,MIG-JM-VENTA-710,2025-12-01,2025-12-31,30,3995,3995,0,Venta origen: 710 | Usuario origen: ALONDRA2025 | Credito abonado origen: 3995 | Status origen: 1
credit-note:711,sale:711,30,MIG-JM-CRED-711,MIG-JM-VENTA-711,2025-12-01,2025-12-16,15,97,97,0,Venta origen: 711 | Usuario origen: ALONDRA2025 | Credito abonado origen: 97 | Status origen: 1
credit-note:712,sale:712,30,MIG-JM-CRED-712,MIG-JM-VENTA-712,2025-12-01,2025-12-31,30,1950,1950,0,Venta origen: 712 | Usuario origen: ALONDRA2025 | Credito abonado origen: 1950 | Status origen: 1
credit-note:713,sale:713,2,MIG-JM-CRED-713,MIG-JM-VENTA-713,2025-12-01,2025-12-16,15,23,23,0,Venta origen: 713 | Usuario origen: ALONDRA2025 | Credito abonado origen: 23 | Status origen: 1
credit-note:714,sale:714,35,MIG-JM-CRED-714,MIG-JM-VENTA-714,2025-12-01,2025-12-31,30,8200,8200,0,Venta origen: 714 | Usuario origen: ALONDRA2025 | Credito abonado origen: 8200 | Status origen: 1
credit-note:715,sale:715,5,MIG-JM-CRED-715,MIG-JM-VENTA-715,2025-12-01,2025-12-16,15,4200,4200,0,Venta origen: 715 | Usuario origen: ALONDRA2025 | Credito abonado origen: 4200 | Status origen: 1
credit-note:716,sale:716,30,MIG-JM-CRED-716,MIG-JM-VENTA-716,2025-12-02,2026-01-01,30,250,250,0,Venta origen: 716 | Usuario origen: ALONDRA2025 | Credito abonado origen: 250 | Status origen: 1
credit-note:717,sale:717,5,MIG-JM-CRED-717,MIG-JM-VENTA-717,2025-12-02,2025-12-17,15,600,600,0,Venta origen: 717 | Usuario origen: ALONDRA2025 | Credito abonado origen: 600 | Status origen: 1
credit-note:718,sale:718,34,MIG-JM-CRED-718,MIG-JM-VENTA-718,2025-12-03,2026-01-02,30,8200,8200,0,Venta origen: 718 | Usuario origen: ALONDRA2025 | Credito abonado origen: 8200 | Status origen: 1
credit-note:719,sale:719,52,MIG-JM-CRED-719,MIG-JM-VENTA-719,2025-12-03,2026-01-02,30,4200,4200,0,Venta origen: 719 | Usuario origen: ALONDRA2025 | Credito abonado origen: 4200 | Status origen: 1
credit-note:720,sale:720,52,MIG-JM-CRED-720,MIG-JM-VENTA-720,2025-12-03,2026-01-02,30,3150,3150,0,Venta origen: 720 | Usuario origen: ALONDRA2025 | Credito abonado origen: 3150 | Status origen: 1
credit-note:721,sale:721,52,MIG-JM-CRED-721,MIG-JM-VENTA-721,2025-12-03,2026-01-02,30,24900,24900,0,Venta origen: 721 | Usuario origen: ALONDRA2025 | Credito abonado origen: 24900 | Status origen: 1
credit-note:722,sale:722,52,MIG-JM-CRED-722,MIG-JM-VENTA-722,2025-12-03,2026-01-02,30,2500,2500,0,Venta origen: 722 | Usuario origen: ALONDRA2025 | Credito abonado origen: 2500 | Status origen: 1
credit-note:723,sale:723,2,MIG-JM-CRED-723,MIG-JM-VENTA-723,2025-12-03,2025-12-18,15,201.5,201.5,0,Venta origen: 723 | Usuario origen: ALONDRA2025 | Credito abonado origen: 201.5 | Status origen: 1
credit-note:724,sale:724,2,MIG-JM-CRED-724,MIG-JM-VENTA-724,2025-12-03,2025-12-03,1,103,103,0,Venta origen: 724 | Usuario origen: ALONDRA2025 | Credito abonado origen: 103 | Status origen: 1
credit-note:725,sale:725,53,MIG-JM-CRED-725,MIG-JM-VENTA-725,2025-12-03,2026-01-02,30,23303,23303,0,Venta origen: 725 | Usuario origen: ALONDRA2025 | Credito abonado origen: 23303 | Status origen: 1
credit-note:726,sale:726,49,MIG-JM-CRED-726,MIG-JM-VENTA-726,2025-12-04,2025-12-19,15,4200,4200,0,Venta origen: 726 | Usuario origen: ALONDRA2025 | Credito abonado origen: 4200 | Status origen: 1
credit-note:727,sale:727,2,MIG-JM-CRED-727,MIG-JM-VENTA-727,2025-12-04,2025-12-19,15,4,4,0,Venta origen: 727 | Usuario origen: ALONDRA2025 | Credito abonado origen: 4 | Status origen: 1
credit-note:728,sale:728,2,MIG-JM-CRED-728,MIG-JM-VENTA-728,2025-12-04,2025-12-19,15,122,122,0,Venta origen: 728 | Usuario origen: ALONDRA2025 | Credito abonado origen: 122 | Status origen: 1
credit-note:729,sale:729,3,MIG-JM-CRED-729,MIG-JM-VENTA-729,2025-12-04,2025-12-19,15,29000,29000,0,Venta origen: 729 | Usuario origen: ALEXA2025 | Credito abonado origen: 29000 | Status origen: 1
credit-note:730,sale:730,54,MIG-JM-CRED-730,MIG-JM-VENTA-730,2025-12-04,2025-12-19,15,16000,16000,0,Venta origen: 730 | Usuario origen: ALONDRA2025 | Credito abonado origen: 16000 | Status origen: 1
credit-note:731,sale:731,44,MIG-JM-CRED-731,MIG-JM-VENTA-731,2025-12-04,2026-01-03,30,3300,3300,0,Venta origen: 731 | Usuario origen: ALONDRA2025 | Credito abonado origen: 3300 | Status origen: 1
credit-note:732,sale:732,2,MIG-JM-CRED-732,MIG-JM-VENTA-732,2025-12-04,2025-12-19,15,4400,4400,0,Venta origen: 732 | Usuario origen: ALONDRA2025 | Credito abonado origen: 4400 | Status origen: 1
credit-note:733,sale:733,19,MIG-JM-CRED-733,MIG-JM-VENTA-733,2025-12-04,2025-12-19,15,5700,5700,0,Venta origen: 733 | Usuario origen: ALONDRA2025 | Credito abonado origen: 5700 | Status origen: 1
credit-note:734,sale:734,30,MIG-JM-CRED-734,MIG-JM-VENTA-734,2025-12-05,2026-01-04,30,1567,1567,0,Venta origen: 734 | Usuario origen: ALONDRA2025 | Credito abonado origen: 1567 | Status origen: 1
credit-note:735,sale:735,44,MIG-JM-CRED-735,MIG-JM-VENTA-735,2025-12-05,2026-01-04,30,1950,1950,0,Venta origen: 735 | Usuario origen: ALONDRA2025 | Credito abonado origen: 1950 | Status origen: 1
credit-note:736,sale:736,6,MIG-JM-CRED-736,MIG-JM-VENTA-736,2025-12-05,2025-12-05,1,4700,4700,0,Venta origen: 736 | Usuario origen: ALONDRA2025 | Credito abonado origen: 4700 | Status origen: 1
credit-note:737,sale:737,5,MIG-JM-CRED-737,MIG-JM-VENTA-737,2025-12-05,2025-12-20,15,9200,9200,0,Venta origen: 737 | Usuario origen: ALONDRA2025 | Credito abonado origen: 9200 | Status origen: 1
credit-note:738,sale:738,30,MIG-JM-CRED-738,MIG-JM-VENTA-738,2025-12-05,2026-01-04,30,1180,1180,0,Venta origen: 738 | Usuario origen: ALONDRA2025 | Credito abonado origen: 1180 | Status origen: 1
credit-note:739,sale:739,3,MIG-JM-CRED-739,MIG-JM-VENTA-739,2025-12-05,2025-12-20,15,15000,15000,0,Venta origen: 739 | Usuario origen: ALEXA2025 | Credito abonado origen: 15000 | Status origen: 1
credit-note:740,sale:740,5,MIG-JM-CRED-740,MIG-JM-VENTA-740,2025-12-06,2025-12-21,15,1380,1380,0,Venta origen: 740 | Usuario origen: ALONDRA2025 | Credito abonado origen: 1380 | Status origen: 1
credit-note:741,sale:741,2,MIG-JM-CRED-741,MIG-JM-VENTA-741,2025-12-06,2025-12-21,15,51,51,0,Venta origen: 741 | Usuario origen: ALONDRA2025 | Credito abonado origen: 51 | Status origen: 1
credit-note:742,sale:742,2,MIG-JM-CRED-742,MIG-JM-VENTA-742,2025-12-06,2025-12-21,15,9,9,0,Venta origen: 742 | Usuario origen: ALONDRA2025 | Credito abonado origen: 9 | Status origen: 1
credit-note:743,sale:743,30,MIG-JM-CRED-743,MIG-JM-VENTA-743,2025-12-06,2025-12-21,15,354,354,0,Venta origen: 743 | Usuario origen: ALONDRA2025 | Credito abonado origen: 354 | Status origen: 1
credit-note:744,sale:744,2,MIG-JM-CRED-744,MIG-JM-VENTA-744,2025-12-08,2025-12-23,15,34,34,0,Venta origen: 744 | Usuario origen: ALONDRA2025 | Credito abonado origen: 34 | Status origen: 1
credit-note:745,sale:745,36,MIG-JM-CRED-745,MIG-JM-VENTA-745,2025-12-08,2025-12-23,15,1754,1754,0,Venta origen: 745 | Usuario origen: ALONDRA2025 | Credito abonado origen: 1754 | Status origen: 1
credit-note:746,sale:746,52,MIG-JM-CRED-746,MIG-JM-VENTA-746,2025-12-08,2026-01-07,30,8000,8000,0,Venta origen: 746 | Usuario origen: ALONDRA2025 | Credito abonado origen: 8000 | Status origen: 1
credit-note:747,sale:747,30,MIG-JM-CRED-747,MIG-JM-VENTA-747,2025-12-08,2026-01-07,30,240,240,0,Venta origen: 747 | Usuario origen: ALONDRA2025 | Credito abonado origen: 240 | Status origen: 1
credit-note:748,sale:748,5,MIG-JM-CRED-748,MIG-JM-VENTA-748,2025-12-08,2025-12-23,15,4200,4200,0,Venta origen: 748 | Usuario origen: ALONDRA2025 | Credito abonado origen: 4200 | Status origen: 1
credit-note:749,sale:749,55,MIG-JM-CRED-749,MIG-JM-VENTA-749,2025-12-08,2026-01-07,30,11400,11400,0,Venta origen: 749 | Usuario origen: ALONDRA2025 | Credito abonado origen: 11400 | Status origen: 1
credit-note:750,sale:750,18,MIG-JM-CRED-750,MIG-JM-VENTA-750,2025-12-08,2025-12-23,15,3360,3360,0,Venta origen: 750 | Usuario origen: ALONDRA2025 | Credito abonado origen: 3360 | Status origen: 1
credit-note:751,sale:751,52,MIG-JM-CRED-751,MIG-JM-VENTA-751,2025-12-08,2026-01-07,30,1270,1270,0,Venta origen: 751 | Usuario origen: ALONDRA2025 | Credito abonado origen: 1270 | Status origen: 1
credit-note:752,sale:752,18,MIG-JM-CRED-752,MIG-JM-VENTA-752,2025-12-08,2025-12-23,15,3360,0,3360,Venta origen: 752 | Usuario origen: ALONDRA2025 | Credito abonado origen: 0 | Status origen: 0
credit-note:753,sale:753,21,MIG-JM-CRED-753,MIG-JM-VENTA-753,2025-12-09,2025-12-24,15,2360,2360,0,Venta origen: 753 | Usuario origen: ALONDRA2025 | Credito abonado origen: 2360 | Status origen: 1
credit-note:754,sale:754,21,MIG-JM-CRED-754,MIG-JM-VENTA-754,2025-12-09,2025-12-24,15,60,60,0,Venta origen: 754 | Usuario origen: ALONDRA2025 | Credito abonado origen: 60 | Status origen: 1
credit-note:755,sale:755,21,MIG-JM-CRED-755,MIG-JM-VENTA-755,2025-12-09,2025-12-24,15,3260,3260,0,Venta origen: 755 | Usuario origen: ALONDRA2025 | Credito abonado origen: 3260 | Status origen: 1
credit-note:756,sale:756,49,MIG-JM-CRED-756,MIG-JM-VENTA-756,2025-12-09,2025-12-24,15,4200,4200,0,Venta origen: 756 | Usuario origen: ALONDRA2025 | Credito abonado origen: 4200 | Status origen: 1
credit-note:757,sale:757,5,MIG-JM-CRED-757,MIG-JM-VENTA-757,2025-12-09,2025-12-24,15,4600,4600,0,Venta origen: 757 | Usuario origen: ALONDRA2025 | Credito abonado origen: 4600 | Status origen: 1
credit-note:758,sale:758,20,MIG-JM-CRED-758,MIG-JM-VENTA-758,2025-12-09,2026-01-08,30,95,0,95,Venta origen: 758 | Usuario origen: ALONDRA2025 | Credito abonado origen: 0 | Status origen: 1
credit-note:759,sale:759,31,MIG-JM-CRED-759,MIG-JM-VENTA-759,2025-12-10,2025-12-25,15,5150,5150,0,Venta origen: 759 | Usuario origen: ALONDRA2025 | Credito abonado origen: 5150 | Status origen: 1
credit-note:760,sale:760,56,MIG-JM-CRED-760,MIG-JM-VENTA-760,2025-12-10,2026-01-09,30,4550,4550,0,Venta origen: 760 | Usuario origen: ALONDRA2025 | Credito abonado origen: 4550 | Status origen: 1
credit-note:761,sale:761,3,MIG-JM-CRED-761,MIG-JM-VENTA-761,2025-12-10,2025-12-25,15,690,690,0,Venta origen: 761 | Usuario origen: ALONDRA2025 | Credito abonado origen: 690 | Status origen: 1
credit-note:762,sale:762,3,MIG-JM-CRED-762,MIG-JM-VENTA-762,2025-12-10,2025-12-25,15,5850,5850,0,Venta origen: 762 | Usuario origen: ALONDRA2025 | Credito abonado origen: 5850 | Status origen: 1
credit-note:763,sale:763,3,MIG-JM-CRED-763,MIG-JM-VENTA-763,2025-12-10,2025-12-25,15,1821.3,1821.3,0,Venta origen: 763 | Usuario origen: ALONDRA2025 | Credito abonado origen: 1821.3 | Status origen: 1
credit-note:764,sale:764,56,MIG-JM-CRED-764,MIG-JM-VENTA-764,2025-12-10,2026-01-09,30,4550,4550,0,Venta origen: 764 | Usuario origen: ALONDRA2025 | Credito abonado origen: 4550 | Status origen: 1
credit-note:765,sale:765,49,MIG-JM-CRED-765,MIG-JM-VENTA-765,2025-12-10,2025-12-25,15,4200,4200,0,Venta origen: 765 | Usuario origen: ALONDRA2025 | Credito abonado origen: 4200 | Status origen: 1
credit-note:766,sale:766,5,MIG-JM-CRED-766,MIG-JM-VENTA-766,2025-12-10,2025-12-25,15,3600,3600,0,Venta origen: 766 | Usuario origen: ALONDRA2025 | Credito abonado origen: 3600 | Status origen: 1
credit-note:767,sale:767,53,MIG-JM-CRED-767,MIG-JM-VENTA-767,2025-12-10,2026-01-09,30,32213,32213,0,Venta origen: 767 | Usuario origen: ALONDRA2025 | Credito abonado origen: 32213 | Status origen: 1
credit-note:768,sale:768,2,MIG-JM-CRED-768,MIG-JM-VENTA-768,2025-12-10,2025-12-25,15,567,567,0,Venta origen: 768 | Usuario origen: ALONDRA2025 | Credito abonado origen: 567 | Status origen: 1
credit-note:769,sale:769,3,MIG-JM-CRED-769,MIG-JM-VENTA-769,2025-12-11,2025-12-26,15,30000,30000,0,Venta origen: 769 | Usuario origen: ALEXA2025 | Credito abonado origen: 30000 | Status origen: 1
credit-note:770,sale:770,53,MIG-JM-CRED-770,MIG-JM-VENTA-770,2025-12-11,2026-01-10,30,8874.5,8874.5,0,Venta origen: 770 | Usuario origen: ALONDRA2025 | Credito abonado origen: 8874.5 | Status origen: 1
credit-note:771,sale:771,2,MIG-JM-CRED-771,MIG-JM-VENTA-771,2025-12-11,2025-12-26,15,23,23,0,Venta origen: 771 | Usuario origen: ALONDRA2025 | Credito abonado origen: 23 | Status origen: 1
credit-note:772,sale:772,3,MIG-JM-CRED-772,MIG-JM-VENTA-772,2025-12-11,2025-12-26,15,805,805,0,Venta origen: 772 | Usuario origen: ALONDRA2025 | Credito abonado origen: 805 | Status origen: 1
credit-note:773,sale:773,53,MIG-JM-CRED-773,MIG-JM-VENTA-773,2025-12-11,2026-01-10,30,7900,7900,0,Venta origen: 773 | Usuario origen: ALONDRA2025 | Credito abonado origen: 7900 | Status origen: 1
credit-note:774,sale:774,19,MIG-JM-CRED-774,MIG-JM-VENTA-774,2025-12-11,2025-12-26,15,60,60,0,Venta origen: 774 | Usuario origen: ALONDRA2025 | Credito abonado origen: 60 | Status origen: 1
credit-note:775,sale:775,19,MIG-JM-CRED-775,MIG-JM-VENTA-775,2025-12-11,2025-12-26,15,45,45,0,Venta origen: 775 | Usuario origen: ALONDRA2025 | Credito abonado origen: 45 | Status origen: 1
credit-note:776,sale:776,8,MIG-JM-CRED-776,MIG-JM-VENTA-776,2025-12-11,2025-12-26,15,2592,2592,0,Venta origen: 776 | Usuario origen: ALONDRA2025 | Credito abonado origen: 2592 | Status origen: 1
credit-note:777,sale:777,52,MIG-JM-CRED-777,MIG-JM-VENTA-777,2025-12-11,2026-01-10,30,2555,2555,0,Venta origen: 777 | Usuario origen: ALONDRA2025 | Credito abonado origen: 2555 | Status origen: 1
credit-note:778,sale:778,2,MIG-JM-CRED-778,MIG-JM-VENTA-778,2025-12-11,2025-12-26,15,115,115,0,Venta origen: 778 | Usuario origen: ALONDRA2025 | Credito abonado origen: 115 | Status origen: 1
credit-note:779,sale:779,49,MIG-JM-CRED-779,MIG-JM-VENTA-779,2025-12-12,2025-12-27,15,4200,4200,0,Venta origen: 779 | Usuario origen: ALONDRA2025 | Credito abonado origen: 4200 | Status origen: 1
credit-note:780,sale:780,5,MIG-JM-CRED-780,MIG-JM-VENTA-780,2025-12-12,2025-12-27,15,4600,4600,0,Venta origen: 780 | Usuario origen: ALONDRA2025 | Credito abonado origen: 4600 | Status origen: 1
credit-note:781,sale:781,30,MIG-JM-CRED-781,MIG-JM-VENTA-781,2025-12-12,2026-01-11,30,4160,4160,0,Venta origen: 781 | Usuario origen: ALONDRA2025 | Credito abonado origen: 4160 | Status origen: 1
credit-note:782,sale:782,30,MIG-JM-CRED-782,MIG-JM-VENTA-782,2025-12-12,2026-01-11,30,13,13,0,Venta origen: 782 | Usuario origen: ALONDRA2025 | Credito abonado origen: 13 | Status origen: 1
credit-note:783,sale:783,52,MIG-JM-CRED-783,MIG-JM-VENTA-783,2025-12-12,2026-01-11,30,2085,2085,0,Venta origen: 783 | Usuario origen: ALONDRA2025 | Credito abonado origen: 2085 | Status origen: 1
credit-note:784,sale:784,52,MIG-JM-CRED-784,MIG-JM-VENTA-784,2025-12-12,2026-01-11,30,158,158,0,Venta origen: 784 | Usuario origen: ALONDRA2025 | Credito abonado origen: 158 | Status origen: 0
credit-note:785,sale:785,2,MIG-JM-CRED-785,MIG-JM-VENTA-785,2025-12-12,2025-12-27,15,236,236,0,Venta origen: 785 | Usuario origen: ALONDRA2025 | Credito abonado origen: 236 | Status origen: 1
credit-note:786,sale:786,52,MIG-JM-CRED-786,MIG-JM-VENTA-786,2025-12-12,2026-01-11,30,136,136,0,Venta origen: 786 | Usuario origen: ALONDRA2025 | Credito abonado origen: 136 | Status origen: 1
credit-note:787,sale:787,57,MIG-JM-CRED-787,MIG-JM-VENTA-787,2025-12-13,2026-01-12,30,28500,28500,0,Venta origen: 787 | Usuario origen: ALONDRA2025 | Credito abonado origen: 28500 | Status origen: 1
credit-note:788,sale:788,3,MIG-JM-CRED-788,MIG-JM-VENTA-788,2025-12-13,2025-12-28,15,14000,14000,0,Venta origen: 788 | Usuario origen: ALEXA2025 | Credito abonado origen: 14000 | Status origen: 1
credit-note:789,sale:789,3,MIG-JM-CRED-789,MIG-JM-VENTA-789,2025-12-13,2025-12-28,15,14000,14000,0,Venta origen: 789 | Usuario origen: ALEXA2025 | Credito abonado origen: 14000 | Status origen: 1
credit-note:790,sale:790,8,MIG-JM-CRED-790,MIG-JM-VENTA-790,2025-12-13,2025-12-28,15,5226,5226,0,Venta origen: 790 | Usuario origen: ALONDRA2025 | Credito abonado origen: 5226 | Status origen: 1
credit-note:791,sale:791,2,MIG-JM-CRED-791,MIG-JM-VENTA-791,2025-12-13,2025-12-28,15,22,22,0,Venta origen: 791 | Usuario origen: ALONDRA2025 | Credito abonado origen: 22 | Status origen: 1
credit-note:792,sale:792,3,MIG-JM-CRED-792,MIG-JM-VENTA-792,2025-12-13,2025-12-28,15,15000,15000,0,Venta origen: 792 | Usuario origen: ALEXA2025 | Credito abonado origen: 15000 | Status origen: 1
credit-note:793,sale:793,2,MIG-JM-CRED-793,MIG-JM-VENTA-793,2025-12-13,2025-12-13,1,472,472,0,Venta origen: 793 | Usuario origen: ALONDRA2025 | Credito abonado origen: 472 | Status origen: 1
credit-note:794,sale:794,2,MIG-JM-CRED-794,MIG-JM-VENTA-794,2025-12-13,2025-12-13,1,124,124,0,Venta origen: 794 | Usuario origen: ALONDRA2025 | Credito abonado origen: 124 | Status origen: 1
credit-note:795,sale:795,2,MIG-JM-CRED-795,MIG-JM-VENTA-795,2025-12-13,2025-12-13,1,230,230,0,Venta origen: 795 | Usuario origen: ALONDRA2025 | Credito abonado origen: 230 | Status origen: 1
credit-note:796,sale:796,5,MIG-JM-CRED-796,MIG-JM-VENTA-796,2025-12-15,2025-12-30,15,4600,4600,0,Venta origen: 796 | Usuario origen: ALONDRA2025 | Credito abonado origen: 4600 | Status origen: 1
credit-note:797,sale:797,3,MIG-JM-CRED-797,MIG-JM-VENTA-797,2025-12-15,2025-12-30,15,3315,3315,0,Venta origen: 797 | Usuario origen: ALONDRA2025 | Credito abonado origen: 3315 | Status origen: 1
credit-note:798,sale:798,5,MIG-JM-CRED-798,MIG-JM-VENTA-798,2025-12-15,2025-12-30,15,1380,1380,0,Venta origen: 798 | Usuario origen: ALONDRA2025 | Credito abonado origen: 1380 | Status origen: 1
credit-note:799,sale:799,52,MIG-JM-CRED-799,MIG-JM-VENTA-799,2025-12-15,2026-01-14,30,5328,5328,0,Venta origen: 799 | Usuario origen: ALONDRA2025 | Credito abonado origen: 5328 | Status origen: 1
credit-note:800,sale:800,52,MIG-JM-CRED-800,MIG-JM-VENTA-800,2025-12-15,2026-01-14,30,1350,1350,0,Venta origen: 800 | Usuario origen: ALONDRA2025 | Credito abonado origen: 1350 | Status origen: 1
credit-note:801,sale:801,20,MIG-JM-CRED-801,MIG-JM-VENTA-801,2025-12-15,2026-01-14,30,365,0,365,Venta origen: 801 | Usuario origen: ALONDRA2025 | Credito abonado origen: 0 | Status origen: 1
credit-note:802,sale:802,52,MIG-JM-CRED-802,MIG-JM-VENTA-802,2025-12-15,2026-01-14,30,2800,2800,0,Venta origen: 802 | Usuario origen: ALONDRA2025 | Credito abonado origen: 2800 | Status origen: 1
credit-note:803,sale:803,2,MIG-JM-CRED-803,MIG-JM-VENTA-803,2025-12-15,2025-12-30,15,236,236,0,Venta origen: 803 | Usuario origen: ALONDRA2025 | Credito abonado origen: 236 | Status origen: 1
credit-note:804,sale:804,3,MIG-JM-CRED-804,MIG-JM-VENTA-804,2025-12-16,2025-12-31,15,30000,30000,0,Venta origen: 804 | Usuario origen: ALEXA2025 | Credito abonado origen: 30000 | Status origen: 1
credit-note:805,sale:805,2,MIG-JM-CRED-805,MIG-JM-VENTA-805,2025-12-16,2025-12-31,15,4553.5,4553.5,0,Venta origen: 805 | Usuario origen: ALONDRA2025 | Credito abonado origen: 4553.5 | Status origen: 1
credit-note:806,sale:806,2,MIG-JM-CRED-806,MIG-JM-VENTA-806,2025-12-16,2025-12-31,15,2400,2400,0,Venta origen: 806 | Usuario origen: ALONDRA2025 | Credito abonado origen: 2400 | Status origen: 1
credit-note:807,sale:807,58,MIG-JM-CRED-807,MIG-JM-VENTA-807,2025-12-16,2026-01-15,30,2833,2833,0,Venta origen: 807 | Usuario origen: ALONDRA2025 | Credito abonado origen: 2833 | Status origen: 1
credit-note:808,sale:808,35,MIG-JM-CRED-808,MIG-JM-VENTA-808,2025-12-16,2026-01-15,30,3858,3858,0,Venta origen: 808 | Usuario origen: ALONDRA2025 | Credito abonado origen: 3858 | Status origen: 1
credit-note:809,sale:809,2,MIG-JM-CRED-809,MIG-JM-VENTA-809,2025-12-16,2025-12-31,15,140,140,0,Venta origen: 809 | Usuario origen: ALONDRA2025 | Credito abonado origen: 140 | Status origen: 1
credit-note:810,sale:810,35,MIG-JM-CRED-810,MIG-JM-VENTA-810,2025-12-17,2026-01-16,30,8300,8300,0,Venta origen: 810 | Usuario origen: ALONDRA2025 | Credito abonado origen: 8300 | Status origen: 1
credit-note:811,sale:811,19,MIG-JM-CRED-811,MIG-JM-VENTA-811,2025-12-17,2026-01-01,15,2925,2925,0,Venta origen: 811 | Usuario origen: ALONDRA2025 | Credito abonado origen: 2925 | Status origen: 1
credit-note:812,sale:812,52,MIG-JM-CRED-812,MIG-JM-VENTA-812,2025-12-17,2026-01-16,30,2800,2800,0,Venta origen: 812 | Usuario origen: ALONDRA2025 | Credito abonado origen: 2800 | Status origen: 1
credit-note:813,sale:813,2,MIG-JM-CRED-813,MIG-JM-VENTA-813,2025-12-17,2026-01-01,15,6500,6500,0,Venta origen: 813 | Usuario origen: ALONDRA2025 | Credito abonado origen: 6500 | Status origen: 1
credit-note:814,sale:814,29,MIG-JM-CRED-814,MIG-JM-VENTA-814,2025-12-17,2026-01-16,30,2506,2506,0,Venta origen: 814 | Usuario origen: ALONDRA2025 | Credito abonado origen: 2506 | Status origen: 1
credit-note:815,sale:815,52,MIG-JM-CRED-815,MIG-JM-VENTA-815,2025-12-17,2026-01-16,30,3700,3700,0,Venta origen: 815 | Usuario origen: ALONDRA2025 | Credito abonado origen: 3700 | Status origen: 1
credit-note:816,sale:816,52,MIG-JM-CRED-816,MIG-JM-VENTA-816,2025-12-17,2026-01-16,30,1800,1800,0,Venta origen: 816 | Usuario origen: ALONDRA2025 | Credito abonado origen: 1800 | Status origen: 1
credit-note:817,sale:817,19,MIG-JM-CRED-817,MIG-JM-VENTA-817,2025-12-17,2026-01-01,15,1050,1050,0,Venta origen: 817 | Usuario origen: ALONDRA2025 | Credito abonado origen: 1050 | Status origen: 1
credit-note:818,sale:818,56,MIG-JM-CRED-818,MIG-JM-VENTA-818,2025-12-17,2026-01-16,30,9100,9100,0,Venta origen: 818 | Usuario origen: ALONDRA2025 | Credito abonado origen: 9100 | Status origen: 1
credit-note:819,sale:819,57,MIG-JM-CRED-819,MIG-JM-VENTA-819,2025-12-18,2026-01-17,30,9750,9750,0,Venta origen: 819 | Usuario origen: ALONDRA2025 | Credito abonado origen: 9750 | Status origen: 1
credit-note:820,sale:820,49,MIG-JM-CRED-820,MIG-JM-VENTA-820,2025-12-18,2026-01-02,15,4200,4200,0,Venta origen: 820 | Usuario origen: ALONDRA2025 | Credito abonado origen: 4200 | Status origen: 1
credit-note:821,sale:821,52,MIG-JM-CRED-821,MIG-JM-VENTA-821,2025-12-18,2026-01-17,30,1040,1040,0,Venta origen: 821 | Usuario origen: ALONDRA2025 | Credito abonado origen: 1040 | Status origen: 1
credit-note:822,sale:822,52,MIG-JM-CRED-822,MIG-JM-VENTA-822,2025-12-18,2026-01-17,30,780,780,0,Venta origen: 822 | Usuario origen: ALONDRA2025 | Credito abonado origen: 780 | Status origen: 1
credit-note:823,sale:823,35,MIG-JM-CRED-823,MIG-JM-VENTA-823,2025-12-18,2026-01-17,30,2405,2405,0,Venta origen: 823 | Usuario origen: ALONDRA2025 | Credito abonado origen: 2405 | Status origen: 1
credit-note:824,sale:824,5,MIG-JM-CRED-824,MIG-JM-VENTA-824,2025-12-18,2026-01-02,15,2300,2300,0,Venta origen: 824 | Usuario origen: ALONDRA2025 | Credito abonado origen: 2300 | Status origen: 1
credit-note:825,sale:825,36,MIG-JM-CRED-825,MIG-JM-VENTA-825,2025-12-19,2026-01-03,15,1000,1000,0,Venta origen: 825 | Usuario origen: ALONDRA2025 | Credito abonado origen: 1000 | Status origen: 1
credit-note:826,sale:826,3,MIG-JM-CRED-826,MIG-JM-VENTA-826,2025-12-19,2026-01-03,15,44000,44000,0,Venta origen: 826 | Usuario origen: ALEXA2025 | Credito abonado origen: 44000 | Status origen: 1
credit-note:827,sale:827,52,MIG-JM-CRED-827,MIG-JM-VENTA-827,2025-12-19,2026-01-18,30,7400,7400,0,Venta origen: 827 | Usuario origen: ALONDRA2025 | Credito abonado origen: 7400 | Status origen: 1
credit-note:828,sale:828,2,MIG-JM-CRED-828,MIG-JM-VENTA-828,2025-12-19,2026-01-03,15,7,7,0,Venta origen: 828 | Usuario origen: ALONDRA2025 | Credito abonado origen: 7 | Status origen: 1
credit-note:829,sale:829,6,MIG-JM-CRED-829,MIG-JM-VENTA-829,2025-12-19,2025-12-19,1,2360,2360,0,Venta origen: 829 | Usuario origen: ALONDRA2025 | Credito abonado origen: 2360 | Status origen: 1
credit-note:830,sale:830,49,MIG-JM-CRED-830,MIG-JM-VENTA-830,2025-12-19,2026-01-03,15,4200,4200,0,Venta origen: 830 | Usuario origen: ALONDRA2025 | Credito abonado origen: 4200 | Status origen: 1
credit-note:831,sale:831,12,MIG-JM-CRED-831,MIG-JM-VENTA-831,2025-12-19,2026-01-18,30,90,90,0,Venta origen: 831 | Usuario origen: ALONDRA2025 | Credito abonado origen: 90 | Status origen: 1
credit-note:832,sale:832,2,MIG-JM-CRED-832,MIG-JM-VENTA-832,2025-12-19,2025-12-19,1,59,59,0,Venta origen: 832 | Usuario origen: ALONDRA2025 | Credito abonado origen: 59 | Status origen: 1
credit-note:833,sale:833,30,MIG-JM-CRED-833,MIG-JM-VENTA-833,2025-12-20,2026-01-19,30,3260,3260,0,Venta origen: 833 | Usuario origen: ALONDRA2025 | Credito abonado origen: 3260 | Status origen: 0
credit-note:834,sale:834,30,MIG-JM-CRED-834,MIG-JM-VENTA-834,2025-12-20,2026-01-19,30,2080,2080,0,Venta origen: 834 | Usuario origen: ALONDRA2025 | Credito abonado origen: 2080 | Status origen: 1
credit-note:835,sale:835,52,MIG-JM-CRED-835,MIG-JM-VENTA-835,2025-12-20,2026-01-19,30,6350,6350,0,Venta origen: 835 | Usuario origen: ALONDRA2025 | Credito abonado origen: 6350 | Status origen: 1
credit-note:836,sale:836,58,MIG-JM-CRED-836,MIG-JM-VENTA-836,2025-12-20,2026-01-04,15,180,180,0,Venta origen: 836 | Usuario origen: ALONDRA2025 | Credito abonado origen: 180 | Status origen: 1
credit-note:837,sale:837,58,MIG-JM-CRED-837,MIG-JM-VENTA-837,2025-12-20,2026-01-04,15,65,65,0,Venta origen: 837 | Usuario origen: ALONDRA2025 | Credito abonado origen: 65 | Status origen: 1
credit-note:838,sale:838,52,MIG-JM-CRED-838,MIG-JM-VENTA-838,2025-12-20,2026-01-19,30,4200,4200,0,Venta origen: 838 | Usuario origen: ALONDRA2025 | Credito abonado origen: 4200 | Status origen: 1
credit-note:839,sale:839,2,MIG-JM-CRED-839,MIG-JM-VENTA-839,2025-12-20,2025-12-20,1,1770,1770,0,Venta origen: 839 | Usuario origen: ALONDRA2025 | Credito abonado origen: 1770 | Status origen: 1
credit-note:840,sale:840,31,MIG-JM-CRED-840,MIG-JM-VENTA-840,2025-12-20,2026-01-04,15,1180,1180,0,Venta origen: 840 | Usuario origen: ALONDRA2025 | Credito abonado origen: 1180 | Status origen: 1
credit-note:841,sale:841,2,MIG-JM-CRED-841,MIG-JM-VENTA-841,2025-12-20,2025-12-20,1,18,18,0,Venta origen: 841 | Usuario origen: ALONDRA2025 | Credito abonado origen: 18 | Status origen: 1
credit-note:842,sale:842,46,MIG-JM-CRED-842,MIG-JM-VENTA-842,2025-12-22,2026-01-21,30,2200,2200,0,Venta origen: 842 | Usuario origen: ALONDRA2025 | Credito abonado origen: 2200 | Status origen: 1
credit-note:843,sale:843,59,MIG-JM-CRED-843,MIG-JM-VENTA-843,2025-12-22,2026-01-21,30,2360,2360,0,Venta origen: 843 | Usuario origen: ALONDRA2025 | Credito abonado origen: 2360 | Status origen: 1
credit-note:844,sale:844,2,MIG-JM-CRED-844,MIG-JM-VENTA-844,2025-12-22,2025-12-22,1,190,190,0,Venta origen: 844 | Usuario origen: ALONDRA2025 | Credito abonado origen: 190 | Status origen: 1
credit-note:845,sale:845,46,MIG-JM-CRED-845,MIG-JM-VENTA-845,2025-12-22,2026-01-21,30,1102.5,1102.5,0,Venta origen: 845 | Usuario origen: ALONDRA2025 | Credito abonado origen: 1102.5 | Status origen: 1
credit-note:846,sale:846,52,MIG-JM-CRED-846,MIG-JM-VENTA-846,2025-12-22,2026-01-21,30,607,607,0,Venta origen: 846 | Usuario origen: ALONDRA2025 | Credito abonado origen: 607 | Status origen: 1
credit-note:847,sale:847,58,MIG-JM-CRED-847,MIG-JM-VENTA-847,2025-12-22,2026-01-21,30,832,832,0,Venta origen: 847 | Usuario origen: ALONDRA2025 | Credito abonado origen: 832 | Status origen: 1
credit-note:848,sale:848,57,MIG-JM-CRED-848,MIG-JM-VENTA-848,2025-12-22,2026-01-21,30,1900,1900,0,Venta origen: 848 | Usuario origen: ALONDRA2025 | Credito abonado origen: 1900 | Status origen: 1
credit-note:849,sale:849,36,MIG-JM-CRED-849,MIG-JM-VENTA-849,2025-12-23,2026-01-07,15,857,0,857,Venta origen: 849 | Usuario origen: ALONDRA2025 | Credito abonado origen: 0 | Status origen: 1
credit-note:850,sale:850,46,MIG-JM-CRED-850,MIG-JM-VENTA-850,2025-12-23,2026-01-22,30,343,343,0,Venta origen: 850 | Usuario origen: ALONDRA2025 | Credito abonado origen: 343 | Status origen: 1
credit-note:851,sale:851,46,MIG-JM-CRED-851,MIG-JM-VENTA-851,2025-12-23,2026-01-22,30,90,90,0,Venta origen: 851 | Usuario origen: ALONDRA2025 | Credito abonado origen: 90 | Status origen: 1
credit-note:852,sale:852,46,MIG-JM-CRED-852,MIG-JM-VENTA-852,2025-12-23,2026-01-22,30,3800,3800,0,Venta origen: 852 | Usuario origen: ALONDRA2025 | Credito abonado origen: 3800 | Status origen: 1
credit-note:853,sale:853,49,MIG-JM-CRED-853,MIG-JM-VENTA-853,2025-12-23,2026-01-07,15,4200,4200,0,Venta origen: 853 | Usuario origen: ALONDRA2025 | Credito abonado origen: 4200 | Status origen: 1
credit-note:854,sale:854,31,MIG-JM-CRED-854,MIG-JM-VENTA-854,2025-12-23,2026-01-07,15,354,354,0,Venta origen: 854 | Usuario origen: ALONDRA2025 | Credito abonado origen: 354 | Status origen: 1
credit-note:855,sale:855,3,MIG-JM-CRED-855,MIG-JM-VENTA-855,2025-12-23,2026-01-07,15,2006,2006,0,Venta origen: 855 | Usuario origen: ALONDRA2025 | Credito abonado origen: 2006 | Status origen: 1
credit-note:856,sale:856,2,MIG-JM-CRED-856,MIG-JM-VENTA-856,2025-12-23,2026-01-07,15,50,50,0,Venta origen: 856 | Usuario origen: ALONDRA2025 | Credito abonado origen: 50 | Status origen: 1
credit-note:857,sale:857,3,MIG-JM-CRED-857,MIG-JM-VENTA-857,2025-12-23,2026-01-07,15,2439.5,2439.5,0,Venta origen: 857 | Usuario origen: ALONDRA2025 | Credito abonado origen: 2439.5 | Status origen: 1
credit-note:858,sale:858,19,MIG-JM-CRED-858,MIG-JM-VENTA-858,2025-12-23,2026-01-07,15,102,102,0,Venta origen: 858 | Usuario origen: ALONDRA2025 | Credito abonado origen: 102 | Status origen: 1
credit-note:859,sale:859,29,MIG-JM-CRED-859,MIG-JM-VENTA-859,2025-12-24,2026-01-23,30,12470,12470,0,Venta origen: 859 | Usuario origen: ALONDRA2025 | Credito abonado origen: 12470 | Status origen: 1
credit-note:860,sale:860,2,MIG-JM-CRED-860,MIG-JM-VENTA-860,2025-12-24,2025-12-24,1,2100,2100,0,Venta origen: 860 | Usuario origen: ALONDRA2025 | Credito abonado origen: 2100 | Status origen: 1
credit-note:861,sale:861,3,MIG-JM-CRED-861,MIG-JM-VENTA-861,2025-12-24,2026-01-08,15,14000,14000,0,Venta origen: 861 | Usuario origen: ALEXA2025 | Credito abonado origen: 14000 | Status origen: 1
credit-note:862,sale:862,6,MIG-JM-CRED-862,MIG-JM-VENTA-862,2025-12-24,2025-12-24,1,250,250,0,Venta origen: 862 | Usuario origen: ALONDRA2025 | Credito abonado origen: 250 | Status origen: 1
credit-note:863,sale:863,49,MIG-JM-CRED-863,MIG-JM-VENTA-863,2025-12-26,2026-01-10,15,4200,4200,0,Venta origen: 863 | Usuario origen: ALONDRA2025 | Credito abonado origen: 4200 | Status origen: 1
credit-note:864,sale:864,21,MIG-JM-CRED-864,MIG-JM-VENTA-864,2025-12-26,2026-01-10,15,4160,4160,0,Venta origen: 864 | Usuario origen: ALONDRA2025 | Credito abonado origen: 4160 | Status origen: 1
credit-note:865,sale:865,3,MIG-JM-CRED-865,MIG-JM-VENTA-865,2025-12-26,2026-01-10,15,194,194,0,Venta origen: 865 | Usuario origen: ALONDRA2025 | Credito abonado origen: 194 | Status origen: 1
credit-note:866,sale:866,29,MIG-JM-CRED-866,MIG-JM-VENTA-866,2025-12-26,2026-01-25,30,360,360,0,Venta origen: 866 | Usuario origen: ALONDRA2025 | Credito abonado origen: 360 | Status origen: 1
credit-note:867,sale:867,3,MIG-JM-CRED-867,MIG-JM-VENTA-867,2025-12-27,2026-01-11,15,15000,0,15000,Venta origen: 867 | Usuario origen: ALEXA2025 | Credito abonado origen: 0 | Status origen: 0
credit-note:868,sale:868,19,MIG-JM-CRED-868,MIG-JM-VENTA-868,2025-12-27,2026-01-11,15,5700,5700,0,Venta origen: 868 | Usuario origen: ALONDRA2025 | Credito abonado origen: 5700 | Status origen: 1
credit-note:869,sale:869,58,MIG-JM-CRED-869,MIG-JM-VENTA-869,2025-12-27,2026-01-26,30,250,250,0,Venta origen: 869 | Usuario origen: ALONDRA2025 | Credito abonado origen: 250 | Status origen: 1
credit-note:870,sale:870,2,MIG-JM-CRED-870,MIG-JM-VENTA-870,2025-12-27,2026-01-11,15,5150,5150,0,Venta origen: 870 | Usuario origen: ALONDRA2025 | Credito abonado origen: 5150 | Status origen: 1
credit-note:871,sale:871,2,MIG-JM-CRED-871,MIG-JM-VENTA-871,2025-12-27,2026-01-11,15,285,285,0,Venta origen: 871 | Usuario origen: ALONDRA2025 | Credito abonado origen: 285 | Status origen: 1
credit-note:872,sale:872,2,MIG-JM-CRED-872,MIG-JM-VENTA-872,2025-12-27,2026-01-11,15,280,280,0,Venta origen: 872 | Usuario origen: ALONDRA2025 | Credito abonado origen: 280 | Status origen: 1
credit-note:873,sale:873,2,MIG-JM-CRED-873,MIG-JM-VENTA-873,2025-12-29,2026-01-13,15,140,140,0,Venta origen: 873 | Usuario origen: ALONDRA2025 | Credito abonado origen: 140 | Status origen: 1
credit-note:874,sale:874,54,MIG-JM-CRED-874,MIG-JM-VENTA-874,2025-12-30,2026-01-14,15,16000,16000,0,Venta origen: 874 | Usuario origen: ALONDRA2025 | Credito abonado origen: 16000 | Status origen: 1
credit-note:875,sale:875,54,MIG-JM-CRED-875,MIG-JM-VENTA-875,2025-12-30,2026-01-14,15,16000,16000,0,Venta origen: 875 | Usuario origen: ALONDRA2025 | Credito abonado origen: 16000 | Status origen: 1
credit-note:876,sale:876,54,MIG-JM-CRED-876,MIG-JM-VENTA-876,2025-12-30,2026-01-14,15,16000,16000,0,Venta origen: 876 | Usuario origen: ALONDRA2025 | Credito abonado origen: 16000 | Status origen: 1
credit-note:877,sale:877,12,MIG-JM-CRED-877,MIG-JM-VENTA-877,2025-12-30,2026-01-29,30,1428,1428,0,Venta origen: 877 | Usuario origen: ALONDRA2025 | Credito abonado origen: 1428 | Status origen: 1
credit-note:878,sale:878,2,MIG-JM-CRED-878,MIG-JM-VENTA-878,2025-12-30,2025-12-30,1,1818,1818,0,Venta origen: 878 | Usuario origen: ALONDRA2025 | Credito abonado origen: 1818 | Status origen: 1
credit-note:879,sale:879,37,MIG-JM-CRED-879,MIG-JM-VENTA-879,2025-12-30,2026-01-14,15,1200,1200,0,Venta origen: 879 | Usuario origen: ALONDRA2025 | Credito abonado origen: 1200 | Status origen: 1
credit-note:880,sale:880,49,MIG-JM-CRED-880,MIG-JM-VENTA-880,2025-12-30,2026-01-14,15,4200,4200,0,Venta origen: 880 | Usuario origen: ALONDRA2025 | Credito abonado origen: 4200 | Status origen: 1
credit-note:881,sale:881,53,MIG-JM-CRED-881,MIG-JM-VENTA-881,2025-12-30,2026-01-29,30,4650,4650,0,Venta origen: 881 | Usuario origen: ALONDRA2025 | Credito abonado origen: 4650 | Status origen: 1
credit-note:882,sale:882,2,MIG-JM-CRED-882,MIG-JM-VENTA-882,2025-12-31,2025-12-31,1,97,97,0,Venta origen: 882 | Usuario origen: ALONDRA2025 | Credito abonado origen: 97 | Status origen: 1
credit-note:883,sale:883,12,MIG-JM-CRED-883,MIG-JM-VENTA-883,2025-12-31,2026-01-30,30,1150,1150,0,Venta origen: 883 | Usuario origen: ALONDRA2025 | Credito abonado origen: 1150 | Status origen: 1
credit-note:884,sale:884,53,MIG-JM-CRED-884,MIG-JM-VENTA-884,2025-12-31,2026-01-30,30,4985,4985,0,Venta origen: 884 | Usuario origen: ALONDRA2025 | Credito abonado origen: 4985 | Status origen: 1
credit-note:885,sale:885,60,MIG-JM-CRED-885,MIG-JM-VENTA-885,2025-12-31,2026-01-30,30,39600,0,39600,Venta origen: 885 | Usuario origen: ALONDRA2025 | Credito abonado origen: 0 | Status origen: 0
credit-note:886,sale:886,60,MIG-JM-CRED-886,MIG-JM-VENTA-886,2025-12-31,2026-01-30,30,26400,26400,0,Venta origen: 886 | Usuario origen: ALONDRA2025 | Credito abonado origen: 26400 | Status origen: 1
credit-note:887,sale:887,61,MIG-JM-CRED-887,MIG-JM-VENTA-887,2025-12-31,2026-01-15,15,1770,1770,0,Venta origen: 887 | Usuario origen: ALONDRA2025 | Credito abonado origen: 1770 | Status origen: 1
credit-note:888,sale:888,2,MIG-JM-CRED-888,MIG-JM-VENTA-888,2025-12-31,2025-12-31,1,28,28,0,Venta origen: 888 | Usuario origen: ALONDRA2025 | Credito abonado origen: 28 | Status origen: 1
credit-note:889,sale:889,2,MIG-JM-CRED-889,MIG-JM-VENTA-889,2025-12-31,2026-01-15,15,21,21,0,Venta origen: 889 | Usuario origen: ALONDRA2025 | Credito abonado origen: 21 | Status origen: 1
credit-note:890,sale:890,58,MIG-JM-CRED-890,MIG-JM-VENTA-890,2025-12-31,2026-01-15,15,326,326,0,Venta origen: 890 | Usuario origen: ALONDRA2025 | Credito abonado origen: 326 | Status origen: 1
credit-note:891,sale:891,12,MIG-JM-CRED-891,MIG-JM-VENTA-891,2026-01-02,2026-02-01,30,345,345,0,Venta origen: 891 | Usuario origen: ALONDRA2025 | Credito abonado origen: 345 | Status origen: 1
credit-note:892,sale:892,2,MIG-JM-CRED-892,MIG-JM-VENTA-892,2026-01-02,2026-01-02,1,879,879,0,Venta origen: 892 | Usuario origen: ALONDRA2025 | Credito abonado origen: 879 | Status origen: 1
credit-note:893,sale:893,62,MIG-JM-CRED-893,MIG-JM-VENTA-893,2026-01-02,2026-01-17,15,1698,1698,0,Venta origen: 893 | Usuario origen: ALONDRA2025 | Credito abonado origen: 1698 | Status origen: 1
credit-note:894,sale:894,2,MIG-JM-CRED-894,MIG-JM-VENTA-894,2026-01-03,2026-01-18,15,35,35,0,Venta origen: 894 | Usuario origen: Administrador | Credito abonado origen: 35 | Status origen: 1
credit-note:895,sale:895,60,MIG-JM-CRED-895,MIG-JM-VENTA-895,2026-01-03,2026-02-02,30,33000,33000,0,Venta origen: 895 | Usuario origen: Administrador | Credito abonado origen: 33000 | Status origen: 1
credit-note:896,sale:896,50,MIG-JM-CRED-896,MIG-JM-VENTA-896,2026-01-03,2026-02-02,30,4600,4600,0,Venta origen: 896 | Usuario origen: Administrador | Credito abonado origen: 4600 | Status origen: 1
credit-note:897,sale:897,49,MIG-JM-CRED-897,MIG-JM-VENTA-897,2026-01-05,2026-01-20,15,4200,4200,0,Venta origen: 897 | Usuario origen: Administrador | Credito abonado origen: 4200 | Status origen: 1
credit-note:898,sale:898,59,MIG-JM-CRED-898,MIG-JM-VENTA-898,2026-01-05,2026-02-04,30,2670,2670,0,Venta origen: 898 | Usuario origen: Administrador | Credito abonado origen: 2670 | Status origen: 1
credit-note:899,sale:899,35,MIG-JM-CRED-899,MIG-JM-VENTA-899,2026-01-05,2026-02-04,30,4700,4700,0,Venta origen: 899 | Usuario origen: Administrador | Credito abonado origen: 4700 | Status origen: 1
credit-note:900,sale:900,53,MIG-JM-CRED-900,MIG-JM-VENTA-900,2026-01-05,2026-02-04,30,74660,74660,0,Venta origen: 900 | Usuario origen: Administrador | Credito abonado origen: 74660 | Status origen: 1
credit-note:901,sale:901,35,MIG-JM-CRED-901,MIG-JM-VENTA-901,2026-01-05,2026-02-04,30,4200,4200,0,Venta origen: 901 | Usuario origen: Administrador | Credito abonado origen: 4200 | Status origen: 1
credit-note:902,sale:902,4,MIG-JM-CRED-902,MIG-JM-VENTA-902,2026-01-05,2026-02-04,30,2654,2654,0,Venta origen: 902 | Usuario origen: Administrador | Credito abonado origen: 2654 | Status origen: 1
credit-note:903,sale:903,53,MIG-JM-CRED-903,MIG-JM-VENTA-903,2026-01-05,2026-02-04,30,4550,4550,0,Venta origen: 903 | Usuario origen: Administrador | Credito abonado origen: 4550 | Status origen: 1
credit-note:904,sale:904,5,MIG-JM-CRED-904,MIG-JM-VENTA-904,2026-01-05,2026-01-20,15,5850,5850,0,Venta origen: 904 | Usuario origen: Administrador | Credito abonado origen: 5850 | Status origen: 1
credit-note:905,sale:905,54,MIG-JM-CRED-905,MIG-JM-VENTA-905,2026-01-05,2026-01-20,15,16000,16000,0,Venta origen: 905 | Usuario origen: Administrador | Credito abonado origen: 16000 | Status origen: 1
credit-note:906,sale:906,52,MIG-JM-CRED-906,MIG-JM-VENTA-906,2026-01-06,2026-02-05,30,26348,26348,0,Venta origen: 906 | Usuario origen: Administrador | Credito abonado origen: 26348 | Status origen: 1
credit-note:907,sale:907,60,MIG-JM-CRED-907,MIG-JM-VENTA-907,2026-01-06,2026-02-05,30,26400,26400,0,Venta origen: 907 | Usuario origen: Administrador | Credito abonado origen: 26400 | Status origen: 1
credit-note:908,sale:908,56,MIG-JM-CRED-908,MIG-JM-VENTA-908,2026-01-06,2026-02-05,30,9100,9100,0,Venta origen: 908 | Usuario origen: Administrador | Credito abonado origen: 9100 | Status origen: 1
credit-note:909,sale:909,8,MIG-JM-CRED-909,MIG-JM-VENTA-909,2026-01-06,2026-01-21,15,8750,8750,0,Venta origen: 909 | Usuario origen: Administrador | Credito abonado origen: 8750 | Status origen: 1
credit-note:910,sale:910,8,MIG-JM-CRED-910,MIG-JM-VENTA-910,2026-01-06,2026-01-21,15,4500,4500,0,Venta origen: 910 | Usuario origen: Administrador | Credito abonado origen: 4500 | Status origen: 1
credit-note:911,sale:911,49,MIG-JM-CRED-911,MIG-JM-VENTA-911,2026-01-06,2026-01-21,15,4200,4200,0,Venta origen: 911 | Usuario origen: Administrador | Credito abonado origen: 4200 | Status origen: 1
credit-note:912,sale:912,2,MIG-JM-CRED-912,MIG-JM-VENTA-912,2026-01-06,2026-01-21,15,236,236,0,Venta origen: 912 | Usuario origen: Administrador | Credito abonado origen: 236 | Status origen: 1
credit-note:913,sale:913,48,MIG-JM-CRED-913,MIG-JM-VENTA-913,2026-01-06,2026-01-21,15,6050,6050,0,Venta origen: 913 | Usuario origen: Administrador | Credito abonado origen: 6050 | Status origen: 1
credit-note:914,sale:914,6,MIG-JM-CRED-914,MIG-JM-VENTA-914,2026-01-06,2026-01-06,1,1125,1125,0,Venta origen: 914 | Usuario origen: Administrador | Credito abonado origen: 1125 | Status origen: 1
credit-note:915,sale:915,32,MIG-JM-CRED-915,MIG-JM-VENTA-915,2026-01-06,2026-02-05,30,13800,0,13800,Venta origen: 915 | Usuario origen: Administrador | Credito abonado origen: 0 | Status origen: 1
credit-note:916,sale:916,52,MIG-JM-CRED-916,MIG-JM-VENTA-916,2026-01-07,2026-02-06,30,4820,4820,0,Venta origen: 916 | Usuario origen: Administrador | Credito abonado origen: 4820 | Status origen: 1
credit-note:917,sale:917,30,MIG-JM-CRED-917,MIG-JM-VENTA-917,2026-01-07,2026-02-06,30,2150,2150,0,Venta origen: 917 | Usuario origen: Administrador | Credito abonado origen: 2150 | Status origen: 1
credit-note:918,sale:918,32,MIG-JM-CRED-918,MIG-JM-VENTA-918,2026-01-07,2026-02-06,30,7400,0,7400,Venta origen: 918 | Usuario origen: Administrador | Credito abonado origen: 0 | Status origen: 1
credit-note:919,sale:919,38,MIG-JM-CRED-919,MIG-JM-VENTA-919,2026-01-07,2026-02-06,30,9235,9235,0,Venta origen: 919 | Usuario origen: Administrador | Credito abonado origen: 9235 | Status origen: 1
credit-note:920,sale:920,2,MIG-JM-CRED-920,MIG-JM-VENTA-920,2026-01-07,2026-01-07,1,1230,1230,0,Venta origen: 920 | Usuario origen: Administrador | Credito abonado origen: 1230 | Status origen: 1
credit-note:921,sale:921,52,MIG-JM-CRED-921,MIG-JM-VENTA-921,2026-01-07,2026-02-06,30,720,720,0,Venta origen: 921 | Usuario origen: Administrador | Credito abonado origen: 720 | Status origen: 1
credit-note:922,sale:922,18,MIG-JM-CRED-922,MIG-JM-VENTA-922,2026-01-07,2026-01-22,15,3700,3700,0,Venta origen: 922 | Usuario origen: Administrador | Credito abonado origen: 3700 | Status origen: 1
credit-note:923,sale:923,53,MIG-JM-CRED-923,MIG-JM-VENTA-923,2026-01-07,2026-02-06,30,7450,7450,0,Venta origen: 923 | Usuario origen: Administrador | Credito abonado origen: 7450 | Status origen: 1
credit-note:924,sale:924,21,MIG-JM-CRED-924,MIG-JM-VENTA-924,2026-01-07,2026-01-22,15,4912,4912,0,Venta origen: 924 | Usuario origen: Administrador | Credito abonado origen: 4912 | Status origen: 1
credit-note:925,sale:925,29,MIG-JM-CRED-925,MIG-JM-VENTA-925,2026-01-07,2026-01-22,15,64,64,0,Venta origen: 925 | Usuario origen: Administrador | Credito abonado origen: 64 | Status origen: 1
credit-note:926,sale:926,19,MIG-JM-CRED-926,MIG-JM-VENTA-926,2026-01-07,2026-01-22,15,13680,13680,0,Venta origen: 926 | Usuario origen: Administrador | Credito abonado origen: 13680 | Status origen: 1
credit-note:927,sale:927,63,MIG-JM-CRED-927,MIG-JM-VENTA-927,2026-01-07,2026-01-22,15,5918,5918,0,Venta origen: 927 | Usuario origen: Administrador | Credito abonado origen: 5918 | Status origen: 1
credit-note:928,sale:928,18,MIG-JM-CRED-928,MIG-JM-VENTA-928,2026-01-07,2026-01-22,15,3150,3150,0,Venta origen: 928 | Usuario origen: Administrador | Credito abonado origen: 3150 | Status origen: 1
credit-note:929,sale:929,5,MIG-JM-CRED-929,MIG-JM-VENTA-929,2026-01-08,2026-01-23,15,1800,1800,0,Venta origen: 929 | Usuario origen: Administrador | Credito abonado origen: 1800 | Status origen: 1
credit-note:930,sale:930,21,MIG-JM-CRED-930,MIG-JM-VENTA-930,2026-01-08,2026-01-23,15,408,408,0,Venta origen: 930 | Usuario origen: Administrador | Credito abonado origen: 408 | Status origen: 1
credit-note:931,sale:931,35,MIG-JM-CRED-931,MIG-JM-VENTA-931,2026-01-08,2026-02-07,30,3360,3360,0,Venta origen: 931 | Usuario origen: Administrador | Credito abonado origen: 3360 | Status origen: 1
credit-note:932,sale:932,4,MIG-JM-CRED-932,MIG-JM-VENTA-932,2026-01-08,2026-02-07,30,261,261,0,Venta origen: 932 | Usuario origen: Administrador | Credito abonado origen: 261 | Status origen: 1
credit-note:933,sale:933,49,MIG-JM-CRED-933,MIG-JM-VENTA-933,2026-01-08,2026-01-23,15,4200,4200,0,Venta origen: 933 | Usuario origen: Administrador | Credito abonado origen: 4200 | Status origen: 1
credit-note:934,sale:934,5,MIG-JM-CRED-934,MIG-JM-VENTA-934,2026-01-09,2026-01-24,15,1800,1800,0,Venta origen: 934 | Usuario origen: Administrador | Credito abonado origen: 1800 | Status origen: 1
credit-note:935,sale:935,59,MIG-JM-CRED-935,MIG-JM-VENTA-935,2026-01-09,2026-02-08,30,345,345,0,Venta origen: 935 | Usuario origen: Administrador | Credito abonado origen: 345 | Status origen: 1
credit-note:936,sale:936,30,MIG-JM-CRED-936,MIG-JM-VENTA-936,2026-01-09,2026-01-24,15,72,72,0,Venta origen: 936 | Usuario origen: Administrador | Credito abonado origen: 72 | Status origen: 1
credit-note:937,sale:937,53,MIG-JM-CRED-937,MIG-JM-VENTA-937,2026-01-09,2026-02-08,30,5000,5000,0,Venta origen: 937 | Usuario origen: Administrador | Credito abonado origen: 5000 | Status origen: 1
credit-note:938,sale:938,53,MIG-JM-CRED-938,MIG-JM-VENTA-938,2026-01-09,2026-02-08,30,1800,1800,0,Venta origen: 938 | Usuario origen: Administrador | Credito abonado origen: 1800 | Status origen: 1
credit-note:939,sale:939,52,MIG-JM-CRED-939,MIG-JM-VENTA-939,2026-01-09,2026-02-08,30,1905,1905,0,Venta origen: 939 | Usuario origen: Administrador | Credito abonado origen: 1905 | Status origen: 1
credit-note:940,sale:940,35,MIG-JM-CRED-940,MIG-JM-VENTA-940,2026-01-09,2026-02-08,30,7200,7200,0,Venta origen: 940 | Usuario origen: Administrador | Credito abonado origen: 7200 | Status origen: 1
credit-note:941,sale:941,5,MIG-JM-CRED-941,MIG-JM-VENTA-941,2026-01-10,2026-01-25,15,7700,7700,0,Venta origen: 941 | Usuario origen: Administrador | Credito abonado origen: 7700 | Status origen: 1
credit-note:942,sale:942,46,MIG-JM-CRED-942,MIG-JM-VENTA-942,2026-01-10,2026-02-09,30,1900,1900,0,Venta origen: 942 | Usuario origen: Administrador | Credito abonado origen: 1900 | Status origen: 1
credit-note:943,sale:943,5,MIG-JM-CRED-943,MIG-JM-VENTA-943,2026-01-10,2026-01-25,15,555,555,0,Venta origen: 943 | Usuario origen: Administrador | Credito abonado origen: 555 | Status origen: 1
credit-note:944,sale:944,30,MIG-JM-CRED-944,MIG-JM-VENTA-944,2026-01-10,2026-02-09,30,1075,1075,0,Venta origen: 944 | Usuario origen: Administrador | Credito abonado origen: 1075 | Status origen: 1
credit-note:945,sale:945,52,MIG-JM-CRED-945,MIG-JM-VENTA-945,2026-01-12,2026-02-11,30,171,171,0,Venta origen: 945 | Usuario origen: Administrador | Credito abonado origen: 171 | Status origen: 1
credit-note:946,sale:946,5,MIG-JM-CRED-946,MIG-JM-VENTA-946,2026-01-12,2026-01-27,15,4600,4600,0,Venta origen: 946 | Usuario origen: Administrador | Credito abonado origen: 4600 | Status origen: 1
credit-note:947,sale:947,21,MIG-JM-CRED-947,MIG-JM-VENTA-947,2026-01-12,2026-01-27,15,4950,4950,0,Venta origen: 947 | Usuario origen: Administrador | Credito abonado origen: 4950 | Status origen: 1
credit-note:948,sale:948,2,MIG-JM-CRED-948,MIG-JM-VENTA-948,2026-01-12,2026-01-27,15,21,21,0,Venta origen: 948 | Usuario origen: Administrador | Credito abonado origen: 21 | Status origen: 1
credit-note:949,sale:949,64,MIG-JM-CRED-949,MIG-JM-VENTA-949,2026-01-12,2026-02-11,30,35205,35205,0,Venta origen: 949 | Usuario origen: Administrador | Credito abonado origen: 35205 | Status origen: 1
credit-note:950,sale:950,44,MIG-JM-CRED-950,MIG-JM-VENTA-950,2026-01-12,2026-02-11,30,1580,1580,0,Venta origen: 950 | Usuario origen: Administrador | Credito abonado origen: 1580 | Status origen: 1
credit-note:951,sale:951,5,MIG-JM-CRED-951,MIG-JM-VENTA-951,2026-01-12,2026-01-27,15,1250,1250,0,Venta origen: 951 | Usuario origen: Administrador | Credito abonado origen: 1250 | Status origen: 1
credit-note:952,sale:952,53,MIG-JM-CRED-952,MIG-JM-VENTA-952,2026-01-12,2026-02-11,30,3500,3500,0,Venta origen: 952 | Usuario origen: Administrador | Credito abonado origen: 3500 | Status origen: 1
credit-note:953,sale:953,53,MIG-JM-CRED-953,MIG-JM-VENTA-953,2026-01-12,2026-02-11,30,504,504,0,Venta origen: 953 | Usuario origen: Administrador | Credito abonado origen: 504 | Status origen: 1
credit-note:954,sale:954,2,MIG-JM-CRED-954,MIG-JM-VENTA-954,2026-01-13,2026-01-13,1,1080,1080,0,Venta origen: 954 | Usuario origen: Administrador | Credito abonado origen: 1080 | Status origen: 1
credit-note:955,sale:955,52,MIG-JM-CRED-955,MIG-JM-VENTA-955,2026-01-13,2026-02-12,30,111,111,0,Venta origen: 955 | Usuario origen: Administrador | Credito abonado origen: 111 | Status origen: 1
credit-note:956,sale:956,53,MIG-JM-CRED-956,MIG-JM-VENTA-956,2026-01-13,2026-02-12,30,14000,14000,0,Venta origen: 956 | Usuario origen: Administrador | Credito abonado origen: 14000 | Status origen: 1
credit-note:957,sale:957,64,MIG-JM-CRED-957,MIG-JM-VENTA-957,2026-01-13,2026-02-12,30,2081,2081,0,Venta origen: 957 | Usuario origen: Administrador | Credito abonado origen: 2081 | Status origen: 1
credit-note:958,sale:958,64,MIG-JM-CRED-958,MIG-JM-VENTA-958,2026-01-13,2026-02-12,30,2700,2700,0,Venta origen: 958 | Usuario origen: Administrador | Credito abonado origen: 2700 | Status origen: 1
credit-note:959,sale:959,64,MIG-JM-CRED-959,MIG-JM-VENTA-959,2026-01-13,2026-02-12,30,3150,3150,0,Venta origen: 959 | Usuario origen: Administrador | Credito abonado origen: 3150 | Status origen: 1
credit-note:960,sale:960,62,MIG-JM-CRED-960,MIG-JM-VENTA-960,2026-01-13,2026-01-28,15,115,115,0,Venta origen: 960 | Usuario origen: Administrador | Credito abonado origen: 115 | Status origen: 1
credit-note:961,sale:961,53,MIG-JM-CRED-961,MIG-JM-VENTA-961,2026-01-13,2026-02-12,30,5000,5000,0,Venta origen: 961 | Usuario origen: Administrador | Credito abonado origen: 5000 | Status origen: 1
credit-note:962,sale:962,52,MIG-JM-CRED-962,MIG-JM-VENTA-962,2026-01-13,2026-02-12,30,6100,6100,0,Venta origen: 962 | Usuario origen: Administrador | Credito abonado origen: 6100 | Status origen: 1
credit-note:963,sale:963,4,MIG-JM-CRED-963,MIG-JM-VENTA-963,2026-01-13,2026-02-12,30,92.5,92.5,0,Venta origen: 963 | Usuario origen: Administrador | Credito abonado origen: 92.5 | Status origen: 1
credit-note:964,sale:964,2,MIG-JM-CRED-964,MIG-JM-VENTA-964,2026-01-13,2026-01-13,1,1250,1250,0,Venta origen: 964 | Usuario origen: Administrador | Credito abonado origen: 1250 | Status origen: 1
credit-note:965,sale:965,65,MIG-JM-CRED-965,MIG-JM-VENTA-965,2026-01-13,2026-02-12,30,1800,1800,0,Venta origen: 965 | Usuario origen: Administrador | Credito abonado origen: 1800 | Status origen: 1
credit-note:966,sale:966,65,MIG-JM-CRED-966,MIG-JM-VENTA-966,2026-01-13,2026-02-12,30,1800,1800,0,Venta origen: 966 | Usuario origen: Administrador | Credito abonado origen: 1800 | Status origen: 1
credit-note:967,sale:967,5,MIG-JM-CRED-967,MIG-JM-VENTA-967,2026-01-13,2026-01-28,15,3600,3600,0,Venta origen: 967 | Usuario origen: Administrador | Credito abonado origen: 3600 | Status origen: 1
credit-note:968,sale:968,30,MIG-JM-CRED-968,MIG-JM-VENTA-968,2026-01-14,2026-02-13,30,1725,1725,0,Venta origen: 968 | Usuario origen: Administrador | Credito abonado origen: 1725 | Status origen: 1
credit-note:969,sale:969,53,MIG-JM-CRED-969,MIG-JM-VENTA-969,2026-01-14,2026-02-13,30,1290,1290,0,Venta origen: 969 | Usuario origen: Administrador | Credito abonado origen: 1290 | Status origen: 1
credit-note:970,sale:970,53,MIG-JM-CRED-970,MIG-JM-VENTA-970,2026-01-14,2026-02-13,30,665,665,0,Venta origen: 970 | Usuario origen: Administrador | Credito abonado origen: 665 | Status origen: 1
credit-note:971,sale:971,5,MIG-JM-CRED-971,MIG-JM-VENTA-971,2026-01-14,2026-01-29,15,4600,4600,0,Venta origen: 971 | Usuario origen: Administrador | Credito abonado origen: 4600 | Status origen: 1
credit-note:972,sale:972,56,MIG-JM-CRED-972,MIG-JM-VENTA-972,2026-01-14,2026-02-13,30,9100,9100,0,Venta origen: 972 | Usuario origen: Administrador | Credito abonado origen: 9100 | Status origen: 1
credit-note:973,sale:973,32,MIG-JM-CRED-973,MIG-JM-VENTA-973,2026-01-14,2026-02-13,30,3360,0,3360,Venta origen: 973 | Usuario origen: Administrador | Credito abonado origen: 0 | Status origen: 1
credit-note:974,sale:974,53,MIG-JM-CRED-974,MIG-JM-VENTA-974,2026-01-14,2026-02-13,30,5000,5000,0,Venta origen: 974 | Usuario origen: Administrador | Credito abonado origen: 5000 | Status origen: 1
credit-note:975,sale:975,53,MIG-JM-CRED-975,MIG-JM-VENTA-975,2026-01-14,2026-02-13,30,5000,5000,0,Venta origen: 975 | Usuario origen: Administrador | Credito abonado origen: 5000 | Status origen: 1
credit-note:976,sale:976,53,MIG-JM-CRED-976,MIG-JM-VENTA-976,2026-01-14,2026-02-13,30,5000,5000,0,Venta origen: 976 | Usuario origen: Administrador | Credito abonado origen: 5000 | Status origen: 1
credit-note:977,sale:977,53,MIG-JM-CRED-977,MIG-JM-VENTA-977,2026-01-14,2026-02-13,30,5000,5000,0,Venta origen: 977 | Usuario origen: Administrador | Credito abonado origen: 5000 | Status origen: 1
credit-note:978,sale:978,53,MIG-JM-CRED-978,MIG-JM-VENTA-978,2026-01-14,2026-02-13,30,5000,5000,0,Venta origen: 978 | Usuario origen: Administrador | Credito abonado origen: 5000 | Status origen: 1
credit-note:979,sale:979,4,MIG-JM-CRED-979,MIG-JM-VENTA-979,2026-01-15,2026-02-14,30,4600,4600,0,Venta origen: 979 | Usuario origen: Administrador | Credito abonado origen: 4600 | Status origen: 1
credit-note:980,sale:980,53,MIG-JM-CRED-980,MIG-JM-VENTA-980,2026-01-15,2026-02-14,30,5000,5000,0,Venta origen: 980 | Usuario origen: Administrador | Credito abonado origen: 5000 | Status origen: 1
credit-note:981,sale:981,53,MIG-JM-CRED-981,MIG-JM-VENTA-981,2026-01-15,2026-02-14,30,5000,5000,0,Venta origen: 981 | Usuario origen: Administrador | Credito abonado origen: 5000 | Status origen: 1
credit-note:982,sale:982,53,MIG-JM-CRED-982,MIG-JM-VENTA-982,2026-01-15,2026-02-14,30,5000,5000,0,Venta origen: 982 | Usuario origen: Administrador | Credito abonado origen: 5000 | Status origen: 1
credit-note:983,sale:983,53,MIG-JM-CRED-983,MIG-JM-VENTA-983,2026-01-15,2026-02-14,30,5000,5000,0,Venta origen: 983 | Usuario origen: Administrador | Credito abonado origen: 5000 | Status origen: 1
credit-note:984,sale:984,53,MIG-JM-CRED-984,MIG-JM-VENTA-984,2026-01-15,2026-02-14,30,5000,5000,0,Venta origen: 984 | Usuario origen: Administrador | Credito abonado origen: 5000 | Status origen: 1
credit-note:985,sale:985,53,MIG-JM-CRED-985,MIG-JM-VENTA-985,2026-01-15,2026-02-14,30,5000,5000,0,Venta origen: 985 | Usuario origen: Administrador | Credito abonado origen: 5000 | Status origen: 1
credit-note:986,sale:986,53,MIG-JM-CRED-986,MIG-JM-VENTA-986,2026-01-15,2026-02-14,30,5000,5000,0,Venta origen: 986 | Usuario origen: Administrador | Credito abonado origen: 5000 | Status origen: 1
credit-note:987,sale:987,5,MIG-JM-CRED-987,MIG-JM-VENTA-987,2026-01-15,2026-01-30,15,4200,4200,0,Venta origen: 987 | Usuario origen: Administrador | Credito abonado origen: 4200 | Status origen: 1
credit-note:988,sale:988,5,MIG-JM-CRED-988,MIG-JM-VENTA-988,2026-01-15,2026-01-30,15,3600,3600,0,Venta origen: 988 | Usuario origen: Administrador | Credito abonado origen: 3600 | Status origen: 1
credit-note:989,sale:989,53,MIG-JM-CRED-989,MIG-JM-VENTA-989,2026-01-15,2026-02-14,30,300,300,0,Venta origen: 989 | Usuario origen: Administrador | Credito abonado origen: 300 | Status origen: 1
credit-note:990,sale:990,46,MIG-JM-CRED-990,MIG-JM-VENTA-990,2026-01-15,2026-02-14,30,1677,1677,0,Venta origen: 990 | Usuario origen: Administrador | Credito abonado origen: 1677 | Status origen: 1
credit-note:991,sale:991,18,MIG-JM-CRED-991,MIG-JM-VENTA-991,2026-01-15,2026-01-30,15,675,675,0,Venta origen: 991 | Usuario origen: Administrador | Credito abonado origen: 675 | Status origen: 1
credit-note:992,sale:992,53,MIG-JM-CRED-992,MIG-JM-VENTA-992,2026-01-15,2026-02-14,30,8100,8100,0,Venta origen: 992 | Usuario origen: Administrador | Credito abonado origen: 8100 | Status origen: 1
credit-note:993,sale:993,52,MIG-JM-CRED-993,MIG-JM-VENTA-993,2026-01-15,2026-02-14,30,3150,3150,0,Venta origen: 993 | Usuario origen: Administrador | Credito abonado origen: 3150 | Status origen: 0
credit-note:994,sale:994,35,MIG-JM-CRED-994,MIG-JM-VENTA-994,2026-01-15,2026-02-14,30,11294,11294,0,Venta origen: 994 | Usuario origen: Administrador | Credito abonado origen: 11294 | Status origen: 1
credit-note:995,sale:995,52,MIG-JM-CRED-995,MIG-JM-VENTA-995,2026-01-15,2026-02-14,30,4200,4200,0,Venta origen: 995 | Usuario origen: Administrador | Credito abonado origen: 4200 | Status origen: 1
credit-note:996,sale:996,5,MIG-JM-CRED-996,MIG-JM-VENTA-996,2026-01-15,2026-01-30,15,4600,4600,0,Venta origen: 996 | Usuario origen: Administrador | Credito abonado origen: 4600 | Status origen: 1
credit-note:997,sale:997,5,MIG-JM-CRED-997,MIG-JM-VENTA-997,2026-01-15,2026-01-30,15,4600,4600,0,Venta origen: 997 | Usuario origen: Administrador | Credito abonado origen: 4600 | Status origen: 1
credit-note:998,sale:998,3,MIG-JM-CRED-998,MIG-JM-VENTA-998,2026-01-16,2026-01-30,14,1380.5,1380.5,0,Venta origen: 998 | Usuario origen: Administrador | Credito abonado origen: 1380.5 | Status origen: 1
credit-note:999,sale:999,53,MIG-JM-CRED-999,MIG-JM-VENTA-999,2026-01-16,2026-02-15,30,602,602,0,Venta origen: 999 | Usuario origen: Administrador | Credito abonado origen: 602 | Status origen: 1
credit-note:1000,sale:1000,53,MIG-JM-CRED-1000,MIG-JM-VENTA-1000,2026-01-16,2026-02-15,30,1720,1720,0,Venta origen: 1000 | Usuario origen: Administrador | Credito abonado origen: 1720 | Status origen: 1
credit-note:1001,sale:1001,53,MIG-JM-CRED-1001,MIG-JM-VENTA-1001,2026-01-16,2026-02-15,30,5000,5000,0,Venta origen: 1001 | Usuario origen: Administrador | Credito abonado origen: 5000 | Status origen: 1
credit-note:1002,sale:1002,53,MIG-JM-CRED-1002,MIG-JM-VENTA-1002,2026-01-16,2026-02-15,30,5000,5000,0,Venta origen: 1002 | Usuario origen: Administrador | Credito abonado origen: 5000 | Status origen: 1
credit-note:1003,sale:1003,53,MIG-JM-CRED-1003,MIG-JM-VENTA-1003,2026-01-16,2026-02-15,30,5000,5000,0,Venta origen: 1003 | Usuario origen: Administrador | Credito abonado origen: 5000 | Status origen: 1
credit-note:1004,sale:1004,53,MIG-JM-CRED-1004,MIG-JM-VENTA-1004,2026-01-16,2026-02-15,30,5000,5000,0,Venta origen: 1004 | Usuario origen: Administrador | Credito abonado origen: 5000 | Status origen: 1
credit-note:1005,sale:1005,53,MIG-JM-CRED-1005,MIG-JM-VENTA-1005,2026-01-16,2026-02-15,30,5000,5000,0,Venta origen: 1005 | Usuario origen: Administrador | Credito abonado origen: 5000 | Status origen: 1
credit-note:1006,sale:1006,2,MIG-JM-CRED-1006,MIG-JM-VENTA-1006,2026-01-16,2026-01-16,1,930,930,0,Venta origen: 1006 | Usuario origen: Administrador | Credito abonado origen: 930 | Status origen: 1
credit-note:1007,sale:1007,5,MIG-JM-CRED-1007,MIG-JM-VENTA-1007,2026-01-16,2026-01-31,15,3000,3000,0,Venta origen: 1007 | Usuario origen: Administrador | Credito abonado origen: 3000 | Status origen: 1
credit-note:1008,sale:1008,6,MIG-JM-CRED-1008,MIG-JM-VENTA-1008,2026-01-16,2026-01-16,1,1250,1250,0,Venta origen: 1008 | Usuario origen: Administrador | Credito abonado origen: 1250 | Status origen: 1
credit-note:1009,sale:1009,38,MIG-JM-CRED-1009,MIG-JM-VENTA-1009,2026-01-16,2026-02-15,30,3860,3860,0,Venta origen: 1009 | Usuario origen: Administrador | Credito abonado origen: 3860 | Status origen: 1
credit-note:1010,sale:1010,53,MIG-JM-CRED-1010,MIG-JM-VENTA-1010,2026-01-16,2026-02-15,30,5000,5000,0,Venta origen: 1010 | Usuario origen: Administrador | Credito abonado origen: 5000 | Status origen: 1
credit-note:1011,sale:1011,63,MIG-JM-CRED-1011,MIG-JM-VENTA-1011,2026-01-17,2026-02-01,15,114,114,0,Venta origen: 1011 | Usuario origen: Administrador | Credito abonado origen: 114 | Status origen: 1
credit-note:1012,sale:1012,63,MIG-JM-CRED-1012,MIG-JM-VENTA-1012,2026-01-17,2026-02-01,15,345,345,0,Venta origen: 1012 | Usuario origen: Administrador | Credito abonado origen: 345 | Status origen: 1
credit-note:1013,sale:1013,53,MIG-JM-CRED-1013,MIG-JM-VENTA-1013,2026-01-17,2026-02-16,30,2681,2681,0,Venta origen: 1013 | Usuario origen: Administrador | Credito abonado origen: 2681 | Status origen: 1
credit-note:1014,sale:1014,19,MIG-JM-CRED-1014,MIG-JM-VENTA-1014,2026-01-17,2026-02-01,15,6000,6000,0,Venta origen: 1014 | Usuario origen: Administrador | Credito abonado origen: 6000 | Status origen: 1
credit-note:1015,sale:1015,5,MIG-JM-CRED-1015,MIG-JM-VENTA-1015,2026-01-17,2026-02-01,15,8150,8150,0,Venta origen: 1015 | Usuario origen: Administrador | Credito abonado origen: 8150 | Status origen: 1
credit-note:1016,sale:1016,2,MIG-JM-CRED-1016,MIG-JM-VENTA-1016,2026-01-19,2026-02-03,15,14,14,0,Venta origen: 1016 | Usuario origen: Administrador | Credito abonado origen: 14 | Status origen: 1
credit-note:1017,sale:1017,2,MIG-JM-CRED-1017,MIG-JM-VENTA-1017,2026-01-19,2026-02-03,15,60,60,0,Venta origen: 1017 | Usuario origen: Administrador | Credito abonado origen: 60 | Status origen: 1
credit-note:1018,sale:1018,5,MIG-JM-CRED-1018,MIG-JM-VENTA-1018,2026-01-19,2026-02-03,15,3000,3000,0,Venta origen: 1018 | Usuario origen: Administrador | Credito abonado origen: 3000 | Status origen: 1
credit-note:1019,sale:1019,63,MIG-JM-CRED-1019,MIG-JM-VENTA-1019,2026-01-19,2026-02-03,15,690,690,0,Venta origen: 1019 | Usuario origen: Administrador | Credito abonado origen: 690 | Status origen: 1
credit-note:1020,sale:1020,52,MIG-JM-CRED-1020,MIG-JM-VENTA-1020,2026-01-19,2026-02-18,30,132,132,0,Venta origen: 1020 | Usuario origen: Administrador | Credito abonado origen: 132 | Status origen: 1
credit-note:1021,sale:1021,59,MIG-JM-CRED-1021,MIG-JM-VENTA-1021,2026-01-19,2026-02-18,30,1925,1925,0,Venta origen: 1021 | Usuario origen: Administrador | Credito abonado origen: 1925 | Status origen: 1
credit-note:1022,sale:1022,30,MIG-JM-CRED-1022,MIG-JM-VENTA-1022,2026-01-19,2026-02-18,30,1250,1250,0,Venta origen: 1022 | Usuario origen: Administrador | Credito abonado origen: 1250 | Status origen: 1
credit-note:1023,sale:1023,52,MIG-JM-CRED-1023,MIG-JM-VENTA-1023,2026-01-19,2026-02-18,30,14900,14900,0,Venta origen: 1023 | Usuario origen: Administrador | Credito abonado origen: 14900 | Status origen: 1
credit-note:1024,sale:1024,53,MIG-JM-CRED-1024,MIG-JM-VENTA-1024,2026-01-19,2026-02-18,30,1225,1225,0,Venta origen: 1024 | Usuario origen: Administrador | Credito abonado origen: 1225 | Status origen: 1
credit-note:1025,sale:1025,59,MIG-JM-CRED-1025,MIG-JM-VENTA-1025,2026-01-19,2026-02-18,30,1350,1350,0,Venta origen: 1025 | Usuario origen: Administrador | Credito abonado origen: 1350 | Status origen: 1
credit-note:1026,sale:1026,2,MIG-JM-CRED-1026,MIG-JM-VENTA-1026,2026-01-19,2026-02-03,15,4700,4700,0,Venta origen: 1026 | Usuario origen: Administrador | Credito abonado origen: 4700 | Status origen: 0
credit-note:1027,sale:1027,2,MIG-JM-CRED-1027,MIG-JM-VENTA-1027,2026-01-20,2026-01-20,1,236,236,0,Venta origen: 1027 | Usuario origen: Administrador | Credito abonado origen: 236 | Status origen: 1
credit-note:1028,sale:1028,13,MIG-JM-CRED-1028,MIG-JM-VENTA-1028,2026-01-20,2026-02-04,15,4610,4610,0,Venta origen: 1028 | Usuario origen: Administrador | Credito abonado origen: 4610 | Status origen: 1
credit-note:1029,sale:1029,2,MIG-JM-CRED-1029,MIG-JM-VENTA-1029,2026-01-20,2026-02-04,15,113,113,0,Venta origen: 1029 | Usuario origen: Administrador | Credito abonado origen: 113 | Status origen: 1
credit-note:1030,sale:1030,64,MIG-JM-CRED-1030,MIG-JM-VENTA-1030,2026-01-20,2026-02-19,30,3600,3600,0,Venta origen: 1030 | Usuario origen: Administrador | Credito abonado origen: 3600 | Status origen: 1
credit-note:1031,sale:1031,5,MIG-JM-CRED-1031,MIG-JM-VENTA-1031,2026-01-20,2026-02-04,15,9450,9450,0,Venta origen: 1031 | Usuario origen: Administrador | Credito abonado origen: 9450 | Status origen: 1
credit-note:1032,sale:1032,53,MIG-JM-CRED-1032,MIG-JM-VENTA-1032,2026-01-20,2026-02-19,30,14000,14000,0,Venta origen: 1032 | Usuario origen: Administrador | Credito abonado origen: 14000 | Status origen: 1
credit-note:1033,sale:1033,46,MIG-JM-CRED-1033,MIG-JM-VENTA-1033,2026-01-20,2026-02-19,30,3800,3800,0,Venta origen: 1033 | Usuario origen: Administrador | Credito abonado origen: 3800 | Status origen: 1
credit-note:1034,sale:1034,19,MIG-JM-CRED-1034,MIG-JM-VENTA-1034,2026-01-20,2026-02-04,15,14,14,0,Venta origen: 1034 | Usuario origen: Administrador | Credito abonado origen: 14 | Status origen: 1
credit-note:1035,sale:1035,53,MIG-JM-CRED-1035,MIG-JM-VENTA-1035,2026-01-21,2026-02-20,30,2200,2200,0,Venta origen: 1035 | Usuario origen: ALONDRA26 | Credito abonado origen: 2200 | Status origen: 1
credit-note:1036,sale:1036,2,MIG-JM-CRED-1036,MIG-JM-VENTA-1036,2026-01-21,2026-02-05,15,14,14,0,Venta origen: 1036 | Usuario origen: ALONDRA26 | Credito abonado origen: 14 | Status origen: 1
credit-note:1037,sale:1037,35,MIG-JM-CRED-1037,MIG-JM-VENTA-1037,2026-01-21,2026-02-20,30,11000,11000,0,Venta origen: 1037 | Usuario origen: ALONDRA26 | Credito abonado origen: 11000 | Status origen: 1
credit-note:1038,sale:1038,2,MIG-JM-CRED-1038,MIG-JM-VENTA-1038,2026-01-21,2026-02-05,15,74,74,0,Venta origen: 1038 | Usuario origen: ALONDRA26 | Credito abonado origen: 74 | Status origen: 1
credit-note:1039,sale:1039,2,MIG-JM-CRED-1039,MIG-JM-VENTA-1039,2026-01-21,2026-02-05,15,21450,21450,0,Venta origen: 1039 | Usuario origen: ALONDRA26 | Credito abonado origen: 21450 | Status origen: 1
credit-note:1040,sale:1040,46,MIG-JM-CRED-1040,MIG-JM-VENTA-1040,2026-01-21,2026-02-20,30,728,728,0,Venta origen: 1040 | Usuario origen: ALONDRA26 | Credito abonado origen: 728 | Status origen: 1
credit-note:1041,sale:1041,6,MIG-JM-CRED-1041,MIG-JM-VENTA-1041,2026-01-21,2026-01-21,1,625,625,0,Venta origen: 1041 | Usuario origen: ALONDRA26 | Credito abonado origen: 625 | Status origen: 1
credit-note:1042,sale:1042,53,MIG-JM-CRED-1042,MIG-JM-VENTA-1042,2026-01-21,2026-02-20,30,61500,61500,0,Venta origen: 1042 | Usuario origen: ALONDRA26 | Credito abonado origen: 61500 | Status origen: 1
credit-note:1043,sale:1043,2,MIG-JM-CRED-1043,MIG-JM-VENTA-1043,2026-01-21,2026-02-05,15,2132,2132,0,Venta origen: 1043 | Usuario origen: ALONDRA26 | Credito abonado origen: 2132 | Status origen: 1
credit-note:1044,sale:1044,5,MIG-JM-CRED-1044,MIG-JM-VENTA-1044,2026-01-21,2026-02-05,15,3600,3600,0,Venta origen: 1044 | Usuario origen: ALONDRA26 | Credito abonado origen: 3600 | Status origen: 1
credit-note:1045,sale:1045,2,MIG-JM-CRED-1045,MIG-JM-VENTA-1045,2026-01-22,2026-02-06,15,2980,2980,0,Venta origen: 1045 | Usuario origen: ALONDRA26 | Credito abonado origen: 2980 | Status origen: 0
credit-note:1046,sale:1046,2,MIG-JM-CRED-1046,MIG-JM-VENTA-1046,2026-01-22,2026-01-22,1,3050,3050,0,Venta origen: 1046 | Usuario origen: ALONDRA26 | Credito abonado origen: 3050 | Status origen: 1
credit-note:1047,sale:1047,53,MIG-JM-CRED-1047,MIG-JM-VENTA-1047,2026-01-22,2026-02-21,30,2250,2250,0,Venta origen: 1047 | Usuario origen: ALONDRA26 | Credito abonado origen: 2250 | Status origen: 1
credit-note:1048,sale:1048,53,MIG-JM-CRED-1048,MIG-JM-VENTA-1048,2026-01-22,2026-02-21,30,354,354,0,Venta origen: 1048 | Usuario origen: ALONDRA26 | Credito abonado origen: 354 | Status origen: 1
credit-note:1049,sale:1049,58,MIG-JM-CRED-1049,MIG-JM-VENTA-1049,2026-01-22,2026-02-06,15,48,48,0,Venta origen: 1049 | Usuario origen: ALONDRA26 | Credito abonado origen: 48 | Status origen: 1
credit-note:1050,sale:1050,2,MIG-JM-CRED-1050,MIG-JM-VENTA-1050,2026-01-22,2026-02-06,15,80,80,0,Venta origen: 1050 | Usuario origen: ALONDRA26 | Credito abonado origen: 80 | Status origen: 1
credit-note:1051,sale:1051,53,MIG-JM-CRED-1051,MIG-JM-VENTA-1051,2026-01-22,2026-02-21,30,2500,2500,0,Venta origen: 1051 | Usuario origen: ALONDRA26 | Credito abonado origen: 2500 | Status origen: 1
credit-note:1052,sale:1052,53,MIG-JM-CRED-1052,MIG-JM-VENTA-1052,2026-01-22,2026-02-21,30,11700,11700,0,Venta origen: 1052 | Usuario origen: ALONDRA26 | Credito abonado origen: 11700 | Status origen: 1
credit-note:1053,sale:1053,18,MIG-JM-CRED-1053,MIG-JM-VENTA-1053,2026-01-22,2026-02-06,15,762.5,762.5,0,Venta origen: 1053 | Usuario origen: ALONDRA26 | Credito abonado origen: 762.5 | Status origen: 1
credit-note:1054,sale:1054,56,MIG-JM-CRED-1054,MIG-JM-VENTA-1054,2026-01-22,2026-02-21,30,9300,9300,0,Venta origen: 1054 | Usuario origen: ALONDRA26 | Credito abonado origen: 9300 | Status origen: 1
credit-note:1055,sale:1055,52,MIG-JM-CRED-1055,MIG-JM-VENTA-1055,2026-01-22,2026-02-21,30,3800,0,3800,Venta origen: 1055 | Usuario origen: ALONDRA26 | Credito abonado origen: 0 | Status origen: 0
credit-note:1056,sale:1056,52,MIG-JM-CRED-1056,MIG-JM-VENTA-1056,2026-01-22,2026-02-21,30,5600,0,5600,Venta origen: 1056 | Usuario origen: ALONDRA26 | Credito abonado origen: 0 | Status origen: 0
credit-note:1057,sale:1057,52,MIG-JM-CRED-1057,MIG-JM-VENTA-1057,2026-01-22,2026-02-21,30,10100,10100,0,Venta origen: 1057 | Usuario origen: ALONDRA26 | Credito abonado origen: 10100 | Status origen: 1
credit-note:1058,sale:1058,52,MIG-JM-CRED-1058,MIG-JM-VENTA-1058,2026-01-22,2026-02-21,30,150,150,0,Venta origen: 1058 | Usuario origen: ALONDRA26 | Credito abonado origen: 150 | Status origen: 1
credit-note:1059,sale:1059,29,MIG-JM-CRED-1059,MIG-JM-VENTA-1059,2026-01-23,2026-02-22,30,11960,11960,0,Venta origen: 1059 | Usuario origen: ALONDRA26 | Credito abonado origen: 11960 | Status origen: 1
credit-note:1060,sale:1060,5,MIG-JM-CRED-1060,MIG-JM-VENTA-1060,2026-01-23,2026-02-07,15,8380,8380,0,Venta origen: 1060 | Usuario origen: ALONDRA26 | Credito abonado origen: 8380 | Status origen: 1
credit-note:1061,sale:1061,2,MIG-JM-CRED-1061,MIG-JM-VENTA-1061,2026-01-23,2026-02-07,15,228,228,0,Venta origen: 1061 | Usuario origen: ALONDRA26 | Credito abonado origen: 228 | Status origen: 1
credit-note:1062,sale:1062,58,MIG-JM-CRED-1062,MIG-JM-VENTA-1062,2026-01-23,2026-02-22,30,3210,3210,0,Venta origen: 1062 | Usuario origen: ALONDRA26 | Credito abonado origen: 3210 | Status origen: 1
credit-note:1063,sale:1063,53,MIG-JM-CRED-1063,MIG-JM-VENTA-1063,2026-01-23,2026-02-22,30,8100,8100,0,Venta origen: 1063 | Usuario origen: ALONDRA26 | Credito abonado origen: 8100 | Status origen: 1
credit-note:1064,sale:1064,21,MIG-JM-CRED-1064,MIG-JM-VENTA-1064,2026-01-23,2026-02-07,15,397,397,0,Venta origen: 1064 | Usuario origen: ALONDRA26 | Credito abonado origen: 397 | Status origen: 1
credit-note:1065,sale:1065,2,MIG-JM-CRED-1065,MIG-JM-VENTA-1065,2026-01-23,2026-01-23,1,742,742,0,Venta origen: 1065 | Usuario origen: ALONDRA26 | Credito abonado origen: 742 | Status origen: 1
credit-note:1066,sale:1066,5,MIG-JM-CRED-1066,MIG-JM-VENTA-1066,2026-01-23,2026-02-07,15,1612,1612,0,Venta origen: 1066 | Usuario origen: ALONDRA26 | Credito abonado origen: 1612 | Status origen: 1
credit-note:1067,sale:1067,5,MIG-JM-CRED-1067,MIG-JM-VENTA-1067,2026-01-24,2026-02-08,15,8200,8200,0,Venta origen: 1067 | Usuario origen: ALONDRA26 | Credito abonado origen: 8200 | Status origen: 1
credit-note:1068,sale:1068,19,MIG-JM-CRED-1068,MIG-JM-VENTA-1068,2026-01-24,2026-02-08,15,8,8,0,Venta origen: 1068 | Usuario origen: ALONDRA26 | Credito abonado origen: 8 | Status origen: 1
credit-note:1069,sale:1069,66,MIG-JM-CRED-1069,MIG-JM-VENTA-1069,2026-01-24,2026-02-08,15,4500,4500,0,Venta origen: 1069 | Usuario origen: ALONDRA26 | Credito abonado origen: 4500 | Status origen: 1
credit-note:1070,sale:1070,2,MIG-JM-CRED-1070,MIG-JM-VENTA-1070,2026-01-24,2026-02-08,15,230,230,0,Venta origen: 1070 | Usuario origen: ALONDRA26 | Credito abonado origen: 230 | Status origen: 1
credit-note:1071,sale:1071,2,MIG-JM-CRED-1071,MIG-JM-VENTA-1071,2026-01-26,2026-02-10,15,1575,1575,0,Venta origen: 1071 | Usuario origen: ALONDRA26 | Credito abonado origen: 1575 | Status origen: 1
credit-note:1072,sale:1072,19,MIG-JM-CRED-1072,MIG-JM-VENTA-1072,2026-01-26,2026-02-10,15,570,570,0,Venta origen: 1072 | Usuario origen: ALONDRA26 | Credito abonado origen: 570 | Status origen: 1
credit-note:1073,sale:1073,5,MIG-JM-CRED-1073,MIG-JM-VENTA-1073,2026-01-26,2026-02-10,15,24768,24768,0,Venta origen: 1073 | Usuario origen: ALONDRA26 | Credito abonado origen: 24768 | Status origen: 1
credit-note:1074,sale:1074,52,MIG-JM-CRED-1074,MIG-JM-VENTA-1074,2026-01-26,2026-02-25,30,750,750,0,Venta origen: 1074 | Usuario origen: ALONDRA26 | Credito abonado origen: 750 | Status origen: 1
credit-note:1075,sale:1075,64,MIG-JM-CRED-1075,MIG-JM-VENTA-1075,2026-01-26,2026-02-25,30,14678,14678,0,Venta origen: 1075 | Usuario origen: ALONDRA26 | Credito abonado origen: 14678 | Status origen: 1
credit-note:1076,sale:1076,19,MIG-JM-CRED-1076,MIG-JM-VENTA-1076,2026-01-27,2026-02-11,15,6390,6390,0,Venta origen: 1076 | Usuario origen: ALONDRA26 | Credito abonado origen: 6390 | Status origen: 1
credit-note:1077,sale:1077,8,MIG-JM-CRED-1077,MIG-JM-VENTA-1077,2026-01-27,2026-02-11,15,338,338,0,Venta origen: 1077 | Usuario origen: ALONDRA26 | Credito abonado origen: 338 | Status origen: 1
credit-note:1078,sale:1078,5,MIG-JM-CRED-1078,MIG-JM-VENTA-1078,2026-01-27,2026-02-11,15,3600,3600,0,Venta origen: 1078 | Usuario origen: ALONDRA26 | Credito abonado origen: 3600 | Status origen: 1
credit-note:1079,sale:1079,52,MIG-JM-CRED-1079,MIG-JM-VENTA-1079,2026-01-27,2026-02-26,30,1710,1710,0,Venta origen: 1079 | Usuario origen: ALONDRA26 | Credito abonado origen: 1710 | Status origen: 1
credit-note:1080,sale:1080,5,MIG-JM-CRED-1080,MIG-JM-VENTA-1080,2026-01-27,2026-02-11,15,4600,4600,0,Venta origen: 1080 | Usuario origen: ALONDRA26 | Credito abonado origen: 4600 | Status origen: 1
credit-note:1081,sale:1081,53,MIG-JM-CRED-1081,MIG-JM-VENTA-1081,2026-01-27,2026-02-26,30,2250,2250,0,Venta origen: 1081 | Usuario origen: ALONDRA26 | Credito abonado origen: 2250 | Status origen: 1
credit-note:1082,sale:1082,53,MIG-JM-CRED-1082,MIG-JM-VENTA-1082,2026-01-27,2026-02-26,30,6750,6750,0,Venta origen: 1082 | Usuario origen: ALONDRA26 | Credito abonado origen: 6750 | Status origen: 1
credit-note:1083,sale:1083,4,MIG-JM-CRED-1083,MIG-JM-VENTA-1083,2026-01-27,2026-02-26,30,4700,4700,0,Venta origen: 1083 | Usuario origen: ALONDRA26 | Credito abonado origen: 4700 | Status origen: 1
credit-note:1084,sale:1084,53,MIG-JM-CRED-1084,MIG-JM-VENTA-1084,2026-01-27,2026-02-26,30,8795,8795,0,Venta origen: 1084 | Usuario origen: ALONDRA26 | Credito abonado origen: 8795 | Status origen: 1
credit-note:1085,sale:1085,2,MIG-JM-CRED-1085,MIG-JM-VENTA-1085,2026-01-27,2026-02-11,15,168,168,0,Venta origen: 1085 | Usuario origen: ALONDRA26 | Credito abonado origen: 168 | Status origen: 1
credit-note:1086,sale:1086,21,MIG-JM-CRED-1086,MIG-JM-VENTA-1086,2026-01-27,2026-02-11,15,2950,2950,0,Venta origen: 1086 | Usuario origen: ALONDRA26 | Credito abonado origen: 2950 | Status origen: 1
credit-note:1087,sale:1087,5,MIG-JM-CRED-1087,MIG-JM-VENTA-1087,2026-01-27,2026-02-11,15,1176,1176,0,Venta origen: 1087 | Usuario origen: ALONDRA26 | Credito abonado origen: 1176 | Status origen: 1
credit-note:1088,sale:1088,2,MIG-JM-CRED-1088,MIG-JM-VENTA-1088,2026-01-27,2026-02-11,15,158,158,0,Venta origen: 1088 | Usuario origen: ALONDRA26 | Credito abonado origen: 158 | Status origen: 1
credit-note:1089,sale:1089,48,MIG-JM-CRED-1089,MIG-JM-VENTA-1089,2026-01-27,2026-02-11,15,1750,0,1750,Venta origen: 1089 | Usuario origen: ALONDRA26 | Credito abonado origen: 0 | Status origen: 1
credit-note:1090,sale:1090,64,MIG-JM-CRED-1090,MIG-JM-VENTA-1090,2026-01-27,2026-02-26,30,2790,2790,0,Venta origen: 1090 | Usuario origen: ALONDRA26 | Credito abonado origen: 2790 | Status origen: 1
credit-note:1091,sale:1091,56,MIG-JM-CRED-1091,MIG-JM-VENTA-1091,2026-01-27,2026-02-26,30,6900,6900,0,Venta origen: 1091 | Usuario origen: ALONDRA26 | Credito abonado origen: 6900 | Status origen: 1
credit-note:1092,sale:1092,8,MIG-JM-CRED-1092,MIG-JM-VENTA-1092,2026-01-27,2026-02-11,15,101,101,0,Venta origen: 1092 | Usuario origen: ALONDRA26 | Credito abonado origen: 101 | Status origen: 1
credit-note:1093,sale:1093,8,MIG-JM-CRED-1093,MIG-JM-VENTA-1093,2026-01-27,2026-02-11,15,100,100,0,Venta origen: 1093 | Usuario origen: ALONDRA26 | Credito abonado origen: 100 | Status origen: 1
credit-note:1094,sale:1094,56,MIG-JM-CRED-1094,MIG-JM-VENTA-1094,2026-01-27,2026-02-26,30,247,247,0,Venta origen: 1094 | Usuario origen: ALONDRA26 | Credito abonado origen: 247 | Status origen: 1
credit-note:1095,sale:1095,2,MIG-JM-CRED-1095,MIG-JM-VENTA-1095,2026-01-28,2026-02-12,15,2910,2910,0,Venta origen: 1095 | Usuario origen: ALONDRA26 | Credito abonado origen: 2910 | Status origen: 1
credit-note:1096,sale:1096,5,MIG-JM-CRED-1096,MIG-JM-VENTA-1096,2026-01-28,2026-02-12,15,4600,4600,0,Venta origen: 1096 | Usuario origen: ALONDRA26 | Credito abonado origen: 4600 | Status origen: 1
credit-note:1097,sale:1097,2,MIG-JM-CRED-1097,MIG-JM-VENTA-1097,2026-01-28,2026-02-12,15,19,19,0,Venta origen: 1097 | Usuario origen: ALONDRA26 | Credito abonado origen: 19 | Status origen: 1
credit-note:1098,sale:1098,52,MIG-JM-CRED-1098,MIG-JM-VENTA-1098,2026-01-28,2026-02-27,30,5510,5510,0,Venta origen: 1098 | Usuario origen: ALONDRA26 | Credito abonado origen: 5510 | Status origen: 1
credit-note:1099,sale:1099,67,MIG-JM-CRED-1099,MIG-JM-VENTA-1099,2026-01-28,2026-02-12,15,1950,1950,0,Venta origen: 1099 | Usuario origen: ALONDRA26 | Credito abonado origen: 1950 | Status origen: 1
credit-note:1100,sale:1100,52,MIG-JM-CRED-1100,MIG-JM-VENTA-1100,2026-01-28,2026-02-27,30,206,206,0,Venta origen: 1100 | Usuario origen: ALONDRA26 | Credito abonado origen: 206 | Status origen: 1
credit-note:1101,sale:1101,2,MIG-JM-CRED-1101,MIG-JM-VENTA-1101,2026-01-28,2026-02-12,15,3350,3350,0,Venta origen: 1101 | Usuario origen: ALONDRA26 | Credito abonado origen: 3350 | Status origen: 1
credit-note:1102,sale:1102,5,MIG-JM-CRED-1102,MIG-JM-VENTA-1102,2026-01-28,2026-02-12,15,4200,4200,0,Venta origen: 1102 | Usuario origen: ALONDRA26 | Credito abonado origen: 4200 | Status origen: 1
credit-note:1103,sale:1103,53,MIG-JM-CRED-1103,MIG-JM-VENTA-1103,2026-01-28,2026-02-27,30,4110,4110,0,Venta origen: 1103 | Usuario origen: ALONDRA26 | Credito abonado origen: 4110 | Status origen: 1
credit-note:1104,sale:1104,53,MIG-JM-CRED-1104,MIG-JM-VENTA-1104,2026-01-28,2026-02-27,30,4400,4400,0,Venta origen: 1104 | Usuario origen: ALONDRA26 | Credito abonado origen: 4400 | Status origen: 1
credit-note:1105,sale:1105,46,MIG-JM-CRED-1105,MIG-JM-VENTA-1105,2026-01-28,2026-02-27,30,690,690,0,Venta origen: 1105 | Usuario origen: ALONDRA26 | Credito abonado origen: 690 | Status origen: 1
credit-note:1106,sale:1106,53,MIG-JM-CRED-1106,MIG-JM-VENTA-1106,2026-01-28,2026-02-27,30,22475,22475,0,Venta origen: 1106 | Usuario origen: ALONDRA26 | Credito abonado origen: 22475 | Status origen: 1
credit-note:1107,sale:1107,2,MIG-JM-CRED-1107,MIG-JM-VENTA-1107,2026-01-28,2026-02-12,15,177,177,0,Venta origen: 1107 | Usuario origen: ALONDRA26 | Credito abonado origen: 177 | Status origen: 1
credit-note:1108,sale:1108,5,MIG-JM-CRED-1108,MIG-JM-VENTA-1108,2026-01-28,2026-02-12,15,11599,11599,0,Venta origen: 1108 | Usuario origen: ALONDRA26 | Credito abonado origen: 11599 | Status origen: 1
credit-note:1109,sale:1109,5,MIG-JM-CRED-1109,MIG-JM-VENTA-1109,2026-01-28,2026-02-12,15,275,275,0,Venta origen: 1109 | Usuario origen: ALONDRA26 | Credito abonado origen: 275 | Status origen: 1
credit-note:1110,sale:1110,2,MIG-JM-CRED-1110,MIG-JM-VENTA-1110,2026-01-28,2026-02-12,15,215,215,0,Venta origen: 1110 | Usuario origen: ALONDRA26 | Credito abonado origen: 215 | Status origen: 1
credit-note:1111,sale:1111,52,MIG-JM-CRED-1111,MIG-JM-VENTA-1111,2026-01-29,2026-02-28,30,259,259,0,Venta origen: 1111 | Usuario origen: ALONDRA26 | Credito abonado origen: 259 | Status origen: 1
credit-note:1112,sale:1112,52,MIG-JM-CRED-1112,MIG-JM-VENTA-1112,2026-01-29,2026-02-28,30,4200,4200,0,Venta origen: 1112 | Usuario origen: ALONDRA26 | Credito abonado origen: 4200 | Status origen: 1
credit-note:1113,sale:1113,30,MIG-JM-CRED-1113,MIG-JM-VENTA-1113,2026-01-29,2026-02-28,30,1732,0,1732,Venta origen: 1113 | Usuario origen: ALONDRA26 | Credito abonado origen: 0 | Status origen: 0
credit-note:1114,sale:1114,5,MIG-JM-CRED-1114,MIG-JM-VENTA-1114,2026-01-29,2026-02-13,15,8500,8500,0,Venta origen: 1114 | Usuario origen: ALONDRA26 | Credito abonado origen: 8500 | Status origen: 1
credit-note:1115,sale:1115,68,MIG-JM-CRED-1115,MIG-JM-VENTA-1115,2026-01-29,2026-01-29,1,2585,2585,0,Venta origen: 1115 | Usuario origen: ALONDRA26 | Credito abonado origen: 2585 | Status origen: 1
credit-note:1116,sale:1116,69,MIG-JM-CRED-1116,MIG-JM-VENTA-1116,2026-01-29,2026-02-28,30,5180,5180,0,Venta origen: 1116 | Usuario origen: ALONDRA26 | Credito abonado origen: 5180 | Status origen: 1
credit-note:1117,sale:1117,30,MIG-JM-CRED-1117,MIG-JM-VENTA-1117,2026-01-29,2026-02-28,30,1035,1035,0,Venta origen: 1117 | Usuario origen: ALONDRA26 | Credito abonado origen: 1035 | Status origen: 1
credit-note:1118,sale:1118,5,MIG-JM-CRED-1118,MIG-JM-VENTA-1118,2026-01-29,2026-02-13,15,6020,6020,0,Venta origen: 1118 | Usuario origen: ALONDRA26 | Credito abonado origen: 6020 | Status origen: 1
credit-note:1119,sale:1119,6,MIG-JM-CRED-1119,MIG-JM-VENTA-1119,2026-01-29,2026-01-29,1,1044,1044,0,Venta origen: 1119 | Usuario origen: ALONDRA26 | Credito abonado origen: 1044 | Status origen: 1
credit-note:1120,sale:1120,38,MIG-JM-CRED-1120,MIG-JM-VENTA-1120,2026-01-29,2026-02-28,30,1278,1278,0,Venta origen: 1120 | Usuario origen: ALONDRA26 | Credito abonado origen: 1278 | Status origen: 1
credit-note:1121,sale:1121,20,MIG-JM-CRED-1121,MIG-JM-VENTA-1121,2026-01-29,2026-02-28,30,231,0,231,Venta origen: 1121 | Usuario origen: ALONDRA26 | Credito abonado origen: 0 | Status origen: 1
credit-note:1122,sale:1122,35,MIG-JM-CRED-1122,MIG-JM-VENTA-1122,2026-01-29,2026-02-28,30,2000,2000,0,Venta origen: 1122 | Usuario origen: ALONDRA26 | Credito abonado origen: 2000 | Status origen: 1
credit-note:1123,sale:1123,52,MIG-JM-CRED-1123,MIG-JM-VENTA-1123,2026-01-29,2026-02-28,30,7160,7160,0,Venta origen: 1123 | Usuario origen: ALONDRA26 | Credito abonado origen: 7160 | Status origen: 1
credit-note:1124,sale:1124,36,MIG-JM-CRED-1124,MIG-JM-VENTA-1124,2026-01-30,2026-02-14,15,2500,2500,0,Venta origen: 1124 | Usuario origen: ALONDRA26 | Credito abonado origen: 2500 | Status origen: 1
credit-note:1125,sale:1125,5,MIG-JM-CRED-1125,MIG-JM-VENTA-1125,2026-01-30,2026-02-14,15,8200,8200,0,Venta origen: 1125 | Usuario origen: ALONDRA26 | Credito abonado origen: 8200 | Status origen: 1
credit-note:1126,sale:1126,6,MIG-JM-CRED-1126,MIG-JM-VENTA-1126,2026-01-30,2026-01-30,1,25,25,0,Venta origen: 1126 | Usuario origen: ALONDRA26 | Credito abonado origen: 25 | Status origen: 1
credit-note:1127,sale:1127,44,MIG-JM-CRED-1127,MIG-JM-VENTA-1127,2026-01-30,2026-03-01,30,1210,1210,0,Venta origen: 1127 | Usuario origen: ALONDRA26 | Credito abonado origen: 1210 | Status origen: 1
credit-note:1128,sale:1128,53,MIG-JM-CRED-1128,MIG-JM-VENTA-1128,2026-01-30,2026-03-01,30,1760,1760,0,Venta origen: 1128 | Usuario origen: ALONDRA26 | Credito abonado origen: 1760 | Status origen: 1
credit-note:1129,sale:1129,2,MIG-JM-CRED-1129,MIG-JM-VENTA-1129,2026-01-30,2026-02-14,15,104,104,0,Venta origen: 1129 | Usuario origen: ALONDRA26 | Credito abonado origen: 104 | Status origen: 1
credit-note:1130,sale:1130,29,MIG-JM-CRED-1130,MIG-JM-VENTA-1130,2026-01-30,2026-03-01,30,3960,3960,0,Venta origen: 1130 | Usuario origen: ALONDRA26 | Credito abonado origen: 3960 | Status origen: 1
credit-note:1131,sale:1131,2,MIG-JM-CRED-1131,MIG-JM-VENTA-1131,2026-01-30,2026-02-14,15,345,345,0,Venta origen: 1131 | Usuario origen: ALONDRA26 | Credito abonado origen: 345 | Status origen: 1
credit-note:1132,sale:1132,52,MIG-JM-CRED-1132,MIG-JM-VENTA-1132,2026-01-30,2026-03-01,30,708,708,0,Venta origen: 1132 | Usuario origen: ALONDRA26 | Credito abonado origen: 708 | Status origen: 1
credit-note:1133,sale:1133,53,MIG-JM-CRED-1133,MIG-JM-VENTA-1133,2026-01-30,2026-03-01,30,11500,11500,0,Venta origen: 1133 | Usuario origen: ALONDRA26 | Credito abonado origen: 11500 | Status origen: 1
credit-note:1134,sale:1134,53,MIG-JM-CRED-1134,MIG-JM-VENTA-1134,2026-01-30,2026-03-01,30,11500,11500,0,Venta origen: 1134 | Usuario origen: ALONDRA26 | Credito abonado origen: 11500 | Status origen: 1
credit-note:1135,sale:1135,53,MIG-JM-CRED-1135,MIG-JM-VENTA-1135,2026-01-30,2026-03-01,30,11500,11500,0,Venta origen: 1135 | Usuario origen: ALONDRA26 | Credito abonado origen: 11500 | Status origen: 1
credit-note:1136,sale:1136,70,MIG-JM-CRED-1136,MIG-JM-VENTA-1136,2026-01-30,2026-02-14,15,16000,16000,0,Venta origen: 1136 | Usuario origen: ALONDRA26 | Credito abonado origen: 16000 | Status origen: 1
credit-note:1137,sale:1137,53,MIG-JM-CRED-1137,MIG-JM-VENTA-1137,2026-01-30,2026-03-01,30,11500,0,11500,Venta origen: 1137 | Usuario origen: ALONDRA26 | Credito abonado origen: 0 | Status origen: 1
credit-note:1138,sale:1138,3,MIG-JM-CRED-1138,MIG-JM-VENTA-1138,2026-01-30,2026-02-14,15,1204.56,1204.56,0,Venta origen: 1138 | Usuario origen: Administrador | Credito abonado origen: 1204.56 | Status origen: 1
credit-note:1139,sale:1139,59,MIG-JM-CRED-1139,MIG-JM-VENTA-1139,2026-01-30,2026-03-01,30,445,0,445,Venta origen: 1139 | Usuario origen: ALONDRA26 | Credito abonado origen: 0 | Status origen: 0
credit-note:1140,sale:1140,53,MIG-JM-CRED-1140,MIG-JM-VENTA-1140,2026-01-30,2026-03-01,30,2640,2640,0,Venta origen: 1140 | Usuario origen: ALONDRA26 | Credito abonado origen: 2640 | Status origen: 1
credit-note:1141,sale:1141,53,MIG-JM-CRED-1141,MIG-JM-VENTA-1141,2026-01-30,2026-03-01,30,11500,0,11500,Venta origen: 1141 | Usuario origen: ALONDRA26 | Credito abonado origen: 0 | Status origen: 1
credit-note:1142,sale:1142,53,MIG-JM-CRED-1142,MIG-JM-VENTA-1142,2026-01-30,2026-03-01,30,11500,0,11500,Venta origen: 1142 | Usuario origen: ALONDRA26 | Credito abonado origen: 0 | Status origen: 1
credit-note:1143,sale:1143,53,MIG-JM-CRED-1143,MIG-JM-VENTA-1143,2026-01-30,2026-03-01,30,11500,0,11500,Venta origen: 1143 | Usuario origen: ALONDRA26 | Credito abonado origen: 0 | Status origen: 1
credit-note:1144,sale:1144,53,MIG-JM-CRED-1144,MIG-JM-VENTA-1144,2026-01-30,2026-03-01,30,11500,0,11500,Venta origen: 1144 | Usuario origen: ALONDRA26 | Credito abonado origen: 0 | Status origen: 1
credit-note:1145,sale:1145,53,MIG-JM-CRED-1145,MIG-JM-VENTA-1145,2026-01-30,2026-03-01,30,11500,0,11500,Venta origen: 1145 | Usuario origen: ALONDRA26 | Credito abonado origen: 0 | Status origen: 1
credit-note:1146,sale:1146,32,MIG-JM-CRED-1146,MIG-JM-VENTA-1146,2026-01-31,2026-02-15,15,4200,4200,0,Venta origen: 1146 | Usuario origen: ALONDRA26 | Credito abonado origen: 4200 | Status origen: 1
credit-note:1147,sale:1147,30,MIG-JM-CRED-1147,MIG-JM-VENTA-1147,2026-01-31,2026-03-02,30,575,575,0,Venta origen: 1147 | Usuario origen: ALONDRA26 | Credito abonado origen: 575 | Status origen: 1
credit-note:1148,sale:1148,3,MIG-JM-CRED-1148,MIG-JM-VENTA-1148,2026-01-31,2026-02-15,15,705,705,0,Venta origen: 1148 | Usuario origen: ALONDRA26 | Credito abonado origen: 705 | Status origen: 1
credit-note:1149,sale:1149,7,MIG-JM-CRED-1149,MIG-JM-VENTA-1149,2026-01-31,2026-03-02,30,2752,2752,0,Venta origen: 1149 | Usuario origen: ALONDRA26 | Credito abonado origen: 2752 | Status origen: 1
credit-note:1150,sale:1150,5,MIG-JM-CRED-1150,MIG-JM-VENTA-1150,2026-02-02,2026-02-17,15,3600,3600,0,Venta origen: 1150 | Usuario origen: ALONDRA26 | Credito abonado origen: 3600 | Status origen: 1
credit-note:1151,sale:1151,5,MIG-JM-CRED-1151,MIG-JM-VENTA-1151,2026-02-02,2026-02-17,15,3600,3600,0,Venta origen: 1151 | Usuario origen: ALONDRA26 | Credito abonado origen: 3600 | Status origen: 1
credit-note:1152,sale:1152,53,MIG-JM-CRED-1152,MIG-JM-VENTA-1152,2026-02-02,2026-03-04,30,2250,2250,0,Venta origen: 1152 | Usuario origen: ALONDRA26 | Credito abonado origen: 2250 | Status origen: 1
credit-note:1153,sale:1153,53,MIG-JM-CRED-1153,MIG-JM-VENTA-1153,2026-02-02,2026-03-04,30,10745,10745,0,Venta origen: 1153 | Usuario origen: ALONDRA26 | Credito abonado origen: 10745 | Status origen: 1
credit-note:1154,sale:1154,59,MIG-JM-CRED-1154,MIG-JM-VENTA-1154,2026-02-02,2026-03-04,30,340,340,0,Venta origen: 1154 | Usuario origen: ALONDRA26 | Credito abonado origen: 340 | Status origen: 1
credit-note:1155,sale:1155,30,MIG-JM-CRED-1155,MIG-JM-VENTA-1155,2026-02-02,2026-03-04,30,251,251,0,Venta origen: 1155 | Usuario origen: ALONDRA26 | Credito abonado origen: 251 | Status origen: 1
credit-note:1156,sale:1156,19,MIG-JM-CRED-1156,MIG-JM-VENTA-1156,2026-02-02,2026-02-17,15,14400,14400,0,Venta origen: 1156 | Usuario origen: ALONDRA26 | Credito abonado origen: 14400 | Status origen: 1
credit-note:1157,sale:1157,19,MIG-JM-CRED-1157,MIG-JM-VENTA-1157,2026-02-02,2026-02-17,15,7200,7200,0,Venta origen: 1157 | Usuario origen: ALONDRA26 | Credito abonado origen: 7200 | Status origen: 1
credit-note:1158,sale:1158,2,MIG-JM-CRED-1158,MIG-JM-VENTA-1158,2026-02-02,2026-02-17,15,22,22,0,Venta origen: 1158 | Usuario origen: ALONDRA26 | Credito abonado origen: 22 | Status origen: 1
credit-note:1159,sale:1159,30,MIG-JM-CRED-1159,MIG-JM-VENTA-1159,2026-02-02,2026-03-04,30,575,575,0,Venta origen: 1159 | Usuario origen: ALONDRA26 | Credito abonado origen: 575 | Status origen: 1
credit-note:1160,sale:1160,6,MIG-JM-CRED-1160,MIG-JM-VENTA-1160,2026-02-02,2026-02-02,1,1267,1267,0,Venta origen: 1160 | Usuario origen: ALONDRA26 | Credito abonado origen: 1267 | Status origen: 1
credit-note:1161,sale:1161,5,MIG-JM-CRED-1161,MIG-JM-VENTA-1161,2026-02-02,2026-02-17,15,610,610,0,Venta origen: 1161 | Usuario origen: ALONDRA26 | Credito abonado origen: 610 | Status origen: 1
credit-note:1162,sale:1162,5,MIG-JM-CRED-1162,MIG-JM-VENTA-1162,2026-02-02,2026-02-17,15,434,434,0,Venta origen: 1162 | Usuario origen: ALONDRA26 | Credito abonado origen: 434 | Status origen: 1
credit-note:1163,sale:1163,49,MIG-JM-CRED-1163,MIG-JM-VENTA-1163,2026-02-02,2026-02-17,15,2100,2100,0,Venta origen: 1163 | Usuario origen: ALONDRA26 | Credito abonado origen: 2100 | Status origen: 1
credit-note:1164,sale:1164,8,MIG-JM-CRED-1164,MIG-JM-VENTA-1164,2026-02-03,2026-02-18,15,104,104,0,Venta origen: 1164 | Usuario origen: ALONDRA26 | Credito abonado origen: 104 | Status origen: 1
credit-note:1165,sale:1165,5,MIG-JM-CRED-1165,MIG-JM-VENTA-1165,2026-02-03,2026-02-18,15,8600,8600,0,Venta origen: 1165 | Usuario origen: ALONDRA26 | Credito abonado origen: 8600 | Status origen: 1
credit-note:1166,sale:1166,56,MIG-JM-CRED-1166,MIG-JM-VENTA-1166,2026-02-03,2026-03-05,30,9300,9300,0,Venta origen: 1166 | Usuario origen: ALONDRA26 | Credito abonado origen: 9300 | Status origen: 1
credit-note:1167,sale:1167,18,MIG-JM-CRED-1167,MIG-JM-VENTA-1167,2026-02-03,2026-02-18,15,3800,3800,0,Venta origen: 1167 | Usuario origen: ALONDRA26 | Credito abonado origen: 3800 | Status origen: 1
credit-note:1168,sale:1168,53,MIG-JM-CRED-1168,MIG-JM-VENTA-1168,2026-02-03,2026-03-05,30,42700,42700,0,Venta origen: 1168 | Usuario origen: ALONDRA26 | Credito abonado origen: 42700 | Status origen: 1
credit-note:1169,sale:1169,30,MIG-JM-CRED-1169,MIG-JM-VENTA-1169,2026-02-03,2026-02-18,15,74,74,0,Venta origen: 1169 | Usuario origen: ALONDRA26 | Credito abonado origen: 74 | Status origen: 1
credit-note:1170,sale:1170,52,MIG-JM-CRED-1170,MIG-JM-VENTA-1170,2026-02-03,2026-03-05,30,2058,2058,0,Venta origen: 1170 | Usuario origen: ALONDRA26 | Credito abonado origen: 2058 | Status origen: 1
credit-note:1171,sale:1171,71,MIG-JM-CRED-1171,MIG-JM-VENTA-1171,2026-02-03,2026-02-18,15,16000,16000,0,Venta origen: 1171 | Usuario origen: ALONDRA26 | Credito abonado origen: 16000 | Status origen: 1
credit-note:1172,sale:1172,32,MIG-JM-CRED-1172,MIG-JM-VENTA-1172,2026-02-03,2026-03-05,30,4700,0,4700,Venta origen: 1172 | Usuario origen: ALONDRA26 | Credito abonado origen: 0 | Status origen: 1
credit-note:1173,sale:1173,18,MIG-JM-CRED-1173,MIG-JM-VENTA-1173,2026-02-03,2026-02-18,15,3710,3710,0,Venta origen: 1173 | Usuario origen: ALONDRA26 | Credito abonado origen: 3710 | Status origen: 1
credit-note:1174,sale:1174,64,MIG-JM-CRED-1174,MIG-JM-VENTA-1174,2026-02-03,2026-03-05,30,1275,1275,0,Venta origen: 1174 | Usuario origen: ALONDRA26 | Credito abonado origen: 1275 | Status origen: 1
credit-note:1175,sale:1175,64,MIG-JM-CRED-1175,MIG-JM-VENTA-1175,2026-02-03,2026-03-05,30,50,50,0,Venta origen: 1175 | Usuario origen: ALONDRA26 | Credito abonado origen: 50 | Status origen: 1
credit-note:1176,sale:1176,2,MIG-JM-CRED-1176,MIG-JM-VENTA-1176,2026-02-03,2026-02-18,15,18,18,0,Venta origen: 1176 | Usuario origen: ALONDRA26 | Credito abonado origen: 18 | Status origen: 1
credit-note:1177,sale:1177,68,MIG-JM-CRED-1177,MIG-JM-VENTA-1177,2026-02-04,2026-02-19,15,1340,1340,0,Venta origen: 1177 | Usuario origen: ALONDRA26 | Credito abonado origen: 1340 | Status origen: 1
credit-note:1178,sale:1178,53,MIG-JM-CRED-1178,MIG-JM-VENTA-1178,2026-02-04,2026-03-06,30,11500,0,11500,Venta origen: 1178 | Usuario origen: ALONDRA26 | Credito abonado origen: 0 | Status origen: 0
credit-note:1179,sale:1179,2,MIG-JM-CRED-1179,MIG-JM-VENTA-1179,2026-02-04,2026-02-19,15,80,80,0,Venta origen: 1179 | Usuario origen: ALONDRA26 | Credito abonado origen: 80 | Status origen: 1
credit-note:1180,sale:1180,68,MIG-JM-CRED-1180,MIG-JM-VENTA-1180,2026-02-04,2026-02-04,1,8550,8550,0,Venta origen: 1180 | Usuario origen: ALONDRA26 | Credito abonado origen: 8550 | Status origen: 1
credit-note:1181,sale:1181,7,MIG-JM-CRED-1181,MIG-JM-VENTA-1181,2026-02-04,2026-03-06,30,90,90,0,Venta origen: 1181 | Usuario origen: ALONDRA26 | Credito abonado origen: 90 | Status origen: 1
credit-note:1182,sale:1182,58,MIG-JM-CRED-1182,MIG-JM-VENTA-1182,2026-02-04,2026-03-06,30,860,860,0,Venta origen: 1182 | Usuario origen: ALONDRA26 | Credito abonado origen: 860 | Status origen: 1
credit-note:1183,sale:1183,2,MIG-JM-CRED-1183,MIG-JM-VENTA-1183,2026-02-04,2026-02-04,1,98,98,0,Venta origen: 1183 | Usuario origen: ALONDRA26 | Credito abonado origen: 98 | Status origen: 1
credit-note:1184,sale:1184,73,MIG-JM-CRED-1184,MIG-JM-VENTA-1184,2026-02-04,2026-03-06,30,3000,3000,0,Venta origen: 1184 | Usuario origen: ALONDRA26 | Credito abonado origen: 3000 | Status origen: 1
credit-note:1185,sale:1185,73,MIG-JM-CRED-1185,MIG-JM-VENTA-1185,2026-02-04,2026-03-06,30,41000,41000,0,Venta origen: 1185 | Usuario origen: ALONDRA26 | Credito abonado origen: 41000 | Status origen: 1
credit-note:1186,sale:1186,52,MIG-JM-CRED-1186,MIG-JM-VENTA-1186,2026-02-04,2026-03-06,30,928,928,0,Venta origen: 1186 | Usuario origen: ALONDRA26 | Credito abonado origen: 928 | Status origen: 1
credit-note:1187,sale:1187,19,MIG-JM-CRED-1187,MIG-JM-VENTA-1187,2026-02-04,2026-02-19,15,11700,11700,0,Venta origen: 1187 | Usuario origen: ALONDRA26 | Credito abonado origen: 11700 | Status origen: 1
credit-note:1188,sale:1188,53,MIG-JM-CRED-1188,MIG-JM-VENTA-1188,2026-02-04,2026-03-06,30,8500,8500,0,Venta origen: 1188 | Usuario origen: ALONDRA26 | Credito abonado origen: 8500 | Status origen: 1
credit-note:1189,sale:1189,53,MIG-JM-CRED-1189,MIG-JM-VENTA-1189,2026-02-04,2026-03-06,30,8500,8500,0,Venta origen: 1189 | Usuario origen: ALONDRA26 | Credito abonado origen: 8500 | Status origen: 1
credit-note:1190,sale:1190,53,MIG-JM-CRED-1190,MIG-JM-VENTA-1190,2026-02-04,2026-03-06,30,8500,8500,0,Venta origen: 1190 | Usuario origen: ALONDRA26 | Credito abonado origen: 8500 | Status origen: 1
credit-note:1191,sale:1191,53,MIG-JM-CRED-1191,MIG-JM-VENTA-1191,2026-02-04,2026-03-06,30,8500,0,8500,Venta origen: 1191 | Usuario origen: ALONDRA26 | Credito abonado origen: 0 | Status origen: 0
credit-note:1192,sale:1192,53,MIG-JM-CRED-1192,MIG-JM-VENTA-1192,2026-02-04,2026-03-06,30,8500,8500,0,Venta origen: 1192 | Usuario origen: ALONDRA26 | Credito abonado origen: 8500 | Status origen: 1
credit-note:1193,sale:1193,5,MIG-JM-CRED-1193,MIG-JM-VENTA-1193,2026-02-04,2026-02-19,15,7200,7200,0,Venta origen: 1193 | Usuario origen: ALONDRA26 | Credito abonado origen: 7200 | Status origen: 1
credit-note:1194,sale:1194,2,MIG-JM-CRED-1194,MIG-JM-VENTA-1194,2026-02-05,2026-02-05,1,868,868,0,Venta origen: 1194 | Usuario origen: ALONDRA26 | Credito abonado origen: 868 | Status origen: 1
credit-note:1195,sale:1195,53,MIG-JM-CRED-1195,MIG-JM-VENTA-1195,2026-02-05,2026-03-07,30,1760,1760,0,Venta origen: 1195 | Usuario origen: ALONDRA26 | Credito abonado origen: 1760 | Status origen: 1
credit-note:1196,sale:1196,27,MIG-JM-CRED-1196,MIG-JM-VENTA-1196,2026-02-05,2026-02-20,15,2506,2506,0,Venta origen: 1196 | Usuario origen: ALONDRA26 | Credito abonado origen: 2506 | Status origen: 1
credit-note:1197,sale:1197,74,MIG-JM-CRED-1197,MIG-JM-VENTA-1197,2026-02-05,2026-03-07,30,18800,18800,0,Venta origen: 1197 | Usuario origen: ALONDRA26 | Credito abonado origen: 18800 | Status origen: 1
credit-note:1198,sale:1198,4,MIG-JM-CRED-1198,MIG-JM-VENTA-1198,2026-02-05,2026-03-07,30,4700,4700,0,Venta origen: 1198 | Usuario origen: ALONDRA26 | Credito abonado origen: 4700 | Status origen: 1
credit-note:1199,sale:1199,4,MIG-JM-CRED-1199,MIG-JM-VENTA-1199,2026-02-05,2026-03-07,30,4200,4200,0,Venta origen: 1199 | Usuario origen: ALONDRA26 | Credito abonado origen: 4200 | Status origen: 1
credit-note:1200,sale:1200,18,MIG-JM-CRED-1200,MIG-JM-VENTA-1200,2026-02-05,2026-02-20,15,4000,4000,0,Venta origen: 1200 | Usuario origen: ALONDRA26 | Credito abonado origen: 4000 | Status origen: 1
credit-note:1201,sale:1201,53,MIG-JM-CRED-1201,MIG-JM-VENTA-1201,2026-02-05,2026-03-07,30,963,963,0,Venta origen: 1201 | Usuario origen: ALONDRA26 | Credito abonado origen: 963 | Status origen: 1
credit-note:1202,sale:1202,30,MIG-JM-CRED-1202,MIG-JM-VENTA-1202,2026-02-05,2026-03-07,30,230,230,0,Venta origen: 1202 | Usuario origen: ALONDRA26 | Credito abonado origen: 230 | Status origen: 1
credit-note:1203,sale:1203,35,MIG-JM-CRED-1203,MIG-JM-VENTA-1203,2026-02-05,2026-03-07,30,8300,8300,0,Venta origen: 1203 | Usuario origen: ALONDRA26 | Credito abonado origen: 8300 | Status origen: 1
credit-note:1204,sale:1204,5,MIG-JM-CRED-1204,MIG-JM-VENTA-1204,2026-02-06,2026-02-21,15,7200,0,7200,Venta origen: 1204 | Usuario origen: ALONDRA26 | Credito abonado origen: 0 | Status origen: 0
credit-note:1205,sale:1205,5,MIG-JM-CRED-1205,MIG-JM-VENTA-1205,2026-02-06,2026-02-21,15,8200,8200,0,Venta origen: 1205 | Usuario origen: ALONDRA26 | Credito abonado origen: 8200 | Status origen: 1
credit-note:1206,sale:1206,2,MIG-JM-CRED-1206,MIG-JM-VENTA-1206,2026-02-06,2026-02-06,1,74,74,0,Venta origen: 1206 | Usuario origen: ALONDRA26 | Credito abonado origen: 74 | Status origen: 1
credit-note:1207,sale:1207,74,MIG-JM-CRED-1207,MIG-JM-VENTA-1207,2026-02-06,2026-03-08,30,8700,8700,0,Venta origen: 1207 | Usuario origen: ALONDRA26 | Credito abonado origen: 8700 | Status origen: 1
credit-note:1208,sale:1208,18,MIG-JM-CRED-1208,MIG-JM-VENTA-1208,2026-02-06,2026-02-21,15,45,45,0,Venta origen: 1208 | Usuario origen: ALONDRA26 | Credito abonado origen: 45 | Status origen: 1
credit-note:1209,sale:1209,2,MIG-JM-CRED-1209,MIG-JM-VENTA-1209,2026-02-06,2026-02-06,1,95,95,0,Venta origen: 1209 | Usuario origen: ALONDRA26 | Credito abonado origen: 95 | Status origen: 1
credit-note:1210,sale:1210,52,MIG-JM-CRED-1210,MIG-JM-VENTA-1210,2026-02-06,2026-03-08,30,7600,7600,0,Venta origen: 1210 | Usuario origen: ALONDRA26 | Credito abonado origen: 7600 | Status origen: 1
credit-note:1211,sale:1211,6,MIG-JM-CRED-1211,MIG-JM-VENTA-1211,2026-02-07,2026-02-07,1,1276,1276,0,Venta origen: 1211 | Usuario origen: ALONDRA26 | Credito abonado origen: 1276 | Status origen: 1
credit-note:1212,sale:1212,6,MIG-JM-CRED-1212,MIG-JM-VENTA-1212,2026-02-07,2026-02-07,1,75,75,0,Venta origen: 1212 | Usuario origen: ALONDRA26 | Credito abonado origen: 75 | Status origen: 1
credit-note:1213,sale:1213,5,MIG-JM-CRED-1213,MIG-JM-VENTA-1213,2026-02-07,2026-02-22,15,7200,7200,0,Venta origen: 1213 | Usuario origen: ALONDRA26 | Credito abonado origen: 7200 | Status origen: 1
credit-note:1214,sale:1214,5,MIG-JM-CRED-1214,MIG-JM-VENTA-1214,2026-02-07,2026-02-22,15,700,700,0,Venta origen: 1214 | Usuario origen: ALONDRA26 | Credito abonado origen: 700 | Status origen: 1
credit-note:1215,sale:1215,6,MIG-JM-CRED-1215,MIG-JM-VENTA-1215,2026-02-07,2026-02-07,1,225,225,0,Venta origen: 1215 | Usuario origen: ALONDRA26 | Credito abonado origen: 225 | Status origen: 1
credit-note:1216,sale:1216,6,MIG-JM-CRED-1216,MIG-JM-VENTA-1216,2026-02-07,2026-02-07,1,225,225,0,Venta origen: 1216 | Usuario origen: ALONDRA26 | Credito abonado origen: 225 | Status origen: 1
credit-note:1217,sale:1217,58,MIG-JM-CRED-1217,MIG-JM-VENTA-1217,2026-02-07,2026-03-09,30,1992,1992,0,Venta origen: 1217 | Usuario origen: ALONDRA26 | Credito abonado origen: 1992 | Status origen: 1
credit-note:1218,sale:1218,2,MIG-JM-CRED-1218,MIG-JM-VENTA-1218,2026-02-07,2026-02-07,1,2320,2320,0,Venta origen: 1218 | Usuario origen: ALONDRA26 | Credito abonado origen: 2320 | Status origen: 1
credit-note:1219,sale:1219,2,MIG-JM-CRED-1219,MIG-JM-VENTA-1219,2026-02-09,2026-02-24,15,148,148,0,Venta origen: 1219 | Usuario origen: ALONDRA26 | Credito abonado origen: 148 | Status origen: 1
credit-note:1220,sale:1220,65,MIG-JM-CRED-1220,MIG-JM-VENTA-1220,2026-02-09,2026-03-11,30,17600,17600,0,Venta origen: 1220 | Usuario origen: ALONDRA26 | Credito abonado origen: 17600 | Status origen: 1
credit-note:1221,sale:1221,2,MIG-JM-CRED-1221,MIG-JM-VENTA-1221,2026-02-09,2026-02-24,15,6,6,0,Venta origen: 1221 | Usuario origen: ALONDRA26 | Credito abonado origen: 6 | Status origen: 1
credit-note:1222,sale:1222,7,MIG-JM-CRED-1222,MIG-JM-VENTA-1222,2026-02-09,2026-03-11,30,104,104,0,Venta origen: 1222 | Usuario origen: ALONDRA26 | Credito abonado origen: 104 | Status origen: 1
credit-note:1223,sale:1223,2,MIG-JM-CRED-1223,MIG-JM-VENTA-1223,2026-02-09,2026-02-24,15,70,70,0,Venta origen: 1223 | Usuario origen: ALONDRA26 | Credito abonado origen: 70 | Status origen: 1
credit-note:1224,sale:1224,65,MIG-JM-CRED-1224,MIG-JM-VENTA-1224,2026-02-09,2026-03-11,30,4000,4000,0,Venta origen: 1224 | Usuario origen: ALONDRA26 | Credito abonado origen: 4000 | Status origen: 1
credit-note:1225,sale:1225,7,MIG-JM-CRED-1225,MIG-JM-VENTA-1225,2026-02-09,2026-03-11,30,99,99,0,Venta origen: 1225 | Usuario origen: ALONDRA26 | Credito abonado origen: 99 | Status origen: 1
credit-note:1226,sale:1226,52,MIG-JM-CRED-1226,MIG-JM-VENTA-1226,2026-02-09,2026-03-11,30,4700,4700,0,Venta origen: 1226 | Usuario origen: ALONDRA26 | Credito abonado origen: 4700 | Status origen: 1
credit-note:1227,sale:1227,56,MIG-JM-CRED-1227,MIG-JM-VENTA-1227,2026-02-10,2026-03-12,30,9300,9300,0,Venta origen: 1227 | Usuario origen: ALONDRA26 | Credito abonado origen: 9300 | Status origen: 1
credit-note:1228,sale:1228,2,MIG-JM-CRED-1228,MIG-JM-VENTA-1228,2026-02-10,2026-02-25,15,18,18,0,Venta origen: 1228 | Usuario origen: ALONDRA26 | Credito abonado origen: 18 | Status origen: 1
credit-note:1229,sale:1229,30,MIG-JM-CRED-1229,MIG-JM-VENTA-1229,2026-02-10,2026-03-12,30,3200,3200,0,Venta origen: 1229 | Usuario origen: ALONDRA26 | Credito abonado origen: 3200 | Status origen: 1
credit-note:1230,sale:1230,2,MIG-JM-CRED-1230,MIG-JM-VENTA-1230,2026-02-10,2026-02-25,15,3516,3516,0,Venta origen: 1230 | Usuario origen: ALONDRA26 | Credito abonado origen: 3516 | Status origen: 1
credit-note:1231,sale:1231,5,MIG-JM-CRED-1231,MIG-JM-VENTA-1231,2026-02-10,2026-02-25,15,3600,3600,0,Venta origen: 1231 | Usuario origen: ALONDRA26 | Credito abonado origen: 3600 | Status origen: 1
credit-note:1232,sale:1232,64,MIG-JM-CRED-1232,MIG-JM-VENTA-1232,2026-02-10,2026-03-12,30,14997,14997,0,Venta origen: 1232 | Usuario origen: ALONDRA26 | Credito abonado origen: 14997 | Status origen: 1
credit-note:1233,sale:1233,53,MIG-JM-CRED-1233,MIG-JM-VENTA-1233,2026-02-10,2026-03-12,30,12975,12975,0,Venta origen: 1233 | Usuario origen: ALONDRA26 | Credito abonado origen: 12975 | Status origen: 1
credit-note:1234,sale:1234,53,MIG-JM-CRED-1234,MIG-JM-VENTA-1234,2026-02-10,2026-03-12,30,2005,2005,0,Venta origen: 1234 | Usuario origen: ALONDRA26 | Credito abonado origen: 2005 | Status origen: 1
credit-note:1235,sale:1235,53,MIG-JM-CRED-1235,MIG-JM-VENTA-1235,2026-02-10,2026-03-12,30,4200,4200,0,Venta origen: 1235 | Usuario origen: ALONDRA26 | Credito abonado origen: 4200 | Status origen: 1
credit-note:1236,sale:1236,53,MIG-JM-CRED-1236,MIG-JM-VENTA-1236,2026-02-10,2026-03-12,30,2200,2200,0,Venta origen: 1236 | Usuario origen: ALONDRA26 | Credito abonado origen: 2200 | Status origen: 1
credit-note:1237,sale:1237,5,MIG-JM-CRED-1237,MIG-JM-VENTA-1237,2026-02-10,2026-02-25,15,12800,12800,0,Venta origen: 1237 | Usuario origen: ALONDRA26 | Credito abonado origen: 12800 | Status origen: 1
credit-note:1238,sale:1238,75,MIG-JM-CRED-1238,MIG-JM-VENTA-1238,2026-02-11,2026-03-13,30,4700,4700,0,Venta origen: 1238 | Usuario origen: ALONDRA26 | Credito abonado origen: 4700 | Status origen: 1
credit-note:1239,sale:1239,49,MIG-JM-CRED-1239,MIG-JM-VENTA-1239,2026-02-11,2026-02-26,15,4200,4200,0,Venta origen: 1239 | Usuario origen: ALONDRA26 | Credito abonado origen: 4200 | Status origen: 1
credit-note:1240,sale:1240,76,MIG-JM-CRED-1240,MIG-JM-VENTA-1240,2026-02-11,2026-03-13,30,2830,2830,0,Venta origen: 1240 | Usuario origen: ALONDRA26 | Credito abonado origen: 2830 | Status origen: 1
credit-note:1241,sale:1241,52,MIG-JM-CRED-1241,MIG-JM-VENTA-1241,2026-02-11,2026-03-13,30,7700,7700,0,Venta origen: 1241 | Usuario origen: ALONDRA26 | Credito abonado origen: 7700 | Status origen: 1
credit-note:1242,sale:1242,27,MIG-JM-CRED-1242,MIG-JM-VENTA-1242,2026-02-11,2026-02-26,15,310,310,0,Venta origen: 1242 | Usuario origen: ALONDRA26 | Credito abonado origen: 310 | Status origen: 1
credit-note:1243,sale:1243,52,MIG-JM-CRED-1243,MIG-JM-VENTA-1243,2026-02-11,2026-03-13,30,3800,6338,0,Venta origen: 1243 | Usuario origen: ALONDRA26 | Credito abonado origen: 3800 | Status origen: 1
credit-note:1244,sale:1244,56,MIG-JM-CRED-1244,MIG-JM-VENTA-1244,2026-02-12,2026-03-14,30,10280,10280,0,Venta origen: 1244 | Usuario origen: ALONDRA26 | Credito abonado origen: 10280 | Status origen: 1
credit-note:1245,sale:1245,2,MIG-JM-CRED-1245,MIG-JM-VENTA-1245,2026-02-12,2026-02-27,15,2904,2904,0,Venta origen: 1245 | Usuario origen: ALONDRA26 | Credito abonado origen: 2904 | Status origen: 1
credit-note:1246,sale:1246,52,MIG-JM-CRED-1246,MIG-JM-VENTA-1246,2026-02-12,2026-03-14,30,4900,4900,0,Venta origen: 1246 | Usuario origen: ALONDRA26 | Credito abonado origen: 4900 | Status origen: 1
credit-note:1247,sale:1247,5,MIG-JM-CRED-1247,MIG-JM-VENTA-1247,2026-02-12,2026-02-27,15,7200,7200,0,Venta origen: 1247 | Usuario origen: ALONDRA26 | Credito abonado origen: 7200 | Status origen: 1
credit-note:1248,sale:1248,5,MIG-JM-CRED-1248,MIG-JM-VENTA-1248,2026-02-12,2026-02-27,15,3600,3600,0,Venta origen: 1248 | Usuario origen: ALONDRA26 | Credito abonado origen: 3600 | Status origen: 1
credit-note:1249,sale:1249,2,MIG-JM-CRED-1249,MIG-JM-VENTA-1249,2026-02-12,2026-02-27,15,600,600,0,Venta origen: 1249 | Usuario origen: ALONDRA26 | Credito abonado origen: 600 | Status origen: 1
credit-note:1250,sale:1250,7,MIG-JM-CRED-1250,MIG-JM-VENTA-1250,2026-02-12,2026-03-14,30,90,90,0,Venta origen: 1250 | Usuario origen: ALONDRA26 | Credito abonado origen: 90 | Status origen: 1
credit-note:1251,sale:1251,2,MIG-JM-CRED-1251,MIG-JM-VENTA-1251,2026-02-12,2026-02-27,15,100,100,0,Venta origen: 1251 | Usuario origen: ALONDRA26 | Credito abonado origen: 100 | Status origen: 1
credit-note:1252,sale:1252,2,MIG-JM-CRED-1252,MIG-JM-VENTA-1252,2026-02-12,2026-02-12,1,1855,1855,0,Venta origen: 1252 | Usuario origen: ALONDRA26 | Credito abonado origen: 1855 | Status origen: 1
credit-note:1253,sale:1253,2,MIG-JM-CRED-1253,MIG-JM-VENTA-1253,2026-02-12,2026-02-27,15,1405,1405,0,Venta origen: 1253 | Usuario origen: ALONDRA26 | Credito abonado origen: 1405 | Status origen: 1
credit-note:1254,sale:1254,35,MIG-JM-CRED-1254,MIG-JM-VENTA-1254,2026-02-13,2026-03-15,30,5150,5150,0,Venta origen: 1254 | Usuario origen: ALONDRA26 | Credito abonado origen: 5150 | Status origen: 1
credit-note:1255,sale:1255,48,MIG-JM-CRED-1255,MIG-JM-VENTA-1255,2026-02-13,2026-02-28,15,1470,1470,0,Venta origen: 1255 | Usuario origen: ALONDRA26 | Credito abonado origen: 1470 | Status origen: 1
credit-note:1256,sale:1256,2,MIG-JM-CRED-1256,MIG-JM-VENTA-1256,2026-02-13,2026-02-28,15,14,14,0,Venta origen: 1256 | Usuario origen: ALONDRA26 | Credito abonado origen: 14 | Status origen: 1
credit-note:1257,sale:1257,30,MIG-JM-CRED-1257,MIG-JM-VENTA-1257,2026-02-13,2026-03-15,30,1660,1660,0,Venta origen: 1257 | Usuario origen: ALONDRA26 | Credito abonado origen: 1660 | Status origen: 1
credit-note:1258,sale:1258,7,MIG-JM-CRED-1258,MIG-JM-VENTA-1258,2026-02-13,2026-03-15,30,62,62,0,Venta origen: 1258 | Usuario origen: ALONDRA26 | Credito abonado origen: 62 | Status origen: 1
credit-note:1259,sale:1259,47,MIG-JM-CRED-1259,MIG-JM-VENTA-1259,2026-02-13,2026-03-15,30,49,49,0,Venta origen: 1259 | Usuario origen: ALONDRA26 | Credito abonado origen: 49 | Status origen: 1
credit-note:1260,sale:1260,4,MIG-JM-CRED-1260,MIG-JM-VENTA-1260,2026-02-14,2026-03-16,30,4960,4960,0,Venta origen: 1260 | Usuario origen: ALONDRA26 | Credito abonado origen: 4960 | Status origen: 1
credit-note:1261,sale:1261,5,MIG-JM-CRED-1261,MIG-JM-VENTA-1261,2026-02-14,2026-03-01,15,3600,3600,0,Venta origen: 1261 | Usuario origen: ALONDRA26 | Credito abonado origen: 3600 | Status origen: 1
credit-note:1262,sale:1262,56,MIG-JM-CRED-1262,MIG-JM-VENTA-1262,2026-02-16,2026-03-18,30,9300,9300,0,Venta origen: 1262 | Usuario origen: ALONDRA26 | Credito abonado origen: 9300 | Status origen: 1
credit-note:1263,sale:1263,5,MIG-JM-CRED-1263,MIG-JM-VENTA-1263,2026-02-16,2026-03-03,15,7200,7200,0,Venta origen: 1263 | Usuario origen: ALONDRA26 | Credito abonado origen: 7200 | Status origen: 1
credit-note:1264,sale:1264,7,MIG-JM-CRED-1264,MIG-JM-VENTA-1264,2026-02-16,2026-03-18,30,119,119,0,Venta origen: 1264 | Usuario origen: ALONDRA26 | Credito abonado origen: 119 | Status origen: 1
credit-note:1265,sale:1265,53,MIG-JM-CRED-1265,MIG-JM-VENTA-1265,2026-02-16,2026-03-18,30,7841.5,7841.5,0,Venta origen: 1265 | Usuario origen: ALONDRA26 | Credito abonado origen: 7841.5 | Status origen: 1
credit-note:1266,sale:1266,6,MIG-JM-CRED-1266,MIG-JM-VENTA-1266,2026-02-16,2026-02-16,1,1040,1040,0,Venta origen: 1266 | Usuario origen: ALONDRA26 | Credito abonado origen: 1040 | Status origen: 1
credit-note:1267,sale:1267,53,MIG-JM-CRED-1267,MIG-JM-VENTA-1267,2026-02-16,2026-03-18,30,10320,10320,0,Venta origen: 1267 | Usuario origen: ALONDRA26 | Credito abonado origen: 10320 | Status origen: 1
credit-note:1268,sale:1268,53,MIG-JM-CRED-1268,MIG-JM-VENTA-1268,2026-02-16,2026-03-18,30,831,831,0,Venta origen: 1268 | Usuario origen: ALONDRA26 | Credito abonado origen: 831 | Status origen: 1
credit-note:1269,sale:1269,53,MIG-JM-CRED-1269,MIG-JM-VENTA-1269,2026-02-16,2026-03-18,30,11300,11300,0,Venta origen: 1269 | Usuario origen: ALONDRA26 | Credito abonado origen: 11300 | Status origen: 1
credit-note:1270,sale:1270,8,MIG-JM-CRED-1270,MIG-JM-VENTA-1270,2026-02-16,2026-03-03,15,8400,8400,0,Venta origen: 1270 | Usuario origen: ALONDRA26 | Credito abonado origen: 8400 | Status origen: 1
credit-note:1271,sale:1271,2,MIG-JM-CRED-1271,MIG-JM-VENTA-1271,2026-02-16,2026-02-16,1,14,14,0,Venta origen: 1271 | Usuario origen: ALONDRA26 | Credito abonado origen: 14 | Status origen: 1
credit-note:1272,sale:1272,2,MIG-JM-CRED-1272,MIG-JM-VENTA-1272,2026-02-16,2026-03-03,15,750,750,0,Venta origen: 1272 | Usuario origen: ALONDRA26 | Credito abonado origen: 750 | Status origen: 1
credit-note:1273,sale:1273,2,MIG-JM-CRED-1273,MIG-JM-VENTA-1273,2026-02-16,2026-03-03,15,70,70,0,Venta origen: 1273 | Usuario origen: ALONDRA26 | Credito abonado origen: 70 | Status origen: 1
credit-note:1274,sale:1274,5,MIG-JM-CRED-1274,MIG-JM-VENTA-1274,2026-02-16,2026-03-03,15,9200,9200,0,Venta origen: 1274 | Usuario origen: ALONDRA26 | Credito abonado origen: 9200 | Status origen: 1
credit-note:1275,sale:1275,53,MIG-JM-CRED-1275,MIG-JM-VENTA-1275,2026-02-17,2026-03-19,30,11300,11300,0,Venta origen: 1275 | Usuario origen: ALONDRA26 | Credito abonado origen: 11300 | Status origen: 1
credit-note:1276,sale:1276,53,MIG-JM-CRED-1276,MIG-JM-VENTA-1276,2026-02-17,2026-03-19,30,11300,11300,0,Venta origen: 1276 | Usuario origen: ALONDRA26 | Credito abonado origen: 11300 | Status origen: 1
credit-note:1277,sale:1277,53,MIG-JM-CRED-1277,MIG-JM-VENTA-1277,2026-02-17,2026-03-19,30,11300,11300,0,Venta origen: 1277 | Usuario origen: ALONDRA26 | Credito abonado origen: 11300 | Status origen: 1
credit-note:1278,sale:1278,52,MIG-JM-CRED-1278,MIG-JM-VENTA-1278,2026-02-17,2026-03-19,30,336,336,0,Venta origen: 1278 | Usuario origen: ALONDRA26 | Credito abonado origen: 336 | Status origen: 1
credit-note:1279,sale:1279,5,MIG-JM-CRED-1279,MIG-JM-VENTA-1279,2026-02-17,2026-03-04,15,2262,2262,0,Venta origen: 1279 | Usuario origen: ALONDRA26 | Credito abonado origen: 2262 | Status origen: 1
credit-note:1280,sale:1280,52,MIG-JM-CRED-1280,MIG-JM-VENTA-1280,2026-02-17,2026-03-19,30,52,52,0,Venta origen: 1280 | Usuario origen: ALONDRA26 | Credito abonado origen: 52 | Status origen: 1
credit-note:1281,sale:1281,30,MIG-JM-CRED-1281,MIG-JM-VENTA-1281,2026-02-17,2026-03-19,30,1660,1660,0,Venta origen: 1281 | Usuario origen: ALONDRA26 | Credito abonado origen: 1660 | Status origen: 1
credit-note:1282,sale:1282,8,MIG-JM-CRED-1282,MIG-JM-VENTA-1282,2026-02-17,2026-03-04,15,4000,4000,0,Venta origen: 1282 | Usuario origen: ALONDRA26 | Credito abonado origen: 4000 | Status origen: 1
credit-note:1283,sale:1283,21,MIG-JM-CRED-1283,MIG-JM-VENTA-1283,2026-02-17,2026-03-04,15,2427,2427,0,Venta origen: 1283 | Usuario origen: ALONDRA26 | Credito abonado origen: 2427 | Status origen: 1
credit-note:1284,sale:1284,2,MIG-JM-CRED-1284,MIG-JM-VENTA-1284,2026-02-17,2026-03-04,15,90,90,0,Venta origen: 1284 | Usuario origen: ALONDRA26 | Credito abonado origen: 90 | Status origen: 1
credit-note:1285,sale:1285,53,MIG-JM-CRED-1285,MIG-JM-VENTA-1285,2026-02-17,2026-03-19,30,11300,11300,0,Venta origen: 1285 | Usuario origen: ALONDRA26 | Credito abonado origen: 11300 | Status origen: 1
credit-note:1286,sale:1286,53,MIG-JM-CRED-1286,MIG-JM-VENTA-1286,2026-02-17,2026-03-19,30,11300,11300,0,Venta origen: 1286 | Usuario origen: ALONDRA26 | Credito abonado origen: 11300 | Status origen: 1
credit-note:1287,sale:1287,53,MIG-JM-CRED-1287,MIG-JM-VENTA-1287,2026-02-17,2026-03-19,30,11300,11300,0,Venta origen: 1287 | Usuario origen: ALONDRA26 | Credito abonado origen: 11300 | Status origen: 1
credit-note:1288,sale:1288,8,MIG-JM-CRED-1288,MIG-JM-VENTA-1288,2026-02-17,2026-03-04,15,49,49,0,Venta origen: 1288 | Usuario origen: Administrador | Credito abonado origen: 49 | Status origen: 1
credit-note:1289,sale:1289,53,MIG-JM-CRED-1289,MIG-JM-VENTA-1289,2026-02-17,2026-03-19,30,11300,11300,0,Venta origen: 1289 | Usuario origen: ALONDRA26 | Credito abonado origen: 11300 | Status origen: 1
credit-note:1290,sale:1290,53,MIG-JM-CRED-1290,MIG-JM-VENTA-1290,2026-02-17,2026-03-19,30,5000,5000,0,Venta origen: 1290 | Usuario origen: ALONDRA26 | Credito abonado origen: 5000 | Status origen: 1
credit-note:1291,sale:1291,2,MIG-JM-CRED-1291,MIG-JM-VENTA-1291,2026-02-18,2026-03-05,15,5166,5166,0,Venta origen: 1291 | Usuario origen: ALONDRA26 | Credito abonado origen: 5166 | Status origen: 1
credit-note:1292,sale:1292,5,MIG-JM-CRED-1292,MIG-JM-VENTA-1292,2026-02-18,2026-03-05,15,4000,0,4000,Venta origen: 1292 | Usuario origen: ALONDRA26 | Credito abonado origen: 0 | Status origen: 0
credit-note:1293,sale:1293,5,MIG-JM-CRED-1293,MIG-JM-VENTA-1293,2026-02-18,2026-03-05,15,6400,0,6400,Venta origen: 1293 | Usuario origen: ALONDRA26 | Credito abonado origen: 0 | Status origen: 0
credit-note:1294,sale:1294,5,MIG-JM-CRED-1294,MIG-JM-VENTA-1294,2026-02-18,2026-03-05,15,5880,5880,0,Venta origen: 1294 | Usuario origen: ALONDRA26 | Credito abonado origen: 5880 | Status origen: 1
credit-note:1295,sale:1295,52,MIG-JM-CRED-1295,MIG-JM-VENTA-1295,2026-02-18,2026-03-20,30,12410,12410,0,Venta origen: 1295 | Usuario origen: ALONDRA26 | Credito abonado origen: 12410 | Status origen: 1
credit-note:1296,sale:1296,2,MIG-JM-CRED-1296,MIG-JM-VENTA-1296,2026-02-18,2026-03-05,15,125,125,0,Venta origen: 1296 | Usuario origen: ALONDRA26 | Credito abonado origen: 125 | Status origen: 1
credit-note:1297,sale:1297,53,MIG-JM-CRED-1297,MIG-JM-VENTA-1297,2026-02-18,2026-03-20,30,18350,18350,0,Venta origen: 1297 | Usuario origen: ALONDRA26 | Credito abonado origen: 18350 | Status origen: 1
credit-note:1298,sale:1298,7,MIG-JM-CRED-1298,MIG-JM-VENTA-1298,2026-02-18,2026-03-20,30,5,5,0,Venta origen: 1298 | Usuario origen: ALONDRA26 | Credito abonado origen: 5 | Status origen: 1
credit-note:1299,sale:1299,77,MIG-JM-CRED-1299,MIG-JM-VENTA-1299,2026-02-18,2026-03-05,15,7600,7600,0,Venta origen: 1299 | Usuario origen: ALONDRA26 | Credito abonado origen: 7600 | Status origen: 1
credit-note:1300,sale:1300,75,MIG-JM-CRED-1300,MIG-JM-VENTA-1300,2026-02-18,2026-03-20,30,13675,13675,0,Venta origen: 1300 | Usuario origen: ALONDRA26 | Credito abonado origen: 13675 | Status origen: 1
credit-note:1301,sale:1301,13,MIG-JM-CRED-1301,MIG-JM-VENTA-1301,2026-02-19,2026-03-06,15,8300,8300,0,Venta origen: 1301 | Usuario origen: ALONDRA26 | Credito abonado origen: 8300 | Status origen: 1
credit-note:1302,sale:1302,5,MIG-JM-CRED-1302,MIG-JM-VENTA-1302,2026-02-19,2026-03-06,15,8350,8350,0,Venta origen: 1302 | Usuario origen: ALONDRA26 | Credito abonado origen: 8350 | Status origen: 1
credit-note:1303,sale:1303,19,MIG-JM-CRED-1303,MIG-JM-VENTA-1303,2026-02-19,2026-03-06,15,3600,3600,0,Venta origen: 1303 | Usuario origen: ALONDRA26 | Credito abonado origen: 3600 | Status origen: 1
credit-note:1304,sale:1304,53,MIG-JM-CRED-1304,MIG-JM-VENTA-1304,2026-02-19,2026-03-21,30,11300,11300,0,Venta origen: 1304 | Usuario origen: ALONDRA26 | Credito abonado origen: 11300 | Status origen: 1
credit-note:1305,sale:1305,53,MIG-JM-CRED-1305,MIG-JM-VENTA-1305,2026-02-19,2026-03-21,30,11300,11300,0,Venta origen: 1305 | Usuario origen: ALONDRA26 | Credito abonado origen: 11300 | Status origen: 1
credit-note:1306,sale:1306,52,MIG-JM-CRED-1306,MIG-JM-VENTA-1306,2026-02-19,2026-03-21,30,8900,8900,0,Venta origen: 1306 | Usuario origen: ALONDRA26 | Credito abonado origen: 8900 | Status origen: 1
credit-note:1307,sale:1307,56,MIG-JM-CRED-1307,MIG-JM-VENTA-1307,2026-02-19,2026-03-21,30,9300,9300,0,Venta origen: 1307 | Usuario origen: ALONDRA26 | Credito abonado origen: 9300 | Status origen: 1
credit-note:1308,sale:1308,58,MIG-JM-CRED-1308,MIG-JM-VENTA-1308,2026-02-19,2026-03-21,30,1754,1754,0,Venta origen: 1308 | Usuario origen: ALONDRA26 | Credito abonado origen: 1754 | Status origen: 1
credit-note:1309,sale:1309,52,MIG-JM-CRED-1309,MIG-JM-VENTA-1309,2026-02-19,2026-03-21,30,4700,4700,0,Venta origen: 1309 | Usuario origen: ALONDRA26 | Credito abonado origen: 4700 | Status origen: 1
credit-note:1310,sale:1310,2,MIG-JM-CRED-1310,MIG-JM-VENTA-1310,2026-02-20,2026-03-07,15,6332.5,6332.5,0,Venta origen: 1310 | Usuario origen: ALONDRA26 | Credito abonado origen: 6332.5 | Status origen: 1
credit-note:1311,sale:1311,2,MIG-JM-CRED-1311,MIG-JM-VENTA-1311,2026-02-20,2026-02-20,1,437.5,437.5,0,Venta origen: 1311 | Usuario origen: ALONDRA26 | Credito abonado origen: 437.5 | Status origen: 1
credit-note:1312,sale:1312,2,MIG-JM-CRED-1312,MIG-JM-VENTA-1312,2026-02-20,2026-03-07,15,194,194,0,Venta origen: 1312 | Usuario origen: ALONDRA26 | Credito abonado origen: 194 | Status origen: 1
credit-note:1313,sale:1313,2,MIG-JM-CRED-1313,MIG-JM-VENTA-1313,2026-02-20,2026-03-07,15,17,17,0,Venta origen: 1313 | Usuario origen: ALONDRA26 | Credito abonado origen: 17 | Status origen: 1
credit-note:1314,sale:1314,5,MIG-JM-CRED-1314,MIG-JM-VENTA-1314,2026-02-20,2026-03-07,15,10090,10090,0,Venta origen: 1314 | Usuario origen: ALONDRA26 | Credito abonado origen: 10090 | Status origen: 1
credit-note:1315,sale:1315,20,MIG-JM-CRED-1315,MIG-JM-VENTA-1315,2026-02-20,2026-03-22,30,57,0,57,Venta origen: 1315 | Usuario origen: ALONDRA26 | Credito abonado origen: 0 | Status origen: 1
credit-note:1316,sale:1316,7,MIG-JM-CRED-1316,MIG-JM-VENTA-1316,2026-02-21,2026-03-23,30,104,104,0,Venta origen: 1316 | Usuario origen: ALONDRA26 | Credito abonado origen: 104 | Status origen: 1
credit-note:1317,sale:1317,35,MIG-JM-CRED-1317,MIG-JM-VENTA-1317,2026-02-21,2026-03-23,30,10300,10300,0,Venta origen: 1317 | Usuario origen: ALONDRA26 | Credito abonado origen: 10300 | Status origen: 1
credit-note:1318,sale:1318,4,MIG-JM-CRED-1318,MIG-JM-VENTA-1318,2026-02-21,2026-03-23,30,4718,4718,0,Venta origen: 1318 | Usuario origen: ALONDRA26 | Credito abonado origen: 4718 | Status origen: 1
credit-note:1319,sale:1319,2,MIG-JM-CRED-1319,MIG-JM-VENTA-1319,2026-02-21,2026-02-21,1,1800,1800,0,Venta origen: 1319 | Usuario origen: ALONDRA26 | Credito abonado origen: 1800 | Status origen: 1
credit-note:1320,sale:1320,2,MIG-JM-CRED-1320,MIG-JM-VENTA-1320,2026-02-21,2026-03-08,15,235,235,0,Venta origen: 1320 | Usuario origen: ALONDRA26 | Credito abonado origen: 235 | Status origen: 1
credit-note:1321,sale:1321,64,MIG-JM-CRED-1321,MIG-JM-VENTA-1321,2026-02-24,2026-03-26,30,10875,10875,0,Venta origen: 1321 | Usuario origen: ALONDRA26 | Credito abonado origen: 10875 | Status origen: 1
credit-note:1322,sale:1322,59,MIG-JM-CRED-1322,MIG-JM-VENTA-1322,2026-02-24,2026-03-26,30,472,472,0,Venta origen: 1322 | Usuario origen: ALONDRA26 | Credito abonado origen: 472 | Status origen: 1
credit-note:1323,sale:1323,8,MIG-JM-CRED-1323,MIG-JM-VENTA-1323,2026-02-24,2026-03-11,15,6720,0,6720,Venta origen: 1323 | Usuario origen: ALONDRA26 | Credito abonado origen: 0 | Status origen: 1
credit-note:1324,sale:1324,2,MIG-JM-CRED-1324,MIG-JM-VENTA-1324,2026-02-24,2026-03-11,15,1902,1902,0,Venta origen: 1324 | Usuario origen: ALONDRA26 | Credito abonado origen: 1902 | Status origen: 1
credit-note:1325,sale:1325,6,MIG-JM-CRED-1325,MIG-JM-VENTA-1325,2026-02-24,2026-02-24,1,590,590,0,Venta origen: 1325 | Usuario origen: ALONDRA26 | Credito abonado origen: 590 | Status origen: 1
credit-note:1326,sale:1326,78,MIG-JM-CRED-1326,MIG-JM-VENTA-1326,2026-02-24,2026-03-26,30,8760,8760,0,Venta origen: 1326 | Usuario origen: ALONDRA26 | Credito abonado origen: 8760 | Status origen: 1
credit-note:1327,sale:1327,6,MIG-JM-CRED-1327,MIG-JM-VENTA-1327,2026-02-24,2026-02-24,1,34,34,0,Venta origen: 1327 | Usuario origen: ALONDRA26 | Credito abonado origen: 34 | Status origen: 1
credit-note:1328,sale:1328,8,MIG-JM-CRED-1328,MIG-JM-VENTA-1328,2026-02-24,2026-03-11,15,6720,6720,0,Venta origen: 1328 | Usuario origen: ALONDRA26 | Credito abonado origen: 6720 | Status origen: 1
credit-note:1329,sale:1329,52,MIG-JM-CRED-1329,MIG-JM-VENTA-1329,2026-02-24,2026-03-26,30,92,92,0,Venta origen: 1329 | Usuario origen: ALONDRA26 | Credito abonado origen: 92 | Status origen: 1
credit-note:1330,sale:1330,5,MIG-JM-CRED-1330,MIG-JM-VENTA-1330,2026-02-24,2026-03-11,15,7702,7702,0,Venta origen: 1330 | Usuario origen: ALONDRA26 | Credito abonado origen: 7702 | Status origen: 1
credit-note:1331,sale:1331,58,MIG-JM-CRED-1331,MIG-JM-VENTA-1331,2026-02-24,2026-03-11,15,216,216,0,Venta origen: 1331 | Usuario origen: ALONDRA26 | Credito abonado origen: 216 | Status origen: 1
credit-note:1332,sale:1332,60,MIG-JM-CRED-1332,MIG-JM-VENTA-1332,2026-02-24,2026-03-26,30,56800,56800,0,Venta origen: 1332 | Usuario origen: ALONDRA26 | Credito abonado origen: 56800 | Status origen: 1
credit-note:1333,sale:1333,19,MIG-JM-CRED-1333,MIG-JM-VENTA-1333,2026-02-24,2026-03-11,15,450,450,0,Venta origen: 1333 | Usuario origen: ALONDRA26 | Credito abonado origen: 450 | Status origen: 1
credit-note:1334,sale:1334,46,MIG-JM-CRED-1334,MIG-JM-VENTA-1334,2026-02-25,2026-03-27,30,509,509,0,Venta origen: 1334 | Usuario origen: ALONDRA26 | Credito abonado origen: 509 | Status origen: 1
credit-note:1335,sale:1335,21,MIG-JM-CRED-1335,MIG-JM-VENTA-1335,2026-02-25,2026-03-12,15,2350,2350,0,Venta origen: 1335 | Usuario origen: ALONDRA26 | Credito abonado origen: 2350 | Status origen: 1
credit-note:1336,sale:1336,19,MIG-JM-CRED-1336,MIG-JM-VENTA-1336,2026-02-25,2026-03-12,15,708,708,0,Venta origen: 1336 | Usuario origen: ALONDRA26 | Credito abonado origen: 708 | Status origen: 1
credit-note:1337,sale:1337,5,MIG-JM-CRED-1337,MIG-JM-VENTA-1337,2026-02-25,2026-03-12,15,6900,6900,0,Venta origen: 1337 | Usuario origen: ALONDRA26 | Credito abonado origen: 6900 | Status origen: 1
credit-note:1338,sale:1338,73,MIG-JM-CRED-1338,MIG-JM-VENTA-1338,2026-02-25,2026-03-27,30,22800,22800,0,Venta origen: 1338 | Usuario origen: ALONDRA26 | Credito abonado origen: 22800 | Status origen: 1
credit-note:1339,sale:1339,65,MIG-JM-CRED-1339,MIG-JM-VENTA-1339,2026-02-25,2026-03-27,30,4000,4000,0,Venta origen: 1339 | Usuario origen: ALONDRA26 | Credito abonado origen: 4000 | Status origen: 1
credit-note:1340,sale:1340,6,MIG-JM-CRED-1340,MIG-JM-VENTA-1340,2026-02-25,2026-02-25,1,272,272,0,Venta origen: 1340 | Usuario origen: ALONDRA26 | Credito abonado origen: 272 | Status origen: 1
credit-note:1341,sale:1341,6,MIG-JM-CRED-1341,MIG-JM-VENTA-1341,2026-02-25,2026-02-25,1,294,294,0,Venta origen: 1341 | Usuario origen: ALONDRA26 | Credito abonado origen: 294 | Status origen: 1
credit-note:1342,sale:1342,52,MIG-JM-CRED-1342,MIG-JM-VENTA-1342,2026-02-25,2026-03-27,30,4700,4700,0,Venta origen: 1342 | Usuario origen: ALONDRA26 | Credito abonado origen: 4700 | Status origen: 1
credit-note:1343,sale:1343,27,MIG-JM-CRED-1343,MIG-JM-VENTA-1343,2026-02-25,2026-03-12,15,86,86,0,Venta origen: 1343 | Usuario origen: ALONDRA26 | Credito abonado origen: 86 | Status origen: 1
credit-note:1344,sale:1344,2,MIG-JM-CRED-1344,MIG-JM-VENTA-1344,2026-02-25,2026-03-12,15,1180,1180,0,Venta origen: 1344 | Usuario origen: ALONDRA26 | Credito abonado origen: 1180 | Status origen: 1
credit-note:1345,sale:1345,44,MIG-JM-CRED-1345,MIG-JM-VENTA-1345,2026-02-25,2026-03-27,30,4200,4200,0,Venta origen: 1345 | Usuario origen: ALONDRA26 | Credito abonado origen: 4200 | Status origen: 1
credit-note:1346,sale:1346,19,MIG-JM-CRED-1346,MIG-JM-VENTA-1346,2026-02-25,2026-03-12,15,1800,0,1800,Venta origen: 1346 | Usuario origen: ALONDRA26 | Credito abonado origen: 0 | Status origen: 1
credit-note:1347,sale:1347,56,MIG-JM-CRED-1347,MIG-JM-VENTA-1347,2026-02-26,2026-03-28,30,9300,9300,0,Venta origen: 1347 | Usuario origen: ALONDRA26 | Credito abonado origen: 9300 | Status origen: 1
credit-note:1348,sale:1348,5,MIG-JM-CRED-1348,MIG-JM-VENTA-1348,2026-02-26,2026-03-13,15,2400,2400,0,Venta origen: 1348 | Usuario origen: ALONDRA26 | Credito abonado origen: 2400 | Status origen: 1
credit-note:1349,sale:1349,2,MIG-JM-CRED-1349,MIG-JM-VENTA-1349,2026-02-26,2026-03-13,15,600,600,0,Venta origen: 1349 | Usuario origen: ALONDRA26 | Credito abonado origen: 600 | Status origen: 1
credit-note:1350,sale:1350,2,MIG-JM-CRED-1350,MIG-JM-VENTA-1350,2026-02-26,2026-03-13,15,75,75,0,Venta origen: 1350 | Usuario origen: ALONDRA26 | Credito abonado origen: 75 | Status origen: 1
credit-note:1351,sale:1351,53,MIG-JM-CRED-1351,MIG-JM-VENTA-1351,2026-02-26,2026-03-28,30,11300,11300,0,Venta origen: 1351 | Usuario origen: ALONDRA26 | Credito abonado origen: 11300 | Status origen: 1
credit-note:1352,sale:1352,53,MIG-JM-CRED-1352,MIG-JM-VENTA-1352,2026-02-26,2026-03-28,30,21500,21500,0,Venta origen: 1352 | Usuario origen: ALONDRA26 | Credito abonado origen: 21500 | Status origen: 1
credit-note:1353,sale:1353,5,MIG-JM-CRED-1353,MIG-JM-VENTA-1353,2026-02-26,2026-03-13,15,1300,1300,0,Venta origen: 1353 | Usuario origen: ALONDRA26 | Credito abonado origen: 1300 | Status origen: 1
credit-note:1354,sale:1354,2,MIG-JM-CRED-1354,MIG-JM-VENTA-1354,2026-02-26,2026-03-13,15,37,37,0,Venta origen: 1354 | Usuario origen: ALONDRA26 | Credito abonado origen: 37 | Status origen: 1
credit-note:1355,sale:1355,53,MIG-JM-CRED-1355,MIG-JM-VENTA-1355,2026-02-26,2026-03-28,30,5000,5000,0,Venta origen: 1355 | Usuario origen: ALONDRA26 | Credito abonado origen: 5000 | Status origen: 1
credit-note:1356,sale:1356,2,MIG-JM-CRED-1356,MIG-JM-VENTA-1356,2026-02-27,2026-03-14,15,22,22,0,Venta origen: 1356 | Usuario origen: ALONDRA26 | Credito abonado origen: 22 | Status origen: 1
credit-note:1357,sale:1357,53,MIG-JM-CRED-1357,MIG-JM-VENTA-1357,2026-02-27,2026-03-29,30,3900,3900,0,Venta origen: 1357 | Usuario origen: ALONDRA26 | Credito abonado origen: 3900 | Status origen: 1
credit-note:1358,sale:1358,53,MIG-JM-CRED-1358,MIG-JM-VENTA-1358,2026-02-27,2026-03-29,30,11300,11300,0,Venta origen: 1358 | Usuario origen: ALONDRA26 | Credito abonado origen: 11300 | Status origen: 1
credit-note:1359,sale:1359,2,MIG-JM-CRED-1359,MIG-JM-VENTA-1359,2026-02-28,2026-03-15,15,75,75,0,Venta origen: 1359 | Usuario origen: ALONDRA26 | Credito abonado origen: 75 | Status origen: 1
credit-note:1360,sale:1360,14,MIG-JM-CRED-1360,MIG-JM-VENTA-1360,2026-02-28,2026-03-15,15,9200,9200,0,Venta origen: 1360 | Usuario origen: ALONDRA26 | Credito abonado origen: 9200 | Status origen: 1
credit-note:1361,sale:1361,5,MIG-JM-CRED-1361,MIG-JM-VENTA-1361,2026-02-28,2026-03-15,15,3450,3450,0,Venta origen: 1361 | Usuario origen: ALONDRA26 | Credito abonado origen: 3450 | Status origen: 1
credit-note:1362,sale:1362,2,MIG-JM-CRED-1362,MIG-JM-VENTA-1362,2026-02-28,2026-03-15,15,1180,1180,0,Venta origen: 1362 | Usuario origen: ALONDRA26 | Credito abonado origen: 1180 | Status origen: 1
credit-note:1363,sale:1363,53,MIG-JM-CRED-1363,MIG-JM-VENTA-1363,2026-02-28,2026-03-30,30,11300,11300,0,Venta origen: 1363 | Usuario origen: ALONDRA26 | Credito abonado origen: 11300 | Status origen: 1
credit-note:1364,sale:1364,2,MIG-JM-CRED-1364,MIG-JM-VENTA-1364,2026-02-28,2026-03-15,15,50,50,0,Venta origen: 1364 | Usuario origen: ALONDRA26 | Credito abonado origen: 50 | Status origen: 1
credit-note:1365,sale:1365,2,MIG-JM-CRED-1365,MIG-JM-VENTA-1365,2026-03-02,2026-03-17,15,22,22,0,Venta origen: 1365 | Usuario origen: ALONDRA26 | Credito abonado origen: 22 | Status origen: 1
credit-note:1366,sale:1366,67,MIG-JM-CRED-1366,MIG-JM-VENTA-1366,2026-03-02,2026-03-17,15,493,493,0,Venta origen: 1366 | Usuario origen: ALONDRA26 | Credito abonado origen: 493 | Status origen: 1
credit-note:1367,sale:1367,5,MIG-JM-CRED-1367,MIG-JM-VENTA-1367,2026-03-02,2026-03-17,15,3450,3450,0,Venta origen: 1367 | Usuario origen: ALONDRA26 | Credito abonado origen: 3450 | Status origen: 1
credit-note:1368,sale:1368,73,MIG-JM-CRED-1368,MIG-JM-VENTA-1368,2026-03-02,2026-04-01,30,17100,17100,0,Venta origen: 1368 | Usuario origen: ALONDRA26 | Credito abonado origen: 17100 | Status origen: 1
credit-note:1369,sale:1369,8,MIG-JM-CRED-1369,MIG-JM-VENTA-1369,2026-03-02,2026-03-17,15,6720,0,6720,Venta origen: 1369 | Usuario origen: ALONDRA26 | Credito abonado origen: 0 | Status origen: 1
credit-note:1370,sale:1370,2,MIG-JM-CRED-1370,MIG-JM-VENTA-1370,2026-03-02,2026-03-17,15,1308,1308,0,Venta origen: 1370 | Usuario origen: ALONDRA26 | Credito abonado origen: 1308 | Status origen: 1
credit-note:1371,sale:1371,19,MIG-JM-CRED-1371,MIG-JM-VENTA-1371,2026-03-02,2026-03-17,15,294,294,0,Venta origen: 1371 | Usuario origen: ALONDRA26 | Credito abonado origen: 294 | Status origen: 1
credit-note:1372,sale:1372,68,MIG-JM-CRED-1372,MIG-JM-VENTA-1372,2026-03-03,2026-03-03,1,2398.5,2398.5,0,Venta origen: 1372 | Usuario origen: ALONDRA26 | Credito abonado origen: 2398.5 | Status origen: 1
credit-note:1373,sale:1373,53,MIG-JM-CRED-1373,MIG-JM-VENTA-1373,2026-03-03,2026-04-02,30,9974,9974,0,Venta origen: 1373 | Usuario origen: ALONDRA26 | Credito abonado origen: 9974 | Status origen: 1
credit-note:1374,sale:1374,7,MIG-JM-CRED-1374,MIG-JM-VENTA-1374,2026-03-03,2026-04-02,30,32,32,0,Venta origen: 1374 | Usuario origen: ALONDRA26 | Credito abonado origen: 32 | Status origen: 1
credit-note:1375,sale:1375,2,MIG-JM-CRED-1375,MIG-JM-VENTA-1375,2026-03-03,2026-03-18,15,19,19,0,Venta origen: 1375 | Usuario origen: ALONDRA26 | Credito abonado origen: 19 | Status origen: 1
credit-note:1376,sale:1376,8,MIG-JM-CRED-1376,MIG-JM-VENTA-1376,2026-03-03,2026-03-18,15,90,90,0,Venta origen: 1376 | Usuario origen: ALONDRA26 | Credito abonado origen: 90 | Status origen: 1
credit-note:1377,sale:1377,2,MIG-JM-CRED-1377,MIG-JM-VENTA-1377,2026-03-03,2026-03-18,15,30,30,0,Venta origen: 1377 | Usuario origen: ALONDRA26 | Credito abonado origen: 30 | Status origen: 1
credit-note:1378,sale:1378,60,MIG-JM-CRED-1378,MIG-JM-VENTA-1378,2026-03-03,2026-04-02,30,26220,26220,0,Venta origen: 1378 | Usuario origen: ALONDRA26 | Credito abonado origen: 26220 | Status origen: 1
credit-note:1379,sale:1379,67,MIG-JM-CRED-1379,MIG-JM-VENTA-1379,2026-03-03,2026-03-18,15,236,236,0,Venta origen: 1379 | Usuario origen: ALONDRA26 | Credito abonado origen: 236 | Status origen: 1
credit-note:1380,sale:1380,2,MIG-JM-CRED-1380,MIG-JM-VENTA-1380,2026-03-03,2026-03-18,15,25,25,0,Venta origen: 1380 | Usuario origen: ALONDRA26 | Credito abonado origen: 25 | Status origen: 1
credit-note:1381,sale:1381,35,MIG-JM-CRED-1381,MIG-JM-VENTA-1381,2026-03-03,2026-04-02,30,7382,7382,0,Venta origen: 1381 | Usuario origen: ALONDRA26 | Credito abonado origen: 7382 | Status origen: 1
credit-note:1382,sale:1382,7,MIG-JM-CRED-1382,MIG-JM-VENTA-1382,2026-03-03,2026-04-02,30,243.5,243.5,0,Venta origen: 1382 | Usuario origen: ALONDRA26 | Credito abonado origen: 243.5 | Status origen: 1
credit-note:1383,sale:1383,53,MIG-JM-CRED-1383,MIG-JM-VENTA-1383,2026-03-03,2026-04-02,30,2500,2500,0,Venta origen: 1383 | Usuario origen: ALONDRA26 | Credito abonado origen: 2500 | Status origen: 1
credit-note:1384,sale:1384,2,MIG-JM-CRED-1384,MIG-JM-VENTA-1384,2026-03-03,2026-03-18,15,761,761,0,Venta origen: 1384 | Usuario origen: ALONDRA26 | Credito abonado origen: 761 | Status origen: 1
credit-note:1385,sale:1385,2,MIG-JM-CRED-1385,MIG-JM-VENTA-1385,2026-03-03,2026-03-18,15,42,42,0,Venta origen: 1385 | Usuario origen: ALONDRA26 | Credito abonado origen: 42 | Status origen: 1
credit-note:1386,sale:1386,53,MIG-JM-CRED-1386,MIG-JM-VENTA-1386,2026-03-03,2026-04-02,30,3520,3520,0,Venta origen: 1386 | Usuario origen: ALONDRA26 | Credito abonado origen: 3520 | Status origen: 1
credit-note:1387,sale:1387,53,MIG-JM-CRED-1387,MIG-JM-VENTA-1387,2026-03-03,2026-04-02,30,2200,2200,0,Venta origen: 1387 | Usuario origen: ALONDRA26 | Credito abonado origen: 2200 | Status origen: 1
credit-note:1388,sale:1388,56,MIG-JM-CRED-1388,MIG-JM-VENTA-1388,2026-03-03,2026-04-02,30,9300,9300,0,Venta origen: 1388 | Usuario origen: ALONDRA26 | Credito abonado origen: 9300 | Status origen: 1
credit-note:1389,sale:1389,8,MIG-JM-CRED-1389,MIG-JM-VENTA-1389,2026-03-03,2026-03-18,15,119,119,0,Venta origen: 1389 | Usuario origen: ALONDRA26 | Credito abonado origen: 119 | Status origen: 1
credit-note:1390,sale:1390,35,MIG-JM-CRED-1390,MIG-JM-VENTA-1390,2026-03-03,2026-04-02,30,97,97,0,Venta origen: 1390 | Usuario origen: ALONDRA26 | Credito abonado origen: 97 | Status origen: 1
credit-note:1391,sale:1391,18,MIG-JM-CRED-1391,MIG-JM-VENTA-1391,2026-03-03,2026-03-18,15,12000,12000,0,Venta origen: 1391 | Usuario origen: ALONDRA26 | Credito abonado origen: 12000 | Status origen: 1
credit-note:1392,sale:1392,73,MIG-JM-CRED-1392,MIG-JM-VENTA-1392,2026-03-04,2026-04-03,30,12750,12750,0,Venta origen: 1392 | Usuario origen: ALONDRA26 | Credito abonado origen: 12750 | Status origen: 1
credit-note:1393,sale:1393,5,MIG-JM-CRED-1393,MIG-JM-VENTA-1393,2026-03-04,2026-03-19,15,5000,5000,0,Venta origen: 1393 | Usuario origen: ALONDRA26 | Credito abonado origen: 5000 | Status origen: 1
credit-note:1394,sale:1394,53,MIG-JM-CRED-1394,MIG-JM-VENTA-1394,2026-03-04,2026-04-03,30,11300,11300,0,Venta origen: 1394 | Usuario origen: ALONDRA26 | Credito abonado origen: 11300 | Status origen: 1
credit-note:1395,sale:1395,53,MIG-JM-CRED-1395,MIG-JM-VENTA-1395,2026-03-04,2026-04-03,30,11300,11300,0,Venta origen: 1395 | Usuario origen: ALONDRA26 | Credito abonado origen: 11300 | Status origen: 1
credit-note:1396,sale:1396,53,MIG-JM-CRED-1396,MIG-JM-VENTA-1396,2026-03-04,2026-04-03,30,11300,11300,0,Venta origen: 1396 | Usuario origen: ALONDRA26 | Credito abonado origen: 11300 | Status origen: 1
credit-note:1397,sale:1397,4,MIG-JM-CRED-1397,MIG-JM-VENTA-1397,2026-03-04,2026-04-03,30,4700,4700,0,Venta origen: 1397 | Usuario origen: ALONDRA26 | Credito abonado origen: 4700 | Status origen: 1
credit-note:1398,sale:1398,2,MIG-JM-CRED-1398,MIG-JM-VENTA-1398,2026-03-04,2026-03-04,1,2626,2626,0,Venta origen: 1398 | Usuario origen: ALONDRA26 | Credito abonado origen: 2626 | Status origen: 1
credit-note:1399,sale:1399,56,MIG-JM-CRED-1399,MIG-JM-VENTA-1399,2026-03-04,2026-04-03,30,1960,1960,0,Venta origen: 1399 | Usuario origen: ALONDRA26 | Credito abonado origen: 1960 | Status origen: 1
credit-note:1400,sale:1400,19,MIG-JM-CRED-1400,MIG-JM-VENTA-1400,2026-03-05,2026-03-20,15,4000,4000,0,Venta origen: 1400 | Usuario origen: ALONDRA26 | Credito abonado origen: 4000 | Status origen: 1
credit-note:1401,sale:1401,2,MIG-JM-CRED-1401,MIG-JM-VENTA-1401,2026-03-05,2026-03-20,15,120,120,0,Venta origen: 1401 | Usuario origen: ALONDRA26 | Credito abonado origen: 120 | Status origen: 1
credit-note:1402,sale:1402,12,MIG-JM-CRED-1402,MIG-JM-VENTA-1402,2026-03-05,2026-04-04,30,90,90,0,Venta origen: 1402 | Usuario origen: ALONDRA26 | Credito abonado origen: 90 | Status origen: 1
credit-note:1403,sale:1403,58,MIG-JM-CRED-1403,MIG-JM-VENTA-1403,2026-03-05,2026-03-20,15,196,196,0,Venta origen: 1403 | Usuario origen: ALONDRA26 | Credito abonado origen: 196 | Status origen: 1
credit-note:1404,sale:1404,2,MIG-JM-CRED-1404,MIG-JM-VENTA-1404,2026-03-05,2026-03-20,15,9,9,0,Venta origen: 1404 | Usuario origen: ALONDRA26 | Credito abonado origen: 9 | Status origen: 1
credit-note:1405,sale:1405,73,MIG-JM-CRED-1405,MIG-JM-VENTA-1405,2026-03-05,2026-04-04,30,22800,22800,0,Venta origen: 1405 | Usuario origen: ALONDRA26 | Credito abonado origen: 22800 | Status origen: 1
credit-note:1406,sale:1406,2,MIG-JM-CRED-1406,MIG-JM-VENTA-1406,2026-03-05,2026-03-20,15,38,38,0,Venta origen: 1406 | Usuario origen: ALONDRA26 | Credito abonado origen: 38 | Status origen: 1
credit-note:1407,sale:1407,5,MIG-JM-CRED-1407,MIG-JM-VENTA-1407,2026-03-05,2026-03-20,15,4025,4025,0,Venta origen: 1407 | Usuario origen: ALONDRA26 | Credito abonado origen: 4025 | Status origen: 1
credit-note:1408,sale:1408,79,MIG-JM-CRED-1408,MIG-JM-VENTA-1408,2026-03-06,2026-04-05,30,3800,3800,0,Venta origen: 1408 | Usuario origen: ALONDRA26 | Credito abonado origen: 3800 | Status origen: 1
credit-note:1409,sale:1409,67,MIG-JM-CRED-1409,MIG-JM-VENTA-1409,2026-03-06,2026-03-21,15,1035,1035,0,Venta origen: 1409 | Usuario origen: ALONDRA26 | Credito abonado origen: 1035 | Status origen: 1
credit-note:1410,sale:1410,79,MIG-JM-CRED-1410,MIG-JM-VENTA-1410,2026-03-06,2026-04-05,30,6860,6860,0,Venta origen: 1410 | Usuario origen: ALONDRA26 | Credito abonado origen: 6860 | Status origen: 1
credit-note:1411,sale:1411,18,MIG-JM-CRED-1411,MIG-JM-VENTA-1411,2026-03-06,2026-03-21,15,482,482,0,Venta origen: 1411 | Usuario origen: ALONDRA26 | Credito abonado origen: 482 | Status origen: 1
credit-note:1412,sale:1412,80,MIG-JM-CRED-1412,MIG-JM-VENTA-1412,2026-03-06,2026-03-21,15,2980,2980,0,Venta origen: 1412 | Usuario origen: ALONDRA26 | Credito abonado origen: 2980 | Status origen: 1
credit-note:1413,sale:1413,18,MIG-JM-CRED-1413,MIG-JM-VENTA-1413,2026-03-06,2026-03-21,15,7420,7420,0,Venta origen: 1413 | Usuario origen: ALONDRA26 | Credito abonado origen: 7420 | Status origen: 1
credit-note:1414,sale:1414,19,MIG-JM-CRED-1414,MIG-JM-VENTA-1414,2026-03-06,2026-03-21,15,590,590,0,Venta origen: 1414 | Usuario origen: ALONDRA26 | Credito abonado origen: 590 | Status origen: 1
credit-note:1415,sale:1415,19,MIG-JM-CRED-1415,MIG-JM-VENTA-1415,2026-03-06,2026-03-21,15,590,0,590,Venta origen: 1415 | Usuario origen: ALONDRA26 | Credito abonado origen: 0 | Status origen: 0
credit-note:1416,sale:1416,58,MIG-JM-CRED-1416,MIG-JM-VENTA-1416,2026-03-06,2026-03-21,15,196,196,0,Venta origen: 1416 | Usuario origen: ALONDRA26 | Credito abonado origen: 196 | Status origen: 1
credit-note:1417,sale:1417,8,MIG-JM-CRED-1417,MIG-JM-VENTA-1417,2026-03-06,2026-03-21,15,104,104,0,Venta origen: 1417 | Usuario origen: ALONDRA26 | Credito abonado origen: 104 | Status origen: 1
credit-note:1418,sale:1418,8,MIG-JM-CRED-1418,MIG-JM-VENTA-1418,2026-03-06,2026-03-21,15,72,72,0,Venta origen: 1418 | Usuario origen: ALONDRA26 | Credito abonado origen: 72 | Status origen: 1
credit-note:1419,sale:1419,59,MIG-JM-CRED-1419,MIG-JM-VENTA-1419,2026-03-07,2026-04-06,30,255,255,0,Venta origen: 1419 | Usuario origen: ALONDRA26 | Credito abonado origen: 255 | Status origen: 1
credit-note:1420,sale:1420,59,MIG-JM-CRED-1420,MIG-JM-VENTA-1420,2026-03-07,2026-04-06,30,2490,2490,0,Venta origen: 1420 | Usuario origen: ALONDRA26 | Credito abonado origen: 2490 | Status origen: 1
credit-note:1421,sale:1421,49,MIG-JM-CRED-1421,MIG-JM-VENTA-1421,2026-03-07,2026-03-22,15,2550,2550,0,Venta origen: 1421 | Usuario origen: ALONDRA26 | Credito abonado origen: 2550 | Status origen: 1
credit-note:1422,sale:1422,5,MIG-JM-CRED-1422,MIG-JM-VENTA-1422,2026-03-07,2026-03-22,15,3867,3867,0,Venta origen: 1422 | Usuario origen: ALONDRA26 | Credito abonado origen: 3867 | Status origen: 1
credit-note:1423,sale:1423,8,MIG-JM-CRED-1423,MIG-JM-VENTA-1423,2026-03-07,2026-03-22,15,90,90,0,Venta origen: 1423 | Usuario origen: ALONDRA26 | Credito abonado origen: 90 | Status origen: 1
credit-note:1424,sale:1424,5,MIG-JM-CRED-1424,MIG-JM-VENTA-1424,2026-03-07,2026-03-22,15,1210,1210,0,Venta origen: 1424 | Usuario origen: ALONDRA26 | Credito abonado origen: 1210 | Status origen: 1
credit-note:1425,sale:1425,2,MIG-JM-CRED-1425,MIG-JM-VENTA-1425,2026-03-07,2026-03-22,15,30,30,0,Venta origen: 1425 | Usuario origen: ALONDRA26 | Credito abonado origen: 30 | Status origen: 1
credit-note:1426,sale:1426,2,MIG-JM-CRED-1426,MIG-JM-VENTA-1426,2026-03-07,2026-03-22,15,594,594,0,Venta origen: 1426 | Usuario origen: ALONDRA26 | Credito abonado origen: 594 | Status origen: 1
credit-note:1427,sale:1427,2,MIG-JM-CRED-1427,MIG-JM-VENTA-1427,2026-03-07,2026-03-22,15,33,33,0,Venta origen: 1427 | Usuario origen: ALONDRA26 | Credito abonado origen: 33 | Status origen: 1
credit-note:1428,sale:1428,35,MIG-JM-CRED-1428,MIG-JM-VENTA-1428,2026-03-07,2026-04-06,30,294,294,0,Venta origen: 1428 | Usuario origen: ALONDRA26 | Credito abonado origen: 294 | Status origen: 1
credit-note:1429,sale:1429,2,MIG-JM-CRED-1429,MIG-JM-VENTA-1429,2026-03-09,2026-03-24,15,19,19,0,Venta origen: 1429 | Usuario origen: ALONDRA26 | Credito abonado origen: 19 | Status origen: 1
credit-note:1430,sale:1430,19,MIG-JM-CRED-1430,MIG-JM-VENTA-1430,2026-03-09,2026-03-24,15,8080,8080,0,Venta origen: 1430 | Usuario origen: ALONDRA26 | Credito abonado origen: 8080 | Status origen: 1
credit-note:1431,sale:1431,2,MIG-JM-CRED-1431,MIG-JM-VENTA-1431,2026-03-09,2026-03-24,15,1800,1800,0,Venta origen: 1431 | Usuario origen: ALONDRA26 | Credito abonado origen: 1800 | Status origen: 1
credit-note:1432,sale:1432,18,MIG-JM-CRED-1432,MIG-JM-VENTA-1432,2026-03-09,2026-03-24,15,7200,7200,0,Venta origen: 1432 | Usuario origen: ALONDRA26 | Credito abonado origen: 7200 | Status origen: 1
credit-note:1433,sale:1433,56,MIG-JM-CRED-1433,MIG-JM-VENTA-1433,2026-03-09,2026-04-08,30,9300,9300,0,Venta origen: 1433 | Usuario origen: ALONDRA26 | Credito abonado origen: 9300 | Status origen: 1
credit-note:1434,sale:1434,18,MIG-JM-CRED-1434,MIG-JM-VENTA-1434,2026-03-09,2026-03-24,15,7420,7420,0,Venta origen: 1434 | Usuario origen: ALONDRA26 | Credito abonado origen: 7420 | Status origen: 1
credit-note:1435,sale:1435,80,MIG-JM-CRED-1435,MIG-JM-VENTA-1435,2026-03-09,2026-03-24,15,4700,0,4700,Venta origen: 1435 | Usuario origen: ALONDRA26 | Credito abonado origen: 0 | Status origen: 0
credit-note:1436,sale:1436,80,MIG-JM-CRED-1436,MIG-JM-VENTA-1436,2026-03-09,2026-03-24,15,1770,1770,0,Venta origen: 1436 | Usuario origen: ALONDRA26 | Credito abonado origen: 1770 | Status origen: 1
credit-note:1437,sale:1437,19,MIG-JM-CRED-1437,MIG-JM-VENTA-1437,2026-03-09,2026-03-24,15,980,980,0,Venta origen: 1437 | Usuario origen: ALONDRA26 | Credito abonado origen: 980 | Status origen: 1
credit-note:1438,sale:1438,4,MIG-JM-CRED-1438,MIG-JM-VENTA-1438,2026-03-09,2026-04-08,30,4200,4200,0,Venta origen: 1438 | Usuario origen: ALONDRA26 | Credito abonado origen: 4200 | Status origen: 1
credit-note:1439,sale:1439,73,MIG-JM-CRED-1439,MIG-JM-VENTA-1439,2026-03-09,2026-04-08,30,18500,18500,0,Venta origen: 1439 | Usuario origen: ALONDRA26 | Credito abonado origen: 18500 | Status origen: 1
credit-note:1440,sale:1440,64,MIG-JM-CRED-1440,MIG-JM-VENTA-1440,2026-03-09,2026-04-08,30,14025,14025,0,Venta origen: 1440 | Usuario origen: ALONDRA26 | Credito abonado origen: 14025 | Status origen: 1
credit-note:1441,sale:1441,35,MIG-JM-CRED-1441,MIG-JM-VENTA-1441,2026-03-09,2026-04-08,30,4857,4857,0,Venta origen: 1441 | Usuario origen: ALONDRA26 | Credito abonado origen: 4857 | Status origen: 1
credit-note:1442,sale:1442,2,MIG-JM-CRED-1442,MIG-JM-VENTA-1442,2026-03-09,2026-03-24,15,100,100,0,Venta origen: 1442 | Usuario origen: ALONDRA26 | Credito abonado origen: 100 | Status origen: 1
credit-note:1443,sale:1443,5,MIG-JM-CRED-1443,MIG-JM-VENTA-1443,2026-03-10,2026-03-25,15,8050,8050,0,Venta origen: 1443 | Usuario origen: ALONDRA26 | Credito abonado origen: 8050 | Status origen: 1
credit-note:1444,sale:1444,2,MIG-JM-CRED-1444,MIG-JM-VENTA-1444,2026-03-10,2026-03-25,15,236,236,0,Venta origen: 1444 | Usuario origen: ALONDRA26 | Credito abonado origen: 236 | Status origen: 1
credit-note:1445,sale:1445,35,MIG-JM-CRED-1445,MIG-JM-VENTA-1445,2026-03-10,2026-04-09,30,1200,1200,0,Venta origen: 1445 | Usuario origen: ALONDRA26 | Credito abonado origen: 1200 | Status origen: 1
credit-note:1446,sale:1446,8,MIG-JM-CRED-1446,MIG-JM-VENTA-1446,2026-03-10,2026-03-25,15,104,104,0,Venta origen: 1446 | Usuario origen: ALONDRA26 | Credito abonado origen: 104 | Status origen: 1
credit-note:1447,sale:1447,74,MIG-JM-CRED-1447,MIG-JM-VENTA-1447,2026-03-10,2026-04-09,30,8500,8500,0,Venta origen: 1447 | Usuario origen: ALONDRA26 | Credito abonado origen: 8500 | Status origen: 1
credit-note:1448,sale:1448,5,MIG-JM-CRED-1448,MIG-JM-VENTA-1448,2026-03-10,2026-03-25,15,802,802,0,Venta origen: 1448 | Usuario origen: ALONDRA26 | Credito abonado origen: 802 | Status origen: 1
credit-note:1449,sale:1449,21,MIG-JM-CRED-1449,MIG-JM-VENTA-1449,2026-03-11,2026-03-26,15,4700,4700,0,Venta origen: 1449 | Usuario origen: ALONDRA26 | Credito abonado origen: 4700 | Status origen: 1
credit-note:1450,sale:1450,21,MIG-JM-CRED-1450,MIG-JM-VENTA-1450,2026-03-11,2026-03-26,15,6290,6290,0,Venta origen: 1450 | Usuario origen: ALONDRA26 | Credito abonado origen: 6290 | Status origen: 1
credit-note:1451,sale:1451,75,MIG-JM-CRED-1451,MIG-JM-VENTA-1451,2026-03-11,2026-04-10,30,6500,6500,0,Venta origen: 1451 | Usuario origen: ALONDRA26 | Credito abonado origen: 6500 | Status origen: 1
credit-note:1452,sale:1452,2,MIG-JM-CRED-1452,MIG-JM-VENTA-1452,2026-03-11,2026-03-26,15,18,18,0,Venta origen: 1452 | Usuario origen: ALONDRA26 | Credito abonado origen: 18 | Status origen: 1
credit-note:1453,sale:1453,5,MIG-JM-CRED-1453,MIG-JM-VENTA-1453,2026-03-11,2026-03-26,15,2080,2080,0,Venta origen: 1453 | Usuario origen: ALONDRA26 | Credito abonado origen: 2080 | Status origen: 1
credit-note:1454,sale:1454,53,MIG-JM-CRED-1454,MIG-JM-VENTA-1454,2026-03-11,2026-04-10,30,2160,2160,0,Venta origen: 1454 | Usuario origen: ALONDRA26 | Credito abonado origen: 2160 | Status origen: 1
credit-note:1455,sale:1455,5,MIG-JM-CRED-1455,MIG-JM-VENTA-1455,2026-03-11,2026-03-26,15,3450,3450,0,Venta origen: 1455 | Usuario origen: ALONDRA26 | Credito abonado origen: 3450 | Status origen: 1
credit-note:1456,sale:1456,53,MIG-JM-CRED-1456,MIG-JM-VENTA-1456,2026-03-11,2026-04-10,30,1760,1760,0,Venta origen: 1456 | Usuario origen: ALONDRA26 | Credito abonado origen: 1760 | Status origen: 1
credit-note:1457,sale:1457,53,MIG-JM-CRED-1457,MIG-JM-VENTA-1457,2026-03-11,2026-04-10,30,2200,2200,0,Venta origen: 1457 | Usuario origen: ALONDRA26 | Credito abonado origen: 2200 | Status origen: 1
credit-note:1458,sale:1458,81,MIG-JM-CRED-1458,MIG-JM-VENTA-1458,2026-03-11,2026-04-10,30,2400,2400,0,Venta origen: 1458 | Usuario origen: ALONDRA26 | Credito abonado origen: 2400 | Status origen: 1
credit-note:1459,sale:1459,74,MIG-JM-CRED-1459,MIG-JM-VENTA-1459,2026-03-11,2026-04-10,30,8500,8500,0,Venta origen: 1459 | Usuario origen: ALONDRA26 | Credito abonado origen: 8500 | Status origen: 1
credit-note:1460,sale:1460,2,MIG-JM-CRED-1460,MIG-JM-VENTA-1460,2026-03-11,2026-03-26,15,180,180,0,Venta origen: 1460 | Usuario origen: ALONDRA26 | Credito abonado origen: 180 | Status origen: 1
credit-note:1461,sale:1461,2,MIG-JM-CRED-1461,MIG-JM-VENTA-1461,2026-03-11,2026-03-26,15,28,28,0,Venta origen: 1461 | Usuario origen: ALONDRA26 | Credito abonado origen: 28 | Status origen: 1
credit-note:1462,sale:1462,34,MIG-JM-CRED-1462,MIG-JM-VENTA-1462,2026-03-12,2026-04-11,30,4700,4700,0,Venta origen: 1462 | Usuario origen: ALONDRA26 | Credito abonado origen: 4700 | Status origen: 1
credit-note:1463,sale:1463,60,MIG-JM-CRED-1463,MIG-JM-VENTA-1463,2026-03-12,2026-04-11,30,17480,17480,0,Venta origen: 1463 | Usuario origen: ALONDRA26 | Credito abonado origen: 17480 | Status origen: 1
credit-note:1464,sale:1464,52,MIG-JM-CRED-1464,MIG-JM-VENTA-1464,2026-03-12,2026-04-11,30,590,590,0,Venta origen: 1464 | Usuario origen: ALONDRA26 | Credito abonado origen: 590 | Status origen: 1
credit-note:1465,sale:1465,12,MIG-JM-CRED-1465,MIG-JM-VENTA-1465,2026-03-12,2026-04-11,30,1360,1360,0,Venta origen: 1465 | Usuario origen: ALONDRA26 | Credito abonado origen: 1360 | Status origen: 1
credit-note:1466,sale:1466,12,MIG-JM-CRED-1466,MIG-JM-VENTA-1466,2026-03-12,2026-04-11,30,944,0,944,Venta origen: 1466 | Usuario origen: ALONDRA26 | Credito abonado origen: 0 | Status origen: 0
credit-note:1467,sale:1467,2,MIG-JM-CRED-1467,MIG-JM-VENTA-1467,2026-03-12,2026-03-27,15,170,170,0,Venta origen: 1467 | Usuario origen: ALONDRA26 | Credito abonado origen: 170 | Status origen: 0
credit-note:1468,sale:1468,79,MIG-JM-CRED-1468,MIG-JM-VENTA-1468,2026-03-12,2026-04-11,30,6950,6950,0,Venta origen: 1468 | Usuario origen: ALONDRA26 | Credito abonado origen: 6950 | Status origen: 1
credit-note:1469,sale:1469,2,MIG-JM-CRED-1469,MIG-JM-VENTA-1469,2026-03-12,2026-03-27,15,120,120,0,Venta origen: 1469 | Usuario origen: ALONDRA26 | Credito abonado origen: 120 | Status origen: 1
credit-note:1470,sale:1470,12,MIG-JM-CRED-1470,MIG-JM-VENTA-1470,2026-03-12,2026-04-11,30,236,236,0,Venta origen: 1470 | Usuario origen: ALONDRA26 | Credito abonado origen: 236 | Status origen: 1
credit-note:1471,sale:1471,5,MIG-JM-CRED-1471,MIG-JM-VENTA-1471,2026-03-12,2026-03-27,15,3800,3800,0,Venta origen: 1471 | Usuario origen: ALONDRA26 | Credito abonado origen: 3800 | Status origen: 1
credit-note:1472,sale:1472,73,MIG-JM-CRED-1472,MIG-JM-VENTA-1472,2026-03-13,2026-04-12,30,26600,26600,0,Venta origen: 1472 | Usuario origen: ALONDRA26 | Credito abonado origen: 26600 | Status origen: 1
credit-note:1473,sale:1473,5,MIG-JM-CRED-1473,MIG-JM-VENTA-1473,2026-03-13,2026-03-28,15,3450,3450,0,Venta origen: 1473 | Usuario origen: ALONDRA26 | Credito abonado origen: 3450 | Status origen: 1
credit-note:1474,sale:1474,74,MIG-JM-CRED-1474,MIG-JM-VENTA-1474,2026-03-13,2026-04-12,30,8500,8500,0,Venta origen: 1474 | Usuario origen: ALONDRA26 | Credito abonado origen: 8500 | Status origen: 1
credit-note:1475,sale:1475,58,MIG-JM-CRED-1475,MIG-JM-VENTA-1475,2026-03-13,2026-04-12,30,630,630,0,Venta origen: 1475 | Usuario origen: ALONDRA26 | Credito abonado origen: 630 | Status origen: 1
credit-note:1476,sale:1476,5,MIG-JM-CRED-1476,MIG-JM-VENTA-1476,2026-03-13,2026-03-28,15,3450,3450,0,Venta origen: 1476 | Usuario origen: ALONDRA26 | Credito abonado origen: 3450 | Status origen: 1
credit-note:1477,sale:1477,60,MIG-JM-CRED-1477,MIG-JM-VENTA-1477,2026-03-13,2026-04-12,30,17480,17480,0,Venta origen: 1477 | Usuario origen: ALONDRA26 | Credito abonado origen: 17480 | Status origen: 1
credit-note:1478,sale:1478,12,MIG-JM-CRED-1478,MIG-JM-VENTA-1478,2026-03-13,2026-04-12,30,118,118,0,Venta origen: 1478 | Usuario origen: ALONDRA26 | Credito abonado origen: 118 | Status origen: 1
credit-note:1479,sale:1479,2,MIG-JM-CRED-1479,MIG-JM-VENTA-1479,2026-03-13,2026-03-28,15,6,6,0,Venta origen: 1479 | Usuario origen: ALONDRA26 | Credito abonado origen: 6 | Status origen: 1
credit-note:1480,sale:1480,5,MIG-JM-CRED-1480,MIG-JM-VENTA-1480,2026-03-13,2026-03-28,15,1280,1280,0,Venta origen: 1480 | Usuario origen: ALONDRA26 | Credito abonado origen: 1280 | Status origen: 1
credit-note:1481,sale:1481,58,MIG-JM-CRED-1481,MIG-JM-VENTA-1481,2026-03-13,2026-04-12,30,1126,1126,0,Venta origen: 1481 | Usuario origen: ALONDRA26 | Credito abonado origen: 1126 | Status origen: 1
credit-note:1482,sale:1482,66,MIG-JM-CRED-1482,MIG-JM-VENTA-1482,2026-03-13,2026-03-28,15,4200,4200,0,Venta origen: 1482 | Usuario origen: ALONDRA26 | Credito abonado origen: 4200 | Status origen: 1
credit-note:1483,sale:1483,8,MIG-JM-CRED-1483,MIG-JM-VENTA-1483,2026-03-13,2026-03-28,15,208,208,0,Venta origen: 1483 | Usuario origen: ALONDRA26 | Credito abonado origen: 208 | Status origen: 1
credit-note:1484,sale:1484,18,MIG-JM-CRED-1484,MIG-JM-VENTA-1484,2026-03-13,2026-03-28,15,336,336,0,Venta origen: 1484 | Usuario origen: ALONDRA26 | Credito abonado origen: 336 | Status origen: 1
credit-note:1485,sale:1485,2,MIG-JM-CRED-1485,MIG-JM-VENTA-1485,2026-03-14,2026-03-29,15,587,587,0,Venta origen: 1485 | Usuario origen: ALONDRA26 | Credito abonado origen: 587 | Status origen: 1
credit-note:1486,sale:1486,74,MIG-JM-CRED-1486,MIG-JM-VENTA-1486,2026-03-14,2026-04-13,30,8500,8500,0,Venta origen: 1486 | Usuario origen: ALONDRA26 | Credito abonado origen: 8500 | Status origen: 1
credit-note:1487,sale:1487,78,MIG-JM-CRED-1487,MIG-JM-VENTA-1487,2026-03-14,2026-04-13,30,4090,4090,0,Venta origen: 1487 | Usuario origen: ALONDRA26 | Credito abonado origen: 4090 | Status origen: 1
credit-note:1488,sale:1488,19,MIG-JM-CRED-1488,MIG-JM-VENTA-1488,2026-03-14,2026-03-29,15,196,196,0,Venta origen: 1488 | Usuario origen: ALONDRA26 | Credito abonado origen: 196 | Status origen: 1
credit-note:1489,sale:1489,21,MIG-JM-CRED-1489,MIG-JM-VENTA-1489,2026-03-14,2026-03-29,15,206,206,0,Venta origen: 1489 | Usuario origen: ALONDRA26 | Credito abonado origen: 206 | Status origen: 1
credit-note:1490,sale:1490,21,MIG-JM-CRED-1490,MIG-JM-VENTA-1490,2026-03-14,2026-03-29,15,4160,4160,0,Venta origen: 1490 | Usuario origen: ALONDRA26 | Credito abonado origen: 4160 | Status origen: 1
credit-note:1491,sale:1491,2,MIG-JM-CRED-1491,MIG-JM-VENTA-1491,2026-03-14,2026-03-29,15,517,517,0,Venta origen: 1491 | Usuario origen: ALONDRA26 | Credito abonado origen: 517 | Status origen: 1
credit-note:1492,sale:1492,2,MIG-JM-CRED-1492,MIG-JM-VENTA-1492,2026-03-14,2026-03-29,15,49,49,0,Venta origen: 1492 | Usuario origen: ALONDRA26 | Credito abonado origen: 49 | Status origen: 1
credit-note:1493,sale:1493,2,MIG-JM-CRED-1493,MIG-JM-VENTA-1493,2026-03-16,2026-03-31,15,600,600,0,Venta origen: 1493 | Usuario origen: ALONDRA26 | Credito abonado origen: 600 | Status origen: 1
credit-note:1494,sale:1494,74,MIG-JM-CRED-1494,MIG-JM-VENTA-1494,2026-03-16,2026-04-15,30,17000,17000,0,Venta origen: 1494 | Usuario origen: ALONDRA26 | Credito abonado origen: 17000 | Status origen: 1
credit-note:1495,sale:1495,5,MIG-JM-CRED-1495,MIG-JM-VENTA-1495,2026-03-16,2026-03-31,15,4240,4240,0,Venta origen: 1495 | Usuario origen: ALONDRA26 | Credito abonado origen: 4240 | Status origen: 1
credit-note:1496,sale:1496,74,MIG-JM-CRED-1496,MIG-JM-VENTA-1496,2026-03-16,2026-04-15,30,6600,6600,0,Venta origen: 1496 | Usuario origen: ALONDRA26 | Credito abonado origen: 6600 | Status origen: 1
credit-note:1497,sale:1497,3,MIG-JM-CRED-1497,MIG-JM-VENTA-1497,2026-03-16,2026-03-31,15,2132,2132,0,Venta origen: 1497 | Usuario origen: ALONDRA26 | Credito abonado origen: 2132 | Status origen: 1
credit-note:1498,sale:1498,2,MIG-JM-CRED-1498,MIG-JM-VENTA-1498,2026-03-16,2026-03-31,15,148,148,0,Venta origen: 1498 | Usuario origen: ALONDRA26 | Credito abonado origen: 148 | Status origen: 1
credit-note:1499,sale:1499,3,MIG-JM-CRED-1499,MIG-JM-VENTA-1499,2026-03-16,2026-03-31,15,1037,1037,0,Venta origen: 1499 | Usuario origen: ALONDRA26 | Credito abonado origen: 1037 | Status origen: 1
credit-note:1500,sale:1500,3,MIG-JM-CRED-1500,MIG-JM-VENTA-1500,2026-03-16,2026-03-31,15,4646.5,4646.5,0,Venta origen: 1500 | Usuario origen: ALONDRA26 | Credito abonado origen: 4646.5 | Status origen: 1
credit-note:1501,sale:1501,52,MIG-JM-CRED-1501,MIG-JM-VENTA-1501,2026-03-17,2026-04-16,30,590,590,0,Venta origen: 1501 | Usuario origen: ALONDRA26 | Credito abonado origen: 590 | Status origen: 1
credit-note:1502,sale:1502,52,MIG-JM-CRED-1502,MIG-JM-VENTA-1502,2026-03-17,2026-04-16,30,980,980,0,Venta origen: 1502 | Usuario origen: ALONDRA26 | Credito abonado origen: 980 | Status origen: 1
credit-note:1503,sale:1503,8,MIG-JM-CRED-1503,MIG-JM-VENTA-1503,2026-03-17,2026-04-01,15,99,99,0,Venta origen: 1503 | Usuario origen: ALONDRA26 | Credito abonado origen: 99 | Status origen: 1
credit-note:1504,sale:1504,2,MIG-JM-CRED-1504,MIG-JM-VENTA-1504,2026-03-17,2026-04-01,15,17,17,0,Venta origen: 1504 | Usuario origen: ALONDRA26 | Credito abonado origen: 17 | Status origen: 1
credit-note:1505,sale:1505,64,MIG-JM-CRED-1505,MIG-JM-VENTA-1505,2026-03-17,2026-04-16,30,13531,13531,0,Venta origen: 1505 | Usuario origen: ALONDRA26 | Credito abonado origen: 13531 | Status origen: 1
credit-note:1506,sale:1506,2,MIG-JM-CRED-1506,MIG-JM-VENTA-1506,2026-03-17,2026-04-01,15,5.5,5.5,0,Venta origen: 1506 | Usuario origen: ALONDRA26 | Credito abonado origen: 5.5 | Status origen: 1
credit-note:1507,sale:1507,12,MIG-JM-CRED-1507,MIG-JM-VENTA-1507,2026-03-17,2026-04-01,15,236,236,0,Venta origen: 1507 | Usuario origen: ALONDRA26 | Credito abonado origen: 236 | Status origen: 1
credit-note:1508,sale:1508,2,MIG-JM-CRED-1508,MIG-JM-VENTA-1508,2026-03-17,2026-04-01,15,70,70,0,Venta origen: 1508 | Usuario origen: ALONDRA26 | Credito abonado origen: 70 | Status origen: 1
credit-note:1509,sale:1509,2,MIG-JM-CRED-1509,MIG-JM-VENTA-1509,2026-03-17,2026-04-01,15,9,9,0,Venta origen: 1509 | Usuario origen: ALONDRA26 | Credito abonado origen: 9 | Status origen: 1
credit-note:1510,sale:1510,73,MIG-JM-CRED-1510,MIG-JM-VENTA-1510,2026-03-17,2026-04-16,30,18500,18500,0,Venta origen: 1510 | Usuario origen: ALONDRA26 | Credito abonado origen: 18500 | Status origen: 1
credit-note:1511,sale:1511,44,MIG-JM-CRED-1511,MIG-JM-VENTA-1511,2026-03-17,2026-04-16,30,8340,8340,0,Venta origen: 1511 | Usuario origen: ALONDRA26 | Credito abonado origen: 8340 | Status origen: 1
credit-note:1512,sale:1512,19,MIG-JM-CRED-1512,MIG-JM-VENTA-1512,2026-03-17,2026-04-01,15,4700,4700,0,Venta origen: 1512 | Usuario origen: ALONDRA26 | Credito abonado origen: 4700 | Status origen: 1
credit-note:1513,sale:1513,2,MIG-JM-CRED-1513,MIG-JM-VENTA-1513,2026-03-17,2026-03-17,1,1068,1068,0,Venta origen: 1513 | Usuario origen: ALONDRA26 | Credito abonado origen: 1068 | Status origen: 1
credit-note:1514,sale:1514,18,MIG-JM-CRED-1514,MIG-JM-VENTA-1514,2026-03-17,2026-04-01,15,6300,6300,0,Venta origen: 1514 | Usuario origen: ALONDRA26 | Credito abonado origen: 6300 | Status origen: 1
credit-note:1515,sale:1515,4,MIG-JM-CRED-1515,MIG-JM-VENTA-1515,2026-03-18,2026-04-17,30,4700,4700,0,Venta origen: 1515 | Usuario origen: ALONDRA26 | Credito abonado origen: 4700 | Status origen: 1
credit-note:1516,sale:1516,82,MIG-JM-CRED-1516,MIG-JM-VENTA-1516,2026-03-18,2026-04-17,30,472,472,0,Venta origen: 1516 | Usuario origen: ALONDRA26 | Credito abonado origen: 472 | Status origen: 1
credit-note:1517,sale:1517,74,MIG-JM-CRED-1517,MIG-JM-VENTA-1517,2026-03-18,2026-04-17,30,8500,8500,0,Venta origen: 1517 | Usuario origen: ALONDRA26 | Credito abonado origen: 8500 | Status origen: 1
credit-note:1518,sale:1518,60,MIG-JM-CRED-1518,MIG-JM-VENTA-1518,2026-03-18,2026-04-17,30,3324,3324,0,Venta origen: 1518 | Usuario origen: ALONDRA26 | Credito abonado origen: 3324 | Status origen: 1
credit-note:1519,sale:1519,34,MIG-JM-CRED-1519,MIG-JM-VENTA-1519,2026-03-18,2026-04-17,30,8300,8300,0,Venta origen: 1519 | Usuario origen: ALONDRA26 | Credito abonado origen: 8300 | Status origen: 1
credit-note:1520,sale:1520,12,MIG-JM-CRED-1520,MIG-JM-VENTA-1520,2026-03-18,2026-04-17,30,944,944,0,Venta origen: 1520 | Usuario origen: ALONDRA26 | Credito abonado origen: 944 | Status origen: 1
credit-note:1521,sale:1521,12,MIG-JM-CRED-1521,MIG-JM-VENTA-1521,2026-03-18,2026-04-17,30,66,66,0,Venta origen: 1521 | Usuario origen: ALONDRA26 | Credito abonado origen: 66 | Status origen: 1
credit-note:1522,sale:1522,21,MIG-JM-CRED-1522,MIG-JM-VENTA-1522,2026-03-18,2026-04-02,15,7050,7050,0,Venta origen: 1522 | Usuario origen: ALONDRA26 | Credito abonado origen: 7050 | Status origen: 1
credit-note:1523,sale:1523,18,MIG-JM-CRED-1523,MIG-JM-VENTA-1523,2026-03-18,2026-04-02,15,4700,4700,0,Venta origen: 1523 | Usuario origen: ALONDRA26 | Credito abonado origen: 4700 | Status origen: 1
credit-note:1524,sale:1524,2,MIG-JM-CRED-1524,MIG-JM-VENTA-1524,2026-03-18,2026-03-18,1,140,140,0,Venta origen: 1524 | Usuario origen: ALONDRA26 | Credito abonado origen: 140 | Status origen: 1
credit-note:1525,sale:1525,53,MIG-JM-CRED-1525,MIG-JM-VENTA-1525,2026-03-18,2026-04-17,30,2250,2250,0,Venta origen: 1525 | Usuario origen: ALONDRA26 | Credito abonado origen: 2250 | Status origen: 1
credit-note:1526,sale:1526,5,MIG-JM-CRED-1526,MIG-JM-VENTA-1526,2026-03-18,2026-04-02,15,3450,3450,0,Venta origen: 1526 | Usuario origen: ALONDRA26 | Credito abonado origen: 3450 | Status origen: 1
credit-note:1527,sale:1527,73,MIG-JM-CRED-1527,MIG-JM-VENTA-1527,2026-03-18,2026-04-17,30,19000,19000,0,Venta origen: 1527 | Usuario origen: ALONDRA26 | Credito abonado origen: 19000 | Status origen: 1
credit-note:1528,sale:1528,83,MIG-JM-CRED-1528,MIG-JM-VENTA-1528,2026-03-18,2026-04-17,30,2200,2200,0,Venta origen: 1528 | Usuario origen: ALONDRA26 | Credito abonado origen: 2200 | Status origen: 1
credit-note:1529,sale:1529,53,MIG-JM-CRED-1529,MIG-JM-VENTA-1529,2026-03-18,2026-04-17,30,4000,4000,0,Venta origen: 1529 | Usuario origen: ALONDRA26 | Credito abonado origen: 4000 | Status origen: 1
credit-note:1530,sale:1530,53,MIG-JM-CRED-1530,MIG-JM-VENTA-1530,2026-03-19,2026-04-18,30,4027.5,4027.5,0,Venta origen: 1530 | Usuario origen: ALONDRA26 | Credito abonado origen: 4027.5 | Status origen: 1
credit-note:1531,sale:1531,53,MIG-JM-CRED-1531,MIG-JM-VENTA-1531,2026-03-19,2026-04-18,30,1190,1190,0,Venta origen: 1531 | Usuario origen: ALONDRA26 | Credito abonado origen: 1190 | Status origen: 1
credit-note:1532,sale:1532,53,MIG-JM-CRED-1532,MIG-JM-VENTA-1532,2026-03-19,2026-04-18,30,2500,2500,0,Venta origen: 1532 | Usuario origen: ALONDRA26 | Credito abonado origen: 2500 | Status origen: 1
credit-note:1533,sale:1533,52,MIG-JM-CRED-1533,MIG-JM-VENTA-1533,2026-03-19,2026-04-18,30,1372,1372,0,Venta origen: 1533 | Usuario origen: ALONDRA26 | Credito abonado origen: 1372 | Status origen: 1
credit-note:1534,sale:1534,2,MIG-JM-CRED-1534,MIG-JM-VENTA-1534,2026-03-19,2026-03-19,1,2360,2360,0,Venta origen: 1534 | Usuario origen: ALONDRA26 | Credito abonado origen: 2360 | Status origen: 1
credit-note:1535,sale:1535,67,MIG-JM-CRED-1535,MIG-JM-VENTA-1535,2026-03-20,2026-04-04,15,786,786,0,Venta origen: 1535 | Usuario origen: ALONDRA26 | Credito abonado origen: 786 | Status origen: 1
credit-note:1536,sale:1536,21,MIG-JM-CRED-1536,MIG-JM-VENTA-1536,2026-03-20,2026-04-04,15,608,608,0,Venta origen: 1536 | Usuario origen: ALONDRA26 | Credito abonado origen: 608 | Status origen: 1
credit-note:1537,sale:1537,18,MIG-JM-CRED-1537,MIG-JM-VENTA-1537,2026-03-20,2026-04-04,15,7200,7200,0,Venta origen: 1537 | Usuario origen: ALONDRA26 | Credito abonado origen: 7200 | Status origen: 1
credit-note:1538,sale:1538,2,MIG-JM-CRED-1538,MIG-JM-VENTA-1538,2026-03-20,2026-03-20,1,38,38,0,Venta origen: 1538 | Usuario origen: ALONDRA26 | Credito abonado origen: 38 | Status origen: 1
credit-note:1539,sale:1539,18,MIG-JM-CRED-1539,MIG-JM-VENTA-1539,2026-03-20,2026-04-04,15,12357.4,12357.4,0,Venta origen: 1539 | Usuario origen: ALONDRA26 | Credito abonado origen: 12357.4 | Status origen: 1
credit-note:1540,sale:1540,53,MIG-JM-CRED-1540,MIG-JM-VENTA-1540,2026-03-20,2026-04-19,30,2500,2500,0,Venta origen: 1540 | Usuario origen: ALONDRA26 | Credito abonado origen: 2500 | Status origen: 1
credit-note:1541,sale:1541,53,MIG-JM-CRED-1541,MIG-JM-VENTA-1541,2026-03-20,2026-04-19,30,2500,2500,0,Venta origen: 1541 | Usuario origen: ALONDRA26 | Credito abonado origen: 2500 | Status origen: 1
credit-note:1542,sale:1542,53,MIG-JM-CRED-1542,MIG-JM-VENTA-1542,2026-03-20,2026-04-19,30,2500,2500,0,Venta origen: 1542 | Usuario origen: ALONDRA26 | Credito abonado origen: 2500 | Status origen: 1
credit-note:1543,sale:1543,53,MIG-JM-CRED-1543,MIG-JM-VENTA-1543,2026-03-20,2026-04-19,30,2500,2500,0,Venta origen: 1543 | Usuario origen: ALONDRA26 | Credito abonado origen: 2500 | Status origen: 1
credit-note:1544,sale:1544,52,MIG-JM-CRED-1544,MIG-JM-VENTA-1544,2026-03-20,2026-04-19,30,2940,2940,0,Venta origen: 1544 | Usuario origen: ALONDRA26 | Credito abonado origen: 2940 | Status origen: 1
credit-note:1545,sale:1545,18,MIG-JM-CRED-1545,MIG-JM-VENTA-1545,2026-03-20,2026-04-04,15,14100,14100,0,Venta origen: 1545 | Usuario origen: ALONDRA26 | Credito abonado origen: 14100 | Status origen: 1
credit-note:1546,sale:1546,2,MIG-JM-CRED-1546,MIG-JM-VENTA-1546,2026-03-21,2026-04-05,15,61,61,0,Venta origen: 1546 | Usuario origen: ALONDRA26 | Credito abonado origen: 61 | Status origen: 1
credit-note:1547,sale:1547,21,MIG-JM-CRED-1547,MIG-JM-VENTA-1547,2026-03-21,2026-04-05,15,14100,14100,0,Venta origen: 1547 | Usuario origen: ALONDRA26 | Credito abonado origen: 14100 | Status origen: 1
credit-note:1548,sale:1548,5,MIG-JM-CRED-1548,MIG-JM-VENTA-1548,2026-03-21,2026-04-05,15,4600,4600,0,Venta origen: 1548 | Usuario origen: ALONDRA26 | Credito abonado origen: 4600 | Status origen: 1
credit-note:1549,sale:1549,21,MIG-JM-CRED-1549,MIG-JM-VENTA-1549,2026-03-21,2026-04-05,15,460,460,0,Venta origen: 1549 | Usuario origen: ALONDRA26 | Credito abonado origen: 460 | Status origen: 1
credit-note:1550,sale:1550,2,MIG-JM-CRED-1550,MIG-JM-VENTA-1550,2026-03-21,2026-04-05,15,180,180,0,Venta origen: 1550 | Usuario origen: ALONDRA26 | Credito abonado origen: 180 | Status origen: 1
credit-note:1551,sale:1551,5,MIG-JM-CRED-1551,MIG-JM-VENTA-1551,2026-03-21,2026-04-05,15,900,900,0,Venta origen: 1551 | Usuario origen: ALONDRA26 | Credito abonado origen: 900 | Status origen: 1
credit-note:1552,sale:1552,8,MIG-JM-CRED-1552,MIG-JM-VENTA-1552,2026-03-21,2026-04-05,15,90,90,0,Venta origen: 1552 | Usuario origen: ALONDRA26 | Credito abonado origen: 90 | Status origen: 1
credit-note:1553,sale:1553,5,MIG-JM-CRED-1553,MIG-JM-VENTA-1553,2026-03-21,2026-04-05,15,900,900,0,Venta origen: 1553 | Usuario origen: ALONDRA26 | Credito abonado origen: 900 | Status origen: 1
credit-note:1554,sale:1554,53,MIG-JM-CRED-1554,MIG-JM-VENTA-1554,2026-03-21,2026-04-20,30,14000,14000,0,Venta origen: 1554 | Usuario origen: ALONDRA26 | Credito abonado origen: 14000 | Status origen: 1
credit-note:1555,sale:1555,84,MIG-JM-CRED-1555,MIG-JM-VENTA-1555,2026-03-21,2026-04-05,15,8450,8450,0,Venta origen: 1555 | Usuario origen: ALONDRA26 | Credito abonado origen: 8450 | Status origen: 1
credit-note:1556,sale:1556,5,MIG-JM-CRED-1556,MIG-JM-VENTA-1556,2026-03-23,2026-04-07,15,7850,7850,0,Venta origen: 1556 | Usuario origen: ALONDRA26 | Credito abonado origen: 7850 | Status origen: 1
credit-note:1557,sale:1557,2,MIG-JM-CRED-1557,MIG-JM-VENTA-1557,2026-03-23,2026-03-23,1,2500,2500,0,Venta origen: 1557 | Usuario origen: ALONDRA26 | Credito abonado origen: 2500 | Status origen: 1
credit-note:1558,sale:1558,2,MIG-JM-CRED-1558,MIG-JM-VENTA-1558,2026-03-23,2026-03-23,1,2500,2500,0,Venta origen: 1558 | Usuario origen: ALONDRA26 | Credito abonado origen: 2500 | Status origen: 1
credit-note:1559,sale:1559,2,MIG-JM-CRED-1559,MIG-JM-VENTA-1559,2026-03-23,2026-03-23,1,2800,2800,0,Venta origen: 1559 | Usuario origen: ALONDRA26 | Credito abonado origen: 2800 | Status origen: 1
credit-note:1560,sale:1560,5,MIG-JM-CRED-1560,MIG-JM-VENTA-1560,2026-03-23,2026-04-07,15,740,740,0,Venta origen: 1560 | Usuario origen: ALONDRA26 | Credito abonado origen: 740 | Status origen: 1
credit-note:1561,sale:1561,21,MIG-JM-CRED-1561,MIG-JM-VENTA-1561,2026-03-23,2026-04-07,15,425,425,0,Venta origen: 1561 | Usuario origen: ALONDRA26 | Credito abonado origen: 425 | Status origen: 1
credit-note:1562,sale:1562,2,MIG-JM-CRED-1562,MIG-JM-VENTA-1562,2026-03-23,2026-04-07,15,23,23,0,Venta origen: 1562 | Usuario origen: ALONDRA26 | Credito abonado origen: 23 | Status origen: 1
credit-note:1563,sale:1563,85,MIG-JM-CRED-1563,MIG-JM-VENTA-1563,2026-03-23,2026-04-22,30,20029,20029,0,Venta origen: 1563 | Usuario origen: ALONDRA26 | Credito abonado origen: 20029 | Status origen: 1
credit-note:1564,sale:1564,85,MIG-JM-CRED-1564,MIG-JM-VENTA-1564,2026-03-23,2026-04-22,30,402,402,0,Venta origen: 1564 | Usuario origen: ALONDRA26 | Credito abonado origen: 402 | Status origen: 1
credit-note:1565,sale:1565,2,MIG-JM-CRED-1565,MIG-JM-VENTA-1565,2026-03-24,2026-04-08,15,122,122,0,Venta origen: 1565 | Usuario origen: ALONDRA26 | Credito abonado origen: 122 | Status origen: 1
credit-note:1566,sale:1566,46,MIG-JM-CRED-1566,MIG-JM-VENTA-1566,2026-03-24,2026-04-23,30,3800,3800,0,Venta origen: 1566 | Usuario origen: ALONDRA26 | Credito abonado origen: 3800 | Status origen: 1
credit-note:1567,sale:1567,2,MIG-JM-CRED-1567,MIG-JM-VENTA-1567,2026-03-24,2026-04-08,15,32,32,0,Venta origen: 1567 | Usuario origen: ALONDRA26 | Credito abonado origen: 32 | Status origen: 1
credit-note:1568,sale:1568,8,MIG-JM-CRED-1568,MIG-JM-VENTA-1568,2026-03-24,2026-04-08,15,113,113,0,Venta origen: 1568 | Usuario origen: ALONDRA26 | Credito abonado origen: 113 | Status origen: 1
credit-note:1569,sale:1569,86,MIG-JM-CRED-1569,MIG-JM-VENTA-1569,2026-03-24,2026-04-23,30,450,450,0,Venta origen: 1569 | Usuario origen: ALONDRA26 | Credito abonado origen: 450 | Status origen: 1
credit-note:1570,sale:1570,2,MIG-JM-CRED-1570,MIG-JM-VENTA-1570,2026-03-24,2026-04-08,15,1154,1154,0,Venta origen: 1570 | Usuario origen: ALONDRA26 | Credito abonado origen: 1154 | Status origen: 1
credit-note:1571,sale:1571,56,MIG-JM-CRED-1571,MIG-JM-VENTA-1571,2026-03-24,2026-04-23,30,18600,18600,0,Venta origen: 1571 | Usuario origen: ALONDRA26 | Credito abonado origen: 18600 | Status origen: 1
credit-note:1572,sale:1572,64,MIG-JM-CRED-1572,MIG-JM-VENTA-1572,2026-03-24,2026-04-23,30,11231,11231,0,Venta origen: 1572 | Usuario origen: ALONDRA26 | Credito abonado origen: 11231 | Status origen: 1
credit-note:1573,sale:1573,18,MIG-JM-CRED-1573,MIG-JM-VENTA-1573,2026-03-25,2026-04-09,15,7420,7420,0,Venta origen: 1573 | Usuario origen: ALONDRA26 | Credito abonado origen: 7420 | Status origen: 1
credit-note:1574,sale:1574,44,MIG-JM-CRED-1574,MIG-JM-VENTA-1574,2026-03-25,2026-04-24,30,5000,5000,0,Venta origen: 1574 | Usuario origen: ALONDRA26 | Credito abonado origen: 5000 | Status origen: 1
credit-note:1575,sale:1575,21,MIG-JM-CRED-1575,MIG-JM-VENTA-1575,2026-03-25,2026-04-09,15,3340,3340,0,Venta origen: 1575 | Usuario origen: ALONDRA26 | Credito abonado origen: 3340 | Status origen: 1
credit-note:1576,sale:1576,79,MIG-JM-CRED-1576,MIG-JM-VENTA-1576,2026-03-25,2026-04-24,30,3800,3800,0,Venta origen: 1576 | Usuario origen: ALONDRA26 | Credito abonado origen: 3800 | Status origen: 1
credit-note:1577,sale:1577,85,MIG-JM-CRED-1577,MIG-JM-VENTA-1577,2026-03-25,2026-04-24,30,3360,3360,0,Venta origen: 1577 | Usuario origen: ALONDRA26 | Credito abonado origen: 3360 | Status origen: 1
credit-note:1578,sale:1578,85,MIG-JM-CRED-1578,MIG-JM-VENTA-1578,2026-03-25,2026-04-24,30,3150,3150,0,Venta origen: 1578 | Usuario origen: ALONDRA26 | Credito abonado origen: 3150 | Status origen: 1
credit-note:1579,sale:1579,12,MIG-JM-CRED-1579,MIG-JM-VENTA-1579,2026-03-25,2026-04-24,30,12300,12300,0,Venta origen: 1579 | Usuario origen: ALONDRA26 | Credito abonado origen: 12300 | Status origen: 1
credit-note:1580,sale:1580,2,MIG-JM-CRED-1580,MIG-JM-VENTA-1580,2026-03-26,2026-04-10,15,38,38,0,Venta origen: 1580 | Usuario origen: ALONDRA26 | Credito abonado origen: 38 | Status origen: 1
credit-note:1581,sale:1581,73,MIG-JM-CRED-1581,MIG-JM-VENTA-1581,2026-03-26,2026-04-25,30,19000,19000,0,Venta origen: 1581 | Usuario origen: ALONDRA26 | Credito abonado origen: 19000 | Status origen: 1
credit-note:1582,sale:1582,73,MIG-JM-CRED-1582,MIG-JM-VENTA-1582,2026-03-26,2026-04-25,30,18500,18500,0,Venta origen: 1582 | Usuario origen: ALONDRA26 | Credito abonado origen: 18500 | Status origen: 1
credit-note:1583,sale:1583,18,MIG-JM-CRED-1583,MIG-JM-VENTA-1583,2026-03-26,2026-04-10,15,3600,3600,0,Venta origen: 1583 | Usuario origen: ALONDRA26 | Credito abonado origen: 3600 | Status origen: 1
credit-note:1584,sale:1584,78,MIG-JM-CRED-1584,MIG-JM-VENTA-1584,2026-03-26,2026-04-25,30,5560,5560,0,Venta origen: 1584 | Usuario origen: ALONDRA26 | Credito abonado origen: 5560 | Status origen: 1
credit-note:1585,sale:1585,85,MIG-JM-CRED-1585,MIG-JM-VENTA-1585,2026-03-26,2026-04-25,30,2000,2000,0,Venta origen: 1585 | Usuario origen: ALONDRA26 | Credito abonado origen: 2000 | Status origen: 1
credit-note:1586,sale:1586,85,MIG-JM-CRED-1586,MIG-JM-VENTA-1586,2026-03-26,2026-04-25,30,2000,2000,0,Venta origen: 1586 | Usuario origen: ALONDRA26 | Credito abonado origen: 2000 | Status origen: 1
credit-note:1587,sale:1587,5,MIG-JM-CRED-1587,MIG-JM-VENTA-1587,2026-03-26,2026-04-10,15,3450,3450,0,Venta origen: 1587 | Usuario origen: ALONDRA26 | Credito abonado origen: 3450 | Status origen: 1
credit-note:1588,sale:1588,79,MIG-JM-CRED-1588,MIG-JM-VENTA-1588,2026-03-26,2026-04-25,30,115,115,0,Venta origen: 1588 | Usuario origen: ALONDRA26 | Credito abonado origen: 115 | Status origen: 1
credit-note:1589,sale:1589,87,MIG-JM-CRED-1589,MIG-JM-VENTA-1589,2026-03-26,2026-04-25,30,3700,3700,0,Venta origen: 1589 | Usuario origen: ALONDRA26 | Credito abonado origen: 3700 | Status origen: 1
credit-note:1590,sale:1590,87,MIG-JM-CRED-1590,MIG-JM-VENTA-1590,2026-03-26,2026-04-25,30,8300,8300,0,Venta origen: 1590 | Usuario origen: ALONDRA26 | Credito abonado origen: 8300 | Status origen: 1
credit-note:1591,sale:1591,87,MIG-JM-CRED-1591,MIG-JM-VENTA-1591,2026-03-26,2026-04-25,30,16300,0,16300,Venta origen: 1591 | Usuario origen: ALONDRA26 | Credito abonado origen: 0 | Status origen: 0
credit-note:1592,sale:1592,85,MIG-JM-CRED-1592,MIG-JM-VENTA-1592,2026-03-26,2026-04-25,30,1725,1725,0,Venta origen: 1592 | Usuario origen: ALONDRA26 | Credito abonado origen: 1725 | Status origen: 1
credit-note:1593,sale:1593,87,MIG-JM-CRED-1593,MIG-JM-VENTA-1593,2026-03-26,2026-04-25,30,1600,1600,0,Venta origen: 1593 | Usuario origen: ALONDRA26 | Credito abonado origen: 1600 | Status origen: 1
credit-note:1594,sale:1594,85,MIG-JM-CRED-1594,MIG-JM-VENTA-1594,2026-03-26,2026-04-25,30,2000,2000,0,Venta origen: 1594 | Usuario origen: ALONDRA26 | Credito abonado origen: 2000 | Status origen: 1
credit-note:1595,sale:1595,18,MIG-JM-CRED-1595,MIG-JM-VENTA-1595,2026-03-27,2026-04-11,15,10100,10100,0,Venta origen: 1595 | Usuario origen: ALONDRA26 | Credito abonado origen: 10100 | Status origen: 1
credit-note:1596,sale:1596,87,MIG-JM-CRED-1596,MIG-JM-VENTA-1596,2026-03-27,2026-04-26,30,14700,14700,0,Venta origen: 1596 | Usuario origen: ALONDRA26 | Credito abonado origen: 14700 | Status origen: 1
credit-note:1597,sale:1597,21,MIG-JM-CRED-1597,MIG-JM-VENTA-1597,2026-03-27,2026-04-11,15,416,416,0,Venta origen: 1597 | Usuario origen: ALONDRA26 | Credito abonado origen: 416 | Status origen: 1
credit-note:1598,sale:1598,4,MIG-JM-CRED-1598,MIG-JM-VENTA-1598,2026-03-27,2026-04-26,30,4750,4750,0,Venta origen: 1598 | Usuario origen: ALONDRA26 | Credito abonado origen: 4750 | Status origen: 1
credit-note:1599,sale:1599,19,MIG-JM-CRED-1599,MIG-JM-VENTA-1599,2026-03-27,2026-04-11,15,3600,3600,0,Venta origen: 1599 | Usuario origen: ALONDRA26 | Credito abonado origen: 3600 | Status origen: 1
credit-note:1600,sale:1600,2,MIG-JM-CRED-1600,MIG-JM-VENTA-1600,2026-03-27,2026-03-27,1,354,354,0,Venta origen: 1600 | Usuario origen: ALONDRA26 | Credito abonado origen: 354 | Status origen: 1
credit-note:1601,sale:1601,21,MIG-JM-CRED-1601,MIG-JM-VENTA-1601,2026-03-27,2026-04-11,15,3150,3150,0,Venta origen: 1601 | Usuario origen: ALONDRA26 | Credito abonado origen: 3150 | Status origen: 1
credit-note:1602,sale:1602,2,MIG-JM-CRED-1602,MIG-JM-VENTA-1602,2026-03-27,2026-03-27,1,860,860,0,Venta origen: 1602 | Usuario origen: ALONDRA26 | Credito abonado origen: 860 | Status origen: 1
credit-note:1603,sale:1603,85,MIG-JM-CRED-1603,MIG-JM-VENTA-1603,2026-03-27,2026-04-26,30,6694,6694,0,Venta origen: 1603 | Usuario origen: ALONDRA26 | Credito abonado origen: 6694 | Status origen: 1
credit-note:1604,sale:1604,82,MIG-JM-CRED-1604,MIG-JM-VENTA-1604,2026-03-28,2026-04-12,15,90,90,0,Venta origen: 1604 | Usuario origen: GRISELDA2026 | Credito abonado origen: 90 | Status origen: 1
credit-note:1605,sale:1605,88,MIG-JM-CRED-1605,MIG-JM-VENTA-1605,2026-03-28,2026-04-12,15,2200,2200,0,Venta origen: 1605 | Usuario origen: GRISELDA2026 | Credito abonado origen: 2200 | Status origen: 1
credit-note:1606,sale:1606,88,MIG-JM-CRED-1606,MIG-JM-VENTA-1606,2026-03-28,2026-04-12,15,2200,2200,0,Venta origen: 1606 | Usuario origen: GRISELDA2026 | Credito abonado origen: 2200 | Status origen: 1
credit-note:1607,sale:1607,21,MIG-JM-CRED-1607,MIG-JM-VENTA-1607,2026-03-28,2026-04-12,15,2350,0,2350,Venta origen: 1607 | Usuario origen: GRISELDA2026 | Credito abonado origen: 0 | Status origen: 0
credit-note:1608,sale:1608,21,MIG-JM-CRED-1608,MIG-JM-VENTA-1608,2026-03-28,2026-04-12,15,21160,21160,0,Venta origen: 1608 | Usuario origen: GRISELDA2026 | Credito abonado origen: 21160 | Status origen: 1
credit-note:1609,sale:1609,5,MIG-JM-CRED-1609,MIG-JM-VENTA-1609,2026-03-28,2026-04-12,15,5196,5196,0,Venta origen: 1609 | Usuario origen: GRISELDA2026 | Credito abonado origen: 5196 | Status origen: 1
credit-note:1610,sale:1610,2,MIG-JM-CRED-1610,MIG-JM-VENTA-1610,2026-03-28,2026-04-12,15,235,235,0,Venta origen: 1610 | Usuario origen: GRISELDA2026 | Credito abonado origen: 235 | Status origen: 1
credit-note:1611,sale:1611,2,MIG-JM-CRED-1611,MIG-JM-VENTA-1611,2026-03-28,2026-04-12,15,118,118,0,Venta origen: 1611 | Usuario origen: GRISELDA2026 | Credito abonado origen: 118 | Status origen: 1
credit-note:1612,sale:1612,2,MIG-JM-CRED-1612,MIG-JM-VENTA-1612,2026-03-28,2026-04-12,15,26,26,0,Venta origen: 1612 | Usuario origen: GRISELDA2026 | Credito abonado origen: 26 | Status origen: 1
credit-note:1613,sale:1613,53,MIG-JM-CRED-1613,MIG-JM-VENTA-1613,2026-03-28,2026-04-27,30,7420,7420,0,Venta origen: 1613 | Usuario origen: GRISELDA2026 | Credito abonado origen: 7420 | Status origen: 1
credit-note:1614,sale:1614,53,MIG-JM-CRED-1614,MIG-JM-VENTA-1614,2026-03-28,2026-04-27,30,8400,8400,0,Venta origen: 1614 | Usuario origen: GRISELDA2026 | Credito abonado origen: 8400 | Status origen: 1
credit-note:1615,sale:1615,53,MIG-JM-CRED-1615,MIG-JM-VENTA-1615,2026-03-28,2026-04-27,30,12414.5,12414.5,0,Venta origen: 1615 | Usuario origen: GRISELDA2026 | Credito abonado origen: 12414.5 | Status origen: 1
credit-note:1616,sale:1616,2,MIG-JM-CRED-1616,MIG-JM-VENTA-1616,2026-03-30,2026-04-14,15,416,416,0,Venta origen: 1616 | Usuario origen: GRISELDA2026 | Credito abonado origen: 416 | Status origen: 1
credit-note:1617,sale:1617,59,MIG-JM-CRED-1617,MIG-JM-VENTA-1617,2026-03-30,2026-04-29,30,125,125,0,Venta origen: 1617 | Usuario origen: GRISELDA2026 | Credito abonado origen: 125 | Status origen: 1
credit-note:1618,sale:1618,5,MIG-JM-CRED-1618,MIG-JM-VENTA-1618,2026-03-30,2026-04-14,15,6900,6900,0,Venta origen: 1618 | Usuario origen: GRISELDA2026 | Credito abonado origen: 6900 | Status origen: 1
credit-note:1619,sale:1619,89,MIG-JM-CRED-1619,MIG-JM-VENTA-1619,2026-03-30,2026-04-29,30,354,354,0,Venta origen: 1619 | Usuario origen: GRISELDA2026 | Credito abonado origen: 354 | Status origen: 1
credit-note:1620,sale:1620,85,MIG-JM-CRED-1620,MIG-JM-VENTA-1620,2026-03-30,2026-04-29,30,3360,3360,0,Venta origen: 1620 | Usuario origen: GRISELDA2026 | Credito abonado origen: 3360 | Status origen: 1
credit-note:1621,sale:1621,85,MIG-JM-CRED-1621,MIG-JM-VENTA-1621,2026-03-30,2026-04-29,30,2200,2200,0,Venta origen: 1621 | Usuario origen: GRISELDA2026 | Credito abonado origen: 2200 | Status origen: 1
credit-note:1622,sale:1622,2,MIG-JM-CRED-1622,MIG-JM-VENTA-1622,2026-03-31,2026-03-31,1,2130,2130,0,Venta origen: 1622 | Usuario origen: ALONDRA26 | Credito abonado origen: 2130 | Status origen: 1
credit-note:1623,sale:1623,85,MIG-JM-CRED-1623,MIG-JM-VENTA-1623,2026-03-31,2026-04-30,30,2200,2200,0,Venta origen: 1623 | Usuario origen: ALONDRA26 | Credito abonado origen: 2200 | Status origen: 1
credit-note:1624,sale:1624,21,MIG-JM-CRED-1624,MIG-JM-VENTA-1624,2026-03-31,2026-04-15,15,7050,7050,0,Venta origen: 1624 | Usuario origen: ALONDRA26 | Credito abonado origen: 7050 | Status origen: 1
credit-note:1625,sale:1625,67,MIG-JM-CRED-1625,MIG-JM-VENTA-1625,2026-03-31,2026-04-15,15,1950,1950,0,Venta origen: 1625 | Usuario origen: ALONDRA26 | Credito abonado origen: 1950 | Status origen: 1
credit-note:1626,sale:1626,46,MIG-JM-CRED-1626,MIG-JM-VENTA-1626,2026-03-31,2026-04-30,30,2200,2200,0,Venta origen: 1626 | Usuario origen: ALONDRA26 | Credito abonado origen: 2200 | Status origen: 1
credit-note:1627,sale:1627,85,MIG-JM-CRED-1627,MIG-JM-VENTA-1627,2026-03-31,2026-04-30,30,6150,6150,0,Venta origen: 1627 | Usuario origen: ALONDRA26 | Credito abonado origen: 6150 | Status origen: 1
credit-note:1628,sale:1628,2,MIG-JM-CRED-1628,MIG-JM-VENTA-1628,2026-03-31,2026-04-15,15,19,19,0,Venta origen: 1628 | Usuario origen: ALONDRA26 | Credito abonado origen: 19 | Status origen: 1
credit-note:1629,sale:1629,5,MIG-JM-CRED-1629,MIG-JM-VENTA-1629,2026-03-31,2026-04-15,15,1664,1664,0,Venta origen: 1629 | Usuario origen: ALONDRA26 | Credito abonado origen: 1664 | Status origen: 1
credit-note:1630,sale:1630,89,MIG-JM-CRED-1630,MIG-JM-VENTA-1630,2026-03-31,2026-04-30,30,236,236,0,Venta origen: 1630 | Usuario origen: ALONDRA26 | Credito abonado origen: 236 | Status origen: 1
credit-note:1631,sale:1631,5,MIG-JM-CRED-1631,MIG-JM-VENTA-1631,2026-03-31,2026-04-15,15,900,900,0,Venta origen: 1631 | Usuario origen: ALONDRA26 | Credito abonado origen: 900 | Status origen: 1
credit-note:1632,sale:1632,5,MIG-JM-CRED-1632,MIG-JM-VENTA-1632,2026-03-31,2026-04-15,15,190,190,0,Venta origen: 1632 | Usuario origen: ALONDRA26 | Credito abonado origen: 190 | Status origen: 1
credit-note:1633,sale:1633,2,MIG-JM-CRED-1633,MIG-JM-VENTA-1633,2026-04-01,2026-04-01,1,60,60,0,Venta origen: 1633 | Usuario origen: ALONDRA26 | Credito abonado origen: 60 | Status origen: 1
credit-note:1634,sale:1634,2,MIG-JM-CRED-1634,MIG-JM-VENTA-1634,2026-04-01,2026-04-16,15,29,29,0,Venta origen: 1634 | Usuario origen: ALONDRA26 | Credito abonado origen: 29 | Status origen: 1
credit-note:1635,sale:1635,2,MIG-JM-CRED-1635,MIG-JM-VENTA-1635,2026-04-01,2026-04-01,1,13814,13814,0,Venta origen: 1635 | Usuario origen: ALONDRA26 | Credito abonado origen: 13814 | Status origen: 1
credit-note:1636,sale:1636,19,MIG-JM-CRED-1636,MIG-JM-VENTA-1636,2026-04-01,2026-04-16,15,661,661,0,Venta origen: 1636 | Usuario origen: ALONDRA26 | Credito abonado origen: 661 | Status origen: 1
credit-note:1637,sale:1637,85,MIG-JM-CRED-1637,MIG-JM-VENTA-1637,2026-04-01,2026-05-01,30,1920,1920,0,Venta origen: 1637 | Usuario origen: ALONDRA26 | Credito abonado origen: 1920 | Status origen: 1
credit-note:1638,sale:1638,12,MIG-JM-CRED-1638,MIG-JM-VENTA-1638,2026-04-01,2026-05-01,30,118,118,0,Venta origen: 1638 | Usuario origen: ALONDRA26 | Credito abonado origen: 118 | Status origen: 1
credit-note:1639,sale:1639,56,MIG-JM-CRED-1639,MIG-JM-VENTA-1639,2026-04-01,2026-05-01,30,10966,10966,0,Venta origen: 1639 | Usuario origen: ALONDRA26 | Credito abonado origen: 10966 | Status origen: 1
credit-note:1640,sale:1640,2,MIG-JM-CRED-1640,MIG-JM-VENTA-1640,2026-04-01,2026-04-01,1,90,90,0,Venta origen: 1640 | Usuario origen: ALONDRA26 | Credito abonado origen: 90 | Status origen: 1
credit-note:1641,sale:1641,2,MIG-JM-CRED-1641,MIG-JM-VENTA-1641,2026-04-01,2026-04-01,1,50,50,0,Venta origen: 1641 | Usuario origen: ALONDRA26 | Credito abonado origen: 50 | Status origen: 1
credit-note:1642,sale:1642,21,MIG-JM-CRED-1642,MIG-JM-VENTA-1642,2026-04-01,2026-04-16,15,8300,8300,0,Venta origen: 1642 | Usuario origen: ALONDRA26 | Credito abonado origen: 8300 | Status origen: 1
credit-note:1643,sale:1643,85,MIG-JM-CRED-1643,MIG-JM-VENTA-1643,2026-04-01,2026-05-01,30,2000,2000,0,Venta origen: 1643 | Usuario origen: ALONDRA26 | Credito abonado origen: 2000 | Status origen: 1
credit-note:1644,sale:1644,5,MIG-JM-CRED-1644,MIG-JM-VENTA-1644,2026-04-01,2026-04-16,15,12300,12300,0,Venta origen: 1644 | Usuario origen: ALONDRA26 | Credito abonado origen: 12300 | Status origen: 1
credit-note:1645,sale:1645,87,MIG-JM-CRED-1645,MIG-JM-VENTA-1645,2026-04-06,2026-05-06,30,8300,8300,0,Venta origen: 1645 | Usuario origen: ALONDRA26 | Credito abonado origen: 8300 | Status origen: 1
credit-note:1646,sale:1646,87,MIG-JM-CRED-1646,MIG-JM-VENTA-1646,2026-04-06,2026-05-06,30,3700,3700,0,Venta origen: 1646 | Usuario origen: ALONDRA26 | Credito abonado origen: 3700 | Status origen: 1
credit-note:1647,sale:1647,19,MIG-JM-CRED-1647,MIG-JM-VENTA-1647,2026-04-06,2026-04-21,15,118,118,0,Venta origen: 1647 | Usuario origen: ALONDRA26 | Credito abonado origen: 118 | Status origen: 1
credit-note:1648,sale:1648,85,MIG-JM-CRED-1648,MIG-JM-VENTA-1648,2026-04-06,2026-05-06,30,3080,3080,0,Venta origen: 1648 | Usuario origen: ALONDRA26 | Credito abonado origen: 3080 | Status origen: 1
credit-note:1649,sale:1649,21,MIG-JM-CRED-1649,MIG-JM-VENTA-1649,2026-04-06,2026-04-21,15,4700,4700,0,Venta origen: 1649 | Usuario origen: ALONDRA26 | Credito abonado origen: 4700 | Status origen: 1
credit-note:1650,sale:1650,64,MIG-JM-CRED-1650,MIG-JM-VENTA-1650,2026-04-06,2026-05-06,30,25577.5,25577.5,0,Venta origen: 1650 | Usuario origen: ALONDRA26 | Credito abonado origen: 25577.5 | Status origen: 1
credit-note:1651,sale:1651,71,MIG-JM-CRED-1651,MIG-JM-VENTA-1651,2026-04-06,2026-04-06,1,8500,8500,0,Venta origen: 1651 | Usuario origen: ALONDRA26 | Credito abonado origen: 8500 | Status origen: 1
credit-note:1652,sale:1652,71,MIG-JM-CRED-1652,MIG-JM-VENTA-1652,2026-04-06,2026-04-06,1,3800,3800,0,Venta origen: 1652 | Usuario origen: ALONDRA26 | Credito abonado origen: 3800 | Status origen: 1
credit-note:1653,sale:1653,85,MIG-JM-CRED-1653,MIG-JM-VENTA-1653,2026-04-06,2026-05-06,30,3360,3360,0,Venta origen: 1653 | Usuario origen: ALONDRA26 | Credito abonado origen: 3360 | Status origen: 1
credit-note:1654,sale:1654,5,MIG-JM-CRED-1654,MIG-JM-VENTA-1654,2026-04-06,2026-04-21,15,4650,4650,0,Venta origen: 1654 | Usuario origen: ALONDRA26 | Credito abonado origen: 4650 | Status origen: 1
credit-note:1655,sale:1655,65,MIG-JM-CRED-1655,MIG-JM-VENTA-1655,2026-04-07,2026-05-07,30,11400,11400,0,Venta origen: 1655 | Usuario origen: ALONDRA26 | Credito abonado origen: 11400 | Status origen: 1
credit-note:1656,sale:1656,65,MIG-JM-CRED-1656,MIG-JM-VENTA-1656,2026-04-07,2026-05-07,30,8000,8000,0,Venta origen: 1656 | Usuario origen: ALONDRA26 | Credito abonado origen: 8000 | Status origen: 1
credit-note:1657,sale:1657,12,MIG-JM-CRED-1657,MIG-JM-VENTA-1657,2026-04-07,2026-05-07,30,705,705,0,Venta origen: 1657 | Usuario origen: ALONDRA26 | Credito abonado origen: 705 | Status origen: 1
credit-note:1658,sale:1658,2,MIG-JM-CRED-1658,MIG-JM-VENTA-1658,2026-04-07,2026-04-22,15,31,31,0,Venta origen: 1658 | Usuario origen: ALONDRA26 | Credito abonado origen: 31 | Status origen: 1
credit-note:1659,sale:1659,21,MIG-JM-CRED-1659,MIG-JM-VENTA-1659,2026-04-07,2026-04-22,15,1988,1988,0,Venta origen: 1659 | Usuario origen: ALONDRA26 | Credito abonado origen: 1988 | Status origen: 1
credit-note:1660,sale:1660,85,MIG-JM-CRED-1660,MIG-JM-VENTA-1660,2026-04-07,2026-05-07,30,1900,1900,0,Venta origen: 1660 | Usuario origen: ALONDRA26 | Credito abonado origen: 1900 | Status origen: 1
credit-note:1661,sale:1661,2,MIG-JM-CRED-1661,MIG-JM-VENTA-1661,2026-04-07,2026-04-07,1,950,950,0,Venta origen: 1661 | Usuario origen: Administrador | Credito abonado origen: 950 | Status origen: 1
credit-note:1662,sale:1662,85,MIG-JM-CRED-1662,MIG-JM-VENTA-1662,2026-04-07,2026-05-07,30,2000,2000,0,Venta origen: 1662 | Usuario origen: ALONDRA26 | Credito abonado origen: 2000 | Status origen: 1
credit-note:1663,sale:1663,85,MIG-JM-CRED-1663,MIG-JM-VENTA-1663,2026-04-07,2026-05-07,30,2180,2180,0,Venta origen: 1663 | Usuario origen: ALONDRA26 | Credito abonado origen: 2180 | Status origen: 1
credit-note:1664,sale:1664,2,MIG-JM-CRED-1664,MIG-JM-VENTA-1664,2026-04-07,2026-04-22,15,53,53,0,Venta origen: 1664 | Usuario origen: ALONDRA26 | Credito abonado origen: 53 | Status origen: 1
credit-note:1665,sale:1665,2,MIG-JM-CRED-1665,MIG-JM-VENTA-1665,2026-04-07,2026-04-22,15,168,168,0,Venta origen: 1665 | Usuario origen: ALONDRA26 | Credito abonado origen: 168 | Status origen: 1
credit-note:1666,sale:1666,2,MIG-JM-CRED-1666,MIG-JM-VENTA-1666,2026-04-08,2026-04-23,15,139,139,0,Venta origen: 1666 | Usuario origen: ALONDRA26 | Credito abonado origen: 139 | Status origen: 1
credit-note:1667,sale:1667,2,MIG-JM-CRED-1667,MIG-JM-VENTA-1667,2026-04-08,2026-04-23,15,388,388,0,Venta origen: 1667 | Usuario origen: ALONDRA26 | Credito abonado origen: 388 | Status origen: 1
credit-note:1668,sale:1668,2,MIG-JM-CRED-1668,MIG-JM-VENTA-1668,2026-04-08,2026-04-23,15,245,245,0,Venta origen: 1668 | Usuario origen: ALONDRA26 | Credito abonado origen: 245 | Status origen: 1
credit-note:1669,sale:1669,84,MIG-JM-CRED-1669,MIG-JM-VENTA-1669,2026-04-08,2026-04-08,1,7420,7420,0,Venta origen: 1669 | Usuario origen: ALONDRA26 | Credito abonado origen: 7420 | Status origen: 1
credit-note:1670,sale:1670,12,MIG-JM-CRED-1670,MIG-JM-VENTA-1670,2026-04-08,2026-05-08,30,472,472,0,Venta origen: 1670 | Usuario origen: ALONDRA26 | Credito abonado origen: 472 | Status origen: 1
credit-note:1671,sale:1671,2,MIG-JM-CRED-1671,MIG-JM-VENTA-1671,2026-04-08,2026-04-08,1,2508,2508,0,Venta origen: 1671 | Usuario origen: ALONDRA26 | Credito abonado origen: 2508 | Status origen: 1
credit-note:1672,sale:1672,53,MIG-JM-CRED-1672,MIG-JM-VENTA-1672,2026-04-08,2026-05-08,30,890,890,0,Venta origen: 1672 | Usuario origen: ALONDRA26 | Credito abonado origen: 890 | Status origen: 1
credit-note:1673,sale:1673,85,MIG-JM-CRED-1673,MIG-JM-VENTA-1673,2026-04-08,2026-05-08,30,4230,4230,0,Venta origen: 1673 | Usuario origen: ALONDRA26 | Credito abonado origen: 4230 | Status origen: 1
credit-note:1674,sale:1674,2,MIG-JM-CRED-1674,MIG-JM-VENTA-1674,2026-04-09,2026-04-09,1,4700,4700,0,Venta origen: 1674 | Usuario origen: ALONDRA26 | Credito abonado origen: 4700 | Status origen: 1
credit-note:1675,sale:1675,56,MIG-JM-CRED-1675,MIG-JM-VENTA-1675,2026-04-09,2026-05-09,30,9400,9400,0,Venta origen: 1675 | Usuario origen: ALONDRA26 | Credito abonado origen: 9400 | Status origen: 1
credit-note:1676,sale:1676,53,MIG-JM-CRED-1676,MIG-JM-VENTA-1676,2026-04-09,2026-05-09,30,5813,5813,0,Venta origen: 1676 | Usuario origen: Administrador | Credito abonado origen: 5813 | Status origen: 1
credit-note:1677,sale:1677,44,MIG-JM-CRED-1677,MIG-JM-VENTA-1677,2026-04-09,2026-05-09,30,10135,10135,0,Venta origen: 1677 | Usuario origen: ALONDRA26 | Credito abonado origen: 10135 | Status origen: 1
credit-note:1678,sale:1678,5,MIG-JM-CRED-1678,MIG-JM-VENTA-1678,2026-04-09,2026-04-24,15,7850,7850,0,Venta origen: 1678 | Usuario origen: ALONDRA26 | Credito abonado origen: 7850 | Status origen: 1
credit-note:1679,sale:1679,74,MIG-JM-CRED-1679,MIG-JM-VENTA-1679,2026-04-09,2026-05-09,30,6600,6600,0,Venta origen: 1679 | Usuario origen: ALONDRA26 | Credito abonado origen: 6600 | Status origen: 1
credit-note:1680,sale:1680,85,MIG-JM-CRED-1680,MIG-JM-VENTA-1680,2026-04-09,2026-05-09,30,1300,1300,0,Venta origen: 1680 | Usuario origen: ALONDRA26 | Credito abonado origen: 1300 | Status origen: 1
credit-note:1681,sale:1681,50,MIG-JM-CRED-1681,MIG-JM-VENTA-1681,2026-04-10,2026-05-10,30,3866,3866,0,Venta origen: 1681 | Usuario origen: ALONDRA26 | Credito abonado origen: 3866 | Status origen: 1
credit-note:1682,sale:1682,74,MIG-JM-CRED-1682,MIG-JM-VENTA-1682,2026-04-10,2026-05-10,30,17000,17000,0,Venta origen: 1682 | Usuario origen: ALONDRA26 | Credito abonado origen: 17000 | Status origen: 1
credit-note:1683,sale:1683,19,MIG-JM-CRED-1683,MIG-JM-VENTA-1683,2026-04-10,2026-04-25,15,2200,2200,0,Venta origen: 1683 | Usuario origen: ALONDRA26 | Credito abonado origen: 2200 | Status origen: 1
credit-note:1684,sale:1684,46,MIG-JM-CRED-1684,MIG-JM-VENTA-1684,2026-04-10,2026-05-10,30,2200,2200,0,Venta origen: 1684 | Usuario origen: ALONDRA26 | Credito abonado origen: 2200 | Status origen: 1
credit-note:1685,sale:1685,73,MIG-JM-CRED-1685,MIG-JM-VENTA-1685,2026-04-10,2026-05-10,30,18500,18500,0,Venta origen: 1685 | Usuario origen: ALONDRA26 | Credito abonado origen: 18500 | Status origen: 1
credit-note:1686,sale:1686,78,MIG-JM-CRED-1686,MIG-JM-VENTA-1686,2026-04-10,2026-05-10,30,2620,2620,0,Venta origen: 1686 | Usuario origen: ALONDRA26 | Credito abonado origen: 2620 | Status origen: 1
credit-note:1687,sale:1687,2,MIG-JM-CRED-1687,MIG-JM-VENTA-1687,2026-04-10,2026-04-25,15,652,652,0,Venta origen: 1687 | Usuario origen: ALONDRA26 | Credito abonado origen: 652 | Status origen: 1
credit-note:1688,sale:1688,87,MIG-JM-CRED-1688,MIG-JM-VENTA-1688,2026-04-10,2026-05-10,30,6825,6825,0,Venta origen: 1688 | Usuario origen: ALONDRA26 | Credito abonado origen: 6825 | Status origen: 1
credit-note:1689,sale:1689,85,MIG-JM-CRED-1689,MIG-JM-VENTA-1689,2026-04-10,2026-05-10,30,2200,2200,0,Venta origen: 1689 | Usuario origen: ALONDRA26 | Credito abonado origen: 2200 | Status origen: 1
credit-note:1690,sale:1690,85,MIG-JM-CRED-1690,MIG-JM-VENTA-1690,2026-04-10,2026-05-10,30,75,75,0,Venta origen: 1690 | Usuario origen: ALONDRA26 | Credito abonado origen: 75 | Status origen: 1
credit-note:1691,sale:1691,88,MIG-JM-CRED-1691,MIG-JM-VENTA-1691,2026-04-11,2026-04-26,15,2992,2992,0,Venta origen: 1691 | Usuario origen: ALONDRA26 | Credito abonado origen: 2992 | Status origen: 1
credit-note:1692,sale:1692,2,MIG-JM-CRED-1692,MIG-JM-VENTA-1692,2026-04-11,2026-04-26,15,100,100,0,Venta origen: 1692 | Usuario origen: ALONDRA26 | Credito abonado origen: 100 | Status origen: 1
credit-note:1693,sale:1693,46,MIG-JM-CRED-1693,MIG-JM-VENTA-1693,2026-04-11,2026-05-11,30,2200,2200,0,Venta origen: 1693 | Usuario origen: ALONDRA26 | Credito abonado origen: 2200 | Status origen: 1
credit-note:1694,sale:1694,85,MIG-JM-CRED-1694,MIG-JM-VENTA-1694,2026-04-11,2026-05-11,30,4260,4260,0,Venta origen: 1694 | Usuario origen: ALONDRA26 | Credito abonado origen: 4260 | Status origen: 1
credit-note:1695,sale:1695,53,MIG-JM-CRED-1695,MIG-JM-VENTA-1695,2026-04-11,2026-05-11,30,8100,8100,0,Venta origen: 1695 | Usuario origen: ALONDRA26 | Credito abonado origen: 8100 | Status origen: 1
credit-note:1696,sale:1696,2,MIG-JM-CRED-1696,MIG-JM-VENTA-1696,2026-04-11,2026-04-26,15,52,52,0,Venta origen: 1696 | Usuario origen: ALONDRA26 | Credito abonado origen: 52 | Status origen: 1
credit-note:1697,sale:1697,73,MIG-JM-CRED-1697,MIG-JM-VENTA-1697,2026-04-11,2026-05-11,30,3700,3700,0,Venta origen: 1697 | Usuario origen: ALONDRA26 | Credito abonado origen: 3700 | Status origen: 1
credit-note:1698,sale:1698,92,MIG-JM-CRED-1698,MIG-JM-VENTA-1698,2026-04-11,2026-05-11,30,2900,2900,0,Venta origen: 1698 | Usuario origen: ALONDRA26 | Credito abonado origen: 2900 | Status origen: 1
credit-note:1699,sale:1699,21,MIG-JM-CRED-1699,MIG-JM-VENTA-1699,2026-04-11,2026-04-26,15,2810,2810,0,Venta origen: 1699 | Usuario origen: ALONDRA26 | Credito abonado origen: 2810 | Status origen: 1
credit-note:1700,sale:1700,5,MIG-JM-CRED-1700,MIG-JM-VENTA-1700,2026-04-11,2026-04-26,15,3450,3450,0,Venta origen: 1700 | Usuario origen: ALONDRA26 | Credito abonado origen: 3450 | Status origen: 1
credit-note:1701,sale:1701,71,MIG-JM-CRED-1701,MIG-JM-VENTA-1701,2026-04-11,2026-04-11,1,9400,9400,0,Venta origen: 1701 | Usuario origen: ALONDRA26 | Credito abonado origen: 9400 | Status origen: 1
credit-note:1702,sale:1702,73,MIG-JM-CRED-1702,MIG-JM-VENTA-1702,2026-04-11,2026-05-11,30,14800,14800,0,Venta origen: 1702 | Usuario origen: ALONDRA26 | Credito abonado origen: 14800 | Status origen: 1
credit-note:1703,sale:1703,9,MIG-JM-CRED-1703,MIG-JM-VENTA-1703,2026-04-11,2026-04-26,15,445,445,0,Venta origen: 1703 | Usuario origen: ALONDRA26 | Credito abonado origen: 445 | Status origen: 1
credit-note:1704,sale:1704,21,MIG-JM-CRED-1704,MIG-JM-VENTA-1704,2026-04-13,2026-04-28,15,666,666,0,Venta origen: 1704 | Usuario origen: ALONDRA26 | Credito abonado origen: 666 | Status origen: 1
credit-note:1705,sale:1705,18,MIG-JM-CRED-1705,MIG-JM-VENTA-1705,2026-04-13,2026-04-28,15,9599,9599,0,Venta origen: 1705 | Usuario origen: ALONDRA26 | Credito abonado origen: 9599 | Status origen: 1
credit-note:1706,sale:1706,5,MIG-JM-CRED-1706,MIG-JM-VENTA-1706,2026-04-13,2026-04-28,15,6900,6900,0,Venta origen: 1706 | Usuario origen: ALONDRA26 | Credito abonado origen: 6900 | Status origen: 1
credit-note:1707,sale:1707,80,MIG-JM-CRED-1707,MIG-JM-VENTA-1707,2026-04-13,2026-04-28,15,1180,1180,0,Venta origen: 1707 | Usuario origen: ALONDRA26 | Credito abonado origen: 1180 | Status origen: 1
credit-note:1708,sale:1708,18,MIG-JM-CRED-1708,MIG-JM-VENTA-1708,2026-04-13,2026-04-28,15,7420,7420,0,Venta origen: 1708 | Usuario origen: ALONDRA26 | Credito abonado origen: 7420 | Status origen: 1
credit-note:1709,sale:1709,65,MIG-JM-CRED-1709,MIG-JM-VENTA-1709,2026-04-13,2026-05-13,30,2000,2000,0,Venta origen: 1709 | Usuario origen: ALONDRA26 | Credito abonado origen: 2000 | Status origen: 1
credit-note:1710,sale:1710,46,MIG-JM-CRED-1710,MIG-JM-VENTA-1710,2026-04-13,2026-05-13,30,2900,2900,0,Venta origen: 1710 | Usuario origen: ALONDRA26 | Credito abonado origen: 2900 | Status origen: 1
credit-note:1711,sale:1711,65,MIG-JM-CRED-1711,MIG-JM-VENTA-1711,2026-04-13,2026-05-13,30,2000,2000,0,Venta origen: 1711 | Usuario origen: ALONDRA26 | Credito abonado origen: 2000 | Status origen: 1
credit-note:1712,sale:1712,85,MIG-JM-CRED-1712,MIG-JM-VENTA-1712,2026-04-13,2026-05-13,30,1420,1420,0,Venta origen: 1712 | Usuario origen: ALONDRA26 | Credito abonado origen: 1420 | Status origen: 1
credit-note:1713,sale:1713,78,MIG-JM-CRED-1713,MIG-JM-VENTA-1713,2026-04-13,2026-05-13,30,4000,4000,0,Venta origen: 1713 | Usuario origen: ALONDRA26 | Credito abonado origen: 4000 | Status origen: 1
credit-note:1714,sale:1714,53,MIG-JM-CRED-1714,MIG-JM-VENTA-1714,2026-04-13,2026-05-13,30,5600,5600,0,Venta origen: 1714 | Usuario origen: ALONDRA26 | Credito abonado origen: 5600 | Status origen: 1
credit-note:1715,sale:1715,74,MIG-JM-CRED-1715,MIG-JM-VENTA-1715,2026-04-13,2026-05-13,30,17000,17000,0,Venta origen: 1715 | Usuario origen: ALONDRA26 | Credito abonado origen: 17000 | Status origen: 1
credit-note:1716,sale:1716,85,MIG-JM-CRED-1716,MIG-JM-VENTA-1716,2026-04-13,2026-05-13,30,3510,3510,0,Venta origen: 1716 | Usuario origen: ALONDRA26 | Credito abonado origen: 3510 | Status origen: 1
credit-note:1717,sale:1717,53,MIG-JM-CRED-1717,MIG-JM-VENTA-1717,2026-04-13,2026-05-13,30,4500,4500,0,Venta origen: 1717 | Usuario origen: ALONDRA26 | Credito abonado origen: 4500 | Status origen: 1
credit-note:1718,sale:1718,88,MIG-JM-CRED-1718,MIG-JM-VENTA-1718,2026-04-13,2026-04-28,15,5122,5122,0,Venta origen: 1718 | Usuario origen: ALONDRA26 | Credito abonado origen: 5122 | Status origen: 1
credit-note:1719,sale:1719,88,MIG-JM-CRED-1719,MIG-JM-VENTA-1719,2026-04-13,2026-04-28,15,472,472,0,Venta origen: 1719 | Usuario origen: ALONDRA26 | Credito abonado origen: 472 | Status origen: 1
credit-note:1720,sale:1720,2,MIG-JM-CRED-1720,MIG-JM-VENTA-1720,2026-04-13,2026-04-28,15,3,3,0,Venta origen: 1720 | Usuario origen: ALONDRA26 | Credito abonado origen: 3 | Status origen: 1
credit-note:1721,sale:1721,21,MIG-JM-CRED-1721,MIG-JM-VENTA-1721,2026-04-14,2026-04-29,15,1525,1525,0,Venta origen: 1721 | Usuario origen: ALONDRA26 | Credito abonado origen: 1525 | Status origen: 1
credit-note:1722,sale:1722,2,MIG-JM-CRED-1722,MIG-JM-VENTA-1722,2026-04-14,2026-04-14,1,1900,1900,0,Venta origen: 1722 | Usuario origen: ALONDRA26 | Credito abonado origen: 1900 | Status origen: 1
credit-note:1723,sale:1723,85,MIG-JM-CRED-1723,MIG-JM-VENTA-1723,2026-04-14,2026-05-14,30,3080,3080,0,Venta origen: 1723 | Usuario origen: ALONDRA26 | Credito abonado origen: 3080 | Status origen: 1
credit-note:1724,sale:1724,2,MIG-JM-CRED-1724,MIG-JM-VENTA-1724,2026-04-14,2026-04-29,15,181,181,0,Venta origen: 1724 | Usuario origen: ALONDRA26 | Credito abonado origen: 181 | Status origen: 1
credit-note:1725,sale:1725,74,MIG-JM-CRED-1725,MIG-JM-VENTA-1725,2026-04-14,2026-05-14,30,17000,17000,0,Venta origen: 1725 | Usuario origen: ALONDRA26 | Credito abonado origen: 17000 | Status origen: 1
credit-note:1726,sale:1726,2,MIG-JM-CRED-1726,MIG-JM-VENTA-1726,2026-04-14,2026-04-14,1,2850,2850,0,Venta origen: 1726 | Usuario origen: ALONDRA26 | Credito abonado origen: 2850 | Status origen: 1
credit-note:1727,sale:1727,35,MIG-JM-CRED-1727,MIG-JM-VENTA-1727,2026-04-15,2026-05-15,30,4700,4700,0,Venta origen: 1727 | Usuario origen: ALONDRA26 | Credito abonado origen: 4700 | Status origen: 1
credit-note:1728,sale:1728,84,MIG-JM-CRED-1728,MIG-JM-VENTA-1728,2026-04-15,2026-04-15,1,6150,6150,0,Venta origen: 1728 | Usuario origen: ALONDRA26 | Credito abonado origen: 6150 | Status origen: 1
credit-note:1729,sale:1729,53,MIG-JM-CRED-1729,MIG-JM-VENTA-1729,2026-04-15,2026-05-15,30,8771,8771,0,Venta origen: 1729 | Usuario origen: ALONDRA26 | Credito abonado origen: 8771 | Status origen: 1
credit-note:1730,sale:1730,87,MIG-JM-CRED-1730,MIG-JM-VENTA-1730,2026-04-15,2026-05-15,30,843,843,0,Venta origen: 1730 | Usuario origen: ALONDRA26 | Credito abonado origen: 843 | Status origen: 1
credit-note:1731,sale:1731,73,MIG-JM-CRED-1731,MIG-JM-VENTA-1731,2026-04-15,2026-05-15,30,19000,19000,0,Venta origen: 1731 | Usuario origen: ALONDRA26 | Credito abonado origen: 19000 | Status origen: 1
credit-note:1732,sale:1732,73,MIG-JM-CRED-1732,MIG-JM-VENTA-1732,2026-04-15,2026-05-15,30,18500,18500,0,Venta origen: 1732 | Usuario origen: ALONDRA26 | Credito abonado origen: 18500 | Status origen: 1
credit-note:1733,sale:1733,67,MIG-JM-CRED-1733,MIG-JM-VENTA-1733,2026-04-15,2026-04-30,15,1950,1950,0,Venta origen: 1733 | Usuario origen: ALONDRA26 | Credito abonado origen: 1950 | Status origen: 1
credit-note:1734,sale:1734,2,MIG-JM-CRED-1734,MIG-JM-VENTA-1734,2026-04-15,2026-04-15,1,1072,1072,0,Venta origen: 1734 | Usuario origen: ALONDRA26 | Credito abonado origen: 1072 | Status origen: 1
credit-note:1735,sale:1735,5,MIG-JM-CRED-1735,MIG-JM-VENTA-1735,2026-04-15,2026-04-30,15,9130,9130,0,Venta origen: 1735 | Usuario origen: ALONDRA26 | Credito abonado origen: 9130 | Status origen: 1
credit-note:1736,sale:1736,2,MIG-JM-CRED-1736,MIG-JM-VENTA-1736,2026-04-15,2026-04-15,1,2850,2850,0,Venta origen: 1736 | Usuario origen: ALONDRA26 | Credito abonado origen: 2850 | Status origen: 1
credit-note:1737,sale:1737,2,MIG-JM-CRED-1737,MIG-JM-VENTA-1737,2026-04-15,2026-04-15,1,570,570,0,Venta origen: 1737 | Usuario origen: ALONDRA26 | Credito abonado origen: 570 | Status origen: 1
credit-note:1738,sale:1738,78,MIG-JM-CRED-1738,MIG-JM-VENTA-1738,2026-04-15,2026-05-15,30,900,900,0,Venta origen: 1738 | Usuario origen: ALONDRA26 | Credito abonado origen: 900 | Status origen: 1
credit-note:1739,sale:1739,19,MIG-JM-CRED-1739,MIG-JM-VENTA-1739,2026-04-15,2026-04-30,15,7388.2,0,7388.2,Venta origen: 1739 | Usuario origen: ALONDRA26 | Credito abonado origen: 0 | Status origen: 0
credit-note:1740,sale:1740,19,MIG-JM-CRED-1740,MIG-JM-VENTA-1740,2026-04-15,2026-04-30,15,5485.8,5485.8,0,Venta origen: 1740 | Usuario origen: ALONDRA26 | Credito abonado origen: 5485.8 | Status origen: 1
credit-note:1741,sale:1741,2,MIG-JM-CRED-1741,MIG-JM-VENTA-1741,2026-04-15,2026-04-15,1,10000,10000,0,Venta origen: 1741 | Usuario origen: ALONDRA26 | Credito abonado origen: 10000 | Status origen: 1
credit-note:1742,sale:1742,52,MIG-JM-CRED-1742,MIG-JM-VENTA-1742,2026-04-16,2026-05-16,30,7245,7245,0,Venta origen: 1742 | Usuario origen: ALONDRA26 | Credito abonado origen: 7245 | Status origen: 1
credit-note:1743,sale:1743,52,MIG-JM-CRED-1743,MIG-JM-VENTA-1743,2026-04-16,2026-05-16,30,4950,4950,0,Venta origen: 1743 | Usuario origen: ALONDRA26 | Credito abonado origen: 4950 | Status origen: 1
credit-note:1744,sale:1744,49,MIG-JM-CRED-1744,MIG-JM-VENTA-1744,2026-04-16,2026-05-01,15,1950,1950,0,Venta origen: 1744 | Usuario origen: ALONDRA26 | Credito abonado origen: 1950 | Status origen: 1
credit-note:1745,sale:1745,46,MIG-JM-CRED-1745,MIG-JM-VENTA-1745,2026-04-16,2026-05-16,30,2900,2900,0,Venta origen: 1745 | Usuario origen: ALONDRA26 | Credito abonado origen: 2900 | Status origen: 1
credit-note:1746,sale:1746,78,MIG-JM-CRED-1746,MIG-JM-VENTA-1746,2026-04-16,2026-05-16,30,4200,4200,0,Venta origen: 1746 | Usuario origen: ALONDRA26 | Credito abonado origen: 4200 | Status origen: 1
credit-note:1747,sale:1747,53,MIG-JM-CRED-1747,MIG-JM-VENTA-1747,2026-04-16,2026-05-16,30,3600,3600,0,Venta origen: 1747 | Usuario origen: ALONDRA26 | Credito abonado origen: 3600 | Status origen: 1
credit-note:1748,sale:1748,74,MIG-JM-CRED-1748,MIG-JM-VENTA-1748,2026-04-16,2026-05-16,30,6600,6600,0,Venta origen: 1748 | Usuario origen: ALONDRA26 | Credito abonado origen: 6600 | Status origen: 1
credit-note:1749,sale:1749,53,MIG-JM-CRED-1749,MIG-JM-VENTA-1749,2026-04-16,2026-05-16,30,5600,5600,0,Venta origen: 1749 | Usuario origen: ALONDRA26 | Credito abonado origen: 5600 | Status origen: 1
credit-note:1750,sale:1750,53,MIG-JM-CRED-1750,MIG-JM-VENTA-1750,2026-04-16,2026-05-16,30,8350,8350,0,Venta origen: 1750 | Usuario origen: ALONDRA26 | Credito abonado origen: 8350 | Status origen: 1
credit-note:1751,sale:1751,54,MIG-JM-CRED-1751,MIG-JM-VENTA-1751,2026-04-16,2026-05-01,15,2940,0,2940,Venta origen: 1751 | Usuario origen: ALONDRA26 | Credito abonado origen: 0 | Status origen: 1
credit-note:1752,sale:1752,73,MIG-JM-CRED-1752,MIG-JM-VENTA-1752,2026-04-16,2026-05-16,30,1470,1470,0,Venta origen: 1752 | Usuario origen: ALONDRA26 | Credito abonado origen: 1470 | Status origen: 1
credit-note:1753,sale:1753,19,MIG-JM-CRED-1753,MIG-JM-VENTA-1753,2026-04-16,2026-05-01,15,9326,9326,0,Venta origen: 1753 | Usuario origen: ALONDRA26 | Credito abonado origen: 9326 | Status origen: 1
credit-note:1754,sale:1754,74,MIG-JM-CRED-1754,MIG-JM-VENTA-1754,2026-04-16,2026-05-16,30,17000,17000,0,Venta origen: 1754 | Usuario origen: ALONDRA26 | Credito abonado origen: 17000 | Status origen: 1
credit-note:1755,sale:1755,89,MIG-JM-CRED-1755,MIG-JM-VENTA-1755,2026-04-16,2026-05-16,30,354,354,0,Venta origen: 1755 | Usuario origen: ALONDRA26 | Credito abonado origen: 354 | Status origen: 1
credit-note:1756,sale:1756,74,MIG-JM-CRED-1756,MIG-JM-VENTA-1756,2026-04-16,2026-05-16,30,13200,13200,0,Venta origen: 1756 | Usuario origen: ALONDRA26 | Credito abonado origen: 13200 | Status origen: 1
credit-note:1757,sale:1757,93,MIG-JM-CRED-1757,MIG-JM-VENTA-1757,2026-04-16,2026-05-16,30,5300,5300,0,Venta origen: 1757 | Usuario origen: ALONDRA26 | Credito abonado origen: 5300 | Status origen: 1
credit-note:1758,sale:1758,2,MIG-JM-CRED-1758,MIG-JM-VENTA-1758,2026-04-16,2026-04-16,1,2850,2850,0,Venta origen: 1758 | Usuario origen: ALONDRA26 | Credito abonado origen: 2850 | Status origen: 1
credit-note:1759,sale:1759,56,MIG-JM-CRED-1759,MIG-JM-VENTA-1759,2026-04-17,2026-05-17,30,9300,9300,0,Venta origen: 1759 | Usuario origen: ALONDRA26 | Credito abonado origen: 9300 | Status origen: 1
credit-note:1760,sale:1760,46,MIG-JM-CRED-1760,MIG-JM-VENTA-1760,2026-04-17,2026-05-17,30,236,236,0,Venta origen: 1760 | Usuario origen: ALONDRA26 | Credito abonado origen: 236 | Status origen: 1
credit-note:1761,sale:1761,87,MIG-JM-CRED-1761,MIG-JM-VENTA-1761,2026-04-17,2026-05-17,30,2497,2497,0,Venta origen: 1761 | Usuario origen: ALONDRA26 | Credito abonado origen: 2497 | Status origen: 1
credit-note:1762,sale:1762,61,MIG-JM-CRED-1762,MIG-JM-VENTA-1762,2026-04-17,2026-05-02,15,354,354,0,Venta origen: 1762 | Usuario origen: ALONDRA26 | Credito abonado origen: 354 | Status origen: 1
credit-note:1763,sale:1763,52,MIG-JM-CRED-1763,MIG-JM-VENTA-1763,2026-04-17,2026-05-17,30,4700,4700,0,Venta origen: 1763 | Usuario origen: ALONDRA26 | Credito abonado origen: 4700 | Status origen: 1
credit-note:1764,sale:1764,52,MIG-JM-CRED-1764,MIG-JM-VENTA-1764,2026-04-17,2026-05-17,30,3150,3150,0,Venta origen: 1764 | Usuario origen: ALONDRA26 | Credito abonado origen: 3150 | Status origen: 1
credit-note:1765,sale:1765,2,MIG-JM-CRED-1765,MIG-JM-VENTA-1765,2026-04-17,2026-05-02,15,475,475,0,Venta origen: 1765 | Usuario origen: ALONDRA26 | Credito abonado origen: 475 | Status origen: 1
credit-note:1766,sale:1766,5,MIG-JM-CRED-1766,MIG-JM-VENTA-1766,2026-04-17,2026-05-02,15,7850,7850,0,Venta origen: 1766 | Usuario origen: ALONDRA26 | Credito abonado origen: 7850 | Status origen: 1
credit-note:1767,sale:1767,67,MIG-JM-CRED-1767,MIG-JM-VENTA-1767,2026-04-17,2026-05-02,15,415,415,0,Venta origen: 1767 | Usuario origen: ALONDRA26 | Credito abonado origen: 415 | Status origen: 1
credit-note:1768,sale:1768,85,MIG-JM-CRED-1768,MIG-JM-VENTA-1768,2026-04-17,2026-05-17,30,4260,4260,0,Venta origen: 1768 | Usuario origen: ALONDRA26 | Credito abonado origen: 4260 | Status origen: 1
credit-note:1769,sale:1769,74,MIG-JM-CRED-1769,MIG-JM-VENTA-1769,2026-04-17,2026-05-17,30,17000,17000,0,Venta origen: 1769 | Usuario origen: ALONDRA26 | Credito abonado origen: 17000 | Status origen: 1
credit-note:1770,sale:1770,78,MIG-JM-CRED-1770,MIG-JM-VENTA-1770,2026-04-17,2026-05-17,30,7420,0,7420,Venta origen: 1770 | Usuario origen: ALONDRA26 | Credito abonado origen: 0 | Status origen: 0
credit-note:1771,sale:1771,78,MIG-JM-CRED-1771,MIG-JM-VENTA-1771,2026-04-17,2026-05-17,30,3700,3700,0,Venta origen: 1771 | Usuario origen: ALONDRA26 | Credito abonado origen: 3700 | Status origen: 1
credit-note:1772,sale:1772,85,MIG-JM-CRED-1772,MIG-JM-VENTA-1772,2026-04-17,2026-05-17,30,3700,3700,0,Venta origen: 1772 | Usuario origen: ALONDRA26 | Credito abonado origen: 3700 | Status origen: 1
credit-note:1773,sale:1773,52,MIG-JM-CRED-1773,MIG-JM-VENTA-1773,2026-04-17,2026-05-17,30,1800,1800,0,Venta origen: 1773 | Usuario origen: ALONDRA26 | Credito abonado origen: 1800 | Status origen: 1
credit-note:1774,sale:1774,13,MIG-JM-CRED-1774,MIG-JM-VENTA-1774,2026-04-18,2026-05-03,15,13960,13960,0,Venta origen: 1774 | Usuario origen: GRISELDA2026 | Credito abonado origen: 13960 | Status origen: 1
credit-note:1775,sale:1775,67,MIG-JM-CRED-1775,MIG-JM-VENTA-1775,2026-04-18,2026-05-03,15,1200,0,1200,Venta origen: 1775 | Usuario origen: GRISELDA2026 | Credito abonado origen: 0 | Status origen: 0
credit-note:1776,sale:1776,67,MIG-JM-CRED-1776,MIG-JM-VENTA-1776,2026-04-18,2026-05-03,15,415,415,0,Venta origen: 1776 | Usuario origen: GRISELDA2026 | Credito abonado origen: 415 | Status origen: 1
credit-note:1777,sale:1777,65,MIG-JM-CRED-1777,MIG-JM-VENTA-1777,2026-04-18,2026-05-18,30,2931,0,2931,Venta origen: 1777 | Usuario origen: GRISELDA2026 | Credito abonado origen: 0 | Status origen: 0
credit-note:1778,sale:1778,50,MIG-JM-CRED-1778,MIG-JM-VENTA-1778,2026-04-18,2026-05-18,30,4410,4410,0,Venta origen: 1778 | Usuario origen: GRISELDA2026 | Credito abonado origen: 4410 | Status origen: 1
credit-note:1779,sale:1779,65,MIG-JM-CRED-1779,MIG-JM-VENTA-1779,2026-04-18,2026-05-18,30,3784,3784,0,Venta origen: 1779 | Usuario origen: GRISELDA2026 | Credito abonado origen: 3784 | Status origen: 1
credit-note:1780,sale:1780,65,MIG-JM-CRED-1780,MIG-JM-VENTA-1780,2026-04-18,2026-05-18,30,2993,2993,0,Venta origen: 1780 | Usuario origen: GRISELDA2026 | Credito abonado origen: 2993 | Status origen: 1
credit-note:1781,sale:1781,74,MIG-JM-CRED-1781,MIG-JM-VENTA-1781,2026-04-18,2026-05-18,30,6600,6600,0,Venta origen: 1781 | Usuario origen: GRISELDA2026 | Credito abonado origen: 6600 | Status origen: 1
credit-note:1782,sale:1782,5,MIG-JM-CRED-1782,MIG-JM-VENTA-1782,2026-04-18,2026-05-03,15,3932,3932,0,Venta origen: 1782 | Usuario origen: GRISELDA2026 | Credito abonado origen: 3932 | Status origen: 1
credit-note:1783,sale:1783,5,MIG-JM-CRED-1783,MIG-JM-VENTA-1783,2026-04-18,2026-05-03,15,540,540,0,Venta origen: 1783 | Usuario origen: GRISELDA2026 | Credito abonado origen: 540 | Status origen: 1
credit-note:1784,sale:1784,49,MIG-JM-CRED-1784,MIG-JM-VENTA-1784,2026-04-18,2026-05-03,15,1800,1800,0,Venta origen: 1784 | Usuario origen: GRISELDA2026 | Credito abonado origen: 1800 | Status origen: 1
credit-note:1785,sale:1785,46,MIG-JM-CRED-1785,MIG-JM-VENTA-1785,2026-04-20,2026-05-20,30,45,45,0,Venta origen: 1785 | Usuario origen: ALONDRA26 | Credito abonado origen: 45 | Status origen: 1
credit-note:1786,sale:1786,5,MIG-JM-CRED-1786,MIG-JM-VENTA-1786,2026-04-20,2026-05-05,15,3450,3450,0,Venta origen: 1786 | Usuario origen: ALONDRA26 | Credito abonado origen: 3450 | Status origen: 1
credit-note:1787,sale:1787,19,MIG-JM-CRED-1787,MIG-JM-VENTA-1787,2026-04-20,2026-05-05,15,5950,5950,0,Venta origen: 1787 | Usuario origen: ALONDRA26 | Credito abonado origen: 5950 | Status origen: 1
credit-note:1788,sale:1788,46,MIG-JM-CRED-1788,MIG-JM-VENTA-1788,2026-04-20,2026-05-20,30,2900,2900,0,Venta origen: 1788 | Usuario origen: ALONDRA26 | Credito abonado origen: 2900 | Status origen: 1
credit-note:1789,sale:1789,78,MIG-JM-CRED-1789,MIG-JM-VENTA-1789,2026-04-20,2026-05-20,30,3600,3600,0,Venta origen: 1789 | Usuario origen: ALONDRA26 | Credito abonado origen: 3600 | Status origen: 1
credit-note:1790,sale:1790,2,MIG-JM-CRED-1790,MIG-JM-VENTA-1790,2026-04-20,2026-05-05,15,120,120,0,Venta origen: 1790 | Usuario origen: ALONDRA26 | Credito abonado origen: 120 | Status origen: 1
credit-note:1791,sale:1791,85,MIG-JM-CRED-1791,MIG-JM-VENTA-1791,2026-04-20,2026-05-20,30,4400,4400,0,Venta origen: 1791 | Usuario origen: ALONDRA26 | Credito abonado origen: 4400 | Status origen: 1
credit-note:1792,sale:1792,79,MIG-JM-CRED-1792,MIG-JM-VENTA-1792,2026-04-20,2026-05-20,30,4980,4980,0,Venta origen: 1792 | Usuario origen: ALONDRA26 | Credito abonado origen: 4980 | Status origen: 1
credit-note:1793,sale:1793,18,MIG-JM-CRED-1793,MIG-JM-VENTA-1793,2026-04-20,2026-05-05,15,44029,32346,11683,Venta origen: 1793 | Usuario origen: ALONDRA26 | Credito abonado origen: 32346 | Status origen: 1
credit-note:1794,sale:1794,2,MIG-JM-CRED-1794,MIG-JM-VENTA-1794,2026-04-20,2026-05-05,15,4732,4732,0,Venta origen: 1794 | Usuario origen: ALONDRA26 | Credito abonado origen: 4732 | Status origen: 1
credit-note:1795,sale:1795,18,MIG-JM-CRED-1795,MIG-JM-VENTA-1795,2026-04-20,2026-05-05,15,4729,0,4729,Venta origen: 1795 | Usuario origen: ALONDRA26 | Credito abonado origen: 0 | Status origen: 1
credit-note:1796,sale:1796,85,MIG-JM-CRED-1796,MIG-JM-VENTA-1796,2026-04-20,2026-05-20,30,2447,2447,0,Venta origen: 1796 | Usuario origen: ALONDRA26 | Credito abonado origen: 2447 | Status origen: 1
credit-note:1797,sale:1797,85,MIG-JM-CRED-1797,MIG-JM-VENTA-1797,2026-04-20,2026-05-20,30,30,30,0,Venta origen: 1797 | Usuario origen: ALONDRA26 | Credito abonado origen: 30 | Status origen: 1
credit-note:1798,sale:1798,49,MIG-JM-CRED-1798,MIG-JM-VENTA-1798,2026-04-20,2026-05-05,15,1800,1800,0,Venta origen: 1798 | Usuario origen: ALONDRA26 | Credito abonado origen: 1800 | Status origen: 1
credit-note:1799,sale:1799,53,MIG-JM-CRED-1799,MIG-JM-VENTA-1799,2026-04-20,2026-05-20,30,2000,2000,0,Venta origen: 1799 | Usuario origen: ALONDRA26 | Credito abonado origen: 2000 | Status origen: 1
credit-note:1800,sale:1800,2,MIG-JM-CRED-1800,MIG-JM-VENTA-1800,2026-04-20,2026-04-20,1,3180,3180,0,Venta origen: 1800 | Usuario origen: ALONDRA26 | Credito abonado origen: 3180 | Status origen: 1
credit-note:1801,sale:1801,14,MIG-JM-CRED-1801,MIG-JM-VENTA-1801,2026-04-20,2026-05-05,15,1050,1050,0,Venta origen: 1801 | Usuario origen: ALONDRA26 | Credito abonado origen: 1050 | Status origen: 1
credit-note:1802,sale:1802,18,MIG-JM-CRED-1802,MIG-JM-VENTA-1802,2026-04-21,2026-05-06,15,3360,0,3360,Venta origen: 1802 | Usuario origen: ALONDRA26 | Credito abonado origen: 0 | Status origen: 1
credit-note:1803,sale:1803,21,MIG-JM-CRED-1803,MIG-JM-VENTA-1803,2026-04-21,2026-05-06,15,215,215,0,Venta origen: 1803 | Usuario origen: ALONDRA26 | Credito abonado origen: 215 | Status origen: 1
credit-note:1804,sale:1804,2,MIG-JM-CRED-1804,MIG-JM-VENTA-1804,2026-04-21,2026-05-06,15,32,32,0,Venta origen: 1804 | Usuario origen: ALONDRA26 | Credito abonado origen: 32 | Status origen: 1
credit-note:1805,sale:1805,85,MIG-JM-CRED-1805,MIG-JM-VENTA-1805,2026-04-21,2026-05-21,30,542,542,0,Venta origen: 1805 | Usuario origen: ALONDRA26 | Credito abonado origen: 542 | Status origen: 1
credit-note:1806,sale:1806,64,MIG-JM-CRED-1806,MIG-JM-VENTA-1806,2026-04-21,2026-05-21,30,7144,7144,0,Venta origen: 1806 | Usuario origen: ALONDRA26 | Credito abonado origen: 7144 | Status origen: 1
credit-note:1807,sale:1807,53,MIG-JM-CRED-1807,MIG-JM-VENTA-1807,2026-04-21,2026-05-21,30,12100,12100,0,Venta origen: 1807 | Usuario origen: ALONDRA26 | Credito abonado origen: 12100 | Status origen: 1
credit-note:1808,sale:1808,53,MIG-JM-CRED-1808,MIG-JM-VENTA-1808,2026-04-21,2026-05-21,30,1225,1225,0,Venta origen: 1808 | Usuario origen: ALONDRA26 | Credito abonado origen: 1225 | Status origen: 1
credit-note:1809,sale:1809,56,MIG-JM-CRED-1809,MIG-JM-VENTA-1809,2026-04-21,2026-05-21,30,5840,5840,0,Venta origen: 1809 | Usuario origen: ALONDRA26 | Credito abonado origen: 5840 | Status origen: 1
credit-note:1810,sale:1810,2,MIG-JM-CRED-1810,MIG-JM-VENTA-1810,2026-04-21,2026-04-21,1,21,21,0,Venta origen: 1810 | Usuario origen: ALONDRA26 | Credito abonado origen: 21 | Status origen: 1
credit-note:1811,sale:1811,23,MIG-JM-CRED-1811,MIG-JM-VENTA-1811,2026-04-21,2026-05-06,15,124,0,124,Venta origen: 1811 | Usuario origen: ALONDRA26 | Credito abonado origen: 0 | Status origen: 1
credit-note:1812,sale:1812,85,MIG-JM-CRED-1812,MIG-JM-VENTA-1812,2026-04-21,2026-05-21,30,50,50,0,Venta origen: 1812 | Usuario origen: ALONDRA26 | Credito abonado origen: 50 | Status origen: 1
credit-note:1813,sale:1813,61,MIG-JM-CRED-1813,MIG-JM-VENTA-1813,2026-04-21,2026-05-06,15,450,450,0,Venta origen: 1813 | Usuario origen: ALONDRA26 | Credito abonado origen: 450 | Status origen: 1
credit-note:1814,sale:1814,74,MIG-JM-CRED-1814,MIG-JM-VENTA-1814,2026-04-21,2026-05-21,30,8500,8500,0,Venta origen: 1814 | Usuario origen: ALONDRA26 | Credito abonado origen: 8500 | Status origen: 1
credit-note:1815,sale:1815,53,MIG-JM-CRED-1815,MIG-JM-VENTA-1815,2026-04-22,2026-05-22,30,6720,6720,0,Venta origen: 1815 | Usuario origen: ALONDRA26 | Credito abonado origen: 6720 | Status origen: 1
credit-note:1816,sale:1816,79,MIG-JM-CRED-1816,MIG-JM-VENTA-1816,2026-04-22,2026-05-22,30,3700,3700,0,Venta origen: 1816 | Usuario origen: ALONDRA26 | Credito abonado origen: 3700 | Status origen: 1
credit-note:1817,sale:1817,73,MIG-JM-CRED-1817,MIG-JM-VENTA-1817,2026-04-22,2026-05-22,30,19000,19000,0,Venta origen: 1817 | Usuario origen: ALONDRA26 | Credito abonado origen: 19000 | Status origen: 1
credit-note:1818,sale:1818,64,MIG-JM-CRED-1818,MIG-JM-VENTA-1818,2026-04-22,2026-05-22,30,1960,1960,0,Venta origen: 1818 | Usuario origen: ALONDRA26 | Credito abonado origen: 1960 | Status origen: 1
credit-note:1819,sale:1819,56,MIG-JM-CRED-1819,MIG-JM-VENTA-1819,2026-04-22,2026-05-22,30,13950,13950,0,Venta origen: 1819 | Usuario origen: ALONDRA26 | Credito abonado origen: 13950 | Status origen: 1
credit-note:1820,sale:1820,2,MIG-JM-CRED-1820,MIG-JM-VENTA-1820,2026-04-22,2026-05-07,15,18,18,0,Venta origen: 1820 | Usuario origen: ALONDRA26 | Credito abonado origen: 18 | Status origen: 1
credit-note:1821,sale:1821,5,MIG-JM-CRED-1821,MIG-JM-VENTA-1821,2026-04-22,2026-05-07,15,12100,12100,0,Venta origen: 1821 | Usuario origen: ALONDRA26 | Credito abonado origen: 12100 | Status origen: 1
credit-note:1822,sale:1822,2,MIG-JM-CRED-1822,MIG-JM-VENTA-1822,2026-04-22,2026-05-07,15,100,100,0,Venta origen: 1822 | Usuario origen: ALONDRA26 | Credito abonado origen: 100 | Status origen: 1
credit-note:1823,sale:1823,2,MIG-JM-CRED-1823,MIG-JM-VENTA-1823,2026-04-22,2026-04-22,1,216,216,0,Venta origen: 1823 | Usuario origen: ALONDRA26 | Credito abonado origen: 216 | Status origen: 1
credit-note:1824,sale:1824,5,MIG-JM-CRED-1824,MIG-JM-VENTA-1824,2026-04-23,2026-05-08,15,6900,6900,0,Venta origen: 1824 | Usuario origen: ALONDRA26 | Credito abonado origen: 6900 | Status origen: 1
credit-note:1825,sale:1825,46,MIG-JM-CRED-1825,MIG-JM-VENTA-1825,2026-04-23,2026-05-23,30,1452.5,1452.5,0,Venta origen: 1825 | Usuario origen: ALONDRA26 | Credito abonado origen: 1452.5 | Status origen: 1
credit-note:1826,sale:1826,35,MIG-JM-CRED-1826,MIG-JM-VENTA-1826,2026-04-23,2026-05-23,30,4338,4338,0,Venta origen: 1826 | Usuario origen: ALONDRA26 | Credito abonado origen: 4338 | Status origen: 1
credit-note:1827,sale:1827,74,MIG-JM-CRED-1827,MIG-JM-VENTA-1827,2026-04-23,2026-05-23,30,15100,15100,0,Venta origen: 1827 | Usuario origen: ALONDRA26 | Credito abonado origen: 15100 | Status origen: 1
credit-note:1828,sale:1828,2,MIG-JM-CRED-1828,MIG-JM-VENTA-1828,2026-04-23,2026-05-08,15,180,180,0,Venta origen: 1828 | Usuario origen: ALONDRA26 | Credito abonado origen: 180 | Status origen: 1
credit-note:1829,sale:1829,2,MIG-JM-CRED-1829,MIG-JM-VENTA-1829,2026-04-23,2026-05-08,15,122,122,0,Venta origen: 1829 | Usuario origen: ALONDRA26 | Credito abonado origen: 122 | Status origen: 1
credit-note:1830,sale:1830,5,MIG-JM-CRED-1830,MIG-JM-VENTA-1830,2026-04-23,2026-05-08,15,8800,8800,0,Venta origen: 1830 | Usuario origen: ALONDRA26 | Credito abonado origen: 8800 | Status origen: 1
credit-note:1831,sale:1831,35,MIG-JM-CRED-1831,MIG-JM-VENTA-1831,2026-04-23,2026-05-23,30,1800,0,1800,Venta origen: 1831 | Usuario origen: ALONDRA26 | Credito abonado origen: 0 | Status origen: 0
credit-note:1832,sale:1832,34,MIG-JM-CRED-1832,MIG-JM-VENTA-1832,2026-04-23,2026-05-23,30,3800,3800,0,Venta origen: 1832 | Usuario origen: ALONDRA26 | Credito abonado origen: 3800 | Status origen: 1
credit-note:1833,sale:1833,53,MIG-JM-CRED-1833,MIG-JM-VENTA-1833,2026-04-23,2026-05-23,30,20571.5,20571.5,0,Venta origen: 1833 | Usuario origen: ALONDRA26 | Credito abonado origen: 20571.5 | Status origen: 1
credit-note:1834,sale:1834,2,MIG-JM-CRED-1834,MIG-JM-VENTA-1834,2026-04-23,2026-05-08,15,3900,3900,0,Venta origen: 1834 | Usuario origen: ALONDRA26 | Credito abonado origen: 3900 | Status origen: 0
credit-note:1835,sale:1835,2,MIG-JM-CRED-1835,MIG-JM-VENTA-1835,2026-04-23,2026-04-23,1,5200,5200,0,Venta origen: 1835 | Usuario origen: ALONDRA26 | Credito abonado origen: 5200 | Status origen: 1
credit-note:1836,sale:1836,35,MIG-JM-CRED-1836,MIG-JM-VENTA-1836,2026-04-23,2026-05-23,30,2160,2160,0,Venta origen: 1836 | Usuario origen: ALONDRA26 | Credito abonado origen: 2160 | Status origen: 1
credit-note:1837,sale:1837,2,MIG-JM-CRED-1837,MIG-JM-VENTA-1837,2026-04-23,2026-04-23,1,960,960,0,Venta origen: 1837 | Usuario origen: ALONDRA26 | Credito abonado origen: 960 | Status origen: 1
credit-note:1838,sale:1838,18,MIG-JM-CRED-1838,MIG-JM-VENTA-1838,2026-04-24,2026-05-09,15,8300,0,8300,Venta origen: 1838 | Usuario origen: ALONDRA26 | Credito abonado origen: 0 | Status origen: 1
credit-note:1839,sale:1839,21,MIG-JM-CRED-1839,MIG-JM-VENTA-1839,2026-04-24,2026-05-09,15,11750,11750,0,Venta origen: 1839 | Usuario origen: ALONDRA26 | Credito abonado origen: 11750 | Status origen: 1
credit-note:1840,sale:1840,2,MIG-JM-CRED-1840,MIG-JM-VENTA-1840,2026-04-24,2026-05-09,15,56,56,0,Venta origen: 1840 | Usuario origen: ALONDRA26 | Credito abonado origen: 56 | Status origen: 1
credit-note:1841,sale:1841,4,MIG-JM-CRED-1841,MIG-JM-VENTA-1841,2026-04-24,2026-05-24,30,4700,4700,0,Venta origen: 1841 | Usuario origen: Administrador | Credito abonado origen: 4700 | Status origen: 1
credit-note:1842,sale:1842,60,MIG-JM-CRED-1842,MIG-JM-VENTA-1842,2026-04-24,2026-05-24,30,9000,9000,0,Venta origen: 1842 | Usuario origen: ALONDRA26 | Credito abonado origen: 9000 | Status origen: 1
credit-note:1843,sale:1843,85,MIG-JM-CRED-1843,MIG-JM-VENTA-1843,2026-04-24,2026-05-24,30,2890,2890,0,Venta origen: 1843 | Usuario origen: ALONDRA26 | Credito abonado origen: 2890 | Status origen: 1
credit-note:1844,sale:1844,94,MIG-JM-CRED-1844,MIG-JM-VENTA-1844,2026-04-24,2026-04-24,1,4200,4200,0,Venta origen: 1844 | Usuario origen: ALONDRA26 | Credito abonado origen: 4200 | Status origen: 1
credit-note:1845,sale:1845,73,MIG-JM-CRED-1845,MIG-JM-VENTA-1845,2026-04-24,2026-05-24,30,12425,12425,0,Venta origen: 1845 | Usuario origen: ALONDRA26 | Credito abonado origen: 12425 | Status origen: 1
credit-note:1846,sale:1846,65,MIG-JM-CRED-1846,MIG-JM-VENTA-1846,2026-04-24,2026-05-24,30,4230,4230,0,Venta origen: 1846 | Usuario origen: ALONDRA26 | Credito abonado origen: 4230 | Status origen: 1
credit-note:1847,sale:1847,95,MIG-JM-CRED-1847,MIG-JM-VENTA-1847,2026-04-24,2026-05-09,15,4740,4740,0,Venta origen: 1847 | Usuario origen: ALONDRA26 | Credito abonado origen: 4740 | Status origen: 1
credit-note:1848,sale:1848,74,MIG-JM-CRED-1848,MIG-JM-VENTA-1848,2026-04-24,2026-05-24,30,17000,17000,0,Venta origen: 1848 | Usuario origen: ALONDRA26 | Credito abonado origen: 17000 | Status origen: 1
credit-note:1849,sale:1849,2,MIG-JM-CRED-1849,MIG-JM-VENTA-1849,2026-04-24,2026-05-09,15,117,117,0,Venta origen: 1849 | Usuario origen: Administrador | Credito abonado origen: 117 | Status origen: 1
credit-note:1850,sale:1850,2,MIG-JM-CRED-1850,MIG-JM-VENTA-1850,2026-04-24,2026-04-24,1,64,64,0,Venta origen: 1850 | Usuario origen: ALONDRA26 | Credito abonado origen: 64 | Status origen: 1
credit-note:1851,sale:1851,2,MIG-JM-CRED-1851,MIG-JM-VENTA-1851,2026-04-24,2026-04-24,1,180,180,0,Venta origen: 1851 | Usuario origen: ALONDRA26 | Credito abonado origen: 180 | Status origen: 1
credit-note:1852,sale:1852,19,MIG-JM-CRED-1852,MIG-JM-VENTA-1852,2026-04-24,2026-05-09,15,1019,1019,0,Venta origen: 1852 | Usuario origen: ALONDRA26 | Credito abonado origen: 1019 | Status origen: 1
credit-note:1853,sale:1853,5,MIG-JM-CRED-1853,MIG-JM-VENTA-1853,2026-04-24,2026-05-09,15,8800,8800,0,Venta origen: 1853 | Usuario origen: ALONDRA26 | Credito abonado origen: 8800 | Status origen: 1
credit-note:1854,sale:1854,2,MIG-JM-CRED-1854,MIG-JM-VENTA-1854,2026-04-24,2026-05-09,15,40,40,0,Venta origen: 1854 | Usuario origen: ALONDRA26 | Credito abonado origen: 40 | Status origen: 1
credit-note:1855,sale:1855,73,MIG-JM-CRED-1855,MIG-JM-VENTA-1855,2026-04-24,2026-05-24,30,19000,19000,0,Venta origen: 1855 | Usuario origen: ALONDRA26 | Credito abonado origen: 19000 | Status origen: 1
credit-note:1856,sale:1856,5,MIG-JM-CRED-1856,MIG-JM-VENTA-1856,2026-04-25,2026-05-10,15,8800,8800,0,Venta origen: 1856 | Usuario origen: GRISELDA2026 | Credito abonado origen: 8800 | Status origen: 1
credit-note:1857,sale:1857,5,MIG-JM-CRED-1857,MIG-JM-VENTA-1857,2026-04-25,2026-05-10,15,4400,4400,0,Venta origen: 1857 | Usuario origen: GRISELDA2026 | Credito abonado origen: 4400 | Status origen: 1
credit-note:1858,sale:1858,73,MIG-JM-CRED-1858,MIG-JM-VENTA-1858,2026-04-27,2026-05-27,30,18500,18500,0,Venta origen: 1858 | Usuario origen: ALONDRA26 | Credito abonado origen: 18500 | Status origen: 1
credit-note:1859,sale:1859,91,MIG-JM-CRED-1859,MIG-JM-VENTA-1859,2026-04-27,2026-05-27,30,12450,0,12450,Venta origen: 1859 | Usuario origen: ALONDRA26 | Credito abonado origen: 0 | Status origen: 0
credit-note:1860,sale:1860,91,MIG-JM-CRED-1860,MIG-JM-VENTA-1860,2026-04-27,2026-05-27,30,5950,5950,0,Venta origen: 1860 | Usuario origen: ALONDRA26 | Credito abonado origen: 5950 | Status origen: 1
credit-note:1861,sale:1861,96,MIG-JM-CRED-1861,MIG-JM-VENTA-1861,2026-04-27,2026-05-27,30,8900,8900,0,Venta origen: 1861 | Usuario origen: ALONDRA26 | Credito abonado origen: 8900 | Status origen: 1
credit-note:1862,sale:1862,20,MIG-JM-CRED-1862,MIG-JM-VENTA-1862,2026-04-27,2026-05-27,30,39,0,39,Venta origen: 1862 | Usuario origen: ALONDRA26 | Credito abonado origen: 0 | Status origen: 1
credit-note:1863,sale:1863,85,MIG-JM-CRED-1863,MIG-JM-VENTA-1863,2026-04-27,2026-05-27,30,4980,4980,0,Venta origen: 1863 | Usuario origen: ALONDRA26 | Credito abonado origen: 4980 | Status origen: 1
credit-note:1864,sale:1864,87,MIG-JM-CRED-1864,MIG-JM-VENTA-1864,2026-04-27,2026-05-27,30,4160,4160,0,Venta origen: 1864 | Usuario origen: ALONDRA26 | Credito abonado origen: 4160 | Status origen: 1
credit-note:1865,sale:1865,87,MIG-JM-CRED-1865,MIG-JM-VENTA-1865,2026-04-27,2026-05-27,30,147,147,0,Venta origen: 1865 | Usuario origen: ALONDRA26 | Credito abonado origen: 147 | Status origen: 1
credit-note:1866,sale:1866,74,MIG-JM-CRED-1866,MIG-JM-VENTA-1866,2026-04-27,2026-05-27,30,8500,8500,0,Venta origen: 1866 | Usuario origen: ALONDRA26 | Credito abonado origen: 8500 | Status origen: 1
credit-note:1867,sale:1867,35,MIG-JM-CRED-1867,MIG-JM-VENTA-1867,2026-04-27,2026-05-27,30,3879,3879,0,Venta origen: 1867 | Usuario origen: ALONDRA26 | Credito abonado origen: 3879 | Status origen: 1
credit-note:1868,sale:1868,91,MIG-JM-CRED-1868,MIG-JM-VENTA-1868,2026-04-27,2026-05-27,30,2000,2000,0,Venta origen: 1868 | Usuario origen: ALONDRA26 | Credito abonado origen: 2000 | Status origen: 1
credit-note:1869,sale:1869,85,MIG-JM-CRED-1869,MIG-JM-VENTA-1869,2026-04-27,2026-05-27,30,3700,3700,0,Venta origen: 1869 | Usuario origen: ALONDRA26 | Credito abonado origen: 3700 | Status origen: 1
credit-note:1870,sale:1870,71,MIG-JM-CRED-1870,MIG-JM-VENTA-1870,2026-04-28,2026-04-28,1,12750,12750,0,Venta origen: 1870 | Usuario origen: ALONDRA26 | Credito abonado origen: 12750 | Status origen: 1
credit-note:1871,sale:1871,74,MIG-JM-CRED-1871,MIG-JM-VENTA-1871,2026-04-28,2026-05-28,30,6600,6600,0,Venta origen: 1871 | Usuario origen: ALONDRA26 | Credito abonado origen: 6600 | Status origen: 1
credit-note:1872,sale:1872,2,MIG-JM-CRED-1872,MIG-JM-VENTA-1872,2026-04-28,2026-05-13,15,32,32,0,Venta origen: 1872 | Usuario origen: ALONDRA26 | Credito abonado origen: 32 | Status origen: 1
credit-note:1873,sale:1873,12,MIG-JM-CRED-1873,MIG-JM-VENTA-1873,2026-04-28,2026-05-28,30,708,708,0,Venta origen: 1873 | Usuario origen: Administrador | Credito abonado origen: 708 | Status origen: 1
credit-note:1874,sale:1874,53,MIG-JM-CRED-1874,MIG-JM-VENTA-1874,2026-04-28,2026-05-28,30,12100,12100,0,Venta origen: 1874 | Usuario origen: ALONDRA26 | Credito abonado origen: 12100 | Status origen: 1
credit-note:1875,sale:1875,5,MIG-JM-CRED-1875,MIG-JM-VENTA-1875,2026-04-28,2026-05-13,15,4250,4250,0,Venta origen: 1875 | Usuario origen: ALONDRA26 | Credito abonado origen: 4250 | Status origen: 1
credit-note:1876,sale:1876,87,MIG-JM-CRED-1876,MIG-JM-VENTA-1876,2026-04-28,2026-05-28,30,3710,3710,0,Venta origen: 1876 | Usuario origen: ALONDRA26 | Credito abonado origen: 3710 | Status origen: 1
credit-note:1877,sale:1877,4,MIG-JM-CRED-1877,MIG-JM-VENTA-1877,2026-04-28,2026-05-28,30,2010,2010,0,Venta origen: 1877 | Usuario origen: ALONDRA26 | Credito abonado origen: 2010 | Status origen: 1
credit-note:1878,sale:1878,53,MIG-JM-CRED-1878,MIG-JM-VENTA-1878,2026-04-28,2026-05-28,30,4000,4000,0,Venta origen: 1878 | Usuario origen: ALONDRA26 | Credito abonado origen: 4000 | Status origen: 1
credit-note:1879,sale:1879,53,MIG-JM-CRED-1879,MIG-JM-VENTA-1879,2026-04-28,2026-05-28,30,8400,8400,0,Venta origen: 1879 | Usuario origen: ALONDRA26 | Credito abonado origen: 8400 | Status origen: 1
credit-note:1880,sale:1880,2,MIG-JM-CRED-1880,MIG-JM-VENTA-1880,2026-04-28,2026-04-28,1,900,900,0,Venta origen: 1880 | Usuario origen: ALONDRA26 | Credito abonado origen: 900 | Status origen: 1
credit-note:1881,sale:1881,49,MIG-JM-CRED-1881,MIG-JM-VENTA-1881,2026-04-28,2026-05-13,15,600,600,0,Venta origen: 1881 | Usuario origen: ALONDRA26 | Credito abonado origen: 600 | Status origen: 1
credit-note:1882,sale:1882,35,MIG-JM-CRED-1882,MIG-JM-VENTA-1882,2026-04-28,2026-05-28,30,3635,3635,0,Venta origen: 1882 | Usuario origen: ALONDRA26 | Credito abonado origen: 3635 | Status origen: 1
credit-note:1883,sale:1883,53,MIG-JM-CRED-1883,MIG-JM-VENTA-1883,2026-04-28,2026-05-28,30,1350,1350,0,Venta origen: 1883 | Usuario origen: ALONDRA26 | Credito abonado origen: 1350 | Status origen: 1
credit-note:1884,sale:1884,53,MIG-JM-CRED-1884,MIG-JM-VENTA-1884,2026-04-29,2026-05-29,30,4050,4050,0,Venta origen: 1884 | Usuario origen: ALONDRA26 | Credito abonado origen: 4050 | Status origen: 1
credit-note:1885,sale:1885,74,MIG-JM-CRED-1885,MIG-JM-VENTA-1885,2026-04-29,2026-05-29,30,8500,8500,0,Venta origen: 1885 | Usuario origen: ALONDRA26 | Credito abonado origen: 8500 | Status origen: 1
credit-note:1886,sale:1886,85,MIG-JM-CRED-1886,MIG-JM-VENTA-1886,2026-04-29,2026-05-29,30,7061,7061,0,Venta origen: 1886 | Usuario origen: ALONDRA26 | Credito abonado origen: 7061 | Status origen: 1
credit-note:1887,sale:1887,5,MIG-JM-CRED-1887,MIG-JM-VENTA-1887,2026-04-29,2026-05-14,15,5050,5050,0,Venta origen: 1887 | Usuario origen: ALONDRA26 | Credito abonado origen: 5050 | Status origen: 1
credit-note:1888,sale:1888,79,MIG-JM-CRED-1888,MIG-JM-VENTA-1888,2026-04-29,2026-05-29,30,2360,2360,0,Venta origen: 1888 | Usuario origen: ALONDRA26 | Credito abonado origen: 2360 | Status origen: 1
credit-note:1889,sale:1889,64,MIG-JM-CRED-1889,MIG-JM-VENTA-1889,2026-04-29,2026-05-29,30,14089,14089,0,Venta origen: 1889 | Usuario origen: ALONDRA26 | Credito abonado origen: 14089 | Status origen: 1
credit-note:1890,sale:1890,85,MIG-JM-CRED-1890,MIG-JM-VENTA-1890,2026-04-29,2026-05-29,30,382,382,0,Venta origen: 1890 | Usuario origen: ALONDRA26 | Credito abonado origen: 382 | Status origen: 1
credit-note:1891,sale:1891,2,MIG-JM-CRED-1891,MIG-JM-VENTA-1891,2026-04-29,2026-05-14,15,30,30,0,Venta origen: 1891 | Usuario origen: ALONDRA26 | Credito abonado origen: 30 | Status origen: 1
credit-note:1892,sale:1892,97,MIG-JM-CRED-1892,MIG-JM-VENTA-1892,2026-04-29,2026-05-29,30,4835,4835,0,Venta origen: 1892 | Usuario origen: ALONDRA26 | Credito abonado origen: 4835 | Status origen: 1
credit-note:1893,sale:1893,49,MIG-JM-CRED-1893,MIG-JM-VENTA-1893,2026-04-30,2026-05-15,15,600,600,0,Venta origen: 1893 | Usuario origen: ALONDRA26 | Credito abonado origen: 600 | Status origen: 1
credit-note:1894,sale:1894,53,MIG-JM-CRED-1894,MIG-JM-VENTA-1894,2026-04-30,2026-05-30,30,25190,25190,0,Venta origen: 1894 | Usuario origen: ALONDRA26 | Credito abonado origen: 25190 | Status origen: 1
credit-note:1895,sale:1895,85,MIG-JM-CRED-1895,MIG-JM-VENTA-1895,2026-04-30,2026-05-30,30,1080,1080,0,Venta origen: 1895 | Usuario origen: ALONDRA26 | Credito abonado origen: 1080 | Status origen: 1
credit-note:1896,sale:1896,78,MIG-JM-CRED-1896,MIG-JM-VENTA-1896,2026-04-30,2026-05-30,30,4700,4700,0,Venta origen: 1896 | Usuario origen: ALONDRA26 | Credito abonado origen: 4700 | Status origen: 1
credit-note:1897,sale:1897,79,MIG-JM-CRED-1897,MIG-JM-VENTA-1897,2026-04-30,2026-05-30,30,974,974,0,Venta origen: 1897 | Usuario origen: ALONDRA26 | Credito abonado origen: 974 | Status origen: 1
credit-note:1898,sale:1898,73,MIG-JM-CRED-1898,MIG-JM-VENTA-1898,2026-04-30,2026-05-30,30,18500,18500,0,Venta origen: 1898 | Usuario origen: ALONDRA26 | Credito abonado origen: 18500 | Status origen: 1
credit-note:1899,sale:1899,73,MIG-JM-CRED-1899,MIG-JM-VENTA-1899,2026-04-30,2026-05-30,30,19000,19000,0,Venta origen: 1899 | Usuario origen: ALONDRA26 | Credito abonado origen: 19000 | Status origen: 1
credit-note:1900,sale:1900,65,MIG-JM-CRED-1900,MIG-JM-VENTA-1900,2026-04-30,2026-05-30,30,5257,5257,0,Venta origen: 1900 | Usuario origen: ALONDRA26 | Credito abonado origen: 5257 | Status origen: 1
credit-note:1901,sale:1901,96,MIG-JM-CRED-1901,MIG-JM-VENTA-1901,2026-05-01,2026-05-31,30,4214,4214,0,Venta origen: 1901 | Usuario origen: ALONDRA26 | Credito abonado origen: 4214 | Status origen: 1
credit-note:1902,sale:1902,53,MIG-JM-CRED-1902,MIG-JM-VENTA-1902,2026-05-01,2026-05-31,30,9000,9000,0,Venta origen: 1902 | Usuario origen: ALONDRA26 | Credito abonado origen: 9000 | Status origen: 1
credit-note:1903,sale:1903,85,MIG-JM-CRED-1903,MIG-JM-VENTA-1903,2026-05-01,2026-05-31,30,180,180,0,Venta origen: 1903 | Usuario origen: ALONDRA26 | Credito abonado origen: 180 | Status origen: 1
credit-note:1904,sale:1904,2,MIG-JM-CRED-1904,MIG-JM-VENTA-1904,2026-05-01,2026-05-01,1,215,215,0,Venta origen: 1904 | Usuario origen: ALONDRA26 | Credito abonado origen: 215 | Status origen: 1
credit-note:1905,sale:1905,91,MIG-JM-CRED-1905,MIG-JM-VENTA-1905,2026-05-01,2026-05-31,30,26450,26450,0,Venta origen: 1905 | Usuario origen: ALONDRA26 | Credito abonado origen: 26450 | Status origen: 1
credit-note:1906,sale:1906,5,MIG-JM-CRED-1906,MIG-JM-VENTA-1906,2026-05-01,2026-05-16,15,6050,6050,0,Venta origen: 1906 | Usuario origen: ALONDRA26 | Credito abonado origen: 6050 | Status origen: 1
credit-note:1907,sale:1907,65,MIG-JM-CRED-1907,MIG-JM-VENTA-1907,2026-05-01,2026-05-31,30,3600,3600,0,Venta origen: 1907 | Usuario origen: ALONDRA26 | Credito abonado origen: 3600 | Status origen: 1
credit-note:1908,sale:1908,2,MIG-JM-CRED-1908,MIG-JM-VENTA-1908,2026-05-01,2026-05-16,15,32,32,0,Venta origen: 1908 | Usuario origen: ALONDRA26 | Credito abonado origen: 32 | Status origen: 1
credit-note:1909,sale:1909,2,MIG-JM-CRED-1909,MIG-JM-VENTA-1909,2026-05-01,2026-05-16,15,52,52,0,Venta origen: 1909 | Usuario origen: ALONDRA26 | Credito abonado origen: 52 | Status origen: 1
credit-note:1910,sale:1910,85,MIG-JM-CRED-1910,MIG-JM-VENTA-1910,2026-05-01,2026-05-31,30,4980,4980,0,Venta origen: 1910 | Usuario origen: Administrador | Credito abonado origen: 4980 | Status origen: 1
credit-note:1911,sale:1911,3,MIG-JM-CRED-1911,MIG-JM-VENTA-1911,2026-05-01,2026-05-16,15,1375.5,1375.5,0,Venta origen: 1911 | Usuario origen: ALONDRA26 | Credito abonado origen: 1375.5 | Status origen: 1
credit-note:1912,sale:1912,53,MIG-JM-CRED-1912,MIG-JM-VENTA-1912,2026-05-01,2026-05-31,30,5000,5000,0,Venta origen: 1912 | Usuario origen: ALONDRA26 | Credito abonado origen: 5000 | Status origen: 1
credit-note:1913,sale:1913,2,MIG-JM-CRED-1913,MIG-JM-VENTA-1913,2026-05-01,2026-05-01,1,472,472,0,Venta origen: 1913 | Usuario origen: ALONDRA26 | Credito abonado origen: 472 | Status origen: 1
credit-note:1914,sale:1914,35,MIG-JM-CRED-1914,MIG-JM-VENTA-1914,2026-05-02,2026-06-01,30,2625,2625,0,Venta origen: 1914 | Usuario origen: GRISELDA2026 | Credito abonado origen: 2625 | Status origen: 1
credit-note:1915,sale:1915,7,MIG-JM-CRED-1915,MIG-JM-VENTA-1915,2026-05-02,2026-06-01,30,577,577,0,Venta origen: 1915 | Usuario origen: GRISELDA2026 | Credito abonado origen: 577 | Status origen: 1
credit-note:1916,sale:1916,85,MIG-JM-CRED-1916,MIG-JM-VENTA-1916,2026-05-02,2026-06-01,30,3411,3411,0,Venta origen: 1916 | Usuario origen: GRISELDA2026 | Credito abonado origen: 3411 | Status origen: 1
credit-note:1917,sale:1917,85,MIG-JM-CRED-1917,MIG-JM-VENTA-1917,2026-05-02,2026-06-01,30,74,74,0,Venta origen: 1917 | Usuario origen: GRISELDA2026 | Credito abonado origen: 74 | Status origen: 1
credit-note:1918,sale:1918,2,MIG-JM-CRED-1918,MIG-JM-VENTA-1918,2026-05-02,2026-05-17,15,120,120,0,Venta origen: 1918 | Usuario origen: GRISELDA2026 | Credito abonado origen: 120 | Status origen: 1
credit-note:1919,sale:1919,5,MIG-JM-CRED-1919,MIG-JM-VENTA-1919,2026-05-02,2026-05-17,15,7600,7600,0,Venta origen: 1919 | Usuario origen: GRISELDA2026 | Credito abonado origen: 7600 | Status origen: 1
credit-note:1920,sale:1920,91,MIG-JM-CRED-1920,MIG-JM-VENTA-1920,2026-05-04,2026-06-03,30,2359.5,2359.5,0,Venta origen: 1920 | Usuario origen: ALONDRA26 | Credito abonado origen: 2359.5 | Status origen: 1
credit-note:1921,sale:1921,2,MIG-JM-CRED-1921,MIG-JM-VENTA-1921,2026-05-04,2026-05-19,15,1800,1800,0,Venta origen: 1921 | Usuario origen: ALONDRA26 | Credito abonado origen: 1800 | Status origen: 1
credit-note:1922,sale:1922,49,MIG-JM-CRED-1922,MIG-JM-VENTA-1922,2026-05-04,2026-05-19,15,2400,2400,0,Venta origen: 1922 | Usuario origen: ALONDRA26 | Credito abonado origen: 2400 | Status origen: 1
credit-note:1923,sale:1923,2,MIG-JM-CRED-1923,MIG-JM-VENTA-1923,2026-05-04,2026-05-04,1,750,750,0,Venta origen: 1923 | Usuario origen: ALONDRA26 | Credito abonado origen: 750 | Status origen: 0
credit-note:1924,sale:1924,2,MIG-JM-CRED-1924,MIG-JM-VENTA-1924,2026-05-04,2026-05-19,15,135,135,0,Venta origen: 1924 | Usuario origen: ALONDRA26 | Credito abonado origen: 135 | Status origen: 0
credit-note:1925,sale:1925,2,MIG-JM-CRED-1925,MIG-JM-VENTA-1925,2026-05-04,2026-05-19,15,1420,1420,0,Venta origen: 1925 | Usuario origen: ALONDRA26 | Credito abonado origen: 1420 | Status origen: 1
credit-note:1926,sale:1926,46,MIG-JM-CRED-1926,MIG-JM-VENTA-1926,2026-05-04,2026-06-03,30,9600,0,9600,Venta origen: 1926 | Usuario origen: ALONDRA26 | Credito abonado origen: 0 | Status origen: 0
credit-note:1927,sale:1927,19,MIG-JM-CRED-1927,MIG-JM-VENTA-1927,2026-05-04,2026-05-19,15,2360,2360,0,Venta origen: 1927 | Usuario origen: ALONDRA26 | Credito abonado origen: 2360 | Status origen: 1
credit-note:1928,sale:1928,5,MIG-JM-CRED-1928,MIG-JM-VENTA-1928,2026-05-04,2026-05-19,15,3450,3450,0,Venta origen: 1928 | Usuario origen: ALONDRA26 | Credito abonado origen: 3450 | Status origen: 1
credit-note:1929,sale:1929,53,MIG-JM-CRED-1929,MIG-JM-VENTA-1929,2026-05-04,2026-06-03,30,10800,10800,0,Venta origen: 1929 | Usuario origen: ALONDRA26 | Credito abonado origen: 10800 | Status origen: 1
credit-note:1930,sale:1930,52,MIG-JM-CRED-1930,MIG-JM-VENTA-1930,2026-05-04,2026-06-03,30,9400,9400,0,Venta origen: 1930 | Usuario origen: ALONDRA26 | Credito abonado origen: 9400 | Status origen: 1
credit-note:1931,sale:1931,85,MIG-JM-CRED-1931,MIG-JM-VENTA-1931,2026-05-04,2026-06-03,30,194,194,0,Venta origen: 1931 | Usuario origen: ALONDRA26 | Credito abonado origen: 194 | Status origen: 1
credit-note:1932,sale:1932,65,MIG-JM-CRED-1932,MIG-JM-VENTA-1932,2026-05-04,2026-06-03,30,4700,4700,0,Venta origen: 1932 | Usuario origen: ALONDRA26 | Credito abonado origen: 4700 | Status origen: 1
credit-note:1933,sale:1933,46,MIG-JM-CRED-1933,MIG-JM-VENTA-1933,2026-05-04,2026-06-03,30,3800,0,3800,Venta origen: 1933 | Usuario origen: ALONDRA26 | Credito abonado origen: 0 | Status origen: 0
credit-note:1934,sale:1934,46,MIG-JM-CRED-1934,MIG-JM-VENTA-1934,2026-05-04,2026-06-03,30,5800,5800,0,Venta origen: 1934 | Usuario origen: ALONDRA26 | Credito abonado origen: 5800 | Status origen: 1
credit-note:1935,sale:1935,46,MIG-JM-CRED-1935,MIG-JM-VENTA-1935,2026-05-04,2026-06-03,30,3800,3800,0,Venta origen: 1935 | Usuario origen: ALONDRA26 | Credito abonado origen: 3800 | Status origen: 1
credit-note:1936,sale:1936,56,MIG-JM-CRED-1936,MIG-JM-VENTA-1936,2026-05-04,2026-06-03,30,9300,9300,0,Venta origen: 1936 | Usuario origen: ALONDRA26 | Credito abonado origen: 9300 | Status origen: 1
credit-note:1937,sale:1937,2,MIG-JM-CRED-1937,MIG-JM-VENTA-1937,2026-05-04,2026-05-04,1,23,23,0,Venta origen: 1937 | Usuario origen: ALONDRA26 | Credito abonado origen: 23 | Status origen: 1
credit-note:1938,sale:1938,85,MIG-JM-CRED-1938,MIG-JM-VENTA-1938,2026-05-05,2026-06-04,30,2156,2156,0,Venta origen: 1938 | Usuario origen: ALONDRA26 | Credito abonado origen: 2156 | Status origen: 1
credit-note:1939,sale:1939,12,MIG-JM-CRED-1939,MIG-JM-VENTA-1939,2026-05-05,2026-06-04,30,944,944,0,Venta origen: 1939 | Usuario origen: ALONDRA26 | Credito abonado origen: 944 | Status origen: 1
credit-note:1940,sale:1940,53,MIG-JM-CRED-1940,MIG-JM-VENTA-1940,2026-05-05,2026-06-04,30,14000,14000,0,Venta origen: 1940 | Usuario origen: ALONDRA26 | Credito abonado origen: 14000 | Status origen: 1
credit-note:1941,sale:1941,99,MIG-JM-CRED-1941,MIG-JM-VENTA-1941,2026-05-05,2026-06-04,30,298,298,0,Venta origen: 1941 | Usuario origen: ALONDRA26 | Credito abonado origen: 298 | Status origen: 1
credit-note:1942,sale:1942,53,MIG-JM-CRED-1942,MIG-JM-VENTA-1942,2026-05-05,2026-06-04,30,14000,14000,0,Venta origen: 1942 | Usuario origen: ALONDRA26 | Credito abonado origen: 14000 | Status origen: 1
credit-note:1943,sale:1943,53,MIG-JM-CRED-1943,MIG-JM-VENTA-1943,2026-05-05,2026-06-04,30,14000,14000,0,Venta origen: 1943 | Usuario origen: ALONDRA26 | Credito abonado origen: 14000 | Status origen: 1
credit-note:1944,sale:1944,67,MIG-JM-CRED-1944,MIG-JM-VENTA-1944,2026-05-05,2026-05-20,15,1660,1660,0,Venta origen: 1944 | Usuario origen: ALONDRA26 | Credito abonado origen: 1660 | Status origen: 1
credit-note:1945,sale:1945,34,MIG-JM-CRED-1945,MIG-JM-VENTA-1945,2026-05-05,2026-06-04,30,8500,8500,0,Venta origen: 1945 | Usuario origen: ALONDRA26 | Credito abonado origen: 8500 | Status origen: 1
credit-note:1946,sale:1946,2,MIG-JM-CRED-1946,MIG-JM-VENTA-1946,2026-05-05,2026-05-20,15,55,55,0,Venta origen: 1946 | Usuario origen: ALONDRA26 | Credito abonado origen: 55 | Status origen: 1
credit-note:1947,sale:1947,2,MIG-JM-CRED-1947,MIG-JM-VENTA-1947,2026-05-05,2026-05-05,1,8,8,0,Venta origen: 1947 | Usuario origen: ALONDRA26 | Credito abonado origen: 8 | Status origen: 1
credit-note:1948,sale:1948,53,MIG-JM-CRED-1948,MIG-JM-VENTA-1948,2026-05-06,2026-06-05,30,13050,13050,0,Venta origen: 1948 | Usuario origen: ALONDRA26 | Credito abonado origen: 13050 | Status origen: 1
credit-note:1949,sale:1949,5,MIG-JM-CRED-1949,MIG-JM-VENTA-1949,2026-05-06,2026-05-21,15,3450,3450,0,Venta origen: 1949 | Usuario origen: ALONDRA26 | Credito abonado origen: 3450 | Status origen: 1
credit-note:1950,sale:1950,96,MIG-JM-CRED-1950,MIG-JM-VENTA-1950,2026-05-06,2026-06-05,30,4295,4295,0,Venta origen: 1950 | Usuario origen: ALONDRA26 | Credito abonado origen: 4295 | Status origen: 1
credit-note:1951,sale:1951,2,MIG-JM-CRED-1951,MIG-JM-VENTA-1951,2026-05-06,2026-05-21,15,120,120,0,Venta origen: 1951 | Usuario origen: ALONDRA26 | Credito abonado origen: 120 | Status origen: 1
credit-note:1952,sale:1952,85,MIG-JM-CRED-1952,MIG-JM-VENTA-1952,2026-05-06,2026-06-05,30,280,280,0,Venta origen: 1952 | Usuario origen: ALONDRA26 | Credito abonado origen: 280 | Status origen: 1
credit-note:1953,sale:1953,52,MIG-JM-CRED-1953,MIG-JM-VENTA-1953,2026-05-06,2026-06-05,30,1350,1350,0,Venta origen: 1953 | Usuario origen: ALONDRA26 | Credito abonado origen: 1350 | Status origen: 1
credit-note:1954,sale:1954,2,MIG-JM-CRED-1954,MIG-JM-VENTA-1954,2026-05-06,2026-05-21,15,500,500,0,Venta origen: 1954 | Usuario origen: ALONDRA26 | Credito abonado origen: 500 | Status origen: 1
credit-note:1955,sale:1955,2,MIG-JM-CRED-1955,MIG-JM-VENTA-1955,2026-05-06,2026-05-21,15,331,331,0,Venta origen: 1955 | Usuario origen: ALONDRA26 | Credito abonado origen: 331 | Status origen: 1
credit-note:1956,sale:1956,85,MIG-JM-CRED-1956,MIG-JM-VENTA-1956,2026-05-06,2026-06-05,30,1916,1916,0,Venta origen: 1956 | Usuario origen: ALONDRA26 | Credito abonado origen: 1916 | Status origen: 1
credit-note:1957,sale:1957,50,MIG-JM-CRED-1957,MIG-JM-VENTA-1957,2026-05-06,2026-06-05,30,3260,3260,0,Venta origen: 1957 | Usuario origen: ALONDRA26 | Credito abonado origen: 3260 | Status origen: 1
credit-note:1958,sale:1958,53,MIG-JM-CRED-1958,MIG-JM-VENTA-1958,2026-05-06,2026-06-05,30,5600,5600,0,Venta origen: 1958 | Usuario origen: ALONDRA26 | Credito abonado origen: 5600 | Status origen: 1
credit-note:1959,sale:1959,19,MIG-JM-CRED-1959,MIG-JM-VENTA-1959,2026-05-06,2026-05-21,15,5960,5960,0,Venta origen: 1959 | Usuario origen: ALONDRA26 | Credito abonado origen: 5960 | Status origen: 1
credit-note:1960,sale:1960,53,MIG-JM-CRED-1960,MIG-JM-VENTA-1960,2026-05-06,2026-06-05,30,5000,5000,0,Venta origen: 1960 | Usuario origen: ALONDRA26 | Credito abonado origen: 5000 | Status origen: 1
credit-note:1961,sale:1961,7,MIG-JM-CRED-1961,MIG-JM-VENTA-1961,2026-05-06,2026-06-05,30,1770,1770,0,Venta origen: 1961 | Usuario origen: ALONDRA26 | Credito abonado origen: 1770 | Status origen: 1
credit-note:1962,sale:1962,2,MIG-JM-CRED-1962,MIG-JM-VENTA-1962,2026-05-06,2026-05-06,1,236,236,0,Venta origen: 1962 | Usuario origen: ALONDRA26 | Credito abonado origen: 236 | Status origen: 1
credit-note:1963,sale:1963,85,MIG-JM-CRED-1963,MIG-JM-VENTA-1963,2026-05-06,2026-06-05,30,4855,4855,0,Venta origen: 1963 | Usuario origen: ALONDRA26 | Credito abonado origen: 4855 | Status origen: 1
credit-note:1964,sale:1964,52,MIG-JM-CRED-1964,MIG-JM-VENTA-1964,2026-05-06,2026-06-05,30,3780,3780,0,Venta origen: 1964 | Usuario origen: ALONDRA26 | Credito abonado origen: 3780 | Status origen: 1
credit-note:1965,sale:1965,12,MIG-JM-CRED-1965,MIG-JM-VENTA-1965,2026-05-06,2026-06-05,30,12428,12428,0,Venta origen: 1965 | Usuario origen: ALONDRA26 | Credito abonado origen: 12428 | Status origen: 1
credit-note:1966,sale:1966,53,MIG-JM-CRED-1966,MIG-JM-VENTA-1966,2026-05-07,2026-06-06,30,26640,26640,0,Venta origen: 1966 | Usuario origen: ALONDRA26 | Credito abonado origen: 26640 | Status origen: 1
credit-note:1967,sale:1967,46,MIG-JM-CRED-1967,MIG-JM-VENTA-1967,2026-05-07,2026-06-06,30,1900,1900,0,Venta origen: 1967 | Usuario origen: ALONDRA26 | Credito abonado origen: 1900 | Status origen: 1
credit-note:1968,sale:1968,5,MIG-JM-CRED-1968,MIG-JM-VENTA-1968,2026-05-07,2026-05-22,15,1232,1232,0,Venta origen: 1968 | Usuario origen: ALONDRA26 | Credito abonado origen: 1232 | Status origen: 1
credit-note:1969,sale:1969,51,MIG-JM-CRED-1969,MIG-JM-VENTA-1969,2026-05-07,2026-05-22,15,90,90,0,Venta origen: 1969 | Usuario origen: ALONDRA26 | Credito abonado origen: 90 | Status origen: 1
credit-note:1970,sale:1970,67,MIG-JM-CRED-1970,MIG-JM-VENTA-1970,2026-05-07,2026-05-22,15,1950,1950,0,Venta origen: 1970 | Usuario origen: ALONDRA26 | Credito abonado origen: 1950 | Status origen: 1
credit-note:1971,sale:1971,49,MIG-JM-CRED-1971,MIG-JM-VENTA-1971,2026-05-07,2026-05-22,15,1200,1200,0,Venta origen: 1971 | Usuario origen: Administrador | Credito abonado origen: 1200 | Status origen: 1
credit-note:1972,sale:1972,7,MIG-JM-CRED-1972,MIG-JM-VENTA-1972,2026-05-07,2026-06-06,30,335,335,0,Venta origen: 1972 | Usuario origen: ALONDRA26 | Credito abonado origen: 335 | Status origen: 1
credit-note:1973,sale:1973,2,MIG-JM-CRED-1973,MIG-JM-VENTA-1973,2026-05-07,2026-05-22,15,16,16,0,Venta origen: 1973 | Usuario origen: ALONDRA26 | Credito abonado origen: 16 | Status origen: 1
credit-note:1974,sale:1974,85,MIG-JM-CRED-1974,MIG-JM-VENTA-1974,2026-05-07,2026-06-06,30,3780,3780,0,Venta origen: 1974 | Usuario origen: ALONDRA26 | Credito abonado origen: 3780 | Status origen: 1
credit-note:1975,sale:1975,80,MIG-JM-CRED-1975,MIG-JM-VENTA-1975,2026-05-07,2026-05-22,15,1180,1180,0,Venta origen: 1975 | Usuario origen: ALONDRA26 | Credito abonado origen: 1180 | Status origen: 1
credit-note:1976,sale:1976,20,MIG-JM-CRED-1976,MIG-JM-VENTA-1976,2026-05-07,2026-06-06,30,100,0,100,Venta origen: 1976 | Usuario origen: ALONDRA26 | Credito abonado origen: 0 | Status origen: 1
credit-note:1977,sale:1977,53,MIG-JM-CRED-1977,MIG-JM-VENTA-1977,2026-05-07,2026-06-06,30,18485,18485,0,Venta origen: 1977 | Usuario origen: ALONDRA26 | Credito abonado origen: 18485 | Status origen: 1
credit-note:1978,sale:1978,2,MIG-JM-CRED-1978,MIG-JM-VENTA-1978,2026-05-07,2026-05-22,15,46,46,0,Venta origen: 1978 | Usuario origen: ALONDRA26 | Credito abonado origen: 46 | Status origen: 1
credit-note:1979,sale:1979,85,MIG-JM-CRED-1979,MIG-JM-VENTA-1979,2026-05-07,2026-06-06,30,350,350,0,Venta origen: 1979 | Usuario origen: ALONDRA26 | Credito abonado origen: 350 | Status origen: 1
credit-note:1980,sale:1980,46,MIG-JM-CRED-1980,MIG-JM-VENTA-1980,2026-05-08,2026-05-23,15,45,45,0,Venta origen: 1980 | Usuario origen: ALONDRA26 | Credito abonado origen: 45 | Status origen: 1
credit-note:1981,sale:1981,2,MIG-JM-CRED-1981,MIG-JM-VENTA-1981,2026-05-08,2026-05-23,15,950,950,0,Venta origen: 1981 | Usuario origen: ALONDRA26 | Credito abonado origen: 950 | Status origen: 1
credit-note:1982,sale:1982,5,MIG-JM-CRED-1982,MIG-JM-VENTA-1982,2026-05-08,2026-05-23,15,7850,7850,0,Venta origen: 1982 | Usuario origen: ALONDRA26 | Credito abonado origen: 7850 | Status origen: 1
credit-note:1983,sale:1983,91,MIG-JM-CRED-1983,MIG-JM-VENTA-1983,2026-05-08,2026-06-07,30,1180,1180,0,Venta origen: 1983 | Usuario origen: ALONDRA26 | Credito abonado origen: 1180 | Status origen: 1
credit-note:1984,sale:1984,2,MIG-JM-CRED-1984,MIG-JM-VENTA-1984,2026-05-08,2026-05-08,1,95,95,0,Venta origen: 1984 | Usuario origen: ALONDRA26 | Credito abonado origen: 95 | Status origen: 1
credit-note:1985,sale:1985,46,MIG-JM-CRED-1985,MIG-JM-VENTA-1985,2026-05-08,2026-06-07,30,2900,2900,0,Venta origen: 1985 | Usuario origen: ALONDRA26 | Credito abonado origen: 2900 | Status origen: 1
credit-note:1986,sale:1986,87,MIG-JM-CRED-1986,MIG-JM-VENTA-1986,2026-05-09,2026-06-08,30,4150,4150,0,Venta origen: 1986 | Usuario origen: GRISELDA2026 | Credito abonado origen: 4150 | Status origen: 1
credit-note:1987,sale:1987,5,MIG-JM-CRED-1987,MIG-JM-VENTA-1987,2026-05-09,2026-05-24,15,2132,2132,0,Venta origen: 1987 | Usuario origen: GRISELDA2026 | Credito abonado origen: 2132 | Status origen: 1
credit-note:1988,sale:1988,2,MIG-JM-CRED-1988,MIG-JM-VENTA-1988,2026-05-09,2026-05-24,15,1800,1800,0,Venta origen: 1988 | Usuario origen: GRISELDA2026 | Credito abonado origen: 1800 | Status origen: 1
credit-note:1989,sale:1989,2,MIG-JM-CRED-1989,MIG-JM-VENTA-1989,2026-05-09,2026-05-24,15,1992,1992,0,Venta origen: 1989 | Usuario origen: GRISELDA2026 | Credito abonado origen: 1992 | Status origen: 1
credit-note:1990,sale:1990,3,MIG-JM-CRED-1990,MIG-JM-VENTA-1990,2026-05-09,2026-05-24,15,26,26,0,Venta origen: 1990 | Usuario origen: GRISELDA2026 | Credito abonado origen: 26 | Status origen: 1
credit-note:1991,sale:1991,74,MIG-JM-CRED-1991,MIG-JM-VENTA-1991,2026-05-09,2026-06-08,30,8500,8500,0,Venta origen: 1991 | Usuario origen: GRISELDA2026 | Credito abonado origen: 8500 | Status origen: 1
credit-note:1992,sale:1992,5,MIG-JM-CRED-1992,MIG-JM-VENTA-1992,2026-05-09,2026-05-24,15,3800,0,3800,Venta origen: 1992 | Usuario origen: GRISELDA2026 | Credito abonado origen: 0 | Status origen: 0
credit-note:1993,sale:1993,5,MIG-JM-CRED-1993,MIG-JM-VENTA-1993,2026-05-09,2026-05-24,15,3450,3450,0,Venta origen: 1993 | Usuario origen: GRISELDA2026 | Credito abonado origen: 3450 | Status origen: 1
credit-note:1994,sale:1994,2,MIG-JM-CRED-1994,MIG-JM-VENTA-1994,2026-05-09,2026-05-24,15,56,56,0,Venta origen: 1994 | Usuario origen: Administrador | Credito abonado origen: 56 | Status origen: 1
credit-note:1995,sale:1995,5,MIG-JM-CRED-1995,MIG-JM-VENTA-1995,2026-05-11,2026-05-26,15,3480,3480,0,Venta origen: 1995 | Usuario origen: GRISELDA2026 | Credito abonado origen: 3480 | Status origen: 1
credit-note:1996,sale:1996,5,MIG-JM-CRED-1996,MIG-JM-VENTA-1996,2026-05-11,2026-05-26,15,4400,4400,0,Venta origen: 1996 | Usuario origen: GRISELDA2026 | Credito abonado origen: 4400 | Status origen: 1
credit-note:1997,sale:1997,73,MIG-JM-CRED-1997,MIG-JM-VENTA-1997,2026-05-11,2026-06-10,30,18500,18500,0,Venta origen: 1997 | Usuario origen: GRISELDA2026 | Credito abonado origen: 18500 | Status origen: 1
credit-note:1998,sale:1998,94,MIG-JM-CRED-1998,MIG-JM-VENTA-1998,2026-05-11,2026-05-11,1,600,600,0,Venta origen: 1998 | Usuario origen: GRISELDA2026 | Credito abonado origen: 600 | Status origen: 1
credit-note:1999,sale:1999,53,MIG-JM-CRED-1999,MIG-JM-VENTA-1999,2026-05-11,2026-06-10,30,17300,17300,0,Venta origen: 1999 | Usuario origen: GRISELDA2026 | Credito abonado origen: 17300 | Status origen: 1
credit-note:2000,sale:2000,2,MIG-JM-CRED-2000,MIG-JM-VENTA-2000,2026-05-11,2026-05-11,1,2000,2000,0,Venta origen: 2000 | Usuario origen: GRISELDA2026 | Credito abonado origen: 2000 | Status origen: 1
credit-note:2001,sale:2001,7,MIG-JM-CRED-2001,MIG-JM-VENTA-2001,2026-05-11,2026-05-26,15,1770,1770,0,Venta origen: 2001 | Usuario origen: ALONDRA26 | Credito abonado origen: 1770 | Status origen: 1
credit-note:2002,sale:2002,74,MIG-JM-CRED-2002,MIG-JM-VENTA-2002,2026-05-11,2026-06-10,30,8500,8500,0,Venta origen: 2002 | Usuario origen: ALONDRA26 | Credito abonado origen: 8500 | Status origen: 1
credit-note:2003,sale:2003,53,MIG-JM-CRED-2003,MIG-JM-VENTA-2003,2026-05-11,2026-06-10,30,61996,61996,0,Venta origen: 2003 | Usuario origen: ALONDRA26 | Credito abonado origen: 61996 | Status origen: 1
credit-note:2004,sale:2004,73,MIG-JM-CRED-2004,MIG-JM-VENTA-2004,2026-05-11,2026-06-10,30,30400,30400,0,Venta origen: 2004 | Usuario origen: ALONDRA26 | Credito abonado origen: 30400 | Status origen: 1
credit-note:2005,sale:2005,74,MIG-JM-CRED-2005,MIG-JM-VENTA-2005,2026-05-11,2026-06-10,30,15100,15100,0,Venta origen: 2005 | Usuario origen: ALONDRA26 | Credito abonado origen: 15100 | Status origen: 1
credit-note:2006,sale:2006,56,MIG-JM-CRED-2006,MIG-JM-VENTA-2006,2026-05-11,2026-06-10,30,9300,9300,0,Venta origen: 2006 | Usuario origen: ALONDRA26 | Credito abonado origen: 9300 | Status origen: 1
credit-note:2007,sale:2007,93,MIG-JM-CRED-2007,MIG-JM-VENTA-2007,2026-05-11,2026-06-10,30,2200,2200,0,Venta origen: 2007 | Usuario origen: ALONDRA26 | Credito abonado origen: 2200 | Status origen: 1
credit-note:2008,sale:2008,56,MIG-JM-CRED-2008,MIG-JM-VENTA-2008,2026-05-11,2026-06-10,30,3960,3960,0,Venta origen: 2008 | Usuario origen: ALONDRA26 | Credito abonado origen: 3960 | Status origen: 1
credit-note:2009,sale:2009,93,MIG-JM-CRED-2009,MIG-JM-VENTA-2009,2026-05-11,2026-06-10,30,4400,4400,0,Venta origen: 2009 | Usuario origen: ALONDRA26 | Credito abonado origen: 4400 | Status origen: 0
credit-note:2010,sale:2010,53,MIG-JM-CRED-2010,MIG-JM-VENTA-2010,2026-05-11,2026-06-10,30,17400,17400,0,Venta origen: 2010 | Usuario origen: ALONDRA26 | Credito abonado origen: 17400 | Status origen: 1
credit-note:2011,sale:2011,20,MIG-JM-CRED-2011,MIG-JM-VENTA-2011,2026-05-11,2026-06-10,30,103,0,103,Venta origen: 2011 | Usuario origen: ALONDRA26 | Credito abonado origen: 0 | Status origen: 1
credit-note:2012,sale:2012,49,MIG-JM-CRED-2012,MIG-JM-VENTA-2012,2026-05-12,2026-05-27,15,1200,1200,0,Venta origen: 2012 | Usuario origen: ALONDRA26 | Credito abonado origen: 1200 | Status origen: 1
credit-note:2013,sale:2013,2,MIG-JM-CRED-2013,MIG-JM-VENTA-2013,2026-05-12,2026-05-12,1,235,0,235,Venta origen: 2013 | Usuario origen: ALONDRA26 | Credito abonado origen: 0 | Status origen: 1
credit-note:2014,sale:2014,79,MIG-JM-CRED-2014,MIG-JM-VENTA-2014,2026-05-12,2026-06-11,30,3800,3800,0,Venta origen: 2014 | Usuario origen: ALONDRA26 | Credito abonado origen: 3800 | Status origen: 1
credit-note:2015,sale:2015,78,MIG-JM-CRED-2015,MIG-JM-VENTA-2015,2026-05-12,2026-06-11,30,3600,3600,0,Venta origen: 2015 | Usuario origen: ALONDRA26 | Credito abonado origen: 3600 | Status origen: 1
credit-note:2016,sale:2016,85,MIG-JM-CRED-2016,MIG-JM-VENTA-2016,2026-05-12,2026-06-11,30,4331,4331,0,Venta origen: 2016 | Usuario origen: ALONDRA26 | Credito abonado origen: 4331 | Status origen: 1
credit-note:2017,sale:2017,64,MIG-JM-CRED-2017,MIG-JM-VENTA-2017,2026-05-12,2026-06-11,30,11354,11354,0,Venta origen: 2017 | Usuario origen: ALONDRA26 | Credito abonado origen: 11354 | Status origen: 1
credit-note:2018,sale:2018,74,MIG-JM-CRED-2018,MIG-JM-VENTA-2018,2026-05-12,2026-06-11,30,17000,17000,0,Venta origen: 2018 | Usuario origen: ALONDRA26 | Credito abonado origen: 17000 | Status origen: 1
credit-note:2019,sale:2019,35,MIG-JM-CRED-2019,MIG-JM-VENTA-2019,2026-05-12,2026-06-11,30,2000,2000,0,Venta origen: 2019 | Usuario origen: ALONDRA26 | Credito abonado origen: 2000 | Status origen: 1
credit-note:2020,sale:2020,74,MIG-JM-CRED-2020,MIG-JM-VENTA-2020,2026-05-12,2026-06-11,30,6600,6600,0,Venta origen: 2020 | Usuario origen: ALONDRA26 | Credito abonado origen: 6600 | Status origen: 1
credit-note:2021,sale:2021,100,MIG-JM-CRED-2021,MIG-JM-VENTA-2021,2026-05-12,2026-06-11,30,3735,3735,0,Venta origen: 2021 | Usuario origen: ALONDRA26 | Credito abonado origen: 3735 | Status origen: 1
credit-note:2022,sale:2022,100,MIG-JM-CRED-2022,MIG-JM-VENTA-2022,2026-05-12,2026-06-11,30,3735,3735,0,Venta origen: 2022 | Usuario origen: ALONDRA26 | Credito abonado origen: 3735 | Status origen: 1
credit-note:2023,sale:2023,100,MIG-JM-CRED-2023,MIG-JM-VENTA-2023,2026-05-12,2026-06-11,30,3735,3735,0,Venta origen: 2023 | Usuario origen: ALONDRA26 | Credito abonado origen: 3735 | Status origen: 1
credit-note:2024,sale:2024,52,MIG-JM-CRED-2024,MIG-JM-VENTA-2024,2026-05-12,2026-06-11,30,1950,1950,0,Venta origen: 2024 | Usuario origen: ALONDRA26 | Credito abonado origen: 1950 | Status origen: 1
credit-note:2025,sale:2025,101,MIG-JM-CRED-2025,MIG-JM-VENTA-2025,2026-05-12,2026-05-12,1,2900,2900,0,Venta origen: 2025 | Usuario origen: ALONDRA26 | Credito abonado origen: 2900 | Status origen: 1
credit-note:2026,sale:2026,37,MIG-JM-CRED-2026,MIG-JM-VENTA-2026,2026-05-12,2026-05-27,15,2000,0,2000,Venta origen: 2026 | Usuario origen: ALONDRA26 | Credito abonado origen: 0 | Status origen: 1
credit-note:2027,sale:2027,31,MIG-JM-CRED-2027,MIG-JM-VENTA-2027,2026-05-12,2026-05-27,15,3900,0,3900,Venta origen: 2027 | Usuario origen: ALONDRA26 | Credito abonado origen: 0 | Status origen: 1
credit-note:2028,sale:2028,100,MIG-JM-CRED-2028,MIG-JM-VENTA-2028,2026-05-12,2026-06-11,30,7800,0,7800,Venta origen: 2028 | Usuario origen: ALONDRA26 | Credito abonado origen: 0 | Status origen: 0
credit-note:2029,sale:2029,53,MIG-JM-CRED-2029,MIG-JM-VENTA-2029,2026-05-13,2026-06-12,30,23900,23900,0,Venta origen: 2029 | Usuario origen: ALONDRA26 | Credito abonado origen: 23900 | Status origen: 1
credit-note:2030,sale:2030,85,MIG-JM-CRED-2030,MIG-JM-VENTA-2030,2026-05-13,2026-06-12,30,60,60,0,Venta origen: 2030 | Usuario origen: ALONDRA26 | Credito abonado origen: 60 | Status origen: 1
credit-note:2031,sale:2031,12,MIG-JM-CRED-2031,MIG-JM-VENTA-2031,2026-05-13,2026-06-12,30,705,705,0,Venta origen: 2031 | Usuario origen: ALONDRA26 | Credito abonado origen: 705 | Status origen: 1
credit-note:2032,sale:2032,96,MIG-JM-CRED-2032,MIG-JM-VENTA-2032,2026-05-13,2026-06-12,30,5384,5384,0,Venta origen: 2032 | Usuario origen: ALONDRA26 | Credito abonado origen: 5384 | Status origen: 1
credit-note:2033,sale:2033,2,MIG-JM-CRED-2033,MIG-JM-VENTA-2033,2026-05-13,2026-05-28,15,45,45,0,Venta origen: 2033 | Usuario origen: ALONDRA26 | Credito abonado origen: 45 | Status origen: 1
credit-note:2034,sale:2034,6,MIG-JM-CRED-2034,MIG-JM-VENTA-2034,2026-05-13,2026-05-13,1,675,675,0,Venta origen: 2034 | Usuario origen: ALONDRA26 | Credito abonado origen: 675 | Status origen: 1
credit-note:2035,sale:2035,100,MIG-JM-CRED-2035,MIG-JM-VENTA-2035,2026-05-13,2026-06-12,30,3900,0,3900,Venta origen: 2035 | Usuario origen: ALONDRA26 | Credito abonado origen: 0 | Status origen: 0
credit-note:2036,sale:2036,5,MIG-JM-CRED-2036,MIG-JM-VENTA-2036,2026-05-13,2026-05-28,15,4400,4400,0,Venta origen: 2036 | Usuario origen: ALONDRA26 | Credito abonado origen: 4400 | Status origen: 1
credit-note:2037,sale:2037,20,MIG-JM-CRED-2037,MIG-JM-VENTA-2037,2026-05-13,2026-06-12,30,40,0,40,Venta origen: 2037 | Usuario origen: ALONDRA26 | Credito abonado origen: 0 | Status origen: 1
credit-note:2038,sale:2038,37,MIG-JM-CRED-2038,MIG-JM-VENTA-2038,2026-05-13,2026-05-28,15,4000,0,4000,Venta origen: 2038 | Usuario origen: ALONDRA26 | Credito abonado origen: 0 | Status origen: 1
credit-note:2039,sale:2039,2,MIG-JM-CRED-2039,MIG-JM-VENTA-2039,2026-05-14,2026-05-29,15,126,126,0,Venta origen: 2039 | Usuario origen: ALONDRA26 | Credito abonado origen: 126 | Status origen: 1
credit-note:2040,sale:2040,7,MIG-JM-CRED-2040,MIG-JM-VENTA-2040,2026-05-14,2026-06-13,30,236,236,0,Venta origen: 2040 | Usuario origen: ALONDRA26 | Credito abonado origen: 236 | Status origen: 0
credit-note:2041,sale:2041,7,MIG-JM-CRED-2041,MIG-JM-VENTA-2041,2026-05-14,2026-06-13,30,470,470,0,Venta origen: 2041 | Usuario origen: ALONDRA26 | Credito abonado origen: 470 | Status origen: 0
credit-note:2042,sale:2042,65,MIG-JM-CRED-2042,MIG-JM-VENTA-2042,2026-05-14,2026-06-13,30,6893,6893,0,Venta origen: 2042 | Usuario origen: ALONDRA26 | Credito abonado origen: 6893 | Status origen: 1
credit-note:2043,sale:2043,91,MIG-JM-CRED-2043,MIG-JM-VENTA-2043,2026-05-14,2026-06-13,30,2350,2350,0,Venta origen: 2043 | Usuario origen: ALONDRA26 | Credito abonado origen: 2350 | Status origen: 1
credit-note:2044,sale:2044,102,MIG-JM-CRED-2044,MIG-JM-VENTA-2044,2026-05-14,2026-06-13,30,16000,16000,0,Venta origen: 2044 | Usuario origen: ALONDRA26 | Credito abonado origen: 16000 | Status origen: 1
credit-note:2045,sale:2045,7,MIG-JM-CRED-2045,MIG-JM-VENTA-2045,2026-05-14,2026-05-29,15,1175,1175,0,Venta origen: 2045 | Usuario origen: ALONDRA26 | Credito abonado origen: 1175 | Status origen: 1
credit-note:2046,sale:2046,7,MIG-JM-CRED-2046,MIG-JM-VENTA-2046,2026-05-14,2026-05-29,15,75,75,0,Venta origen: 2046 | Usuario origen: ALONDRA26 | Credito abonado origen: 75 | Status origen: 1
credit-note:2047,sale:2047,85,MIG-JM-CRED-2047,MIG-JM-VENTA-2047,2026-05-14,2026-06-13,30,242,242,0,Venta origen: 2047 | Usuario origen: ALONDRA26 | Credito abonado origen: 242 | Status origen: 1
credit-note:2048,sale:2048,16,MIG-JM-CRED-2048,MIG-JM-VENTA-2048,2026-05-14,2026-06-13,30,418,0,418,Venta origen: 2048 | Usuario origen: ALONDRA26 | Credito abonado origen: 0 | Status origen: 1
credit-note:2049,sale:2049,65,MIG-JM-CRED-2049,MIG-JM-VENTA-2049,2026-05-14,2026-06-13,30,4200,4200,0,Venta origen: 2049 | Usuario origen: ALONDRA26 | Credito abonado origen: 4200 | Status origen: 1
credit-note:2050,sale:2050,5,MIG-JM-CRED-2050,MIG-JM-VENTA-2050,2026-05-14,2026-05-29,15,4400,4400,0,Venta origen: 2050 | Usuario origen: ALONDRA26 | Credito abonado origen: 4400 | Status origen: 1
credit-note:2051,sale:2051,102,MIG-JM-CRED-2051,MIG-JM-VENTA-2051,2026-05-15,2026-06-14,30,6925,6925,0,Venta origen: 2051 | Usuario origen: ALONDRA26 | Credito abonado origen: 6925 | Status origen: 1
credit-note:2052,sale:2052,53,MIG-JM-CRED-2052,MIG-JM-VENTA-2052,2026-05-15,2026-06-14,30,42140,42140,0,Venta origen: 2052 | Usuario origen: ALONDRA26 | Credito abonado origen: 42140 | Status origen: 1
credit-note:2053,sale:2053,5,MIG-JM-CRED-2053,MIG-JM-VENTA-2053,2026-05-15,2026-05-30,15,3450,3450,0,Venta origen: 2053 | Usuario origen: ALONDRA26 | Credito abonado origen: 3450 | Status origen: 1
credit-note:2054,sale:2054,49,MIG-JM-CRED-2054,MIG-JM-VENTA-2054,2026-05-15,2026-05-30,15,600,600,0,Venta origen: 2054 | Usuario origen: ALONDRA26 | Credito abonado origen: 600 | Status origen: 1
credit-note:2055,sale:2055,100,MIG-JM-CRED-2055,MIG-JM-VENTA-2055,2026-05-15,2026-06-14,30,11994,11994,0,Venta origen: 2055 | Usuario origen: ALONDRA26 | Credito abonado origen: 11994 | Status origen: 1
credit-note:2056,sale:2056,93,MIG-JM-CRED-2056,MIG-JM-VENTA-2056,2026-05-15,2026-06-14,30,2200,2200,0,Venta origen: 2056 | Usuario origen: ALONDRA26 | Credito abonado origen: 2200 | Status origen: 1
credit-note:2057,sale:2057,100,MIG-JM-CRED-2057,MIG-JM-VENTA-2057,2026-05-15,2026-06-14,30,2900,2900,0,Venta origen: 2057 | Usuario origen: ALONDRA26 | Credito abonado origen: 2900 | Status origen: 1
credit-note:2058,sale:2058,2,MIG-JM-CRED-2058,MIG-JM-VENTA-2058,2026-05-15,2026-05-15,1,600,600,0,Venta origen: 2058 | Usuario origen: ALONDRA26 | Credito abonado origen: 600 | Status origen: 1
credit-note:2059,sale:2059,100,MIG-JM-CRED-2059,MIG-JM-VENTA-2059,2026-05-15,2026-06-14,30,2900,2900,0,Venta origen: 2059 | Usuario origen: ALONDRA26 | Credito abonado origen: 2900 | Status origen: 1
credit-note:2060,sale:2060,35,MIG-JM-CRED-2060,MIG-JM-VENTA-2060,2026-05-15,2026-06-14,30,1175,1175,0,Venta origen: 2060 | Usuario origen: ALONDRA26 | Credito abonado origen: 1175 | Status origen: 1
credit-note:2061,sale:2061,73,MIG-JM-CRED-2061,MIG-JM-VENTA-2061,2026-05-16,2026-06-15,30,18500,18500,0,Venta origen: 2061 | Usuario origen: ALONDRA26 | Credito abonado origen: 18500 | Status origen: 1
credit-note:2062,sale:2062,2,MIG-JM-CRED-2062,MIG-JM-VENTA-2062,2026-05-16,2026-05-31,15,18,18,0,Venta origen: 2062 | Usuario origen: ALONDRA26 | Credito abonado origen: 18 | Status origen: 1
credit-note:2063,sale:2063,5,MIG-JM-CRED-2063,MIG-JM-VENTA-2063,2026-05-16,2026-05-31,15,4400,4400,0,Venta origen: 2063 | Usuario origen: ALONDRA26 | Credito abonado origen: 4400 | Status origen: 1
credit-note:2064,sale:2064,103,MIG-JM-CRED-2064,MIG-JM-VENTA-2064,2026-05-18,2026-06-17,30,52600,52600,0,Venta origen: 2064 | Usuario origen: ALONDRA26 | Credito abonado origen: 52600 | Status origen: 1
credit-note:2065,sale:2065,96,MIG-JM-CRED-2065,MIG-JM-VENTA-2065,2026-05-18,2026-06-17,30,4700,4700,0,Venta origen: 2065 | Usuario origen: ALONDRA26 | Credito abonado origen: 4700 | Status origen: 1
credit-note:2066,sale:2066,87,MIG-JM-CRED-2066,MIG-JM-VENTA-2066,2026-05-18,2026-06-17,30,6050,6050,0,Venta origen: 2066 | Usuario origen: ALONDRA26 | Credito abonado origen: 6050 | Status origen: 1
credit-note:2067,sale:2067,85,MIG-JM-CRED-2067,MIG-JM-VENTA-2067,2026-05-18,2026-06-17,30,644,644,0,Venta origen: 2067 | Usuario origen: ALONDRA26 | Credito abonado origen: 644 | Status origen: 1
credit-note:2068,sale:2068,104,MIG-JM-CRED-2068,MIG-JM-VENTA-2068,2026-05-18,2026-06-17,30,8500,8500,0,Venta origen: 2068 | Usuario origen: ALONDRA26 | Credito abonado origen: 8500 | Status origen: 1
credit-note:2069,sale:2069,18,MIG-JM-CRED-2069,MIG-JM-VENTA-2069,2026-05-18,2026-06-02,15,60,0,60,Venta origen: 2069 | Usuario origen: ALONDRA26 | Credito abonado origen: 0 | Status origen: 1
credit-note:2070,sale:2070,18,MIG-JM-CRED-2070,MIG-JM-VENTA-2070,2026-05-18,2026-06-02,15,75,0,75,Venta origen: 2070 | Usuario origen: ALONDRA26 | Credito abonado origen: 0 | Status origen: 1
credit-note:2071,sale:2071,85,MIG-JM-CRED-2071,MIG-JM-VENTA-2071,2026-05-18,2026-06-17,30,2418,2418,0,Venta origen: 2071 | Usuario origen: ALONDRA26 | Credito abonado origen: 2418 | Status origen: 1
credit-note:2072,sale:2072,5,MIG-JM-CRED-2072,MIG-JM-VENTA-2072,2026-05-18,2026-06-02,15,3450,3450,0,Venta origen: 2072 | Usuario origen: ALONDRA26 | Credito abonado origen: 3450 | Status origen: 1
credit-note:2073,sale:2073,71,MIG-JM-CRED-2073,MIG-JM-VENTA-2073,2026-05-18,2026-05-18,1,8400,8400,0,Venta origen: 2073 | Usuario origen: ALONDRA26 | Credito abonado origen: 8400 | Status origen: 1
credit-note:2074,sale:2074,78,MIG-JM-CRED-2074,MIG-JM-VENTA-2074,2026-05-18,2026-06-17,30,9050,9050,0,Venta origen: 2074 | Usuario origen: ALONDRA26 | Credito abonado origen: 9050 | Status origen: 1
credit-note:2075,sale:2075,53,MIG-JM-CRED-2075,MIG-JM-VENTA-2075,2026-05-18,2026-06-17,30,43200,43200,0,Venta origen: 2075 | Usuario origen: ALONDRA26 | Credito abonado origen: 43200 | Status origen: 1
credit-note:2076,sale:2076,85,MIG-JM-CRED-2076,MIG-JM-VENTA-2076,2026-05-18,2026-06-17,30,412,412,0,Venta origen: 2076 | Usuario origen: ALONDRA26 | Credito abonado origen: 412 | Status origen: 1
credit-note:2077,sale:2077,71,MIG-JM-CRED-2077,MIG-JM-VENTA-2077,2026-05-18,2026-05-18,1,270,270,0,Venta origen: 2077 | Usuario origen: ALONDRA26 | Credito abonado origen: 270 | Status origen: 1
credit-note:2078,sale:2078,104,MIG-JM-CRED-2078,MIG-JM-VENTA-2078,2026-05-18,2026-06-17,30,462,462,0,Venta origen: 2078 | Usuario origen: ALONDRA26 | Credito abonado origen: 462 | Status origen: 1
credit-note:2079,sale:2079,102,MIG-JM-CRED-2079,MIG-JM-VENTA-2079,2026-05-19,2026-06-18,30,16000,16000,0,Venta origen: 2079 | Usuario origen: ALONDRA26 | Credito abonado origen: 16000 | Status origen: 1
credit-note:2080,sale:2080,85,MIG-JM-CRED-2080,MIG-JM-VENTA-2080,2026-05-19,2026-06-18,30,110,110,0,Venta origen: 2080 | Usuario origen: ALONDRA26 | Credito abonado origen: 110 | Status origen: 1
credit-note:2081,sale:2081,18,MIG-JM-CRED-2081,MIG-JM-VENTA-2081,2026-05-19,2026-06-03,15,3800,0,3800,Venta origen: 2081 | Usuario origen: ALONDRA26 | Credito abonado origen: 0 | Status origen: 1
credit-note:2082,sale:2082,56,MIG-JM-CRED-2082,MIG-JM-VENTA-2082,2026-05-19,2026-06-18,30,3800,3800,0,Venta origen: 2082 | Usuario origen: ALONDRA26 | Credito abonado origen: 3800 | Status origen: 1
credit-note:2083,sale:2083,91,MIG-JM-CRED-2083,MIG-JM-VENTA-2083,2026-05-19,2026-06-18,30,5031,5031,0,Venta origen: 2083 | Usuario origen: ALONDRA26 | Credito abonado origen: 5031 | Status origen: 1
credit-note:2084,sale:2084,5,MIG-JM-CRED-2084,MIG-JM-VENTA-2084,2026-05-19,2026-06-03,15,4400,4400,0,Venta origen: 2084 | Usuario origen: ALONDRA26 | Credito abonado origen: 4400 | Status origen: 1
credit-note:2085,sale:2085,53,MIG-JM-CRED-2085,MIG-JM-VENTA-2085,2026-05-19,2026-06-18,30,29340,29340,0,Venta origen: 2085 | Usuario origen: ALONDRA26 | Credito abonado origen: 29340 | Status origen: 1
credit-note:2086,sale:2086,85,MIG-JM-CRED-2086,MIG-JM-VENTA-2086,2026-05-19,2026-06-18,30,389,389,0,Venta origen: 2086 | Usuario origen: ALONDRA26 | Credito abonado origen: 389 | Status origen: 1
credit-note:2087,sale:2087,56,MIG-JM-CRED-2087,MIG-JM-VENTA-2087,2026-05-19,2026-06-18,30,9300,9300,0,Venta origen: 2087 | Usuario origen: ALONDRA26 | Credito abonado origen: 9300 | Status origen: 1
credit-note:2088,sale:2088,2,MIG-JM-CRED-2088,MIG-JM-VENTA-2088,2026-05-19,2026-06-03,15,95,95,0,Venta origen: 2088 | Usuario origen: Administrador | Credito abonado origen: 95 | Status origen: 1
credit-note:2089,sale:2089,103,MIG-JM-CRED-2089,MIG-JM-VENTA-2089,2026-05-19,2026-06-18,30,6910,6910,0,Venta origen: 2089 | Usuario origen: ALONDRA26 | Credito abonado origen: 6910 | Status origen: 1
credit-note:2090,sale:2090,95,MIG-JM-CRED-2090,MIG-JM-VENTA-2090,2026-05-19,2026-06-03,15,712,712,0,Venta origen: 2090 | Usuario origen: ALONDRA26 | Credito abonado origen: 712 | Status origen: 1
credit-note:2091,sale:2091,49,MIG-JM-CRED-2091,MIG-JM-VENTA-2091,2026-05-20,2026-06-04,15,1800,1800,0,Venta origen: 2091 | Usuario origen: ALONDRA26 | Credito abonado origen: 1800 | Status origen: 1
credit-note:2092,sale:2092,2,MIG-JM-CRED-2092,MIG-JM-VENTA-2092,2026-05-20,2026-05-20,1,220,220,0,Venta origen: 2092 | Usuario origen: ALONDRA26 | Credito abonado origen: 220 | Status origen: 1
credit-note:2093,sale:2093,2,MIG-JM-CRED-2093,MIG-JM-VENTA-2093,2026-05-20,2026-06-04,15,22,22,0,Venta origen: 2093 | Usuario origen: ALONDRA26 | Credito abonado origen: 22 | Status origen: 1
credit-note:2094,sale:2094,5,MIG-JM-CRED-2094,MIG-JM-VENTA-2094,2026-05-20,2026-06-04,15,3450,3450,0,Venta origen: 2094 | Usuario origen: ALONDRA26 | Credito abonado origen: 3450 | Status origen: 1
credit-note:2095,sale:2095,18,MIG-JM-CRED-2095,MIG-JM-VENTA-2095,2026-05-20,2026-06-04,15,3700,0,3700,Venta origen: 2095 | Usuario origen: ALONDRA26 | Credito abonado origen: 0 | Status origen: 1
credit-note:2096,sale:2096,5,MIG-JM-CRED-2096,MIG-JM-VENTA-2096,2026-05-20,2026-06-04,15,3450,3450,0,Venta origen: 2096 | Usuario origen: ALONDRA26 | Credito abonado origen: 3450 | Status origen: 1
credit-note:2097,sale:2097,85,MIG-JM-CRED-2097,MIG-JM-VENTA-2097,2026-05-20,2026-06-19,30,3943,3943,0,Venta origen: 2097 | Usuario origen: ALONDRA26 | Credito abonado origen: 3943 | Status origen: 1
credit-note:2098,sale:2098,95,MIG-JM-CRED-2098,MIG-JM-VENTA-2098,2026-05-20,2026-06-04,15,3173,3173,0,Venta origen: 2098 | Usuario origen: ALONDRA26 | Credito abonado origen: 3173 | Status origen: 1
credit-note:2099,sale:2099,2,MIG-JM-CRED-2099,MIG-JM-VENTA-2099,2026-05-20,2026-06-04,15,192,192,0,Venta origen: 2099 | Usuario origen: ALONDRA26 | Credito abonado origen: 192 | Status origen: 1
credit-note:2100,sale:2100,2,MIG-JM-CRED-2100,MIG-JM-VENTA-2100,2026-05-20,2026-05-20,1,244,244,0,Venta origen: 2100 | Usuario origen: ALONDRA26 | Credito abonado origen: 244 | Status origen: 1
credit-note:2101,sale:2101,2,MIG-JM-CRED-2101,MIG-JM-VENTA-2101,2026-05-20,2026-05-20,1,168,168,0,Venta origen: 2101 | Usuario origen: ALONDRA26 | Credito abonado origen: 168 | Status origen: 1
credit-note:2102,sale:2102,93,MIG-JM-CRED-2102,MIG-JM-VENTA-2102,2026-05-20,2026-06-19,30,700,700,0,Venta origen: 2102 | Usuario origen: ALONDRA26 | Credito abonado origen: 700 | Status origen: 1
credit-note:2103,sale:2103,53,MIG-JM-CRED-2103,MIG-JM-VENTA-2103,2026-05-20,2026-06-19,30,18025,18025,0,Venta origen: 2103 | Usuario origen: ALONDRA26 | Credito abonado origen: 18025 | Status origen: 1
credit-note:2104,sale:2104,97,MIG-JM-CRED-2104,MIG-JM-VENTA-2104,2026-05-20,2026-06-19,30,5701,5701,0,Venta origen: 2104 | Usuario origen: ALONDRA26 | Credito abonado origen: 5701 | Status origen: 1
credit-note:2105,sale:2105,85,MIG-JM-CRED-2105,MIG-JM-VENTA-2105,2026-05-20,2026-06-19,30,3700,3700,0,Venta origen: 2105 | Usuario origen: ALONDRA26 | Credito abonado origen: 3700 | Status origen: 1
credit-note:2106,sale:2106,2,MIG-JM-CRED-2106,MIG-JM-VENTA-2106,2026-05-20,2026-05-20,1,1622,1622,0,Venta origen: 2106 | Usuario origen: ALONDRA26 | Credito abonado origen: 1622 | Status origen: 1
credit-note:2107,sale:2107,93,MIG-JM-CRED-2107,MIG-JM-VENTA-2107,2026-05-21,2026-06-20,30,8460,8460,0,Venta origen: 2107 | Usuario origen: ALONDRA26 | Credito abonado origen: 8460 | Status origen: 1
credit-note:2108,sale:2108,87,MIG-JM-CRED-2108,MIG-JM-VENTA-2108,2026-05-21,2026-06-20,30,7995,7995,0,Venta origen: 2108 | Usuario origen: ALONDRA26 | Credito abonado origen: 7995 | Status origen: 1
credit-note:2109,sale:2109,2,MIG-JM-CRED-2109,MIG-JM-VENTA-2109,2026-05-21,2026-06-05,15,360,360,0,Venta origen: 2109 | Usuario origen: ALONDRA26 | Credito abonado origen: 360 | Status origen: 1
credit-note:2110,sale:2110,2,MIG-JM-CRED-2110,MIG-JM-VENTA-2110,2026-05-21,2026-05-21,1,387.5,387.5,0,Venta origen: 2110 | Usuario origen: ALONDRA26 | Credito abonado origen: 387.5 | Status origen: 1
credit-note:2111,sale:2111,2,MIG-JM-CRED-2111,MIG-JM-VENTA-2111,2026-05-21,2026-06-05,15,30,30,0,Venta origen: 2111 | Usuario origen: ALONDRA26 | Credito abonado origen: 30 | Status origen: 1
credit-note:2112,sale:2112,2,MIG-JM-CRED-2112,MIG-JM-VENTA-2112,2026-05-21,2026-06-05,15,18,18,0,Venta origen: 2112 | Usuario origen: ALONDRA26 | Credito abonado origen: 18 | Status origen: 1
credit-note:2113,sale:2113,53,MIG-JM-CRED-2113,MIG-JM-VENTA-2113,2026-05-21,2026-06-20,30,1780,1780,0,Venta origen: 2113 | Usuario origen: ALONDRA26 | Credito abonado origen: 1780 | Status origen: 1
credit-note:2114,sale:2114,85,MIG-JM-CRED-2114,MIG-JM-VENTA-2114,2026-05-21,2026-06-20,30,182,182,0,Venta origen: 2114 | Usuario origen: Administrador | Credito abonado origen: 182 | Status origen: 1
credit-note:2115,sale:2115,2,MIG-JM-CRED-2115,MIG-JM-VENTA-2115,2026-05-21,2026-05-21,1,1350,1350,0,Venta origen: 2115 | Usuario origen: ALONDRA26 | Credito abonado origen: 1350 | Status origen: 1
credit-note:2116,sale:2116,102,MIG-JM-CRED-2116,MIG-JM-VENTA-2116,2026-05-21,2026-06-20,30,24000,24000,0,Venta origen: 2116 | Usuario origen: ALONDRA26 | Credito abonado origen: 24000 | Status origen: 1
credit-note:2117,sale:2117,102,MIG-JM-CRED-2117,MIG-JM-VENTA-2117,2026-05-21,2026-06-20,30,660,660,0,Venta origen: 2117 | Usuario origen: ALONDRA26 | Credito abonado origen: 660 | Status origen: 1
credit-note:2118,sale:2118,2,MIG-JM-CRED-2118,MIG-JM-VENTA-2118,2026-05-21,2026-05-21,1,2300,2300,0,Venta origen: 2118 | Usuario origen: ALONDRA26 | Credito abonado origen: 2300 | Status origen: 1
credit-note:2119,sale:2119,2,MIG-JM-CRED-2119,MIG-JM-VENTA-2119,2026-05-21,2026-05-21,1,8575,8575,0,Venta origen: 2119 | Usuario origen: ALONDRA26 | Credito abonado origen: 8575 | Status origen: 1
credit-note:2120,sale:2120,85,MIG-JM-CRED-2120,MIG-JM-VENTA-2120,2026-05-21,2026-06-20,30,2171,2171,0,Venta origen: 2120 | Usuario origen: ALONDRA26 | Credito abonado origen: 2171 | Status origen: 1
credit-note:2121,sale:2121,85,MIG-JM-CRED-2121,MIG-JM-VENTA-2121,2026-05-21,2026-06-20,30,85,85,0,Venta origen: 2121 | Usuario origen: ALONDRA26 | Credito abonado origen: 85 | Status origen: 1
credit-note:2122,sale:2122,3,MIG-JM-CRED-2122,MIG-JM-VENTA-2122,2026-05-21,2026-06-05,15,157,157,0,Venta origen: 2122 | Usuario origen: ALONDRA26 | Credito abonado origen: 157 | Status origen: 1
credit-note:2123,sale:2123,53,MIG-JM-CRED-2123,MIG-JM-VENTA-2123,2026-05-21,2026-06-20,30,11800,11800,0,Venta origen: 2123 | Usuario origen: ALONDRA26 | Credito abonado origen: 11800 | Status origen: 1
credit-note:2124,sale:2124,79,MIG-JM-CRED-2124,MIG-JM-VENTA-2124,2026-05-21,2026-06-20,30,1200,1200,0,Venta origen: 2124 | Usuario origen: ALONDRA26 | Credito abonado origen: 1200 | Status origen: 1
credit-note:2125,sale:2125,2,MIG-JM-CRED-2125,MIG-JM-VENTA-2125,2026-05-21,2026-06-05,15,18,18,0,Venta origen: 2125 | Usuario origen: ALONDRA26 | Credito abonado origen: 18 | Status origen: 1
credit-note:2126,sale:2126,85,MIG-JM-CRED-2126,MIG-JM-VENTA-2126,2026-05-21,2026-06-20,30,520,520,0,Venta origen: 2126 | Usuario origen: ALONDRA26 | Credito abonado origen: 520 | Status origen: 1
credit-note:2127,sale:2127,5,MIG-JM-CRED-2127,MIG-JM-VENTA-2127,2026-05-22,2026-06-06,15,7950,7950,0,Venta origen: 2127 | Usuario origen: ALONDRA26 | Credito abonado origen: 7950 | Status origen: 1
credit-note:2128,sale:2128,79,MIG-JM-CRED-2128,MIG-JM-VENTA-2128,2026-05-22,2026-06-21,30,3700,3700,0,Venta origen: 2128 | Usuario origen: ALONDRA26 | Credito abonado origen: 3700 | Status origen: 1
credit-note:2129,sale:2129,85,MIG-JM-CRED-2129,MIG-JM-VENTA-2129,2026-05-22,2026-06-21,30,3780,3780,0,Venta origen: 2129 | Usuario origen: ALONDRA26 | Credito abonado origen: 3780 | Status origen: 1
credit-note:2130,sale:2130,53,MIG-JM-CRED-2130,MIG-JM-VENTA-2130,2026-05-22,2026-06-21,30,16000,16000,0,Venta origen: 2130 | Usuario origen: ALONDRA26 | Credito abonado origen: 16000 | Status origen: 1
credit-note:2131,sale:2131,100,MIG-JM-CRED-2131,MIG-JM-VENTA-2131,2026-05-22,2026-06-21,30,1999,1999,0,Venta origen: 2131 | Usuario origen: ALONDRA26 | Credito abonado origen: 1999 | Status origen: 1
credit-note:2132,sale:2132,91,MIG-JM-CRED-2132,MIG-JM-VENTA-2132,2026-05-22,2026-06-21,30,1200,1200,0,Venta origen: 2132 | Usuario origen: ALONDRA26 | Credito abonado origen: 1200 | Status origen: 1
credit-note:2133,sale:2133,2,MIG-JM-CRED-2133,MIG-JM-VENTA-2133,2026-05-22,2026-06-06,15,282,282,0,Venta origen: 2133 | Usuario origen: ALONDRA26 | Credito abonado origen: 282 | Status origen: 1
credit-note:2134,sale:2134,78,MIG-JM-CRED-2134,MIG-JM-VENTA-2134,2026-05-22,2026-06-21,30,2663.5,2663.5,0,Venta origen: 2134 | Usuario origen: ALONDRA26 | Credito abonado origen: 2663.5 | Status origen: 1
credit-note:2135,sale:2135,73,MIG-JM-CRED-2135,MIG-JM-VENTA-2135,2026-05-22,2026-06-21,30,19000,19000,0,Venta origen: 2135 | Usuario origen: ALONDRA26 | Credito abonado origen: 19000 | Status origen: 1
credit-note:2136,sale:2136,100,MIG-JM-CRED-2136,MIG-JM-VENTA-2136,2026-05-22,2026-06-21,30,1800,1800,0,Venta origen: 2136 | Usuario origen: ALONDRA26 | Credito abonado origen: 1800 | Status origen: 1
credit-note:2137,sale:2137,19,MIG-JM-CRED-2137,MIG-JM-VENTA-2137,2026-05-22,2026-06-06,15,8400,8400,0,Venta origen: 2137 | Usuario origen: ALONDRA26 | Credito abonado origen: 8400 | Status origen: 1
credit-note:2138,sale:2138,85,MIG-JM-CRED-2138,MIG-JM-VENTA-2138,2026-05-22,2026-06-21,30,1960,1960,0,Venta origen: 2138 | Usuario origen: ALONDRA26 | Credito abonado origen: 1960 | Status origen: 1
credit-note:2139,sale:2139,53,MIG-JM-CRED-2139,MIG-JM-VENTA-2139,2026-05-22,2026-06-21,30,5300,5300,0,Venta origen: 2139 | Usuario origen: ALONDRA26 | Credito abonado origen: 5300 | Status origen: 1
credit-note:2140,sale:2140,53,MIG-JM-CRED-2140,MIG-JM-VENTA-2140,2026-05-22,2026-06-21,30,5800,5800,0,Venta origen: 2140 | Usuario origen: ALONDRA26 | Credito abonado origen: 5800 | Status origen: 1
credit-note:2141,sale:2141,53,MIG-JM-CRED-2141,MIG-JM-VENTA-2141,2026-05-22,2026-06-21,30,1750,1750,0,Venta origen: 2141 | Usuario origen: ALONDRA26 | Credito abonado origen: 1750 | Status origen: 1
credit-note:2142,sale:2142,53,MIG-JM-CRED-2142,MIG-JM-VENTA-2142,2026-05-22,2026-06-21,30,1930,1930,0,Venta origen: 2142 | Usuario origen: ALONDRA26 | Credito abonado origen: 1930 | Status origen: 1
credit-note:2143,sale:2143,2,MIG-JM-CRED-2143,MIG-JM-VENTA-2143,2026-05-22,2026-06-06,15,1520,1520,0,Venta origen: 2143 | Usuario origen: ALONDRA26 | Credito abonado origen: 1520 | Status origen: 1
credit-note:2144,sale:2144,53,MIG-JM-CRED-2144,MIG-JM-VENTA-2144,2026-05-22,2026-06-21,30,22600,22600,0,Venta origen: 2144 | Usuario origen: ALONDRA26 | Credito abonado origen: 22600 | Status origen: 1
credit-note:2145,sale:2145,53,MIG-JM-CRED-2145,MIG-JM-VENTA-2145,2026-05-22,2026-06-21,30,16500,16500,0,Venta origen: 2145 | Usuario origen: ALONDRA26 | Credito abonado origen: 16500 | Status origen: 1
credit-note:2146,sale:2146,64,MIG-JM-CRED-2146,MIG-JM-VENTA-2146,2026-05-23,2026-06-22,30,13200,13200,0,Venta origen: 2146 | Usuario origen: GRISELDA2026 | Credito abonado origen: 13200 | Status origen: 1
credit-note:2147,sale:2147,5,MIG-JM-CRED-2147,MIG-JM-VENTA-2147,2026-05-23,2026-06-07,15,3550,3550,0,Venta origen: 2147 | Usuario origen: GRISELDA2026 | Credito abonado origen: 3550 | Status origen: 1
credit-note:2148,sale:2148,12,MIG-JM-CRED-2148,MIG-JM-VENTA-2148,2026-05-23,2026-06-22,30,89,0,89,Venta origen: 2148 | Usuario origen: GRISELDA2026 | Credito abonado origen: 0 | Status origen: 1
credit-note:2149,sale:2149,85,MIG-JM-CRED-2149,MIG-JM-VENTA-2149,2026-05-23,2026-06-22,30,3900,3900,0,Venta origen: 2149 | Usuario origen: GRISELDA2026 | Credito abonado origen: 3900 | Status origen: 1
credit-note:2150,sale:2150,46,MIG-JM-CRED-2150,MIG-JM-VENTA-2150,2026-05-23,2026-06-07,15,90,90,0,Venta origen: 2150 | Usuario origen: GRISELDA2026 | Credito abonado origen: 90 | Status origen: 1
credit-note:2151,sale:2151,85,MIG-JM-CRED-2151,MIG-JM-VENTA-2151,2026-05-23,2026-06-22,30,3710,3710,0,Venta origen: 2151 | Usuario origen: GRISELDA2026 | Credito abonado origen: 3710 | Status origen: 1
credit-note:2152,sale:2152,5,MIG-JM-CRED-2152,MIG-JM-VENTA-2152,2026-05-25,2026-06-09,15,7100,7100,0,Venta origen: 2152 | Usuario origen: ALONDRA26 | Credito abonado origen: 7100 | Status origen: 1
credit-note:2153,sale:2153,85,MIG-JM-CRED-2153,MIG-JM-VENTA-2153,2026-05-25,2026-06-24,30,5100,5100,0,Venta origen: 2153 | Usuario origen: ALONDRA26 | Credito abonado origen: 5100 | Status origen: 1
credit-note:2154,sale:2154,93,MIG-JM-CRED-2154,MIG-JM-VENTA-2154,2026-05-25,2026-06-24,30,2794.5,2794.5,0,Venta origen: 2154 | Usuario origen: ALONDRA26 | Credito abonado origen: 2794.5 | Status origen: 1
credit-note:2155,sale:2155,75,MIG-JM-CRED-2155,MIG-JM-VENTA-2155,2026-05-25,2026-06-24,30,6600,6600,0,Venta origen: 2155 | Usuario origen: ALONDRA26 | Credito abonado origen: 6600 | Status origen: 1
credit-note:2156,sale:2156,85,MIG-JM-CRED-2156,MIG-JM-VENTA-2156,2026-05-25,2026-06-24,30,100,100,0,Venta origen: 2156 | Usuario origen: ALONDRA26 | Credito abonado origen: 100 | Status origen: 1
credit-note:2157,sale:2157,18,MIG-JM-CRED-2157,MIG-JM-VENTA-2157,2026-05-25,2026-06-09,15,1404,0,1404,Venta origen: 2157 | Usuario origen: ALONDRA26 | Credito abonado origen: 0 | Status origen: 1
credit-note:2158,sale:2158,85,MIG-JM-CRED-2158,MIG-JM-VENTA-2158,2026-05-25,2026-06-24,30,1620,1620,0,Venta origen: 2158 | Usuario origen: ALONDRA26 | Credito abonado origen: 1620 | Status origen: 1
credit-note:2159,sale:2159,58,MIG-JM-CRED-2159,MIG-JM-VENTA-2159,2026-05-25,2026-06-24,30,1550,0,1550,Venta origen: 2159 | Usuario origen: ALONDRA26 | Credito abonado origen: 0 | Status origen: 1
credit-note:2160,sale:2160,102,MIG-JM-CRED-2160,MIG-JM-VENTA-2160,2026-05-25,2026-06-24,30,3780,3780,0,Venta origen: 2160 | Usuario origen: ALONDRA26 | Credito abonado origen: 3780 | Status origen: 1
credit-note:2161,sale:2161,103,MIG-JM-CRED-2161,MIG-JM-VENTA-2161,2026-05-25,2026-06-24,30,1350,1350,0,Venta origen: 2161 | Usuario origen: ALONDRA26 | Credito abonado origen: 1350 | Status origen: 1
credit-note:2162,sale:2162,2,MIG-JM-CRED-2162,MIG-JM-VENTA-2162,2026-05-25,2026-06-09,15,10,10,0,Venta origen: 2162 | Usuario origen: ALONDRA26 | Credito abonado origen: 10 | Status origen: 1
credit-note:2163,sale:2163,85,MIG-JM-CRED-2163,MIG-JM-VENTA-2163,2026-05-25,2026-06-24,30,191,191,0,Venta origen: 2163 | Usuario origen: ALONDRA26 | Credito abonado origen: 191 | Status origen: 1
credit-note:2164,sale:2164,2,MIG-JM-CRED-2164,MIG-JM-VENTA-2164,2026-05-25,2026-05-25,1,25.5,0,25.5,Venta origen: 2164 | Usuario origen: ALONDRA26 | Credito abonado origen: 0 | Status origen: 1
credit-note:2165,sale:2165,87,MIG-JM-CRED-2165,MIG-JM-VENTA-2165,2026-05-26,2026-06-25,30,5250,5250,0,Venta origen: 2165 | Usuario origen: ALONDRA26 | Credito abonado origen: 5250 | Status origen: 1
credit-note:2166,sale:2166,107,MIG-JM-CRED-2166,MIG-JM-VENTA-2166,2026-05-26,2026-06-25,30,3998,3998,0,Venta origen: 2166 | Usuario origen: ALONDRA26 | Credito abonado origen: 3998 | Status origen: 1
credit-note:2167,sale:2167,107,MIG-JM-CRED-2167,MIG-JM-VENTA-2167,2026-05-26,2026-06-25,30,1999,1999,0,Venta origen: 2167 | Usuario origen: ALONDRA26 | Credito abonado origen: 1999 | Status origen: 1
credit-note:2168,sale:2168,2,MIG-JM-CRED-2168,MIG-JM-VENTA-2168,2026-05-26,2026-06-10,15,120,120,0,Venta origen: 2168 | Usuario origen: ALONDRA26 | Credito abonado origen: 120 | Status origen: 1
credit-note:2169,sale:2169,21,MIG-JM-CRED-2169,MIG-JM-VENTA-2169,2026-05-26,2026-06-10,15,1020,1020,0,Venta origen: 2169 | Usuario origen: ALONDRA26 | Credito abonado origen: 1020 | Status origen: 1
credit-note:2170,sale:2170,5,MIG-JM-CRED-2170,MIG-JM-VENTA-2170,2026-05-26,2026-06-10,15,8050,8050,0,Venta origen: 2170 | Usuario origen: ALONDRA26 | Credito abonado origen: 8050 | Status origen: 1
credit-note:2171,sale:2171,2,MIG-JM-CRED-2171,MIG-JM-VENTA-2171,2026-05-26,2026-06-10,15,120,120,0,Venta origen: 2171 | Usuario origen: ALONDRA26 | Credito abonado origen: 120 | Status origen: 1
credit-note:2172,sale:2172,53,MIG-JM-CRED-2172,MIG-JM-VENTA-2172,2026-05-26,2026-06-25,30,16325,16325,0,Venta origen: 2172 | Usuario origen: ALONDRA26 | Credito abonado origen: 16325 | Status origen: 1
credit-note:2173,sale:2173,85,MIG-JM-CRED-2173,MIG-JM-VENTA-2173,2026-05-26,2026-06-25,30,251,251,0,Venta origen: 2173 | Usuario origen: ALONDRA26 | Credito abonado origen: 251 | Status origen: 1
credit-note:2174,sale:2174,2,MIG-JM-CRED-2174,MIG-JM-VENTA-2174,2026-05-26,2026-06-10,15,240,240,0,Venta origen: 2174 | Usuario origen: ALONDRA26 | Credito abonado origen: 240 | Status origen: 1
credit-note:2175,sale:2175,53,MIG-JM-CRED-2175,MIG-JM-VENTA-2175,2026-05-26,2026-06-25,30,34490,34490,0,Venta origen: 2175 | Usuario origen: ALONDRA26 | Credito abonado origen: 34490 | Status origen: 1
credit-note:2176,sale:2176,53,MIG-JM-CRED-2176,MIG-JM-VENTA-2176,2026-05-26,2026-06-25,30,45280,45280,0,Venta origen: 2176 | Usuario origen: ALONDRA26 | Credito abonado origen: 45280 | Status origen: 1
credit-note:2177,sale:2177,53,MIG-JM-CRED-2177,MIG-JM-VENTA-2177,2026-05-26,2026-06-25,30,2450,2450,0,Venta origen: 2177 | Usuario origen: ALONDRA26 | Credito abonado origen: 2450 | Status origen: 1
credit-note:2178,sale:2178,85,MIG-JM-CRED-2178,MIG-JM-VENTA-2178,2026-05-26,2026-06-25,30,5340,5340,0,Venta origen: 2178 | Usuario origen: ALONDRA26 | Credito abonado origen: 5340 | Status origen: 1
credit-note:2179,sale:2179,85,MIG-JM-CRED-2179,MIG-JM-VENTA-2179,2026-05-26,2026-06-25,30,200,200,0,Venta origen: 2179 | Usuario origen: ALONDRA26 | Credito abonado origen: 200 | Status origen: 1
credit-note:2180,sale:2180,85,MIG-JM-CRED-2180,MIG-JM-VENTA-2180,2026-05-26,2026-06-25,30,1854,1854,0,Venta origen: 2180 | Usuario origen: ALONDRA26 | Credito abonado origen: 1854 | Status origen: 1
credit-note:2181,sale:2181,53,MIG-JM-CRED-2181,MIG-JM-VENTA-2181,2026-05-27,2026-06-26,30,45280,45280,0,Venta origen: 2181 | Usuario origen: ALONDRA26 | Credito abonado origen: 45280 | Status origen: 1
credit-note:2182,sale:2182,53,MIG-JM-CRED-2182,MIG-JM-VENTA-2182,2026-05-27,2026-06-26,30,22640,22640,0,Venta origen: 2182 | Usuario origen: ALONDRA26 | Credito abonado origen: 22640 | Status origen: 1
credit-note:2183,sale:2183,2,MIG-JM-CRED-2183,MIG-JM-VENTA-2183,2026-05-27,2026-06-11,15,314,314,0,Venta origen: 2183 | Usuario origen: ALONDRA26 | Credito abonado origen: 314 | Status origen: 1
credit-note:2184,sale:2184,102,MIG-JM-CRED-2184,MIG-JM-VENTA-2184,2026-05-27,2026-06-26,30,11452,11452,0,Venta origen: 2184 | Usuario origen: ALONDRA26 | Credito abonado origen: 11452 | Status origen: 1
credit-note:2185,sale:2185,85,MIG-JM-CRED-2185,MIG-JM-VENTA-2185,2026-05-27,2026-06-26,30,4575,4575,0,Venta origen: 2185 | Usuario origen: ALONDRA26 | Credito abonado origen: 4575 | Status origen: 1
credit-note:2186,sale:2186,85,MIG-JM-CRED-2186,MIG-JM-VENTA-2186,2026-05-27,2026-06-26,30,73,73,0,Venta origen: 2186 | Usuario origen: ALONDRA26 | Credito abonado origen: 73 | Status origen: 1
credit-note:2187,sale:2187,2,MIG-JM-CRED-2187,MIG-JM-VENTA-2187,2026-05-27,2026-05-27,1,4200,0,4200,Venta origen: 2187 | Usuario origen: ALONDRA26 | Credito abonado origen: 0 | Status origen: 0
credit-note:2188,sale:2188,2,MIG-JM-CRED-2188,MIG-JM-VENTA-2188,2026-05-27,2026-05-27,1,1200,1200,0,Venta origen: 2188 | Usuario origen: ALONDRA26 | Credito abonado origen: 1200 | Status origen: 1
credit-note:2189,sale:2189,2,MIG-JM-CRED-2189,MIG-JM-VENTA-2189,2026-05-27,2026-06-11,15,26,26,0,Venta origen: 2189 | Usuario origen: ALONDRA26 | Credito abonado origen: 26 | Status origen: 1
credit-note:2190,sale:2190,2,MIG-JM-CRED-2190,MIG-JM-VENTA-2190,2026-05-27,2026-06-11,15,810,810,0,Venta origen: 2190 | Usuario origen: ALONDRA26 | Credito abonado origen: 810 | Status origen: 1
credit-note:2191,sale:2191,20,MIG-JM-CRED-2191,MIG-JM-VENTA-2191,2026-05-27,2026-06-26,30,261,0,261,Venta origen: 2191 | Usuario origen: ALONDRA26 | Credito abonado origen: 0 | Status origen: 1
credit-note:2192,sale:2192,5,MIG-JM-CRED-2192,MIG-JM-VENTA-2192,2026-05-28,2026-06-12,15,7100,7100,0,Venta origen: 2192 | Usuario origen: ALONDRA26 | Credito abonado origen: 7100 | Status origen: 1
credit-note:2193,sale:2193,78,MIG-JM-CRED-2193,MIG-JM-VENTA-2193,2026-05-28,2026-06-27,30,10158.5,10158.5,0,Venta origen: 2193 | Usuario origen: ALONDRA26 | Credito abonado origen: 10158.5 | Status origen: 1
credit-note:2194,sale:2194,53,MIG-JM-CRED-2194,MIG-JM-VENTA-2194,2026-05-28,2026-06-27,30,3230,3230,0,Venta origen: 2194 | Usuario origen: ALONDRA26 | Credito abonado origen: 3230 | Status origen: 1
credit-note:2195,sale:2195,85,MIG-JM-CRED-2195,MIG-JM-VENTA-2195,2026-05-28,2026-06-27,30,3710,3710,0,Venta origen: 2195 | Usuario origen: ALONDRA26 | Credito abonado origen: 3710 | Status origen: 1
credit-note:2196,sale:2196,85,MIG-JM-CRED-2196,MIG-JM-VENTA-2196,2026-05-28,2026-06-27,30,3900,3900,0,Venta origen: 2196 | Usuario origen: ALONDRA26 | Credito abonado origen: 3900 | Status origen: 1
credit-note:2197,sale:2197,12,MIG-JM-CRED-2197,MIG-JM-VENTA-2197,2026-05-28,2026-06-27,30,2400,0,2400,Venta origen: 2197 | Usuario origen: ALONDRA26 | Credito abonado origen: 0 | Status origen: 1
credit-note:2198,sale:2198,7,MIG-JM-CRED-2198,MIG-JM-VENTA-2198,2026-05-28,2026-06-27,30,1350,0,1350,Venta origen: 2198 | Usuario origen: ALONDRA26 | Credito abonado origen: 0 | Status origen: 1
credit-note:2199,sale:2199,87,MIG-JM-CRED-2199,MIG-JM-VENTA-2199,2026-05-29,2026-06-28,30,690,690,0,Venta origen: 2199 | Usuario origen: ALONDRA26 | Credito abonado origen: 690 | Status origen: 1
credit-note:2200,sale:2200,93,MIG-JM-CRED-2200,MIG-JM-VENTA-2200,2026-05-29,2026-06-28,30,6525,6525,0,Venta origen: 2200 | Usuario origen: ALONDRA26 | Credito abonado origen: 6525 | Status origen: 1
credit-note:2201,sale:2201,2,MIG-JM-CRED-2201,MIG-JM-VENTA-2201,2026-05-29,2026-05-29,1,6300,6300,0,Venta origen: 2201 | Usuario origen: ALONDRA26 | Credito abonado origen: 6300 | Status origen: 1
credit-note:2202,sale:2202,93,MIG-JM-CRED-2202,MIG-JM-VENTA-2202,2026-05-29,2026-06-28,30,4230,4230,0,Venta origen: 2202 | Usuario origen: ALONDRA26 | Credito abonado origen: 4230 | Status origen: 1
credit-note:2203,sale:2203,102,MIG-JM-CRED-2203,MIG-JM-VENTA-2203,2026-05-29,2026-06-28,30,22000,22000,0,Venta origen: 2203 | Usuario origen: ALONDRA26 | Credito abonado origen: 22000 | Status origen: 1
credit-note:2204,sale:2204,12,MIG-JM-CRED-2204,MIG-JM-VENTA-2204,2026-05-29,2026-06-28,30,1440,0,1440,Venta origen: 2204 | Usuario origen: ALONDRA26 | Credito abonado origen: 0 | Status origen: 1
credit-note:2205,sale:2205,2,MIG-JM-CRED-2205,MIG-JM-VENTA-2205,2026-05-29,2026-06-13,15,22,22,0,Venta origen: 2205 | Usuario origen: ALONDRA26 | Credito abonado origen: 22 | Status origen: 1
credit-note:2206,sale:2206,2,MIG-JM-CRED-2206,MIG-JM-VENTA-2206,2026-05-29,2026-05-29,1,1140,1140,0,Venta origen: 2206 | Usuario origen: ALONDRA26 | Credito abonado origen: 1140 | Status origen: 1
credit-note:2207,sale:2207,2,MIG-JM-CRED-2207,MIG-JM-VENTA-2207,2026-05-29,2026-05-29,1,1814,1814,0,Venta origen: 2207 | Usuario origen: ALONDRA26 | Credito abonado origen: 1814 | Status origen: 1
credit-note:2208,sale:2208,73,MIG-JM-CRED-2208,MIG-JM-VENTA-2208,2026-05-29,2026-06-28,30,19000,19000,0,Venta origen: 2208 | Usuario origen: ALONDRA26 | Credito abonado origen: 19000 | Status origen: 1
credit-note:2209,sale:2209,108,MIG-JM-CRED-2209,MIG-JM-VENTA-2209,2026-05-29,2026-06-28,30,16500,16500,0,Venta origen: 2209 | Usuario origen: ALONDRA26 | Credito abonado origen: 16500 | Status origen: 1
credit-note:2210,sale:2210,53,MIG-JM-CRED-2210,MIG-JM-VENTA-2210,2026-05-30,2026-06-28,29,22640,22640,0,Venta origen: 2210 | Usuario origen: ALONDRA26 | Credito abonado origen: 22640 | Status origen: 1
credit-note:2211,sale:2211,5,MIG-JM-CRED-2211,MIG-JM-VENTA-2211,2026-05-30,2026-06-14,15,3550,3550,0,Venta origen: 2211 | Usuario origen: GRISELDA2026 | Credito abonado origen: 3550 | Status origen: 1
credit-note:2212,sale:2212,2,MIG-JM-CRED-2212,MIG-JM-VENTA-2212,2026-05-30,2026-06-14,15,340,340,0,Venta origen: 2212 | Usuario origen: GRISELDA2026 | Credito abonado origen: 340 | Status origen: 1
credit-note:2213,sale:2213,7,MIG-JM-CRED-2213,MIG-JM-VENTA-2213,2026-05-30,2026-06-14,15,1350,1350,0,Venta origen: 2213 | Usuario origen: GRISELDA2026 | Credito abonado origen: 1350 | Status origen: 1
credit-note:2214,sale:2214,2,MIG-JM-CRED-2214,MIG-JM-VENTA-2214,2026-05-30,2026-06-14,15,52,52,0,Venta origen: 2214 | Usuario origen: GRISELDA2026 | Credito abonado origen: 52 | Status origen: 1
credit-note:2215,sale:2215,33,MIG-JM-CRED-2215,MIG-JM-VENTA-2215,2026-06-01,2026-06-16,15,1396,1396,0,Venta origen: 2215 | Usuario origen: ALONDRA26 | Credito abonado origen: 1396 | Status origen: 1
credit-note:2216,sale:2216,33,MIG-JM-CRED-2216,MIG-JM-VENTA-2216,2026-06-01,2026-06-16,15,80,80,0,Venta origen: 2216 | Usuario origen: ALONDRA26 | Credito abonado origen: 80 | Status origen: 1
credit-note:2217,sale:2217,33,MIG-JM-CRED-2217,MIG-JM-VENTA-2217,2026-06-01,2026-06-16,15,110,110,0,Venta origen: 2217 | Usuario origen: ALONDRA26 | Credito abonado origen: 110 | Status origen: 1
credit-note:2218,sale:2218,109,MIG-JM-CRED-2218,MIG-JM-VENTA-2218,2026-06-01,2026-06-01,1,13467,13467,0,Venta origen: 2218 | Usuario origen: ALONDRA26 | Credito abonado origen: 13467 | Status origen: 1
credit-note:2219,sale:2219,2,MIG-JM-CRED-2219,MIG-JM-VENTA-2219,2026-06-01,2026-06-16,15,56,56,0,Venta origen: 2219 | Usuario origen: ALONDRA26 | Credito abonado origen: 56 | Status origen: 1
credit-note:2220,sale:2220,8,MIG-JM-CRED-2220,MIG-JM-VENTA-2220,2026-06-01,2026-06-16,15,75,0,75,Venta origen: 2220 | Usuario origen: ALONDRA26 | Credito abonado origen: 0 | Status origen: 1
credit-note:2221,sale:2221,2,MIG-JM-CRED-2221,MIG-JM-VENTA-2221,2026-06-01,2026-06-16,15,120,120,0,Venta origen: 2221 | Usuario origen: ALONDRA26 | Credito abonado origen: 120 | Status origen: 1
credit-note:2222,sale:2222,12,MIG-JM-CRED-2222,MIG-JM-VENTA-2222,2026-06-01,2026-07-01,30,1800,0,1800,Venta origen: 2222 | Usuario origen: ALONDRA26 | Credito abonado origen: 0 | Status origen: 1
credit-note:2223,sale:2223,85,MIG-JM-CRED-2223,MIG-JM-VENTA-2223,2026-06-01,2026-07-01,30,5203,5203,0,Venta origen: 2223 | Usuario origen: ALONDRA26 | Credito abonado origen: 5203 | Status origen: 1
credit-note:2224,sale:2224,53,MIG-JM-CRED-2224,MIG-JM-VENTA-2224,2026-06-01,2026-07-01,30,8200,8200,0,Venta origen: 2224 | Usuario origen: ALONDRA26 | Credito abonado origen: 8200 | Status origen: 1
credit-note:2225,sale:2225,96,MIG-JM-CRED-2225,MIG-JM-VENTA-2225,2026-06-01,2026-07-01,30,4200,4200,0,Venta origen: 2225 | Usuario origen: ALONDRA26 | Credito abonado origen: 4200 | Status origen: 1
credit-note:2226,sale:2226,67,MIG-JM-CRED-2226,MIG-JM-VENTA-2226,2026-06-01,2026-06-16,15,5399,5399,0,Venta origen: 2226 | Usuario origen: ALONDRA26 | Credito abonado origen: 5399 | Status origen: 1
credit-note:2227,sale:2227,2,MIG-JM-CRED-2227,MIG-JM-VENTA-2227,2026-06-01,2026-06-16,15,1200,1200,0,Venta origen: 2227 | Usuario origen: ALONDRA26 | Credito abonado origen: 1200 | Status origen: 1
credit-note:2228,sale:2228,104,MIG-JM-CRED-2228,MIG-JM-VENTA-2228,2026-06-01,2026-07-01,30,12900,12900,0,Venta origen: 2228 | Usuario origen: ALONDRA26 | Credito abonado origen: 12900 | Status origen: 1
credit-note:2229,sale:2229,79,MIG-JM-CRED-2229,MIG-JM-VENTA-2229,2026-06-02,2026-07-02,30,4350,4350,0,Venta origen: 2229 | Usuario origen: ALONDRA26 | Credito abonado origen: 4350 | Status origen: 1
credit-note:2230,sale:2230,33,MIG-JM-CRED-2230,MIG-JM-VENTA-2230,2026-06-02,2026-06-17,15,1714,1714,0,Venta origen: 2230 | Usuario origen: ALONDRA26 | Credito abonado origen: 1714 | Status origen: 1
credit-note:2231,sale:2231,33,MIG-JM-CRED-2231,MIG-JM-VENTA-2231,2026-06-02,2026-06-17,15,268,268,0,Venta origen: 2231 | Usuario origen: ALONDRA26 | Credito abonado origen: 268 | Status origen: 1
credit-note:2232,sale:2232,103,MIG-JM-CRED-2232,MIG-JM-VENTA-2232,2026-06-02,2026-07-02,30,9000,9000,0,Venta origen: 2232 | Usuario origen: ALONDRA26 | Credito abonado origen: 9000 | Status origen: 1
credit-note:2233,sale:2233,109,MIG-JM-CRED-2233,MIG-JM-VENTA-2233,2026-06-02,2026-06-02,1,7350,7350,0,Venta origen: 2233 | Usuario origen: ALONDRA26 | Credito abonado origen: 7350 | Status origen: 1
credit-note:2234,sale:2234,109,MIG-JM-CRED-2234,MIG-JM-VENTA-2234,2026-06-02,2026-06-02,1,1200,1200,0,Venta origen: 2234 | Usuario origen: ALONDRA26 | Credito abonado origen: 1200 | Status origen: 1
credit-note:2235,sale:2235,12,MIG-JM-CRED-2235,MIG-JM-VENTA-2235,2026-06-02,2026-07-02,30,1800,0,1800,Venta origen: 2235 | Usuario origen: ALONDRA26 | Credito abonado origen: 0 | Status origen: 1
credit-note:2236,sale:2236,71,MIG-JM-CRED-2236,MIG-JM-VENTA-2236,2026-06-02,2026-06-02,1,12600,12600,0,Venta origen: 2236 | Usuario origen: ALONDRA26 | Credito abonado origen: 12600 | Status origen: 1
credit-note:2237,sale:2237,8,MIG-JM-CRED-2237,MIG-JM-VENTA-2237,2026-06-02,2026-06-17,15,386,0,386,Venta origen: 2237 | Usuario origen: ALONDRA26 | Credito abonado origen: 0 | Status origen: 1
credit-note:2238,sale:2238,93,MIG-JM-CRED-2238,MIG-JM-VENTA-2238,2026-06-02,2026-07-02,30,7622.46,7622.46,0,Venta origen: 2238 | Usuario origen: ALONDRA26 | Credito abonado origen: 7622.46 | Status origen: 1
credit-note:2239,sale:2239,20,MIG-JM-CRED-2239,MIG-JM-VENTA-2239,2026-06-02,2026-07-02,30,66,0,66,Venta origen: 2239 | Usuario origen: ALONDRA26 | Credito abonado origen: 0 | Status origen: 1
credit-note:2240,sale:2240,60,MIG-JM-CRED-2240,MIG-JM-VENTA-2240,2026-06-02,2026-07-02,30,64,64,0,Venta origen: 2240 | Usuario origen: ALONDRA26 | Credito abonado origen: 64 | Status origen: 1
credit-note:2241,sale:2241,87,MIG-JM-CRED-2241,MIG-JM-VENTA-2241,2026-06-02,2026-07-02,30,910,910,0,Venta origen: 2241 | Usuario origen: ALONDRA26 | Credito abonado origen: 910 | Status origen: 1
credit-note:2242,sale:2242,53,MIG-JM-CRED-2242,MIG-JM-VENTA-2242,2026-06-02,2026-07-02,30,5300,5300,0,Venta origen: 2242 | Usuario origen: ALONDRA26 | Credito abonado origen: 5300 | Status origen: 1
credit-note:2243,sale:2243,8,MIG-JM-CRED-2243,MIG-JM-VENTA-2243,2026-06-02,2026-06-17,15,154,0,154,Venta origen: 2243 | Usuario origen: ALONDRA26 | Credito abonado origen: 0 | Status origen: 1
credit-note:2244,sale:2244,5,MIG-JM-CRED-2244,MIG-JM-VENTA-2244,2026-06-02,2026-06-17,15,8050,8050,0,Venta origen: 2244 | Usuario origen: ALONDRA26 | Credito abonado origen: 8050 | Status origen: 1
credit-note:2245,sale:2245,5,MIG-JM-CRED-2245,MIG-JM-VENTA-2245,2026-06-02,2026-06-17,15,8700,8700,0,Venta origen: 2245 | Usuario origen: ALONDRA26 | Credito abonado origen: 8700 | Status origen: 1
credit-note:2246,sale:2246,2,MIG-JM-CRED-2246,MIG-JM-VENTA-2246,2026-06-02,2026-06-02,1,240,240,0,Venta origen: 2246 | Usuario origen: ALONDRA26 | Credito abonado origen: 240 | Status origen: 1
credit-note:2247,sale:2247,85,MIG-JM-CRED-2247,MIG-JM-VENTA-2247,2026-06-03,2026-07-03,30,4140,4140,0,Venta origen: 2247 | Usuario origen: ALONDRA26 | Credito abonado origen: 4140 | Status origen: 1
credit-note:2248,sale:2248,109,MIG-JM-CRED-2248,MIG-JM-VENTA-2248,2026-06-03,2026-06-03,1,1500,1500,0,Venta origen: 2248 | Usuario origen: ALONDRA26 | Credito abonado origen: 1500 | Status origen: 1
credit-note:2249,sale:2249,21,MIG-JM-CRED-2249,MIG-JM-VENTA-2249,2026-06-03,2026-06-18,15,3450,3450,0,Venta origen: 2249 | Usuario origen: ALONDRA26 | Credito abonado origen: 3450 | Status origen: 1
credit-note:2250,sale:2250,16,MIG-JM-CRED-2250,MIG-JM-VENTA-2250,2026-06-03,2026-07-03,30,578,0,578,Venta origen: 2250 | Usuario origen: ALONDRA26 | Credito abonado origen: 0 | Status origen: 1
credit-note:2251,sale:2251,102,MIG-JM-CRED-2251,MIG-JM-VENTA-2251,2026-06-03,2026-07-03,30,4550,4550,0,Venta origen: 2251 | Usuario origen: ALONDRA26 | Credito abonado origen: 4550 | Status origen: 1
credit-note:2252,sale:2252,85,MIG-JM-CRED-2252,MIG-JM-VENTA-2252,2026-06-03,2026-07-03,30,2103,2103,0,Venta origen: 2252 | Usuario origen: ALONDRA26 | Credito abonado origen: 2103 | Status origen: 1
credit-note:2253,sale:2253,2,MIG-JM-CRED-2253,MIG-JM-VENTA-2253,2026-06-03,2026-06-03,1,600,600,0,Venta origen: 2253 | Usuario origen: ALONDRA26 | Credito abonado origen: 600 | Status origen: 1
credit-note:2254,sale:2254,53,MIG-JM-CRED-2254,MIG-JM-VENTA-2254,2026-06-03,2026-07-03,30,8200,8200,0,Venta origen: 2254 | Usuario origen: ALONDRA26 | Credito abonado origen: 8200 | Status origen: 1
credit-note:2255,sale:2255,53,MIG-JM-CRED-2255,MIG-JM-VENTA-2255,2026-06-03,2026-07-03,30,4687,4687,0,Venta origen: 2255 | Usuario origen: ALONDRA26 | Credito abonado origen: 4687 | Status origen: 1
credit-note:2256,sale:2256,109,MIG-JM-CRED-2256,MIG-JM-VENTA-2256,2026-06-03,2026-06-03,1,8925,8925,0,Venta origen: 2256 | Usuario origen: ALONDRA26 | Credito abonado origen: 8925 | Status origen: 1
credit-note:2257,sale:2257,2,MIG-JM-CRED-2257,MIG-JM-VENTA-2257,2026-06-03,2026-06-18,15,105,105,0,Venta origen: 2257 | Usuario origen: Administrador | Credito abonado origen: 105 | Status origen: 1
credit-note:2258,sale:2258,2,MIG-JM-CRED-2258,MIG-JM-VENTA-2258,2026-06-04,2026-06-04,1,1200,1200,0,Venta origen: 2258 | Usuario origen: ALONDRA26 | Credito abonado origen: 1200 | Status origen: 1
credit-note:2259,sale:2259,85,MIG-JM-CRED-2259,MIG-JM-VENTA-2259,2026-06-04,2026-07-04,30,224,224,0,Venta origen: 2259 | Usuario origen: ALONDRA26 | Credito abonado origen: 224 | Status origen: 1
credit-note:2260,sale:2260,56,MIG-JM-CRED-2260,MIG-JM-VENTA-2260,2026-06-04,2026-07-04,30,9500,9500,0,Venta origen: 2260 | Usuario origen: ALONDRA26 | Credito abonado origen: 9500 | Status origen: 1
credit-note:2261,sale:2261,103,MIG-JM-CRED-2261,MIG-JM-VENTA-2261,2026-06-04,2026-07-04,30,594,594,0,Venta origen: 2261 | Usuario origen: ALONDRA26 | Credito abonado origen: 594 | Status origen: 1
credit-note:2262,sale:2262,7,MIG-JM-CRED-2262,MIG-JM-VENTA-2262,2026-06-04,2026-07-04,30,4360,0,4360,Venta origen: 2262 | Usuario origen: ALONDRA26 | Credito abonado origen: 0 | Status origen: 1
credit-note:2263,sale:2263,96,MIG-JM-CRED-2263,MIG-JM-VENTA-2263,2026-06-04,2026-07-04,30,3480,3480,0,Venta origen: 2263 | Usuario origen: ALONDRA26 | Credito abonado origen: 3480 | Status origen: 1
credit-note:2264,sale:2264,104,MIG-JM-CRED-2264,MIG-JM-VENTA-2264,2026-06-04,2026-07-04,30,1176,1176,0,Venta origen: 2264 | Usuario origen: ALONDRA26 | Credito abonado origen: 1176 | Status origen: 1
credit-note:2265,sale:2265,102,MIG-JM-CRED-2265,MIG-JM-VENTA-2265,2026-06-04,2026-07-04,30,8008,8008,0,Venta origen: 2265 | Usuario origen: ALONDRA26 | Credito abonado origen: 8008 | Status origen: 1
credit-note:2266,sale:2266,109,MIG-JM-CRED-2266,MIG-JM-VENTA-2266,2026-06-04,2026-06-04,1,1440,1440,0,Venta origen: 2266 | Usuario origen: ALONDRA26 | Credito abonado origen: 1440 | Status origen: 1
credit-note:2267,sale:2267,60,MIG-JM-CRED-2267,MIG-JM-VENTA-2267,2026-06-04,2026-07-04,30,22,22,0,Venta origen: 2267 | Usuario origen: ALONDRA26 | Credito abonado origen: 22 | Status origen: 1
credit-note:2268,sale:2268,2,MIG-JM-CRED-2268,MIG-JM-VENTA-2268,2026-06-04,2026-06-04,1,50,50,0,Venta origen: 2268 | Usuario origen: ALONDRA26 | Credito abonado origen: 50 | Status origen: 1
credit-note:2269,sale:2269,104,MIG-JM-CRED-2269,MIG-JM-VENTA-2269,2026-06-04,2026-07-04,30,2744,2744,0,Venta origen: 2269 | Usuario origen: ALONDRA26 | Credito abonado origen: 2744 | Status origen: 1
credit-note:2270,sale:2270,3,MIG-JM-CRED-2270,MIG-JM-VENTA-2270,2026-06-04,2026-06-19,15,12,12,0,Venta origen: 2270 | Usuario origen: ALONDRA26 | Credito abonado origen: 12 | Status origen: 1
credit-note:2271,sale:2271,102,MIG-JM-CRED-2271,MIG-JM-VENTA-2271,2026-06-05,2026-07-05,30,14400,14400,0,Venta origen: 2271 | Usuario origen: ALONDRA26 | Credito abonado origen: 14400 | Status origen: 1
credit-note:2272,sale:2272,85,MIG-JM-CRED-2272,MIG-JM-VENTA-2272,2026-06-05,2026-07-05,30,2653,2653,0,Venta origen: 2272 | Usuario origen: ALONDRA26 | Credito abonado origen: 2653 | Status origen: 1
credit-note:2273,sale:2273,85,MIG-JM-CRED-2273,MIG-JM-VENTA-2273,2026-06-05,2026-07-05,30,1960,1960,0,Venta origen: 2273 | Usuario origen: ALONDRA26 | Credito abonado origen: 1960 | Status origen: 1
credit-note:2274,sale:2274,2,MIG-JM-CRED-2274,MIG-JM-VENTA-2274,2026-06-05,2026-06-20,15,60,60,0,Venta origen: 2274 | Usuario origen: ALONDRA26 | Credito abonado origen: 60 | Status origen: 1
credit-note:2275,sale:2275,8,MIG-JM-CRED-2275,MIG-JM-VENTA-2275,2026-06-05,2026-06-20,15,119,0,119,Venta origen: 2275 | Usuario origen: ALONDRA26 | Credito abonado origen: 0 | Status origen: 1
credit-note:2276,sale:2276,5,MIG-JM-CRED-2276,MIG-JM-VENTA-2276,2026-06-05,2026-06-20,15,3550,3550,0,Venta origen: 2276 | Usuario origen: ALONDRA26 | Credito abonado origen: 3550 | Status origen: 1
credit-note:2277,sale:2277,85,MIG-JM-CRED-2277,MIG-JM-VENTA-2277,2026-06-05,2026-07-05,30,3700,3700,0,Venta origen: 2277 | Usuario origen: ALONDRA26 | Credito abonado origen: 3700 | Status origen: 1
credit-note:2278,sale:2278,2,MIG-JM-CRED-2278,MIG-JM-VENTA-2278,2026-06-05,2026-06-20,15,130,130,0,Venta origen: 2278 | Usuario origen: ALONDRA26 | Credito abonado origen: 130 | Status origen: 1
credit-note:2279,sale:2279,33,MIG-JM-CRED-2279,MIG-JM-VENTA-2279,2026-06-05,2026-06-20,15,2860,2860,0,Venta origen: 2279 | Usuario origen: ALONDRA26 | Credito abonado origen: 2860 | Status origen: 1
credit-note:2280,sale:2280,102,MIG-JM-CRED-2280,MIG-JM-VENTA-2280,2026-06-05,2026-07-05,30,2400,2400,0,Venta origen: 2280 | Usuario origen: ALONDRA26 | Credito abonado origen: 2400 | Status origen: 1
credit-note:2281,sale:2281,2,MIG-JM-CRED-2281,MIG-JM-VENTA-2281,2026-06-06,2026-06-21,15,42,42,0,Venta origen: 2281 | Usuario origen: GRISELDA2026 | Credito abonado origen: 42 | Status origen: 1
credit-note:2282,sale:2282,85,MIG-JM-CRED-2282,MIG-JM-VENTA-2282,2026-06-06,2026-07-06,30,81,81,0,Venta origen: 2282 | Usuario origen: GRISELDA2026 | Credito abonado origen: 81 | Status origen: 1
credit-note:2283,sale:2283,96,MIG-JM-CRED-2283,MIG-JM-VENTA-2283,2026-06-06,2026-07-06,30,2120,2120,0,Venta origen: 2283 | Usuario origen: GRISELDA2026 | Credito abonado origen: 2120 | Status origen: 1
credit-note:2284,sale:2284,19,MIG-JM-CRED-2284,MIG-JM-VENTA-2284,2026-06-08,2026-06-23,15,6000,6000,0,Venta origen: 2284 | Usuario origen: ALONDRA26 | Credito abonado origen: 6000 | Status origen: 1
credit-note:2285,sale:2285,5,MIG-JM-CRED-2285,MIG-JM-VENTA-2285,2026-06-08,2026-06-23,15,1326,1326,0,Venta origen: 2285 | Usuario origen: ALONDRA26 | Credito abonado origen: 1326 | Status origen: 1
credit-note:2286,sale:2286,85,MIG-JM-CRED-2286,MIG-JM-VENTA-2286,2026-06-08,2026-07-08,30,5359,5359,0,Venta origen: 2286 | Usuario origen: ALONDRA26 | Credito abonado origen: 5359 | Status origen: 1
credit-note:2287,sale:2287,52,MIG-JM-CRED-2287,MIG-JM-VENTA-2287,2026-06-08,2026-07-08,30,9600,9600,0,Venta origen: 2287 | Usuario origen: ALONDRA26 | Credito abonado origen: 9600 | Status origen: 1
credit-note:2288,sale:2288,5,MIG-JM-CRED-2288,MIG-JM-VENTA-2288,2026-06-08,2026-06-23,15,1624,1624,0,Venta origen: 2288 | Usuario origen: ALONDRA26 | Credito abonado origen: 1624 | Status origen: 1
credit-note:2289,sale:2289,52,MIG-JM-CRED-2289,MIG-JM-VENTA-2289,2026-06-08,2026-07-08,30,1890,1890,0,Venta origen: 2289 | Usuario origen: ALONDRA26 | Credito abonado origen: 1890 | Status origen: 1
credit-note:2290,sale:2290,20,MIG-JM-CRED-2290,MIG-JM-VENTA-2290,2026-06-08,2026-07-08,30,56,0,56,Venta origen: 2290 | Usuario origen: ALONDRA26 | Credito abonado origen: 0 | Status origen: 1
credit-note:2291,sale:2291,19,MIG-JM-CRED-2291,MIG-JM-VENTA-2291,2026-06-08,2026-06-23,15,56,56,0,Venta origen: 2291 | Usuario origen: ALONDRA26 | Credito abonado origen: 56 | Status origen: 1
credit-note:2292,sale:2292,109,MIG-JM-CRED-2292,MIG-JM-VENTA-2292,2026-06-08,2026-06-08,1,5580,5580,0,Venta origen: 2292 | Usuario origen: ALONDRA26 | Credito abonado origen: 5580 | Status origen: 1
credit-note:2293,sale:2293,2,MIG-JM-CRED-2293,MIG-JM-VENTA-2293,2026-06-08,2026-06-23,15,392,392,0,Venta origen: 2293 | Usuario origen: ALONDRA26 | Credito abonado origen: 392 | Status origen: 1
credit-note:2294,sale:2294,56,MIG-JM-CRED-2294,MIG-JM-VENTA-2294,2026-06-08,2026-07-08,30,9640,9640,0,Venta origen: 2294 | Usuario origen: ALONDRA26 | Credito abonado origen: 9640 | Status origen: 1
credit-note:2295,sale:2295,52,MIG-JM-CRED-2295,MIG-JM-VENTA-2295,2026-06-08,2026-07-08,30,3700,3700,0,Venta origen: 2295 | Usuario origen: ALONDRA26 | Credito abonado origen: 3700 | Status origen: 1
credit-note:2296,sale:2296,2,MIG-JM-CRED-2296,MIG-JM-VENTA-2296,2026-06-08,2026-06-23,15,256.5,256.5,0,Venta origen: 2296 | Usuario origen: ALONDRA26 | Credito abonado origen: 256.5 | Status origen: 1
credit-note:2297,sale:2297,2,MIG-JM-CRED-2297,MIG-JM-VENTA-2297,2026-06-08,2026-06-08,1,219.96,219.96,0,Venta origen: 2297 | Usuario origen: ALONDRA26 | Credito abonado origen: 219.96 | Status origen: 1
credit-note:2298,sale:2298,85,MIG-JM-CRED-2298,MIG-JM-VENTA-2298,2026-06-09,2026-07-09,30,2190,2190,0,Venta origen: 2298 | Usuario origen: ALONDRA26 | Credito abonado origen: 2190 | Status origen: 1
credit-note:2299,sale:2299,2,MIG-JM-CRED-2299,MIG-JM-VENTA-2299,2026-06-09,2026-06-24,15,1150,1150,0,Venta origen: 2299 | Usuario origen: ALONDRA26 | Credito abonado origen: 1150 | Status origen: 1
credit-note:2300,sale:2300,2,MIG-JM-CRED-2300,MIG-JM-VENTA-2300,2026-06-09,2026-06-09,1,3250,3250,0,Venta origen: 2300 | Usuario origen: ALONDRA26 | Credito abonado origen: 3250 | Status origen: 1
credit-note:2301,sale:2301,96,MIG-JM-CRED-2301,MIG-JM-VENTA-2301,2026-06-09,2026-07-09,30,2010,2010,0,Venta origen: 2301 | Usuario origen: ALONDRA26 | Credito abonado origen: 2010 | Status origen: 1
credit-note:2302,sale:2302,110,MIG-JM-CRED-2302,MIG-JM-VENTA-2302,2026-06-09,2026-06-09,1,8600,8600,0,Venta origen: 2302 | Usuario origen: ALONDRA26 | Credito abonado origen: 8600 | Status origen: 1
credit-note:2303,sale:2303,2,MIG-JM-CRED-2303,MIG-JM-VENTA-2303,2026-06-09,2026-06-09,1,148.05,148.05,0,Venta origen: 2303 | Usuario origen: ALONDRA26 | Credito abonado origen: 148.05 | Status origen: 1
credit-note:2304,sale:2304,109,MIG-JM-CRED-2304,MIG-JM-VENTA-2304,2026-06-09,2026-06-09,1,168,168,0,Venta origen: 2304 | Usuario origen: ALONDRA26 | Credito abonado origen: 168 | Status origen: 1
credit-note:2305,sale:2305,85,MIG-JM-CRED-2305,MIG-JM-VENTA-2305,2026-06-09,2026-07-09,30,229,229,0,Venta origen: 2305 | Usuario origen: ALONDRA26 | Credito abonado origen: 229 | Status origen: 1
credit-note:2306,sale:2306,111,MIG-JM-CRED-2306,MIG-JM-VENTA-2306,2026-06-09,2026-07-09,30,2000,2000,0,Venta origen: 2306 | Usuario origen: ALONDRA26 | Credito abonado origen: 2000 | Status origen: 1
credit-note:2307,sale:2307,109,MIG-JM-CRED-2307,MIG-JM-VENTA-2307,2026-06-10,2026-06-10,1,4200,4200,0,Venta origen: 2307 | Usuario origen: ALONDRA26 | Credito abonado origen: 4200 | Status origen: 1
credit-note:2308,sale:2308,2,MIG-JM-CRED-2308,MIG-JM-VENTA-2308,2026-06-10,2026-06-10,1,11460,0,11460,Venta origen: 2308 | Usuario origen: ALONDRA26 | Credito abonado origen: 0 | Status origen: 0
credit-note:2309,sale:2309,109,MIG-JM-CRED-2309,MIG-JM-VENTA-2309,2026-06-10,2026-06-10,1,1500,1500,0,Venta origen: 2309 | Usuario origen: ALONDRA26 | Credito abonado origen: 1500 | Status origen: 1
credit-note:2310,sale:2310,87,MIG-JM-CRED-2310,MIG-JM-VENTA-2310,2026-06-10,2026-07-10,30,2110,2110,0,Venta origen: 2310 | Usuario origen: Administrador | Credito abonado origen: 2110 | Status origen: 1
credit-note:2311,sale:2311,2,MIG-JM-CRED-2311,MIG-JM-VENTA-2311,2026-06-10,2026-06-10,1,3900,3900,0,Venta origen: 2311 | Usuario origen: ALONDRA26 | Credito abonado origen: 3900 | Status origen: 1
credit-note:2312,sale:2312,85,MIG-JM-CRED-2312,MIG-JM-VENTA-2312,2026-06-10,2026-07-10,30,4140,4140,0,Venta origen: 2312 | Usuario origen: ALONDRA26 | Credito abonado origen: 4140 | Status origen: 1
credit-note:2313,sale:2313,78,MIG-JM-CRED-2313,MIG-JM-VENTA-2313,2026-06-10,2026-07-10,30,3600,3600,0,Venta origen: 2313 | Usuario origen: ALONDRA26 | Credito abonado origen: 3600 | Status origen: 1
credit-note:2314,sale:2314,104,MIG-JM-CRED-2314,MIG-JM-VENTA-2314,2026-06-10,2026-07-10,30,8700,8700,0,Venta origen: 2314 | Usuario origen: ALONDRA26 | Credito abonado origen: 8700 | Status origen: 1
credit-note:2315,sale:2315,2,MIG-JM-CRED-2315,MIG-JM-VENTA-2315,2026-06-10,2026-06-10,1,900,900,0,Venta origen: 2315 | Usuario origen: ALONDRA26 | Credito abonado origen: 900 | Status origen: 1
credit-note:2316,sale:2316,102,MIG-JM-CRED-2316,MIG-JM-VENTA-2316,2026-06-10,2026-07-10,30,9350,9350,0,Venta origen: 2316 | Usuario origen: ALONDRA26 | Credito abonado origen: 9350 | Status origen: 1
credit-note:2317,sale:2317,73,MIG-JM-CRED-2317,MIG-JM-VENTA-2317,2026-06-10,2026-07-10,30,21475,21475,0,Venta origen: 2317 | Usuario origen: ALONDRA26 | Credito abonado origen: 21475 | Status origen: 1
credit-note:2318,sale:2318,20,MIG-JM-CRED-2318,MIG-JM-VENTA-2318,2026-06-10,2026-07-10,30,120,0,120,Venta origen: 2318 | Usuario origen: ALONDRA26 | Credito abonado origen: 0 | Status origen: 1
credit-note:2319,sale:2319,109,MIG-JM-CRED-2319,MIG-JM-VENTA-2319,2026-06-10,2026-06-10,1,3920,3920,0,Venta origen: 2319 | Usuario origen: ALONDRA26 | Credito abonado origen: 3920 | Status origen: 1
credit-note:2320,sale:2320,53,MIG-JM-CRED-2320,MIG-JM-VENTA-2320,2026-06-11,2026-07-11,30,14850,14850,0,Venta origen: 2320 | Usuario origen: ALONDRA26 | Credito abonado origen: 14850 | Status origen: 1
credit-note:2321,sale:2321,2,MIG-JM-CRED-2321,MIG-JM-VENTA-2321,2026-06-11,2026-06-26,15,2798,2798,0,Venta origen: 2321 | Usuario origen: ALONDRA26 | Credito abonado origen: 2798 | Status origen: 1
credit-note:2322,sale:2322,33,MIG-JM-CRED-2322,MIG-JM-VENTA-2322,2026-06-11,2026-06-26,15,65,65,0,Venta origen: 2322 | Usuario origen: ALONDRA26 | Credito abonado origen: 65 | Status origen: 1
credit-note:2323,sale:2323,20,MIG-JM-CRED-2323,MIG-JM-VENTA-2323,2026-06-11,2026-07-11,30,100,0,100,Venta origen: 2323 | Usuario origen: ALONDRA26 | Credito abonado origen: 0 | Status origen: 1
credit-note:2324,sale:2324,5,MIG-JM-CRED-2324,MIG-JM-VENTA-2324,2026-06-11,2026-06-26,15,3900,3900,0,Venta origen: 2324 | Usuario origen: ALONDRA26 | Credito abonado origen: 3900 | Status origen: 1
credit-note:2325,sale:2325,109,MIG-JM-CRED-2325,MIG-JM-VENTA-2325,2026-06-11,2026-06-11,1,2640,2640,0,Venta origen: 2325 | Usuario origen: ALONDRA26 | Credito abonado origen: 2640 | Status origen: 1
credit-note:2326,sale:2326,6,MIG-JM-CRED-2326,MIG-JM-VENTA-2326,2026-06-11,2026-06-11,1,675,675,0,Venta origen: 2326 | Usuario origen: ALONDRA26 | Credito abonado origen: 675 | Status origen: 1
credit-note:2327,sale:2327,3,MIG-JM-CRED-2327,MIG-JM-VENTA-2327,2026-06-11,2026-06-26,15,13802,13802,0,Venta origen: 2327 | Usuario origen: ALONDRA26 | Credito abonado origen: 13802 | Status origen: 1
credit-note:2328,sale:2328,53,MIG-JM-CRED-2328,MIG-JM-VENTA-2328,2026-06-11,2026-07-11,30,3230,3230,0,Venta origen: 2328 | Usuario origen: ALONDRA26 | Credito abonado origen: 3230 | Status origen: 1
credit-note:2329,sale:2329,53,MIG-JM-CRED-2329,MIG-JM-VENTA-2329,2026-06-11,2026-07-11,30,534,0,534,Venta origen: 2329 | Usuario origen: ALONDRA26 | Credito abonado origen: 0 | Status origen: 1
credit-note:2330,sale:2330,85,MIG-JM-CRED-2330,MIG-JM-VENTA-2330,2026-06-11,2026-07-11,30,2047,2047,0,Venta origen: 2330 | Usuario origen: ALONDRA26 | Credito abonado origen: 2047 | Status origen: 1
credit-note:2331,sale:2331,110,MIG-JM-CRED-2331,MIG-JM-VENTA-2331,2026-06-12,2026-06-12,1,3150,3150,0,Venta origen: 2331 | Usuario origen: ALONDRA26 | Credito abonado origen: 3150 | Status origen: 1
credit-note:2332,sale:2332,2,MIG-JM-CRED-2332,MIG-JM-VENTA-2332,2026-06-12,2026-06-12,1,1200,1200,0,Venta origen: 2332 | Usuario origen: ALONDRA26 | Credito abonado origen: 1200 | Status origen: 1
credit-note:2333,sale:2333,12,MIG-JM-CRED-2333,MIG-JM-VENTA-2333,2026-06-12,2026-07-12,30,1200,0,1200,Venta origen: 2333 | Usuario origen: ALONDRA26 | Credito abonado origen: 0 | Status origen: 1
credit-note:2334,sale:2334,109,MIG-JM-CRED-2334,MIG-JM-VENTA-2334,2026-06-12,2026-06-12,1,5400,5400,0,Venta origen: 2334 | Usuario origen: ALONDRA26 | Credito abonado origen: 5400 | Status origen: 1
credit-note:2335,sale:2335,2,MIG-JM-CRED-2335,MIG-JM-VENTA-2335,2026-06-12,2026-06-12,1,231,231,0,Venta origen: 2335 | Usuario origen: ALONDRA26 | Credito abonado origen: 231 | Status origen: 1
credit-note:2336,sale:2336,5,MIG-JM-CRED-2336,MIG-JM-VENTA-2336,2026-06-12,2026-06-27,15,3550,3550,0,Venta origen: 2336 | Usuario origen: ALONDRA26 | Credito abonado origen: 3550 | Status origen: 1
credit-note:2337,sale:2337,112,MIG-JM-CRED-2337,MIG-JM-VENTA-2337,2026-06-12,2026-07-12,30,8400,8400,0,Venta origen: 2337 | Usuario origen: ALONDRA26 | Credito abonado origen: 8400 | Status origen: 1
credit-note:2338,sale:2338,85,MIG-JM-CRED-2338,MIG-JM-VENTA-2338,2026-06-12,2026-07-12,30,3020,3020,0,Venta origen: 2338 | Usuario origen: ALONDRA26 | Credito abonado origen: 3020 | Status origen: 1
credit-note:2339,sale:2339,75,MIG-JM-CRED-2339,MIG-JM-VENTA-2339,2026-06-12,2026-07-12,30,4660,4660,0,Venta origen: 2339 | Usuario origen: ALONDRA26 | Credito abonado origen: 4660 | Status origen: 1
credit-note:2340,sale:2340,112,MIG-JM-CRED-2340,MIG-JM-VENTA-2340,2026-06-12,2026-07-12,30,5420,0,5420,Venta origen: 2340 | Usuario origen: ALONDRA26 | Credito abonado origen: 0 | Status origen: 0
credit-note:2341,sale:2341,44,MIG-JM-CRED-2341,MIG-JM-VENTA-2341,2026-06-12,2026-07-12,30,2025,2025,0,Venta origen: 2341 | Usuario origen: ALONDRA26 | Credito abonado origen: 2025 | Status origen: 1
credit-note:2342,sale:2342,112,MIG-JM-CRED-2342,MIG-JM-VENTA-2342,2026-06-13,2026-07-13,30,3020,3020,0,Venta origen: 2342 | Usuario origen: GRISELDA2026 | Credito abonado origen: 3020 | Status origen: 1
credit-note:2343,sale:2343,12,MIG-JM-CRED-2343,MIG-JM-VENTA-2343,2026-06-13,2026-07-13,30,600,0,600,Venta origen: 2343 | Usuario origen: GRISELDA2026 | Credito abonado origen: 0 | Status origen: 1
credit-note:2344,sale:2344,60,MIG-JM-CRED-2344,MIG-JM-VENTA-2344,2026-06-15,2026-07-15,30,5997,5997,0,Venta origen: 2344 | Usuario origen: ALONDRA26 | Credito abonado origen: 5997 | Status origen: 1
credit-note:2345,sale:2345,97,MIG-JM-CRED-2345,MIG-JM-VENTA-2345,2026-06-15,2026-07-15,30,8400,8400,0,Venta origen: 2345 | Usuario origen: ALONDRA26 | Credito abonado origen: 8400 | Status origen: 1
credit-note:2346,sale:2346,93,MIG-JM-CRED-2346,MIG-JM-VENTA-2346,2026-06-15,2026-07-15,30,4230,4230,0,Venta origen: 2346 | Usuario origen: ALONDRA26 | Credito abonado origen: 4230 | Status origen: 1
credit-note:2347,sale:2347,104,MIG-JM-CRED-2347,MIG-JM-VENTA-2347,2026-06-15,2026-07-15,30,8700,8700,0,Venta origen: 2347 | Usuario origen: ALONDRA26 | Credito abonado origen: 8700 | Status origen: 1
credit-note:2348,sale:2348,104,MIG-JM-CRED-2348,MIG-JM-VENTA-2348,2026-06-15,2026-07-15,30,8400,8400,0,Venta origen: 2348 | Usuario origen: ALONDRA26 | Credito abonado origen: 8400 | Status origen: 1
credit-note:2349,sale:2349,78,MIG-JM-CRED-2349,MIG-JM-VENTA-2349,2026-06-15,2026-07-15,30,9275,9275,0,Venta origen: 2349 | Usuario origen: ALONDRA26 | Credito abonado origen: 9275 | Status origen: 1
credit-note:2350,sale:2350,12,MIG-JM-CRED-2350,MIG-JM-VENTA-2350,2026-06-15,2026-07-15,30,480,0,480,Venta origen: 2350 | Usuario origen: ALONDRA26 | Credito abonado origen: 0 | Status origen: 1
credit-note:2351,sale:2351,113,MIG-JM-CRED-2351,MIG-JM-VENTA-2351,2026-06-15,2026-07-15,30,1201,1201,0,Venta origen: 2351 | Usuario origen: ALONDRA26 | Credito abonado origen: 1201 | Status origen: 1
credit-note:2352,sale:2352,91,MIG-JM-CRED-2352,MIG-JM-VENTA-2352,2026-06-16,2026-07-16,30,6356,6356,0,Venta origen: 2352 | Usuario origen: ALONDRA26 | Credito abonado origen: 6356 | Status origen: 1
credit-note:2353,sale:2353,67,MIG-JM-CRED-2353,MIG-JM-VENTA-2353,2026-06-16,2026-07-01,15,1092,1092,0,Venta origen: 2353 | Usuario origen: ALONDRA26 | Credito abonado origen: 1092 | Status origen: 1
credit-note:2354,sale:2354,85,MIG-JM-CRED-2354,MIG-JM-VENTA-2354,2026-06-16,2026-07-16,30,5940,5940,0,Venta origen: 2354 | Usuario origen: ALONDRA26 | Credito abonado origen: 5940 | Status origen: 1
credit-note:2355,sale:2355,2,MIG-JM-CRED-2355,MIG-JM-VENTA-2355,2026-06-16,2026-06-16,1,60,60,0,Venta origen: 2355 | Usuario origen: ALONDRA26 | Credito abonado origen: 60 | Status origen: 1
credit-note:2356,sale:2356,12,MIG-JM-CRED-2356,MIG-JM-VENTA-2356,2026-06-16,2026-07-16,30,480,0,480,Venta origen: 2356 | Usuario origen: ALONDRA26 | Credito abonado origen: 0 | Status origen: 1
credit-note:2357,sale:2357,102,MIG-JM-CRED-2357,MIG-JM-VENTA-2357,2026-06-16,2026-07-16,30,16000,16000,0,Venta origen: 2357 | Usuario origen: ALONDRA26 | Credito abonado origen: 16000 | Status origen: 1
credit-note:2358,sale:2358,8,MIG-JM-CRED-2358,MIG-JM-VENTA-2358,2026-06-16,2026-07-01,15,398,398,0,Venta origen: 2358 | Usuario origen: ALONDRA26 | Credito abonado origen: 398 | Status origen: 1
credit-note:2359,sale:2359,2,MIG-JM-CRED-2359,MIG-JM-VENTA-2359,2026-06-16,2026-07-01,15,51,51,0,Venta origen: 2359 | Usuario origen: ALONDRA26 | Credito abonado origen: 51 | Status origen: 1
credit-note:2360,sale:2360,5,MIG-JM-CRED-2360,MIG-JM-VENTA-2360,2026-06-16,2026-07-01,15,8710,8710,0,Venta origen: 2360 | Usuario origen: ALONDRA26 | Credito abonado origen: 8710 | Status origen: 1
credit-note:2361,sale:2361,19,MIG-JM-CRED-2361,MIG-JM-VENTA-2361,2026-06-16,2026-07-01,15,1083,1083,0,Venta origen: 2361 | Usuario origen: ALONDRA26 | Credito abonado origen: 1083 | Status origen: 1
credit-note:2362,sale:2362,21,MIG-JM-CRED-2362,MIG-JM-VENTA-2362,2026-06-16,2026-07-01,15,600,600,0,Venta origen: 2362 | Usuario origen: ALONDRA26 | Credito abonado origen: 600 | Status origen: 1
credit-note:2363,sale:2363,113,MIG-JM-CRED-2363,MIG-JM-VENTA-2363,2026-06-16,2026-07-01,15,12,12,0,Venta origen: 2363 | Usuario origen: ALONDRA26 | Credito abonado origen: 12 | Status origen: 1
credit-note:2364,sale:2364,5,MIG-JM-CRED-2364,MIG-JM-VENTA-2364,2026-06-17,2026-07-02,15,3550,3550,0,Venta origen: 2364 | Usuario origen: ALONDRA26 | Credito abonado origen: 3550 | Status origen: 1
credit-note:2365,sale:2365,91,MIG-JM-CRED-2365,MIG-JM-VENTA-2365,2026-06-17,2026-07-17,30,40.5,40.5,0,Venta origen: 2365 | Usuario origen: ALONDRA26 | Credito abonado origen: 40.5 | Status origen: 1
credit-note:2366,sale:2366,56,MIG-JM-CRED-2366,MIG-JM-VENTA-2366,2026-06-17,2026-07-17,30,6300,6300,0,Venta origen: 2366 | Usuario origen: ALONDRA26 | Credito abonado origen: 6300 | Status origen: 1
credit-note:2367,sale:2367,2,MIG-JM-CRED-2367,MIG-JM-VENTA-2367,2026-06-17,2026-07-02,15,9,9,0,Venta origen: 2367 | Usuario origen: ALONDRA26 | Credito abonado origen: 9 | Status origen: 1
credit-note:2368,sale:2368,85,MIG-JM-CRED-2368,MIG-JM-VENTA-2368,2026-06-17,2026-07-17,30,3358,3358,0,Venta origen: 2368 | Usuario origen: ALONDRA26 | Credito abonado origen: 3358 | Status origen: 1
credit-note:2369,sale:2369,2,MIG-JM-CRED-2369,MIG-JM-VENTA-2369,2026-06-17,2026-06-17,1,1800,1800,0,Venta origen: 2369 | Usuario origen: ALONDRA26 | Credito abonado origen: 1800 | Status origen: 1
credit-note:2370,sale:2370,109,MIG-JM-CRED-2370,MIG-JM-VENTA-2370,2026-06-17,2026-06-17,1,1925,1925,0,Venta origen: 2370 | Usuario origen: ALONDRA26 | Credito abonado origen: 1925 | Status origen: 1
credit-note:2371,sale:2371,2,MIG-JM-CRED-2371,MIG-JM-VENTA-2371,2026-06-17,2026-07-02,15,166,166,0,Venta origen: 2371 | Usuario origen: ALONDRA26 | Credito abonado origen: 166 | Status origen: 1
credit-note:2372,sale:2372,44,MIG-JM-CRED-2372,MIG-JM-VENTA-2372,2026-06-17,2026-07-17,30,6510,6510,0,Venta origen: 2372 | Usuario origen: ALONDRA26 | Credito abonado origen: 6510 | Status origen: 1
credit-note:2373,sale:2373,2,MIG-JM-CRED-2373,MIG-JM-VENTA-2373,2026-06-17,2026-07-02,15,90,90,0,Venta origen: 2373 | Usuario origen: ALONDRA26 | Credito abonado origen: 90 | Status origen: 1
credit-note:2374,sale:2374,2,MIG-JM-CRED-2374,MIG-JM-VENTA-2374,2026-06-17,2026-07-02,15,900,900,0,Venta origen: 2374 | Usuario origen: ALONDRA26 | Credito abonado origen: 900 | Status origen: 1
credit-note:2375,sale:2375,2,MIG-JM-CRED-2375,MIG-JM-VENTA-2375,2026-06-17,2026-07-02,15,231,231,0,Venta origen: 2375 | Usuario origen: ALONDRA26 | Credito abonado origen: 231 | Status origen: 1
credit-note:2376,sale:2376,53,MIG-JM-CRED-2376,MIG-JM-VENTA-2376,2026-06-17,2026-07-17,30,8200,8200,0,Venta origen: 2376 | Usuario origen: ALONDRA26 | Credito abonado origen: 8200 | Status origen: 1
credit-note:2377,sale:2377,53,MIG-JM-CRED-2377,MIG-JM-VENTA-2377,2026-06-17,2026-07-17,30,13617.5,13617.5,0,Venta origen: 2377 | Usuario origen: ALONDRA26 | Credito abonado origen: 13617.5 | Status origen: 1
credit-note:2378,sale:2378,95,MIG-JM-CRED-2378,MIG-JM-VENTA-2378,2026-06-17,2026-07-02,15,2670,2670,0,Venta origen: 2378 | Usuario origen: ALONDRA26 | Credito abonado origen: 2670 | Status origen: 1
credit-note:2379,sale:2379,2,MIG-JM-CRED-2379,MIG-JM-VENTA-2379,2026-06-17,2026-07-02,15,9,9,0,Venta origen: 2379 | Usuario origen: ALONDRA26 | Credito abonado origen: 9 | Status origen: 1
credit-note:2380,sale:2380,2,MIG-JM-CRED-2380,MIG-JM-VENTA-2380,2026-06-17,2026-07-02,15,46,46,0,Venta origen: 2380 | Usuario origen: ALONDRA26 | Credito abonado origen: 46 | Status origen: 1
credit-note:2381,sale:2381,109,MIG-JM-CRED-2381,MIG-JM-VENTA-2381,2026-06-17,2026-06-17,1,1716,1716,0,Venta origen: 2381 | Usuario origen: ALONDRA26 | Credito abonado origen: 1716 | Status origen: 1
credit-note:2382,sale:2382,53,MIG-JM-CRED-2382,MIG-JM-VENTA-2382,2026-06-17,2026-07-17,30,5395,0,5395,Venta origen: 2382 | Usuario origen: ALONDRA26 | Credito abonado origen: 0 | Status origen: 1
credit-note:2383,sale:2383,53,MIG-JM-CRED-2383,MIG-JM-VENTA-2383,2026-06-17,2026-07-17,30,2500,0,2500,Venta origen: 2383 | Usuario origen: ALONDRA26 | Credito abonado origen: 0 | Status origen: 1
credit-note:2384,sale:2384,110,MIG-JM-CRED-2384,MIG-JM-VENTA-2384,2026-06-17,2026-06-17,1,4300,4300,0,Venta origen: 2384 | Usuario origen: ALONDRA26 | Credito abonado origen: 4300 | Status origen: 1
credit-note:2385,sale:2385,60,MIG-JM-CRED-2385,MIG-JM-VENTA-2385,2026-06-17,2026-07-17,30,22240,22240,0,Venta origen: 2385 | Usuario origen: ALONDRA26 | Credito abonado origen: 22240 | Status origen: 1
credit-note:2386,sale:2386,73,MIG-JM-CRED-2386,MIG-JM-VENTA-2386,2026-06-18,2026-07-18,30,11400,11400,0,Venta origen: 2386 | Usuario origen: ALONDRA26 | Credito abonado origen: 11400 | Status origen: 1
credit-note:2387,sale:2387,2,MIG-JM-CRED-2387,MIG-JM-VENTA-2387,2026-06-18,2026-07-03,15,178,178,0,Venta origen: 2387 | Usuario origen: ALONDRA26 | Credito abonado origen: 178 | Status origen: 1
credit-note:2388,sale:2388,104,MIG-JM-CRED-2388,MIG-JM-VENTA-2388,2026-06-18,2026-07-18,30,10860,10860,0,Venta origen: 2388 | Usuario origen: ALONDRA26 | Credito abonado origen: 10860 | Status origen: 1
credit-note:2389,sale:2389,102,MIG-JM-CRED-2389,MIG-JM-VENTA-2389,2026-06-18,2026-07-18,30,24024,24024,0,Venta origen: 2389 | Usuario origen: ALONDRA26 | Credito abonado origen: 24024 | Status origen: 1
credit-note:2390,sale:2390,74,MIG-JM-CRED-2390,MIG-JM-VENTA-2390,2026-06-18,2026-07-18,30,8700,8700,0,Venta origen: 2390 | Usuario origen: ALONDRA26 | Credito abonado origen: 8700 | Status origen: 1
credit-note:2391,sale:2391,5,MIG-JM-CRED-2391,MIG-JM-VENTA-2391,2026-06-18,2026-07-03,15,1660,0,1660,Venta origen: 2391 | Usuario origen: ALONDRA26 | Credito abonado origen: 0 | Status origen: 1
credit-note:2392,sale:2392,7,MIG-JM-CRED-2392,MIG-JM-VENTA-2392,2026-06-18,2026-07-18,30,18,0,18,Venta origen: 2392 | Usuario origen: ALONDRA26 | Credito abonado origen: 0 | Status origen: 1
credit-note:2393,sale:2393,79,MIG-JM-CRED-2393,MIG-JM-VENTA-2393,2026-06-18,2026-07-18,30,2100,2100,0,Venta origen: 2393 | Usuario origen: ALONDRA26 | Credito abonado origen: 2100 | Status origen: 1
credit-note:2394,sale:2394,53,MIG-JM-CRED-2394,MIG-JM-VENTA-2394,2026-06-18,2026-07-18,30,4900,0,4900,Venta origen: 2394 | Usuario origen: ALONDRA26 | Credito abonado origen: 0 | Status origen: 1
credit-note:2395,sale:2395,96,MIG-JM-CRED-2395,MIG-JM-VENTA-2395,2026-06-18,2026-07-18,30,3460,3460,0,Venta origen: 2395 | Usuario origen: ALONDRA26 | Credito abonado origen: 3460 | Status origen: 1
credit-note:2396,sale:2396,85,MIG-JM-CRED-2396,MIG-JM-VENTA-2396,2026-06-18,2026-07-18,30,2378,2378,0,Venta origen: 2396 | Usuario origen: ALONDRA26 | Credito abonado origen: 2378 | Status origen: 1
credit-note:2397,sale:2397,87,MIG-JM-CRED-2397,MIG-JM-VENTA-2397,2026-06-19,2026-07-19,30,1350,1350,0,Venta origen: 2397 | Usuario origen: ALONDRA26 | Credito abonado origen: 1350 | Status origen: 1
credit-note:2398,sale:2398,56,MIG-JM-CRED-2398,MIG-JM-VENTA-2398,2026-06-19,2026-07-19,30,4750,4750,0,Venta origen: 2398 | Usuario origen: ALONDRA26 | Credito abonado origen: 4750 | Status origen: 1
credit-note:2399,sale:2399,104,MIG-JM-CRED-2399,MIG-JM-VENTA-2399,2026-06-19,2026-07-19,30,4800,4800,0,Venta origen: 2399 | Usuario origen: ALONDRA26 | Credito abonado origen: 4800 | Status origen: 1
credit-note:2400,sale:2400,53,MIG-JM-CRED-2400,MIG-JM-VENTA-2400,2026-06-19,2026-07-19,30,3600,0,3600,Venta origen: 2400 | Usuario origen: ALONDRA26 | Credito abonado origen: 0 | Status origen: 1
credit-note:2401,sale:2401,12,MIG-JM-CRED-2401,MIG-JM-VENTA-2401,2026-06-19,2026-07-19,30,960,0,960,Venta origen: 2401 | Usuario origen: ALONDRA26 | Credito abonado origen: 0 | Status origen: 1
credit-note:2402,sale:2402,12,MIG-JM-CRED-2402,MIG-JM-VENTA-2402,2026-06-19,2026-07-19,30,960,0,960,Venta origen: 2402 | Usuario origen: ALONDRA26 | Credito abonado origen: 0 | Status origen: 1
credit-note:2403,sale:2403,7,MIG-JM-CRED-2403,MIG-JM-VENTA-2403,2026-06-19,2026-07-19,30,216,0,216,Venta origen: 2403 | Usuario origen: ALONDRA26 | Credito abonado origen: 0 | Status origen: 1
credit-note:2404,sale:2404,104,MIG-JM-CRED-2404,MIG-JM-VENTA-2404,2026-06-19,2026-07-19,30,3150,3150,0,Venta origen: 2404 | Usuario origen: ALONDRA26 | Credito abonado origen: 3150 | Status origen: 1
credit-note:2405,sale:2405,71,MIG-JM-CRED-2405,MIG-JM-VENTA-2405,2026-06-19,2026-06-19,1,12600,12600,0,Venta origen: 2405 | Usuario origen: ALONDRA26 | Credito abonado origen: 12600 | Status origen: 1
credit-note:2406,sale:2406,5,MIG-JM-CRED-2406,MIG-JM-VENTA-2406,2026-06-19,2026-07-04,15,3550,3550,0,Venta origen: 2406 | Usuario origen: ALONDRA26 | Credito abonado origen: 3550 | Status origen: 1
credit-note:2407,sale:2407,5,MIG-JM-CRED-2407,MIG-JM-VENTA-2407,2026-06-19,2026-07-04,15,330,330,0,Venta origen: 2407 | Usuario origen: ALONDRA26 | Credito abonado origen: 330 | Status origen: 1
credit-note:2408,sale:2408,2,MIG-JM-CRED-2408,MIG-JM-VENTA-2408,2026-06-19,2026-06-19,1,2775,2775,0,Venta origen: 2408 | Usuario origen: ALONDRA26 | Credito abonado origen: 2775 | Status origen: 1
credit-note:2409,sale:2409,2,MIG-JM-CRED-2409,MIG-JM-VENTA-2409,2026-06-19,2026-06-19,1,22,22,0,Venta origen: 2409 | Usuario origen: ALONDRA26 | Credito abonado origen: 22 | Status origen: 1
credit-note:2410,sale:2410,2,MIG-JM-CRED-2410,MIG-JM-VENTA-2410,2026-06-19,2026-07-04,15,240,240,0,Venta origen: 2410 | Usuario origen: ALONDRA26 | Credito abonado origen: 240 | Status origen: 1
credit-note:2411,sale:2411,2,MIG-JM-CRED-2411,MIG-JM-VENTA-2411,2026-06-19,2026-07-04,15,19,19,0,Venta origen: 2411 | Usuario origen: ALONDRA26 | Credito abonado origen: 19 | Status origen: 1
credit-note:2412,sale:2412,85,MIG-JM-CRED-2412,MIG-JM-VENTA-2412,2026-06-20,2026-07-20,30,1200,1200,0,Venta origen: 2412 | Usuario origen: GRISELDA2026 | Credito abonado origen: 1200 | Status origen: 1
credit-note:2413,sale:2413,5,MIG-JM-CRED-2413,MIG-JM-VENTA-2413,2026-06-20,2026-07-05,15,120,0,120,Venta origen: 2413 | Usuario origen: GRISELDA2026 | Credito abonado origen: 0 | Status origen: 0
credit-note:2414,sale:2414,7,MIG-JM-CRED-2414,MIG-JM-VENTA-2414,2026-06-20,2026-07-20,30,2070,0,2070,Venta origen: 2414 | Usuario origen: GRISELDA2026 | Credito abonado origen: 0 | Status origen: 1
credit-note:2415,sale:2415,2,MIG-JM-CRED-2415,MIG-JM-VENTA-2415,2026-06-20,2026-07-05,15,116,116,0,Venta origen: 2415 | Usuario origen: GRISELDA2026 | Credito abonado origen: 116 | Status origen: 1
credit-note:2416,sale:2416,2,MIG-JM-CRED-2416,MIG-JM-VENTA-2416,2026-06-20,2026-07-05,15,120,120,0,Venta origen: 2416 | Usuario origen: GRISELDA2026 | Credito abonado origen: 120 | Status origen: 1
credit-note:2417,sale:2417,91,MIG-JM-CRED-2417,MIG-JM-VENTA-2417,2026-06-20,2026-07-20,30,1663,1663,0,Venta origen: 2417 | Usuario origen: GRISELDA2026 | Credito abonado origen: 1663 | Status origen: 1
credit-note:2418,sale:2418,53,MIG-JM-CRED-2418,MIG-JM-VENTA-2418,2026-06-22,2026-07-22,30,1800,0,1800,Venta origen: 2418 | Usuario origen: ALONDRA26 | Credito abonado origen: 0 | Status origen: 1
credit-note:2419,sale:2419,85,MIG-JM-CRED-2419,MIG-JM-VENTA-2419,2026-06-22,2026-07-22,30,450,450,0,Venta origen: 2419 | Usuario origen: ALONDRA26 | Credito abonado origen: 450 | Status origen: 1
credit-note:2420,sale:2420,85,MIG-JM-CRED-2420,MIG-JM-VENTA-2420,2026-06-22,2026-07-22,30,28,28,0,Venta origen: 2420 | Usuario origen: ALONDRA26 | Credito abonado origen: 28 | Status origen: 1
credit-note:2421,sale:2421,20,MIG-JM-CRED-2421,MIG-JM-VENTA-2421,2026-06-22,2026-07-22,30,22,0,22,Venta origen: 2421 | Usuario origen: ALONDRA26 | Credito abonado origen: 0 | Status origen: 1
credit-note:2422,sale:2422,2,MIG-JM-CRED-2422,MIG-JM-VENTA-2422,2026-06-22,2026-07-07,15,14,14,0,Venta origen: 2422 | Usuario origen: ALONDRA26 | Credito abonado origen: 14 | Status origen: 1
credit-note:2423,sale:2423,103,MIG-JM-CRED-2423,MIG-JM-VENTA-2423,2026-06-22,2026-07-22,30,5160,5160,0,Venta origen: 2423 | Usuario origen: ALONDRA26 | Credito abonado origen: 5160 | Status origen: 1
credit-note:2424,sale:2424,2,MIG-JM-CRED-2424,MIG-JM-VENTA-2424,2026-06-22,2026-06-22,1,1200,1200,0,Venta origen: 2424 | Usuario origen: ALONDRA26 | Credito abonado origen: 1200 | Status origen: 1
credit-note:2425,sale:2425,7,MIG-JM-CRED-2425,MIG-JM-VENTA-2425,2026-06-22,2026-07-22,30,401.5,0,401.5,Venta origen: 2425 | Usuario origen: ALONDRA26 | Credito abonado origen: 0 | Status origen: 1
credit-note:2426,sale:2426,102,MIG-JM-CRED-2426,MIG-JM-VENTA-2426,2026-06-22,2026-07-22,30,4000,4000,0,Venta origen: 2426 | Usuario origen: ALONDRA26 | Credito abonado origen: 4000 | Status origen: 1
credit-note:2427,sale:2427,19,MIG-JM-CRED-2427,MIG-JM-VENTA-2427,2026-06-22,2026-07-07,15,2803,2803,0,Venta origen: 2427 | Usuario origen: ALONDRA26 | Credito abonado origen: 2803 | Status origen: 1
credit-note:2428,sale:2428,7,MIG-JM-CRED-2428,MIG-JM-VENTA-2428,2026-06-22,2026-07-22,30,755,0,755,Venta origen: 2428 | Usuario origen: ALONDRA26 | Credito abonado origen: 0 | Status origen: 1
credit-note:2429,sale:2429,5,MIG-JM-CRED-2429,MIG-JM-VENTA-2429,2026-06-22,2026-07-07,15,3550,3550,0,Venta origen: 2429 | Usuario origen: ALONDRA26 | Credito abonado origen: 3550 | Status origen: 1
credit-note:2430,sale:2430,2,MIG-JM-CRED-2430,MIG-JM-VENTA-2430,2026-06-22,2026-07-07,15,1170,1170,0,Venta origen: 2430 | Usuario origen: ALONDRA26 | Credito abonado origen: 1170 | Status origen: 1
credit-note:2431,sale:2431,7,MIG-JM-CRED-2431,MIG-JM-VENTA-2431,2026-06-22,2026-07-22,30,2400,0,2400,Venta origen: 2431 | Usuario origen: ALONDRA26 | Credito abonado origen: 0 | Status origen: 1
credit-note:2432,sale:2432,2,MIG-JM-CRED-2432,MIG-JM-VENTA-2432,2026-06-22,2026-07-07,15,67,67,0,Venta origen: 2432 | Usuario origen: ALONDRA26 | Credito abonado origen: 67 | Status origen: 1
credit-note:2433,sale:2433,21,MIG-JM-CRED-2433,MIG-JM-VENTA-2433,2026-06-23,2026-07-08,15,420,420,0,Venta origen: 2433 | Usuario origen: ALONDRA26 | Credito abonado origen: 420 | Status origen: 1
credit-note:2434,sale:2434,85,MIG-JM-CRED-2434,MIG-JM-VENTA-2434,2026-06-23,2026-07-23,30,426,426,0,Venta origen: 2434 | Usuario origen: ALONDRA26 | Credito abonado origen: 426 | Status origen: 1
credit-note:2435,sale:2435,5,MIG-JM-CRED-2435,MIG-JM-VENTA-2435,2026-06-23,2026-07-08,15,3550,3550,0,Venta origen: 2435 | Usuario origen: ALONDRA26 | Credito abonado origen: 3550 | Status origen: 1
credit-note:2436,sale:2436,102,MIG-JM-CRED-2436,MIG-JM-VENTA-2436,2026-06-23,2026-07-23,30,24000,5611,18389,Venta origen: 2436 | Usuario origen: ALONDRA26 | Credito abonado origen: 5611 | Status origen: 1
credit-note:2437,sale:2437,104,MIG-JM-CRED-2437,MIG-JM-VENTA-2437,2026-06-23,2026-07-23,30,4800,4800,0,Venta origen: 2437 | Usuario origen: ALONDRA26 | Credito abonado origen: 4800 | Status origen: 1
credit-note:2438,sale:2438,35,MIG-JM-CRED-2438,MIG-JM-VENTA-2438,2026-06-23,2026-07-08,15,930,930,0,Venta origen: 2438 | Usuario origen: ALONDRA26 | Credito abonado origen: 930 | Status origen: 1
credit-note:2439,sale:2439,74,MIG-JM-CRED-2439,MIG-JM-VENTA-2439,2026-06-23,2026-07-23,30,8700,8700,0,Venta origen: 2439 | Usuario origen: ALONDRA26 | Credito abonado origen: 8700 | Status origen: 1
credit-note:2440,sale:2440,85,MIG-JM-CRED-2440,MIG-JM-VENTA-2440,2026-06-23,2026-07-23,30,3760,3760,0,Venta origen: 2440 | Usuario origen: ALONDRA26 | Credito abonado origen: 3760 | Status origen: 1
credit-note:2441,sale:2441,2,MIG-JM-CRED-2441,MIG-JM-VENTA-2441,2026-06-23,2026-07-08,15,23,23,0,Venta origen: 2441 | Usuario origen: ALONDRA26 | Credito abonado origen: 23 | Status origen: 1
credit-note:2442,sale:2442,56,MIG-JM-CRED-2442,MIG-JM-VENTA-2442,2026-06-23,2026-07-23,30,5725,5725,0,Venta origen: 2442 | Usuario origen: ALONDRA26 | Credito abonado origen: 5725 | Status origen: 1
credit-note:2443,sale:2443,2,MIG-JM-CRED-2443,MIG-JM-VENTA-2443,2026-06-23,2026-07-08,15,240,240,0,Venta origen: 2443 | Usuario origen: ALONDRA26 | Credito abonado origen: 240 | Status origen: 1
credit-note:2444,sale:2444,56,MIG-JM-CRED-2444,MIG-JM-VENTA-2444,2026-06-24,2026-07-24,30,1080,1080,0,Venta origen: 2444 | Usuario origen: ALONDRA26 | Credito abonado origen: 1080 | Status origen: 1
credit-note:2445,sale:2445,53,MIG-JM-CRED-2445,MIG-JM-VENTA-2445,2026-06-24,2026-07-24,30,11000,0,11000,Venta origen: 2445 | Usuario origen: ALONDRA26 | Credito abonado origen: 0 | Status origen: 1
credit-note:2446,sale:2446,53,MIG-JM-CRED-2446,MIG-JM-VENTA-2446,2026-06-24,2026-07-24,30,7915,7915,0,Venta origen: 2446 | Usuario origen: ALONDRA26 | Credito abonado origen: 7915 | Status origen: 1
credit-note:2447,sale:2447,53,MIG-JM-CRED-2447,MIG-JM-VENTA-2447,2026-06-24,2026-07-24,30,22640,0,22640,Venta origen: 2447 | Usuario origen: ALONDRA26 | Credito abonado origen: 0 | Status origen: 1
credit-note:2448,sale:2448,79,MIG-JM-CRED-2448,MIG-JM-VENTA-2448,2026-06-24,2026-07-24,30,3900,3900,0,Venta origen: 2448 | Usuario origen: ALONDRA26 | Credito abonado origen: 3900 | Status origen: 1
credit-note:2449,sale:2449,2,MIG-JM-CRED-2449,MIG-JM-VENTA-2449,2026-06-24,2026-07-09,15,900,900,0,Venta origen: 2449 | Usuario origen: ALONDRA26 | Credito abonado origen: 900 | Status origen: 1
credit-note:2450,sale:2450,75,MIG-JM-CRED-2450,MIG-JM-VENTA-2450,2026-06-24,2026-07-24,30,2400,0,2400,Venta origen: 2450 | Usuario origen: ALONDRA26 | Credito abonado origen: 0 | Status origen: 1
credit-note:2451,sale:2451,52,MIG-JM-CRED-2451,MIG-JM-VENTA-2451,2026-06-24,2026-07-24,30,2400,2400,0,Venta origen: 2451 | Usuario origen: ALONDRA26 | Credito abonado origen: 2400 | Status origen: 1
credit-note:2452,sale:2452,5,MIG-JM-CRED-2452,MIG-JM-VENTA-2452,2026-06-24,2026-07-09,15,3550,3550,0,Venta origen: 2452 | Usuario origen: ALONDRA26 | Credito abonado origen: 3550 | Status origen: 1
credit-note:2453,sale:2453,5,MIG-JM-CRED-2453,MIG-JM-VENTA-2453,2026-06-24,2026-07-09,15,3550,3550,0,Venta origen: 2453 | Usuario origen: ALONDRA26 | Credito abonado origen: 3550 | Status origen: 1
credit-note:2454,sale:2454,5,MIG-JM-CRED-2454,MIG-JM-VENTA-2454,2026-06-24,2026-07-09,15,3550,0,3550,Venta origen: 2454 | Usuario origen: ALONDRA26 | Credito abonado origen: 0 | Status origen: 0
credit-note:2455,sale:2455,2,MIG-JM-CRED-2455,MIG-JM-VENTA-2455,2026-06-24,2026-07-09,15,146,146,0,Venta origen: 2455 | Usuario origen: ALONDRA26 | Credito abonado origen: 146 | Status origen: 1
credit-note:2456,sale:2456,96,MIG-JM-CRED-2456,MIG-JM-VENTA-2456,2026-06-24,2026-07-24,30,530,530,0,Venta origen: 2456 | Usuario origen: ALONDRA26 | Credito abonado origen: 530 | Status origen: 1
credit-note:2457,sale:2457,96,MIG-JM-CRED-2457,MIG-JM-VENTA-2457,2026-06-24,2026-07-24,30,530,530,0,Venta origen: 2457 | Usuario origen: ALONDRA26 | Credito abonado origen: 530 | Status origen: 1
credit-note:2458,sale:2458,3,MIG-JM-CRED-2458,MIG-JM-VENTA-2458,2026-06-24,2026-07-09,15,3547.5,3547.5,0,Venta origen: 2458 | Usuario origen: ALONDRA26 | Credito abonado origen: 3547.5 | Status origen: 1
credit-note:2459,sale:2459,2,MIG-JM-CRED-2459,MIG-JM-VENTA-2459,2026-06-24,2026-07-09,15,21,21,0,Venta origen: 2459 | Usuario origen: ALONDRA26 | Credito abonado origen: 21 | Status origen: 1
credit-note:2460,sale:2460,2,MIG-JM-CRED-2460,MIG-JM-VENTA-2460,2026-06-24,2026-07-09,15,16,16,0,Venta origen: 2460 | Usuario origen: ALONDRA26 | Credito abonado origen: 16 | Status origen: 1
credit-note:2461,sale:2461,85,MIG-JM-CRED-2461,MIG-JM-VENTA-2461,2026-06-24,2026-07-24,30,144,144,0,Venta origen: 2461 | Usuario origen: ALONDRA26 | Credito abonado origen: 144 | Status origen: 1
credit-note:2462,sale:2462,97,MIG-JM-CRED-2462,MIG-JM-VENTA-2462,2026-06-25,2026-07-25,30,9600,9600,0,Venta origen: 2462 | Usuario origen: ALONDRA26 | Credito abonado origen: 9600 | Status origen: 1
credit-note:2463,sale:2463,2,MIG-JM-CRED-2463,MIG-JM-VENTA-2463,2026-06-25,2026-06-25,1,1380,1380,0,Venta origen: 2463 | Usuario origen: ALONDRA26 | Credito abonado origen: 1380 | Status origen: 1
credit-note:2464,sale:2464,85,MIG-JM-CRED-2464,MIG-JM-VENTA-2464,2026-06-25,2026-07-25,30,240,240,0,Venta origen: 2464 | Usuario origen: ALONDRA26 | Credito abonado origen: 240 | Status origen: 1
credit-note:2465,sale:2465,102,MIG-JM-CRED-2465,MIG-JM-VENTA-2465,2026-06-25,2026-07-25,30,8000,0,8000,Venta origen: 2465 | Usuario origen: ALONDRA26 | Credito abonado origen: 0 | Status origen: 1
credit-note:2466,sale:2466,46,MIG-JM-CRED-2466,MIG-JM-VENTA-2466,2026-06-25,2026-07-25,30,2900,2900,0,Venta origen: 2466 | Usuario origen: ALONDRA26 | Credito abonado origen: 2900 | Status origen: 1
credit-note:2467,sale:2467,114,MIG-JM-CRED-2467,MIG-JM-VENTA-2467,2026-06-25,2026-07-25,30,19994.5,19994.5,0,Venta origen: 2467 | Usuario origen: ALONDRA26 | Credito abonado origen: 19994.5 | Status origen: 1
credit-note:2468,sale:2468,5,MIG-JM-CRED-2468,MIG-JM-VENTA-2468,2026-06-25,2026-07-10,15,3550,3550,0,Venta origen: 2468 | Usuario origen: ALONDRA26 | Credito abonado origen: 3550 | Status origen: 1
credit-note:2469,sale:2469,74,MIG-JM-CRED-2469,MIG-JM-VENTA-2469,2026-06-25,2026-07-25,30,8700,8700,0,Venta origen: 2469 | Usuario origen: ALONDRA26 | Credito abonado origen: 8700 | Status origen: 1
credit-note:2470,sale:2470,114,MIG-JM-CRED-2470,MIG-JM-VENTA-2470,2026-06-25,2026-07-25,30,8700,8700,0,Venta origen: 2470 | Usuario origen: ALONDRA26 | Credito abonado origen: 8700 | Status origen: 1
credit-note:2471,sale:2471,3,MIG-JM-CRED-2471,MIG-JM-VENTA-2471,2026-06-25,2026-07-10,15,100,100,0,Venta origen: 2471 | Usuario origen: ALONDRA26 | Credito abonado origen: 100 | Status origen: 1
credit-note:2472,sale:2472,46,MIG-JM-CRED-2472,MIG-JM-VENTA-2472,2026-06-26,2026-07-26,30,170,170,0,Venta origen: 2472 | Usuario origen: ALONDRA26 | Credito abonado origen: 170 | Status origen: 1
credit-note:2473,sale:2473,56,MIG-JM-CRED-2473,MIG-JM-VENTA-2473,2026-06-26,2026-07-26,30,6500,6500,0,Venta origen: 2473 | Usuario origen: ALONDRA26 | Credito abonado origen: 6500 | Status origen: 1
credit-note:2474,sale:2474,74,MIG-JM-CRED-2474,MIG-JM-VENTA-2474,2026-06-26,2026-07-26,30,8700,8700,0,Venta origen: 2474 | Usuario origen: ALONDRA26 | Credito abonado origen: 8700 | Status origen: 1
credit-note:2475,sale:2475,7,MIG-JM-CRED-2475,MIG-JM-VENTA-2475,2026-06-26,2026-07-26,30,1050,0,1050,Venta origen: 2475 | Usuario origen: ALONDRA26 | Credito abonado origen: 0 | Status origen: 1
credit-note:2476,sale:2476,2,MIG-JM-CRED-2476,MIG-JM-VENTA-2476,2026-06-26,2026-07-11,15,18,18,0,Venta origen: 2476 | Usuario origen: ALONDRA26 | Credito abonado origen: 18 | Status origen: 1
credit-note:2477,sale:2477,102,MIG-JM-CRED-2477,MIG-JM-VENTA-2477,2026-06-26,2026-07-26,30,18040,0,18040,Venta origen: 2477 | Usuario origen: ALONDRA26 | Credito abonado origen: 0 | Status origen: 1
credit-note:2478,sale:2478,109,MIG-JM-CRED-2478,MIG-JM-VENTA-2478,2026-06-26,2026-06-26,1,4200,4200,0,Venta origen: 2478 | Usuario origen: ALONDRA26 | Credito abonado origen: 4200 | Status origen: 1
credit-note:2479,sale:2479,109,MIG-JM-CRED-2479,MIG-JM-VENTA-2479,2026-06-26,2026-06-26,1,660,660,0,Venta origen: 2479 | Usuario origen: ALONDRA26 | Credito abonado origen: 660 | Status origen: 1
credit-note:2480,sale:2480,85,MIG-JM-CRED-2480,MIG-JM-VENTA-2480,2026-06-26,2026-07-26,30,47,47,0,Venta origen: 2480 | Usuario origen: ALONDRA26 | Credito abonado origen: 47 | Status origen: 1
credit-note:2481,sale:2481,5,MIG-JM-CRED-2481,MIG-JM-VENTA-2481,2026-06-26,2026-07-11,15,3550,3550,0,Venta origen: 2481 | Usuario origen: ALONDRA26 | Credito abonado origen: 3550 | Status origen: 1
credit-note:2482,sale:2482,2,MIG-JM-CRED-2482,MIG-JM-VENTA-2482,2026-06-26,2026-07-11,15,23,23,0,Venta origen: 2482 | Usuario origen: ALONDRA26 | Credito abonado origen: 23 | Status origen: 1
credit-note:2483,sale:2483,71,MIG-JM-CRED-2483,MIG-JM-VENTA-2483,2026-06-26,2026-06-26,1,8400,8400,0,Venta origen: 2483 | Usuario origen: ALONDRA26 | Credito abonado origen: 8400 | Status origen: 1
credit-note:2484,sale:2484,12,MIG-JM-CRED-2484,MIG-JM-VENTA-2484,2026-06-27,2026-07-27,30,900,0,900,Venta origen: 2484 | Usuario origen: GRISELDA2026 | Credito abonado origen: 0 | Status origen: 1
credit-note:2485,sale:2485,2,MIG-JM-CRED-2485,MIG-JM-VENTA-2485,2026-06-27,2026-07-12,15,825,825,0,Venta origen: 2485 | Usuario origen: GRISELDA2026 | Credito abonado origen: 825 | Status origen: 1
credit-note:2486,sale:2486,74,MIG-JM-CRED-2486,MIG-JM-VENTA-2486,2026-06-29,2026-07-29,30,8700,8700,0,Venta origen: 2486 | Usuario origen: ALONDRA26 | Credito abonado origen: 8700 | Status origen: 1
credit-note:2487,sale:2487,7,MIG-JM-CRED-2487,MIG-JM-VENTA-2487,2026-06-29,2026-07-29,30,7100,7100,0,Venta origen: 2487 | Usuario origen: ALONDRA26 | Credito abonado origen: 7100 | Status origen: 1
credit-note:2488,sale:2488,71,MIG-JM-CRED-2488,MIG-JM-VENTA-2488,2026-06-29,2026-06-29,1,12600,12600,0,Venta origen: 2488 | Usuario origen: ALONDRA26 | Credito abonado origen: 12600 | Status origen: 1
credit-note:2489,sale:2489,19,MIG-JM-CRED-2489,MIG-JM-VENTA-2489,2026-06-29,2026-07-14,15,2335,2335,0,Venta origen: 2489 | Usuario origen: ALONDRA26 | Credito abonado origen: 2335 | Status origen: 1
credit-note:2490,sale:2490,5,MIG-JM-CRED-2490,MIG-JM-VENTA-2490,2026-06-29,2026-07-14,15,4500,4500,0,Venta origen: 2490 | Usuario origen: ALONDRA26 | Credito abonado origen: 4500 | Status origen: 1
credit-note:2491,sale:2491,5,MIG-JM-CRED-2491,MIG-JM-VENTA-2491,2026-06-30,2026-07-15,15,7100,7100,0,Venta origen: 2491 | Usuario origen: ALONDRA26 | Credito abonado origen: 7100 | Status origen: 1
credit-note:2492,sale:2492,87,MIG-JM-CRED-2492,MIG-JM-VENTA-2492,2026-06-30,2026-07-30,30,6600,0,6600,Venta origen: 2492 | Usuario origen: ALONDRA26 | Credito abonado origen: 0 | Status origen: 0
credit-note:2493,sale:2493,87,MIG-JM-CRED-2493,MIG-JM-VENTA-2493,2026-06-30,2026-07-30,30,3700,0,3700,Venta origen: 2493 | Usuario origen: ALONDRA26 | Credito abonado origen: 0 | Status origen: 0
credit-note:2494,sale:2494,87,MIG-JM-CRED-2494,MIG-JM-VENTA-2494,2026-06-30,2026-07-30,30,4200,4200,0,Venta origen: 2494 | Usuario origen: ALONDRA26 | Credito abonado origen: 4200 | Status origen: 1
credit-note:2495,sale:2495,102,MIG-JM-CRED-2495,MIG-JM-VENTA-2495,2026-06-30,2026-07-30,30,24000,0,24000,Venta origen: 2495 | Usuario origen: ALONDRA26 | Credito abonado origen: 0 | Status origen: 1
credit-note:2496,sale:2496,87,MIG-JM-CRED-2496,MIG-JM-VENTA-2496,2026-06-30,2026-07-30,30,3700,3700,0,Venta origen: 2496 | Usuario origen: ALONDRA26 | Credito abonado origen: 3700 | Status origen: 1
credit-note:2497,sale:2497,96,MIG-JM-CRED-2497,MIG-JM-VENTA-2497,2026-06-30,2026-07-30,30,4200,4200,0,Venta origen: 2497 | Usuario origen: ALONDRA26 | Credito abonado origen: 4200 | Status origen: 1
credit-note:2498,sale:2498,2,MIG-JM-CRED-2498,MIG-JM-VENTA-2498,2026-07-01,2026-07-16,15,2880,2880,0,Venta origen: 2498 | Usuario origen: ALONDRA26 | Credito abonado origen: 2880 | Status origen: 1
credit-note:2499,sale:2499,2,MIG-JM-CRED-2499,MIG-JM-VENTA-2499,2026-07-01,2026-07-16,15,300,300,0,Venta origen: 2499 | Usuario origen: ALONDRA26 | Credito abonado origen: 300 | Status origen: 1
credit-note:2500,sale:2500,103,MIG-JM-CRED-2500,MIG-JM-VENTA-2500,2026-07-01,2026-07-31,30,4500,4500,0,Venta origen: 2500 | Usuario origen: ALONDRA26 | Credito abonado origen: 4500 | Status origen: 1
credit-note:2501,sale:2501,74,MIG-JM-CRED-2501,MIG-JM-VENTA-2501,2026-07-01,2026-07-31,30,8700,0,8700,Venta origen: 2501 | Usuario origen: ALONDRA26 | Credito abonado origen: 0 | Status origen: 1
credit-note:2502,sale:2502,7,MIG-JM-CRED-2502,MIG-JM-VENTA-2502,2026-07-01,2026-07-31,30,1950,0,1950,Venta origen: 2502 | Usuario origen: ALONDRA26 | Credito abonado origen: 0 | Status origen: 1
credit-note:2503,sale:2503,91,MIG-JM-CRED-2503,MIG-JM-VENTA-2503,2026-07-01,2026-07-31,30,1200,1200,0,Venta origen: 2503 | Usuario origen: ALONDRA26 | Credito abonado origen: 1200 | Status origen: 1
credit-note:2504,sale:2504,53,MIG-JM-CRED-2504,MIG-JM-VENTA-2504,2026-07-02,2026-08-01,30,2300,0,2300,Venta origen: 2504 | Usuario origen: ALONDRA26 | Credito abonado origen: 0 | Status origen: 1
credit-note:2505,sale:2505,53,MIG-JM-CRED-2505,MIG-JM-VENTA-2505,2026-07-02,2026-08-01,30,10850,0,10850,Venta origen: 2505 | Usuario origen: ALONDRA26 | Credito abonado origen: 0 | Status origen: 1
credit-note:2506,sale:2506,53,MIG-JM-CRED-2506,MIG-JM-VENTA-2506,2026-07-02,2026-08-01,30,2500,0,2500,Venta origen: 2506 | Usuario origen: ALONDRA26 | Credito abonado origen: 0 | Status origen: 1
credit-note:2507,sale:2507,5,MIG-JM-CRED-2507,MIG-JM-VENTA-2507,2026-07-02,2026-07-17,15,8050,8050,0,Venta origen: 2507 | Usuario origen: ALONDRA26 | Credito abonado origen: 8050 | Status origen: 0
credit-note:2508,sale:2508,53,MIG-JM-CRED-2508,MIG-JM-VENTA-2508,2026-07-02,2026-08-01,30,7200,0,7200,Venta origen: 2508 | Usuario origen: ALONDRA26 | Credito abonado origen: 0 | Status origen: 1
credit-note:2509,sale:2509,2,MIG-JM-CRED-2509,MIG-JM-VENTA-2509,2026-07-02,2026-07-17,15,180,180,0,Venta origen: 2509 | Usuario origen: ALONDRA26 | Credito abonado origen: 180 | Status origen: 1
credit-note:2510,sale:2510,5,MIG-JM-CRED-2510,MIG-JM-VENTA-2510,2026-07-02,2026-07-17,15,1850,1850,0,Venta origen: 2510 | Usuario origen: ALONDRA26 | Credito abonado origen: 1850 | Status origen: 1
credit-note:2511,sale:2511,74,MIG-JM-CRED-2511,MIG-JM-VENTA-2511,2026-07-02,2026-08-01,30,15500,0,15500,Venta origen: 2511 | Usuario origen: ALONDRA26 | Credito abonado origen: 0 | Status origen: 1
credit-note:2512,sale:2512,114,MIG-JM-CRED-2512,MIG-JM-VENTA-2512,2026-07-02,2026-08-01,30,15356.5,15356.5,0,Venta origen: 2512 | Usuario origen: ALONDRA26 | Credito abonado origen: 15356.5 | Status origen: 1
credit-note:2513,sale:2513,85,MIG-JM-CRED-2513,MIG-JM-VENTA-2513,2026-07-02,2026-08-01,30,306,306,0,Venta origen: 2513 | Usuario origen: ALONDRA26 | Credito abonado origen: 306 | Status origen: 1
credit-note:2514,sale:2514,74,MIG-JM-CRED-2514,MIG-JM-VENTA-2514,2026-07-02,2026-08-01,30,8700,0,8700,Venta origen: 2514 | Usuario origen: ALONDRA26 | Credito abonado origen: 0 | Status origen: 1
credit-note:2515,sale:2515,5,MIG-JM-CRED-2515,MIG-JM-VENTA-2515,2026-07-02,2026-07-17,15,8050,8050,0,Venta origen: 2515 | Usuario origen: ALONDRA26 | Credito abonado origen: 8050 | Status origen: 1
credit-note:2516,sale:2516,56,MIG-JM-CRED-2516,MIG-JM-VENTA-2516,2026-07-03,2026-08-02,30,4650,4650,0,Venta origen: 2516 | Usuario origen: ALONDRA26 | Credito abonado origen: 4650 | Status origen: 1
credit-note:2517,sale:2517,2,MIG-JM-CRED-2517,MIG-JM-VENTA-2517,2026-07-03,2026-07-18,15,34,34,0,Venta origen: 2517 | Usuario origen: ALONDRA26 | Credito abonado origen: 34 | Status origen: 1
credit-note:2518,sale:2518,2,MIG-JM-CRED-2518,MIG-JM-VENTA-2518,2026-07-03,2026-07-18,15,360,360,0,Venta origen: 2518 | Usuario origen: ALONDRA26 | Credito abonado origen: 360 | Status origen: 1
credit-note:2519,sale:2519,2,MIG-JM-CRED-2519,MIG-JM-VENTA-2519,2026-07-03,2026-07-18,15,840,840,0,Venta origen: 2519 | Usuario origen: ALONDRA26 | Credito abonado origen: 840 | Status origen: 1
credit-note:2520,sale:2520,2,MIG-JM-CRED-2520,MIG-JM-VENTA-2520,2026-07-03,2026-07-18,15,600,600,0,Venta origen: 2520 | Usuario origen: ALONDRA26 | Credito abonado origen: 600 | Status origen: 1
credit-note:2521,sale:2521,74,MIG-JM-CRED-2521,MIG-JM-VENTA-2521,2026-07-03,2026-08-02,30,8700,0,8700,Venta origen: 2521 | Usuario origen: ALONDRA26 | Credito abonado origen: 0 | Status origen: 1
credit-note:2522,sale:2522,109,MIG-JM-CRED-2522,MIG-JM-VENTA-2522,2026-07-03,2026-07-03,1,780,780,0,Venta origen: 2522 | Usuario origen: ALONDRA26 | Credito abonado origen: 780 | Status origen: 1
credit-note:2523,sale:2523,2,MIG-JM-CRED-2523,MIG-JM-VENTA-2523,2026-07-03,2026-07-18,15,530,530,0,Venta origen: 2523 | Usuario origen: ALONDRA26 | Credito abonado origen: 530 | Status origen: 1
credit-note:2524,sale:2524,2,MIG-JM-CRED-2524,MIG-JM-VENTA-2524,2026-07-03,2026-07-18,15,118,118,0,Venta origen: 2524 | Usuario origen: ALONDRA26 | Credito abonado origen: 118 | Status origen: 1
credit-note:2525,sale:2525,20,MIG-JM-CRED-2525,MIG-JM-VENTA-2525,2026-07-03,2026-08-02,30,19,0,19,Venta origen: 2525 | Usuario origen: ALONDRA26 | Credito abonado origen: 0 | Status origen: 1
credit-note:2526,sale:2526,91,MIG-JM-CRED-2526,MIG-JM-VENTA-2526,2026-07-03,2026-08-02,30,3780,3780,0,Venta origen: 2526 | Usuario origen: ALONDRA26 | Credito abonado origen: 3780 | Status origen: 1
credit-note:2527,sale:2527,91,MIG-JM-CRED-2527,MIG-JM-VENTA-2527,2026-07-03,2026-08-02,30,2550,2550,0,Venta origen: 2527 | Usuario origen: ALONDRA26 | Credito abonado origen: 2550 | Status origen: 1
credit-note:2528,sale:2528,5,MIG-JM-CRED-2528,MIG-JM-VENTA-2528,2026-07-04,2026-07-19,15,10550,10550,0,Venta origen: 2528 | Usuario origen: GRISELDA2026 | Credito abonado origen: 10550 | Status origen: 1
credit-note:2529,sale:2529,19,MIG-JM-CRED-2529,MIG-JM-VENTA-2529,2026-07-04,2026-07-19,15,6000,6000,0,Venta origen: 2529 | Usuario origen: GRISELDA2026 | Credito abonado origen: 6000 | Status origen: 1
credit-note:2530,sale:2530,102,MIG-JM-CRED-2530,MIG-JM-VENTA-2530,2026-07-04,2026-08-03,30,12072,0,12072,Venta origen: 2530 | Usuario origen: GRISELDA2026 | Credito abonado origen: 0 | Status origen: 1
credit-note:2531,sale:2531,85,MIG-JM-CRED-2531,MIG-JM-VENTA-2531,2026-07-04,2026-08-03,30,58,58,0,Venta origen: 2531 | Usuario origen: GRISELDA2026 | Credito abonado origen: 58 | Status origen: 1
credit-note:2532,sale:2532,74,MIG-JM-CRED-2532,MIG-JM-VENTA-2532,2026-07-06,2026-08-05,30,8700,0,8700,Venta origen: 2532 | Usuario origen: ALONDRA26 | Credito abonado origen: 0 | Status origen: 1
credit-note:2533,sale:2533,2,MIG-JM-CRED-2533,MIG-JM-VENTA-2533,2026-07-06,2026-07-21,15,480,480,0,Venta origen: 2533 | Usuario origen: ALONDRA26 | Credito abonado origen: 480 | Status origen: 1
credit-note:2534,sale:2534,52,MIG-JM-CRED-2534,MIG-JM-VENTA-2534,2026-07-06,2026-08-05,30,1200,1200,0,Venta origen: 2534 | Usuario origen: ALONDRA26 | Credito abonado origen: 1200 | Status origen: 1
credit-note:2535,sale:2535,2,MIG-JM-CRED-2535,MIG-JM-VENTA-2535,2026-07-06,2026-07-21,15,3936,3936,0,Venta origen: 2535 | Usuario origen: ALONDRA26 | Credito abonado origen: 3936 | Status origen: 1
credit-note:2536,sale:2536,85,MIG-JM-CRED-2536,MIG-JM-VENTA-2536,2026-07-06,2026-08-05,30,56,56,0,Venta origen: 2536 | Usuario origen: ALONDRA26 | Credito abonado origen: 56 | Status origen: 1
credit-note:2537,sale:2537,60,MIG-JM-CRED-2537,MIG-JM-VENTA-2537,2026-07-06,2026-07-21,15,16680,16680,0,Venta origen: 2537 | Usuario origen: ALONDRA26 | Credito abonado origen: 16680 | Status origen: 1
credit-note:2538,sale:2538,7,MIG-JM-CRED-2538,MIG-JM-VENTA-2538,2026-07-06,2026-08-05,30,4950,0,4950,Venta origen: 2538 | Usuario origen: ALONDRA26 | Credito abonado origen: 0 | Status origen: 1
credit-note:2539,sale:2539,5,MIG-JM-CRED-2539,MIG-JM-VENTA-2539,2026-07-06,2026-07-21,15,3550,3550,0,Venta origen: 2539 | Usuario origen: ALONDRA26 | Credito abonado origen: 3550 | Status origen: 1
credit-note:2540,sale:2540,71,MIG-JM-CRED-2540,MIG-JM-VENTA-2540,2026-07-06,2026-07-06,1,4800,4800,0,Venta origen: 2540 | Usuario origen: ALONDRA26 | Credito abonado origen: 4800 | Status origen: 1
credit-note:2541,sale:2541,85,MIG-JM-CRED-2541,MIG-JM-VENTA-2541,2026-07-06,2026-08-05,30,1200,1200,0,Venta origen: 2541 | Usuario origen: ALONDRA26 | Credito abonado origen: 1200 | Status origen: 1
credit-note:2542,sale:2542,102,MIG-JM-CRED-2542,MIG-JM-VENTA-2542,2026-07-07,2026-08-06,30,205579.13,0,205579.13,Venta origen: 2542 | Usuario origen: ALONDRA26 | Credito abonado origen: 0 | Status origen: 0
credit-note:2543,sale:2543,66,MIG-JM-CRED-2543,MIG-JM-VENTA-2543,2026-07-07,2026-07-22,15,2400,2400,0,Venta origen: 2543 | Usuario origen: ALONDRA26 | Credito abonado origen: 2400 | Status origen: 1
credit-note:2544,sale:2544,109,MIG-JM-CRED-2544,MIG-JM-VENTA-2544,2026-07-07,2026-07-07,1,2145,2145,0,Venta origen: 2544 | Usuario origen: ALONDRA26 | Credito abonado origen: 2145 | Status origen: 1
credit-note:2545,sale:2545,79,MIG-JM-CRED-2545,MIG-JM-VENTA-2545,2026-07-07,2026-08-06,30,2400,2400,0,Venta origen: 2545 | Usuario origen: ALONDRA26 | Credito abonado origen: 2400 | Status origen: 1
credit-note:2546,sale:2546,79,MIG-JM-CRED-2546,MIG-JM-VENTA-2546,2026-07-07,2026-08-06,30,7480,7480,0,Venta origen: 2546 | Usuario origen: ALONDRA26 | Credito abonado origen: 7480 | Status origen: 1
credit-note:2547,sale:2547,74,MIG-JM-CRED-2547,MIG-JM-VENTA-2547,2026-07-07,2026-08-06,30,8700,0,8700,Venta origen: 2547 | Usuario origen: ALONDRA26 | Credito abonado origen: 0 | Status origen: 1
credit-note:2548,sale:2548,53,MIG-JM-CRED-2548,MIG-JM-VENTA-2548,2026-07-07,2026-08-06,30,14497.5,0,14497.5,Venta origen: 2548 | Usuario origen: ALONDRA26 | Credito abonado origen: 0 | Status origen: 1
credit-note:2549,sale:2549,35,MIG-JM-CRED-2549,MIG-JM-VENTA-2549,2026-07-07,2026-08-06,30,300,300,0,Venta origen: 2549 | Usuario origen: ALONDRA26 | Credito abonado origen: 300 | Status origen: 1
credit-note:2550,sale:2550,79,MIG-JM-CRED-2550,MIG-JM-VENTA-2550,2026-07-07,2026-08-06,30,660,660,0,Venta origen: 2550 | Usuario origen: ALONDRA26 | Credito abonado origen: 660 | Status origen: 1
credit-note:2551,sale:2551,103,MIG-JM-CRED-2551,MIG-JM-VENTA-2551,2026-07-07,2026-08-06,30,4500,4500,0,Venta origen: 2551 | Usuario origen: ALONDRA26 | Credito abonado origen: 4500 | Status origen: 1
credit-note:2552,sale:2552,114,MIG-JM-CRED-2552,MIG-JM-VENTA-2552,2026-07-07,2026-08-06,30,7200,7200,0,Venta origen: 2552 | Usuario origen: ALONDRA26 | Credito abonado origen: 7200 | Status origen: 1
credit-note:2553,sale:2553,103,MIG-JM-CRED-2553,MIG-JM-VENTA-2553,2026-07-07,2026-08-06,30,1910,1910,0,Venta origen: 2553 | Usuario origen: ALONDRA26 | Credito abonado origen: 1910 | Status origen: 1
credit-note:2554,sale:2554,104,MIG-JM-CRED-2554,MIG-JM-VENTA-2554,2026-07-07,2026-08-06,30,8700,8700,0,Venta origen: 2554 | Usuario origen: ALONDRA26 | Credito abonado origen: 8700 | Status origen: 1
credit-note:2555,sale:2555,115,MIG-JM-CRED-2555,MIG-JM-VENTA-2555,2026-07-07,2026-07-22,15,2200,2200,0,Venta origen: 2555 | Usuario origen: ALONDRA26 | Credito abonado origen: 2200 | Status origen: 1
credit-note:2556,sale:2556,5,MIG-JM-CRED-2556,MIG-JM-VENTA-2556,2026-07-08,2026-07-23,15,3550,3550,0,Venta origen: 2556 | Usuario origen: ALONDRA26 | Credito abonado origen: 3550 | Status origen: 1
credit-note:2557,sale:2557,91,MIG-JM-CRED-2557,MIG-JM-VENTA-2557,2026-07-08,2026-08-07,30,1200,1200,0,Venta origen: 2557 | Usuario origen: ALONDRA26 | Credito abonado origen: 1200 | Status origen: 1
credit-note:2558,sale:2558,12,MIG-JM-CRED-2558,MIG-JM-VENTA-2558,2026-07-08,2026-08-07,30,90,0,90,Venta origen: 2558 | Usuario origen: ALONDRA26 | Credito abonado origen: 0 | Status origen: 1
credit-note:2559,sale:2559,102,MIG-JM-CRED-2559,MIG-JM-VENTA-2559,2026-07-08,2026-08-07,30,20570,0,20570,Venta origen: 2559 | Usuario origen: ALONDRA26 | Credito abonado origen: 0 | Status origen: 1
credit-note:2560,sale:2560,2,MIG-JM-CRED-2560,MIG-JM-VENTA-2560,2026-07-08,2026-07-23,15,7080,7080,0,Venta origen: 2560 | Usuario origen: ALONDRA26 | Credito abonado origen: 7080 | Status origen: 1
credit-note:2561,sale:2561,53,MIG-JM-CRED-2561,MIG-JM-VENTA-2561,2026-07-08,2026-08-07,30,33290,0,33290,Venta origen: 2561 | Usuario origen: ALONDRA26 | Credito abonado origen: 0 | Status origen: 1
credit-note:2562,sale:2562,53,MIG-JM-CRED-2562,MIG-JM-VENTA-2562,2026-07-08,2026-08-07,30,1915,0,1915,Venta origen: 2562 | Usuario origen: ALONDRA26 | Credito abonado origen: 0 | Status origen: 1
credit-note:2563,sale:2563,99,MIG-JM-CRED-2563,MIG-JM-VENTA-2563,2026-07-08,2026-08-07,30,4200,4200,0,Venta origen: 2563 | Usuario origen: ALONDRA26 | Credito abonado origen: 4200 | Status origen: 1
credit-note:2564,sale:2564,60,MIG-JM-CRED-2564,MIG-JM-VENTA-2564,2026-07-08,2026-08-07,30,27800,27800,0,Venta origen: 2564 | Usuario origen: ALONDRA26 | Credito abonado origen: 27800 | Status origen: 1
credit-note:2565,sale:2565,12,MIG-JM-CRED-2565,MIG-JM-VENTA-2565,2026-07-08,2026-08-07,30,480,0,480,Venta origen: 2565 | Usuario origen: ALONDRA26 | Credito abonado origen: 0 | Status origen: 1
credit-note:2566,sale:2566,91,MIG-JM-CRED-2566,MIG-JM-VENTA-2566,2026-07-09,2026-08-08,30,3450,3450,0,Venta origen: 2566 | Usuario origen: ALONDRA26 | Credito abonado origen: 3450 | Status origen: 1
credit-note:2567,sale:2567,109,MIG-JM-CRED-2567,MIG-JM-VENTA-2567,2026-07-09,2026-07-09,1,1295.5,1295.5,0,Venta origen: 2567 | Usuario origen: ALONDRA26 | Credito abonado origen: 1295.5 | Status origen: 1
credit-note:2568,sale:2568,85,MIG-JM-CRED-2568,MIG-JM-VENTA-2568,2026-07-09,2026-08-08,30,57,57,0,Venta origen: 2568 | Usuario origen: ALONDRA26 | Credito abonado origen: 57 | Status origen: 1
credit-note:2569,sale:2569,5,MIG-JM-CRED-2569,MIG-JM-VENTA-2569,2026-07-09,2026-07-24,15,3550,3550,0,Venta origen: 2569 | Usuario origen: ALONDRA26 | Credito abonado origen: 3550 | Status origen: 1
credit-note:2570,sale:2570,56,MIG-JM-CRED-2570,MIG-JM-VENTA-2570,2026-07-09,2026-08-08,30,2375,2375,0,Venta origen: 2570 | Usuario origen: ALONDRA26 | Credito abonado origen: 2375 | Status origen: 1
credit-note:2571,sale:2571,53,MIG-JM-CRED-2571,MIG-JM-VENTA-2571,2026-07-09,2026-08-08,30,5300,0,5300,Venta origen: 2571 | Usuario origen: ALONDRA26 | Credito abonado origen: 0 | Status origen: 1
credit-note:2572,sale:2572,87,MIG-JM-CRED-2572,MIG-JM-VENTA-2572,2026-07-09,2026-08-08,30,4650,4650,0,Venta origen: 2572 | Usuario origen: ALONDRA26 | Credito abonado origen: 4650 | Status origen: 1
credit-note:2573,sale:2573,84,MIG-JM-CRED-2573,MIG-JM-VENTA-2573,2026-07-09,2026-07-09,1,5175,5175,0,Venta origen: 2573 | Usuario origen: ALONDRA26 | Credito abonado origen: 5175 | Status origen: 1
credit-note:2574,sale:2574,93,MIG-JM-CRED-2574,MIG-JM-VENTA-2574,2026-07-10,2026-08-09,30,2400,2400,0,Venta origen: 2574 | Usuario origen: ALONDRA26 | Credito abonado origen: 2400 | Status origen: 1
credit-note:2575,sale:2575,91,MIG-JM-CRED-2575,MIG-JM-VENTA-2575,2026-07-10,2026-08-09,30,900,900,0,Venta origen: 2575 | Usuario origen: ALONDRA26 | Credito abonado origen: 900 | Status origen: 1
credit-note:2576,sale:2576,116,MIG-JM-CRED-2576,MIG-JM-VENTA-2576,2026-07-10,2026-07-25,15,530,530,0,Venta origen: 2576 | Usuario origen: ALONDRA26 | Credito abonado origen: 530 | Status origen: 1
credit-note:2577,sale:2577,2,MIG-JM-CRED-2577,MIG-JM-VENTA-2577,2026-07-10,2026-07-25,15,14,14,0,Venta origen: 2577 | Usuario origen: ALONDRA26 | Credito abonado origen: 14 | Status origen: 1
credit-note:2578,sale:2578,102,MIG-JM-CRED-2578,MIG-JM-VENTA-2578,2026-07-10,2026-08-09,30,290250,0,290250,Venta origen: 2578 | Usuario origen: ALONDRA26 | Credito abonado origen: 0 | Status origen: 1
credit-note:2579,sale:2579,2,MIG-JM-CRED-2579,MIG-JM-VENTA-2579,2026-07-10,2026-07-10,1,600,600,0,Venta origen: 2579 | Usuario origen: ALONDRA26 | Credito abonado origen: 600 | Status origen: 1
credit-note:2580,sale:2580,5,MIG-JM-CRED-2580,MIG-JM-VENTA-2580,2026-07-10,2026-07-25,15,3550,3550,0,Venta origen: 2580 | Usuario origen: ALONDRA26 | Credito abonado origen: 3550 | Status origen: 1
credit-note:2581,sale:2581,85,MIG-JM-CRED-2581,MIG-JM-VENTA-2581,2026-07-10,2026-07-25,15,45,45,0,Venta origen: 2581 | Usuario origen: ALONDRA26 | Credito abonado origen: 45 | Status origen: 1
credit-note:2582,sale:2582,97,MIG-JM-CRED-2582,MIG-JM-VENTA-2582,2026-07-10,2026-08-09,30,8912,8912,0,Venta origen: 2582 | Usuario origen: ALONDRA26 | Credito abonado origen: 8912 | Status origen: 1
credit-note:2583,sale:2583,2,MIG-JM-CRED-2583,MIG-JM-VENTA-2583,2026-07-11,2026-07-26,15,480,480,0,Venta origen: 2583 | Usuario origen: GRISELDA2026 | Credito abonado origen: 480 | Status origen: 0
credit-note:2584,sale:2584,2,MIG-JM-CRED-2584,MIG-JM-VENTA-2584,2026-07-11,2026-07-26,15,480,480,0,Venta origen: 2584 | Usuario origen: GRISELDA2026 | Credito abonado origen: 480 | Status origen: 1
credit-note:2585,sale:2585,114,MIG-JM-CRED-2585,MIG-JM-VENTA-2585,2026-07-11,2026-08-10,30,6983,6983,0,Venta origen: 2585 | Usuario origen: GRISELDA2026 | Credito abonado origen: 6983 | Status origen: 1
credit-note:2586,sale:2586,5,MIG-JM-CRED-2586,MIG-JM-VENTA-2586,2026-07-11,2026-07-26,15,8700,8700,0,Venta origen: 2586 | Usuario origen: GRISELDA2026 | Credito abonado origen: 8700 | Status origen: 1
credit-note:2587,sale:2587,53,MIG-JM-CRED-2587,MIG-JM-VENTA-2587,2026-07-13,2026-08-12,30,7267,0,7267,Venta origen: 2587 | Usuario origen: ALONDRA26 | Credito abonado origen: 0 | Status origen: 1
credit-note:2588,sale:2588,34,MIG-JM-CRED-2588,MIG-JM-VENTA-2588,2026-07-13,2026-08-12,30,9250,0,9250,Venta origen: 2588 | Usuario origen: ALONDRA26 | Credito abonado origen: 0 | Status origen: 1
credit-note:2589,sale:2589,102,MIG-JM-CRED-2589,MIG-JM-VENTA-2589,2026-07-13,2026-08-12,30,7585,0,7585,Venta origen: 2589 | Usuario origen: ALONDRA26 | Credito abonado origen: 0 | Status origen: 1
credit-note:2590,sale:2590,56,MIG-JM-CRED-2590,MIG-JM-VENTA-2590,2026-07-14,2026-08-13,30,2825,2825,0,Venta origen: 2590 | Usuario origen: ALONDRA26 | Credito abonado origen: 2825 | Status origen: 1
credit-note:2591,sale:2591,52,MIG-JM-CRED-2591,MIG-JM-VENTA-2591,2026-07-14,2026-08-13,30,525,525,0,Venta origen: 2591 | Usuario origen: ALONDRA26 | Credito abonado origen: 525 | Status origen: 1
credit-note:2592,sale:2592,5,MIG-JM-CRED-2592,MIG-JM-VENTA-2592,2026-07-14,2026-07-29,15,3550,3550,0,Venta origen: 2592 | Usuario origen: ALONDRA26 | Credito abonado origen: 3550 | Status origen: 1
credit-note:2593,sale:2593,109,MIG-JM-CRED-2593,MIG-JM-VENTA-2593,2026-07-14,2026-07-14,1,1901,1901,0,Venta origen: 2593 | Usuario origen: ALONDRA26 | Credito abonado origen: 1901 | Status origen: 1
credit-note:2594,sale:2594,87,MIG-JM-CRED-2594,MIG-JM-VENTA-2594,2026-07-14,2026-08-13,30,1232,1232,0,Venta origen: 2594 | Usuario origen: ALONDRA26 | Credito abonado origen: 1232 | Status origen: 1
credit-note:2595,sale:2595,95,MIG-JM-CRED-2595,MIG-JM-VENTA-2595,2026-07-14,2026-07-29,15,1068,1068,0,Venta origen: 2595 | Usuario origen: ALONDRA26 | Credito abonado origen: 1068 | Status origen: 1
credit-note:2596,sale:2596,5,MIG-JM-CRED-2596,MIG-JM-VENTA-2596,2026-07-14,2026-07-29,15,6150,6150,0,Venta origen: 2596 | Usuario origen: ALONDRA26 | Credito abonado origen: 6150 | Status origen: 1
credit-note:2597,sale:2597,85,MIG-JM-CRED-2597,MIG-JM-VENTA-2597,2026-07-14,2026-08-13,30,1612,1612,0,Venta origen: 2597 | Usuario origen: ALONDRA26 | Credito abonado origen: 1612 | Status origen: 1
credit-note:2598,sale:2598,5,MIG-JM-CRED-2598,MIG-JM-VENTA-2598,2026-07-15,2026-07-30,15,4500,4500,0,Venta origen: 2598 | Usuario origen: ALONDRA26 | Credito abonado origen: 4500 | Status origen: 1
credit-note:2599,sale:2599,91,MIG-JM-CRED-2599,MIG-JM-VENTA-2599,2026-07-15,2026-08-14,30,1500,1500,0,Venta origen: 2599 | Usuario origen: ALONDRA26 | Credito abonado origen: 1500 | Status origen: 1
credit-note:2600,sale:2600,2,MIG-JM-CRED-2600,MIG-JM-VENTA-2600,2026-07-15,2026-07-30,15,720,720,0,Venta origen: 2600 | Usuario origen: ALONDRA26 | Credito abonado origen: 720 | Status origen: 1
credit-note:2601,sale:2601,34,MIG-JM-CRED-2601,MIG-JM-VENTA-2601,2026-07-15,2026-08-14,30,10650,0,10650,Venta origen: 2601 | Usuario origen: ALONDRA26 | Credito abonado origen: 0 | Status origen: 1
credit-note:2602,sale:2602,102,MIG-JM-CRED-2602,MIG-JM-VENTA-2602,2026-07-15,2026-08-14,30,1360,0,1360,Venta origen: 2602 | Usuario origen: ALONDRA26 | Credito abonado origen: 0 | Status origen: 1
credit-note:2603,sale:2603,7,MIG-JM-CRED-2603,MIG-JM-VENTA-2603,2026-07-15,2026-08-14,30,900,0,900,Venta origen: 2603 | Usuario origen: ALONDRA26 | Credito abonado origen: 0 | Status origen: 1
credit-note:2604,sale:2604,103,MIG-JM-CRED-2604,MIG-JM-VENTA-2604,2026-07-15,2026-08-14,30,4600,4600,0,Venta origen: 2604 | Usuario origen: ALONDRA26 | Credito abonado origen: 4600 | Status origen: 1
credit-note:2605,sale:2605,53,MIG-JM-CRED-2605,MIG-JM-VENTA-2605,2026-07-15,2026-08-14,30,5511,0,5511,Venta origen: 2605 | Usuario origen: ALONDRA26 | Credito abonado origen: 0 | Status origen: 1
credit-note:2606,sale:2606,34,MIG-JM-CRED-2606,MIG-JM-VENTA-2606,2026-07-15,2026-08-14,30,5850,0,5850,Venta origen: 2606 | Usuario origen: ALONDRA26 | Credito abonado origen: 0 | Status origen: 1
credit-note:2607,sale:2607,87,MIG-JM-CRED-2607,MIG-JM-VENTA-2607,2026-07-15,2026-08-14,30,403,403,0,Venta origen: 2607 | Usuario origen: ALONDRA26 | Credito abonado origen: 403 | Status origen: 1
credit-note:2608,sale:2608,52,MIG-JM-CRED-2608,MIG-JM-VENTA-2608,2026-07-15,2026-08-14,30,960,960,0,Venta origen: 2608 | Usuario origen: ALONDRA26 | Credito abonado origen: 960 | Status origen: 1
credit-note:2609,sale:2609,2,MIG-JM-CRED-2609,MIG-JM-VENTA-2609,2026-07-16,2026-07-31,15,89,89,0,Venta origen: 2609 | Usuario origen: ALONDRA26 | Credito abonado origen: 89 | Status origen: 1
credit-note:2610,sale:2610,74,MIG-JM-CRED-2610,MIG-JM-VENTA-2610,2026-07-16,2026-08-15,30,15500,0,15500,Venta origen: 2610 | Usuario origen: ALONDRA26 | Credito abonado origen: 0 | Status origen: 1
credit-note:2611,sale:2611,109,MIG-JM-CRED-2611,MIG-JM-VENTA-2611,2026-07-16,2026-07-16,1,5320,5320,0,Venta origen: 2611 | Usuario origen: ALONDRA26 | Credito abonado origen: 5320 | Status origen: 1
credit-note:2612,sale:2612,2,MIG-JM-CRED-2612,MIG-JM-VENTA-2612,2026-07-16,2026-07-31,15,1380,1380,0,Venta origen: 2612 | Usuario origen: ALONDRA26 | Credito abonado origen: 1380 | Status origen: 1
credit-note:2613,sale:2613,5,MIG-JM-CRED-2613,MIG-JM-VENTA-2613,2026-07-16,2026-07-31,15,8050,8050,0,Venta origen: 2613 | Usuario origen: ALONDRA26 | Credito abonado origen: 8050 | Status origen: 1
credit-note:2614,sale:2614,74,MIG-JM-CRED-2614,MIG-JM-VENTA-2614,2026-07-16,2026-08-15,30,17400,0,17400,Venta origen: 2614 | Usuario origen: ALONDRA26 | Credito abonado origen: 0 | Status origen: 1
credit-note:2615,sale:2615,2,MIG-JM-CRED-2615,MIG-JM-VENTA-2615,2026-07-16,2026-07-31,15,52,52,0,Venta origen: 2615 | Usuario origen: ALONDRA26 | Credito abonado origen: 52 | Status origen: 1
credit-note:2616,sale:2616,2,MIG-JM-CRED-2616,MIG-JM-VENTA-2616,2026-07-16,2026-07-31,15,112,112,0,Venta origen: 2616 | Usuario origen: ALONDRA26 | Credito abonado origen: 112 | Status origen: 1
credit-note:2617,sale:2617,19,MIG-JM-CRED-2617,MIG-JM-VENTA-2617,2026-07-17,2026-08-01,15,10200,10200,0,Venta origen: 2617 | Usuario origen: ALONDRA26 | Credito abonado origen: 10200 | Status origen: 1
credit-note:2618,sale:2618,14,MIG-JM-CRED-2618,MIG-JM-VENTA-2618,2026-07-17,2026-08-01,15,2120,0,2120,Venta origen: 2618 | Usuario origen: ALONDRA26 | Credito abonado origen: 0 | Status origen: 1
credit-note:2619,sale:2619,79,MIG-JM-CRED-2619,MIG-JM-VENTA-2619,2026-07-17,2026-08-16,30,6240,6240,0,Venta origen: 2619 | Usuario origen: ALONDRA26 | Credito abonado origen: 6240 | Status origen: 1
credit-note:2620,sale:2620,74,MIG-JM-CRED-2620,MIG-JM-VENTA-2620,2026-07-17,2026-08-16,30,9100,0,9100,Venta origen: 2620 | Usuario origen: ALONDRA26 | Credito abonado origen: 0 | Status origen: 1
credit-note:2621,sale:2621,60,MIG-JM-CRED-2621,MIG-JM-VENTA-2621,2026-07-17,2026-08-16,30,21,0,21,Venta origen: 2621 | Usuario origen: ALONDRA26 | Credito abonado origen: 0 | Status origen: 1
credit-note:2622,sale:2622,5,MIG-JM-CRED-2622,MIG-JM-VENTA-2622,2026-07-17,2026-08-01,15,3550,3550,0,Venta origen: 2622 | Usuario origen: ALONDRA26 | Credito abonado origen: 3550 | Status origen: 1
credit-note:2623,sale:2623,114,MIG-JM-CRED-2623,MIG-JM-VENTA-2623,2026-07-17,2026-08-16,30,8259,8259,0,Venta origen: 2623 | Usuario origen: ALONDRA26 | Credito abonado origen: 8259 | Status origen: 1
credit-note:2624,sale:2624,2,MIG-JM-CRED-2624,MIG-JM-VENTA-2624,2026-07-17,2026-07-17,1,32,32,0,Venta origen: 2624 | Usuario origen: ALONDRA26 | Credito abonado origen: 32 | Status origen: 1
credit-note:2625,sale:2625,2,MIG-JM-CRED-2625,MIG-JM-VENTA-2625,2026-07-17,2026-08-01,15,5066,5066,0,Venta origen: 2625 | Usuario origen: ALONDRA26 | Credito abonado origen: 5066 | Status origen: 1
credit-note:2626,sale:2626,84,MIG-JM-CRED-2626,MIG-JM-VENTA-2626,2026-07-18,2026-07-18,1,2400,2400,0,Venta origen: 2626 | Usuario origen: ALONDRA26 | Credito abonado origen: 2400 | Status origen: 1
credit-note:2627,sale:2627,34,MIG-JM-CRED-2627,MIG-JM-VENTA-2627,2026-07-20,2026-08-19,30,7800,0,7800,Venta origen: 2627 | Usuario origen: ALONDRA26 | Credito abonado origen: 0 | Status origen: 1
credit-note:2628,sale:2628,34,MIG-JM-CRED-2628,MIG-JM-VENTA-2628,2026-07-20,2026-08-19,30,4900,0,4900,Venta origen: 2628 | Usuario origen: ALONDRA26 | Credito abonado origen: 0 | Status origen: 1
credit-note:2629,sale:2629,53,MIG-JM-CRED-2629,MIG-JM-VENTA-2629,2026-07-20,2026-08-19,30,860,0,860,Venta origen: 2629 | Usuario origen: ALONDRA26 | Credito abonado origen: 0 | Status origen: 1
credit-note:2630,sale:2630,5,MIG-JM-CRED-2630,MIG-JM-VENTA-2630,2026-07-20,2026-08-04,15,3550,3550,0,Venta origen: 2630 | Usuario origen: ALONDRA26 | Credito abonado origen: 3550 | Status origen: 1
credit-note:2631,sale:2631,5,MIG-JM-CRED-2631,MIG-JM-VENTA-2631,2026-07-20,2026-08-04,15,4500,4500,0,Venta origen: 2631 | Usuario origen: ALONDRA26 | Credito abonado origen: 4500 | Status origen: 1
credit-note:2632,sale:2632,29,MIG-JM-CRED-2632,MIG-JM-VENTA-2632,2026-07-20,2026-08-04,15,105,105,0,Venta origen: 2632 | Usuario origen: ALONDRA26 | Credito abonado origen: 105 | Status origen: 1
credit-note:2633,sale:2633,56,MIG-JM-CRED-2633,MIG-JM-VENTA-2633,2026-07-21,2026-08-20,30,2530,2530,0,Venta origen: 2633 | Usuario origen: ALONDRA26 | Credito abonado origen: 2530 | Status origen: 1
credit-note:2634,sale:2634,56,MIG-JM-CRED-2634,MIG-JM-VENTA-2634,2026-07-21,2026-08-20,30,225,225,0,Venta origen: 2634 | Usuario origen: ALONDRA26 | Credito abonado origen: 225 | Status origen: 1
credit-note:2635,sale:2635,91,MIG-JM-CRED-2635,MIG-JM-VENTA-2635,2026-07-21,2026-08-20,30,600,600,0,Venta origen: 2635 | Usuario origen: ALONDRA26 | Credito abonado origen: 600 | Status origen: 1
credit-note:2636,sale:2636,7,MIG-JM-CRED-2636,MIG-JM-VENTA-2636,2026-07-21,2026-08-20,30,4900,0,4900,Venta origen: 2636 | Usuario origen: ALONDRA26 | Credito abonado origen: 0 | Status origen: 1
credit-note:2637,sale:2637,5,MIG-JM-CRED-2637,MIG-JM-VENTA-2637,2026-07-21,2026-08-05,15,1960,1960,0,Venta origen: 2637 | Usuario origen: ALONDRA26 | Credito abonado origen: 1960 | Status origen: 1
credit-note:2638,sale:2638,71,MIG-JM-CRED-2638,MIG-JM-VENTA-2638,2026-07-21,2026-08-05,15,11100,11100,0,Venta origen: 2638 | Usuario origen: ALONDRA26 | Credito abonado origen: 11100 | Status origen: 1
credit-note:2639,sale:2639,109,MIG-JM-CRED-2639,MIG-JM-VENTA-2639,2026-07-21,2026-07-21,1,6850,6850,0,Venta origen: 2639 | Usuario origen: ALONDRA26 | Credito abonado origen: 6850 | Status origen: 1
credit-note:2640,sale:2640,93,MIG-JM-CRED-2640,MIG-JM-VENTA-2640,2026-07-21,2026-08-20,30,4230,4230,0,Venta origen: 2640 | Usuario origen: ALONDRA26 | Credito abonado origen: 4230 | Status origen: 1
credit-note:2641,sale:2641,87,MIG-JM-CRED-2641,MIG-JM-VENTA-2641,2026-07-22,2026-08-21,30,4816,4816,0,Venta origen: 2641 | Usuario origen: ALONDRA26 | Credito abonado origen: 4816 | Status origen: 1
credit-note:2642,sale:2642,53,MIG-JM-CRED-2642,MIG-JM-VENTA-2642,2026-07-22,2026-08-21,30,8200,0,8200,Venta origen: 2642 | Usuario origen: ALONDRA26 | Credito abonado origen: 0 | Status origen: 1
credit-note:2643,sale:2643,84,MIG-JM-CRED-2643,MIG-JM-VENTA-2643,2026-07-22,2026-07-22,1,4360,4360,0,Venta origen: 2643 | Usuario origen: ALONDRA26 | Credito abonado origen: 4360 | Status origen: 1
credit-note:2644,sale:2644,5,MIG-JM-CRED-2644,MIG-JM-VENTA-2644,2026-07-22,2026-08-06,15,7600,7600,0,Venta origen: 2644 | Usuario origen: ALONDRA26 | Credito abonado origen: 7600 | Status origen: 1
credit-note:2645,sale:2645,5,MIG-JM-CRED-2645,MIG-JM-VENTA-2645,2026-07-22,2026-08-06,15,1775,1775,0,Venta origen: 2645 | Usuario origen: ALONDRA26 | Credito abonado origen: 1775 | Status origen: 1
credit-note:2646,sale:2646,53,MIG-JM-CRED-2646,MIG-JM-VENTA-2646,2026-07-22,2026-08-21,30,33960,0,33960,Venta origen: 2646 | Usuario origen: ALONDRA26 | Credito abonado origen: 0 | Status origen: 1
credit-note:2647,sale:2647,53,MIG-JM-CRED-2647,MIG-JM-VENTA-2647,2026-07-22,2026-08-21,30,7875,0,7875,Venta origen: 2647 | Usuario origen: ALONDRA26 | Credito abonado origen: 0 | Status origen: 1
credit-note:2648,sale:2648,19,MIG-JM-CRED-2648,MIG-JM-VENTA-2648,2026-07-22,2026-08-06,15,5480,5480,0,Venta origen: 2648 | Usuario origen: ALONDRA26 | Credito abonado origen: 5480 | Status origen: 1
credit-note:2649,sale:2649,117,MIG-JM-CRED-2649,MIG-JM-VENTA-2649,2026-07-22,2026-08-21,30,5565,0,5565,Venta origen: 2649 | Usuario origen: ALONDRA26 | Credito abonado origen: 0 | Status origen: 1
credit-note:2650,sale:2650,53,MIG-JM-CRED-2650,MIG-JM-VENTA-2650,2026-07-22,2026-08-21,30,5300,0,5300,Venta origen: 2650 | Usuario origen: ALONDRA26 | Credito abonado origen: 0 | Status origen: 1
credit-note:2651,sale:2651,53,MIG-JM-CRED-2651,MIG-JM-VENTA-2651,2026-07-22,2026-08-21,30,4100,0,4100,Venta origen: 2651 | Usuario origen: ALONDRA26 | Credito abonado origen: 0 | Status origen: 1
credit-note:2652,sale:2652,34,MIG-JM-CRED-2652,MIG-JM-VENTA-2652,2026-07-22,2026-08-21,30,10650,0,10650,Venta origen: 2652 | Usuario origen: ALONDRA26 | Credito abonado origen: 0 | Status origen: 1
credit-note:2653,sale:2653,5,MIG-JM-CRED-2653,MIG-JM-VENTA-2653,2026-07-23,2026-08-07,15,3450,3450,0,Venta origen: 2653 | Usuario origen: ALONDRA26 | Credito abonado origen: 3450 | Status origen: 1
credit-note:2654,sale:2654,114,MIG-JM-CRED-2654,MIG-JM-VENTA-2654,2026-07-23,2026-08-22,30,4637,0,4637,Venta origen: 2654 | Usuario origen: ALONDRA26 | Credito abonado origen: 0 | Status origen: 1
credit-note:2655,sale:2655,2,MIG-JM-CRED-2655,MIG-JM-VENTA-2655,2026-07-23,2026-08-07,15,732,732,0,Venta origen: 2655 | Usuario origen: ALONDRA26 | Credito abonado origen: 732 | Status origen: 1
credit-note:2656,sale:2656,118,MIG-JM-CRED-2656,MIG-JM-VENTA-2656,2026-07-23,2026-08-22,30,600,600,0,Venta origen: 2656 | Usuario origen: ALONDRA26 | Credito abonado origen: 600 | Status origen: 1
credit-note:2657,sale:2657,53,MIG-JM-CRED-2657,MIG-JM-VENTA-2657,2026-07-23,2026-08-22,30,10000,0,10000,Venta origen: 2657 | Usuario origen: ALONDRA26 | Credito abonado origen: 0 | Status origen: 1
credit-note:2658,sale:2658,53,MIG-JM-CRED-2658,MIG-JM-VENTA-2658,2026-07-23,2026-08-22,30,8200,0,8200,Venta origen: 2658 | Usuario origen: ALONDRA26 | Credito abonado origen: 0 | Status origen: 1
credit-note:2659,sale:2659,85,MIG-JM-CRED-2659,MIG-JM-VENTA-2659,2026-07-23,2026-08-22,30,238,238,0,Venta origen: 2659 | Usuario origen: ALONDRA26 | Credito abonado origen: 238 | Status origen: 1
credit-note:2660,sale:2660,102,MIG-JM-CRED-2660,MIG-JM-VENTA-2660,2026-07-23,2026-08-22,30,12000,0,12000,Venta origen: 2660 | Usuario origen: ALONDRA26 | Credito abonado origen: 0 | Status origen: 1
credit-note:2661,sale:2661,53,MIG-JM-CRED-2661,MIG-JM-VENTA-2661,2026-07-23,2026-08-22,30,11500,0,11500,Venta origen: 2661 | Usuario origen: ALONDRA26 | Credito abonado origen: 0 | Status origen: 1
credit-note:2662,sale:2662,102,MIG-JM-CRED-2662,MIG-JM-VENTA-2662,2026-07-24,2026-08-23,30,6024,0,6024,Venta origen: 2662 | Usuario origen: ALONDRA26 | Credito abonado origen: 0 | Status origen: 1
credit-note:2663,sale:2663,114,MIG-JM-CRED-2663,MIG-JM-VENTA-2663,2026-07-24,2026-08-23,30,3637,3637,0,Venta origen: 2663 | Usuario origen: ALONDRA26 | Credito abonado origen: 3637 | Status origen: 1
credit-note:2664,sale:2664,2,MIG-JM-CRED-2664,MIG-JM-VENTA-2664,2026-07-24,2026-08-08,15,300,300,0,Venta origen: 2664 | Usuario origen: ALONDRA26 | Credito abonado origen: 300 | Status origen: 1
credit-note:2665,sale:2665,2,MIG-JM-CRED-2665,MIG-JM-VENTA-2665,2026-07-24,2026-08-08,15,180,180,0,Venta origen: 2665 | Usuario origen: ALONDRA26 | Credito abonado origen: 180 | Status origen: 1
credit-note:2666,sale:2666,21,MIG-JM-CRED-2666,MIG-JM-VENTA-2666,2026-07-24,2026-08-08,15,2754,2754,0,Venta origen: 2666 | Usuario origen: ALONDRA26 | Credito abonado origen: 2754 | Status origen: 1
credit-note:2667,sale:2667,5,MIG-JM-CRED-2667,MIG-JM-VENTA-2667,2026-07-24,2026-08-08,15,4025,4025,0,Venta origen: 2667 | Usuario origen: ALONDRA26 | Credito abonado origen: 4025 | Status origen: 1
credit-note:2668,sale:2668,2,MIG-JM-CRED-2668,MIG-JM-VENTA-2668,2026-07-24,2026-08-08,15,2160,2160,0,Venta origen: 2668 | Usuario origen: ALONDRA26 | Credito abonado origen: 2160 | Status origen: 1
credit-note:2669,sale:2669,109,MIG-JM-CRED-2669,MIG-JM-VENTA-2669,2026-07-24,2026-07-24,1,5160,5160,0,Venta origen: 2669 | Usuario origen: ALONDRA26 | Credito abonado origen: 5160 | Status origen: 1
credit-note:2670,sale:2670,87,MIG-JM-CRED-2670,MIG-JM-VENTA-2670,2026-07-25,2026-08-24,30,3780,3780,0,Venta origen: 2670 | Usuario origen: ALONDRA26 | Credito abonado origen: 3780 | Status origen: 1
credit-note:2671,sale:2671,5,MIG-JM-CRED-2671,MIG-JM-VENTA-2671,2026-07-25,2026-08-09,15,1775,1775,0,Venta origen: 2671 | Usuario origen: ALONDRA26 | Credito abonado origen: 1775 | Status origen: 1
credit-note:2672,sale:2672,104,MIG-JM-CRED-2672,MIG-JM-VENTA-2672,2026-07-27,2026-08-26,30,12929.5,0,12929.5,Venta origen: 2672 | Usuario origen: ALONDRA26 | Credito abonado origen: 0 | Status origen: 1
credit-note:2673,sale:2673,7,MIG-JM-CRED-2673,MIG-JM-VENTA-2673,2026-07-27,2026-08-26,30,4240,0,4240,Venta origen: 2673 | Usuario origen: ALONDRA26 | Credito abonado origen: 0 | Status origen: 1
credit-note:2674,sale:2674,2,MIG-JM-CRED-2674,MIG-JM-VENTA-2674,2026-07-27,2026-08-11,15,1676,1676,0,Venta origen: 2674 | Usuario origen: ALONDRA26 | Credito abonado origen: 1676 | Status origen: 1
credit-note:2675,sale:2675,34,MIG-JM-CRED-2675,MIG-JM-VENTA-2675,2026-07-27,2026-08-26,30,4900,0,4900,Venta origen: 2675 | Usuario origen: ALONDRA26 | Credito abonado origen: 0 | Status origen: 1
credit-note:2676,sale:2676,109,MIG-JM-CRED-2676,MIG-JM-VENTA-2676,2026-07-27,2026-07-27,1,8250,8250,0,Venta origen: 2676 | Usuario origen: ALONDRA26 | Credito abonado origen: 8250 | Status origen: 1
credit-note:2677,sale:2677,2,MIG-JM-CRED-2677,MIG-JM-VENTA-2677,2026-07-27,2026-08-11,15,78,78,0,Venta origen: 2677 | Usuario origen: Administrador | Credito abonado origen: 78 | Status origen: 1
credit-note:2678,sale:2678,5,MIG-JM-CRED-2678,MIG-JM-VENTA-2678,2026-07-28,2026-08-12,15,4500,4500,0,Venta origen: 2678 | Usuario origen: ALONDRA26 | Credito abonado origen: 4500 | Status origen: 1
credit-note:2679,sale:2679,5,MIG-JM-CRED-2679,MIG-JM-VENTA-2679,2026-07-28,2026-08-12,15,4350,4350,0,Venta origen: 2679 | Usuario origen: ALONDRA26 | Credito abonado origen: 4350 | Status origen: 1
credit-note:2680,sale:2680,103,MIG-JM-CRED-2680,MIG-JM-VENTA-2680,2026-07-28,2026-08-27,30,4600,4600,0,Venta origen: 2680 | Usuario origen: ALONDRA26 | Credito abonado origen: 4600 | Status origen: 1
credit-note:2681,sale:2681,2,MIG-JM-CRED-2681,MIG-JM-VENTA-2681,2026-07-28,2026-07-28,1,200,200,0,Venta origen: 2681 | Usuario origen: ALONDRA26 | Credito abonado origen: 200 | Status origen: 1
credit-note:2682,sale:2682,119,MIG-JM-CRED-2682,MIG-JM-VENTA-2682,2026-07-28,2026-08-27,30,1660,1660,0,Venta origen: 2682 | Usuario origen: ALONDRA26 | Credito abonado origen: 1660 | Status origen: 1
credit-note:2683,sale:2683,46,MIG-JM-CRED-2683,MIG-JM-VENTA-2683,2026-07-28,2026-08-27,30,120,120,0,Venta origen: 2683 | Usuario origen: ALONDRA26 | Credito abonado origen: 120 | Status origen: 1
credit-note:2684,sale:2684,87,MIG-JM-CRED-2684,MIG-JM-VENTA-2684,2026-07-28,2026-08-27,30,7980,7980,0,Venta origen: 2684 | Usuario origen: ALONDRA26 | Credito abonado origen: 7980 | Status origen: 1
credit-note:2685,sale:2685,5,MIG-JM-CRED-2685,MIG-JM-VENTA-2685,2026-07-28,2026-08-12,15,5700,5700,0,Venta origen: 2685 | Usuario origen: ALONDRA26 | Credito abonado origen: 5700 | Status origen: 1
credit-note:2686,sale:2686,109,MIG-JM-CRED-2686,MIG-JM-VENTA-2686,2026-07-28,2026-07-28,1,2280,2280,0,Venta origen: 2686 | Usuario origen: ALONDRA26 | Credito abonado origen: 2280 | Status origen: 1
credit-note:2687,sale:2687,2,MIG-JM-CRED-2687,MIG-JM-VENTA-2687,2026-07-29,2026-08-13,15,120,120,0,Venta origen: 2687 | Usuario origen: ALONDRA26 | Credito abonado origen: 120 | Status origen: 1
credit-note:2688,sale:2688,53,MIG-JM-CRED-2688,MIG-JM-VENTA-2688,2026-07-29,2026-08-28,30,6360,0,6360,Venta origen: 2688 | Usuario origen: ALONDRA26 | Credito abonado origen: 0 | Status origen: 1
credit-note:2689,sale:2689,53,MIG-JM-CRED-2689,MIG-JM-VENTA-2689,2026-07-29,2026-08-28,30,795,0,795,Venta origen: 2689 | Usuario origen: ALONDRA26 | Credito abonado origen: 0 | Status origen: 1
credit-note:2690,sale:2690,53,MIG-JM-CRED-2690,MIG-JM-VENTA-2690,2026-07-29,2026-08-28,30,2807,0,2807,Venta origen: 2690 | Usuario origen: ALONDRA26 | Credito abonado origen: 0 | Status origen: 1
credit-note:2691,sale:2691,2,MIG-JM-CRED-2691,MIG-JM-VENTA-2691,2026-07-29,2026-07-29,1,600,600,0,Venta origen: 2691 | Usuario origen: ALONDRA26 | Credito abonado origen: 600 | Status origen: 1
credit-note:2692,sale:2692,2,MIG-JM-CRED-2692,MIG-JM-VENTA-2692,2026-07-29,2026-07-29,1,240,240,0,Venta origen: 2692 | Usuario origen: ALONDRA26 | Credito abonado origen: 240 | Status origen: 1
credit-note:2693,sale:2693,53,MIG-JM-CRED-2693,MIG-JM-VENTA-2693,2026-07-29,2026-08-28,30,1400,0,1400,Venta origen: 2693 | Usuario origen: ALONDRA26 | Credito abonado origen: 0 | Status origen: 1
credit-note:2694,sale:2694,53,MIG-JM-CRED-2694,MIG-JM-VENTA-2694,2026-07-29,2026-08-28,30,5900,0,5900,Venta origen: 2694 | Usuario origen: ALONDRA26 | Credito abonado origen: 0 | Status origen: 1
credit-note:2695,sale:2695,53,MIG-JM-CRED-2695,MIG-JM-VENTA-2695,2026-07-29,2026-08-28,30,6400,0,6400,Venta origen: 2695 | Usuario origen: ALONDRA26 | Credito abonado origen: 0 | Status origen: 1
credit-note:2696,sale:2696,53,MIG-JM-CRED-2696,MIG-JM-VENTA-2696,2026-07-29,2026-08-28,30,8200,0,8200,Venta origen: 2696 | Usuario origen: ALONDRA26 | Credito abonado origen: 0 | Status origen: 1
credit-note:2697,sale:2697,53,MIG-JM-CRED-2697,MIG-JM-VENTA-2697,2026-07-30,2026-08-29,30,6497,0,6497,Venta origen: 2697 | Usuario origen: ALONDRA26 | Credito abonado origen: 0 | Status origen: 1
credit-note:2698,sale:2698,53,MIG-JM-CRED-2698,MIG-JM-VENTA-2698,2026-07-30,2026-08-29,30,178,0,178,Venta origen: 2698 | Usuario origen: ALONDRA26 | Credito abonado origen: 0 | Status origen: 1
credit-note:2699,sale:2699,53,MIG-JM-CRED-2699,MIG-JM-VENTA-2699,2026-07-30,2026-08-29,30,178,0,178,Venta origen: 2699 | Usuario origen: ALONDRA26 | Credito abonado origen: 0 | Status origen: 1
credit-note:2700,sale:2700,114,MIG-JM-CRED-2700,MIG-JM-VENTA-2700,2026-07-30,2026-08-29,30,8200,0,8200,Venta origen: 2700 | Usuario origen: ALONDRA26 | Credito abonado origen: 0 | Status origen: 1
credit-note:2701,sale:2701,2,MIG-JM-CRED-2701,MIG-JM-VENTA-2701,2026-07-30,2026-08-14,15,80,80,0,Venta origen: 2701 | Usuario origen: ALONDRA26 | Credito abonado origen: 80 | Status origen: 1
credit-note:2702,sale:2702,53,MIG-JM-CRED-2702,MIG-JM-VENTA-2702,2026-07-30,2026-08-29,30,22640,0,22640,Venta origen: 2702 | Usuario origen: ALONDRA26 | Credito abonado origen: 0 | Status origen: 1
credit-note:2703,sale:2703,109,MIG-JM-CRED-2703,MIG-JM-VENTA-2703,2026-07-30,2026-07-30,1,8250,8250,0,Venta origen: 2703 | Usuario origen: ALONDRA26 | Credito abonado origen: 8250 | Status origen: 1
credit-note:2704,sale:2704,53,MIG-JM-CRED-2704,MIG-JM-VENTA-2704,2026-07-30,2026-08-29,30,5610,0,5610,Venta origen: 2704 | Usuario origen: ALONDRA26 | Credito abonado origen: 0 | Status origen: 1
credit-note:2705,sale:2705,104,MIG-JM-CRED-2705,MIG-JM-VENTA-2705,2026-07-30,2026-08-29,30,6000,0,6000,Venta origen: 2705 | Usuario origen: ALONDRA26 | Credito abonado origen: 0 | Status origen: 1
credit-note:2706,sale:2706,44,MIG-JM-CRED-2706,MIG-JM-VENTA-2706,2026-07-30,2026-08-29,30,4800,0,4800,Venta origen: 2706 | Usuario origen: ALONDRA26 | Credito abonado origen: 0 | Status origen: 1
credit-note:2707,sale:2707,34,MIG-JM-CRED-2707,MIG-JM-VENTA-2707,2026-07-30,2026-08-29,30,12600,0,12600,Venta origen: 2707 | Usuario origen: ALONDRA26 | Credito abonado origen: 0 | Status origen: 1
credit-note:2708,sale:2708,29,MIG-JM-CRED-2708,MIG-JM-VENTA-2708,2026-07-30,2026-08-14,15,240,240,0,Venta origen: 2708 | Usuario origen: ALONDRA26 | Credito abonado origen: 240 | Status origen: 1
credit-note:2709,sale:2709,104,MIG-JM-CRED-2709,MIG-JM-VENTA-2709,2026-07-30,2026-08-29,30,9368,0,9368,Venta origen: 2709 | Usuario origen: ALONDRA26 | Credito abonado origen: 0 | Status origen: 1
credit-note:2710,sale:2710,87,MIG-JM-CRED-2710,MIG-JM-VENTA-2710,2026-07-31,2026-08-30,30,2160,2160,0,Venta origen: 2710 | Usuario origen: ALONDRA26 | Credito abonado origen: 2160 | Status origen: 1
credit-note:2711,sale:2711,109,MIG-JM-CRED-2711,MIG-JM-VENTA-2711,2026-07-31,2026-07-31,1,5250,5250,0,Venta origen: 2711 | Usuario origen: ALONDRA26 | Credito abonado origen: 5250 | Status origen: 1
credit-note:2712,sale:2712,19,MIG-JM-CRED-2712,MIG-JM-VENTA-2712,2026-07-31,2026-08-15,15,51,51,0,Venta origen: 2712 | Usuario origen: ALONDRA26 | Credito abonado origen: 51 | Status origen: 1
credit-note:2713,sale:2713,2,MIG-JM-CRED-2713,MIG-JM-VENTA-2713,2026-07-31,2026-08-15,15,170,170,0,Venta origen: 2713 | Usuario origen: ALONDRA26 | Credito abonado origen: 170 | Status origen: 1
credit-note:2714,sale:2714,3,MIG-JM-CRED-2714,MIG-JM-VENTA-2714,2026-07-31,2026-08-15,15,1398,1398,0,Venta origen: 2714 | Usuario origen: ALONDRA26 | Credito abonado origen: 1398 | Status origen: 1
credit-note:2715,sale:2715,109,MIG-JM-CRED-2715,MIG-JM-VENTA-2715,2026-07-31,2026-07-31,1,6369,0,6369,Venta origen: 2715 | Usuario origen: ALONDRA26 | Credito abonado origen: 0 | Status origen: 1
credit-note:2716,sale:2716,109,MIG-JM-CRED-2716,MIG-JM-VENTA-2716,2026-07-31,2026-07-31,1,282,0,282,Venta origen: 2716 | Usuario origen: ALONDRA26 | Credito abonado origen: 0 | Status origen: 1
credit-note:2717,sale:2717,71,MIG-JM-CRED-2717,MIG-JM-VENTA-2717,2026-08-01,2026-08-01,1,13500,13500,0,Venta origen: 2717 | Usuario origen: ALONDRA26 | Credito abonado origen: 13500 | Status origen: 1
credit-note:2718,sale:2718,87,MIG-JM-CRED-2718,MIG-JM-VENTA-2718,2026-08-01,2026-08-31,30,2880,2880,0,Venta origen: 2718 | Usuario origen: ALONDRA26 | Credito abonado origen: 2880 | Status origen: 1
credit-note:2719,sale:2719,2,MIG-JM-CRED-2719,MIG-JM-VENTA-2719,2026-08-01,2026-08-01,1,92,92,0,Venta origen: 2719 | Usuario origen: ALONDRA26 | Credito abonado origen: 92 | Status origen: 1
credit-note:2720,sale:2720,2,MIG-JM-CRED-2720,MIG-JM-VENTA-2720,2026-08-01,2026-08-16,15,143,143,0,Venta origen: 2720 | Usuario origen: ALONDRA26 | Credito abonado origen: 143 | Status origen: 1
credit-note:2721,sale:2721,64,MIG-JM-CRED-2721,MIG-JM-VENTA-2721,2026-08-03,2026-09-02,30,7200,0,7200,Venta origen: 2721 | Usuario origen: ALONDRA26 | Credito abonado origen: 0 | Status origen: 1
credit-note:2722,sale:2722,109,MIG-JM-CRED-2722,MIG-JM-VENTA-2722,2026-08-03,2026-08-03,1,94,0,94,Venta origen: 2722 | Usuario origen: ALONDRA26 | Credito abonado origen: 0 | Status origen: 1
credit-note:2723,sale:2723,79,MIG-JM-CRED-2723,MIG-JM-VENTA-2723,2026-08-03,2026-09-02,30,5220,0,5220,Venta origen: 2723 | Usuario origen: ALONDRA26 | Credito abonado origen: 0 | Status origen: 1
credit-note:2724,sale:2724,2,MIG-JM-CRED-2724,MIG-JM-VENTA-2724,2026-08-03,2026-08-03,1,2190,2190,0,Venta origen: 2724 | Usuario origen: ALONDRA26 | Credito abonado origen: 2190 | Status origen: 1
credit-note:2725,sale:2725,87,MIG-JM-CRED-2725,MIG-JM-VENTA-2725,2026-08-03,2026-09-02,30,1080,1080,0,Venta origen: 2725 | Usuario origen: ALONDRA26 | Credito abonado origen: 1080 | Status origen: 1
credit-note:2726,sale:2726,53,MIG-JM-CRED-2726,MIG-JM-VENTA-2726,2026-08-03,2026-09-02,30,9200,0,9200,Venta origen: 2726 | Usuario origen: ALONDRA26 | Credito abonado origen: 0 | Status origen: 1
credit-note:2727,sale:2727,53,MIG-JM-CRED-2727,MIG-JM-VENTA-2727,2026-08-03,2026-09-02,30,7250,0,7250,Venta origen: 2727 | Usuario origen: ALONDRA26 | Credito abonado origen: 0 | Status origen: 1
credit-note:2728,sale:2728,85,MIG-JM-CRED-2728,MIG-JM-VENTA-2728,2026-08-03,2026-09-02,30,1844,1844,0,Venta origen: 2728 | Usuario origen: ALONDRA26 | Credito abonado origen: 1844 | Status origen: 1
credit-note:2729,sale:2729,53,MIG-JM-CRED-2729,MIG-JM-VENTA-2729,2026-08-03,2026-09-02,30,11500,0,11500,Venta origen: 2729 | Usuario origen: ALONDRA26 | Credito abonado origen: 0 | Status origen: 1
credit-note:2730,sale:2730,2,MIG-JM-CRED-2730,MIG-JM-VENTA-2730,2026-08-04,2026-08-04,1,4400,0,4400,Venta origen: 2730 | Usuario origen: ALONDRA26 | Credito abonado origen: 0 | Status origen: 0
credit-note:2731,sale:2731,53,MIG-JM-CRED-2731,MIG-JM-VENTA-2731,2026-08-04,2026-09-03,30,11320,0,11320,Venta origen: 2731 | Usuario origen: ALONDRA26 | Credito abonado origen: 0 | Status origen: 1
credit-note:2732,sale:2732,79,MIG-JM-CRED-2732,MIG-JM-VENTA-2732,2026-08-04,2026-09-03,30,180,0,180,Venta origen: 2732 | Usuario origen: ALONDRA26 | Credito abonado origen: 0 | Status origen: 1
credit-note:2733,sale:2733,19,MIG-JM-CRED-2733,MIG-JM-VENTA-2733,2026-08-04,2026-08-19,15,486,486,0,Venta origen: 2733 | Usuario origen: ALONDRA26 | Credito abonado origen: 486 | Status origen: 1
credit-note:2734,sale:2734,19,MIG-JM-CRED-2734,MIG-JM-VENTA-2734,2026-08-04,2026-08-19,15,27,27,0,Venta origen: 2734 | Usuario origen: ALONDRA26 | Credito abonado origen: 27 | Status origen: 1
credit-note:2735,sale:2735,102,MIG-JM-CRED-2735,MIG-JM-VENTA-2735,2026-08-04,2026-09-03,30,24000,0,24000,Venta origen: 2735 | Usuario origen: ALONDRA26 | Credito abonado origen: 0 | Status origen: 1
credit-note:2736,sale:2736,53,MIG-JM-CRED-2736,MIG-JM-VENTA-2736,2026-08-04,2026-09-03,30,2347,0,2347,Venta origen: 2736 | Usuario origen: ALONDRA26 | Credito abonado origen: 0 | Status origen: 1
credit-note:2737,sale:2737,7,MIG-JM-CRED-2737,MIG-JM-VENTA-2737,2026-08-04,2026-09-03,30,2890,0,2890,Venta origen: 2737 | Usuario origen: ALONDRA26 | Credito abonado origen: 0 | Status origen: 1
credit-note:2738,sale:2738,5,MIG-JM-CRED-2738,MIG-JM-VENTA-2738,2026-08-04,2026-08-19,15,23,0,23,Venta origen: 2738 | Usuario origen: ALONDRA26 | Credito abonado origen: 0 | Status origen: 1
credit-note:2739,sale:2739,2,MIG-JM-CRED-2739,MIG-JM-VENTA-2739,2026-08-04,2026-08-19,15,2500,2500,0,Venta origen: 2739 | Usuario origen: ALONDRA26 | Credito abonado origen: 2500 | Status origen: 1
credit-note:2740,sale:2740,2,MIG-JM-CRED-2740,MIG-JM-VENTA-2740,2026-08-04,2026-08-19,15,281,281,0,Venta origen: 2740 | Usuario origen: ALONDRA26 | Credito abonado origen: 281 | Status origen: 1
credit-note:2741,sale:2741,5,MIG-JM-CRED-2741,MIG-JM-VENTA-2741,2026-08-05,2026-08-20,15,3450,0,3450,Venta origen: 2741 | Usuario origen: ALONDRA26 | Credito abonado origen: 0 | Status origen: 1
credit-note:2742,sale:2742,103,MIG-JM-CRED-2742,MIG-JM-VENTA-2742,2026-08-05,2026-09-04,30,4600,4600,0,Venta origen: 2742 | Usuario origen: ALONDRA26 | Credito abonado origen: 4600 | Status origen: 1
credit-note:2743,sale:2743,5,MIG-JM-CRED-2743,MIG-JM-VENTA-2743,2026-08-05,2026-08-20,15,2850,0,2850,Venta origen: 2743 | Usuario origen: ALONDRA26 | Credito abonado origen: 0 | Status origen: 1
credit-note:2744,sale:2744,5,MIG-JM-CRED-2744,MIG-JM-VENTA-2744,2026-08-05,2026-08-20,15,975,0,975,Venta origen: 2744 | Usuario origen: ALONDRA26 | Credito abonado origen: 0 | Status origen: 1
credit-note:2745,sale:2745,2,MIG-JM-CRED-2745,MIG-JM-VENTA-2745,2026-08-05,2026-08-05,1,240,240,0,Venta origen: 2745 | Usuario origen: ALONDRA26 | Credito abonado origen: 240 | Status origen: 1
credit-note:2746,sale:2746,2,MIG-JM-CRED-2746,MIG-JM-VENTA-2746,2026-08-05,2026-08-20,15,70,70,0,Venta origen: 2746 | Usuario origen: ALONDRA26 | Credito abonado origen: 70 | Status origen: 1
credit-note:2747,sale:2747,102,MIG-JM-CRED-2747,MIG-JM-VENTA-2747,2026-08-05,2026-09-04,30,7640,0,7640,Venta origen: 2747 | Usuario origen: ALONDRA26 | Credito abonado origen: 0 | Status origen: 1
credit-note:2748,sale:2748,114,MIG-JM-CRED-2748,MIG-JM-VENTA-2748,2026-08-05,2026-09-04,30,5850,0,5850,Venta origen: 2748 | Usuario origen: ALONDRA26 | Credito abonado origen: 0 | Status origen: 1
credit-note:2749,sale:2749,53,MIG-JM-CRED-2749,MIG-JM-VENTA-2749,2026-08-05,2026-09-04,30,2403,0,2403,Venta origen: 2749 | Usuario origen: ALONDRA26 | Credito abonado origen: 0 | Status origen: 1
credit-note:2750,sale:2750,109,MIG-JM-CRED-2750,MIG-JM-VENTA-2750,2026-08-05,2026-08-05,1,3150,0,3150,Venta origen: 2750 | Usuario origen: ALONDRA26 | Credito abonado origen: 0 | Status origen: 1
credit-note:2751,sale:2751,53,MIG-JM-CRED-2751,MIG-JM-VENTA-2751,2026-08-05,2026-09-04,30,16000,0,16000,Venta origen: 2751 | Usuario origen: ALONDRA26 | Credito abonado origen: 0 | Status origen: 1
credit-note:2752,sale:2752,2,MIG-JM-CRED-2752,MIG-JM-VENTA-2752,2026-08-05,2026-08-20,15,157.5,157.5,0,Venta origen: 2752 | Usuario origen: ALONDRA26 | Credito abonado origen: 157.5 | Status origen: 1
credit-note:2753,sale:2753,104,MIG-JM-CRED-2753,MIG-JM-VENTA-2753,2026-08-05,2026-09-04,30,8045,0,8045,Venta origen: 2753 | Usuario origen: ALONDRA26 | Credito abonado origen: 0 | Status origen: 1
credit-note:2754,sale:2754,21,MIG-JM-CRED-2754,MIG-JM-VENTA-2754,2026-08-06,2026-08-21,15,2100,2100,0,Venta origen: 2754 | Usuario origen: ALONDRA26 | Credito abonado origen: 2100 | Status origen: 1
credit-note:2755,sale:2755,109,MIG-JM-CRED-2755,MIG-JM-VENTA-2755,2026-08-06,2026-08-06,1,1122,0,1122,Venta origen: 2755 | Usuario origen: ALONDRA26 | Credito abonado origen: 0 | Status origen: 1
credit-note:2756,sale:2756,19,MIG-JM-CRED-2756,MIG-JM-VENTA-2756,2026-08-06,2026-08-21,15,12000,12000,0,Venta origen: 2756 | Usuario origen: ALONDRA26 | Credito abonado origen: 12000 | Status origen: 1
credit-note:2757,sale:2757,2,MIG-JM-CRED-2757,MIG-JM-VENTA-2757,2026-08-06,2026-08-06,1,267,267,0,Venta origen: 2757 | Usuario origen: ALONDRA26 | Credito abonado origen: 267 | Status origen: 1
credit-note:2758,sale:2758,5,MIG-JM-CRED-2758,MIG-JM-VENTA-2758,2026-08-06,2026-08-21,15,1200,0,1200,Venta origen: 2758 | Usuario origen: ALONDRA26 | Credito abonado origen: 0 | Status origen: 1
credit-note:2759,sale:2759,102,MIG-JM-CRED-2759,MIG-JM-VENTA-2759,2026-08-06,2026-09-05,30,12000,0,12000,Venta origen: 2759 | Usuario origen: ALONDRA26 | Credito abonado origen: 0 | Status origen: 1
credit-note:2760,sale:2760,102,MIG-JM-CRED-2760,MIG-JM-VENTA-2760,2026-08-06,2026-09-05,30,6000,0,6000,Venta origen: 2760 | Usuario origen: ALONDRA26 | Credito abonado origen: 0 | Status origen: 1
credit-note:2761,sale:2761,2,MIG-JM-CRED-2761,MIG-JM-VENTA-2761,2026-08-06,2026-08-06,1,600,0,600,Venta origen: 2761 | Usuario origen: ALONDRA26 | Credito abonado origen: 0 | Status origen: 1
credit-note:2762,sale:2762,53,MIG-JM-CRED-2762,MIG-JM-VENTA-2762,2026-08-06,2026-09-05,30,16500,0,16500,Venta origen: 2762 | Usuario origen: ALONDRA26 | Credito abonado origen: 0 | Status origen: 1
credit-note:2763,sale:2763,67,MIG-JM-CRED-2763,MIG-JM-VENTA-2763,2026-08-07,2026-08-22,15,2200,0,2200,Venta origen: 2763 | Usuario origen: ALONDRA26 | Credito abonado origen: 0 | Status origen: 1
credit-note:2764,sale:2764,46,MIG-JM-CRED-2764,MIG-JM-VENTA-2764,2026-08-07,2026-09-06,30,3000,0,3000,Venta origen: 2764 | Usuario origen: ALONDRA26 | Credito abonado origen: 0 | Status origen: 1
credit-note:2765,sale:2765,109,MIG-JM-CRED-2765,MIG-JM-VENTA-2765,2026-08-07,2026-08-07,1,5515,0,5515,Venta origen: 2765 | Usuario origen: ALONDRA26 | Credito abonado origen: 0 | Status origen: 1
credit-note:2766,sale:2766,2,MIG-JM-CRED-2766,MIG-JM-VENTA-2766,2026-08-07,2026-08-22,15,178,178,0,Venta origen: 2766 | Usuario origen: ALONDRA26 | Credito abonado origen: 178 | Status origen: 1
credit-note:2767,sale:2767,2,MIG-JM-CRED-2767,MIG-JM-VENTA-2767,2026-08-07,2026-08-22,15,259,259,0,Venta origen: 2767 | Usuario origen: ALONDRA26 | Credito abonado origen: 259 | Status origen: 1
credit-note:2768,sale:2768,53,MIG-JM-CRED-2768,MIG-JM-VENTA-2768,2026-08-07,2026-09-06,30,2325,0,2325,Venta origen: 2768 | Usuario origen: ALONDRA26 | Credito abonado origen: 0 | Status origen: 1
credit-note:2769,sale:2769,19,MIG-JM-CRED-2769,MIG-JM-VENTA-2769,2026-08-07,2026-08-22,15,18,18,0,Venta origen: 2769 | Usuario origen: ALONDRA26 | Credito abonado origen: 18 | Status origen: 1
credit-note:2770,sale:2770,120,MIG-JM-CRED-2770,MIG-JM-VENTA-2770,2026-08-07,2026-08-22,15,1500,0,1500,Venta origen: 2770 | Usuario origen: ALONDRA26 | Credito abonado origen: 0 | Status origen: 1
credit-note:2771,sale:2771,109,MIG-JM-CRED-2771,MIG-JM-VENTA-2771,2026-08-08,2026-08-23,15,1890,1890,0,Venta origen: 2771 | Usuario origen: ALONDRA26 | Credito abonado origen: 1890 | Status origen: 1
credit-note:2772,sale:2772,109,MIG-JM-CRED-2772,MIG-JM-VENTA-2772,2026-08-10,2026-08-25,15,1890,1890,0,Venta origen: 2772 | Usuario origen: ALONDRA26 | Credito abonado origen: 1890 | Status origen: 0
credit-note:2773,sale:2773,78,MIG-JM-CRED-2773,MIG-JM-VENTA-2773,2026-08-10,2026-08-25,15,7900,7900,0,Venta origen: 2773 | Usuario origen: ALONDRA26 | Credito abonado origen: 7900 | Status origen: 1
credit-note:2774,sale:2774,93,MIG-JM-CRED-2774,MIG-JM-VENTA-2774,2026-08-10,2026-09-09,30,6345,0,6345,Venta origen: 2774 | Usuario origen: ALONDRA26 | Credito abonado origen: 0 | Status origen: 1
credit-note:2775,sale:2775,53,MIG-JM-CRED-2775,MIG-JM-VENTA-2775,2026-08-10,2026-09-09,30,840,0,840,Venta origen: 2775 | Usuario origen: ALONDRA26 | Credito abonado origen: 0 | Status origen: 1
credit-note:2776,sale:2776,53,MIG-JM-CRED-2776,MIG-JM-VENTA-2776,2026-08-10,2026-09-09,30,11800,0,11800,Venta origen: 2776 | Usuario origen: ALONDRA26 | Credito abonado origen: 0 | Status origen: 1
credit-note:2777,sale:2777,2,MIG-JM-CRED-2777,MIG-JM-VENTA-2777,2026-08-10,2026-08-25,15,1500,1500,0,Venta origen: 2777 | Usuario origen: ALONDRA26 | Credito abonado origen: 1500 | Status origen: 1
credit-note:2778,sale:2778,2,MIG-JM-CRED-2778,MIG-JM-VENTA-2778,2026-08-10,2026-08-25,15,74,74,0,Venta origen: 2778 | Usuario origen: ALONDRA26 | Credito abonado origen: 74 | Status origen: 1
credit-note:2779,sale:2779,19,MIG-JM-CRED-2779,MIG-JM-VENTA-2779,2026-08-10,2026-08-25,15,35,0,35,Venta origen: 2779 | Usuario origen: ALONDRA26 | Credito abonado origen: 0 | Status origen: 1
credit-note:2780,sale:2780,121,MIG-JM-CRED-2780,MIG-JM-VENTA-2780,2026-08-10,2026-09-09,30,25000,0,25000,Venta origen: 2780 | Usuario origen: ALONDRA26 | Credito abonado origen: 0 | Status origen: 1
credit-note:2781,sale:2781,88,MIG-JM-CRED-2781,MIG-JM-VENTA-2781,2026-08-10,2026-08-25,15,1500,0,1500,Venta origen: 2781 | Usuario origen: ALONDRA26 | Credito abonado origen: 0 | Status origen: 0
credit-note:2782,sale:2782,34,MIG-JM-CRED-2782,MIG-JM-VENTA-2782,2026-08-10,2026-09-09,30,11150,0,11150,Venta origen: 2782 | Usuario origen: ALONDRA26 | Credito abonado origen: 0 | Status origen: 1
credit-note:2783,sale:2783,29,MIG-JM-CRED-2783,MIG-JM-VENTA-2783,2026-08-10,2026-09-09,30,1200,0,1200,Venta origen: 2783 | Usuario origen: ALONDRA26 | Credito abonado origen: 0 | Status origen: 1
credit-note:2784,sale:2784,120,MIG-JM-CRED-2784,MIG-JM-VENTA-2784,2026-08-10,2026-08-25,15,1740,0,1740,Venta origen: 2784 | Usuario origen: ALONDRA26 | Credito abonado origen: 0 | Status origen: 1
credit-note:2785,sale:2785,53,MIG-JM-CRED-2785,MIG-JM-VENTA-2785,2026-08-11,2026-09-10,30,6400,0,6400,Venta origen: 2785 | Usuario origen: ALONDRA26 | Credito abonado origen: 0 | Status origen: 1
credit-note:2786,sale:2786,53,MIG-JM-CRED-2786,MIG-JM-VENTA-2786,2026-08-11,2026-09-10,30,1400,0,1400,Venta origen: 2786 | Usuario origen: ALONDRA26 | Credito abonado origen: 0 | Status origen: 1
credit-note:2787,sale:2787,53,MIG-JM-CRED-2787,MIG-JM-VENTA-2787,2026-08-11,2026-09-10,30,13500,0,13500,Venta origen: 2787 | Usuario origen: ALONDRA26 | Credito abonado origen: 0 | Status origen: 1
credit-note:2788,sale:2788,53,MIG-JM-CRED-2788,MIG-JM-VENTA-2788,2026-08-11,2026-09-10,30,1400,0,1400,Venta origen: 2788 | Usuario origen: ALONDRA26 | Credito abonado origen: 0 | Status origen: 1
credit-note:2789,sale:2789,53,MIG-JM-CRED-2789,MIG-JM-VENTA-2789,2026-08-11,2026-09-10,30,2300,0,2300,Venta origen: 2789 | Usuario origen: ALONDRA26 | Credito abonado origen: 0 | Status origen: 1
credit-note:2790,sale:2790,53,MIG-JM-CRED-2790,MIG-JM-VENTA-2790,2026-08-11,2026-09-10,30,8200,0,8200,Venta origen: 2790 | Usuario origen: ALONDRA26 | Credito abonado origen: 0 | Status origen: 1
credit-note:2791,sale:2791,53,MIG-JM-CRED-2791,MIG-JM-VENTA-2791,2026-08-11,2026-09-10,30,1550,0,1550,Venta origen: 2791 | Usuario origen: ALONDRA26 | Credito abonado origen: 0 | Status origen: 1
credit-note:2792,sale:2792,2,MIG-JM-CRED-2792,MIG-JM-VENTA-2792,2026-08-11,2026-08-26,15,115,115,0,Venta origen: 2792 | Usuario origen: ALONDRA26 | Credito abonado origen: 115 | Status origen: 1
credit-note:2793,sale:2793,53,MIG-JM-CRED-2793,MIG-JM-VENTA-2793,2026-08-11,2026-09-10,30,5900,0,5900,Venta origen: 2793 | Usuario origen: ALONDRA26 | Credito abonado origen: 0 | Status origen: 1
credit-note:2794,sale:2794,102,MIG-JM-CRED-2794,MIG-JM-VENTA-2794,2026-08-11,2026-09-10,30,11640,0,11640,Venta origen: 2794 | Usuario origen: ALONDRA26 | Credito abonado origen: 0 | Status origen: 1
credit-note:2795,sale:2795,121,MIG-JM-CRED-2795,MIG-JM-VENTA-2795,2026-08-11,2026-08-26,15,45684.5,45684.5,0,Venta origen: 2795 | Usuario origen: ALONDRA26 | Credito abonado origen: 45684.5 | Status origen: 1
credit-note:2796,sale:2796,2,MIG-JM-CRED-2796,MIG-JM-VENTA-2796,2026-08-11,2026-08-26,15,290,290,0,Venta origen: 2796 | Usuario origen: ALONDRA26 | Credito abonado origen: 290 | Status origen: 1
credit-note:2797,sale:2797,102,MIG-JM-CRED-2797,MIG-JM-VENTA-2797,2026-08-12,2026-09-11,30,12000,0,12000,Venta origen: 2797 | Usuario origen: ALONDRA26 | Credito abonado origen: 0 | Status origen: 1
credit-note:2798,sale:2798,87,MIG-JM-CRED-2798,MIG-JM-VENTA-2798,2026-08-12,2026-09-11,30,3300,0,3300,Venta origen: 2798 | Usuario origen: ALONDRA26 | Credito abonado origen: 0 | Status origen: 1
credit-note:2799,sale:2799,67,MIG-JM-CRED-2799,MIG-JM-VENTA-2799,2026-08-12,2026-08-27,15,600,0,600,Venta origen: 2799 | Usuario origen: ALONDRA26 | Credito abonado origen: 0 | Status origen: 1
credit-note:2800,sale:2800,64,MIG-JM-CRED-2800,MIG-JM-VENTA-2800,2026-08-12,2026-09-11,30,6600,0,6600,Venta origen: 2800 | Usuario origen: ALONDRA26 | Credito abonado origen: 0 | Status origen: 1
credit-note:2801,sale:2801,91,MIG-JM-CRED-2801,MIG-JM-VENTA-2801,2026-08-12,2026-09-11,30,1950,0,1950,Venta origen: 2801 | Usuario origen: ALONDRA26 | Credito abonado origen: 0 | Status origen: 1
credit-note:2802,sale:2802,53,MIG-JM-CRED-2802,MIG-JM-VENTA-2802,2026-08-12,2026-09-11,30,3354,0,3354,Venta origen: 2802 | Usuario origen: ALONDRA26 | Credito abonado origen: 0 | Status origen: 1
credit-note:2803,sale:2803,87,MIG-JM-CRED-2803,MIG-JM-VENTA-2803,2026-08-12,2026-09-11,30,13,0,13,Venta origen: 2803 | Usuario origen: ALONDRA26 | Credito abonado origen: 0 | Status origen: 1
credit-note:2804,sale:2804,115,MIG-JM-CRED-2804,MIG-JM-VENTA-2804,2026-08-12,2026-08-27,15,2500,0,2500,Venta origen: 2804 | Usuario origen: ALONDRA26 | Credito abonado origen: 0 | Status origen: 1
credit-note:2805,sale:2805,2,MIG-JM-CRED-2805,MIG-JM-VENTA-2805,2026-08-12,2026-08-27,15,62,62,0,Venta origen: 2805 | Usuario origen: ALONDRA26 | Credito abonado origen: 62 | Status origen: 1
