legacy_id,transaction_legacy_id,product_legacy_id,product_uom_legacy_id,qty,factor_used,qty_base,unit_price,line_total,barcode_scanned
purchase-item:1,purchase:1,284,presentation:287,41,1,41,25,1025,
purchase-item:2,purchase:2,234,presentation:233,3,1,3,33,99,
purchase-item:3,purchase:2,241,presentation:241,1,1,1,33,33,
purchase-item:4,purchase:2,247,presentation:248,1,1,1,33,33,
purchase-item:5,purchase:3,5,presentation:3,13,40,520,3800,49400,
purchase-item:6,purchase:3,7,presentation:7,13,40,520,3150,40950,
purchase-item:7,purchase:4,284,presentation:287,41,1,41,25,1025,
purchase-item:8,purchase:5,287,presentation:290,94,1,94,23,2162,
purchase-item:9,purchase:6,287,presentation:290,500,1,500,18,9000,
purchase-item:10,purchase:7,540,presentation:545,4,1,4,721.14,2884.56,
purchase-item:11,purchase:7,541,presentation:546,5,1,5,189.09,945.44,
purchase-item:12,purchase:7,542,presentation:547,5,1,5,148,739.99,
purchase-item:13,purchase:7,543,presentation:548,5,1,5,183.36,916.8,
purchase-item:14,purchase:7,544,presentation:549,5,1,5,269.6,1348,
purchase-item:15,purchase:7,545,presentation:550,5,1,5,308.77,1543.85,
purchase-item:16,purchase:8,546,presentation:552,100,1,100,0.42,41.6,
purchase-item:17,purchase:8,547,presentation:553,20,1,20,25.12,502.4,
purchase-item:18,purchase:8,548,presentation:554,2,1,2,234,468,
purchase-item:19,purchase:8,549,presentation:556,4,1,4,96,384,
purchase-item:20,purchase:8,550,presentation:561,4,1,4,108,432,
purchase-item:21,purchase:8,551,presentation:563,4,1,4,59.34,237.36,
purchase-item:22,purchase:8,553,presentation:564,4,1,4,45.54,182.16,
purchase-item:23,purchase:8,554,presentation:565,2,1,2,69,138,
purchase-item:24,purchase:8,555,presentation:566,2,1,2,75.9,151.8,
purchase-item:25,purchase:8,557,presentation:569,11,1,11,31.25,343.75,
purchase-item:26,purchase:8,556,presentation:570,6,1,6,59.44,356.64,
purchase-item:27,purchase:9,516,presentation:523,1200,1,1200,3.3,3963.74,
purchase-item:28,purchase:10,514,presentation:521,100,1,100,14.1,1410.32,
purchase-item:29,purchase:11,515,presentation:522,200,1,200,5.79,1158.56,
purchase-item:30,purchase:12,527,presentation:532,100,1,100,4.72,472.13,
purchase-item:31,purchase:13,352,presentation:361,100,1,100,32.37,3237.08,
purchase-item:32,purchase:14,368,presentation:376,100,1,100,25.47,2547.01,
purchase-item:33,purchase:15,287,presentation:290,1000,1,1000,19,19000,
purchase-item:34,purchase:16,633,presentation:638,30,1,30,168.83,5065,
purchase-item:35,purchase:17,683,presentation:687,100,1,100,145.5,14549.73,
purchase-item:36,purchase:18,697,presentation:700,50,1,50,119.94,5997.2,
purchase-item:37,purchase:19,696,presentation:701,1,1,1,612.87,612.87,
purchase-item:38,purchase:20,698,presentation:703,4,1,4,3400,13600,
purchase-item:39,purchase:20,699,presentation:705,4,40,160,4300,17200,
purchase-item:40,purchase:21,700,presentation:708,3,1,3,2501.2,7503.61,
purchase-item:41,purchase:21,300,presentation:307,7,1,7,142.12,994.86,
purchase-item:42,purchase:21,310,presentation:317,13,1,13,324.92,4224,
purchase-item:43,purchase:21,334,presentation:340,3,1,3,170.66,511.97,
purchase-item:44,purchase:21,319,presentation:326,29,1,29,131,3798.9,
purchase-item:45,purchase:22,730,presentation:737,29,100,2900,1676.83,48627.98,
purchase-item:46,purchase:23,733,presentation:740,200,1,200,468.45,93689.58,
purchase-item:47,purchase:24,745,presentation:751,3,1,3,452.67,1358,
purchase-item:48,purchase:25,747,presentation:757,18,1,18,1741.13,31340.36,
purchase-item:49,purchase:26,771,presentation:801,9,1,9,2422.1,21798.92,
purchase-item:50,purchase:27,783,presentation:821,15,1,15,1033.48,15502.25,
purchase-item:51,purchase:28,797,presentation:836,2,1,2,483.87,967.74,
purchase-item:52,purchase:29,5,presentation:3,5.5,40,220,4218,23199,
purchase-item:53,purchase:30,800,presentation:839,1,1,1,1975.79,1975.79,
purchase-item:54,purchase:30,801,presentation:840,1,1,1,1828.53,1828.53,
purchase-item:55,purchase:30,799,presentation:838,1,1,1,2914.84,2914.84,
purchase-item:56,purchase:31,5,presentation:4,480,1,480,105.45,50616,
purchase-item:57,purchase:32,802,presentation:841,5,1,5,47.71,238.55,
purchase-item:58,purchase:32,803,presentation:842,5,1,5,55.13,275.67,
purchase-item:59,purchase:32,804,presentation:843,5,1,5,2.22,11.08,
purchase-item:60,purchase:32,110,presentation:109,2,1,2,199,398,
purchase-item:61,purchase:32,176,presentation:175,2,1,2,125,250,
purchase-item:62,purchase:33,806,presentation:846,10,1,10,11.38,113.8,
purchase-item:63,purchase:33,807,presentation:847,10,1,10,20.65,206.48,
purchase-item:64,purchase:33,808,presentation:848,10,1,10,25.28,252.76,
purchase-item:65,purchase:33,809,presentation:849,10,1,10,35.15,351.48,
purchase-item:66,purchase:33,810,presentation:850,5,1,5,53.06,265.29,
purchase-item:67,purchase:33,811,presentation:851,5,1,5,117.94,589.69,
purchase-item:68,purchase:33,813,presentation:852,5,1,5,164.55,822.73,
purchase-item:69,purchase:33,815,presentation:854,10,1,10,37.9,378.97,
purchase-item:70,purchase:33,817,presentation:856,10,1,10,33.71,337.1,
purchase-item:71,purchase:33,818,presentation:857,10,1,10,17.37,173.65,
purchase-item:72,purchase:33,819,presentation:858,10,1,10,46.41,464.12,
purchase-item:73,purchase:33,820,presentation:859,10,1,10,658.43,6584.28,
purchase-item:74,purchase:33,821,presentation:860,10,1,10,1085.08,10850.76,
purchase-item:75,purchase:33,822,presentation:861,10,1,10,18.32,183.16,
purchase-item:76,purchase:33,823,presentation:862,10,1,10,24.4,243.95,
purchase-item:77,purchase:33,812,presentation:863,5,1,5,282.58,1412.88,
purchase-item:78,purchase:33,824,presentation:864,10,1,10,17.43,174.35,
purchase-item:79,purchase:33,814,presentation:853,10,1,10,25.43,254.27,
purchase-item:80,purchase:34,826,presentation:866,10,1,10,96.92,969.18,
purchase-item:81,purchase:34,827,presentation:867,10,1,10,119.19,1191.9,
purchase-item:82,purchase:34,828,presentation:868,5,1,5,39,195,
purchase-item:83,purchase:34,829,presentation:869,5,1,5,23,115.01,
purchase-item:84,purchase:34,830,presentation:870,5,1,5,16,79.98,
purchase-item:85,purchase:34,831,presentation:871,5,1,5,23,115.01,
purchase-item:86,purchase:34,832,presentation:872,2,1,2,162.01,324.01,
purchase-item:87,purchase:34,833,presentation:873,12,1,12,29.63,355.52,
purchase-item:88,purchase:34,834,presentation:874,10,1,10,71.73,717.34,
purchase-item:89,purchase:34,835,presentation:875,5,1,5,117,584.99,
purchase-item:90,purchase:34,836,presentation:876,3,1,3,30.4,91.21,
purchase-item:91,purchase:34,837,presentation:877,10,1,10,40.8,407.97,
purchase-item:92,purchase:34,838,presentation:878,3,1,3,146,437.99,
purchase-item:93,purchase:34,839,presentation:879,5,1,5,28.65,143.26,
purchase-item:94,purchase:34,840,presentation:880,10,1,10,29.5,294.99,
purchase-item:95,purchase:34,841,presentation:881,3,1,3,43.8,131.4,
purchase-item:96,purchase:34,842,presentation:882,5,1,5,26.1,130.5,
purchase-item:97,purchase:34,843,presentation:883,5,1,5,55.4,277.01,
purchase-item:98,purchase:34,844,presentation:884,3,1,3,154,462,
purchase-item:99,purchase:34,845,presentation:885,3,1,3,58,174,
purchase-item:100,purchase:34,846,presentation:886,10,1,10,117.6,1176.01,
purchase-item:101,purchase:34,847,presentation:887,5,1,5,60,299.98,
purchase-item:102,purchase:34,848,presentation:888,10,1,10,83.94,839.38,
purchase-item:103,purchase:34,849,presentation:889,5,1,5,34,170,
purchase-item:104,purchase:34,850,presentation:890,10,1,10,4.39,43.85,
purchase-item:105,purchase:34,851,presentation:891,80,1,80,72.99,5839.21,
purchase-item:106,purchase:35,854,presentation:894,1,1,1,1438.4,1438.4,
purchase-item:107,purchase:35,855,presentation:895,1,1,1,1806.7,1806.7,
purchase-item:108,purchase:35,856,presentation:896,1,1,1,1289.78,1289.78,
purchase-item:109,purchase:36,857,presentation:897,10,1,10,9.48,94.8,
purchase-item:110,purchase:36,858,presentation:898,10,1,10,12.07,120.7,
purchase-item:111,purchase:36,859,presentation:899,10,1,10,12.93,129.3,
purchase-item:112,purchase:36,860,presentation:900,10,1,10,15.52,155.2,
purchase-item:113,purchase:36,861,presentation:901,10,1,10,24.13,241.3,
purchase-item:114,purchase:36,862,presentation:902,10,1,10,15.95,159.5,
purchase-item:115,purchase:36,863,presentation:903,10,1,10,8.62,86.2,
purchase-item:116,purchase:36,864,presentation:904,10,1,10,12.07,120.7,
purchase-item:117,purchase:36,865,presentation:905,10,1,10,15.52,155.2,
purchase-item:118,purchase:36,866,presentation:907,5,1,5,18.97,94.85,
purchase-item:119,purchase:36,868,presentation:908,2,1,2,18.97,37.94,
purchase-item:120,purchase:36,869,presentation:909,2,1,2,21.55,43.1,
purchase-item:121,purchase:36,870,presentation:910,2,1,2,23.28,46.56,
purchase-item:122,purchase:36,871,presentation:911,4,1,4,111.21,444.84,
purchase-item:123,purchase:36,872,presentation:912,4,1,4,81.9,327.6,
purchase-item:124,purchase:36,873,presentation:913,4,1,4,49.14,196.56,
purchase-item:125,purchase:36,874,presentation:914,5,1,5,53.45,267.25,
purchase-item:126,purchase:36,875,presentation:915,4,1,4,62.32,249.28,
purchase-item:127,purchase:36,876,presentation:916,4,1,4,142.24,568.96,
purchase-item:128,purchase:36,877,presentation:917,4,1,4,34.48,137.92,
purchase-item:129,purchase:36,878,presentation:918,4,1,4,54.31,217.24,
purchase-item:130,purchase:36,879,presentation:919,4,1,4,44.83,179.32,
purchase-item:131,purchase:36,880,presentation:920,12,1,12,15.52,186.24,
purchase-item:132,purchase:36,882,presentation:922,1,1,1,3245.99,3245.99,
purchase-item:133,purchase:37,885,presentation:926,10,1,10,129.5,1294.98,
purchase-item:134,purchase:38,883,presentation:923,80,1,80,96.24,7699.2,
purchase-item:135,purchase:38,884,presentation:924,5,1,5,124.8,624,
purchase-item:136,purchase:38,886,presentation:925,5,1,5,124.8,624,
purchase-item:137,purchase:38,887,presentation:927,5,1,5,124.8,624,
purchase-item:138,purchase:38,888,presentation:928,5,1,5,124.8,624,
purchase-item:139,purchase:38,893,presentation:933,5,1,5,145.4,727,
purchase-item:140,purchase:38,892,presentation:932,5,1,5,145.4,727,
purchase-item:141,purchase:38,891,presentation:931,5,1,5,145.4,727,
purchase-item:142,purchase:38,890,presentation:930,5,1,5,145.4,727,
purchase-item:143,purchase:38,889,presentation:929,5,1,5,145.4,727,
purchase-item:144,purchase:39,894,presentation:934,4,1,4,59,235.99,
purchase-item:145,purchase:39,895,presentation:935,2,1,2,115,230,
purchase-item:146,purchase:39,896,presentation:936,1,1,1,2125,2125,
purchase-item:147,purchase:40,897,presentation:938,12,1,12,28,336,
purchase-item:148,purchase:40,898,presentation:939,12,1,12,18.67,224,
purchase-item:149,purchase:40,899,presentation:940,12,1,12,18.67,224.08,
purchase-item:150,purchase:40,900,presentation:941,24,1,24,13.5,324,
purchase-item:151,purchase:40,901,presentation:942,5,1,5,35.33,176.65,
purchase-item:152,purchase:40,902,presentation:943,36,1,36,12.67,456.12,
purchase-item:153,purchase:40,903,presentation:944,2,1,2,149.33,298.66,
purchase-item:154,purchase:40,904,presentation:945,2,1,2,213.33,426.66,
purchase-item:155,purchase:40,905,presentation:946,10,1,10,65.33,653.3,
purchase-item:156,purchase:41,907,presentation:948,6,1,6,35.82,214.92,
purchase-item:157,purchase:41,908,presentation:949,6,1,6,145,870,
purchase-item:158,purchase:41,909,presentation:950,6,1,6,84.9,509.4,
purchase-item:159,purchase:41,910,presentation:951,6,1,6,58.59,351.55,
purchase-item:160,purchase:41,683,presentation:687,100,1,100,4.7,469.8,
purchase-item:161,purchase:41,669,presentation:673,100,1,100,5.8,580,
purchase-item:162,purchase:41,694,presentation:698,70,1,70,30.23,2116.07,
purchase-item:163,purchase:41,911,presentation:952,50,1,50,20.56,1027.76,
purchase-item:164,purchase:41,912,presentation:953,5,1,5,19.23,96.16,
purchase-item:165,purchase:41,844,presentation:884,4,1,4,154,616.01,
purchase-item:166,purchase:42,5,presentation:4,400,1,400,105.5,42200,
purchase-item:167,purchase:42,8,presentation:10,80,1,80,75,6000,
purchase-item:168,purchase:43,913,presentation:954,33,1,33,409.09,13500,
purchase-item:169,purchase:44,699,presentation:706,160,1,160,110,17600,
purchase-item:170,purchase:44,7,presentation:8,160,1,160,82.5,13200,
purchase-item:171,purchase:45,914,presentation:955,100,1,100,60.25,6025,
purchase-item:172,purchase:45,915,presentation:956,300,1,300,157.52,47254.96,
purchase-item:173,purchase:46,783,presentation:821,33,1,33,38.81,1280.85,
purchase-item:174,purchase:46,694,presentation:698,54,1,54,30.23,1632.4,
purchase-item:175,purchase:46,916,presentation:957,1,1,1,27.54,27.54,
purchase-item:176,purchase:46,788,presentation:826,3,1,3,40.46,121.38,
purchase-item:177,purchase:46,917,presentation:958,6,1,6,22.38,134.26,
purchase-item:178,purchase:46,918,presentation:959,3,1,3,32.6,97.79,
purchase-item:179,purchase:46,911,presentation:952,9,1,9,20.56,185,
purchase-item:180,purchase:46,919,presentation:960,20,1,20,31.47,629.42,
purchase-item:181,purchase:46,920,presentation:961,1,1,1,47.37,47.37,
purchase-item:182,purchase:47,284,presentation:287,500,1,500,22,11000,
purchase-item:183,purchase:47,825,presentation:865,9,1,9,3500,31500,
purchase-item:184,purchase:48,921,presentation:962,500,1,500,69.89,34945,
purchase-item:185,purchase:49,702,presentation:710,1,1,1,2865.35,2865.35,
purchase-item:186,purchase:49,924,presentation:966,5,1,5,142.24,711.2,
purchase-item:187,purchase:49,925,presentation:967,3,1,3,211.21,633.63,
purchase-item:188,purchase:49,927,presentation:969,2,1,2,422.59,845.17,
purchase-item:189,purchase:50,926,presentation:968,1,1,1,146.55,146.55,
purchase-item:190,purchase:50,928,presentation:970,2,1,2,146.55,293.1,
purchase-item:191,purchase:50,929,presentation:971,2,1,2,146.55,293.1,
purchase-item:192,purchase:50,930,presentation:972,2,1,2,137.93,275.86,
purchase-item:193,purchase:50,931,presentation:973,2,1,2,240.7,481.39,
purchase-item:194,purchase:51,933,presentation:977,12,1,12,1403.12,16837.49,
purchase-item:195,purchase:52,7,presentation:8,240,1,240,82.5,19800,
purchase-item:196,purchase:53,937,presentation:981,8,1,8,19.89,159.15,
purchase-item:197,purchase:53,938,presentation:982,10,1,10,8.51,85.14,
purchase-item:198,purchase:53,940,presentation:984,10,1,10,14.58,145.81,
purchase-item:199,purchase:53,939,presentation:983,10,1,10,10.9,109.04,
purchase-item:200,purchase:53,942,presentation:986,5,1,5,41.16,205.78,
purchase-item:201,purchase:53,941,presentation:985,5,1,5,42,210.01,
purchase-item:202,purchase:53,943,presentation:987,6,1,6,21.34,128.06,
purchase-item:203,purchase:53,944,presentation:988,100,1,100,5.25,524.78,
purchase-item:204,purchase:53,945,presentation:989,5,1,5,409,2045.02,
purchase-item:205,purchase:53,946,presentation:990,5,1,5,543,2714.98,
purchase-item:206,purchase:54,5,presentation:3,10,40,400,4220,42200,
purchase-item:207,purchase:55,289,presentation:292,100,1,100,274.73,27473.44,
purchase-item:208,purchase:56,594,presentation:755,10.34,84,868.56,16752.46,173220.48,
purchase-item:209,purchase:57,242,presentation:243,2,1,2,171.55,343.1,
purchase-item:210,purchase:57,29,presentation:28,1,1,1,1245.69,1245.69,
purchase-item:211,purchase:57,228,presentation:228,1,1,1,1375,1375,
purchase-item:212,purchase:57,950,presentation:994,1,1,1,172.4,172.4,
purchase-item:213,purchase:57,951,presentation:995,10,1,10,92.33,923.29,
purchase-item:214,purchase:58,952,presentation:997,12,1,12,29.02,348.28,
purchase-item:215,purchase:58,953,presentation:998,10,1,10,170.69,1706.94,
purchase-item:216,purchase:58,954,presentation:999,10,1,10,20.63,206.25,
purchase-item:217,purchase:58,955,presentation:1000,6,1,6,95.53,573.16,
purchase-item:218,purchase:58,956,presentation:1001,10,1,10,50.63,506.34,
purchase-item:219,purchase:59,70,presentation:68,12,1,12,18.53,222.3,
purchase-item:220,purchase:59,224,presentation:223,4,1,4,11.15,44.59,
purchase-item:221,purchase:59,156,presentation:157,4,1,4,24.07,96.28,
purchase-item:222,purchase:59,961,presentation:1006,50,1,50,1.44,71.92,
purchase-item:223,purchase:59,963,presentation:1008,10,1,10,174.16,1741.62,
purchase-item:224,purchase:59,964,presentation:1009,50,1,50,72.48,3623.84,
purchase-item:225,purchase:59,965,presentation:1010,50,1,50,53.87,2693.52,
purchase-item:226,purchase:59,962,presentation:1007,24,1,24,233.26,5598.35,
purchase-item:227,purchase:60,698,presentation:704,80,1,80,170,13600,
purchase-item:228,purchase:60,8,presentation:10,320,1,320,70,22400,
purchase-item:229,purchase:61,979,presentation:1025,100,1,100,54.31,5431.03,
purchase-item:230,purchase:61,980,presentation:1026,100,1,100,71.12,7112.06,
purchase-item:231,purchase:61,981,presentation:1027,50,1,50,59.05,2952.58,
purchase-item:232,purchase:61,982,presentation:1028,50,1,50,164.58,8229.03,
purchase-item:233,purchase:62,983,presentation:1029,5,1,5,20,99.99,
purchase-item:234,purchase:62,701,presentation:709,3,1,3,2317.29,6951.87,
purchase-item:235,purchase:62,702,presentation:710,3,1,3,3236.12,9708.35,
purchase-item:236,purchase:63,984,presentation:1030,2,1,2,125,250,
purchase-item:237,purchase:63,985,presentation:1031,12,1,12,88.34,1060.06,
purchase-item:238,purchase:64,110,presentation:109,2,1,2,171.55,343.1,
purchase-item:239,purchase:64,228,presentation:228,1,1,1,1375,1375,
purchase-item:240,purchase:64,29,presentation:28,1,1,1,1719.9,1719.9,
purchase-item:241,purchase:65,699,presentation:705,6,40,240,4400,26400,
purchase-item:242,purchase:66,825,presentation:865,11.48,1,11.48,3498.48,40162.5,
purchase-item:243,purchase:67,4,presentation:1,36,20,720,4050,145800,
purchase-item:244,purchase:67,6,presentation:5,36,20,720,3300,118800,
purchase-item:245,purchase:68,703,presentation:711,33,30,990,303.03,10000,
purchase-item:246,purchase:68,913,presentation:954,33,1,33,303.03,10000,
purchase-item:247,purchase:69,991,presentation:1045,200,1,200,3.2,640,
purchase-item:248,purchase:69,992,presentation:1046,200,1,200,4.16,832,
purchase-item:249,purchase:69,993,presentation:1048,100,1,100,7.04,704,
purchase-item:250,purchase:70,994,presentation:1050,50,1,50,41.86,2093.12,
purchase-item:251,purchase:70,995,presentation:1051,51,1,51,41.37,2109.63,
purchase-item:252,purchase:70,70,presentation:68,10,1,10,19.45,194.53,
purchase-item:253,purchase:70,261,presentation:266,7,1,7,14.27,99.88,
purchase-item:254,purchase:70,960,presentation:1005,6,1,6,25.59,153.54,
purchase-item:255,purchase:70,171,presentation:172,5,1,5,5.89,29.46,
purchase-item:256,purchase:70,156,presentation:157,3,1,3,25.26,75.79,
purchase-item:257,purchase:70,822,presentation:861,10,1,10,15.29,152.89,
purchase-item:258,purchase:70,996,presentation:1052,10,1,10,2.33,23.32,
purchase-item:259,purchase:70,997,presentation:1053,10,1,10,2.92,29.23,
purchase-item:260,purchase:70,823,presentation:862,10,1,10,20.44,204.39,
purchase-item:261,purchase:71,228,presentation:228,1,1,1,1375,1375,
purchase-item:262,purchase:71,29,presentation:28,1,1,1,1665,1665,
purchase-item:263,purchase:72,176,presentation:175,6,1,6,107.76,646.56,
purchase-item:264,purchase:72,110,presentation:109,6,1,6,216.24,1297.44,
purchase-item:265,purchase:73,926,presentation:968,2,1,2,146.55,293.1,
purchase-item:266,purchase:73,928,presentation:970,1,1,1,316.2,316.2,
purchase-item:267,purchase:73,930,presentation:972,2,1,2,155.17,310.34,
purchase-item:268,purchase:73,998,presentation:1056,2,1,2,155.17,310.34,
purchase-item:269,purchase:74,699,presentation:706,320,1,320,107.5,34400,
purchase-item:270,purchase:75,558,presentation:555,200,1,200,0.76,152,
purchase-item:271,purchase:75,567,presentation:573,200,1,200,0.86,172,
purchase-item:272,purchase:75,1001,presentation:1059,3,1,3,28,84,
purchase-item:273,purchase:75,1002,presentation:1060,3,1,3,28,84,
purchase-item:274,purchase:75,1003,presentation:1061,3,1,3,28,84,
purchase-item:275,purchase:75,1004,presentation:1062,1,1,1,31.73,31.73,
purchase-item:276,purchase:75,1005,presentation:1063,1,1,1,44.17,44.17,
purchase-item:277,purchase:75,1006,presentation:1064,3,1,3,11.17,33.51,
purchase-item:278,purchase:75,1007,presentation:1065,5,1,5,24.62,123.1,
purchase-item:279,purchase:75,1008,presentation:1066,5,1,5,26.16,130.8,
purchase-item:280,purchase:75,1009,presentation:1068,5,1,5,37.14,185.7,
purchase-item:281,purchase:75,1010,presentation:1069,5,1,5,7.43,37.15,
purchase-item:282,purchase:75,1011,presentation:1070,5,1,5,9,45,
purchase-item:283,purchase:75,1012,presentation:1071,1,1,1,113.33,113.33,
purchase-item:284,purchase:75,1013,presentation:1072,1,1,1,141.49,141.49,
purchase-item:285,purchase:75,1000,presentation:1058,5,1,5,55,275,
purchase-item:286,purchase:76,1021,presentation:1081,50,1,50,19,950,
purchase-item:287,purchase:77,987,presentation:1035,7510,1,7510,3.5,26285,
purchase-item:288,purchase:78,1014,presentation:1073,25,1,25,71.91,1797.75,
purchase-item:289,purchase:78,1015,presentation:1075,25,1,25,135.38,3384.5,
purchase-item:290,purchase:78,638,presentation:643,15,1,15,2.24,33.6,
purchase-item:291,purchase:78,639,presentation:644,15,1,15,1.2,17.95,
purchase-item:292,purchase:78,641,presentation:646,10,1,10,5.86,58.6,
purchase-item:293,purchase:78,255,presentation:256,20,1,20,0.82,16.4,
purchase-item:294,purchase:78,55,presentation:54,20,1,20,0.93,18.6,
purchase-item:295,purchase:78,189,presentation:189,20,1,20,1.88,37.6,
purchase-item:296,purchase:78,222,presentation:221,20,1,20,1.5,30,
purchase-item:297,purchase:78,109,presentation:108,30,1,30,2.97,89.1,
purchase-item:298,purchase:78,31,presentation:29,10,1,10,0.59,5.9,
purchase-item:299,purchase:78,131,presentation:130,10,1,10,0.28,2.8,
purchase-item:300,purchase:78,66,presentation:65,30,1,30,8.46,253.8,
purchase-item:301,purchase:78,83,presentation:82,20,1,20,12.7,254,
purchase-item:302,purchase:78,250,presentation:251,30,1,30,3.52,105.6,
purchase-item:303,purchase:78,72,presentation:70,25,1,25,5.64,141,
purchase-item:304,purchase:78,122,presentation:121,20,1,20,5.64,112.8,
purchase-item:305,purchase:78,33,presentation:32,20,1,20,10.58,211.6,
purchase-item:306,purchase:78,74,presentation:74,40,1,40,32.22,1288.82,
purchase-item:307,purchase:79,703,presentation:711,1,30,30,7500,7500,
purchase-item:308,purchase:80,703,presentation:711,1,30,30,7500,7500,
purchase-item:309,purchase:81,1022,presentation:1082,3,1,3,613.41,1840.23,
purchase-item:310,purchase:81,269,presentation:270,20,1,20,56.59,1131.8,
purchase-item:311,purchase:81,237,presentation:238,20,1,20,97.39,1947.8,
purchase-item:312,purchase:81,633,presentation:638,5,1,5,317.72,1588.62,
purchase-item:313,purchase:82,703,presentation:711,1,30,30,7500,7500,
purchase-item:314,purchase:83,780,presentation:812,1,30,30,4500,4500,
purchase-item:315,purchase:84,780,presentation:812,1,30,30,4500,4500,
purchase-item:316,purchase:85,699,presentation:706,160,1,160,107.5,17200,
purchase-item:317,purchase:86,228,presentation:228,1,1,1,1375,1375,
purchase-item:318,purchase:86,29,presentation:28,1,1,1,1665,1665,
purchase-item:319,purchase:87,1023,presentation:1085,1,1,1,1664.99,1664.99,
purchase-item:320,purchase:88,987,presentation:1042,6,1000,6000,3600,21600,
purchase-item:321,purchase:89,699,presentation:706,320,1,320,107.5,34400,
purchase-item:322,purchase:90,1017,presentation:1077,15,2,30,45,675,
purchase-item:323,purchase:90,1018,presentation:1078,15,1,15,43,645,
purchase-item:324,purchase:90,1016,presentation:1076,15,1,15,40,600,
purchase-item:325,purchase:90,1020,presentation:1080,15,1,15,38,570,
purchase-item:326,purchase:90,1019,presentation:1079,15,1,15,82.2,1233,
purchase-item:327,purchase:91,5,presentation:3,36,40,1440,4120,148320,
purchase-item:328,purchase:92,957,presentation:1003,2,14,28,1000,2000,
purchase-item:329,purchase:93,284,presentation:287,2000,1,2000,21.8,43600,
purchase-item:330,purchase:94,776,presentation:806,5,1,5,53.43,267.15,
purchase-item:331,purchase:94,1026,presentation:1091,5,1,5,28.34,141.69,
purchase-item:332,purchase:94,833,presentation:873,12,1,12,29.63,355.52,
purchase-item:333,purchase:94,694,presentation:698,12,1,12,30.23,362.76,
purchase-item:334,purchase:94,1027,presentation:1092,4,1,4,31,123.98,
purchase-item:335,purchase:94,302,presentation:309,16,1,16,14,224.02,
purchase-item:336,purchase:94,1028,presentation:1093,2,1,2,110.01,220.01,
purchase-item:337,purchase:94,942,presentation:986,10,1,10,45.73,457.27,
purchase-item:338,purchase:94,1029,presentation:1094,3,1,3,66.78,200.34,
purchase-item:339,purchase:94,669,presentation:673,100,1,100,5.8,580,
purchase-item:340,purchase:94,1030,presentation:1095,4,1,4,19.65,78.6,
purchase-item:341,purchase:94,736,presentation:742,40,1,40,73.61,2944.34,
purchase-item:342,purchase:95,8,presentation:10,240,1,240,70,16800,
purchase-item:343,purchase:96,987,presentation:1042,9.9,1000,9900,3600,35640,
purchase-item:344,purchase:97,253,presentation:254,500,1,500,4.97,2486.34,
purchase-item:345,purchase:97,1033,presentation:1100,500,1,500,11.67,5834.68,
purchase-item:346,purchase:98,1034,presentation:1102,3,1,3,159.48,478.44,
purchase-item:347,purchase:98,1035,presentation:1103,1,1,1,142.24,142.24,
purchase-item:348,purchase:98,1036,presentation:1104,2,1,2,59.48,118.95,
purchase-item:349,purchase:98,75,presentation:77,1,1,1,145.69,145.69,
purchase-item:350,purchase:98,110,presentation:109,4,1,4,171.55,686.2,
purchase-item:351,purchase:98,1037,presentation:1105,4,1,4,42.24,168.96,
purchase-item:352,purchase:98,1038,presentation:1106,1,1,1,76.72,76.72,
purchase-item:353,purchase:98,116,presentation:114,3,1,3,53.45,160.35,
purchase-item:354,purchase:98,1039,presentation:1107,6,1,6,142.95,857.67,
purchase-item:355,purchase:99,852,presentation:892,30,1,30,300,9000,
purchase-item:356,purchase:100,923,presentation:964,1,7,7,1000,1000,
purchase-item:357,purchase:101,906,presentation:947,20,1,20,20,400,
purchase-item:358,purchase:102,40,presentation:39,1,1,1,95,95,
purchase-item:359,purchase:102,1040,presentation:1111,5,1,5,94.27,471.37,
purchase-item:360,purchase:102,705,presentation:713,10,1,10,5.55,55.45,
purchase-item:361,purchase:102,804,presentation:843,10,1,10,2.22,22.16,
purchase-item:362,purchase:103,777,presentation:807,5,1,5,115.9,579.5,
purchase-item:363,purchase:103,904,presentation:945,4,1,4,120,480,
purchase-item:364,purchase:104,913,presentation:954,33,1,33,424.24,14000,
purchase-item:365,purchase:105,699,presentation:706,320,1,320,110,35200,
purchase-item:366,purchase:106,999,presentation:1057,2,1,2,1200,2400,
purchase-item:367,purchase:107,5,presentation:3,32,40,1280,3990,127680,
purchase-item:368,purchase:108,1041,presentation:1116,5,1,5,190,950,
purchase-item:369,purchase:108,1042,presentation:1117,5,1,5,170,850,
purchase-item:370,purchase:108,1043,presentation:1118,5,1,5,160,800,
purchase-item:371,purchase:108,1044,presentation:1119,5,1,5,180,900,
purchase-item:372,purchase:108,1046,presentation:1120,12,1,12,110,1320,
purchase-item:373,purchase:108,1048,presentation:1122,5,1,5,190,950,
purchase-item:374,purchase:108,1049,presentation:1123,5,1,5,190,950,
purchase-item:375,purchase:108,1047,presentation:1121,10,1,10,85,850,
purchase-item:376,purchase:108,1050,presentation:1124,20,1,20,95,1900,
purchase-item:377,purchase:109,703,presentation:711,1,30,30,7500,7500,
purchase-item:378,purchase:110,703,presentation:711,1,30,30,7500,7500,
purchase-item:379,purchase:111,1051,presentation:1125,6,1,6,135,810,
purchase-item:380,purchase:112,1052,presentation:1126,10,1,10,6.75,67.5,
purchase-item:381,purchase:112,1053,presentation:1127,10,1,10,6.27,62.68,
purchase-item:382,purchase:113,703,presentation:711,1,30,30,7500,7500,
purchase-item:383,purchase:114,1054,presentation:1129,24.5,1,24.5,55.02,1348,
purchase-item:384,purchase:114,1055,presentation:1133,16,1,16,39.97,639.5,
purchase-item:385,purchase:115,923,presentation:965,14,1,14,142.86,2000,
purchase-item:386,purchase:116,1056,presentation:1134,30,1,30,176.67,5300,
purchase-item:387,purchase:117,703,presentation:711,1,30,30,7500,7500,
purchase-item:388,purchase:118,287,presentation:290,500,1,500,19.5,9750,
purchase-item:389,purchase:119,703,presentation:711,1,30,30,7500,7500,
purchase-item:390,purchase:120,913,presentation:954,33,1,33,236.36,7800,
purchase-item:391,purchase:121,703,presentation:711,1,30,30,7500,7500,
purchase-item:392,purchase:122,7,presentation:7,10,40,400,3065,30650,
purchase-item:393,purchase:123,8,presentation:10,560,1,560,70,39200,
purchase-item:394,purchase:124,1057,presentation:1138,100,1,100,0.28,27.96,
purchase-item:395,purchase:124,1058,presentation:1139,100,1,100,0.41,40.68,
purchase-item:396,purchase:124,1059,presentation:1140,100,1,100,0.59,58.85,
purchase-item:397,purchase:124,1060,presentation:1141,50,1,50,0.54,27.13,
purchase-item:398,purchase:124,1061,presentation:1142,50,1,50,0.86,42.98,
purchase-item:399,purchase:124,613,presentation:616,151,1,151,0.54,82,
purchase-item:400,purchase:124,612,presentation:615,153,1,153,0.54,82,
purchase-item:401,purchase:124,1005,presentation:1063,2,1,2,44.17,88.34,
purchase-item:402,purchase:124,1004,presentation:1062,2,1,2,31.73,63.46,
purchase-item:403,purchase:124,1063,presentation:1143,2,1,2,24.15,48.3,
purchase-item:404,purchase:124,525,presentation:530,50,1,50,0.69,34.5,
purchase-item:405,purchase:124,1064,presentation:1144,25,1,25,29.19,729.8,
purchase-item:406,purchase:125,1065,presentation:1145,5,1,5,9.41,47.05,
purchase-item:407,purchase:125,1066,presentation:1146,5,1,5,9.17,45.85,
purchase-item:408,purchase:125,1067,presentation:1147,5,1,5,9.17,45.85,
purchase-item:409,purchase:125,1006,presentation:1064,5,1,5,11.17,55.85,
purchase-item:410,purchase:125,1069,presentation:1148,7,1,7,20.83,145.81,
purchase-item:411,purchase:125,1070,presentation:1149,7,1,7,24.15,169.03,
purchase-item:412,purchase:125,1071,presentation:1150,7,1,7,27.56,192.91,
purchase-item:413,purchase:125,1072,presentation:1151,7,1,7,31.06,217.41,
purchase-item:414,purchase:125,1073,presentation:1152,7,1,7,34.47,241.29,
purchase-item:415,purchase:125,1074,presentation:1153,7,1,7,41.38,289.66,
purchase-item:416,purchase:125,1075,presentation:1154,5,1,5,48.29,241.45,
purchase-item:417,purchase:125,1076,presentation:1155,7,1,7,4.42,30.94,
purchase-item:418,purchase:125,1077,presentation:1156,20,1,20,1.55,30.94,
purchase-item:419,purchase:125,1077,presentation:1156,20,1,20,1.55,30.94,
purchase-item:420,purchase:126,703,presentation:844,33,1,33,227.27,7500,
purchase-item:421,purchase:127,1056,presentation:1134,33,1,33,142.42,4700,
purchase-item:422,purchase:128,1079,presentation:1161,20,1,20,98.75,1975,
purchase-item:423,purchase:129,1080,presentation:1163,4,1,4,35,140,
purchase-item:424,purchase:129,112,presentation:111,10,1,10,6,60,
purchase-item:425,purchase:130,699,presentation:706,240,1,240,107.5,25800,
purchase-item:426,purchase:131,1083,presentation:1168,2,1,2,56,112,
purchase-item:427,purchase:131,1085,presentation:1169,10,1,10,17.67,176.7,
purchase-item:428,purchase:131,1087,presentation:1172,1,1,1,109.9,109.9,
purchase-item:429,purchase:131,1093,presentation:1178,1,1,1,116.55,116.55,
purchase-item:430,purchase:131,1094,presentation:1179,1,1,1,150.15,150.15,
purchase-item:431,purchase:131,1095,presentation:1180,6,1,6,26.13,156.8,
purchase-item:432,purchase:131,1096,presentation:1181,6,1,6,8.63,51.8,
purchase-item:433,purchase:131,1097,presentation:1182,6,1,6,37.8,226.8,
purchase-item:434,purchase:131,1098,presentation:1183,2,1,2,179.2,358.4,
purchase-item:435,purchase:131,1099,presentation:1184,4,1,4,46.2,184.8,
purchase-item:436,purchase:132,1081,presentation:1166,1,1,1,128.45,128.45,
purchase-item:437,purchase:132,1082,presentation:1167,1,1,1,90.52,90.52,
purchase-item:438,purchase:132,1084,presentation:1170,1,1,1,31.9,31.9,
purchase-item:439,purchase:132,1086,presentation:1171,1,1,1,366.38,366.38,
purchase-item:440,purchase:132,1088,presentation:1173,1,1,1,254.31,254.31,
purchase-item:441,purchase:132,1089,presentation:1174,1,1,1,237.07,237.07,
purchase-item:442,purchase:132,125,presentation:124,1,1,1,90.52,90.52,
purchase-item:443,purchase:132,950,presentation:994,10,1,10,39.18,391.83,
purchase-item:444,purchase:132,1090,presentation:1175,2,1,2,271.55,543.1,
purchase-item:445,purchase:132,1091,presentation:1176,2,1,2,452.59,905.18,
purchase-item:446,purchase:132,1092,presentation:1177,1,1,1,625,625,
purchase-item:447,purchase:132,329,presentation:336,3,1,3,409.58,1228.73,
purchase-item:448,purchase:133,923,presentation:965,30,1,30,166.67,5000,
purchase-item:449,purchase:134,957,presentation:1003,1,14,14,1000,1000,
purchase-item:450,purchase:135,957,presentation:1003,1,14,14,1000,1000,
purchase-item:451,purchase:136,5,presentation:3,32,40,1280,3990,127680,
purchase-item:452,purchase:137,957,presentation:1185,3,1,3,75,225,
purchase-item:453,purchase:138,733,presentation:740,6,1,6,215,1290,
purchase-item:454,purchase:139,7,presentation:7,32,40,1280,3065,98080,
purchase-item:455,purchase:140,735,presentation:937,10,1,10,1685,16850,
purchase-item:456,purchase:141,733,presentation:740,100,1,100,250.31,25031,
purchase-item:457,purchase:141,288,presentation:291,100,1,100,120,11999.99,
purchase-item:458,purchase:141,289,presentation:292,50,1,50,257.01,12850.58,
purchase-item:459,purchase:142,735,presentation:741,50,1,50,1685.05,84252.54,
purchase-item:460,purchase:143,923,presentation:965,7,1,7,142.86,1000,
purchase-item:461,purchase:144,40,presentation:39,2,1,2,81.9,163.8,
purchase-item:462,purchase:144,772,presentation:802,2,1,2,211.21,422.42,
purchase-item:463,purchase:144,1101,presentation:1188,12,1,12,21.55,258.6,
purchase-item:464,purchase:144,1102,presentation:1189,10,1,10,2.85,28.45,
purchase-item:465,purchase:144,228,presentation:228,2,1,2,1375,2750,
purchase-item:466,purchase:144,148,presentation:148,6,1,6,59.48,356.88,
purchase-item:467,purchase:144,145,presentation:145,12,1,12,41.38,496.56,
purchase-item:468,purchase:144,1103,presentation:1190,20,1,20,6.29,125.86,
purchase-item:469,purchase:144,309,presentation:316,20,1,20,44.32,886.43,
purchase-item:470,purchase:145,703,presentation:711,30,30,900,250,7500,
purchase-item:471,purchase:146,957,presentation:1185,14,1,14,71.43,1000,
purchase-item:472,purchase:147,703,presentation:711,1,30,30,7500,7500,
purchase-item:473,purchase:148,852,presentation:1036,30,30,900,300,9000,
purchase-item:474,purchase:149,852,presentation:1036,30,30,900,300,9000,
purchase-item:475,purchase:150,699,presentation:706,240,1,240,110,26400,
purchase-item:476,purchase:151,171,presentation:172,6,1,6,11,66,
purchase-item:477,purchase:152,950,presentation:994,10,1,10,12.07,120.7,
purchase-item:478,purchase:152,1090,presentation:1175,1,1,1,271.55,271.55,
purchase-item:479,purchase:152,1091,presentation:1176,1,1,1,452.59,452.59,
purchase-item:480,purchase:152,1104,presentation:1195,2,1,2,42.24,84.48,
purchase-item:481,purchase:152,1105,presentation:1197,2,1,2,116.38,232.76,
purchase-item:482,purchase:152,1106,presentation:1196,20,1,20,26.79,535.77,
purchase-item:483,purchase:153,1052,presentation:1126,50,1,50,6.52,325.77,
purchase-item:484,purchase:154,703,presentation:711,30,30,900,433.33,13000,
purchase-item:485,purchase:155,287,presentation:290,500,1,500,19.5,9750,
purchase-item:486,purchase:156,1109,presentation:1200,2,1,2,103,205.99,
purchase-item:487,purchase:156,1029,presentation:1094,10,1,10,61,610.04,
purchase-item:488,purchase:156,1026,presentation:1091,10,1,10,28.34,283.39,
purchase-item:489,purchase:156,1108,presentation:1199,5,1,5,30.76,153.82,
purchase-item:490,purchase:156,230,presentation:230,10,1,10,9.61,96.05,
purchase-item:491,purchase:156,1110,presentation:1204,100,1,100,2.61,260.59,
purchase-item:492,purchase:156,294,presentation:302,25,1,25,44.15,1103.86,
purchase-item:493,purchase:156,293,presentation:301,50,1,50,24.25,1212.73,
purchase-item:494,purchase:156,1111,presentation:1205,100,1,100,1.87,186.76,
purchase-item:495,purchase:156,1112,presentation:1206,1,1,1,4.79,4.79,
purchase-item:496,purchase:157,596,presentation:754,750,1,750,121.03,90774.15,
purchase-item:497,purchase:158,1107,presentation:1198,100,1,100,19.5,1950,
purchase-item:498,purchase:159,1113,presentation:1207,3,1,3,22,66,
purchase-item:499,purchase:159,70,presentation:68,1,1,1,29,29,
purchase-item:500,purchase:160,957,presentation:1088,2,7,14,500,1000,
purchase-item:501,purchase:161,957,presentation:1194,2,30,60,2500,5000,
purchase-item:502,purchase:162,596,presentation:754,450,1,450,118.9,53505.09,
purchase-item:503,purchase:163,913,presentation:954,30,1,30,466.67,14000,
purchase-item:504,purchase:164,957,presentation:1194,5,30,150,2500,12500,
purchase-item:505,purchase:165,987,presentation:1035,5100,1,5100,3.5,17850,
purchase-item:506,purchase:166,957,presentation:1194,7,30,210,1785.71,12500,
purchase-item:507,purchase:167,283,presentation:284,500,1,500,19.5,9750,
purchase-item:508,purchase:167,285,presentation:288,300,1,300,52,15600,
purchase-item:509,purchase:168,6,presentation:5,12,20,240,3065,36780,
purchase-item:510,purchase:169,913,presentation:954,30,1,30,466.67,14000,
purchase-item:511,purchase:170,957,presentation:1194,8,30,240,2500,20000,
purchase-item:512,purchase:171,987,presentation:1035,1500,1,1500,3.6,5400,
purchase-item:513,purchase:172,8,presentation:10,240,1,240,70,16800,
purchase-item:514,purchase:172,699,presentation:706,160,1,160,110,17600,
purchase-item:515,purchase:173,852,presentation:892,30,1,30,300,9000,
purchase-item:516,purchase:174,852,presentation:892,30,1,30,300,9000,
purchase-item:517,purchase:175,923,presentation:965,10,1,10,143,1430,
purchase-item:518,purchase:176,913,presentation:954,30,1,30,466.67,14000,
purchase-item:519,purchase:177,852,presentation:892,30,1,30,300,9000,
purchase-item:520,purchase:178,979,presentation:1025,50,1,50,65,3250,
purchase-item:521,purchase:178,781,presentation:818,100,1,100,73,7300,
purchase-item:522,purchase:178,289,presentation:292,70,1,70,260,18200,
purchase-item:523,purchase:179,70,presentation:68,4,1,4,30,120,
purchase-item:524,purchase:180,260,presentation:261,40,1,40,7.61,304.4,
purchase-item:525,purchase:180,1119,presentation:1221,50,1,50,10.81,540.5,
purchase-item:526,purchase:180,83,presentation:82,50,1,50,9.58,479,
purchase-item:527,purchase:180,41,presentation:41,20,1,20,5.65,113,
purchase-item:528,purchase:180,190,presentation:192,20,1,20,8.27,165.4,
purchase-item:529,purchase:180,171,presentation:172,50,1,50,3.93,196.5,
purchase-item:530,purchase:180,188,presentation:187,50,1,50,9.24,462,
purchase-item:531,purchase:180,1118,presentation:1220,30,1,30,7.7,231,
purchase-item:532,purchase:180,993,presentation:1216,1,1,1,858.7,858.7,
purchase-item:533,purchase:180,992,presentation:1217,1,1,1,536.8,536.8,
purchase-item:534,purchase:180,1117,presentation:1219,50,1,50,95.59,4779.5,
purchase-item:535,purchase:180,1116,presentation:1218,50,1,50,163.55,8177.5,
purchase-item:536,purchase:180,237,presentation:238,80,1,80,95.32,7625.6,
purchase-item:537,purchase:180,633,presentation:638,80,1,80,202.41,16192.62,
purchase-item:538,purchase:181,4,presentation:1,2,20,40,4212.16,8424.32,
purchase-item:539,purchase:181,6,presentation:5,2,20,40,3212.82,6425.64,
purchase-item:540,purchase:182,5,presentation:3,18,40,720,4168,75024,
purchase-item:541,purchase:182,7,presentation:7,18,40,720,3168,57024,
purchase-item:542,purchase:183,733,presentation:740,100,1,100,252.98,25297.87,
purchase-item:543,purchase:184,781,presentation:818,75,1,75,73,5475,
purchase-item:544,purchase:185,634,presentation:639,30,1,30,5.16,154.8,
purchase-item:545,purchase:185,680,presentation:684,30,1,30,7.7,231,
purchase-item:546,purchase:185,72,presentation:70,40,1,40,4.34,173.6,
purchase-item:547,purchase:185,44,presentation:43,70,1,70,11.05,773.5,
purchase-item:548,purchase:185,83,presentation:82,40,1,40,9.58,383.2,
purchase-item:549,purchase:185,190,presentation:192,40,1,40,8.27,330.8,
purchase-item:550,purchase:185,1123,presentation:1226,30,1,30,4.75,142.5,
purchase-item:551,purchase:185,1122,presentation:1225,24,1,24,25.55,613.2,
purchase-item:552,purchase:185,993,presentation:1216,3,1,3,858.7,2576.1,
purchase-item:553,purchase:185,992,presentation:1217,4,1,4,536.8,2147.2,
purchase-item:554,purchase:185,1121,presentation:1224,13,1,13,45.86,596.18,
purchase-item:555,purchase:185,156,presentation:157,20,1,20,18.67,373.4,
purchase-item:556,purchase:185,1126,presentation:1228,30,1,30,55.28,1658.4,
purchase-item:557,purchase:185,1117,presentation:1219,10,1,10,95.59,955.9,
purchase-item:558,purchase:185,1116,presentation:1218,10,1,10,163.55,1635.5,
purchase-item:559,purchase:185,1127,presentation:1229,12,1,12,789.46,9473.48,
purchase-item:560,purchase:186,8,presentation:10,320,1,320,70,22400,
purchase-item:561,purchase:187,852,presentation:892,30,1,30,300,9000,
purchase-item:562,purchase:188,852,presentation:892,30,1,30,300,9000,
purchase-item:563,purchase:189,852,presentation:892,30,1,30,300,9000,
purchase-item:564,purchase:190,852,presentation:892,30,1,30,300,9000,
purchase-item:565,purchase:191,852,presentation:892,30,1,30,300,9000,
purchase-item:566,purchase:192,852,presentation:892,30,1,30,300,9000,
purchase-item:567,purchase:193,852,presentation:892,30,1,30,300,9000,
purchase-item:568,purchase:194,852,presentation:892,30,1,30,300,9000,
purchase-item:569,purchase:195,987,presentation:1035,5400,1,5400,3.6,19440,
purchase-item:570,purchase:196,987,presentation:1035,3635,1,3635,3.6,13086,
purchase-item:571,purchase:197,703,presentation:711,1,30,30,13000,13000,
purchase-item:572,purchase:198,703,presentation:711,1,30,30,1300,1300,
purchase-item:573,purchase:199,1129,presentation:1231,12,1,12,11.44,137.25,
purchase-item:574,purchase:199,1130,presentation:1232,12,1,12,22.13,265.6,
purchase-item:575,purchase:199,1131,presentation:1233,12,1,12,22.38,268.52,
purchase-item:576,purchase:199,694,presentation:698,84,1,84,30.23,2539.29,
purchase-item:577,purchase:199,912,presentation:953,24,1,24,19.23,461.59,
purchase-item:578,purchase:199,1133,presentation:1238,24,1,24,30.51,732.3,
purchase-item:579,purchase:199,1109,presentation:1200,5,1,5,107,534.99,
purchase-item:580,purchase:199,1134,presentation:1239,3,1,3,58.07,174.21,
purchase-item:581,purchase:199,776,presentation:806,3,1,3,53.43,160.29,
purchase-item:582,purchase:199,278,presentation:279,50,1,50,5.45,272.6,
purchase-item:583,purchase:199,946,presentation:990,2,1,2,583.73,1167.45,
purchase-item:584,purchase:199,945,presentation:989,2,1,2,2222.45,4444.89,
purchase-item:585,purchase:200,5,presentation:3,18,40,720,4168,75024,
purchase-item:586,purchase:200,7,presentation:7,6,40,240,3168,19008,
purchase-item:587,purchase:200,6,presentation:5,4,20,80,3168,12672,
purchase-item:588,purchase:201,278,presentation:279,50,1,50,4.5,225,
purchase-item:589,purchase:202,987,presentation:1035,2000,1,2000,3.6,7200,
purchase-item:590,purchase:203,1135,presentation:1241,3,1,3,90.52,271.56,
purchase-item:591,purchase:203,1136,presentation:1242,2,1,2,30.17,60.34,
purchase-item:592,purchase:203,1137,presentation:1243,4,1,4,14.66,58.64,
purchase-item:593,purchase:203,176,presentation:175,3,1,3,107.76,323.28,
purchase-item:594,purchase:203,125,presentation:124,2,1,2,90.52,181.04,
purchase-item:595,purchase:203,950,presentation:994,10,1,10,119.32,1193.2,
purchase-item:596,purchase:204,1138,presentation:1244,1,1,1,154.74,154.74,
purchase-item:597,purchase:204,1139,presentation:1245,1,1,1,195.43,195.43,
purchase-item:598,purchase:204,1140,presentation:1248,1,1,1,236.15,236.15,
purchase-item:599,purchase:205,923,presentation:1249,1,14,14,2000,2000,
purchase-item:600,purchase:206,287,presentation:290,500,1,500,19.5,9750,
purchase-item:601,purchase:207,98,presentation:100,30,1,30,3.51,105.44,
purchase-item:602,purchase:207,190,presentation:192,40,1,40,9.59,383.72,
purchase-item:603,purchase:207,85,presentation:84,40,1,40,17.01,680.24,
purchase-item:604,purchase:208,51,presentation:50,20,1,20,1.8,35.96,
purchase-item:605,purchase:208,119,presentation:119,20,1,20,2.88,57.53,
purchase-item:606,purchase:208,642,presentation:647,20,1,20,2.11,42.29,
purchase-item:607,purchase:208,189,presentation:189,20,1,20,2.25,45,
purchase-item:608,purchase:208,84,presentation:83,30,1,30,1.62,48.72,
purchase-item:609,purchase:208,232,presentation:232,30,1,30,92.52,2775.64,
purchase-item:610,purchase:209,923,presentation:1249,1,14,14,2000,2000,
purchase-item:611,purchase:210,1132,presentation:1237,1,30,30,5000,5000,
purchase-item:612,purchase:211,1132,presentation:1237,1,30,30,5000,5000,
purchase-item:613,purchase:212,1132,presentation:1237,30,30,900,166.67,5000,
purchase-item:614,purchase:213,1132,presentation:1237,30,30,900,166.67,5000,
purchase-item:615,purchase:214,1132,presentation:1237,30,30,900,166.67,5000,
purchase-item:616,purchase:215,1132,presentation:1237,30,30,900,166.67,5000,
purchase-item:617,purchase:216,7,presentation:7,26,40,1040,3168,82368,
purchase-item:618,purchase:217,1141,presentation:1250,26,40,1040,4168,108368,
purchase-item:619,purchase:218,981,presentation:1027,50,1,50,72,3600,
purchase-item:620,purchase:219,285,presentation:288,500,1,500,19.5,9750,
purchase-item:621,purchase:219,1107,presentation:1198,500,1,500,19.5,9750,
purchase-item:622,purchase:219,286,presentation:289,300,1,300,19.5,5850,
purchase-item:623,purchase:220,995,presentation:1051,59.8,1,59.8,37.63,2250.3,
purchase-item:624,purchase:220,994,presentation:1050,49.7,1,49.7,37.63,1870.23,
purchase-item:625,purchase:220,27,presentation:26,20,1,20,71.44,1428.89,
purchase-item:626,purchase:220,152,presentation:152,40,1,40,4.57,182.82,
purchase-item:627,purchase:220,112,presentation:111,40,1,40,4.77,190.7,
purchase-item:628,purchase:220,960,presentation:1005,20,1,20,25.59,511.79,
purchase-item:629,purchase:221,1142,presentation:1258,1,1,1,76.72,76.72,
purchase-item:630,purchase:221,1143,presentation:1259,1,1,1,159.48,159.48,
purchase-item:631,purchase:221,1144,presentation:1260,1,1,1,159.48,159.48,
purchase-item:632,purchase:221,1145,presentation:1261,1,1,1,159.48,159.48,
purchase-item:633,purchase:221,1146,presentation:1262,3,1,3,193.97,581.91,
purchase-item:634,purchase:221,1147,presentation:1263,1,1,1,1063.17,1063.17,
purchase-item:635,purchase:222,1149,presentation:1265,1,1,1,1950,1950,
purchase-item:636,purchase:223,1148,presentation:1264,1,30,30,9300,9300,
purchase-item:637,purchase:224,1148,presentation:1264,1,30,30,9300,9300,
purchase-item:638,purchase:225,1148,presentation:1264,1,30,30,9300,9300,
purchase-item:639,purchase:226,1148,presentation:1264,30,30,900,310,9300,
purchase-item:640,purchase:227,1150,presentation:1270,2,1,2,108,215.99,
purchase-item:641,purchase:227,669,presentation:673,100,1,100,6,599.72,
purchase-item:642,purchase:227,683,presentation:687,100,1,100,4.85,484.88,
purchase-item:643,purchase:227,1151,presentation:1271,10,1,10,1.6,16,
purchase-item:644,purchase:227,1152,presentation:1272,3,1,3,200.82,602.46,
purchase-item:645,purchase:227,278,presentation:279,50,1,50,5.45,272.6,
purchase-item:646,purchase:227,1153,presentation:1273,3,1,3,64.64,193.91,
purchase-item:647,purchase:227,1154,presentation:1274,2,1,2,67,134,
purchase-item:648,purchase:227,1155,presentation:1275,10,1,10,5.8,58,
purchase-item:649,purchase:227,1156,presentation:1276,10,1,10,14.4,144,
purchase-item:650,purchase:227,1157,presentation:1277,10,1,10,2.4,24,
purchase-item:651,purchase:227,1158,presentation:1278,10,1,10,13,129.99,
purchase-item:652,purchase:227,1159,presentation:1279,10,1,10,95.56,955.55,
purchase-item:653,purchase:227,295,presentation:303,25,1,25,24.52,613.11,
purchase-item:654,purchase:227,294,presentation:302,50,1,50,44.88,2243.9,
purchase-item:655,purchase:228,596,presentation:753,4,1,4,18676,74704,
purchase-item:656,purchase:229,596,presentation:753,4,1,4,18676,74704,
purchase-item:657,purchase:230,1148,presentation:1264,1,30,30,9300,9300,
purchase-item:658,purchase:231,1148,presentation:1264,1,30,30,9300,9300,
purchase-item:659,purchase:232,1148,presentation:1264,1,30,30,9300,9300,
purchase-item:660,purchase:233,1148,presentation:1264,1,30,30,9300,9300,
purchase-item:661,purchase:234,1148,presentation:1264,1,30,30,9300,9300,
purchase-item:662,purchase:235,1148,presentation:1264,1,30,30,9300,9300,
purchase-item:663,purchase:236,1148,presentation:1264,1,30,30,9300,9300,
purchase-item:664,purchase:237,1148,presentation:1264,1,30,30,9300,9300,
purchase-item:665,purchase:238,1148,presentation:1264,1,30,30,9300,9300,
purchase-item:666,purchase:239,1148,presentation:1264,1,30,30,9300,9300,
purchase-item:667,purchase:240,913,presentation:954,30,1,30,466.67,14000,
purchase-item:668,purchase:241,992,presentation:1217,3,1,3,591,1773,
purchase-item:669,purchase:241,993,presentation:1216,2,1,2,946,1892,
purchase-item:670,purchase:241,70,presentation:68,20,1,20,22,440,
purchase-item:671,purchase:242,302,presentation:309,16,1,16,12.07,193.12,
purchase-item:672,purchase:242,304,presentation:311,16,1,16,12.07,193.12,
purchase-item:673,purchase:242,325,presentation:332,20,1,20,3.45,69,
purchase-item:674,purchase:242,327,presentation:334,20,1,20,4.74,94.8,
purchase-item:675,purchase:242,1161,presentation:1282,20,1,20,6.9,138,
purchase-item:676,purchase:242,1147,presentation:1263,1,1,1,812.92,812.92,
purchase-item:677,purchase:243,1162,presentation:1283,28,1,28,283.32,7933,
purchase-item:678,purchase:244,8,presentation:10,280,1,280,50,14000,
purchase-item:679,purchase:245,987,presentation:1035,7500,1,7500,3.75,28125,
purchase-item:680,purchase:246,923,presentation:1249,1,14,14,2000,2000,
purchase-item:681,purchase:247,8,presentation:10,160,1,160,70,11200,
purchase-item:682,purchase:248,1141,presentation:1250,26,40,1040,4170,108420,
purchase-item:683,purchase:249,853,presentation:893,2,1,2,533.5,1067,
purchase-item:684,purchase:250,1148,presentation:1264,1,30,30,9300,9300,
purchase-item:685,purchase:251,923,presentation:965,7,1,7,142.86,1000,
purchase-item:686,purchase:252,1148,presentation:1264,1,30,30,9300,9300,
purchase-item:687,purchase:253,1148,presentation:1264,1,30,30,9300,9300,
purchase-item:688,purchase:254,832,presentation:872,1,1,1,425,425,
purchase-item:689,purchase:255,1162,presentation:1283,14,1,14,283.33,3966.62,
purchase-item:690,purchase:256,987,presentation:1035,2245,1,2245,3.6,8082,
purchase-item:691,purchase:257,957,presentation:1003,1,14,14,1000,1000,
purchase-item:692,purchase:258,987,presentation:1035,4500,1,4500,3.6,16200,
purchase-item:693,purchase:259,987,presentation:1035,1000,1,1000,3.6,3600,
purchase-item:694,purchase:260,278,presentation:279,100,1,100,5,500,
purchase-item:695,purchase:261,781,presentation:818,300,1,300,72,21600,
purchase-item:696,purchase:261,782,presentation:819,40,1,40,195,7800,
purchase-item:697,purchase:261,1163,presentation:1288,50,1,50,85,4250,
purchase-item:698,purchase:261,980,presentation:1026,50,1,50,85,4250,
purchase-item:699,purchase:261,1079,presentation:1161,20,1,20,75,1500,
purchase-item:700,purchase:262,1148,presentation:1264,1,30,30,9300,9300,
purchase-item:701,purchase:263,1148,presentation:1264,1,30,30,9300,9300,
purchase-item:702,purchase:264,1148,presentation:1264,1,30,30,9300,9300,
purchase-item:703,purchase:265,987,presentation:1042,6,1000,6000,3600,21600,
purchase-item:704,purchase:266,923,presentation:965,10,1,10,143,1430,
purchase-item:705,purchase:267,780,presentation:976,7,1,7,466.57,3266,
purchase-item:706,purchase:268,152,presentation:152,20,1,20,5,100,
purchase-item:707,purchase:269,987,presentation:1035,2020,1,2020,3.61,7290,
purchase-item:708,purchase:270,987,presentation:1035,5000,1,5000,3.6,18000,
purchase-item:709,purchase:271,780,presentation:976,0.5,1,0.5,466.66,233.33,
purchase-item:710,purchase:272,923,presentation:965,14,1,14,142.86,2000,
purchase-item:711,purchase:273,8,presentation:9,8,40,320,2800,22400,
purchase-item:712,purchase:274,1165,presentation:1293,20,1,20,35,700,
purchase-item:713,purchase:274,676,presentation:680,20,1,20,8,160,
purchase-item:714,purchase:274,1167,presentation:1294,20,1,20,8,160,
purchase-item:715,purchase:274,1168,presentation:1295,20,1,20,33,660,
purchase-item:716,purchase:274,1169,presentation:1296,20,1,20,3.3,66,
purchase-item:717,purchase:275,1141,presentation:1250,26,40,1040,4100,106600,
purchase-item:718,purchase:275,7,presentation:7,26,40,1040,3150,81900,
purchase-item:719,purchase:276,1053,presentation:1127,50,1,50,5.19,259.39,
purchase-item:720,purchase:277,1170,presentation:1297,2,1,2,89,177.99,
purchase-item:721,purchase:277,151,presentation:151,3,1,3,119.87,359.6,
purchase-item:722,purchase:277,150,presentation:150,3,1,3,119.87,359.6,
purchase-item:723,purchase:278,780,presentation:976,7,1,7,466.66,3266.62,
purchase-item:724,purchase:279,987,presentation:1042,7,1000,7000,3600,25200,
purchase-item:725,purchase:280,1171,presentation:1298,10,1,10,18.5,185,
purchase-item:726,purchase:280,261,presentation:266,35,1,35,22,770,
purchase-item:727,purchase:280,278,presentation:279,50,1,50,5,250,
purchase-item:728,purchase:280,1172,presentation:1299,20,1,20,35,700,
purchase-item:729,purchase:280,1173,presentation:1300,10,1,10,6.5,65,
purchase-item:730,purchase:280,1174,presentation:1301,20,1,20,3.3,66,
purchase-item:731,purchase:280,668,presentation:672,10,1,10,10,100,
purchase-item:732,purchase:280,1175,presentation:1302,20,1,20,7,140,
purchase-item:733,purchase:280,676,presentation:680,30,1,30,7.27,218,
purchase-item:734,purchase:280,666,presentation:671,10,1,10,17,170,
purchase-item:735,purchase:281,41,presentation:41,10,1,10,10.4,104,
purchase-item:736,purchase:282,265,presentation:264,35,1,35,10,350,
purchase-item:737,purchase:283,987,presentation:1035,5000,1,5000,3.61,18036,
purchase-item:738,purchase:284,1176,presentation:1304,15,1,15,13.2,198,
purchase-item:739,purchase:284,1177,presentation:1305,10,1,10,6.5,65,
purchase-item:740,purchase:284,1103,presentation:1190,10,1,10,8.9,89,
purchase-item:741,purchase:285,987,presentation:1042,5,1000,5000,3602.8,18014,
purchase-item:742,purchase:286,957,presentation:1185,14,1,14,71.43,1000,
purchase-item:743,purchase:287,923,presentation:965,14,1,14,142.86,2000,
purchase-item:744,purchase:288,1141,presentation:1250,2,40,80,8400,16800,
purchase-item:745,purchase:289,1141,presentation:1251,160,1,160,105,16800,
purchase-item:746,purchase:290,987,presentation:1035,3014,1,3014,3.8,11453,
purchase-item:747,purchase:291,957,presentation:1185,14,1,14,71.43,1000,
purchase-item:748,purchase:292,957,presentation:1185,14,1,14,71.43,1000,
purchase-item:749,purchase:293,957,presentation:1185,14,1,14,71.43,1000,
purchase-item:750,purchase:294,957,presentation:1185,14,1,14,71.43,1000,
purchase-item:751,purchase:295,296,presentation:304,8,1,8,34,272,
purchase-item:752,purchase:296,1141,presentation:1250,4,40,160,4100,16400,
purchase-item:753,purchase:296,980,presentation:1026,30,1,30,85,2550,
purchase-item:754,purchase:297,4,presentation:1,4,20,80,4100,16400,
purchase-item:755,purchase:297,980,presentation:1026,30,1,30,85,2550,
purchase-item:756,purchase:298,4,presentation:1,8,20,160,4100,32800,
purchase-item:757,purchase:298,287,presentation:290,500,1,500,22,11000,
purchase-item:758,purchase:298,980,presentation:1026,18,1,18,85,1530,
purchase-item:759,purchase:299,951,presentation:995,10,1,10,42.15,421.5,
purchase-item:760,purchase:300,950,presentation:994,6,1,6,17.24,103.44,
purchase-item:761,purchase:300,1179,presentation:1310,1,1,1,254.31,254.31,
purchase-item:762,purchase:300,1101,presentation:1188,12,1,12,21.55,258.6,
purchase-item:763,purchase:300,80,presentation:81,1,1,1,181.03,181.03,
purchase-item:764,purchase:300,125,presentation:124,3,1,3,90.52,271.56,
purchase-item:765,purchase:300,126,presentation:125,3,1,3,76.72,230.16,
purchase-item:766,purchase:300,1180,presentation:1311,6,1,6,24.14,144.84,
purchase-item:767,purchase:300,1181,presentation:1312,2,1,2,50.86,101.72,
purchase-item:768,purchase:300,1183,presentation:1314,2,10,20,56.03,112.06,
purchase-item:769,purchase:300,1184,presentation:1315,2,10,20,59.48,118.96,
purchase-item:770,purchase:300,1185,presentation:1316,2,10,20,59.48,118.96,
purchase-item:771,purchase:300,1182,presentation:1313,2,5,10,205.65,411.3,
purchase-item:772,purchase:301,1178,presentation:1309,1,30,30,11000,11000,
purchase-item:773,purchase:302,957,presentation:1003,1,14,14,1000,1000,
purchase-item:774,purchase:303,957,presentation:1003,1,14,14,1000,1000,
purchase-item:775,purchase:304,957,presentation:1003,1,14,14,1000,1000,
purchase-item:776,purchase:305,4,presentation:1,4,20,80,4100,16400,
purchase-item:777,purchase:306,558,presentation:555,100,1,100,0.8,80,
purchase-item:778,purchase:307,4,presentation:1,4,20,80,4100,16400,
purchase-item:779,purchase:308,780,presentation:976,5,1,5,466.6,2333,
purchase-item:780,purchase:309,987,presentation:1042,10,1000,10000,3601.4,36014,
purchase-item:781,purchase:310,4,presentation:1,4,20,80,4100,16400,
purchase-item:782,purchase:311,1186,presentation:1331,3,1,3,500,1500,
purchase-item:783,purchase:312,1141,presentation:1250,18,40,720,4200,75600,
purchase-item:784,purchase:313,296,presentation:304,5,1,5,34,170,
purchase-item:785,purchase:314,1149,presentation:1265,2,1,2,2240,4480,
purchase-item:786,purchase:315,8,presentation:9,8,40,320,2800,22400,
purchase-item:787,purchase:316,112,presentation:111,40,1,40,7,280,
purchase-item:788,purchase:316,152,presentation:152,40,1,40,7,280,
purchase-item:789,purchase:317,269,presentation:270,2,1,2,90,180,
purchase-item:790,purchase:318,1134,presentation:1239,10,1,10,58,580,
purchase-item:791,purchase:318,1188,presentation:1338,15,1,15,22.39,335.82,
purchase-item:792,purchase:318,1109,presentation:1200,10,1,10,112.5,1124.97,
purchase-item:793,purchase:318,295,presentation:303,25,1,25,24.27,606.71,
purchase-item:794,purchase:318,293,presentation:301,50,1,50,25.57,1278.6,
purchase-item:795,purchase:319,936,presentation:980,7,7,49,1000,7000,
purchase-item:796,purchase:320,987,presentation:1042,2,1000,2000,3803.8,7607.6,
purchase-item:797,purchase:321,853,presentation:893,1,1,1,533.33,533.33,
purchase-item:798,purchase:322,913,presentation:954,30,1,30,483.33,14500,
purchase-item:799,purchase:323,1141,presentation:1250,32,40,1280,4281.56,137009.92,
purchase-item:800,purchase:324,1186,presentation:1331,2,1,2,500,1000,
purchase-item:801,purchase:325,987,presentation:1042,5,1000,5000,7200,36000,
purchase-item:802,purchase:326,1056,presentation:1135,1,1,1,1900,1900,
purchase-item:803,purchase:327,1056,presentation:1135,1,1,1,1900,1900,
purchase-item:804,purchase:328,1056,presentation:1135,1,1,1,1926,1926,
purchase-item:805,purchase:329,8,presentation:9,8,40,320,2800,22400,
purchase-item:806,purchase:330,7,presentation:7,26,40,1040,3100,80600,
purchase-item:807,purchase:331,987,presentation:1042,1,1000,1000,3807,3807,
purchase-item:808,purchase:332,987,presentation:1042,10,1000,10000,3601.4,36014,
purchase-item:809,purchase:333,987,presentation:1042,10,1000,10000,3600,36000,
purchase-item:810,purchase:334,987,presentation:1042,10,1000,10000,3600,36000,
purchase-item:811,purchase:335,987,presentation:1035,1802,1,1802,3.8,6847.6,
purchase-item:812,purchase:336,987,presentation:1035,1338,1,1338,3.8,5084,
purchase-item:813,purchase:337,957,presentation:1003,2,14,28,1000,2000,
purchase-item:814,purchase:338,923,presentation:1249,1,14,14,2000,2000,
purchase-item:815,purchase:339,957,presentation:1194,1,30,30,2000,2000,
purchase-item:816,purchase:340,957,presentation:1088,1,7,7,500,500,
purchase-item:817,purchase:341,780,presentation:975,1,7,7,3266,3266,
purchase-item:818,purchase:342,1178,presentation:1345,4,1,4,366.67,1466.68,
purchase-item:819,purchase:343,1178,presentation:1345,4,1,4,366.5,1466,
purchase-item:820,purchase:344,1141,presentation:1250,26,40,1040,4170,108420,
purchase-item:821,purchase:344,906,presentation:947,300,1,300,22,6600,
purchase-item:822,purchase:344,1189,presentation:1346,100,1,100,22,2200,
purchase-item:823,purchase:345,733,presentation:740,100,1,100,228.45,22844.82,
purchase-item:824,purchase:345,289,presentation:292,100,1,100,311.55,31155.16,
purchase-item:825,purchase:346,780,presentation:975,1,7,7,3266.62,3266.62,
purchase-item:826,purchase:347,1178,presentation:1309,4,30,120,11000,44000,
purchase-item:827,purchase:348,957,presentation:1088,1,7,7,500,500,
purchase-item:828,purchase:349,987,presentation:1035,6476,1,6476,3.8,24608.8,
purchase-item:829,purchase:350,269,presentation:1347,4,1,4,109,436,
purchase-item:830,purchase:351,853,presentation:893,2,1,2,550,1100,
purchase-item:831,purchase:352,261,presentation:266,7,1,7,24,168,
purchase-item:832,purchase:353,70,presentation:68,41,1,41,24,984,
purchase-item:833,purchase:354,173,presentation:173,6,1,6,64,384,
purchase-item:834,purchase:355,852,presentation:892,1,1,1,310,310,
purchase-item:835,purchase:356,980,presentation:1026,80,1,80,112,8960,
purchase-item:836,purchase:357,1141,presentation:1250,26,40,1040,4200,109200,
purchase-item:837,purchase:357,6,presentation:5,10,20,200,3150,31500,
purchase-item:838,purchase:358,913,presentation:1201,1,14,14,14500,14500,
purchase-item:839,purchase:359,780,presentation:976,4,1,4,466.66,1866.64,
purchase-item:840,purchase:360,987,presentation:1042,7,1000,7000,3743.94,26207.6,
purchase-item:841,purchase:361,284,presentation:287,186,1,186,25,4650,
purchase-item:842,purchase:362,987,presentation:1042,6,1000,6000,3598.8,21592.8,
purchase-item:843,purchase:363,913,presentation:954,30,1,30,483.33,14500,
purchase-item:844,purchase:364,780,presentation:976,1,1,1,233.33,233.33,
purchase-item:845,purchase:365,780,presentation:976,3,1,3,310,930,
purchase-item:846,purchase:366,1141,presentation:1250,4,40,160,4200,16800,
purchase-item:847,purchase:366,1021,presentation:1081,40,1,40,22,880,
purchase-item:848,purchase:367,1141,presentation:1250,6,40,240,4200,25200,
purchase-item:849,purchase:367,7,presentation:7,6,40,240,3200,19200,
purchase-item:850,purchase:368,596,presentation:753,3,1,3,19948.52,59845.56,
purchase-item:851,purchase:368,284,presentation:287,528,1,528,23.2,12249.6,
purchase-item:852,purchase:369,244,presentation:245,50,1,50,9.41,470.5,
purchase-item:853,purchase:369,261,presentation:266,50,1,50,15.47,773.5,
purchase-item:854,purchase:369,70,presentation:68,50,1,50,18.34,917,
purchase-item:855,purchase:369,41,presentation:41,30,1,30,6.3,189,
purchase-item:856,purchase:369,171,presentation:172,50,1,50,5.16,258,
purchase-item:857,purchase:369,233,presentation:234,30,1,30,8.84,265.2,
purchase-item:858,purchase:369,224,presentation:223,50,1,50,9.01,450.5,
purchase-item:859,purchase:369,156,presentation:157,50,1,50,23.59,1179.5,
purchase-item:860,purchase:369,269,presentation:1347,30,1,30,95.04,2851.2,
purchase-item:861,purchase:369,633,presentation:638,30,1,30,239.67,7190.1,
purchase-item:862,purchase:369,16,presentation:19,30,1,30,23.26,697.8,
purchase-item:863,purchase:369,173,presentation:173,40,1,40,100.01,4000.59,
purchase-item:864,purchase:370,1193,presentation:1353,1,53,53,19618.85,19618.85,
purchase-item:865,purchase:371,780,presentation:976,2.5,1,2.5,466.66,1166.65,
purchase-item:866,purchase:372,987,presentation:1042,10,1000,10000,3601.44,36014.4,
purchase-item:867,purchase:373,8,presentation:10,80,1,80,73.75,5900,
purchase-item:868,purchase:374,1141,presentation:1250,20,40,800,4230,84600,
purchase-item:869,purchase:374,7,presentation:7,16,40,640,3220,51520,
purchase-item:870,purchase:375,1178,presentation:1309,1,30,30,11000,11000,
purchase-item:871,purchase:376,1178,presentation:1309,1,30,30,11000,11000,
purchase-item:872,purchase:377,1178,presentation:1309,1,30,30,11500,11500,
purchase-item:873,purchase:378,852,presentation:892,3,1,3,310,930,
purchase-item:874,purchase:379,8,presentation:9,4,40,160,5600,22400,
purchase-item:875,purchase:380,8,presentation:9,4,40,160,2800,11200,
purchase-item:876,purchase:381,852,presentation:892,3,1,3,310,930,
purchase-item:877,purchase:382,715,presentation:723,40,1,40,9,360,
purchase-item:878,purchase:382,1194,presentation:1356,1,1,1,510,510,
purchase-item:879,purchase:383,1178,presentation:1309,1,30,30,11000,11000,
purchase-item:880,purchase:384,780,presentation:976,7,1,7,466.66,3266.62,
purchase-item:881,purchase:385,987,presentation:1042,5,1000,5000,3604.32,18021.6,
purchase-item:882,purchase:386,780,presentation:975,1,7,7,3266.62,3266.62,
purchase-item:883,purchase:387,4,presentation:1,36,20,720,4130,148680,
purchase-item:884,purchase:388,705,presentation:713,40,1,40,8,320,
purchase-item:885,purchase:389,852,presentation:892,30,1,30,310,9300,
purchase-item:886,purchase:390,780,presentation:976,1,1,1,466.66,466.66,
purchase-item:887,purchase:391,936,presentation:980,7,7,49,1000,7000,
purchase-item:888,purchase:391,936,presentation:996,1,14,14,2000,2000,
purchase-item:889,purchase:392,987,presentation:1042,8,1000,8000,3603.5,28828,
purchase-item:890,purchase:393,987,presentation:1042,4,1000,4000,3601.8,14407.2,
purchase-item:891,purchase:394,8,presentation:9,4,40,160,2800,11200,
purchase-item:892,purchase:395,1193,presentation:1353,2,53,106,19337.3,38674.6,
purchase-item:893,purchase:395,735,presentation:741,30,1,30,1831.57,54947.11,
purchase-item:894,purchase:396,287,presentation:290,500,1,500,22.5,11250,
purchase-item:895,purchase:396,1195,presentation:1362,20,1,20,220,4400,
purchase-item:896,purchase:397,1196,presentation:1363,6,1,6,71.94,431.61,
purchase-item:897,purchase:397,293,presentation:301,25,1,25,32.7,817.46,
purchase-item:898,purchase:398,1197,presentation:1364,5,1,5,50.43,252.16,
purchase-item:899,purchase:398,1198,presentation:1365,5,1,5,34.91,174.57,
purchase-item:900,purchase:398,1199,presentation:1366,5,1,5,46.66,233.29,
purchase-item:901,purchase:399,987,presentation:1042,5010,1000,5010000,3.6,18036,
purchase-item:902,purchase:400,987,presentation:1035,5010,1,5010,3.6,18036,
purchase-item:903,purchase:401,1141,presentation:1250,8,40,320,4230,33840,
purchase-item:904,purchase:401,1200,presentation:1371,30,1,30,23,690,
purchase-item:905,purchase:401,1201,presentation:1372,70,1,70,23,1610,
purchase-item:906,purchase:401,1202,presentation:1373,21,1,21,23,483,
purchase-item:907,purchase:402,987,presentation:1035,1250,1,1250,3.6,4500,
purchase-item:908,purchase:403,987,presentation:1035,4047,1,4047,3.6,14569.2,
purchase-item:909,purchase:404,987,presentation:1035,4000,1,4000,3.64,14569.2,
purchase-item:910,purchase:405,852,presentation:892,30,1,30,300,9000,
purchase-item:911,purchase:406,987,presentation:1035,12036,1,12036,3.6,43329.6,
purchase-item:912,purchase:407,1141,presentation:1250,25,40,1000,4230,105750,
purchase-item:913,purchase:408,1141,presentation:1250,1,40,40,4230,4230,
purchase-item:914,purchase:409,1203,presentation:1375,1,1,1,139,139,
purchase-item:915,purchase:409,1204,presentation:1376,1,1,1,309,309,
purchase-item:916,purchase:410,7,presentation:7,26,40,1040,3280,85280,
purchase-item:917,purchase:411,780,presentation:975,1,7,7,1677.6,1677.6,
purchase-item:918,purchase:412,987,presentation:1035,466,1,466,3.6,1677,
purchase-item:919,purchase:413,780,presentation:975,1,7,7,3266.6,3266.6,
purchase-item:920,purchase:414,852,presentation:892,30,1,30,310,9300,
purchase-item:921,purchase:415,936,presentation:980,3,7,21,1000,3000,
purchase-item:922,purchase:416,8,presentation:9,4,40,160,2800,11200,
purchase-item:923,purchase:417,913,presentation:954,30,1,30,466.67,14000,
purchase-item:924,purchase:418,913,presentation:954,30,1,30,466.67,14000,
purchase-item:925,purchase:419,1138,presentation:1244,1,1,1,133.4,133.4,
purchase-item:926,purchase:419,1139,presentation:1245,1,1,1,168.48,168.48,
purchase-item:927,purchase:419,1140,presentation:1248,1,1,1,284.45,284.45,
purchase-item:928,purchase:420,288,presentation:291,100,1,100,132.04,13204.25,
purchase-item:929,purchase:420,289,presentation:292,50,1,50,283.83,14191.45,
purchase-item:930,purchase:420,697,presentation:700,100,1,100,132.04,13204.25,
purchase-item:931,purchase:420,733,presentation:740,50,1,50,272.6,13630,
purchase-item:932,purchase:420,284,presentation:287,578,1,578,24.19,13980.3,
purchase-item:933,purchase:421,1120,presentation:1223,30,1,30,333.33,10000,
purchase-item:934,purchase:422,780,presentation:976,10,1,10,466.66,4666.6,
purchase-item:935,purchase:423,594,presentation:755,2.5,84,210,19604,49010,
purchase-item:936,purchase:423,596,presentation:753,4.9,1,4.9,19604,96059.6,
purchase-item:937,purchase:424,1184,presentation:1330,20,1,20,5.95,118.96,
purchase-item:938,purchase:424,1183,presentation:1329,20,1,20,5.63,112.6,
purchase-item:939,purchase:424,1185,presentation:1328,20,1,20,5.95,118.96,
purchase-item:940,purchase:424,1205,presentation:1383,20,1,20,7.93,158.62,
purchase-item:941,purchase:424,1182,presentation:1327,10,1,10,9.31,93.1,
purchase-item:942,purchase:424,1206,presentation:1385,4,1,4,59.48,237.92,
purchase-item:943,purchase:424,1207,presentation:1386,4,1,4,82.45,329.79,
purchase-item:944,purchase:425,124,presentation:123,6,1,6,16.38,98.28,
purchase-item:945,purchase:425,1208,presentation:1387,6,1,6,30.17,181.02,
purchase-item:946,purchase:425,1146,presentation:1262,8,1,8,193.97,1551.76,
purchase-item:947,purchase:425,1147,presentation:1263,1,1,1,987.96,987.96,
purchase-item:948,purchase:426,189,presentation:189,30,1,30,2.16,64.8,
purchase-item:949,purchase:426,193,presentation:195,30,1,30,2.24,67.2,
purchase-item:950,purchase:426,81,presentation:79,30,1,30,0.69,20.7,
purchase-item:951,purchase:426,89,presentation:88,40,1,40,1.12,44.8,
purchase-item:952,purchase:426,203,presentation:203,20,1,20,5.73,114.6,
purchase-item:953,purchase:426,123,presentation:122,20,1,20,10.56,211.2,
purchase-item:954,purchase:426,993,presentation:1216,9,1,9,910.3,8192.7,
purchase-item:955,purchase:426,160,presentation:160,30,1,30,51.89,1556.73,
purchase-item:956,purchase:427,1109,presentation:1200,15,1,15,129.29,1939.4,
purchase-item:957,purchase:427,954,presentation:999,50,1,50,8.25,412.5,
purchase-item:958,purchase:427,1029,presentation:1094,15,1,15,76.79,1151.88,
purchase-item:959,purchase:427,942,presentation:986,20,1,20,52.58,1051.66,
purchase-item:960,purchase:427,293,presentation:301,25,1,25,26.67,666.71,
purchase-item:961,purchase:427,296,presentation:304,25,1,25,26.67,666.71,
purchase-item:962,purchase:428,1209,presentation:1388,1,1,1,165,165,
purchase-item:963,purchase:429,780,presentation:976,3,1,3,466.66,1399.98,
purchase-item:964,purchase:430,1211,presentation:1390,30,1,30,23,690,
purchase-item:965,purchase:431,1210,presentation:1389,1,1,1,645,645,
purchase-item:966,purchase:432,957,presentation:1185,60,1,60,83.33,5000,
purchase-item:967,purchase:433,594,presentation:620,126,1,126,233.38,29406,
purchase-item:968,purchase:433,1193,presentation:1353,1,53,53,19604,19604,
purchase-item:969,purchase:434,987,presentation:1035,6500,1,6500,3.6,23400,
purchase-item:970,purchase:435,703,presentation:711,1,30,30,8400,8400,
purchase-item:971,purchase:436,957,presentation:1194,3,30,90,2700,8100,
purchase-item:972,purchase:437,957,presentation:1194,1,30,30,2900,2900,
purchase-item:973,purchase:438,923,presentation:965,30,1,30,173.33,5200,
purchase-item:974,purchase:439,703,presentation:1038,1,30,30,8400,8400,
purchase-item:975,purchase:439,703,presentation:711,1,30,30,8300,8300,
purchase-item:976,purchase:440,703,presentation:844,30,1,30,276.67,8300,
purchase-item:977,purchase:441,987,presentation:1035,6802,1,6802,3.6,24487.2,
purchase-item:978,purchase:442,8,presentation:10,160,1,160,70,11200,
purchase-item:979,purchase:443,1132,presentation:1237,1,30,30,5300,5300,
purchase-item:980,purchase:444,558,presentation:555,300,1,300,0.8,240,
purchase-item:981,purchase:445,596,presentation:753,3.88,1,3.88,19583.79,75985.1,
purchase-item:982,purchase:446,782,presentation:819,50,1,50,170,8500,
purchase-item:983,purchase:446,1202,presentation:1373,100,1,100,23,2300,
purchase-item:984,purchase:446,1189,presentation:1346,100,1,100,23,2300,
purchase-item:985,purchase:446,1201,presentation:1372,10,1,10,23,230,
purchase-item:986,purchase:447,987,presentation:1035,10406,1,10406,3.6,37461.6,
purchase-item:987,purchase:448,780,presentation:976,2,1,2,466.67,933.33,
purchase-item:988,purchase:449,254,presentation:255,3,1,3,5,15,
purchase-item:989,purchase:450,923,presentation:965,30,1,30,150,4500,
purchase-item:990,purchase:451,663,presentation:668,6,1,6,18.97,113.82,
purchase-item:991,purchase:451,125,presentation:124,6,1,6,90.52,543.12,
purchase-item:992,purchase:451,126,presentation:125,6,1,6,76.72,460.32,
purchase-item:993,purchase:451,110,presentation:109,4,1,4,171.55,686.2,
purchase-item:994,purchase:451,1214,presentation:1402,4,1,4,185.34,741.36,
purchase-item:995,purchase:451,178,presentation:178,4,1,4,236.79,947.17,
purchase-item:996,purchase:452,296,presentation:304,25,1,25,24.14,603.5,
purchase-item:997,purchase:452,880,presentation:920,12,1,12,26.05,312.6,
purchase-item:998,purchase:453,723,presentation:794,2,100,200,1451.66,2903.31,
purchase-item:999,purchase:454,292,presentation:300,25,1,25,44.44,1111,
purchase-item:1000,purchase:455,723,presentation:730,200,1,200,14.52,2903.31,
purchase-item:1001,purchase:456,723,presentation:730,100,1,100,12.51,1251.43,
purchase-item:1002,purchase:456,1215,presentation:1403,10,1,10,383.34,3833.35,
purchase-item:1003,purchase:457,1141,presentation:1250,36,40,1440,4280,154080,
purchase-item:1004,purchase:458,703,presentation:711,30,30,900,486.67,14600,
purchase-item:1005,purchase:459,67,presentation:66,40,1,40,21.53,861.2,
purchase-item:1006,purchase:459,254,presentation:255,30,1,30,1.39,41.7,
purchase-item:1007,purchase:459,956,presentation:1001,30,1,30,5.57,167.1,
purchase-item:1008,purchase:459,112,presentation:111,30,1,30,5.16,154.8,
purchase-item:1009,purchase:459,84,presentation:83,30,1,30,1.47,44.1,
purchase-item:1010,purchase:459,673,presentation:676,30,1,30,10.94,328.31,
purchase-item:1011,purchase:460,7,presentation:7,4,40,160,3370,13480,
purchase-item:1012,purchase:461,780,presentation:976,3.5,1,3.5,466.66,1633.31,
purchase-item:1013,purchase:462,703,presentation:711,1,30,30,14600,14600,
purchase-item:1014,purchase:463,780,presentation:976,14,1,14,466.66,6533.24,
purchase-item:1015,purchase:464,987,presentation:1035,7002,1,7002,3.6,25207.2,
purchase-item:1016,purchase:465,1216,presentation:1406,1,1,1,1096,1096,
purchase-item:1017,purchase:466,1217,presentation:1407,3,1,3,22,66,
purchase-item:1018,purchase:467,7,presentation:7,4,40,160,3415,13660,
purchase-item:1019,purchase:468,596,presentation:753,3.49,1,3.49,19604,68417.96,
purchase-item:1020,purchase:468,594,presentation:755,2.01,84,168.84,19604,39404.04,
purchase-item:1021,purchase:469,8,presentation:9,4,40,160,2800,11200,
purchase-item:1022,purchase:470,594,presentation:755,2.53,84,212.52,19604,49598.12,
purchase-item:1023,purchase:470,596,presentation:753,2.11,1,2.11,19604,41364.44,
purchase-item:1024,purchase:471,284,presentation:287,734,1,734,24.2,17760,
purchase-item:1025,purchase:472,852,presentation:892,30,1,30,310,9300,
purchase-item:1026,purchase:473,7,presentation:7,4,40,160,3470,13880,
purchase-item:1027,purchase:474,987,presentation:1035,1020,1,1020,3.6,3672,
purchase-item:1028,purchase:475,8,presentation:9,21,40,840,2780,58380,
purchase-item:1029,purchase:476,913,presentation:1201,1,14,14,15250,15250,
purchase-item:1030,purchase:477,703,presentation:711,1,30,30,14600,14600,
purchase-item:1031,purchase:478,987,presentation:1042,3,1000,3000,3600,10800,
purchase-item:1032,purchase:479,231,presentation:231,2,1,2,119.83,239.66,
purchase-item:1033,purchase:479,228,presentation:228,1,1,1,1422.41,1422.41,
purchase-item:1034,purchase:479,1219,presentation:1411,2,1,2,73.28,146.56,
purchase-item:1035,purchase:479,29,presentation:28,1,1,1,1245.69,1245.69,
purchase-item:1036,purchase:479,1220,presentation:1412,6,1,6,33.62,201.72,
purchase-item:1037,purchase:479,86,presentation:86,2,1,2,818.97,1637.94,
purchase-item:1038,purchase:479,90,presentation:93,2,1,2,64.66,129.32,
purchase-item:1039,purchase:479,1221,presentation:1413,1,1,1,99.14,99.14,
purchase-item:1040,purchase:479,231,presentation:231,2,1,2,111.21,222.42,
purchase-item:1041,purchase:479,1180,presentation:1311,12,1,12,24.14,289.68,
purchase-item:1042,purchase:479,1222,presentation:1414,12,1,12,23.89,286.68,
purchase-item:1043,purchase:479,1223,presentation:1415,3,1,3,142.24,426.72,
purchase-item:1044,purchase:479,1207,presentation:1386,2,1,2,42.24,84.48,
purchase-item:1045,purchase:479,1224,presentation:1416,12,1,12,17.24,206.88,
purchase-item:1046,purchase:479,1147,presentation:1263,1,1,1,599.14,599.14,
purchase-item:1047,purchase:480,1226,presentation:1417,1,1,1,8.62,8.62,
purchase-item:1048,purchase:480,1227,presentation:1418,10,1,10,12.93,129.3,
purchase-item:1049,purchase:480,1228,presentation:1419,10,1,10,15.52,155.2,
purchase-item:1050,purchase:480,1229,presentation:1420,10,1,10,146.66,1466.61,
purchase-item:1051,purchase:481,987,presentation:1035,6006,1,6006,3.6,21621.6,
purchase-item:1052,purchase:482,1216,presentation:1406,1,1,1,1096,1096,
purchase-item:1053,purchase:482,1218,presentation:1409,1,1,1,42,42,
purchase-item:1054,purchase:483,6,presentation:5,3,20,60,3400,10200,
purchase-item:1055,purchase:484,4,presentation:1,16,20,320,4303,68848,
purchase-item:1056,purchase:484,6,presentation:5,20,20,400,3280,65600,
purchase-item:1057,purchase:485,987,presentation:1035,1000,1,1000,3.6,3600,
purchase-item:1058,purchase:486,44,presentation:43,30,1,30,3.99,119.72,
purchase-item:1059,purchase:486,72,presentation:70,30,1,30,5.6,168.08,
purchase-item:1060,purchase:486,257,presentation:259,30,1,30,3.42,102.66,
purchase-item:1061,purchase:487,250,presentation:251,30,1,30,3.99,119.71,
purchase-item:1062,purchase:487,83,presentation:82,30,1,30,5.6,168.08,
purchase-item:1063,purchase:487,257,presentation:259,30,1,30,3.42,102.66,
purchase-item:1064,purchase:488,703,presentation:711,1,30,30,14600,14600,
purchase-item:1065,purchase:489,987,presentation:1035,6002,1,6002,3.6,21607.2,
purchase-item:1066,purchase:490,980,presentation:1422,15,1,15,142,2130,
purchase-item:1067,purchase:491,1216,presentation:1406,1,1,1,1096,1096,
purchase-item:1068,purchase:492,780,presentation:976,2,1,2,466.67,933.33,
purchase-item:1069,purchase:493,987,presentation:1035,6010,1,6010,3.6,21636,
purchase-item:1070,purchase:494,987,presentation:1042,2,1000,2000,3600,7200,
purchase-item:1071,purchase:495,510,presentation:517,15,1,15,7.41,111.15,
purchase-item:1072,purchase:495,975,presentation:1021,15,1,15,11.79,176.85,
purchase-item:1073,purchase:495,977,presentation:1023,15,1,15,15.92,238.8,
purchase-item:1074,purchase:495,512,presentation:518,15,1,15,8.78,131.7,
purchase-item:1075,purchase:495,584,presentation:590,10,1,10,25.64,256.4,
purchase-item:1076,purchase:495,578,presentation:584,10,1,10,16.02,160.2,
purchase-item:1077,purchase:495,978,presentation:1024,10,1,10,27.4,274,
purchase-item:1078,purchase:495,617,presentation:621,41,1,41,1.98,81,
purchase-item:1079,purchase:495,610,presentation:614,150,1,150,0.56,84.5,
purchase-item:1080,purchase:495,614,presentation:617,102,1,102,0.8,82,
purchase-item:1081,purchase:495,615,presentation:618,91,1,91,0.9,82,
purchase-item:1082,purchase:495,1057,presentation:1138,100,1,100,0.42,41.7,
purchase-item:1083,purchase:495,602,presentation:606,100,1,100,0.28,28,
purchase-item:1084,purchase:495,606,presentation:610,100,1,100,0.62,61.5,
purchase-item:1085,purchase:495,592,presentation:599,50,1,50,0.51,25.5,
purchase-item:1086,purchase:495,604,presentation:608,50,1,50,0.02,1,
purchase-item:1087,purchase:495,1060,presentation:1141,50,1,50,0.02,1,
purchase-item:1088,purchase:496,936,presentation:1341,1,3.5,3.5,1000,1000,
purchase-item:1089,purchase:497,936,presentation:1341,1,3.5,3.5,1000,1000,
purchase-item:1090,purchase:498,957,presentation:1194,1,30,30,4500,4500,
purchase-item:1091,purchase:499,703,presentation:711,1,30,30,14600,14600,
purchase-item:1092,purchase:500,987,presentation:1035,6000,1,6000,3.6,21600,
purchase-item:1093,purchase:501,4,presentation:1,26,20,520,4300,111800,
purchase-item:1094,purchase:501,6,presentation:5,10,20,200,3280,32800,
purchase-item:1095,purchase:502,853,presentation:893,1,1,1,566.66,566.66,
purchase-item:1096,purchase:503,1200,presentation:1371,100,1,100,23,2300,
purchase-item:1097,purchase:503,1079,presentation:1161,20,1,20,65,1300,
purchase-item:1098,purchase:503,287,presentation:290,500,1,500,22.5,11250,
purchase-item:1099,purchase:504,780,presentation:976,7,1,7,466.66,3266.62,
purchase-item:1100,purchase:505,853,presentation:893,1,1,1,566.66,566.66,
purchase-item:1101,purchase:506,987,presentation:1035,1518,1,1518,3.6,5464.8,
purchase-item:1102,purchase:507,1056,presentation:1134,30,1,30,310,9300,
purchase-item:1103,purchase:508,780,presentation:975,1,7,7,3266,3266,
purchase-item:1104,purchase:509,8,presentation:9,21,40,840,2780,58380,
purchase-item:1105,purchase:510,1141,presentation:1250,6,40,240,4400,26400,
purchase-item:1106,purchase:510,6,presentation:5,6,20,120,3400,20400,
purchase-item:1107,purchase:511,283,presentation:284,200,1,200,23,4600,
purchase-item:1108,purchase:512,1193,presentation:1435,1342,1,1342,19.37,25996.76,
purchase-item:1109,purchase:512,1232,presentation:1433,4162,1,4162,19.37,80625.5,
purchase-item:1110,purchase:513,594,presentation:755,4.9,84,411.6,18776.61,92005.4,
purchase-item:1111,purchase:513,284,presentation:287,961,1,961,24.13,23188,
purchase-item:1112,purchase:514,1141,presentation:1250,20,40,800,4400,88000,
purchase-item:1113,purchase:514,7,presentation:7,16,40,640,3400,54400,
purchase-item:1114,purchase:515,296,presentation:304,100,1,100,28.54,2853.6,
purchase-item:1115,purchase:516,293,presentation:301,100,1,100,28,2800.24,
purchase-item:1116,purchase:517,1054,presentation:1129,17,1,17,80,1360,
purchase-item:1117,purchase:518,1234,presentation:1436,1,1,1,550,550,
purchase-item:1118,purchase:519,853,presentation:893,3,1,3,566.66,1699.98,
purchase-item:1119,purchase:520,1162,presentation:1283,1.5,1,1.5,300,450,
purchase-item:1120,purchase:521,780,presentation:976,3,1,3,466.66,1399.98,
purchase-item:1121,purchase:522,1054,presentation:1129,5,1,5,80,400,
purchase-item:1122,purchase:523,1141,presentation:1250,18,40,720,4300,77400,
purchase-item:1123,purchase:523,7,presentation:7,18,40,720,3450,62100,
purchase-item:1124,purchase:524,987,presentation:1035,1004,1,1004,3.65,3664.6,
purchase-item:1125,purchase:525,987,presentation:1035,4506,1,4506,3.65,16446.9,
purchase-item:1126,purchase:526,853,presentation:893,2,1,2,566.66,1133.32,
purchase-item:1127,purchase:527,923,presentation:965,16,1,16,150,2400,
purchase-item:1128,purchase:528,1054,presentation:1129,50,1,50,28.54,1426.8,
purchase-item:1129,purchase:529,293,presentation:301,50,1,50,28,1400,
purchase-item:1130,purchase:529,295,presentation:303,50,1,50,28,1400.12,
purchase-item:1131,purchase:530,287,presentation:290,500,1,500,22.5,11250,
purchase-item:1132,purchase:530,1211,presentation:1390,80,1,80,23,1840,
purchase-item:1133,purchase:531,923,presentation:965,30,1,30,173.33,5200,
purchase-item:1134,purchase:532,923,presentation:965,16,1,16,150,2400,
purchase-item:1135,purchase:533,957,presentation:1185,30,1,30,173.33,5200,
purchase-item:1136,purchase:534,853,presentation:893,3,1,3,566.66,1699.98,
purchase-item:1137,purchase:535,1236,presentation:1439,1,1,1,93,93,
purchase-item:1138,purchase:535,1237,presentation:1440,1,1,1,31,31,
purchase-item:1139,purchase:536,781,presentation:818,100,1,100,78,7800,
purchase-item:1140,purchase:537,1141,presentation:1250,26,40,1040,4305,111930,
purchase-item:1141,purchase:538,1238,presentation:1442,150,1,150,28,4200,
purchase-item:1142,purchase:539,780,presentation:976,4,1,4,466.66,1866.64,
purchase-item:1143,purchase:540,780,presentation:976,7,1,7,466.66,3266.62,
purchase-item:1144,purchase:541,1194,presentation:1356,1,1,1,562,562,
purchase-item:1145,purchase:541,1239,presentation:1443,1,1,1,813,813,
purchase-item:1146,purchase:541,1171,presentation:1298,2,1,2,18,36,
purchase-item:1147,purchase:541,1240,presentation:1444,1,1,1,36,36,
purchase-item:1148,purchase:541,1241,presentation:1445,11,1,11,40,440,
purchase-item:1149,purchase:542,8,presentation:9,21,40,840,2780,58380,
purchase-item:1150,purchase:543,780,presentation:976,2,1,2,466.66,933.32,
purchase-item:1151,purchase:544,780,presentation:976,3,1,3,466.66,1399.98,
purchase-item:1152,purchase:545,780,presentation:976,2,1,2,466.66,933.32,
purchase-item:1153,purchase:546,852,presentation:1203,1,30,30,11500,11500,
purchase-item:1154,purchase:547,1242,presentation:1446,2,1,2,50,100,
purchase-item:1155,purchase:547,232,presentation:232,5,1,5,273,1365,
purchase-item:1156,purchase:548,1162,presentation:1283,30,1,30,300,9000,
purchase-item:1157,purchase:549,781,presentation:818,100,1,100,78,7800,
purchase-item:1158,purchase:549,1243,presentation:1448,60,1,60,23,1380,
purchase-item:1159,purchase:550,987,presentation:1035,6000,1,6000,3.65,21900,
purchase-item:1160,purchase:551,853,presentation:893,1.5,1,1.5,566.66,849.99,
purchase-item:1161,purchase:552,735,presentation:741,20,1,20,1908.94,38178.85,
purchase-item:1162,purchase:553,1238,presentation:1442,90,1,90,28,2520,
purchase-item:1163,purchase:554,7,presentation:7,22,40,880,3340,73480,
purchase-item:1164,purchase:555,987,presentation:1035,2500,1,2500,3.65,9125,
purchase-item:1165,purchase:556,289,presentation:292,30,1,30,295,8850,
purchase-item:1166,purchase:556,1244,presentation:1456,40,1,40,23,920,
purchase-item:1167,purchase:556,781,presentation:818,200,1,200,81.4,16280,
purchase-item:1168,purchase:557,987,presentation:1035,4500,1,4500,3.65,16425,
sale-item:1,sale:1,4,presentation:2,1,1,1,230,230,
sale-item:2,sale:2,296,presentation:304,3,1,3,33,99,
sale-item:3,sale:2,295,presentation:303,1,1,1,33,33,
sale-item:4,sale:3,296,presentation:304,3,1,3,33,99,
sale-item:5,sale:3,295,presentation:303,1,1,1,33,33,
sale-item:6,sale:3,293,presentation:301,1,1,1,33,33,
sale-item:7,sale:4,287,presentation:290,94,1,94,23,2162,
sale-item:8,sale:5,176,presentation:175,1,1,1,145,145,
sale-item:9,sale:6,5,presentation:4,20,1,20,115,2300,
sale-item:10,sale:7,287,presentation:290,500,1,500,18,9000,
sale-item:11,sale:7,594,presentation:620,168,1,168,220,36960,
sale-item:12,sale:8,284,presentation:287,98,1,98,25,2450,
sale-item:13,sale:9,126,presentation:125,1,1,1,103,103,
sale-item:14,sale:10,699,presentation:705,1,40,40,4300,4300,
sale-item:15,sale:11,697,presentation:700,10,1,10,139,1390,
sale-item:16,sale:12,669,presentation:673,5,1,5,9,45,
sale-item:17,sale:13,284,presentation:287,5,1,5,25,125,
sale-item:18,sale:14,5,presentation:3,1,40,40,4600,4600,
sale-item:19,sale:14,7,presentation:7,1,40,40,3500,3500,
sale-item:20,sale:15,703,presentation:711,1,30,30,16000,16000,
sale-item:21,sale:16,497,presentation:504,2,1,2,2,4,
sale-item:22,sale:16,604,presentation:608,2,1,2,1,2,
sale-item:23,sale:16,621,presentation:626,2,1,2,0.5,1,
sale-item:24,sale:17,713,presentation:721,1,1,1,356,356,
sale-item:25,sale:18,36,presentation:35,2,1,2,128,256,
sale-item:26,sale:19,566,presentation:572,1,1,1,9,9,
sale-item:27,sale:19,608,presentation:612,1,1,1,4,4,
sale-item:28,sale:19,617,presentation:621,1,1,1,2,2,
sale-item:29,sale:20,736,presentation:742,1,1,1,104,104,
sale-item:30,sale:21,735,presentation:741,1,1,1,2000,2000,
sale-item:31,sale:22,5,presentation:3,3,40,120,4600,13800,
sale-item:32,sale:23,551,presentation:563,1,1,1,72,72,
sale-item:33,sale:24,733,presentation:740,11,1,11,250,2750,
sale-item:34,sale:25,5,presentation:4,2,1,2,115,230,
sale-item:35,sale:26,7,presentation:7,2,40,80,3500,7000,
sale-item:36,sale:27,214,presentation:213,1,1,1,43,43,
sale-item:37,sale:27,279,presentation:756,30,1,30,8,240,
sale-item:38,sale:28,683,presentation:687,1,1,1,7,7,
sale-item:39,sale:29,281,presentation:282,4,1,4,16,64,
sale-item:40,sale:30,73,presentation:72,1,1,1,87,87,
sale-item:41,sale:31,5,presentation:4,2,1,2,115,230,
sale-item:42,sale:31,699,presentation:706,2,1,2,118,236,
sale-item:43,sale:32,8,presentation:285,20,1,20,90,1800,
sale-item:44,sale:32,699,presentation:706,10,1,10,118,1180,
sale-item:45,sale:33,754,presentation:767,1,1,1,993,993,
sale-item:46,sale:33,760,presentation:775,1,1,1,993,993,
sale-item:47,sale:33,292,presentation:813,1,0.5,0.5,26,26,
sale-item:48,sale:33,278,presentation:279,2,1,2,6,12,
sale-item:49,sale:34,780,presentation:811,1,14,14,7500,7500,
sale-item:50,sale:35,284,presentation:287,4,1,4,25,100,
sale-item:51,sale:36,697,presentation:700,10,1,10,142,1420,
sale-item:52,sale:37,5,presentation:3,3,40,120,4600,13800,
sale-item:53,sale:37,7,presentation:7,3,40,120,3500,10500,
sale-item:54,sale:37,772,presentation:802,1,1,1,330,330,
sale-item:55,sale:38,5,presentation:4,10,1,10,115,1150,
sale-item:56,sale:39,5,presentation:4,10,1,10,115,1150,
sale-item:57,sale:40,781,presentation:818,1,1,1,86,86,
sale-item:58,sale:41,8,presentation:285,20,1,20,90,1800,
sale-item:59,sale:42,8,presentation:285,1,1,1,90,90,
sale-item:60,sale:43,206,presentation:206,1,1,1,120,120,
sale-item:61,sale:44,736,presentation:820,1,1,1,52,52,
sale-item:62,sale:45,4,presentation:2,12,1,12,230,2760,
sale-item:63,sale:46,5,presentation:4,12,1,12,115,1380,
sale-item:64,sale:47,285,presentation:288,30,1,30,25,750,
sale-item:65,sale:47,8,presentation:9,1,40,40,3600,3600,
sale-item:66,sale:48,111,presentation:110,1,1,1,23,23,
sale-item:67,sale:49,781,presentation:818,1,1,1,86,86,
sale-item:68,sale:50,110,presentation:109,1,1,1,231,231,
sale-item:69,sale:50,331,presentation:338,1,1,1,325,325,
sale-item:70,sale:51,5,presentation:4,16,1,16,115,1840,
sale-item:71,sale:52,699,presentation:706,8,1,8,118,944,
sale-item:72,sale:53,699,presentation:705,1,40,40,4700,4700,
sale-item:73,sale:54,110,presentation:109,1,1,1,231,231,
sale-item:74,sale:54,331,presentation:338,1,1,1,325,325,
sale-item:75,sale:54,145,presentation:145,1,1,1,56,56,
sale-item:76,sale:54,548,presentation:554,1,1,1,280,280,
sale-item:77,sale:55,699,presentation:705,1,40,40,4700,4700,
sale-item:78,sale:56,699,presentation:706,1,1,1,118,118,
sale-item:79,sale:57,743,presentation:749,10,1,10,103,1030,
sale-item:80,sale:58,327,presentation:334,1,1,1,5,5,
sale-item:81,sale:59,779,presentation:809,1,1,1,58,58,
sale-item:82,sale:60,5,presentation:4,2,1,2,115,230,
sale-item:83,sale:61,733,presentation:740,5,1,5,250,1250,
sale-item:84,sale:61,699,presentation:706,3,1,3,118,354,
sale-item:85,sale:62,733,presentation:740,4,1,4,250,1000,
sale-item:86,sale:62,5,presentation:4,6,1,6,115,690,
sale-item:87,sale:62,284,presentation:287,3,1,3,25,75,
sale-item:88,sale:63,284,presentation:287,3.5,1,3.5,25,87.5,
sale-item:89,sale:64,543,presentation:548,1,1,1,219,219,
sale-item:90,sale:65,5,presentation:4,20,1,20,115,2300,
sale-item:91,sale:66,5,presentation:3,3,40,120,4600,13800,
sale-item:92,sale:67,699,presentation:705,1,40,40,4700,4700,
sale-item:93,sale:68,284,presentation:287,2.5,1,2.5,25,62.5,
sale-item:94,sale:69,289,presentation:292,10,1,10,320,3200,
sale-item:95,sale:70,5,presentation:4,2,1,2,115,230,
sale-item:96,sale:71,236,presentation:236,1,1,1,16,16,
sale-item:97,sale:72,733,presentation:740,12,1,12,250,3000,
sale-item:98,sale:73,544,presentation:549,1,1,1,323,323,
sale-item:99,sale:74,477,presentation:484,4,1,4,2,8,
sale-item:100,sale:74,514,presentation:521,2,1,2,2,4,
sale-item:101,sale:74,457,presentation:464,6,1,6,0.5,3,
sale-item:102,sale:74,404,presentation:412,2,1,2,14,28,
sale-item:103,sale:74,602,presentation:606,4,1,4,0.5,2,
sale-item:104,sale:75,736,presentation:742,0.5,1,0.5,104,52,
sale-item:105,sale:76,5,presentation:4,18,1,18,115,2070,
sale-item:106,sale:77,5,presentation:4,2,1,2,115,230,
sale-item:107,sale:77,284,presentation:287,6,1,6,25,150,
sale-item:108,sale:78,743,presentation:749,10,1,10,103,1030,
sale-item:109,sale:79,282,presentation:283,1,1,1,1360,1360,
sale-item:110,sale:79,763,presentation:800,1,1,1,1348,1348,
sale-item:111,sale:79,746,presentation:752,6,1,6,48,288,
sale-item:112,sale:80,805,presentation:845,4000,1,4000,20.5,82000,
sale-item:113,sale:81,699,presentation:706,4,1,4,118,472,
sale-item:114,sale:82,746,presentation:752,4,1,4,48,192,
sale-item:115,sale:83,8,presentation:285,20,1,20,90,1800,
sale-item:116,sale:83,699,presentation:706,5,1,5,118,590,
sale-item:117,sale:84,669,presentation:673,10,1,10,9,90,
sale-item:118,sale:85,699,presentation:706,4,1,4,118,472,
sale-item:119,sale:86,395,presentation:403,1,1,1,0.5,0.5,
sale-item:120,sale:86,361,presentation:369,1,1,1,0.5,0.5,
sale-item:121,sale:87,703,presentation:844,7,1,7,600,4200,
sale-item:122,sale:88,291,presentation:299,1,1,1,33,33,
sale-item:123,sale:89,114,presentation:113,1,1,1,261,261,
sale-item:124,sale:90,825,presentation:865,2,1,2,3800,7600,
sale-item:125,sale:90,8,presentation:285,20,1,20,90,1800,
sale-item:126,sale:91,683,presentation:687,4,1,4,7,28,
sale-item:127,sale:92,8,presentation:285,3,1,3,90,270,
sale-item:128,sale:93,5,presentation:4,40,1,40,115,4600,
sale-item:129,sale:93,7,presentation:8,40,1,40,92.5,3700,
sale-item:130,sale:94,5,presentation:4,40,1,40,115,4600,
sale-item:131,sale:95,852,presentation:892,3,1,3,450,1350,
sale-item:132,sale:95,853,presentation:893,8,1,8,600,4800,
sale-item:133,sale:96,5,presentation:4,10,1,10,115,1150,
sale-item:134,sale:97,851,presentation:891,5,1,5,103,515,
sale-item:135,sale:98,755,presentation:772,23,1,23,24,552,
sale-item:136,sale:98,759,presentation:776,46,1,46,24,1104,
sale-item:137,sale:98,823,presentation:862,7,1,7,33,231,
sale-item:138,sale:98,284,presentation:287,0.5,1,0.5,25,12.5,
sale-item:139,sale:98,302,presentation:309,1,1,1,14,14,
sale-item:140,sale:99,699,presentation:706,1,1,1,118,118,
sale-item:141,sale:100,5,presentation:4,40,1,40,115,4600,
sale-item:142,sale:101,853,presentation:893,2,1,2,600,1200,
sale-item:143,sale:101,852,presentation:892,2,1,2,450,900,
sale-item:144,sale:102,5,presentation:4,40,1,40,115,4600,
sale-item:145,sale:103,5,presentation:4,40,1,40,115,4600,
sale-item:146,sale:104,284,presentation:287,10,1,10,25,250,
sale-item:147,sale:105,516,presentation:523,3,1,3,5,15,
sale-item:148,sale:106,516,presentation:523,2,1,2,5,10,
sale-item:149,sale:107,852,presentation:892,2,1,2,450,900,
sale-item:150,sale:108,5,presentation:4,40,1,40,115,4600,
sale-item:151,sale:108,7,presentation:8,40,1,40,92.5,3700,
sale-item:152,sale:109,5,presentation:4,40,1,40,115,4600,
sale-item:153,sale:109,228,presentation:228,1,1,1,1914,1914,
sale-item:154,sale:109,735,presentation:741,1,1,1,1780,1780,
sale-item:155,sale:110,851,presentation:891,5,1,5,103,515,
sale-item:156,sale:111,5,presentation:4,40,1,40,115,4600,
sale-item:157,sale:112,285,presentation:288,40,1,40,25,1000,
sale-item:158,sale:112,284,presentation:287,7,1,7,25,175,
sale-item:159,sale:113,727,presentation:734,2,1,2,49,98,
sale-item:160,sale:114,5,presentation:4,10,1,10,115,1150,
sale-item:161,sale:114,733,presentation:740,1,1,1,250,250,
sale-item:162,sale:115,7,presentation:8,10,1,10,92.5,925,
sale-item:163,sale:115,733,presentation:740,1,1,1,250,250,
sale-item:164,sale:116,639,presentation:644,1,1,1,9,9,
sale-item:165,sale:117,703,presentation:844,5,1,5,600,3000,
sale-item:166,sale:117,853,presentation:893,2,1,2,600,1200,
sale-item:167,sale:118,439,presentation:446,1,1,1,1,1,
sale-item:168,sale:118,603,presentation:607,1,1,1,0.5,0.5,
sale-item:169,sale:119,697,presentation:700,2,1,2,142,284,
sale-item:170,sale:120,637,presentation:642,2,1,2,20,40,
sale-item:171,sale:120,640,presentation:645,2,1,2,20,40,
sale-item:172,sale:120,846,presentation:886,2,1,2,158,316,
sale-item:173,sale:120,663,presentation:668,4,1,4,36,144,
sale-item:174,sale:120,226,presentation:225,4,1,4,33,132,
sale-item:175,sale:120,250,presentation:251,4,1,4,2,8,
sale-item:176,sale:120,122,presentation:121,2,1,2,3,6,
sale-item:177,sale:120,258,presentation:258,2,1,2,47,94,
sale-item:178,sale:120,844,presentation:884,2,1,2,207,414,
sale-item:179,sale:121,798,presentation:837,1,1,1,49,49,
sale-item:180,sale:122,283,presentation:286,58,1,58,25,1450,
sale-item:181,sale:123,272,presentation:273,1,1,1,190,190,
sale-item:182,sale:123,70,presentation:68,2,1,2,19,38,
sale-item:183,sale:124,284,presentation:287,2,1,2,25,50,
sale-item:184,sale:125,906,presentation:947,300,1,300,25,7500,
sale-item:185,sale:126,699,presentation:706,5,1,5,118,590,
sale-item:186,sale:127,853,presentation:893,4,1,4,600,2400,
sale-item:187,sale:127,852,presentation:892,4,1,4,450,1800,
sale-item:188,sale:127,5,presentation:4,40,1,40,115,4600,
sale-item:189,sale:128,5,presentation:4,40,1,40,115,4600,
sale-item:190,sale:128,853,presentation:893,2,1,2,600,1200,
sale-item:191,sale:128,703,presentation:844,4,1,4,600,2400,
sale-item:192,sale:128,852,presentation:892,6,1,6,450,2700,
sale-item:193,sale:129,5,presentation:4,40,1,40,115,4600,
sale-item:194,sale:130,783,presentation:821,12,1,12,54,648,
sale-item:195,sale:130,5,presentation:4,80,1,80,115,9200,
sale-item:196,sale:130,7,presentation:8,80,1,80,92.5,7400,
sale-item:197,sale:130,726,presentation:733,200,1,200,25,5000,
sale-item:198,sale:130,731,presentation:738,200,1,200,16,3200,
sale-item:199,sale:130,738,presentation:744,100,1,100,16,1600,
sale-item:200,sale:130,768,presentation:783,100,1,100,15,1500,
sale-item:201,sale:131,736,presentation:742,0.5,1,0.5,104,52,
sale-item:202,sale:132,73,presentation:72,1,1,1,87,87,
sale-item:203,sale:132,736,presentation:742,1,1,1,104,104,
sale-item:204,sale:132,704,presentation:712,1,1,1,34,34,
sale-item:205,sale:133,272,presentation:273,1,1,1,190,190,
sale-item:206,sale:133,786,presentation:824,1,1,1,43,43,
sale-item:207,sale:133,300,presentation:307,1,1,1,15,15,
sale-item:208,sale:134,880,presentation:920,1,1,1,21,21,
sale-item:209,sale:135,5,presentation:4,15,1,15,115,1725,
sale-item:210,sale:136,703,presentation:844,2,1,2,600,1200,
sale-item:211,sale:137,913,presentation:954,6,1,6,480,2880,
sale-item:212,sale:137,285,presentation:288,30,1,30,25,750,
sale-item:213,sale:138,5,presentation:4,40,1,40,115,4600,
sale-item:214,sale:139,703,presentation:844,4,1,4,600,2400,
sale-item:215,sale:139,853,presentation:893,2,1,2,600,1200,
sale-item:216,sale:140,5,presentation:4,16,1,16,115,1840,
sale-item:217,sale:140,8,presentation:285,1,1,1,90,90,
sale-item:218,sale:141,899,presentation:940,1,1,1,22,22,
sale-item:219,sale:142,5,presentation:4,16,1,16,115,1840,
sale-item:220,sale:143,208,presentation:208,1,1,1,92,92,
sale-item:221,sale:144,70,presentation:68,7,1,7,19,133,
sale-item:222,sale:144,188,presentation:187,2,1,2,10,20,
sale-item:223,sale:144,788,presentation:826,3,1,3,58,174,
sale-item:224,sale:144,224,presentation:223,1,1,1,10,10,
sale-item:225,sale:144,156,presentation:157,2,1,2,25,50,
sale-item:226,sale:144,272,presentation:273,2,1,2,190,380,
sale-item:227,sale:145,5,presentation:4,20,1,20,115,2300,
sale-item:228,sale:145,7,presentation:8,20,1,20,92.5,1850,
sale-item:229,sale:145,284,presentation:287,10,1,10,25,250,
sale-item:230,sale:145,117,presentation:116,1,1,1,191,191,
sale-item:231,sale:145,242,presentation:243,1,1,1,231,231,
sale-item:232,sale:146,539,presentation:544,20,1,20,1,20,
sale-item:233,sale:147,539,presentation:544,20,1,20,1,20,
sale-item:234,sale:148,899,presentation:940,2,1,2,22,44,
sale-item:235,sale:149,289,presentation:292,5,1,5,320,1600,
sale-item:236,sale:149,733,presentation:740,10,1,10,250,2500,
sale-item:237,sale:150,302,presentation:309,5,1,5,14,70,
sale-item:238,sale:151,5,presentation:4,40,1,40,115,4600,
sale-item:239,sale:152,5,presentation:4,40,1,40,115,4600,
sale-item:240,sale:152,7,presentation:8,20,1,20,92.5,1850,
sale-item:241,sale:153,5,presentation:4,1,1,1,115,115,
sale-item:242,sale:154,914,presentation:955,100,1,100,73,7300,
sale-item:243,sale:154,915,presentation:956,300,1,300,158,47400,
sale-item:244,sale:155,5,presentation:4,18,1,18,115,2070,
sale-item:245,sale:156,339,presentation:346,2,1,2,0.5,1,
sale-item:246,sale:156,529,presentation:534,2,1,2,1,2,
sale-item:247,sale:157,5,presentation:4,10,1,10,115,1150,
sale-item:248,sale:158,111,presentation:110,1,1,1,23,23,
sale-item:249,sale:158,899,presentation:940,1,1,1,22,22,
sale-item:250,sale:159,921,presentation:962,500,1,500,73,36500,
sale-item:251,sale:160,699,presentation:706,4,1,4,118,472,
sale-item:252,sale:161,5,presentation:4,4,1,4,115,460,
sale-item:253,sale:162,594,presentation:620,245,1,245,226,55370,
sale-item:254,sale:162,596,presentation:754,300,1,300,127,38100,
sale-item:255,sale:162,8,presentation:285,20,1,20,90,1800,
sale-item:256,sale:162,287,presentation:290,100,1,100,23,2300,
sale-item:257,sale:162,284,presentation:287,106,1,106,25,2650,
sale-item:258,sale:162,825,presentation:865,9,1,9,3900,35100,
sale-item:259,sale:163,733,presentation:740,22,1,22,250,5500,
sale-item:260,sale:163,284,presentation:287,9,1,9,25,225,
sale-item:261,sale:164,5,presentation:4,20,1,20,115,2300,
sale-item:262,sale:165,922,presentation:963,1,1,1,104,104,
sale-item:263,sale:166,5,presentation:4,15,1,15,115,1725,
sale-item:264,sale:167,284,presentation:287,2,1,2,25,50,
sale-item:265,sale:168,284,presentation:287,2,1,2,25,50,
sale-item:266,sale:169,5,presentation:4,40,1,40,115,4600,
sale-item:267,sale:170,7,presentation:8,40,1,40,92.5,3700,
sale-item:268,sale:171,5,presentation:4,20,1,20,115,2300,
sale-item:269,sale:171,7,presentation:8,20,1,20,92.5,1850,
sale-item:270,sale:171,294,presentation:302,2,1,2,52,104,
sale-item:271,sale:171,293,presentation:301,2,1,2,33,66,
sale-item:272,sale:172,5,presentation:4,15,1,15,115,1725,
sale-item:273,sale:173,7,presentation:8,120,1,120,92.5,11100,
sale-item:274,sale:173,295,presentation:303,5,1,5,33,165,
sale-item:275,sale:174,284,presentation:287,10,1,10,25,250,
sale-item:276,sale:175,7,presentation:8,2,1,2,92.5,185,
sale-item:277,sale:176,5,presentation:4,30,1,30,115,3450,
sale-item:278,sale:177,683,presentation:687,2,1,2,7,14,
sale-item:279,sale:178,923,presentation:965,1,1,1,300,300,
sale-item:280,sale:178,852,presentation:892,1,1,1,450,450,
sale-item:281,sale:179,923,presentation:964,1,7,7,2000,2000,
sale-item:282,sale:179,703,presentation:844,1,1,1,600,600,
sale-item:283,sale:179,852,presentation:892,7,1,7,450,3150,
sale-item:284,sale:180,703,presentation:844,4,1,4,600,2400,
sale-item:285,sale:180,853,presentation:893,2,1,2,600,1200,
sale-item:286,sale:181,7,presentation:8,40,1,40,92.5,3700,
sale-item:287,sale:182,923,presentation:965,7,1,7,300,2100,
sale-item:288,sale:183,171,presentation:172,1,1,1,6,6,
sale-item:289,sale:183,233,presentation:234,1,1,1,10,10,
sale-item:290,sale:183,886,presentation:925,1,1,1,150,150,
sale-item:291,sale:183,783,presentation:821,8,1,8,54,432,
sale-item:292,sale:184,72,presentation:70,4,1,4,3,12,
sale-item:293,sale:184,815,presentation:854,1,1,1,51,51,
sale-item:294,sale:184,83,presentation:82,8,1,8,3,24,
sale-item:295,sale:184,33,presentation:32,2,1,2,5,10,
sale-item:296,sale:184,181,presentation:181,1,1,1,2,2,
sale-item:297,sale:184,327,presentation:334,2,1,2,5,10,
sale-item:298,sale:184,277,presentation:278,4,1,4,72,288,
sale-item:299,sale:184,702,presentation:710,1,1,1,3324,3324,
sale-item:300,sale:184,309,presentation:316,1,1,1,8,8,
sale-item:301,sale:184,8,presentation:285,1,1,1,90,90,
sale-item:302,sale:184,880,presentation:920,1,1,1,21,21,
sale-item:303,sale:184,34,presentation:294,1,1,1,26,26,
sale-item:304,sale:184,218,presentation:218,1,1,1,3,3,
sale-item:305,sale:184,252,presentation:252,1,1,1,41,41,
sale-item:306,sale:184,136,presentation:135,1,1,1,18,18,
sale-item:307,sale:185,694,presentation:698,6,1,6,42,252,
sale-item:308,sale:185,833,presentation:873,4,1,4,40,160,
sale-item:309,sale:185,762,presentation:778,10,1,10,43,430,
sale-item:310,sale:185,634,presentation:639,10,1,10,9,90,
sale-item:311,sale:185,635,presentation:640,6,1,6,13.5,81,
sale-item:312,sale:185,676,presentation:680,5,1,5,8,40,
sale-item:313,sale:185,194,presentation:193,10,1,10,0.5,5,
sale-item:314,sale:185,337,presentation:345,20,1,20,0.5,10,
sale-item:315,sale:185,761,presentation:777,3,1,3,15,45,
sale-item:316,sale:185,932,presentation:974,12,1,12,114,1368,
sale-item:317,sale:186,923,presentation:964,1,7,7,2000,2000,
sale-item:318,sale:187,780,presentation:975,1,7,7,3150,3150,
sale-item:319,sale:187,8,presentation:285,20,1,20,90,1800,
sale-item:320,sale:187,913,presentation:954,3,1,3,480,1440,
sale-item:321,sale:188,5,presentation:4,40,1,40,115,4600,
sale-item:322,sale:188,7,presentation:8,40,1,40,92.5,3700,
sale-item:323,sale:189,29,presentation:28,1,1,1,1677,1677,
sale-item:324,sale:189,905,presentation:946,1,1,1,78,78,
sale-item:325,sale:189,135,presentation:134,1,1,1,319,319,
sale-item:326,sale:189,363,presentation:371,1,1,1,0.5,0.5,
sale-item:327,sale:189,397,presentation:405,1,1,1,0.5,0.5,
sale-item:328,sale:190,933,presentation:977,12,1,12,1888,22656,
sale-item:329,sale:191,934,presentation:979,3,1,3,1000,3000,
sale-item:330,sale:192,5,presentation:4,35,1,35,115,4025,
sale-item:331,sale:192,289,presentation:292,5,1,5,320,1600,
sale-item:332,sale:192,284,presentation:287,3,1,3,25,75,
sale-item:333,sale:192,733,presentation:740,2,1,2,250,500,
sale-item:334,sale:192,8,presentation:285,35,1,35,90,3150,
sale-item:335,sale:192,930,presentation:972,1,1,1,186,186,
sale-item:336,sale:192,793,presentation:831,1,1,1,33,33,
sale-item:337,sale:193,936,presentation:980,1,7,7,1900,1900,
sale-item:338,sale:194,5,presentation:4,5,1,5,115,575,
sale-item:339,sale:194,171,presentation:172,4,1,4,6,24,
sale-item:340,sale:195,5,presentation:4,14,1,14,115,1610,
sale-item:341,sale:196,5,presentation:4,40,1,40,115,4600,
sale-item:342,sale:197,8,presentation:9,1,40,40,3600,3600,
sale-item:343,sale:198,8,presentation:285,40,1,40,90,3600,
sale-item:344,sale:199,5,presentation:4,4,1,4,115,460,
sale-item:345,sale:200,8,presentation:9,1,40,40,3600,3600,
sale-item:346,sale:201,8,presentation:285,1,1,1,90,90,
sale-item:347,sale:202,8,presentation:9,1,40,40,3600,3600,
sale-item:348,sale:203,703,presentation:844,7,1,7,600,4200,
sale-item:349,sale:204,7,presentation:8,4,1,4,92.5,370,
sale-item:350,sale:205,131,presentation:130,1,1,1,2,2,
sale-item:351,sale:206,89,presentation:88,1,1,1,2,2,
sale-item:352,sale:207,5,presentation:4,1,1,1,115,115,
sale-item:353,sale:208,5,presentation:4,20,1,20,115,2300,
sale-item:354,sale:208,697,presentation:700,5,1,5,142,710,
sale-item:355,sale:209,5,presentation:4,14,1,14,115,1610,
sale-item:356,sale:210,852,presentation:892,7,1,7,450,3150,
sale-item:357,sale:210,703,presentation:844,7,1,7,600,4200,
sale-item:358,sale:211,913,presentation:954,0.5,1,0.5,480,240,
sale-item:359,sale:212,5,presentation:4,15,1,15,115,1725,
sale-item:360,sale:213,733,presentation:740,6,1,6,250,1500,
sale-item:361,sale:213,560,presentation:559,2,1,2,10,20,
sale-item:362,sale:213,607,presentation:611,2,1,2,3,6,
sale-item:363,sale:214,822,presentation:861,10,1,10,25,250,
sale-item:364,sale:214,833,presentation:873,2,1,2,40,80,
sale-item:365,sale:214,392,presentation:401,1,1,1,0.5,0.5,
sale-item:366,sale:214,390,presentation:399,1,1,1,0.5,0.5,
sale-item:367,sale:214,399,presentation:407,2,1,2,0.5,1,
sale-item:368,sale:214,122,presentation:121,1,1,1,3,3,
sale-item:369,sale:214,25,presentation:24,1,1,1,23,23,
sale-item:370,sale:214,646,presentation:651,1,1,1,17,17,
sale-item:371,sale:214,604,presentation:608,2,1,2,1,2,
sale-item:372,sale:214,456,presentation:463,2,1,2,3,6,
sale-item:373,sale:214,698,presentation:703,1,1,1,3700,3700,
sale-item:374,sale:214,594,presentation:620,1,1,1,226,226,
sale-item:375,sale:215,733,presentation:740,7,1,7,250,1750,
sale-item:376,sale:216,900,presentation:941,1,1,1,16,16,
sale-item:377,sale:216,802,presentation:841,2,1,2,64,128,
sale-item:378,sale:217,210,presentation:209,2,1,2,85,170,
sale-item:379,sale:218,216,presentation:214,1,1,1,34,34,
sale-item:380,sale:219,8,presentation:285,10,1,10,90,900,
sale-item:381,sale:219,699,presentation:706,10,1,10,118,1180,
sale-item:382,sale:220,699,presentation:706,6,1,6,118,708,
sale-item:383,sale:221,780,presentation:976,1,1,1,450,450,
sale-item:384,sale:222,699,presentation:706,2,1,2,118,236,
sale-item:385,sale:223,683,presentation:687,10,1,10,7,70,
sale-item:386,sale:223,851,presentation:891,1.5,1,1.5,103,154.5,
sale-item:387,sale:224,72,presentation:70,1,1,1,3,3,
sale-item:388,sale:224,250,presentation:251,1,1,1,2,2,
sale-item:389,sale:225,699,presentation:706,2,1,2,118,236,
sale-item:390,sale:226,5,presentation:4,9,1,9,115,1035,
sale-item:391,sale:226,8,presentation:285,8,1,8,90,720,
sale-item:392,sale:226,669,presentation:673,10,1,10,9,90,
sale-item:393,sale:227,699,presentation:706,10,1,10,118,1180,
sale-item:394,sale:227,7,presentation:8,10,1,10,92.5,925,
sale-item:395,sale:228,699,presentation:706,8,1,8,118,944,
sale-item:396,sale:228,5,presentation:4,2,1,2,115,230,
sale-item:397,sale:228,7,presentation:8,10,1,10,92.5,925,
sale-item:398,sale:229,698,presentation:707,10,1,10,145,1450,
sale-item:399,sale:229,5,presentation:4,10,1,10,115,1150,
sale-item:400,sale:230,703,presentation:844,1.5,1,1.5,600,900,
sale-item:401,sale:231,703,presentation:844,5,1,5,600,3000,
sale-item:402,sale:231,853,presentation:893,2,1,2,600,1200,
sale-item:403,sale:232,802,presentation:841,1,1,1,64,64,
sale-item:404,sale:233,936,presentation:980,3,7,21,1900,5700,
sale-item:405,sale:233,936,presentation:996,1,14,14,3800,3800,
sale-item:406,sale:234,936,presentation:980,6,7,42,1900,11400,
sale-item:407,sale:234,936,presentation:996,1,14,14,3800,3800,
sale-item:408,sale:235,699,presentation:706,5,1,5,118,590,
sale-item:409,sale:235,284,presentation:287,1,1,1,25,25,
sale-item:410,sale:236,703,presentation:844,7,1,7,600,4200,
sale-item:411,sale:237,802,presentation:841,1,1,1,64,64,
sale-item:412,sale:238,703,presentation:844,9,1,9,600,5400,
sale-item:413,sale:239,852,presentation:892,7,1,7,450,3150,
sale-item:414,sale:239,703,presentation:844,7,1,7,600,4200,
sale-item:415,sale:240,5,presentation:4,20,1,20,115,2300,
sale-item:416,sale:240,284,presentation:287,5,1,5,25,125,
sale-item:417,sale:241,5,presentation:4,40,1,40,115,4600,
sale-item:418,sale:242,285,presentation:288,113,1,113,25,2825,
sale-item:419,sale:243,699,presentation:706,2,1,2,118,236,
sale-item:420,sale:244,936,presentation:980,1,7,7,1900,1900,
sale-item:421,sale:245,703,presentation:844,5,1,5,600,3000,
sale-item:422,sale:245,853,presentation:893,2,1,2,600,1200,
sale-item:423,sale:246,703,presentation:844,14,1,14,600,8400,
sale-item:424,sale:247,957,presentation:1003,1,14,14,2500,2500,
sale-item:425,sale:248,5,presentation:3,1,40,40,4600,4600,
sale-item:426,sale:249,5,presentation:3,1,40,40,4600,4600,
sale-item:427,sale:249,698,presentation:703,1,1,1,3700,3700,
sale-item:428,sale:249,8,presentation:285,10,1,10,90,900,
sale-item:429,sale:250,683,presentation:687,10,1,10,7,70,
sale-item:430,sale:251,699,presentation:705,1,40,40,4700,4700,
sale-item:431,sale:251,698,presentation:703,1,1,1,3700,3700,
sale-item:432,sale:251,8,presentation:285,10,1,10,90,900,
sale-item:433,sale:252,230,presentation:230,1,1,1,8,8,
sale-item:434,sale:253,912,presentation:953,5,1,5,26,130,
sale-item:435,sale:253,911,presentation:952,50,1,50,28,1400,
sale-item:436,sale:253,694,presentation:698,70,1,70,42,2940,
sale-item:437,sale:254,54,presentation:53,1,1,1,57,57,
sale-item:438,sale:254,325,presentation:332,1,1,1,4,4,
sale-item:439,sale:254,550,presentation:561,1,1,1,130,130,
sale-item:440,sale:254,73,presentation:72,1,1,1,87,87,
sale-item:441,sale:255,548,presentation:554,1,1,1,280,280,
sale-item:442,sale:255,951,presentation:995,1,1,1,49,49,
sale-item:443,sale:256,5,presentation:3,1,40,40,4600,4600,
sale-item:444,sale:257,697,presentation:700,3,1,3,142,426,
sale-item:445,sale:258,594,presentation:755,3,84,252,19000,57000,
sale-item:446,sale:258,596,presentation:753,1,1,1,19000,19000,
sale-item:447,sale:259,954,presentation:999,3,1,3,28,84,
sale-item:448,sale:259,669,presentation:673,3,1,3,9,27,
sale-item:449,sale:260,703,presentation:844,0.5,1,0.5,600,300,
sale-item:450,sale:261,698,presentation:707,10,1,10,145,1450,
sale-item:451,sale:261,5,presentation:4,10,1,10,115,1150,
sale-item:452,sale:261,289,presentation:292,2,1,2,320,640,
sale-item:453,sale:262,5,presentation:3,2,40,80,4600,9200,
sale-item:454,sale:263,959,presentation:1004,1,1,1,583,583,
sale-item:455,sale:264,781,presentation:818,10,1,10,86,860,
sale-item:456,sale:265,733,presentation:740,7,1,7,250,1750,
sale-item:457,sale:265,8,presentation:285,7,1,7,90,630,
sale-item:458,sale:266,285,presentation:288,50,1,50,25,1250,
sale-item:459,sale:267,178,presentation:178,1,1,1,157,157,
sale-item:460,sale:268,703,presentation:844,14,1,14,600,8400,
sale-item:461,sale:269,703,presentation:844,0.5,1,0.5,600,300,
sale-item:462,sale:270,7,presentation:8,2,1,2,92.5,185,
sale-item:463,sale:271,781,presentation:818,1,1,1,86,86,
sale-item:464,sale:271,7,presentation:8,1,1,1,92.5,92.5,
sale-item:465,sale:272,697,presentation:700,18,1,18,142,2556,
sale-item:466,sale:272,5,presentation:3,1,40,40,4600,4600,
sale-item:467,sale:273,284,presentation:287,100,1,100,25,2500,
sale-item:468,sale:274,744,presentation:750,1,1,1,31,31,
sale-item:469,sale:274,40,presentation:39,1,1,1,111,111,
sale-item:470,sale:274,897,presentation:938,1,1,1,34,34,
sale-item:471,sale:275,7,presentation:8,20,1,20,92.5,1850,
sale-item:472,sale:276,162,presentation:162,1,1,1,209,209,
sale-item:473,sale:276,862,presentation:902,1,1,1,43,43,
sale-item:474,sale:277,960,presentation:1005,4,1,4,23,92,
sale-item:475,sale:277,788,presentation:826,2,1,2,58,116,
sale-item:476,sale:277,959,presentation:1004,5,1,5,583,2915,
sale-item:477,sale:277,156,presentation:157,1,1,1,25,25,
sale-item:478,sale:277,70,presentation:68,1,1,1,19,19,
sale-item:479,sale:278,733,presentation:740,10,1,10,250,2500,
sale-item:480,sale:278,284,presentation:287,10,1,10,25,250,
sale-item:481,sale:279,230,presentation:230,1,1,1,8,8,
sale-item:482,sale:280,699,presentation:706,6,1,6,118,708,
sale-item:483,sale:281,923,presentation:964,1,7,7,2000,2000,
sale-item:484,sale:281,733,presentation:740,4,1,4,250,1000,
sale-item:485,sale:282,289,presentation:292,10,1,10,320,3200,
sale-item:486,sale:283,733,presentation:740,4,1,4,250,1000,
sale-item:487,sale:284,683,presentation:687,10,1,10,7,70,
sale-item:488,sale:284,736,presentation:742,2.5,1,2.5,104,260,
sale-item:489,sale:285,703,presentation:844,14,1,14,600,8400,
sale-item:490,sale:286,781,presentation:818,2,1,2,86,172,
sale-item:491,sale:287,698,presentation:707,10,1,10,145,1450,
sale-item:492,sale:288,703,presentation:844,5,1,5,600,3000,
sale-item:493,sale:288,853,presentation:893,2,1,2,600,1200,
sale-item:494,sale:289,29,presentation:28,1,1,1,1677,1677,
sale-item:495,sale:289,19,presentation:295,1,1,1,1676,1676,
sale-item:496,sale:290,703,presentation:844,7,1,7,600,4200,
sale-item:497,sale:291,284,presentation:287,10,1,10,25,250,
sale-item:498,sale:292,874,presentation:914,1,1,1,72,72,
sale-item:499,sale:293,5,presentation:4,74,1,74,115,8510,
sale-item:500,sale:294,8,presentation:285,7,1,7,90,630,
sale-item:501,sale:294,5,presentation:4,8,1,8,115,920,
sale-item:502,sale:295,41,presentation:41,2,1,2,2,4,
sale-item:503,sale:295,25,presentation:24,2,1,2,23,46,
sale-item:504,sale:295,33,presentation:32,1,1,1,5,5,
sale-item:505,sale:295,72,presentation:70,1,1,1,3,3,
sale-item:506,sale:295,78,presentation:76,1,1,1,25,25,
sale-item:507,sale:295,639,presentation:644,1,1,1,9,9,
sale-item:508,sale:295,136,presentation:135,1,1,1,18,18,
sale-item:509,sale:295,277,presentation:278,3,1,3,72,216,
sale-item:510,sale:295,305,presentation:312,1,1,1,8,8,
sale-item:511,sale:295,231,presentation:231,1,1,1,161,161,
sale-item:512,sale:295,832,presentation:872,1,1,1,218,218,
sale-item:513,sale:295,5,presentation:4,10,1,10,115,1150,
sale-item:514,sale:295,7,presentation:8,5,1,5,92.5,462.5,
sale-item:515,sale:295,788,presentation:826,3,1,3,58,174,
sale-item:516,sale:295,838,presentation:878,1,1,1,196,196,
sale-item:517,sale:295,150,presentation:150,1,1,1,139,139,
sale-item:518,sale:295,151,presentation:151,1,1,1,139,139,
sale-item:519,sale:295,121,presentation:120,1,1,1,168,168,
sale-item:520,sale:295,284,presentation:287,0.5,1,0.5,25,12.5,
sale-item:521,sale:295,670,presentation:674,2,1,2,18,36,
sale-item:522,sale:295,665,presentation:670,2,1,2,23,46,
sale-item:523,sale:295,668,presentation:672,1,1,1,11.5,11.5,
sale-item:524,sale:295,945,presentation:1032,1,1,1,86,86,
sale-item:525,sale:295,390,presentation:399,1,1,1,0.5,0.5,
sale-item:526,sale:295,399,presentation:407,2,1,2,0.5,1,
sale-item:527,sale:295,284,presentation:287,1,1,1,25,25,
sale-item:528,sale:296,232,presentation:1033,1,1,1,17,17,
sale-item:529,sale:296,84,presentation:83,2,1,2,3,6,
sale-item:530,sale:296,786,presentation:824,1,1,1,43,43,
sale-item:531,sale:297,110,presentation:109,2,1,2,267,534,
sale-item:532,sale:298,86,presentation:86,1,1,1,690,690,
sale-item:533,sale:298,897,presentation:938,3,1,3,34,102,
sale-item:534,sale:299,703,presentation:844,7,1,7,600,4200,
sale-item:535,sale:300,699,presentation:705,1,40,40,4700,4700,
sale-item:536,sale:301,7,presentation:7,2,40,80,3700,7400,
sale-item:537,sale:301,5,presentation:3,1,40,40,4600,4600,
sale-item:538,sale:302,100,presentation:296,1,1,1,185,185,
sale-item:539,sale:303,699,presentation:706,1,1,1,118,118,
sale-item:540,sale:304,5,presentation:3,2,40,80,4600,9200,
sale-item:541,sale:305,987,presentation:1035,1900,1,1900,3.5,6650,
sale-item:542,sale:306,293,presentation:301,1,1,1,33,33,
sale-item:543,sale:306,944,presentation:988,10,1,10,7,70,
sale-item:544,sale:306,7,presentation:7,1,40,40,3700,3700,
sale-item:545,sale:306,5,presentation:4,10,1,10,115,1150,
sale-item:546,sale:306,735,presentation:741,1,1,1,1780,1780,
sale-item:547,sale:306,284,presentation:287,5,1,5,25,125,
sale-item:548,sale:306,913,presentation:954,7,1,7,480,3360,
sale-item:549,sale:307,217,presentation:216,1,1,1,173,173,
sale-item:550,sale:307,213,presentation:212,1,1,1,760,760,
sale-item:551,sale:307,693,presentation:697,2,1,2,60,120,
sale-item:552,sale:307,776,presentation:806,1,1,1,72,72,
sale-item:553,sale:307,676,presentation:680,1,1,1,8,8,
sale-item:554,sale:307,675,presentation:679,2,1,2,5.5,11,
sale-item:555,sale:307,788,presentation:826,1,1,1,58,58,
sale-item:556,sale:307,641,presentation:646,1,1,1,6,6,
sale-item:557,sale:307,42,presentation:40,1,1,1,33,33,
sale-item:558,sale:307,694,presentation:698,1,1,1,42,42,
sale-item:559,sale:308,699,presentation:705,1,40,40,4700,4700,
sale-item:560,sale:309,698,presentation:703,1,1,1,3700,3700,
sale-item:561,sale:310,8,presentation:285,5,1,5,90,450,
sale-item:562,sale:311,986,presentation:1034,30,1,30,342,10260,
sale-item:563,sale:312,828,presentation:868,1,1,1,52,52,
sale-item:564,sale:313,703,presentation:1038,3,30,90,15000,45000,
sale-item:565,sale:314,852,presentation:1036,1,30,30,11000,11000,
sale-item:566,sale:315,853,presentation:1039,1,1,1,16000,16000,
sale-item:567,sale:316,5,presentation:3,1,40,40,4600,4600,
sale-item:568,sale:317,284,presentation:287,2,1,2,25,50,
sale-item:569,sale:318,703,presentation:844,8,1,8,600,4800,
sale-item:570,sale:319,699,presentation:706,6,1,6,118,708,
sale-item:571,sale:319,8,presentation:285,2,1,2,90,180,
sale-item:572,sale:320,329,presentation:336,1,1,1,299,299,
sale-item:573,sale:321,7,presentation:8,5,1,5,92.5,462.5,
sale-item:574,sale:322,302,presentation:309,1,1,1,14,14,
sale-item:575,sale:322,851,presentation:891,0.5,1,0.5,103,51.5,
sale-item:576,sale:323,7,presentation:7,2,40,80,3700,7400,
sale-item:577,sale:324,669,presentation:673,1,1,1,9,9,
sale-item:578,sale:325,669,presentation:673,9,1,9,9,81,
sale-item:579,sale:326,703,presentation:1038,4,30,120,15000,60000,
sale-item:580,sale:326,988,presentation:1040,4,30,120,8000,32000,
sale-item:581,sale:327,503,presentation:510,2,1,2,2,4,
sale-item:582,sale:328,988,presentation:1040,3,30,90,8000,24000,
sale-item:583,sale:329,8,presentation:285,10,1,10,90,900,
sale-item:584,sale:330,699,presentation:706,16,1,16,118,1888,
sale-item:585,sale:330,284,presentation:287,5,1,5,25,125,
sale-item:586,sale:330,733,presentation:740,3,1,3,250,750,
sale-item:587,sale:331,699,presentation:706,4,1,4,118,472,
sale-item:588,sale:332,986,presentation:1034,43,1,43,324,13932,
sale-item:589,sale:332,989,presentation:1041,17,1,17,346,5882,
sale-item:590,sale:333,781,presentation:818,8,1,8,86,688,
sale-item:591,sale:334,987,presentation:1035,3820,1,3820,3.9,14898,
sale-item:592,sale:334,703,presentation:844,8,1,8,600,4800,
sale-item:593,sale:335,5,presentation:4,15,1,15,115,1725,
sale-item:594,sale:336,913,presentation:954,7,1,7,480,3360,
sale-item:595,sale:336,853,presentation:893,2.5,1,2.5,600,1500,
sale-item:596,sale:336,733,presentation:740,8,1,8,250,2000,
sale-item:597,sale:336,4,presentation:2,15,1,15,230,3450,
sale-item:598,sale:336,852,presentation:892,1.45,1,1.45,450,652.5,
sale-item:599,sale:337,951,presentation:995,1,1,1,49,49,
sale-item:600,sale:338,5,presentation:3,1,40,40,4600,4600,
sale-item:601,sale:339,852,presentation:1037,4,30,120,13000,52000,
sale-item:602,sale:340,911,presentation:952,9,1,9,28,252,
sale-item:603,sale:340,918,presentation:959,3,1,3,42,126,
sale-item:604,sale:340,917,presentation:958,6,1,6,30,180,
sale-item:605,sale:340,694,presentation:698,54,1,54,42,2268,
sale-item:606,sale:340,911,presentation:952,8,1,8,28,224,
sale-item:607,sale:340,920,presentation:961,1,1,1,64,64,
sale-item:608,sale:340,916,presentation:957,1,1,1,37,37,
sale-item:609,sale:341,699,presentation:705,1,40,40,4700,4700,
sale-item:610,sale:342,596,presentation:754,16,1,16,127,2032,
sale-item:611,sale:343,698,presentation:707,10,1,10,190,1900,
sale-item:612,sale:344,596,presentation:754,1,1,1,127,127,
sale-item:613,sale:345,272,presentation:273,1,1,1,190,190,
sale-item:614,sale:346,4,presentation:1044,7,20,140,4500,31500,
sale-item:615,sale:347,930,presentation:972,1,1,1,186,186,
sale-item:616,sale:348,928,presentation:970,1,1,1,197,197,
sale-item:617,sale:349,7,presentation:1043,1,40,40,3600,3600,
sale-item:618,sale:349,5,presentation:3,1,40,40,4600,4600,
sale-item:619,sale:350,66,presentation:65,4,1,4,4,16,
sale-item:620,sale:350,250,presentation:251,5,1,5,2,10,
sale-item:621,sale:350,74,presentation:74,10,1,10,2,20,
sale-item:622,sale:350,258,presentation:258,8,1,8,47,376,
sale-item:623,sale:351,923,presentation:964,1,7,7,2000,2000,
sale-item:624,sale:352,5,presentation:4,18,1,18,115,2070,
sale-item:625,sale:353,224,presentation:223,2,1,2,10,20,
sale-item:626,sale:354,699,presentation:706,2,1,2,118,236,
sale-item:627,sale:355,703,presentation:844,1.5,1,1.5,600,900,
sale-item:628,sale:356,164,presentation:164,1,1,1,313,313,
sale-item:629,sale:357,736,presentation:742,1,1,1,104,104,
sale-item:630,sale:358,698,presentation:707,10,1,10,190,1900,
sale-item:631,sale:358,8,presentation:285,6,1,6,90,540,
sale-item:632,sale:358,699,presentation:706,10,1,10,118,1180,
sale-item:633,sale:359,4,presentation:1,2,20,40,4600,9200,
sale-item:634,sale:360,683,presentation:687,3,1,3,7,21,
sale-item:635,sale:361,304,presentation:311,1,1,1,14,14,
sale-item:636,sale:362,4,presentation:2,12,1,12,230,2760,
sale-item:637,sale:363,669,presentation:673,5,1,5,9,45,
sale-item:638,sale:364,7,presentation:1043,1,40,40,3600,3600,
sale-item:639,sale:364,699,presentation:705,1,40,40,4700,4700,
sale-item:640,sale:365,228,presentation:228,1,1,1,1914,1914,
sale-item:641,sale:366,736,presentation:742,1,1,1,104,104,
sale-item:642,sale:367,699,presentation:706,15,1,15,118,1770,
sale-item:643,sale:367,853,presentation:893,0.5,1,0.5,600,300,
sale-item:644,sale:368,699,presentation:706,15,1,15,118,1770,
sale-item:645,sale:369,744,presentation:750,1,1,1,31,31,
sale-item:646,sale:369,980,presentation:1026,1,1,1,95,95,
sale-item:647,sale:370,735,presentation:741,1,1,1,1780,1780,
sale-item:648,sale:371,272,presentation:273,4,1,4,190,760,
sale-item:649,sale:371,70,presentation:68,4,1,4,19,76,
sale-item:650,sale:371,788,presentation:826,1,1,1,58,58,
sale-item:651,sale:372,76,presentation:73,1,1,1,49,49,
sale-item:652,sale:373,304,presentation:311,1,1,1,14,14,
sale-item:653,sale:374,781,presentation:818,20,1,20,86,1720,
sale-item:654,sale:375,284,presentation:287,5,1,5,25,125,
sale-item:655,sale:376,179,presentation:179,1,1,1,103,103,
sale-item:656,sale:377,735,presentation:741,1,1,1,1780,1780,
sale-item:657,sale:378,803,presentation:842,1,1,1,74,74,
sale-item:658,sale:379,5,presentation:4,33,1,33,115,3795,
sale-item:659,sale:379,699,presentation:706,7,1,7,118,826,
sale-item:660,sale:379,703,presentation:844,5,1,5,600,3000,
sale-item:661,sale:379,853,presentation:893,2,1,2,600,1200,
sale-item:662,sale:380,49,presentation:47,1,1,1,12,12,
sale-item:663,sale:380,237,presentation:1049,2,0.5,1,28,56,
sale-item:664,sale:380,789,presentation:827,1,1,1,80,80,
sale-item:665,sale:381,699,presentation:706,9,1,9,118,1062,
sale-item:666,sale:382,296,presentation:304,0.5,1,0.5,33,16.5,
sale-item:667,sale:383,188,presentation:187,1,1,1,10,10,
sale-item:668,sale:384,49,presentation:47,1,1,1,12,12,
sale-item:669,sale:384,237,presentation:1049,2,0.5,1,28,56,
sale-item:670,sale:384,942,presentation:986,1,1,1,55,55,
sale-item:671,sale:385,899,presentation:940,1,1,1,22,22,
sale-item:672,sale:386,899,presentation:940,1,1,1,22,22,
sale-item:673,sale:387,703,presentation:844,0.5,1,0.5,600,300,
sale-item:674,sale:388,699,presentation:706,20,1,20,118,2360,
sale-item:675,sale:389,775,presentation:805,1,1,1,1300,1300,
sale-item:676,sale:389,40,presentation:39,1,1,1,111,111,
sale-item:677,sale:389,116,presentation:114,1,1,1,72,72,
sale-item:678,sale:389,236,presentation:236,2,1,2,16,32,
sale-item:679,sale:389,230,presentation:230,1,1,1,8,8,
sale-item:680,sale:389,736,presentation:742,2,1,2,104,208,
sale-item:681,sale:390,926,presentation:968,1,1,1,197,197,
sale-item:682,sale:391,7,presentation:1043,1,40,40,3600,3600,
sale-item:683,sale:391,633,presentation:638,3,1,3,195,585,
sale-item:684,sale:391,287,presentation:290,50,1,50,23,1150,
sale-item:685,sale:392,4,presentation:2,8,1,8,230,1840,
sale-item:686,sale:393,230,presentation:230,1,1,1,8,8,
sale-item:687,sale:394,699,presentation:705,1,40,40,4700,4700,
sale-item:688,sale:395,182,presentation:182,1,1,1,103,103,
sale-item:689,sale:396,913,presentation:954,7,1,7,480,3360,
sale-item:690,sale:397,699,presentation:706,34,1,34,118,4012,
sale-item:691,sale:397,4,presentation:2,3,1,3,230,690,
sale-item:692,sale:398,966,presentation:1055,20,1,20,1,20,
sale-item:693,sale:399,980,presentation:1026,5,1,5,95,475,
sale-item:694,sale:400,296,presentation:304,4,1,4,33,132,
sale-item:695,sale:400,284,presentation:287,10,1,10,25,250,
sale-item:696,sale:401,4,presentation:2,5,1,5,230,1150,
sale-item:697,sale:402,4,presentation:1,2,20,40,4600,9200,
sale-item:698,sale:403,7,presentation:1043,1,40,40,3600,3600,
sale-item:699,sale:403,284,presentation:287,50,1,50,25,1250,
sale-item:700,sale:403,283,presentation:286,20,1,20,25,500,
sale-item:701,sale:404,284,presentation:287,2.5,1,2.5,25,62.5,
sale-item:702,sale:405,110,presentation:109,1,1,1,267,267,
sale-item:703,sale:406,100,presentation:296,1,1,1,185,185,
sale-item:704,sale:407,201,presentation:201,100,1,100,1,100,
sale-item:705,sale:408,4,presentation:1,1,20,20,4600,4600,
sale-item:706,sale:409,4,presentation:1,1,20,20,4600,4600,
sale-item:707,sale:410,594,presentation:620,3,1,3,226,678,
sale-item:708,sale:411,991,presentation:1045,100,1,100,5,500,
sale-item:709,sale:411,148,presentation:148,1,1,1,80,80,
sale-item:710,sale:411,75,presentation:77,1,1,1,196,196,
sale-item:711,sale:411,551,presentation:563,1,1,1,72,72,
sale-item:712,sale:412,4,presentation:2,4,1,4,230,920,
sale-item:713,sale:413,987,presentation:1035,1910,1,1910,3.9,7449,
sale-item:714,sale:414,987,presentation:1035,1900,1,1900,3.9,7410,
sale-item:715,sale:415,7,presentation:8,20,1,20,92.5,1850,
sale-item:716,sale:415,904,presentation:945,2,1,2,256,512,
sale-item:717,sale:415,900,presentation:941,1,1,1,16,16,
sale-item:718,sale:416,5,presentation:4,15,1,15,115,1725,
sale-item:719,sale:417,987,presentation:1035,1443,1,1443,3.9,5627.7,
sale-item:720,sale:418,4,presentation:2,2,1,2,230,460,
sale-item:721,sale:419,558,presentation:555,94,1,94,1,94,
sale-item:722,sale:420,4,presentation:1,1,20,20,4600,4600,
sale-item:723,sale:421,8,presentation:285,2,1,2,90,180,
sale-item:724,sale:421,148,presentation:148,1,1,1,80,80,
sale-item:725,sale:422,847,presentation:887,1,1,1,81,81,
sale-item:726,sale:422,993,presentation:1048,10,1,10,10,100,
sale-item:727,sale:422,543,presentation:548,1,1,1,219,219,
sale-item:728,sale:422,305,presentation:312,1,1,1,8,8,
sale-item:729,sale:422,656,presentation:661,1,1,1,5,5,
sale-item:730,sale:423,979,presentation:1025,15,1,15,72,1080,
sale-item:731,sale:424,703,presentation:844,4,1,4,600,2400,
sale-item:732,sale:424,853,presentation:893,3,1,3,600,1800,
sale-item:733,sale:425,313,presentation:322,20,1,20,0.5,10,
sale-item:734,sale:425,111,presentation:110,1,1,1,23,23,
sale-item:735,sale:425,898,presentation:939,1,1,1,22,22,
sale-item:736,sale:426,703,presentation:844,2,1,2,600,1200,
sale-item:737,sale:427,594,presentation:620,15,1,15,226,3390,
sale-item:738,sale:427,596,presentation:754,40,1,40,127,5080,
sale-item:739,sale:427,284,presentation:287,50,1,50,25,1250,
sale-item:740,sale:427,285,presentation:288,100,1,100,25,2500,
sale-item:741,sale:427,703,presentation:844,7,1,7,600,4200,
sale-item:742,sale:427,699,presentation:705,1,40,40,4700,4700,
sale-item:743,sale:427,8,presentation:9,1,40,40,3600,3600,
sale-item:744,sale:428,699,presentation:706,1,1,1,118,118,
sale-item:745,sale:429,303,presentation:310,2,1,2,8,16,
sale-item:746,sale:430,683,presentation:687,5,1,5,7,35,
sale-item:747,sale:430,105,presentation:104,1,1,1,157,157,
sale-item:748,sale:431,567,presentation:573,81,1,81,1,81,
sale-item:749,sale:432,294,presentation:302,3,1,3,52,156,
sale-item:750,sale:432,232,presentation:232,6,1,6,101,606,
sale-item:751,sale:432,237,presentation:238,3,1,3,136,408,
sale-item:752,sale:432,189,presentation:189,5,1,5,3,15,
sale-item:753,sale:432,84,presentation:83,8,1,8,3,24,
sale-item:754,sale:432,109,presentation:108,5,1,5,4,20,
sale-item:755,sale:433,188,presentation:187,1,1,1,10,10,
sale-item:756,sale:434,570,presentation:576,50,1,50,1,50,
sale-item:757,sale:435,736,presentation:742,1,1,1,104,104,
sale-item:758,sale:436,284,presentation:287,1,1,1,25,25,
sale-item:759,sale:437,4,presentation:1,3,20,60,4600,13800,
sale-item:760,sale:438,4,presentation:2,10,1,10,230,2300,
sale-item:761,sale:438,7,presentation:8,20,1,20,92.5,1850,
sale-item:762,sale:439,699,presentation:706,20,1,20,118,2360,
sale-item:763,sale:439,7,presentation:8,20,1,20,92.5,1850,
sale-item:764,sale:439,669,presentation:673,2,1,2,9,18,
sale-item:765,sale:440,703,presentation:844,3,1,3,600,1800,
sale-item:766,sale:440,852,presentation:892,2,1,2,450,900,
sale-item:767,sale:440,4,presentation:2,5,1,5,230,1150,
sale-item:768,sale:441,4,presentation:2,8,1,8,230,1840,
sale-item:769,sale:442,669,presentation:673,10,1,10,9,90,
sale-item:770,sale:443,4,presentation:2,20,1,20,230,4600,
sale-item:771,sale:443,853,presentation:893,3,1,3,600,1800,
sale-item:772,sale:443,703,presentation:844,4,1,4,600,2400,
sale-item:773,sale:444,699,presentation:706,2,1,2,118,236,
sale-item:774,sale:444,112,presentation:111,1,1,1,5,5,
sale-item:775,sale:445,699,presentation:705,1,40,40,4700,4700,
sale-item:776,sale:446,979,presentation:1025,20,1,20,72,1440,
sale-item:777,sale:447,802,presentation:841,1,1,1,64,64,
sale-item:778,sale:447,900,presentation:941,2,1,2,16,32,
sale-item:779,sale:448,733,presentation:740,1,1,1,250,250,
sale-item:780,sale:448,8,presentation:285,3,1,3,90,270,
sale-item:781,sale:448,284,presentation:287,1,1,1,25,25,
sale-item:782,sale:449,959,presentation:1004,1,1,1,583,583,
sale-item:783,sale:449,175,presentation:176,1,1,1,196,196,
sale-item:784,sale:449,27,presentation:26,3,1,3,58,174,
sale-item:785,sale:449,942,presentation:986,1,1,1,55,55,
sale-item:786,sale:449,633,presentation:638,4,1,4,195,780,
sale-item:787,sale:449,70,presentation:68,4,1,4,26,104,
sale-item:788,sale:449,146,presentation:146,1,1,1,47,47,
sale-item:789,sale:450,857,presentation:897,1,1,1,13,13,
sale-item:790,sale:450,859,presentation:899,1,1,1,17,17,
sale-item:791,sale:451,4,presentation:2,7,1,7,230,1610,
sale-item:792,sale:452,4,presentation:1,2,20,40,4600,9200,
sale-item:793,sale:453,853,presentation:1039,1,1,1,16000,16000,
sale-item:794,sale:454,8,presentation:285,1,1,1,90,90,
sale-item:795,sale:455,852,presentation:892,4,1,4,450,1800,
sale-item:796,sale:456,699,presentation:705,1,40,40,4700,4700,
sale-item:797,sale:457,7,presentation:8,56,1,56,92.5,5180,
sale-item:798,sale:457,6,presentation:6,12,1,12,185,2220,
sale-item:799,sale:457,4,presentation:1,1,20,20,4600,4600,
sale-item:800,sale:458,699,presentation:706,5,1,5,118,590,
sale-item:801,sale:458,269,presentation:270,6,1,6,79,474,
sale-item:802,sale:459,979,presentation:1025,20,1,20,72,1440,
sale-item:803,sale:459,804,presentation:843,5,1,5,3,15,
sale-item:804,sale:460,284,presentation:287,50,1,50,25,1250,
sale-item:805,sale:460,1021,presentation:1081,50,1,50,25,1250,
sale-item:806,sale:461,603,presentation:607,1,1,1,0.5,0.5,
sale-item:807,sale:461,441,presentation:448,1,1,1,2,2,
sale-item:808,sale:461,224,presentation:223,2,1,2,10,20,
sale-item:809,sale:461,257,presentation:259,8,1,8,3,24,
sale-item:810,sale:461,596,presentation:754,6,1,6,127,762,
sale-item:811,sale:461,698,presentation:707,6,1,6,190,1140,
sale-item:812,sale:461,8,presentation:285,3,1,3,90,270,
sale-item:813,sale:461,237,presentation:238,1,1,1,136,136,
sale-item:814,sale:461,694,presentation:698,4,1,4,42,168,
sale-item:815,sale:461,833,presentation:873,1,1,1,40,40,
sale-item:816,sale:462,699,presentation:705,1,40,40,4700,4700,
sale-item:817,sale:463,176,presentation:175,1,1,1,168,168,
sale-item:818,sale:464,733,presentation:740,4,1,4,250,1000,
sale-item:819,sale:465,703,presentation:844,3,1,3,600,1800,
sale-item:820,sale:466,596,presentation:754,2,1,2,127,254,
sale-item:821,sale:466,733,presentation:740,10,1,10,250,2500,
sale-item:822,sale:467,8,presentation:285,10,1,10,90,900,
sale-item:823,sale:467,699,presentation:706,4,1,4,118,472,
sale-item:824,sale:468,954,presentation:999,1,1,1,28,28,
sale-item:825,sale:468,669,presentation:673,5,1,5,9,45,
sale-item:826,sale:469,4,presentation:2,9,1,9,230,2070,
sale-item:827,sale:470,518,presentation:524,1,1,1,11,11,
sale-item:828,sale:470,599,presentation:602,2,1,2,2,4,
sale-item:829,sale:471,4,presentation:2,6,1,6,230,1380,
sale-item:830,sale:472,736,presentation:742,1,1,1,104,104,
sale-item:831,sale:473,596,presentation:754,1,1,1,127,127,
sale-item:832,sale:474,913,presentation:954,7,1,7,480,3360,
sale-item:833,sale:474,703,presentation:844,2,1,2,600,1200,
sale-item:834,sale:474,852,presentation:892,2,1,2,450,900,
sale-item:835,sale:474,699,presentation:706,10,1,10,118,1180,
sale-item:836,sale:474,8,presentation:285,20,1,20,90,1800,
sale-item:837,sale:475,773,presentation:803,1,1,1,121,121,
sale-item:838,sale:476,699,presentation:706,10,1,10,118,1180,
sale-item:839,sale:477,269,presentation:270,1,1,1,79,79,
sale-item:840,sale:478,987,presentation:1035,1800,1,1800,3.8,6840,
sale-item:841,sale:478,237,presentation:238,2,1,2,136,272,
sale-item:842,sale:478,171,presentation:172,4,1,4,8,32,
sale-item:843,sale:479,596,presentation:754,12,1,12,127,1524,
sale-item:844,sale:480,201,presentation:201,100,1,100,1,100,
sale-item:845,sale:481,148,presentation:148,1,1,1,80,80,
sale-item:846,sale:482,699,presentation:705,1,40,40,4700,4700,
sale-item:847,sale:483,91,presentation:89,1,1,1,57,57,
sale-item:848,sale:483,460,presentation:468,8,1,8,0.5,4,
sale-item:849,sale:483,613,presentation:616,16,1,16,0.5,8,
sale-item:850,sale:483,455,presentation:462,8,1,8,2,16,
sale-item:851,sale:483,388,presentation:397,1,1,1,0.5,0.5,
sale-item:852,sale:483,399,presentation:407,2,1,2,0.5,1,
sale-item:853,sale:483,851,presentation:891,5,1,5,103,515,
sale-item:854,sale:483,569,presentation:574,4,1,4,11.5,46,
sale-item:855,sale:483,617,presentation:621,4,1,4,2,8,
sale-item:856,sale:483,620,presentation:624,4,1,4,1,4,
sale-item:857,sale:483,600,presentation:604,4,1,4,2.5,10,
sale-item:858,sale:483,736,presentation:742,1,1,1,104,104,
sale-item:859,sale:483,973,presentation:1019,3,1,3,0.5,1.5,
sale-item:860,sale:483,302,presentation:309,1,1,1,14,14,
sale-item:861,sale:483,838,presentation:878,1,1,1,196,196,
sale-item:862,sale:483,776,presentation:806,1,1,1,72,72,
sale-item:863,sale:483,308,presentation:315,2,1,2,10,20,
sale-item:864,sale:484,703,presentation:844,14,1,14,600,8400,
sale-item:865,sale:485,367,presentation:375,1,1,1,0.5,0.5,
sale-item:866,sale:485,610,presentation:614,1,1,1,0.5,0.5,
sale-item:867,sale:485,399,presentation:407,1,1,1,0.5,0.5,
sale-item:868,sale:485,409,presentation:417,2,1,2,1,2,
sale-item:869,sale:485,610,presentation:614,4,1,4,0.5,2,
sale-item:870,sale:485,587,presentation:593,2,1,2,0.5,1,
sale-item:871,sale:485,34,presentation:294,1,1,1,26,26,
sale-item:872,sale:485,91,presentation:89,1,1,1,57,57,
sale-item:873,sale:485,954,presentation:999,2,1,2,28,56,
sale-item:874,sale:485,736,presentation:742,2,1,2,104,208,
sale-item:875,sale:485,613,presentation:616,8,1,8,0.5,4,
sale-item:876,sale:485,1012,presentation:1071,1,1,1,136,136,
sale-item:877,sale:485,460,presentation:468,8,1,8,0.5,4,
sale-item:878,sale:485,494,presentation:501,1,1,1,7,7,
sale-item:879,sale:485,595,presentation:600,1,1,1,1,1,
sale-item:880,sale:485,623,presentation:628,1,1,1,0.5,0.5,
sale-item:881,sale:485,125,presentation:124,1,1,1,122,122,
sale-item:882,sale:485,937,presentation:981,1,1,1,27,27,
sale-item:883,sale:485,164,presentation:164,1,1,1,313,313,
sale-item:884,sale:485,535,presentation:540,2,1,2,0.5,1,
sale-item:885,sale:485,90,presentation:93,1,1,1,69,69,
sale-item:886,sale:485,954,presentation:999,1,1,1,28,28,
sale-item:887,sale:485,736,presentation:742,1,1,1,104,104,
sale-item:888,sale:485,629,presentation:634,1,1,1,23,23,
sale-item:889,sale:485,613,presentation:616,9,1,9,0.5,4.5,
sale-item:890,sale:485,460,presentation:468,9,1,9,0.5,4.5,
sale-item:891,sale:485,564,presentation:568,4,1,4,18,72,
sale-item:892,sale:485,599,presentation:602,4,1,4,2,8,
sale-item:893,sale:485,573,presentation:579,4,1,4,1,4,
sale-item:894,sale:485,72,presentation:70,4,1,4,8,32,
sale-item:895,sale:485,52,presentation:51,2,1,2,22,44,
sale-item:896,sale:485,25,presentation:24,1,1,1,23,23,
sale-item:897,sale:485,659,presentation:664,1,1,1,8,8,
sale-item:898,sale:486,558,presentation:555,100,1,100,1,100,
sale-item:899,sale:487,699,presentation:706,10,1,10,118,1180,
sale-item:900,sale:488,929,presentation:971,1,1,1,197,197,
sale-item:901,sale:489,4,presentation:1,1,20,20,4600,4600,
sale-item:902,sale:489,6,presentation:1083,1,20,20,3600,3600,
sale-item:903,sale:489,287,presentation:290,60,1,60,23,1380,
sale-item:904,sale:490,188,presentation:187,1,1,1,10,10,
sale-item:905,sale:490,224,presentation:223,2,1,2,10,20,
sale-item:906,sale:491,669,presentation:673,10,1,10,9,90,
sale-item:907,sale:492,292,presentation:813,1,0.5,0.5,26,26,
sale-item:908,sale:493,4,presentation:1,2,20,40,4600,9200,
sale-item:909,sale:494,8,presentation:9,1,40,40,3600,3600,
sale-item:910,sale:494,293,presentation:301,2,1,2,33,66,
sale-item:911,sale:494,294,presentation:302,1,1,1,52,52,
sale-item:912,sale:495,733,presentation:740,5,1,5,250,1250,
sale-item:913,sale:495,284,presentation:287,2,1,2,25,50,
sale-item:914,sale:495,596,presentation:754,1,1,1,127,127,
sale-item:915,sale:496,699,presentation:705,1,40,40,4700,4700,
sale-item:916,sale:497,987,presentation:1035,1880,1,1880,3.8,7144,
sale-item:917,sale:498,987,presentation:1035,1910,1,1910,3.9,7449,
sale-item:918,sale:499,1022,presentation:1082,1,1,1,825,825,
sale-item:919,sale:500,76,presentation:73,1,1,1,49,49,
sale-item:920,sale:501,6,presentation:6,10,1,10,185,1850,
sale-item:921,sale:501,900,presentation:941,4,1,4,16,64,
sale-item:922,sale:502,699,presentation:705,1,40,40,4700,4700,
sale-item:923,sale:502,237,presentation:238,1,1,1,136,136,
sale-item:924,sale:502,244,presentation:245,1,1,1,11,11,
sale-item:925,sale:503,596,presentation:754,1,1,1,127,127,
sale-item:926,sale:504,703,presentation:844,14,1,14,600,8400,
sale-item:927,sale:505,853,presentation:1039,1,1,1,16000,16000,
sale-item:928,sale:506,703,presentation:1038,1,30,30,15000,15000,
sale-item:929,sale:507,899,presentation:940,3,1,3,22,66,
sale-item:930,sale:508,596,presentation:754,3,1,3,127,381,
sale-item:931,sale:509,736,presentation:742,1,1,1,104,104,
sale-item:932,sale:510,703,presentation:1038,1,30,30,15000,15000,
sale-item:933,sale:511,4,presentation:1,1,20,20,4600,4600,
sale-item:934,sale:511,8,presentation:9,1,40,40,3600,3600,
sale-item:935,sale:512,294,presentation:302,1,1,1,52,52,
sale-item:936,sale:512,293,presentation:301,1,1,1,33,33,
sale-item:937,sale:513,171,presentation:172,2,1,2,8,16,
sale-item:938,sale:513,233,presentation:234,2,1,2,10,20,
sale-item:939,sale:514,4,presentation:1,2,20,40,4600,9200,
sale-item:940,sale:514,633,presentation:638,3,1,3,195,585,
sale-item:941,sale:515,736,presentation:742,1,1,1,104,104,
sale-item:942,sale:515,669,presentation:673,5,1,5,9,45,
sale-item:943,sale:516,699,presentation:706,7,1,7,118,826,
sale-item:944,sale:516,698,presentation:707,3,1,3,190,570,
sale-item:945,sale:516,8,presentation:285,3,1,3,90,270,
sale-item:946,sale:517,699,presentation:706,10,1,10,118,1180,
sale-item:947,sale:517,540,presentation:545,1,1,1,865,865,
sale-item:948,sale:518,699,presentation:705,1,40,40,4700,4700,
sale-item:949,sale:519,899,presentation:940,1,1,1,22,22,
sale-item:950,sale:520,540,presentation:545,1,1,1,865,865,
sale-item:951,sale:521,987,presentation:1042,3,1000,3000,3800,11400,
sale-item:952,sale:522,957,presentation:1003,1,14,14,2800,2800,
sale-item:953,sale:523,923,presentation:964,1,7,7,2000,2000,
sale-item:954,sale:523,6,presentation:5,2,20,40,3700,7400,
sale-item:955,sale:523,703,presentation:844,7,1,7,600,4200,
sale-item:956,sale:524,145,presentation:145,1,1,1,56,56,
sale-item:957,sale:525,8,presentation:285,10,1,10,90,900,
sale-item:958,sale:525,913,presentation:954,4,1,4,480,1920,
sale-item:959,sale:526,4,presentation:1086,2,1,2,4300,8600,
sale-item:960,sale:527,699,presentation:705,1,40,40,4700,4700,
sale-item:961,sale:528,829,presentation:869,1,1,1,31,31,
sale-item:962,sale:529,703,presentation:844,4,1,4,600,2400,
sale-item:963,sale:529,853,presentation:893,3,1,3,600,1800,
sale-item:964,sale:530,703,presentation:1038,1,30,30,15000,15000,
sale-item:965,sale:531,703,presentation:1038,1,30,30,15000,15000,
sale-item:966,sale:532,284,presentation:287,100,1,100,25,2500,
sale-item:967,sale:533,596,presentation:754,10,1,10,127,1270,
sale-item:968,sale:534,923,presentation:964,1,7,7,2000,2000,
sale-item:969,sale:535,699,presentation:705,1,40,40,4700,4700,
sale-item:970,sale:536,4,presentation:2,3,1,3,230,690,
sale-item:971,sale:536,8,presentation:285,6,1,6,90,540,
sale-item:972,sale:537,944,presentation:988,20,1,20,7,140,
sale-item:973,sale:537,167,presentation:167,1,1,1,115,115,
sale-item:974,sale:537,880,presentation:920,2,1,2,21,42,
sale-item:975,sale:537,951,presentation:995,2,1,2,49,98,
sale-item:976,sale:537,125,presentation:124,1,1,1,122,122,
sale-item:977,sale:538,944,presentation:988,20,1,20,7,140,
sale-item:978,sale:538,167,presentation:167,1,1,1,115,115,
sale-item:979,sale:538,880,presentation:920,2,1,2,21,42,
sale-item:980,sale:538,951,presentation:995,2,1,2,49,98,
sale-item:981,sale:538,125,presentation:124,1,1,1,122,122,
sale-item:982,sale:539,8,presentation:285,15,1,15,90,1350,
sale-item:983,sale:540,76,presentation:73,1,1,1,49,49,
sale-item:984,sale:541,669,presentation:673,10,1,10,9,90,
sale-item:985,sale:542,699,presentation:705,1,40,40,4700,4700,
sale-item:986,sale:543,875,presentation:915,1,1,1,83,83,
sale-item:987,sale:543,90,presentation:93,1,1,1,69,69,
sale-item:988,sale:543,26,presentation:25,1,1,1,158,158,
sale-item:989,sale:544,782,presentation:819,10,1,10,190,1900,
sale-item:990,sale:545,957,presentation:1003,1,14,14,2800,2800,
sale-item:991,sale:546,957,presentation:1003,1,14,14,2800,2800,
sale-item:992,sale:547,1017,presentation:1077,1,2,2,60,60,
sale-item:993,sale:548,287,presentation:290,60,1,60,23,1380,
sale-item:994,sale:549,177,presentation:177,1,1,1,103,103,
sale-item:995,sale:549,1016,presentation:1076,1,1,1,54,54,
sale-item:996,sale:550,4,presentation:2,42,1,42,230,9660,
sale-item:997,sale:551,987,presentation:1035,1920,1,1920,3.9,7488,
sale-item:998,sale:551,987,presentation:1035,1920,1,1920,3.9,7488,
sale-item:999,sale:552,287,presentation:290,25,1,25,23,575,
sale-item:1000,sale:553,287,presentation:290,22.5,1,22.5,23,517.5,
sale-item:1001,sale:554,596,presentation:754,10,1,10,127,1270,
sale-item:1002,sale:554,699,presentation:706,10,1,10,118,1180,
sale-item:1003,sale:554,284,presentation:287,20,1,20,25,500,
sale-item:1004,sale:554,847,presentation:887,1,1,1,81,81,
sale-item:1005,sale:555,8,presentation:285,40,1,40,90,3600,
sale-item:1006,sale:555,5,presentation:4,20,1,20,115,2300,
sale-item:1007,sale:556,287,presentation:290,46.5,1,46.5,23,1069.5,
sale-item:1008,sale:557,957,presentation:1088,1,7,7,1800,1800,
sale-item:1009,sale:558,853,presentation:1039,1,1,1,16000,16000,
sale-item:1010,sale:559,853,presentation:1039,1,1,1,16000,16000,
sale-item:1011,sale:560,957,presentation:1003,1,14,14,2800,2800,
sale-item:1012,sale:561,5,presentation:1089,2,1,2,4300,8600,
sale-item:1013,sale:562,683,presentation:687,2,1,2,7,14,
sale-item:1014,sale:562,779,presentation:809,1,1,1,58,58,
sale-item:1015,sale:562,86,presentation:86,1,1,1,690,690,
sale-item:1016,sale:563,5,presentation:3,10,40,400,4400,44000,
sale-item:1017,sale:564,703,presentation:1038,1,30,30,15000,15000,
sale-item:1018,sale:565,703,presentation:844,4,1,4,600,2400,
sale-item:1019,sale:565,853,presentation:893,3,1,3,600,1800,
sale-item:1020,sale:566,1000,presentation:1058,1,1,1,66,66,
sale-item:1021,sale:567,699,presentation:705,1,40,40,4700,4700,
sale-item:1022,sale:567,596,presentation:754,10,1,10,127,1270,
sale-item:1023,sale:568,899,presentation:940,2,1,2,22,44,
sale-item:1024,sale:569,913,presentation:954,7,1,7,480,3360,
sale-item:1025,sale:569,703,presentation:844,2,1,2,600,1200,
sale-item:1026,sale:569,852,presentation:892,1,1,1,450,450,
sale-item:1027,sale:569,8,presentation:285,30,1,30,90,2700,
sale-item:1028,sale:569,5,presentation:4,30,1,30,115,3450,
sale-item:1029,sale:569,1024,presentation:1087,5,1,5,100,500,
sale-item:1030,sale:570,699,presentation:706,20,1,20,118,2360,
sale-item:1031,sale:571,284,presentation:287,50,1,50,25,1250,
sale-item:1032,sale:572,852,presentation:892,7,1,7,450,3150,
sale-item:1033,sale:573,699,presentation:706,15,1,15,118,1770,
sale-item:1034,sale:573,8,presentation:285,15,1,15,90,1350,
sale-item:1035,sale:574,253,presentation:298,1,1,1,585,585,
sale-item:1036,sale:575,5,presentation:3,1,40,40,4600,4600,
sale-item:1037,sale:576,736,presentation:742,0.5,1,0.5,104,52,
sale-item:1038,sale:577,727,presentation:734,1,1,1,49,49,
sale-item:1039,sale:577,985,presentation:1031,1,1,1,99,99,
sale-item:1040,sale:577,390,presentation:399,1,1,1,0.5,0.5,
sale-item:1041,sale:577,736,presentation:742,0.5,1,0.5,104,52,
sale-item:1042,sale:577,900,presentation:941,1,1,1,16,16,
sale-item:1043,sale:577,322,presentation:328,1,1,1,14,14,
sale-item:1044,sale:577,614,presentation:617,4,1,4,1,4,
sale-item:1045,sale:577,623,presentation:628,4,1,4,0.5,2,
sale-item:1046,sale:577,450,presentation:457,2,1,2,1,2,
sale-item:1047,sale:577,595,presentation:600,4,1,4,1,4,
sale-item:1048,sale:577,494,presentation:501,4,1,4,7,28,
sale-item:1049,sale:577,673,presentation:676,2,1,2,7,14,
sale-item:1050,sale:577,309,presentation:316,3,1,3,8,24,
sale-item:1051,sale:577,305,presentation:312,2,1,2,8,16,
sale-item:1052,sale:577,281,presentation:282,1,1,1,16,16,
sale-item:1053,sale:577,67,presentation:66,1,1,1,25,25,
sale-item:1054,sale:577,638,presentation:643,1,1,1,5,5,
sale-item:1055,sale:577,325,presentation:332,1,1,1,4,4,
sale-item:1056,sale:577,664,presentation:669,1,1,1,9,9,
sale-item:1057,sale:577,634,presentation:639,1,1,1,9,9,
sale-item:1058,sale:577,281,presentation:282,6.5,1,6.5,16,104,
sale-item:1059,sale:577,388,presentation:397,1,1,1,0.5,0.5,
sale-item:1060,sale:577,147,presentation:147,1,1,1,96,96,
sale-item:1061,sale:577,461,presentation:467,1,1,1,2,2,
sale-item:1062,sale:577,592,presentation:599,1,1,1,0.5,0.5,
sale-item:1063,sale:577,614,presentation:617,2,1,2,1,2,
sale-item:1064,sale:577,64,presentation:62,1,1,1,45,45,
sale-item:1065,sale:578,596,presentation:754,10,1,10,127,1270,
sale-item:1066,sale:579,322,presentation:328,1,1,1,14,14,
sale-item:1067,sale:580,991,presentation:1045,100,1,100,5,500,
sale-item:1068,sale:581,284,presentation:287,10,1,10,25,250,
sale-item:1069,sale:582,653,presentation:658,1,1,1,6,6,
sale-item:1070,sale:583,4,presentation:2,35,1,35,230,8050,
sale-item:1071,sale:584,987,presentation:1035,1500,1,1500,3.9,5850,
sale-item:1072,sale:585,6,presentation:5,2,20,40,3700,7400,
sale-item:1073,sale:586,5,presentation:3,1,40,40,4600,4600,
sale-item:1074,sale:587,110,presentation:109,4,1,4,231,924,
sale-item:1075,sale:588,5,presentation:4,10,1,10,115,1150,
sale-item:1076,sale:588,8,presentation:285,7,1,7,90,630,
sale-item:1077,sale:588,703,presentation:844,3,1,3,600,1800,
sale-item:1078,sale:588,852,presentation:892,1,1,1,450,450,
sale-item:1079,sale:588,697,presentation:700,4,1,4,142,568,
sale-item:1080,sale:588,913,presentation:954,1,1,1,480,480,
sale-item:1081,sale:589,1024,presentation:1087,4,1,4,100,400,
sale-item:1082,sale:590,6,presentation:1083,1,20,20,3600,3600,
sale-item:1083,sale:591,6,presentation:6,10,1,10,185,1850,
sale-item:1084,sale:591,541,presentation:546,1,1,1,225,225,
sale-item:1085,sale:591,778,presentation:808,1,1,1,210,210,
sale-item:1086,sale:591,777,presentation:807,1,1,1,157.5,157.5,
sale-item:1087,sale:591,900,presentation:941,2,1,2,16,32,
sale-item:1088,sale:592,852,presentation:892,2,1,2,450,900,
sale-item:1089,sale:592,633,presentation:638,1,1,1,195,195,
sale-item:1090,sale:593,736,presentation:742,2,1,2,104,208,
sale-item:1091,sale:594,703,presentation:1038,2,30,60,15000,30000,
sale-item:1092,sale:595,699,presentation:706,10,1,10,118,1180,
sale-item:1093,sale:596,5,presentation:1089,2,1,2,4300,8600,
sale-item:1094,sale:597,5,presentation:1089,2,1,2,4300,8600,
sale-item:1095,sale:598,913,presentation:954,5,1,5,480,2400,
sale-item:1096,sale:599,12,presentation:12,1,1,1,52,52,
sale-item:1097,sale:600,852,presentation:892,2,1,2,450,900,
sale-item:1098,sale:601,823,presentation:862,7,1,7,33,231,
sale-item:1099,sale:601,269,presentation:270,2,1,2,79,158,
sale-item:1100,sale:601,93,presentation:91,1,1,1,13,13,
sale-item:1101,sale:602,269,presentation:270,1,1,1,79,79,
sale-item:1102,sale:602,112,presentation:111,3,1,3,5,15,
sale-item:1103,sale:602,123,presentation:122,1,1,1,12,12,
sale-item:1104,sale:603,703,presentation:844,0.5,1,0.5,600,300,
sale-item:1105,sale:603,699,presentation:706,6,1,6,118,708,
sale-item:1106,sale:604,703,presentation:1038,1,30,30,15000,15000,
sale-item:1107,sale:605,874,presentation:914,1,1,1,72,72,
sale-item:1108,sale:606,900,presentation:941,2,1,2,16,32,
sale-item:1109,sale:606,8,presentation:285,40,1,40,90,3600,
sale-item:1110,sale:607,6,presentation:6,20,1,20,185,3700,
sale-item:1111,sale:608,596,presentation:754,8,1,8,127,1016,
sale-item:1112,sale:608,594,presentation:620,2,1,2,226,452,
sale-item:1113,sale:608,285,presentation:288,50,1,50,25,1250,
sale-item:1114,sale:609,293,presentation:301,5,1,5,33,165,
sale-item:1115,sale:609,294,presentation:302,2,1,2,52,104,
sale-item:1116,sale:609,699,presentation:705,1,40,40,4700,4700,
sale-item:1117,sale:610,1027,presentation:1092,4,1,4,42,168,
sale-item:1118,sale:611,284,presentation:287,20,1,20,25,500,
sale-item:1119,sale:612,669,presentation:673,5,1,5,9,45,
sale-item:1120,sale:613,736,presentation:742,1,1,1,104,104,
sale-item:1121,sale:614,76,presentation:73,1,1,1,49,49,
sale-item:1122,sale:615,293,presentation:301,1,1,1,33,33,
sale-item:1123,sale:615,294,presentation:302,1,1,1,52,52,
sale-item:1124,sale:616,1016,presentation:1076,1,1,1,54,54,
sale-item:1125,sale:617,6,presentation:1083,1,20,20,3600,3600,
sale-item:1126,sale:618,780,presentation:975,1,7,7,3150,3150,
sale-item:1127,sale:618,4,presentation:2,7,1,7,230,1610,
sale-item:1128,sale:618,5,presentation:4,6,1,6,115,690,
sale-item:1129,sale:618,1024,presentation:1087,2.5,1,2.5,100,250,
sale-item:1130,sale:619,8,presentation:285,15,1,15,90,1350,
sale-item:1131,sale:620,735,presentation:741,2,1,2,1950,3900,
sale-item:1132,sale:621,735,presentation:741,1,1,1,1950,1950,
sale-item:1133,sale:622,683,presentation:687,3,1,3,7,21,
sale-item:1134,sale:622,284,presentation:287,1,1,1,25,25,
sale-item:1135,sale:623,6,presentation:1083,2,20,40,3600,7200,
sale-item:1136,sale:623,283,presentation:286,40,1,40,25,1000,
sale-item:1137,sale:624,699,presentation:706,2,1,2,118,236,
sale-item:1138,sale:624,698,presentation:707,5,1,5,190,950,
sale-item:1139,sale:624,8,presentation:285,2,1,2,90,180,
sale-item:1140,sale:625,1024,presentation:1087,3,1,3,100,300,
sale-item:1141,sale:626,699,presentation:706,3,1,3,118,354,
sale-item:1142,sale:627,979,presentation:1025,10,1,10,72,720,
sale-item:1143,sale:628,907,presentation:948,1,1,1,48,48,
sale-item:1144,sale:628,105,presentation:104,1,1,1,157,157,
sale-item:1145,sale:628,849,presentation:889,1,1,1,46,46,
sale-item:1146,sale:628,278,presentation:279,1,1,1,7,7,
sale-item:1147,sale:628,327,presentation:334,1,1,1,5,5,
sale-item:1148,sale:628,865,presentation:905,1,1,1,21,21,
sale-item:1149,sale:628,532,presentation:537,4,1,4,2,8,
sale-item:1150,sale:629,988,presentation:1108,1,1,1,3800,3800,
sale-item:1151,sale:630,923,presentation:964,1,7,7,2000,2000,
sale-item:1152,sale:631,596,presentation:754,8,1,8,127,1016,
sale-item:1153,sale:631,733,presentation:740,7,1,7,250,1750,
sale-item:1154,sale:631,5,presentation:4,40,1,40,115,4600,
sale-item:1155,sale:632,913,presentation:954,4,1,4,480,1920,
sale-item:1156,sale:633,902,presentation:943,1,1,1,15,15,
sale-item:1157,sale:634,5,presentation:4,40,1,40,115,4600,
sale-item:1158,sale:634,6,presentation:6,20,1,20,185,3700,
sale-item:1159,sale:634,733,presentation:740,1,1,1,250,250,
sale-item:1160,sale:634,293,presentation:301,1,1,1,37,37,
sale-item:1161,sale:634,294,presentation:302,1,1,1,60,60,
sale-item:1162,sale:635,703,presentation:844,2,1,2,600,1200,
sale-item:1163,sale:636,987,presentation:1110,1800,1,1800,3.8,6840,
sale-item:1164,sale:637,733,presentation:740,4,1,4,250,1000,
sale-item:1165,sale:638,8,presentation:285,10,1,10,90,900,
sale-item:1166,sale:638,699,presentation:706,6,1,6,118,708,
sale-item:1167,sale:639,699,presentation:705,1,40,40,4700,4700,
sale-item:1168,sale:640,5,presentation:1089,2,1,2,4300,8600,
sale-item:1169,sale:641,906,presentation:947,20,1,20,25,500,
sale-item:1170,sale:642,703,presentation:844,2,1,2,600,1200,
sale-item:1171,sale:643,541,presentation:546,2,1,2,225,450,
sale-item:1172,sale:644,913,presentation:954,5,1,5,480,2400,
sale-item:1173,sale:645,6,presentation:1083,1,20,20,3600,3600,
sale-item:1174,sale:645,5,presentation:4,40,1,40,115,4600,
sale-item:1175,sale:646,987,presentation:1035,1800,1,1800,3.9,7020,
sale-item:1176,sale:647,5,presentation:4,40,1,40,115,4600,
sale-item:1177,sale:647,287,presentation:290,50,1,50,23,1150,
sale-item:1178,sale:647,283,presentation:286,50,1,50,25,1250,
sale-item:1179,sale:647,633,presentation:638,4,1,4,195,780,
sale-item:1180,sale:647,786,presentation:824,1,1,1,43,43,
sale-item:1181,sale:648,5,presentation:4,40,1,40,115,4600,
sale-item:1182,sale:648,287,presentation:290,50,1,50,23,1150,
sale-item:1183,sale:648,283,presentation:286,50,1,50,25,1250,
sale-item:1184,sale:648,633,presentation:638,2,1,2,195,390,
sale-item:1185,sale:648,786,presentation:824,1,1,1,43,43,
sale-item:1186,sale:649,137,presentation:137,1,1,1,122,122,
sale-item:1187,sale:650,669,presentation:673,1,1,1,9,9,
sale-item:1188,sale:651,733,presentation:740,10,1,10,250,2500,
sale-item:1189,sale:651,284,presentation:287,2,1,2,25,50,
sale-item:1190,sale:652,797,presentation:836,1,1,1,145,145,
sale-item:1191,sale:653,699,presentation:706,4,1,4,118,472,
sale-item:1192,sale:653,284,presentation:287,1,1,1,25,25,
sale-item:1193,sale:654,699,presentation:705,1,40,40,4700,4700,
sale-item:1194,sale:654,6,presentation:6,5,1,5,185,925,
sale-item:1195,sale:654,596,presentation:754,6,1,6,127,762,
sale-item:1196,sale:655,703,presentation:844,7,1,7,600,4200,
sale-item:1197,sale:656,6,presentation:6,40,1,40,185,7400,
sale-item:1198,sale:657,913,presentation:954,7,1,7,480,3360,
sale-item:1199,sale:658,959,presentation:1004,2,1,2,583,1166,
sale-item:1200,sale:658,960,presentation:1005,2,1,2,34,68,
sale-item:1201,sale:658,699,presentation:706,10,1,10,118,1180,
sale-item:1202,sale:658,288,presentation:291,3,1,3,200,600,
sale-item:1203,sale:659,5,presentation:1089,2,1,2,4300,8600,
sale-item:1204,sale:660,6,presentation:1083,1,20,20,3600,3600,
sale-item:1205,sale:661,999,presentation:1057,1,1,1,1380,1380,
sale-item:1206,sale:661,944,presentation:988,20,1,20,7,140,
sale-item:1207,sale:662,6,presentation:6,10,1,10,185,1850,
sale-item:1208,sale:663,419,presentation:1112,14,1,14,1,14,
sale-item:1209,sale:663,457,presentation:464,14,1,14,0.5,7,
sale-item:1210,sale:663,618,presentation:622,14,1,14,0.5,7,
sale-item:1211,sale:664,960,presentation:1005,1,1,1,34,34,
sale-item:1212,sale:665,541,presentation:546,2,1,2,225,450,
sale-item:1213,sale:666,960,presentation:1005,3,1,3,34,102,
sale-item:1214,sale:667,5,presentation:4,40,1,40,115,4600,
sale-item:1215,sale:668,6,presentation:1083,1,20,20,3600,3600,
sale-item:1216,sale:668,283,presentation:286,40,1,40,25,1000,
sale-item:1217,sale:668,287,presentation:290,40,1,40,23,920,
sale-item:1218,sale:669,703,presentation:844,1,1,1,600,600,
sale-item:1219,sale:669,852,presentation:892,0.5,1,0.5,450,225,
sale-item:1220,sale:670,82,presentation:80,1,1,1,10,10,
sale-item:1221,sale:670,112,presentation:111,6,1,6,5,30,
sale-item:1222,sale:670,257,presentation:259,2,1,2,3,6,
sale-item:1223,sale:670,269,presentation:270,1,1,1,79,79,
sale-item:1224,sale:670,258,presentation:258,6,1,6,54,324,
sale-item:1225,sale:670,698,presentation:707,4,1,4,190,760,
sale-item:1226,sale:670,287,presentation:290,14.5,1,14.5,23,333.5,
sale-item:1227,sale:670,301,presentation:308,1,1,1,16,16,
sale-item:1228,sale:671,653,presentation:658,1,1,1,6,6,
sale-item:1229,sale:672,987,presentation:1035,1500,1,1500,3.9,5850,
sale-item:1230,sale:673,987,presentation:1035,1800,1,1800,3.9,7020,
sale-item:1231,sale:674,703,presentation:1038,3,30,90,15000,45000,
sale-item:1232,sale:675,987,presentation:1035,1500,1,1500,3.9,5850,
sale-item:1233,sale:676,596,presentation:754,10,1,10,127,1270,
sale-item:1234,sale:676,594,presentation:620,1,1,1,226,226,
sale-item:1235,sale:677,699,presentation:706,10,1,10,118,1180,
sale-item:1236,sale:678,287,presentation:290,200,1,200,23,4600,
sale-item:1237,sale:679,733,presentation:740,1,1,1,250,250,
sale-item:1238,sale:680,5,presentation:4,40,1,40,115,4600,
sale-item:1239,sale:681,733,presentation:740,30,1,30,250,7500,
sale-item:1240,sale:682,900,presentation:941,2,1,2,16,32,
sale-item:1241,sale:683,5,presentation:3,2,40,80,4600,9200,
sale-item:1242,sale:683,8,presentation:285,40,1,40,90,3600,
sale-item:1243,sale:684,6,presentation:1083,1,20,20,3600,3600,
sale-item:1244,sale:685,310,presentation:317,4,1,4,89,356,
sale-item:1245,sale:685,311,presentation:318,1,1,1,18,18,
sale-item:1246,sale:685,615,presentation:618,3,1,3,1,3,
sale-item:1247,sale:685,592,presentation:599,3,1,3,0.5,1.5,
sale-item:1248,sale:685,62,presentation:63,1,1,1,78,78,
sale-item:1249,sale:685,985,presentation:1031,1,1,1,99,99,
sale-item:1250,sale:685,786,presentation:824,1,1,1,43,43,
sale-item:1251,sale:685,305,presentation:312,3,1,3,8,24,
sale-item:1252,sale:685,772,presentation:802,1,1,1,330,330,
sale-item:1253,sale:685,308,presentation:315,1,1,1,10,10,
sale-item:1254,sale:685,303,presentation:310,1,1,1,8,8,
sale-item:1255,sale:685,308,presentation:315,2,1,2,10,20,
sale-item:1256,sale:685,305,presentation:312,1,1,1,8,8,
sale-item:1257,sale:686,5,presentation:4,6,1,6,115,690,
sale-item:1258,sale:687,736,presentation:742,2,1,2,104,208,
sale-item:1259,sale:687,1039,presentation:1107,2,1,2,44,88,
sale-item:1260,sale:688,287,presentation:290,100,1,100,23,2300,
sale-item:1261,sale:688,5,presentation:4,40,1,40,115,4600,
sale-item:1262,sale:688,703,presentation:844,2,1,2,600,1200,
sale-item:1263,sale:689,699,presentation:706,20,1,20,118,2360,
sale-item:1264,sale:689,8,presentation:285,20,1,20,90,1800,
sale-item:1265,sale:690,5,presentation:1089,2,1,2,4300,8600,
sale-item:1266,sale:691,288,presentation:291,6,1,6,200,1200,
sale-item:1267,sale:691,5,presentation:4,40,1,40,115,4600,
sale-item:1268,sale:691,287,presentation:290,50,1,50,23,1150,
sale-item:1269,sale:691,244,presentation:245,2,1,2,11,22,
sale-item:1270,sale:691,70,presentation:68,2,1,2,26,52,
sale-item:1271,sale:692,5,presentation:4,8,1,8,115,920,
sale-item:1272,sale:693,980,presentation:1026,5,1,5,95,475,
sale-item:1273,sale:694,699,presentation:705,2,40,80,4700,9400,
sale-item:1274,sale:694,6,presentation:6,80,1,80,185,14800,
sale-item:1275,sale:695,852,presentation:892,14,1,14,450,6300,
sale-item:1276,sale:695,703,presentation:844,14,1,14,600,8400,
sale-item:1277,sale:696,8,presentation:285,10,1,10,90,900,
sale-item:1278,sale:697,853,presentation:1113,2,1,2,14000,28000,
sale-item:1279,sale:698,273,presentation:274,1,1,1,280,280,
sale-item:1280,sale:699,6,presentation:1083,1,20,20,3600,3600,
sale-item:1281,sale:699,283,presentation:286,50,1,50,25,1250,
sale-item:1282,sale:699,287,presentation:290,50,1,50,23,1150,
sale-item:1283,sale:699,284,presentation:287,50,1,50,25,1250,
sale-item:1284,sale:700,8,presentation:285,5,1,5,90,450,
sale-item:1285,sale:701,913,presentation:1115,7,1,7,450,3150,
sale-item:1286,sale:702,68,presentation:69,2,1,2,58,116,
sale-item:1287,sale:703,285,presentation:288,50,1,50,25,1250,
sale-item:1288,sale:703,5,presentation:4,40,1,40,115,4600,
sale-item:1289,sale:703,633,presentation:638,3,1,3,195,585,
sale-item:1290,sale:703,786,presentation:824,1,1,1,43,43,
sale-item:1291,sale:704,545,presentation:550,1,1,1,366,366,
sale-item:1292,sale:704,733,presentation:740,1,1,1,250,250,
sale-item:1293,sale:705,143,presentation:143,1,1,1,30,30,
sale-item:1294,sale:705,18,presentation:20,1,1,1,46,46,
sale-item:1295,sale:706,237,presentation:238,1,1,1,136,136,
sale-item:1296,sale:706,171,presentation:172,2,1,2,8,16,
sale-item:1297,sale:707,545,presentation:550,1,1,1,366,366,
sale-item:1298,sale:708,5,presentation:4,40,1,40,115,4600,
sale-item:1299,sale:708,6,presentation:1083,1,20,20,3600,3600,
sale-item:1300,sale:709,703,presentation:844,7,1,7,600,4200,
sale-item:1301,sale:710,913,presentation:954,2,1,2,480,960,
sale-item:1302,sale:710,852,presentation:892,1,1,1,450,450,
sale-item:1303,sale:710,703,presentation:844,1,1,1,600,600,
sale-item:1304,sale:710,8,presentation:285,8,1,8,90,720,
sale-item:1305,sale:710,5,presentation:4,4,1,4,115,460,
sale-item:1306,sale:710,6,presentation:6,3,1,3,185,555,
sale-item:1307,sale:710,1024,presentation:1087,2.5,1,2.5,100,250,
sale-item:1308,sale:711,296,presentation:304,1,1,1,37,37,
sale-item:1309,sale:711,294,presentation:302,1,1,1,60,60,
sale-item:1310,sale:712,735,presentation:741,1,1,1,1950,1950,
sale-item:1311,sale:713,111,presentation:110,1,1,1,23,23,
sale-item:1312,sale:714,5,presentation:4,40,1,40,115,4600,
sale-item:1313,sale:714,8,presentation:285,40,1,40,90,3600,
sale-item:1314,sale:715,703,presentation:844,5,1,5,600,3000,
sale-item:1315,sale:715,853,presentation:893,2,1,2,600,1200,
sale-item:1316,sale:716,284,presentation:287,10,1,10,25,250,
sale-item:1317,sale:717,923,presentation:965,2,1,2,300,600,
sale-item:1318,sale:718,5,presentation:4,40,1,40,115,4600,
sale-item:1319,sale:718,8,presentation:285,40,1,40,90,3600,
sale-item:1320,sale:719,703,presentation:844,7,1,7,600,4200,
sale-item:1321,sale:720,913,presentation:1115,7,1,7,450,3150,
sale-item:1322,sale:721,6,presentation:6,60,1,60,185,11100,
sale-item:1323,sale:721,5,presentation:3,3,40,120,4600,13800,
sale-item:1324,sale:722,284,presentation:287,100,1,100,25,2500,
sale-item:1325,sale:723,251,presentation:253,2,1,2,70,140,
sale-item:1326,sale:723,646,presentation:651,1,1,1,17,17,
sale-item:1327,sale:723,938,presentation:982,1,1,1,11,11,
sale-item:1328,sale:723,639,presentation:644,1,1,1,9,9,
sale-item:1329,sale:723,678,presentation:682,1,1,1,12.5,12.5,
sale-item:1330,sale:723,638,presentation:643,2,1,2,5,10,
sale-item:1331,sale:723,255,presentation:256,1,1,1,2,2,
sale-item:1332,sale:724,169,presentation:168,1,1,1,103,103,
sale-item:1333,sale:725,596,presentation:1130,1,150,150,18500,18500,
sale-item:1334,sale:725,284,presentation:1128,50,1,50,24.5,1225,
sale-item:1335,sale:725,1054,presentation:1129,10,1,10,65,650,
sale-item:1336,sale:725,1055,presentation:1133,16,1,16,48,768,
sale-item:1337,sale:725,287,presentation:1132,96,1,96,22.5,2160,
sale-item:1338,sale:726,703,presentation:844,7,1,7,600,4200,
sale-item:1339,sale:727,119,presentation:119,1,1,1,4,4,
sale-item:1340,sale:728,125,presentation:124,1,1,1,122,122,
sale-item:1341,sale:729,853,presentation:1113,1,1,1,14000,14000,
sale-item:1342,sale:729,703,presentation:1038,1,30,30,15000,15000,
sale-item:1343,sale:730,703,presentation:711,1,30,30,16000,16000,
sale-item:1344,sale:731,1056,presentation:1135,1,1,1,3300,3300,
sale-item:1345,sale:732,1056,presentation:1136,1,7,7,2200,2200,
sale-item:1346,sale:732,1056,presentation:1136,1,7,7,2200,2200,
sale-item:1347,sale:733,987,presentation:1110,1500,1,1500,3.8,5700,
sale-item:1348,sale:734,596,presentation:754,1,1,1,127,127,
sale-item:1349,sale:734,999,presentation:1057,1,1,1,1380,1380,
sale-item:1350,sale:734,294,presentation:302,1,1,1,60,60,
sale-item:1351,sale:735,735,presentation:741,1,1,1,1950,1950,
sale-item:1352,sale:736,699,presentation:705,1,40,40,4700,4700,
sale-item:1353,sale:737,5,presentation:4,40,1,40,115,4600,
sale-item:1354,sale:737,6,presentation:1083,1,20,20,3600,3600,
sale-item:1355,sale:737,283,presentation:286,40,1,40,25,1000,
sale-item:1356,sale:738,699,presentation:706,10,1,10,118,1180,
sale-item:1357,sale:739,703,presentation:1038,1,30,30,15000,15000,
sale-item:1358,sale:740,287,presentation:290,60,1,60,23,1380,
sale-item:1359,sale:741,1020,presentation:1080,1,1,1,51,51,
sale-item:1360,sale:742,327,presentation:334,1,1,1,5,5,
sale-item:1361,sale:742,325,presentation:332,1,1,1,4,4,
sale-item:1362,sale:743,699,presentation:706,3,1,3,118,354,
sale-item:1363,sale:744,897,presentation:938,1,1,1,34,34,
sale-item:1364,sale:745,733,presentation:740,6,1,6,250,1500,
sale-item:1365,sale:745,596,presentation:754,2,1,2,127,254,
sale-item:1366,sale:746,289,presentation:292,25,1,25,320,8000,
sale-item:1367,sale:747,281,presentation:282,15,1,15,16,240,
sale-item:1368,sale:748,703,presentation:844,5,1,5,600,3000,
sale-item:1369,sale:748,853,presentation:893,2,1,2,600,1200,
sale-item:1370,sale:749,5,presentation:4,40,1,40,115,4600,
sale-item:1371,sale:749,8,presentation:285,40,1,40,90,3600,
sale-item:1372,sale:749,913,presentation:1137,1,7,7,3200,3200,
sale-item:1373,sale:750,913,presentation:954,7,1,7,480,3360,
sale-item:1374,sale:751,596,presentation:754,10,1,10,127,1270,
sale-item:1375,sale:752,913,presentation:954,7,1,7,480,3360,
sale-item:1376,sale:753,699,presentation:706,20,1,20,118,2360,
sale-item:1377,sale:754,300,presentation:307,4,1,4,15,60,
sale-item:1378,sale:755,699,presentation:706,20,1,20,118,2360,
sale-item:1379,sale:755,8,presentation:285,10,1,10,90,900,
sale-item:1380,sale:756,703,presentation:844,7,1,7,600,4200,
sale-item:1381,sale:757,5,presentation:3,1,40,40,4600,4600,
sale-item:1382,sale:758,1050,presentation:1124,1,1,1,95,95,
sale-item:1383,sale:759,699,presentation:705,1,40,40,4700,4700,
sale-item:1384,sale:759,780,presentation:976,1,1,1,450,450,
sale-item:1385,sale:760,5,presentation:1159,1,40,40,4550,4550,
sale-item:1386,sale:761,5,presentation:4,6,1,6,115,690,
sale-item:1387,sale:762,987,presentation:1035,1500,1,1500,3.9,5850,
sale-item:1388,sale:763,987,presentation:1035,467,1,467,3.9,1821.3,
sale-item:1389,sale:764,5,presentation:1159,1,40,40,4550,4550,
sale-item:1390,sale:765,703,presentation:844,7,1,7,600,4200,
sale-item:1391,sale:766,6,presentation:1083,1,20,20,3600,3600,
sale-item:1392,sale:767,228,presentation:228,2,1,2,1914,3828,
sale-item:1393,sale:767,176,presentation:175,2,1,2,168,336,
sale-item:1394,sale:767,329,presentation:336,1,1,1,299,299,
sale-item:1395,sale:767,5,presentation:1160,2,40,80,4400,8800,
sale-item:1396,sale:767,596,presentation:1130,1,150,150,18500,18500,
sale-item:1397,sale:767,8,presentation:285,5,1,5,90,450,
sale-item:1398,sale:768,699,presentation:706,4,1,4,118,472,
sale-item:1399,sale:768,980,presentation:1026,1,1,1,95,95,
sale-item:1400,sale:769,703,presentation:1038,2,30,60,15000,30000,
sale-item:1401,sale:770,6,presentation:1162,1,20,20,3500,3500,
sale-item:1402,sale:770,5,presentation:1160,1,40,40,4400,4400,
sale-item:1403,sale:770,284,presentation:1128,5,1,5,24.5,122.5,
sale-item:1404,sale:770,697,presentation:700,6,1,6,142,852,
sale-item:1405,sale:771,111,presentation:110,1,1,1,23,23,
sale-item:1406,sale:772,5,presentation:4,7,1,7,115,805,
sale-item:1407,sale:773,5,presentation:1160,1,40,40,4400,4400,
sale-item:1408,sale:773,6,presentation:1162,1,20,20,3500,3500,
sale-item:1409,sale:774,1017,presentation:1077,1,2,2,60,60,
sale-item:1410,sale:775,669,presentation:673,5,1,5,9,45,
sale-item:1411,sale:776,979,presentation:1025,36,1,36,72,2592,
sale-item:1412,sale:777,289,presentation:292,6,1,6,320,1920,
sale-item:1413,sale:777,596,presentation:754,5,1,5,127,635,
sale-item:1414,sale:778,1079,presentation:1161,1,1,1,115,115,
sale-item:1415,sale:779,703,presentation:844,7,1,7,600,4200,
sale-item:1416,sale:780,5,presentation:4,40,1,40,115,4600,
sale-item:1417,sale:781,699,presentation:706,20,1,20,118,2360,
sale-item:1418,sale:781,8,presentation:285,20,1,20,90,1800,
sale-item:1419,sale:782,265,presentation:264,1,1,1,13,13,
sale-item:1420,sale:783,244,presentation:245,4,1,4,11,44,
sale-item:1421,sale:783,266,presentation:268,2,1,2,14,28,
sale-item:1422,sale:783,171,presentation:172,3,1,3,8,24,
sale-item:1423,sale:783,959,presentation:1004,1,1,1,583,583,
sale-item:1424,sale:783,960,presentation:1005,2,1,2,34,68,
sale-item:1425,sale:783,1029,presentation:1094,1,1,1,90,90,
sale-item:1426,sale:783,633,presentation:638,3,1,3,195,585,
sale-item:1427,sale:783,70,presentation:68,8,1,8,26,208,
sale-item:1428,sale:783,261,presentation:266,2,1,2,19,38,
sale-item:1429,sale:783,1080,presentation:1163,2,1,2,40,80,
sale-item:1430,sale:783,269,presentation:270,2,1,2,79,158,
sale-item:1431,sale:783,112,presentation:111,10,1,10,5,50,
sale-item:1432,sale:783,152,presentation:152,5,1,5,5,25,
sale-item:1433,sale:783,691,presentation:1164,8,1,8,13,104,
sale-item:1434,sale:784,269,presentation:270,2,1,2,79,158,
sale-item:1435,sale:785,699,presentation:706,2,1,2,118,236,
sale-item:1436,sale:786,237,presentation:238,1,1,1,136,136,
sale-item:1437,sale:787,735,presentation:1165,15,1,15,1900,28500,
sale-item:1438,sale:788,853,presentation:1113,1,1,1,14000,14000,
sale-item:1439,sale:789,853,presentation:1113,1,1,1,14000,14000,
sale-item:1440,sale:790,765,presentation:798,1,1,1,1450,1450,
sale-item:1441,sale:790,282,presentation:283,1,1,1,1450,1450,
sale-item:1442,sale:790,767,presentation:784,1,1,1,2326,2326,
sale-item:1443,sale:791,898,presentation:939,1,1,1,22,22,
sale-item:1444,sale:792,703,presentation:1038,1,30,30,15000,15000,
sale-item:1445,sale:793,699,presentation:706,4,1,4,118,472,
sale-item:1446,sale:794,284,presentation:287,2,1,2,25,50,
sale-item:1447,sale:794,264,presentation:1098,2,1,2,37,74,
sale-item:1448,sale:795,5,presentation:4,2,1,2,115,230,
sale-item:1449,sale:796,5,presentation:4,40,1,40,115,4600,
sale-item:1450,sale:797,913,presentation:954,1,1,1,480,480,
sale-item:1451,sale:797,703,presentation:844,1,1,1,600,600,
sale-item:1452,sale:797,8,presentation:285,6,1,6,90,540,
sale-item:1453,sale:797,5,presentation:4,10,1,10,115,1150,
sale-item:1454,sale:797,852,presentation:892,0.5,1,0.5,450,225,
sale-item:1455,sale:797,289,presentation:292,1,1,1,320,320,
sale-item:1456,sale:798,287,presentation:290,60,1,60,23,1380,
sale-item:1457,sale:799,1015,presentation:1075,4,1,4,182,728,
sale-item:1458,sale:799,633,presentation:638,4,1,4,195,780,
sale-item:1459,sale:799,289,presentation:292,4,1,4,320,1280,
sale-item:1460,sale:799,596,presentation:754,20,1,20,127,2540,
sale-item:1461,sale:800,780,presentation:976,3,1,3,450,1350,
sale-item:1462,sale:801,1090,presentation:1175,1,1,1,365,365,
sale-item:1463,sale:802,957,presentation:1003,1,14,14,2800,2800,
sale-item:1464,sale:803,699,presentation:706,2,1,2,118,236,
sale-item:1465,sale:804,703,presentation:1038,2,30,60,15000,30000,
sale-item:1466,sale:805,8,presentation:285,15,1,15,90,1350,
sale-item:1467,sale:805,699,presentation:706,10,1,10,118,1180,
sale-item:1468,sale:805,733,presentation:740,2,1,2,250,500,
sale-item:1469,sale:805,284,presentation:287,2,1,2,25,50,
sale-item:1470,sale:805,294,presentation:302,0.5,1,0.5,60,30,
sale-item:1471,sale:805,293,presentation:301,0.5,1,0.5,37,18.5,
sale-item:1472,sale:805,703,presentation:844,2,1,2,600,1200,
sale-item:1473,sale:805,852,presentation:892,0.5,1,0.5,450,225,
sale-item:1474,sale:806,913,presentation:954,5,1,5,480,2400,
sale-item:1475,sale:807,699,presentation:706,6,1,6,118,708,
sale-item:1476,sale:807,852,presentation:892,1,1,1,450,450,
sale-item:1477,sale:807,703,presentation:844,1,1,1,600,600,
sale-item:1478,sale:807,284,presentation:287,3,1,3,25,75,
sale-item:1479,sale:807,733,presentation:740,4,1,4,250,1000,
sale-item:1480,sale:808,852,presentation:892,3,1,3,450,1350,
sale-item:1481,sale:808,923,presentation:964,1,7,7,2000,2000,
sale-item:1482,sale:808,596,presentation:754,4,1,4,127,508,
sale-item:1483,sale:809,944,presentation:988,20,1,20,7,140,
sale-item:1484,sale:810,699,presentation:705,1,40,40,4700,4700,
sale-item:1485,sale:810,8,presentation:285,40,1,40,90,3600,
sale-item:1486,sale:811,703,presentation:844,1,1,1,600,600,
sale-item:1487,sale:811,852,presentation:892,1,1,1,450,450,
sale-item:1488,sale:811,733,presentation:740,7,1,7,250,1750,
sale-item:1489,sale:811,284,presentation:287,5,1,5,25,125,
sale-item:1490,sale:812,957,presentation:1003,1,14,14,2800,2800,
sale-item:1491,sale:813,699,presentation:705,1,40,40,4700,4700,
sale-item:1492,sale:813,8,presentation:285,20,1,20,90,1800,
sale-item:1493,sale:814,699,presentation:706,10,1,10,118,1180,
sale-item:1494,sale:814,8,presentation:285,10,1,10,90,900,
sale-item:1495,sale:814,697,presentation:700,3,1,3,142,426,
sale-item:1496,sale:815,6,presentation:6,20,1,20,185,3700,
sale-item:1497,sale:816,957,presentation:1088,1,7,7,1800,1800,
sale-item:1498,sale:817,703,presentation:844,1,1,1,600,600,
sale-item:1499,sale:817,852,presentation:892,1,1,1,450,450,
sale-item:1500,sale:818,5,presentation:1159,2,40,80,4550,9100,
sale-item:1501,sale:819,735,presentation:741,5,1,5,1950,9750,
sale-item:1502,sale:820,703,presentation:844,7,1,7,600,4200,
sale-item:1503,sale:821,957,presentation:1185,4,1,4,260,1040,
sale-item:1504,sale:822,957,presentation:1185,3,1,3,260,780,
sale-item:1505,sale:823,703,presentation:844,3.5,1,3.5,600,2100,
sale-item:1506,sale:823,293,presentation:301,5,1,5,37,185,
sale-item:1507,sale:823,294,presentation:302,2,1,2,60,120,
sale-item:1508,sale:824,5,presentation:4,20,1,20,115,2300,
sale-item:1509,sale:825,733,presentation:740,4,1,4,250,1000,
sale-item:1510,sale:826,703,presentation:1038,2,30,60,15000,30000,
sale-item:1511,sale:826,853,presentation:1113,1,1,1,14000,14000,
sale-item:1512,sale:827,6,presentation:6,40,1,40,185,7400,
sale-item:1513,sale:828,510,presentation:517,1,1,1,7,7,
sale-item:1514,sale:829,699,presentation:706,20,1,20,118,2360,
sale-item:1515,sale:830,703,presentation:844,7,1,7,600,4200,
sale-item:1516,sale:831,8,presentation:285,1,1,1,90,90,
sale-item:1517,sale:832,833,presentation:873,1,1,1,40,40,
sale-item:1518,sale:832,669,presentation:673,1,1,1,9,9,
sale-item:1519,sale:832,715,presentation:723,1,1,1,10,10,
sale-item:1520,sale:833,8,presentation:285,10,1,10,90,900,
sale-item:1521,sale:833,699,presentation:706,20,1,20,118,2360,
sale-item:1522,sale:834,699,presentation:706,10,1,10,118,1180,
sale-item:1523,sale:834,8,presentation:285,10,1,10,90,900,
sale-item:1524,sale:835,289,presentation:292,10,1,10,320,3200,
sale-item:1525,sale:835,913,presentation:1115,7,1,7,450,3150,
sale-item:1526,sale:836,8,presentation:285,2,1,2,90,180,
sale-item:1527,sale:837,173,presentation:173,1,1,1,35,35,
sale-item:1528,sale:837,294,presentation:302,0.5,1,0.5,60,30,
sale-item:1529,sale:838,703,presentation:844,7,1,7,600,4200,
sale-item:1530,sale:839,699,presentation:706,15,1,15,118,1770,
sale-item:1531,sale:840,699,presentation:706,10,1,10,118,1180,
sale-item:1532,sale:841,669,presentation:673,2,1,2,9,18,
sale-item:1533,sale:842,1056,presentation:1136,1,7,7,2200,2200,
sale-item:1534,sale:843,699,presentation:706,20,1,20,118,2360,
sale-item:1535,sale:844,980,presentation:1026,2,1,2,95,190,
sale-item:1536,sale:845,1056,presentation:1186,3.5,1,3.5,315,1102.5,
sale-item:1537,sale:846,237,presentation:238,3,1,3,136,408,
sale-item:1538,sale:846,244,presentation:245,3,1,3,11,33,
sale-item:1539,sale:846,70,presentation:68,4,1,4,26,104,
sale-item:1540,sale:846,942,presentation:986,1,1,1,62,62,
sale-item:1541,sale:847,8,presentation:285,4,1,4,90,360,
sale-item:1542,sale:847,699,presentation:706,4,1,4,118,472,
sale-item:1543,sale:848,735,presentation:1165,1,1,1,1900,1900,
sale-item:1544,sale:849,733,presentation:740,1,1,1,250,250,
sale-item:1545,sale:849,596,presentation:754,1,1,1,127,127,
sale-item:1546,sale:849,913,presentation:954,1,1,1,480,480,
sale-item:1547,sale:850,156,presentation:157,1,1,1,25,25,
sale-item:1548,sale:850,188,presentation:187,1,1,1,10,10,
sale-item:1549,sale:850,224,presentation:223,1,1,1,10,10,
sale-item:1550,sale:850,261,presentation:266,2,1,2,19,38,
sale-item:1551,sale:850,633,presentation:638,1,1,1,195,195,
sale-item:1552,sale:850,633,presentation:1187,2,0.5,1,32.5,65,
sale-item:1553,sale:851,1029,presentation:1094,1,1,1,90,90,
sale-item:1554,sale:852,735,presentation:1165,2,1,2,1900,3800,
sale-item:1555,sale:853,703,presentation:844,7,1,7,600,4200,
sale-item:1556,sale:854,699,presentation:706,3,1,3,118,354,
sale-item:1557,sale:855,699,presentation:706,17,1,17,118,2006,
sale-item:1558,sale:856,335,presentation:342,1,1,1,50,50,
sale-item:1559,sale:857,525,presentation:530,2,1,2,1,2,
sale-item:1560,sale:857,125,presentation:124,1,1,1,122,122,
sale-item:1561,sale:857,57,presentation:297,1,1,1,110,110,
sale-item:1562,sale:857,313,presentation:322,10,1,10,0.5,5,
sale-item:1563,sale:857,306,presentation:313,1,1,1,8,8,
sale-item:1564,sale:857,877,presentation:917,2,1,2,47,94,
sale-item:1565,sale:857,1050,presentation:1124,1,1,1,95,95,
sale-item:1566,sale:857,669,presentation:673,2,1,2,9,18,
sale-item:1567,sale:857,1046,presentation:1120,1,1,1,130,130,
sale-item:1568,sale:857,621,presentation:626,4,1,4,0.5,2,
sale-item:1569,sale:857,303,presentation:310,2,1,2,8,16,
sale-item:1570,sale:857,537,presentation:542,12,1,12,0.5,6,
sale-item:1571,sale:857,944,presentation:988,1,1,1,7,7,
sale-item:1572,sale:857,302,presentation:309,1,1,1,19,19,
sale-item:1573,sale:857,558,presentation:555,4,1,4,1,4,
sale-item:1574,sale:857,1026,presentation:1091,1,1,1,38,38,
sale-item:1575,sale:857,567,presentation:573,1,1,1,1,1,
sale-item:1576,sale:857,599,presentation:602,1,1,1,2,2,
sale-item:1577,sale:857,302,presentation:309,1,1,1,19,19,
sale-item:1578,sale:857,388,presentation:397,7,1,7,0.5,3.5,
sale-item:1579,sale:857,394,presentation:402,1,1,1,1,1,
sale-item:1580,sale:857,803,presentation:842,1,1,1,74,74,
sale-item:1581,sale:857,80,presentation:81,1,1,1,244,244,
sale-item:1582,sale:857,62,presentation:63,1,1,1,78,78,
sale-item:1583,sale:857,306,presentation:313,3,1,3,8,24,
sale-item:1584,sale:857,639,presentation:644,1,1,1,9,9,
sale-item:1585,sale:857,1026,presentation:1091,1,1,1,38,38,
sale-item:1586,sale:857,306,presentation:313,4,1,4,8,32,
sale-item:1587,sale:857,408,presentation:416,1,1,1,1,1,
sale-item:1588,sale:857,1003,presentation:1061,1,1,1,34,34,
sale-item:1589,sale:857,1051,presentation:1125,1,1,1,156,156,
sale-item:1590,sale:857,713,presentation:721,1,1,1,356,356,
sale-item:1591,sale:857,898,presentation:939,1,1,1,22,22,
sale-item:1592,sale:857,487,presentation:494,4,1,4,5,20,
sale-item:1593,sale:857,614,presentation:617,8,1,8,1,8,
sale-item:1594,sale:857,605,presentation:609,4,1,4,1,4,
sale-item:1595,sale:857,1098,presentation:1183,1,1,1,215,215,
sale-item:1596,sale:857,1049,presentation:1123,1,1,1,228,228,
sale-item:1597,sale:857,281,presentation:282,1,1,1,16,16,
sale-item:1598,sale:857,1083,presentation:1168,1,1,1,68,68,
sale-item:1599,sale:857,547,presentation:553,1,1,1,30,30,
sale-item:1600,sale:857,1018,presentation:1078,1,1,1,58,58,
sale-item:1601,sale:857,898,presentation:939,1,1,1,22,22,
sale-item:1602,sale:858,82,presentation:80,2,1,2,10,20,
sale-item:1603,sale:858,152,presentation:152,4,1,4,5,20,
sale-item:1604,sale:858,942,presentation:986,1,1,1,62,62,
sale-item:1605,sale:859,780,presentation:975,1,7,7,3150,3150,
sale-item:1606,sale:859,913,presentation:954,7,1,7,480,3360,
sale-item:1607,sale:859,8,presentation:285,40,1,40,90,3600,
sale-item:1608,sale:859,699,presentation:706,20,1,20,118,2360,
sale-item:1609,sale:860,923,presentation:965,7,1,7,300,2100,
sale-item:1610,sale:861,853,presentation:1113,1,1,1,14000,14000,
sale-item:1611,sale:862,733,presentation:740,1,1,1,250,250,
sale-item:1612,sale:863,703,presentation:844,7,1,7,600,4200,
sale-item:1613,sale:864,699,presentation:706,20,1,20,118,2360,
sale-item:1614,sale:864,8,presentation:285,20,1,20,90,1800,
sale-item:1615,sale:865,606,presentation:610,8,1,8,2,16,
sale-item:1616,sale:865,508,presentation:515,8,1,8,7,56,
sale-item:1617,sale:865,615,presentation:618,8,1,8,1,8,
sale-item:1618,sale:865,624,presentation:630,8,1,8,0.5,4,
sale-item:1619,sale:865,426,presentation:433,2,1,2,1,2,
sale-item:1620,sale:865,619,presentation:623,2,1,2,0.5,1,
sale-item:1621,sale:865,615,presentation:618,3,1,3,1,3,
sale-item:1622,sale:865,537,presentation:542,2,1,2,0.5,1,
sale-item:1623,sale:865,610,presentation:614,2,1,2,0.5,1,
sale-item:1624,sale:865,857,presentation:897,2,1,2,13,26,
sale-item:1625,sale:865,1010,presentation:1069,2,1,2,9,18,
sale-item:1626,sale:865,859,presentation:899,2,1,2,17,34,
sale-item:1627,sale:865,1067,presentation:1147,2,1,2,12,24,
sale-item:1628,sale:866,273,presentation:274,1,1,1,280,280,
sale-item:1629,sale:866,293,presentation:301,1,1,1,37,37,
sale-item:1630,sale:866,214,presentation:213,1,1,1,43,43,
sale-item:1631,sale:867,703,presentation:1038,1,30,30,15000,15000,
sale-item:1632,sale:868,987,presentation:1110,1500,1,1500,3.8,5700,
sale-item:1633,sale:869,733,presentation:740,1,1,1,250,250,
sale-item:1634,sale:870,852,presentation:892,1,1,1,450,450,
sale-item:1635,sale:870,703,presentation:844,1,1,1,600,600,
sale-item:1636,sale:870,5,presentation:4,20,1,20,115,2300,
sale-item:1637,sale:870,8,presentation:285,20,1,20,90,1800,
sale-item:1638,sale:871,60,presentation:59,2,1,2,76,152,
sale-item:1639,sale:871,58,presentation:58,1,1,1,57,57,
sale-item:1640,sale:871,50,presentation:49,1,1,1,76,76,
sale-item:1641,sale:872,273,presentation:274,1,1,1,280,280,
sale-item:1642,sale:873,669,presentation:673,4,1,4,9,36,
sale-item:1643,sale:873,736,presentation:742,1,1,1,104,104,
sale-item:1644,sale:874,703,presentation:711,1,30,30,16000,16000,
sale-item:1645,sale:875,703,presentation:711,1,30,30,16000,16000,
sale-item:1646,sale:876,703,presentation:711,1,30,30,16000,16000,
sale-item:1647,sale:877,5,presentation:4,12,1,12,115,1380,
sale-item:1648,sale:877,900,presentation:941,3,1,3,16,48,
sale-item:1649,sale:878,699,presentation:706,6,1,6,118,708,
sale-item:1650,sale:878,8,presentation:285,7,1,7,90,630,
sale-item:1651,sale:878,913,presentation:954,1,1,1,480,480,
sale-item:1652,sale:879,703,presentation:844,2,1,2,600,1200,
sale-item:1653,sale:880,703,presentation:844,7,1,7,600,4200,
sale-item:1654,sale:881,7,presentation:1191,1,40,40,3500,3500,
sale-item:1655,sale:881,1079,presentation:1161,10,1,10,115,1150,
sale-item:1656,sale:882,1052,presentation:1126,10,1,10,9,90,
sale-item:1657,sale:882,683,presentation:687,1,1,1,7,7,
sale-item:1658,sale:883,5,presentation:4,10,1,10,115,1150,
sale-item:1659,sale:884,1079,presentation:1161,9,1,9,115,1035,
sale-item:1660,sale:884,6,presentation:1162,0.5,20,10,3500,1750,
sale-item:1661,sale:884,5,presentation:1160,0.5,40,20,4400,2200,
sale-item:1662,sale:885,7,presentation:1192,12,1,12,3300,39600,
sale-item:1663,sale:886,7,presentation:1192,8,1,8,3300,26400,
sale-item:1664,sale:887,699,presentation:706,15,1,15,118,1770,
sale-item:1665,sale:888,683,presentation:687,4,1,4,7,28,
sale-item:1666,sale:889,683,presentation:687,3,1,3,7,21,
sale-item:1667,sale:890,699,presentation:706,2,1,2,118,236,
sale-item:1668,sale:890,8,presentation:285,1,1,1,90,90,
sale-item:1669,sale:891,5,presentation:4,3,1,3,115,345,
sale-item:1670,sale:892,703,presentation:844,0.5,1,0.5,600,300,
sale-item:1671,sale:892,852,presentation:892,0.5,1,0.5,450,225,
sale-item:1672,sale:892,699,presentation:706,3,1,3,118,354,
sale-item:1673,sale:893,1056,presentation:1193,2,1,2,345,690,
sale-item:1674,sale:893,994,presentation:1050,18,1,18,56,1008,
sale-item:1675,sale:894,683,presentation:687,5,1,5,7,35,
sale-item:1676,sale:895,7,presentation:1192,10,1,10,3300,33000,
sale-item:1677,sale:896,5,presentation:4,40,1,40,115,4600,
sale-item:1678,sale:897,703,presentation:844,7,1,7,600,4200,
sale-item:1679,sale:898,8,presentation:285,10,1,10,90,900,
sale-item:1680,sale:898,699,presentation:706,15,1,15,118,1770,
sale-item:1681,sale:899,699,presentation:705,1,40,40,4700,4700,
sale-item:1682,sale:900,957,presentation:1088,2,7,14,1800,3600,
sale-item:1683,sale:900,8,presentation:285,4,1,4,90,360,
sale-item:1684,sale:900,703,presentation:844,7,1,7,600,4200,
sale-item:1685,sale:900,596,presentation:1130,3,150,450,18500,55500,
sale-item:1686,sale:900,284,presentation:1128,100,1,100,24.5,2450,
sale-item:1687,sale:900,287,presentation:1132,100,1,100,22.5,2250,
sale-item:1688,sale:900,852,presentation:892,14,1,14,450,6300,
sale-item:1689,sale:901,703,presentation:844,7,1,7,600,4200,
sale-item:1690,sale:902,913,presentation:954,0.5,1,0.5,480,240,
sale-item:1691,sale:902,703,presentation:844,0.5,1,0.5,600,300,
sale-item:1692,sale:902,852,presentation:892,0.5,1,0.5,450,225,
sale-item:1693,sale:902,5,presentation:4,10,1,10,115,1150,
sale-item:1694,sale:902,736,presentation:742,1,1,1,104,104,
sale-item:1695,sale:902,596,presentation:754,5,1,5,127,635,
sale-item:1696,sale:903,703,presentation:844,1,1,1,600,600,
sale-item:1697,sale:903,5,presentation:1160,0.5,40,20,4400,2200,
sale-item:1698,sale:903,7,presentation:1191,0.5,40,20,3500,1750,
sale-item:1699,sale:904,5,presentation:4,40,1,40,115,4600,
sale-item:1700,sale:904,283,presentation:286,50,1,50,25,1250,
sale-item:1701,sale:905,703,presentation:711,1,30,30,16000,16000,
sale-item:1702,sale:906,5,presentation:3,2,40,80,4600,9200,
sale-item:1703,sale:906,7,presentation:7,2,40,80,3700,7400,
sale-item:1704,sale:906,289,presentation:292,30,1,30,320,9600,
sale-item:1705,sale:906,293,presentation:301,4,1,4,37,148,
sale-item:1706,sale:907,7,presentation:1192,8,1,8,3300,26400,
sale-item:1707,sale:908,5,presentation:3,2,40,80,4550,9100,
sale-item:1708,sale:909,5,presentation:3,1.5,40,60,4600,6900,
sale-item:1709,sale:909,7,presentation:8,20,1,20,92.5,1850,
sale-item:1710,sale:910,703,presentation:844,7,1,7,600,4200,
sale-item:1711,sale:910,923,presentation:965,1,1,1,300,300,
sale-item:1712,sale:911,703,presentation:844,7,1,7,600,4200,
sale-item:1713,sale:912,699,presentation:706,2,1,2,118,236,
sale-item:1714,sale:913,733,presentation:740,15,1,15,250,3750,
sale-item:1715,sale:913,5,presentation:4,20,1,20,115,2300,
sale-item:1716,sale:914,699,presentation:706,9,1,9,125,1125,
sale-item:1717,sale:915,5,presentation:3,3,40,120,4600,13800,
sale-item:1718,sale:916,596,presentation:754,10,1,10,127,1270,
sale-item:1719,sale:916,287,presentation:290,100,1,100,23,2300,
sale-item:1720,sale:916,284,presentation:287,50,1,50,25,1250,
sale-item:1721,sale:917,699,presentation:706,10,1,10,125,1250,
sale-item:1722,sale:917,8,presentation:285,10,1,10,90,900,
sale-item:1723,sale:918,7,presentation:7,2,40,80,3700,7400,
sale-item:1724,sale:919,913,presentation:954,7,1,7,480,3360,
sale-item:1725,sale:919,703,presentation:844,2,1,2,600,1200,
sale-item:1726,sale:919,7,presentation:8,30,1,30,92.5,2775,
sale-item:1727,sale:919,8,presentation:285,20,1,20,90,1800,
sale-item:1728,sale:919,284,presentation:287,4,1,4,25,100,
sale-item:1729,sale:920,699,presentation:706,6,1,6,125,750,
sale-item:1730,sale:920,913,presentation:954,1,1,1,480,480,
sale-item:1731,sale:921,1091,presentation:1176,1,1,1,609,609,
sale-item:1732,sale:921,295,presentation:303,3,1,3,37,111,
sale-item:1733,sale:922,7,presentation:8,40,1,40,92.5,3700,
sale-item:1734,sale:923,7,presentation:1191,1.5,40,60,3500,5250,
sale-item:1735,sale:923,5,presentation:1160,0.5,40,20,4400,2200,
sale-item:1736,sale:924,699,presentation:706,20,1,20,125,2500,
sale-item:1737,sale:924,8,presentation:285,20,1,20,90,1800,
sale-item:1738,sale:924,237,presentation:238,3,1,3,136,408,
sale-item:1739,sale:924,260,presentation:261,6,1,6,11,66,
sale-item:1740,sale:924,171,presentation:172,6,1,6,8,48,
sale-item:1741,sale:924,1029,presentation:1094,1,1,1,90,90,
sale-item:1742,sale:925,683,presentation:687,2,1,2,7,14,
sale-item:1743,sale:925,284,presentation:287,2,1,2,25,50,
sale-item:1744,sale:926,987,presentation:1110,1800,1,1800,3.8,6840,
sale-item:1745,sale:926,987,presentation:1110,1800,1,1800,3.8,6840,
sale-item:1746,sale:927,1056,presentation:1135,1,1,1,2400,2400,
sale-item:1747,sale:927,994,presentation:1050,28,1,28,56,1568,
sale-item:1748,sale:927,735,presentation:741,1,1,1,1950,1950,
sale-item:1749,sale:928,852,presentation:892,7,1,7,450,3150,
sale-item:1750,sale:929,7,presentation:1043,0.5,40,20,3600,1800,
sale-item:1751,sale:930,237,presentation:238,3,1,3,136,408,
sale-item:1752,sale:931,913,presentation:954,7,1,7,480,3360,
sale-item:1753,sale:932,5,presentation:4,2,1,2,115,230,
sale-item:1754,sale:932,744,presentation:750,1,1,1,31,31,
sale-item:1755,sale:933,703,presentation:844,7,1,7,600,4200,
sale-item:1756,sale:934,7,presentation:1043,0.5,40,20,3600,1800,
sale-item:1757,sale:935,1056,presentation:1193,1,1,1,345,345,
sale-item:1758,sale:936,874,presentation:914,1,1,1,72,72,
sale-item:1759,sale:937,957,presentation:1194,1,30,30,5000,5000,
sale-item:1760,sale:938,8,presentation:285,20,1,20,90,1800,
sale-item:1761,sale:939,596,presentation:754,15,1,15,127,1905,
sale-item:1762,sale:940,733,presentation:740,7,1,7,250,1750,
sale-item:1763,sale:940,699,presentation:705,1,40,40,4950,4950,
sale-item:1764,sale:940,284,presentation:287,20,1,20,25,500,
sale-item:1765,sale:941,7,presentation:1043,1.5,40,60,3600,5400,
sale-item:1766,sale:941,5,presentation:4,20,1,20,115,2300,
sale-item:1767,sale:942,735,presentation:1165,1,1,1,1900,1900,
sale-item:1768,sale:943,1054,presentation:1129,3,1,3,65,195,
sale-item:1769,sale:943,297,presentation:305,3,1,3,60,180,
sale-item:1770,sale:943,294,presentation:302,3,1,3,60,180,
sale-item:1771,sale:944,699,presentation:706,5,1,5,125,625,
sale-item:1772,sale:944,8,presentation:285,5,1,5,90,450,
sale-item:1773,sale:945,294,presentation:302,1,1,1,60,60,
sale-item:1774,sale:945,295,presentation:303,3,1,3,37,111,
sale-item:1775,sale:946,5,presentation:3,1,40,40,4600,4600,
sale-item:1776,sale:947,699,presentation:705,1,40,40,4950,4950,
sale-item:1777,sale:948,683,presentation:687,3,1,3,7,21,
sale-item:1778,sale:949,596,presentation:753,1,1,1,19000,19000,
sale-item:1779,sale:949,284,presentation:287,50,1,50,25,1250,
sale-item:1780,sale:949,5,presentation:3,2,40,80,4600,9200,
sale-item:1781,sale:949,293,presentation:301,5,1,5,37,185,
sale-item:1782,sale:949,294,presentation:302,2,1,2,60,120,
sale-item:1783,sale:949,1107,presentation:1198,50,1,50,25,1250,
sale-item:1784,sale:949,703,presentation:844,5,1,5,600,3000,
sale-item:1785,sale:949,853,presentation:893,2,1,2,600,1200,
sale-item:1786,sale:950,913,presentation:954,0.5,1,0.5,480,240,
sale-item:1787,sale:950,703,presentation:844,1,1,1,600,600,
sale-item:1788,sale:950,7,presentation:8,8,1,8,92.5,740,
sale-item:1789,sale:951,283,presentation:286,50,1,50,25,1250,
sale-item:1790,sale:952,7,presentation:1191,1,40,40,3500,3500,
sale-item:1791,sale:953,176,presentation:175,3,1,3,168,504,
sale-item:1792,sale:954,913,presentation:954,1,1,1,480,480,
sale-item:1793,sale:954,852,presentation:892,0.5,1,0.5,450,225,
sale-item:1794,sale:954,699,presentation:706,3,1,3,125,375,
sale-item:1795,sale:955,293,presentation:301,2,1,2,37,74,
sale-item:1796,sale:955,295,presentation:303,1,1,1,37,37,
sale-item:1797,sale:956,913,presentation:1201,1,14,14,14000,14000,
sale-item:1798,sale:957,633,presentation:638,3,1,3,195,585,
sale-item:1799,sale:957,70,presentation:68,1,1,1,31,31,
sale-item:1800,sale:957,1113,presentation:1207,3,1,3,25,75,
sale-item:1801,sale:957,1029,presentation:1094,1,1,1,90,90,
sale-item:1802,sale:957,286,presentation:289,50,1,50,25,1250,
sale-item:1803,sale:957,156,presentation:157,2,1,2,25,50,
sale-item:1804,sale:958,8,presentation:285,30,1,30,90,2700,
sale-item:1805,sale:959,852,presentation:892,7,1,7,450,3150,
sale-item:1806,sale:960,5,presentation:4,1,1,1,115,115,
sale-item:1807,sale:961,957,presentation:1194,1,30,30,5000,5000,
sale-item:1808,sale:962,594,presentation:620,10,1,10,226,2260,
sale-item:1809,sale:962,289,presentation:292,12,1,12,320,3840,
sale-item:1810,sale:963,7,presentation:8,1,1,1,92.5,92.5,
sale-item:1811,sale:964,699,presentation:706,10,1,10,125,1250,
sale-item:1812,sale:965,957,presentation:1088,1,7,7,1800,1800,
sale-item:1813,sale:966,957,presentation:1088,1,7,7,1800,1800,
sale-item:1814,sale:967,7,presentation:1043,1,40,40,3600,3600,
sale-item:1815,sale:968,699,presentation:706,10,1,10,125,1250,
sale-item:1816,sale:968,8,presentation:285,4,1,4,90,360,
sale-item:1817,sale:968,883,presentation:923,1,1,1,115,115,
sale-item:1818,sale:969,781,presentation:818,15,1,15,86,1290,
sale-item:1819,sale:970,980,presentation:1026,7,1,7,95,665,
sale-item:1820,sale:971,5,presentation:3,1,40,40,4600,4600,
sale-item:1821,sale:972,5,presentation:1159,2,40,80,4550,9100,
sale-item:1822,sale:973,913,presentation:954,7,1,7,480,3360,
sale-item:1823,sale:974,957,presentation:1194,1,30,30,5000,5000,
sale-item:1824,sale:975,957,presentation:1194,1,30,30,5000,5000,
sale-item:1825,sale:976,957,presentation:1194,1,30,30,5000,5000,
sale-item:1826,sale:977,957,presentation:1194,1,30,30,5000,5000,
sale-item:1827,sale:978,957,presentation:1194,1,30,30,5000,5000,
sale-item:1828,sale:979,5,presentation:3,1,40,40,4600,4600,
sale-item:1829,sale:980,957,presentation:1194,1,30,30,5000,5000,
sale-item:1830,sale:981,957,presentation:1194,1,30,30,5000,5000,
sale-item:1831,sale:982,957,presentation:1194,1,30,30,5000,5000,
sale-item:1832,sale:983,957,presentation:1194,1,30,30,5000,5000,
sale-item:1833,sale:984,957,presentation:1194,1,30,30,5000,5000,
sale-item:1834,sale:985,957,presentation:1194,1,30,30,5000,5000,
sale-item:1835,sale:986,957,presentation:1194,1,30,30,5000,5000,
sale-item:1836,sale:987,703,presentation:844,4,1,4,600,2400,
sale-item:1837,sale:987,853,presentation:893,3,1,3,600,1800,
sale-item:1838,sale:988,7,presentation:1043,1,40,40,3600,3600,
sale-item:1839,sale:989,884,presentation:924,1,1,1,150,150,
sale-item:1840,sale:989,886,presentation:925,1,1,1,150,150,
sale-item:1841,sale:990,29,presentation:28,1,1,1,1677,1677,
sale-item:1842,sale:991,285,presentation:288,27,1,27,25,675,
sale-item:1843,sale:992,5,presentation:1160,1,40,40,4500,4500,
sale-item:1844,sale:992,6,presentation:1162,1,20,20,3600,3600,
sale-item:1845,sale:993,913,presentation:1115,7,1,7,450,3150,
sale-item:1846,sale:994,596,presentation:754,10,1,10,130,1300,
sale-item:1847,sale:994,699,presentation:705,1,40,40,4950,4950,
sale-item:1848,sale:994,8,presentation:9,1,40,40,3600,3600,
sale-item:1849,sale:994,733,presentation:740,5,1,5,250,1250,
sale-item:1850,sale:994,293,presentation:301,2,1,2,37,74,
sale-item:1851,sale:994,294,presentation:302,2,1,2,60,120,
sale-item:1852,sale:995,703,presentation:844,7,1,7,600,4200,
sale-item:1853,sale:996,5,presentation:1208,1,40,40,4600,4600,
sale-item:1854,sale:997,5,presentation:1208,1,40,40,4600,4600,
sale-item:1855,sale:998,898,presentation:939,3,1,3,22,66,
sale-item:1856,sale:998,116,presentation:114,1,1,1,72,72,
sale-item:1857,sale:998,313,presentation:322,2,1,2,0.5,1,
sale-item:1858,sale:998,602,presentation:606,1,1,1,0.5,0.5,
sale-item:1859,sale:998,313,presentation:322,5,1,5,0.5,2.5,
sale-item:1860,sale:998,1049,presentation:1123,1,1,1,228,228,
sale-item:1861,sale:998,785,presentation:823,1,1,1,30,30,
sale-item:1862,sale:998,557,presentation:569,1,1,1,37,37,
sale-item:1863,sale:998,704,presentation:712,1,1,1,34,34,
sale-item:1864,sale:998,151,presentation:151,1,1,1,139,139,
sale-item:1865,sale:998,832,presentation:872,1,1,1,218,218,
sale-item:1866,sale:998,1101,presentation:1188,3,1,3,29,87,
sale-item:1867,sale:998,1026,presentation:1091,1,1,1,38,38,
sale-item:1868,sale:998,120,presentation:118,1,1,1,168,168,
sale-item:1869,sale:998,612,presentation:615,2,1,2,1,2,
sale-item:1870,sale:998,603,presentation:607,2,1,2,0.5,1,
sale-item:1871,sale:998,442,presentation:449,2,1,2,2.5,5,
sale-item:1872,sale:998,665,presentation:670,1,1,1,23,23,
sale-item:1873,sale:998,442,presentation:449,1,1,1,2.5,2.5,
sale-item:1874,sale:998,1103,presentation:1190,2,1,2,9,18,
sale-item:1875,sale:998,592,presentation:599,8,1,8,0.5,4,
sale-item:1876,sale:998,613,presentation:616,16,1,16,1,16,
sale-item:1877,sale:998,408,presentation:416,1,1,1,1,1,
sale-item:1878,sale:998,455,presentation:462,8,1,8,2,16,
sale-item:1879,sale:998,683,presentation:687,1,1,1,7,7,
sale-item:1880,sale:998,125,presentation:124,1,1,1,122,122,
sale-item:1881,sale:998,557,presentation:569,1,1,1,37,37,
sale-item:1882,sale:998,491,presentation:498,1,1,1,2,2,
sale-item:1883,sale:998,612,presentation:615,1,1,1,1,1,
sale-item:1884,sale:998,406,presentation:414,1,1,1,1,1,
sale-item:1885,sale:998,406,presentation:414,1,1,1,1,1,
sale-item:1886,sale:999,781,presentation:818,7,1,7,86,602,
sale-item:1887,sale:1000,781,presentation:818,20,1,20,86,1720,
sale-item:1888,sale:1001,957,presentation:1194,1,30,30,5000,5000,
sale-item:1889,sale:1002,957,presentation:1194,1,30,30,5000,5000,
sale-item:1890,sale:1003,957,presentation:1194,1,30,30,5000,5000,
sale-item:1891,sale:1004,957,presentation:1194,1,30,30,5000,5000,
sale-item:1892,sale:1005,957,presentation:1194,1,30,30,5000,5000,
sale-item:1893,sale:1006,913,presentation:954,1,1,1,480,480,
sale-item:1894,sale:1006,8,presentation:285,5,1,5,90,450,
sale-item:1895,sale:1007,733,presentation:740,12,1,12,250,3000,
sale-item:1896,sale:1008,699,presentation:706,10,1,10,125,1250,
sale-item:1897,sale:1009,913,presentation:954,7,1,7,480,3360,
sale-item:1898,sale:1009,733,presentation:740,2,1,2,250,500,
sale-item:1899,sale:1010,957,presentation:1194,1,30,30,5000,5000,
sale-item:1900,sale:1011,941,presentation:985,2,1,2,57,114,
sale-item:1901,sale:1012,1056,presentation:1193,1,1,1,345,345,
sale-item:1902,sale:1013,852,presentation:1209,7,1,7,383,2681,
sale-item:1903,sale:1014,987,presentation:1035,1500,1,1500,4,6000,
sale-item:1904,sale:1015,5,presentation:1208,1.5,40,60,4600,6900,
sale-item:1905,sale:1015,283,presentation:286,50,1,50,25,1250,
sale-item:1906,sale:1016,1053,presentation:1127,2,1,2,7,14,
sale-item:1907,sale:1017,294,presentation:302,1,1,1,60,60,
sale-item:1908,sale:1018,733,presentation:740,12,1,12,250,3000,
sale-item:1909,sale:1019,1056,presentation:1193,2,1,2,345,690,
sale-item:1910,sale:1020,293,presentation:301,3,1,3,37,111,
sale-item:1911,sale:1020,880,presentation:920,1,1,1,21,21,
sale-item:1912,sale:1021,852,presentation:892,1.5,1,1.5,450,675,
sale-item:1913,sale:1021,699,presentation:706,10,1,10,125,1250,
sale-item:1914,sale:1022,699,presentation:706,10,1,10,125,1250,
sale-item:1915,sale:1023,5,presentation:3,1,40,40,4700,4700,
sale-item:1916,sale:1023,6,presentation:5,1,20,20,3800,3800,
sale-item:1917,sale:1023,289,presentation:292,20,1,20,320,6400,
sale-item:1918,sale:1024,284,presentation:1128,50,1,50,24.5,1225,
sale-item:1919,sale:1025,8,presentation:285,15,1,15,90,1350,
sale-item:1920,sale:1026,5,presentation:3,1,40,40,4700,4700,
sale-item:1921,sale:1027,5,presentation:4,2,1,2,118,236,
sale-item:1922,sale:1028,913,presentation:954,7,1,7,480,3360,
sale-item:1923,sale:1028,285,presentation:288,50,1,50,25,1250,
sale-item:1924,sale:1029,235,presentation:235,1,1,1,75,75,
sale-item:1925,sale:1029,163,presentation:163,2,1,2,19,38,
sale-item:1926,sale:1030,8,presentation:285,40,1,40,90,3600,
sale-item:1927,sale:1031,5,presentation:1208,1,40,40,4600,4600,
sale-item:1928,sale:1031,6,presentation:1083,1,20,20,3600,3600,
sale-item:1929,sale:1031,283,presentation:286,50,1,50,25,1250,
sale-item:1930,sale:1032,913,presentation:1201,1,14,14,14000,14000,
sale-item:1931,sale:1033,735,presentation:1165,2,1,2,1900,3800,
sale-item:1932,sale:1034,683,presentation:687,2,1,2,7,14,
sale-item:1933,sale:1035,781,presentation:818,25,1,25,88,2200,
sale-item:1934,sale:1036,1053,presentation:1127,2,1,2,7,14,
sale-item:1935,sale:1037,923,presentation:964,1,7,7,2000,2000,
sale-item:1936,sale:1037,8,presentation:9,1,40,40,3600,3600,
sale-item:1937,sale:1037,699,presentation:705,1,40,40,4950,4950,
sale-item:1938,sale:1037,852,presentation:892,1,1,1,450,450,
sale-item:1939,sale:1038,803,presentation:842,1,1,1,74,74,
sale-item:1940,sale:1039,596,presentation:1210,1,150,150,19500,19500,
sale-item:1941,sale:1039,735,presentation:741,1,1,1,1950,1950,
sale-item:1942,sale:1040,995,presentation:1051,13,1,13,56,728,
sale-item:1943,sale:1041,699,presentation:706,5,1,5,125,625,
sale-item:1944,sale:1042,6,presentation:1162,1,20,20,3600,3600,
sale-item:1945,sale:1042,703,presentation:844,14,1,14,600,8400,
sale-item:1946,sale:1042,596,presentation:1130,2,150,300,19000,38000,
sale-item:1947,sale:1042,852,presentation:1203,1,30,30,11500,11500,
sale-item:1948,sale:1043,209,presentation:210,3,1,3,37,111,
sale-item:1949,sale:1043,153,presentation:154,2,1,2,35,70,
sale-item:1950,sale:1043,313,presentation:322,2,1,2,0.5,1,
sale-item:1951,sale:1043,735,presentation:741,1,1,1,1950,1950,
sale-item:1952,sale:1044,6,presentation:1083,1,20,20,3600,3600,
sale-item:1953,sale:1045,8,presentation:285,20,1,20,90,1800,
sale-item:1954,sale:1045,5,presentation:4,10,1,10,118,1180,
sale-item:1955,sale:1046,699,presentation:706,10,1,10,125,1250,
sale-item:1956,sale:1046,8,presentation:285,20,1,20,90,1800,
sale-item:1957,sale:1047,5,presentation:1160,0.5,40,20,4500,2250,
sale-item:1958,sale:1048,5,presentation:4,3,1,3,118,354,
sale-item:1959,sale:1049,897,presentation:938,1,1,1,34,34,
sale-item:1960,sale:1049,683,presentation:687,2,1,2,7,14,
sale-item:1961,sale:1050,148,presentation:148,1,1,1,80,80,
sale-item:1962,sale:1051,957,presentation:1213,1,14,14,2500,2500,
sale-item:1963,sale:1052,5,presentation:1160,1,40,40,4500,4500,
sale-item:1964,sale:1052,6,presentation:1162,2,20,40,3600,7200,
sale-item:1965,sale:1053,1107,presentation:1198,30.5,1,30.5,25,762.5,
sale-item:1966,sale:1054,5,presentation:1159,2,40,80,4650,9300,
sale-item:1967,sale:1055,6,presentation:5,1,20,20,3800,3800,
sale-item:1968,sale:1056,913,presentation:1115,7,1,7,500,3500,
sale-item:1969,sale:1056,923,presentation:965,7,1,7,300,2100,
sale-item:1970,sale:1057,703,presentation:844,7,1,7,600,4200,
sale-item:1971,sale:1057,923,presentation:965,7,1,7,300,2100,
sale-item:1972,sale:1057,6,presentation:5,1,20,20,3800,3800,
sale-item:1973,sale:1058,1024,presentation:1087,1.5,1,1.5,100,150,
sale-item:1974,sale:1059,699,presentation:705,0.5,40,20,4950,2475,
sale-item:1975,sale:1059,8,presentation:285,40,1,40,90,3600,
sale-item:1976,sale:1059,913,presentation:1215,7,1,7,480,3360,
sale-item:1977,sale:1059,284,presentation:287,1,1,1,25,25,
sale-item:1978,sale:1059,733,presentation:740,10,1,10,250,2500,
sale-item:1979,sale:1060,5,presentation:1208,1,40,40,4600,4600,
sale-item:1980,sale:1060,6,presentation:1083,1,20,20,3600,3600,
sale-item:1981,sale:1060,297,presentation:305,3,1,3,60,180,
sale-item:1982,sale:1061,1049,presentation:1123,1,1,1,228,228,
sale-item:1983,sale:1062,913,presentation:954,1,1,1,530,530,
sale-item:1984,sale:1062,703,presentation:844,1,1,1,600,600,
sale-item:1985,sale:1062,852,presentation:892,1,1,1,450,450,
sale-item:1986,sale:1062,699,presentation:706,4,1,4,125,500,
sale-item:1987,sale:1062,8,presentation:285,2,1,2,90,180,
sale-item:1988,sale:1062,733,presentation:740,2,1,2,250,500,
sale-item:1989,sale:1062,780,presentation:976,1,1,1,450,450,
sale-item:1990,sale:1063,780,presentation:811,1,14,14,8100,8100,
sale-item:1991,sale:1064,633,presentation:638,1,1,1,195,195,
sale-item:1992,sale:1064,70,presentation:68,4,1,4,35,140,
sale-item:1993,sale:1064,942,presentation:986,1,1,1,62,62,
sale-item:1994,sale:1065,5,presentation:4,4,1,4,118,472,
sale-item:1995,sale:1065,8,presentation:285,3,1,3,90,270,
sale-item:1996,sale:1066,284,presentation:287,46,1,46,25,1150,
sale-item:1997,sale:1066,110,presentation:109,2,1,2,231,462,
sale-item:1998,sale:1067,6,presentation:1083,1,20,20,3600,3600,
sale-item:1999,sale:1067,5,presentation:1208,1,40,40,4600,4600,
sale-item:2000,sale:1068,309,presentation:316,1,1,1,8,8,
sale-item:2001,sale:1069,703,presentation:1084,1,7,7,4200,4200,
sale-item:2002,sale:1069,1024,presentation:1087,3,1,3,100,300,
sale-item:2003,sale:1070,1047,presentation:1121,1,1,1,100,100,
sale-item:2004,sale:1070,1046,presentation:1120,1,1,1,130,130,
sale-item:2005,sale:1071,284,presentation:287,40,1,40,25,1000,
sale-item:2006,sale:1071,287,presentation:290,25,1,25,23,575,
sale-item:2007,sale:1072,980,presentation:1026,6,1,6,95,570,
sale-item:2008,sale:1073,633,presentation:638,40,1,40,180,7200,
sale-item:2009,sale:1073,237,presentation:238,40,1,40,130,5200,
sale-item:2010,sale:1073,171,presentation:172,20,1,20,7,140,
sale-item:2011,sale:1073,188,presentation:187,20,1,20,11,220,
sale-item:2012,sale:1073,1116,presentation:1218,20,1,20,219,4380,
sale-item:2013,sale:1073,1117,presentation:1219,20,1,20,128,2560,
sale-item:2014,sale:1073,1118,presentation:1220,10,1,10,11,110,
sale-item:2015,sale:1073,260,presentation:261,20,1,20,11,220,
sale-item:2016,sale:1073,1119,presentation:1221,15,1,15,15,225,
sale-item:2017,sale:1073,83,presentation:82,15,1,15,14,210,
sale-item:2018,sale:1073,190,presentation:192,15,1,15,11,165,
sale-item:2019,sale:1073,41,presentation:41,15,1,15,8,120,
sale-item:2020,sale:1073,1109,presentation:1200,2,1,2,139,278,
sale-item:2021,sale:1073,993,presentation:1216,2,1,2,1150,2300,
sale-item:2022,sale:1073,992,presentation:1217,2,1,2,720,1440,
sale-item:2023,sale:1074,284,presentation:287,30,1,30,25,750,
sale-item:2024,sale:1075,5,presentation:3,3,40,120,4700,14100,
sale-item:2025,sale:1075,261,presentation:266,2,1,2,19,38,
sale-item:2026,sale:1075,633,presentation:638,3,1,3,180,540,
sale-item:2027,sale:1076,8,presentation:285,30,1,30,90,2700,
sale-item:2028,sale:1076,5,presentation:4,30,1,30,118,3540,
sale-item:2029,sale:1076,1024,presentation:1087,1.5,1,1.5,100,150,
sale-item:2030,sale:1077,669,presentation:673,10,1,10,9,90,
sale-item:2031,sale:1077,776,presentation:806,2,1,2,72,144,
sale-item:2032,sale:1077,736,presentation:742,1,1,1,104,104,
sale-item:2033,sale:1078,7,presentation:1043,1,40,40,3600,3600,
sale-item:2034,sale:1079,6,presentation:6,9,1,9,190,1710,
sale-item:2035,sale:1080,5,presentation:1208,1,40,40,4600,4600,
sale-item:2036,sale:1081,5,presentation:1160,0.5,40,20,4500,2250,
sale-item:2037,sale:1082,6,presentation:1162,1,20,20,3600,3600,
sale-item:2038,sale:1082,780,presentation:975,1,7,7,3150,3150,
sale-item:2039,sale:1083,5,presentation:3,1,40,40,4700,4700,
sale-item:2040,sale:1084,6,presentation:1162,1,20,20,3600,3600,
sale-item:2041,sale:1084,5,presentation:1160,1,40,40,4500,4500,
sale-item:2042,sale:1084,287,presentation:1132,20,1,20,22.5,450,
sale-item:2043,sale:1084,284,presentation:1128,10,1,10,24.5,245,
sale-item:2044,sale:1085,176,presentation:175,1,1,1,168,168,
sale-item:2045,sale:1086,699,presentation:706,20,1,20,125,2500,
sale-item:2046,sale:1086,8,presentation:285,5,1,5,90,450,
sale-item:2047,sale:1087,278,presentation:279,47,1,47,7,329,
sale-item:2048,sale:1087,265,presentation:264,19,1,19,13,247,
sale-item:2049,sale:1087,294,presentation:302,10,1,10,60,600,
sale-item:2050,sale:1088,846,presentation:886,1,1,1,158,158,
sale-item:2051,sale:1089,733,presentation:740,7,1,7,250,1750,
sale-item:2052,sale:1090,8,presentation:285,30,1,30,90,2700,
sale-item:2053,sale:1090,1029,presentation:1094,1,1,1,90,90,
sale-item:2054,sale:1091,287,presentation:290,150,1,150,23,3450,
sale-item:2055,sale:1091,284,presentation:287,100,1,100,25,2500,
sale-item:2056,sale:1091,980,presentation:1026,10,1,10,95,950,
sale-item:2057,sale:1092,567,presentation:573,101,1,101,1,101,
sale-item:2058,sale:1093,567,presentation:573,100,1,100,1,100,
sale-item:2059,sale:1094,163,presentation:163,2,1,2,19,38,
sale-item:2060,sale:1094,1037,presentation:1105,2,1,2,57,114,
sale-item:2061,sale:1094,1050,presentation:1124,1,1,1,95,95,
sale-item:2062,sale:1095,780,presentation:976,3,1,3,450,1350,
sale-item:2063,sale:1095,913,presentation:954,2,1,2,530,1060,
sale-item:2064,sale:1095,733,presentation:740,2,1,2,250,500,
sale-item:2065,sale:1096,5,presentation:1208,1,40,40,4600,4600,
sale-item:2066,sale:1097,572,presentation:578,2,1,2,9.5,19,
sale-item:2067,sale:1098,6,presentation:6,29,1,29,190,5510,
sale-item:2068,sale:1099,735,presentation:741,1,1,1,1950,1950,
sale-item:2069,sale:1100,237,presentation:238,1,1,1,130,130,
sale-item:2070,sale:1100,171,presentation:172,2,1,2,7,14,
sale-item:2071,sale:1100,942,presentation:986,1,1,1,62,62,
sale-item:2072,sale:1101,703,presentation:844,1,1,1,600,600,
sale-item:2073,sale:1101,852,presentation:892,1,1,1,450,450,
sale-item:2074,sale:1101,4,presentation:2,10,1,10,230,2300,
sale-item:2075,sale:1102,703,presentation:844,4,1,4,600,2400,
sale-item:2076,sale:1102,853,presentation:893,3,1,3,600,1800,
sale-item:2077,sale:1103,781,presentation:818,20,1,20,88,1760,
sale-item:2078,sale:1103,703,presentation:844,1,1,1,600,600,
sale-item:2079,sale:1103,4,presentation:1222,0.5,1,0.5,3500,1750,
sale-item:2080,sale:1104,781,presentation:818,50,1,50,88,4400,
sale-item:2081,sale:1105,1056,presentation:1193,2,1,2,345,690,
sale-item:2082,sale:1106,287,presentation:1132,100,1,100,22.5,2250,
sale-item:2083,sale:1106,284,presentation:1128,50,1,50,24.5,1225,
sale-item:2084,sale:1106,596,presentation:1130,1,150,150,19000,19000,
sale-item:2085,sale:1107,833,presentation:873,3,1,3,40,120,
sale-item:2086,sale:1107,302,presentation:309,3,1,3,19,57,
sale-item:2087,sale:1108,945,presentation:989,5,1,5,550,2750,
sale-item:2088,sale:1108,670,presentation:674,10,1,10,18,180,
sale-item:2089,sale:1108,1116,presentation:1218,20,1,20,219,4380,
sale-item:2090,sale:1108,1117,presentation:1219,20,1,20,128,2560,
sale-item:2091,sale:1108,85,presentation:84,10,1,10,7,70,
sale-item:2092,sale:1108,1119,presentation:1221,30,1,30,15,450,
sale-item:2093,sale:1108,83,presentation:82,50,1,50,14,700,
sale-item:2094,sale:1108,41,presentation:41,13,1,13,8,104,
sale-item:2095,sale:1108,190,presentation:192,15,1,15,11,165,
sale-item:2096,sale:1108,971,presentation:1017,50,1,50,0.5,25,
sale-item:2097,sale:1108,664,presentation:669,10,1,10,9,90,
sale-item:2098,sale:1108,678,presentation:682,10,1,10,12.5,125,
sale-item:2099,sale:1109,156,presentation:157,11,1,11,25,275,
sale-item:2100,sale:1110,1098,presentation:1183,1,1,1,215,215,
sale-item:2101,sale:1111,293,presentation:301,7,1,7,37,259,
sale-item:2102,sale:1112,703,presentation:844,7,1,7,600,4200,
sale-item:2103,sale:1113,883,presentation:923,10,1,10,115,1150,
sale-item:2104,sale:1113,1014,presentation:1073,6,1,6,97,582,
sale-item:2105,sale:1114,5,presentation:3,1,40,40,4700,4700,
sale-item:2106,sale:1114,7,presentation:7,1,40,40,3800,3800,
sale-item:2107,sale:1115,4,presentation:2,11,1,11,235,2585,
sale-item:2108,sale:1116,1120,presentation:1223,14,1,14,370,5180,
sale-item:2109,sale:1117,883,presentation:923,9,1,9,115,1035,
sale-item:2110,sale:1118,1121,presentation:1224,5,1,5,62,310,
sale-item:2111,sale:1118,1122,presentation:1225,10,1,10,35,350,
sale-item:2112,sale:1118,41,presentation:41,7,1,7,11,77,
sale-item:2113,sale:1118,992,presentation:1217,3,1,3,720,2160,
sale-item:2114,sale:1118,993,presentation:1216,2,1,2,1150,2300,
sale-item:2115,sale:1118,1123,presentation:1226,15,1,15,8,120,
sale-item:2116,sale:1118,156,presentation:157,9,1,9,25,225,
sale-item:2117,sale:1118,634,presentation:639,15,1,15,9,135,
sale-item:2118,sale:1118,680,presentation:684,15,1,15,13,195,
sale-item:2119,sale:1118,296,presentation:304,4,1,4,37,148,
sale-item:2120,sale:1119,594,presentation:620,2,1,2,232,464,
sale-item:2121,sale:1119,596,presentation:754,1,1,1,130,130,
sale-item:2122,sale:1119,780,presentation:976,1,1,1,450,450,
sale-item:2123,sale:1120,5,presentation:4,6,1,6,118,708,
sale-item:2124,sale:1120,7,presentation:8,6,1,6,95,570,
sale-item:2125,sale:1121,110,presentation:109,1,1,1,231,231,
sale-item:2126,sale:1122,923,presentation:964,1,7,7,2000,2000,
sale-item:2127,sale:1123,5,presentation:4,20,1,20,118,2360,
sale-item:2128,sale:1123,289,presentation:292,15,1,15,320,4800,
sale-item:2129,sale:1124,699,presentation:706,20,1,20,125,2500,
sale-item:2130,sale:1125,5,presentation:1208,1,40,40,4600,4600,
sale-item:2131,sale:1125,7,presentation:1043,1,40,40,3600,3600,
sale-item:2132,sale:1126,284,presentation:287,1,1,1,25,25,
sale-item:2133,sale:1127,913,presentation:954,2,1,2,530,1060,
sale-item:2134,sale:1127,1024,presentation:1087,1.5,1,1.5,100,150,
sale-item:2135,sale:1128,781,presentation:818,20,1,20,88,1760,
sale-item:2136,sale:1129,171,presentation:172,4,1,4,7,28,
sale-item:2137,sale:1129,260,presentation:261,6,1,6,11,66,
sale-item:2138,sale:1129,233,presentation:234,1,1,1,10,10,
sale-item:2139,sale:1130,8,presentation:285,10,1,10,90,900,
sale-item:2140,sale:1130,5,presentation:4,10,1,10,118,1180,
sale-item:2141,sale:1130,780,presentation:976,3,1,3,450,1350,
sale-item:2142,sale:1130,913,presentation:954,1,1,1,530,530,
sale-item:2143,sale:1131,913,presentation:954,0.5,1,0.5,530,265,
sale-item:2144,sale:1131,1036,presentation:1104,1,1,1,80,80,
sale-item:2145,sale:1132,5,presentation:4,6,1,6,118,708,
sale-item:2146,sale:1133,852,presentation:1203,1,30,30,11500,11500,
sale-item:2147,sale:1134,852,presentation:1203,1,30,30,11500,11500,
sale-item:2148,sale:1135,852,presentation:1203,1,30,30,11500,11500,
sale-item:2149,sale:1136,703,presentation:711,1,30,30,16000,16000,
sale-item:2150,sale:1137,852,presentation:1203,1,30,30,11500,11500,
sale-item:2151,sale:1138,587,presentation:593,1,1,1,0.56,0.56,
sale-item:2152,sale:1138,375,presentation:383,1,1,1,1,1,
sale-item:2153,sale:1138,1103,presentation:1190,2,1,2,9,18,
sale-item:2154,sale:1138,614,presentation:617,2,1,2,1,2,
sale-item:2155,sale:1138,302,presentation:309,1,1,1,19,19,
sale-item:2156,sale:1138,460,presentation:468,2,1,2,0.5,1,
sale-item:2157,sale:1138,623,presentation:628,4,1,4,0.5,2,
sale-item:2158,sale:1138,785,presentation:823,1,1,1,30,30,
sale-item:2159,sale:1138,639,presentation:644,1,1,1,9,9,
sale-item:2160,sale:1138,603,presentation:607,1,1,1,0.5,0.5,
sale-item:2161,sale:1138,546,presentation:552,2,1,2,1,2,
sale-item:2162,sale:1138,1046,presentation:1120,1,1,1,130,130,
sale-item:2163,sale:1138,803,presentation:842,1,1,1,74,74,
sale-item:2164,sale:1138,1101,presentation:1188,3,1,3,29,87,
sale-item:2165,sale:1138,281,presentation:282,10,1,10,16,160,
sale-item:2166,sale:1138,909,presentation:950,1,1,1,114,114,
sale-item:2167,sale:1138,313,presentation:322,11,1,11,0.5,5.5,
sale-item:2168,sale:1138,325,presentation:332,1,1,1,4,4,
sale-item:2169,sale:1138,785,presentation:823,1,1,1,30,30,
sale-item:2170,sale:1138,325,presentation:332,1,1,1,4,4,
sale-item:2171,sale:1138,121,presentation:120,1,1,1,168,168,
sale-item:2172,sale:1138,1103,presentation:1190,1,1,1,9,9,
sale-item:2173,sale:1138,316,presentation:323,1,1,1,7,7,
sale-item:2174,sale:1138,1125,presentation:1227,1,1,1,146,146,
sale-item:2175,sale:1138,1081,presentation:1166,1,1,1,173,173,
sale-item:2176,sale:1138,605,presentation:609,1,1,1,1,1,
sale-item:2177,sale:1138,494,presentation:501,1,1,1,7,7,
sale-item:2178,sale:1139,883,presentation:923,3,1,3,115,345,
sale-item:2179,sale:1139,284,presentation:287,4,1,4,25,100,
sale-item:2180,sale:1140,781,presentation:818,30,1,30,88,2640,
sale-item:2181,sale:1141,852,presentation:1203,1,30,30,11500,11500,
sale-item:2182,sale:1142,852,presentation:1203,1,30,30,11500,11500,
sale-item:2183,sale:1143,852,presentation:1203,1,30,30,11500,11500,
sale-item:2184,sale:1144,852,presentation:1203,1,30,30,11500,11500,
sale-item:2185,sale:1145,852,presentation:1203,1,30,30,11500,11500,
sale-item:2186,sale:1146,703,presentation:1084,1,7,7,4200,4200,
sale-item:2187,sale:1147,883,presentation:923,5,1,5,115,575,
sale-item:2188,sale:1148,4,presentation:2,3,1,3,235,705,
sale-item:2189,sale:1149,959,presentation:1004,4,1,4,583,2332,
sale-item:2190,sale:1149,27,presentation:26,5,1,5,58,290,
sale-item:2191,sale:1149,960,presentation:1005,2,1,2,34,68,
sale-item:2192,sale:1149,942,presentation:986,1,1,1,62,62,
sale-item:2193,sale:1150,7,presentation:1043,1,40,40,3600,3600,
sale-item:2194,sale:1151,7,presentation:1043,1,40,40,3600,3600,
sale-item:2195,sale:1152,5,presentation:1160,0.5,40,20,4500,2250,
sale-item:2196,sale:1153,5,presentation:1160,1,40,40,4500,4500,
sale-item:2197,sale:1153,7,presentation:1191,1,40,40,3600,3600,
sale-item:2198,sale:1153,287,presentation:1132,20,1,20,22.5,450,
sale-item:2199,sale:1153,284,presentation:1128,10,1,10,24.5,245,
sale-item:2200,sale:1153,596,presentation:754,15,1,15,130,1950,
sale-item:2201,sale:1154,981,presentation:1027,3,1,3,80,240,
sale-item:2202,sale:1154,284,presentation:287,4,1,4,25,100,
sale-item:2203,sale:1155,9,presentation:16,3,1,3,37,111,
sale-item:2204,sale:1155,141,presentation:141,1,1,1,30,30,
sale-item:2205,sale:1155,119,presentation:119,1,1,1,8,8,
sale-item:2206,sale:1155,250,presentation:251,10,1,10,5,50,
sale-item:2207,sale:1155,72,presentation:70,4,1,4,8,32,
sale-item:2208,sale:1155,232,presentation:1033,1,1,1,20,20,
sale-item:2209,sale:1156,987,presentation:1035,3600,1,3600,4,14400,
sale-item:2210,sale:1157,987,presentation:1035,1800,1,1800,4,7200,
sale-item:2211,sale:1158,645,presentation:650,4,1,4,5.5,22,
sale-item:2212,sale:1159,883,presentation:923,5,1,5,115,575,
sale-item:2213,sale:1160,699,presentation:706,10,1,10,125,1250,
sale-item:2214,sale:1160,900,presentation:941,1,1,1,17,17,
sale-item:2215,sale:1161,791,presentation:829,2,1,2,65,130,
sale-item:2216,sale:1161,189,presentation:189,20,1,20,3,60,
sale-item:2217,sale:1161,294,presentation:302,7,1,7,60,420,
sale-item:2218,sale:1162,232,presentation:232,2,1,2,117,234,
sale-item:2219,sale:1162,232,presentation:1033,10,1,10,20,200,
sale-item:2220,sale:1163,703,presentation:844,3.5,1,3.5,600,2100,
sale-item:2221,sale:1164,736,presentation:742,1,1,1,104,104,
sale-item:2222,sale:1165,5,presentation:1208,1,40,40,4600,4600,
sale-item:2223,sale:1165,7,presentation:1043,1,40,40,3600,3600,
sale-item:2224,sale:1165,278,presentation:279,50,1,50,8,400,
sale-item:2225,sale:1166,5,presentation:1159,2,40,80,4650,9300,
sale-item:2226,sale:1167,7,presentation:7,1,40,40,3800,3800,
sale-item:2227,sale:1168,596,presentation:1130,2,150,300,19000,38000,
sale-item:2228,sale:1168,284,presentation:1128,100,1,100,24.5,2450,
sale-item:2229,sale:1168,287,presentation:1132,100,1,100,22.5,2250,
sale-item:2230,sale:1169,9,presentation:16,2,1,2,37,74,
sale-item:2231,sale:1170,703,presentation:844,1.5,1,1.5,600,900,
sale-item:2232,sale:1170,852,presentation:892,1,1,1,450,450,
sale-item:2233,sale:1170,5,presentation:4,6,1,6,118,708,
sale-item:2234,sale:1171,703,presentation:711,1,30,30,16000,16000,
sale-item:2235,sale:1172,5,presentation:3,1,40,40,4700,4700,
sale-item:2236,sale:1173,913,presentation:954,7,1,7,530,3710,
sale-item:2237,sale:1174,286,presentation:289,45,1,45,25,1125,
sale-item:2238,sale:1174,1024,presentation:1087,1.5,1,1.5,100,150,
sale-item:2239,sale:1175,1024,presentation:1087,0.5,1,0.5,100,50,
sale-item:2240,sale:1176,304,presentation:311,1,1,1,18,18,
sale-item:2241,sale:1177,913,presentation:954,0.5,1,0.5,530,265,
sale-item:2242,sale:1177,699,presentation:706,5,1,5,125,625,
sale-item:2243,sale:1177,8,presentation:285,5,1,5,90,450,
sale-item:2244,sale:1178,852,presentation:1203,1,30,30,11500,11500,
sale-item:2245,sale:1179,148,presentation:148,1,1,1,80,80,
sale-item:2246,sale:1180,699,presentation:705,1,40,40,4950,4950,
sale-item:2247,sale:1180,8,presentation:9,1,40,40,3600,3600,
sale-item:2248,sale:1181,669,presentation:673,10,1,10,9,90,
sale-item:2249,sale:1182,699,presentation:706,4,1,4,125,500,
sale-item:2250,sale:1182,8,presentation:285,4,1,4,90,360,
sale-item:2251,sale:1183,980,presentation:1026,1,1,1,98,98,
sale-item:2252,sale:1184,780,presentation:1234,1,7,7,3000,3000,
sale-item:2253,sale:1185,5,presentation:1235,5,40,200,4600,23000,
sale-item:2254,sale:1185,7,presentation:1236,5,40,200,3600,18000,
sale-item:2255,sale:1186,1109,presentation:1200,1,1,1,139,139,
sale-item:2256,sale:1186,294,presentation:302,1,1,1,60,60,
sale-item:2257,sale:1186,293,presentation:301,5,1,5,37,185,
sale-item:2258,sale:1186,284,presentation:287,20,1,20,25,500,
sale-item:2259,sale:1186,188,presentation:187,4,1,4,11,44,
sale-item:2260,sale:1187,987,presentation:1110,1500,1,1500,3.9,5850,
sale-item:2261,sale:1187,987,presentation:1110,1500,1,1500,3.9,5850,
sale-item:2262,sale:1188,1132,presentation:1237,1,30,30,8500,8500,
sale-item:2263,sale:1189,1132,presentation:1237,1,30,30,8500,8500,
sale-item:2264,sale:1190,1132,presentation:1237,1,30,30,8500,8500,
sale-item:2265,sale:1191,1132,presentation:1237,1,30,30,8500,8500,
sale-item:2266,sale:1192,1132,presentation:1237,1,30,30,8500,8500,
sale-item:2267,sale:1193,7,presentation:1043,2,40,80,3600,7200,
sale-item:2268,sale:1194,699,presentation:706,6,1,6,125,750,
sale-item:2269,sale:1194,5,presentation:4,1,1,1,118,118,
sale-item:2270,sale:1195,781,presentation:818,20,1,20,88,1760,
sale-item:2271,sale:1196,694,presentation:698,44,1,44,42,1848,
sale-item:2272,sale:1196,1133,presentation:1238,6,1,6,44,264,
sale-item:2273,sale:1196,1130,presentation:1232,3,1,3,30,90,
sale-item:2274,sale:1196,1131,presentation:1233,7,1,7,30,210,
sale-item:2275,sale:1196,1129,presentation:1231,3,1,3,16,48,
sale-item:2276,sale:1196,302,presentation:309,2,1,2,19,38,
sale-item:2277,sale:1196,325,presentation:332,2,1,2,4,8,
sale-item:2278,sale:1197,5,presentation:3,4,40,160,4700,18800,
sale-item:2279,sale:1198,5,presentation:3,1,40,40,4700,4700,
sale-item:2280,sale:1199,703,presentation:1084,1,7,7,4200,4200,
sale-item:2281,sale:1200,987,presentation:1035,1000,1,1000,4,4000,
sale-item:2282,sale:1201,8,presentation:285,10,1,10,90,900,
sale-item:2283,sale:1201,880,presentation:920,3,1,3,21,63,
sale-item:2284,sale:1202,883,presentation:923,2,1,2,115,230,
sale-item:2285,sale:1203,5,presentation:3,1,40,40,4700,4700,
sale-item:2286,sale:1203,8,presentation:9,1,40,40,3600,3600,
sale-item:2287,sale:1204,7,presentation:1043,1,40,40,3600,3600,
sale-item:2288,sale:1204,7,presentation:1043,1,40,40,3600,3600,
sale-item:2289,sale:1205,5,presentation:1208,1,40,40,4600,4600,
sale-item:2290,sale:1205,7,presentation:1043,1,40,40,3600,3600,
sale-item:2291,sale:1206,803,presentation:842,1,1,1,74,74,
sale-item:2292,sale:1207,5,presentation:1240,2,40,80,4350,8700,
sale-item:2293,sale:1208,230,presentation:230,1,1,1,13,13,
sale-item:2294,sale:1208,236,presentation:236,2,1,2,16,32,
sale-item:2295,sale:1209,1050,presentation:1124,1,1,1,95,95,
sale-item:2296,sale:1210,6,presentation:5,1,20,20,3800,3800,
sale-item:2297,sale:1210,7,presentation:7,1,40,40,3800,3800,
sale-item:2298,sale:1211,780,presentation:976,1,1,1,450,450,
sale-item:2299,sale:1211,594,presentation:620,3,1,3,232,696,
sale-item:2300,sale:1211,596,presentation:754,1,1,1,130,130,
sale-item:2301,sale:1212,284,presentation:287,3,1,3,25,75,
sale-item:2302,sale:1213,7,presentation:1043,2,40,80,3600,7200,
sale-item:2303,sale:1214,278,presentation:279,50,1,50,8,400,
sale-item:2304,sale:1214,294,presentation:302,5,1,5,60,300,
sale-item:2305,sale:1215,780,presentation:976,0.5,1,0.5,450,225,
sale-item:2306,sale:1216,780,presentation:976,0.5,1,0.5,450,225,
sale-item:2307,sale:1217,913,presentation:954,1,1,1,530,530,
sale-item:2308,sale:1217,780,presentation:976,1,1,1,450,450,
sale-item:2309,sale:1217,8,presentation:285,6,1,6,90,540,
sale-item:2310,sale:1217,5,presentation:4,4,1,4,118,472,
sale-item:2311,sale:1218,594,presentation:620,10,1,10,232,2320,
sale-item:2312,sale:1219,1028,presentation:1093,1,1,1,148,148,
sale-item:2313,sale:1220,8,presentation:9,2,40,80,3600,7200,
sale-item:2314,sale:1220,987,presentation:1042,2,1000,2000,4000,8000,
sale-item:2315,sale:1220,703,presentation:844,4,1,4,600,2400,
sale-item:2316,sale:1221,653,presentation:658,1,1,1,6,6,
sale-item:2317,sale:1222,736,presentation:742,1,1,1,104,104,
sale-item:2318,sale:1223,683,presentation:687,10,1,10,7,70,
sale-item:2319,sale:1224,923,presentation:1249,1,14,14,4000,4000,
sale-item:2320,sale:1225,669,presentation:673,10,1,10,9,90,
sale-item:2321,sale:1225,1052,presentation:1126,1,1,1,9,9,
sale-item:2322,sale:1226,1141,presentation:1250,1,40,40,4700,4700,
sale-item:2323,sale:1227,1141,presentation:1255,2,40,80,4650,9300,
sale-item:2324,sale:1228,1052,presentation:1126,2,1,2,9,18,
sale-item:2325,sale:1229,981,presentation:1027,40,1,40,80,3200,
sale-item:2326,sale:1230,703,presentation:844,3.5,1,3.5,600,2100,
sale-item:2327,sale:1230,1141,presentation:1251,12,1,12,118,1416,
sale-item:2328,sale:1231,7,presentation:1043,1,40,40,3600,3600,
sale-item:2329,sale:1232,286,presentation:289,105,1,105,25,2625,
sale-item:2330,sale:1232,1107,presentation:1198,22,1,22,25,550,
sale-item:2331,sale:1232,283,presentation:286,10,1,10,25,250,
sale-item:2332,sale:1232,284,presentation:287,50,1,50,25,1250,
sale-item:2333,sale:1232,1141,presentation:1250,2,40,80,4700,9400,
sale-item:2334,sale:1232,8,presentation:285,10,1,10,90,900,
sale-item:2335,sale:1232,188,presentation:187,2,1,2,11,22,
sale-item:2336,sale:1233,287,presentation:1132,100,1,100,22.5,2250,
sale-item:2337,sale:1233,284,presentation:1128,50,1,50,24.5,1225,
sale-item:2338,sale:1233,596,presentation:1130,0.5,150,75,19000,9500,
sale-item:2339,sale:1234,287,presentation:290,20,1,20,23,460,
sale-item:2340,sale:1234,284,presentation:1128,10,1,10,24.5,245,
sale-item:2341,sale:1234,596,presentation:754,10,1,10,130,1300,
sale-item:2342,sale:1235,1141,presentation:1252,0.5,40,20,4500,2250,
sale-item:2343,sale:1235,735,presentation:741,1,1,1,1950,1950,
sale-item:2344,sale:1236,781,presentation:818,25,1,25,88,2200,
sale-item:2345,sale:1237,1141,presentation:1254,2,40,80,4600,9200,
sale-item:2346,sale:1237,7,presentation:1043,1,40,40,3600,3600,
sale-item:2347,sale:1238,1141,presentation:1250,1,40,40,4700,4700,
sale-item:2348,sale:1239,703,presentation:844,7,1,7,600,4200,
sale-item:2349,sale:1240,703,presentation:844,2,1,2,600,1200,
sale-item:2350,sale:1240,852,presentation:892,1,1,1,450,450,
sale-item:2351,sale:1240,1141,presentation:1251,10,1,10,118,1180,
sale-item:2352,sale:1241,703,presentation:1084,1,7,7,4200,4200,
sale-item:2353,sale:1241,913,presentation:1115,7,1,7,500,3500,
sale-item:2354,sale:1242,1133,presentation:1238,5,1,5,44,220,
sale-item:2355,sale:1242,669,presentation:673,10,1,10,9,90,
sale-item:2356,sale:1243,6,presentation:5,1,20,20,3800,3800,
sale-item:2357,sale:1244,1141,presentation:1255,2,40,80,4650,9300,
sale-item:2358,sale:1244,980,presentation:1026,10,1,10,98,980,
sale-item:2359,sale:1245,1141,presentation:1251,15,1,15,118,1770,
sale-item:2360,sale:1245,8,presentation:285,2,1,2,90,180,
sale-item:2361,sale:1245,545,presentation:550,1,1,1,366,366,
sale-item:2362,sale:1245,733,presentation:740,2,1,2,294,588,
sale-item:2363,sale:1246,980,presentation:1026,50,1,50,98,4900,
sale-item:2364,sale:1247,7,presentation:1043,2,40,80,3600,7200,
sale-item:2365,sale:1248,7,presentation:1043,1,40,40,3600,3600,
sale-item:2366,sale:1249,703,presentation:844,1,1,1,600,600,
sale-item:2367,sale:1250,669,presentation:673,10,1,10,9,90,
sale-item:2368,sale:1251,1114,presentation:1211,1,1,1,100,100,
sale-item:2369,sale:1252,703,presentation:844,1.5,1,1.5,600,900,
sale-item:2370,sale:1252,913,presentation:954,1,1,1,530,530,
sale-item:2371,sale:1252,852,presentation:892,0.5,1,0.5,450,225,
sale-item:2372,sale:1252,1024,presentation:1087,2,1,2,100,200,
sale-item:2373,sale:1253,1141,presentation:1251,10,1,10,118,1180,
sale-item:2374,sale:1253,852,presentation:892,0.5,1,0.5,450,225,
sale-item:2375,sale:1254,780,presentation:975,1,7,7,3150,3150,
sale-item:2376,sale:1254,923,presentation:964,1,7,7,2000,2000,
sale-item:2377,sale:1255,733,presentation:740,5,1,5,294,1470,
sale-item:2378,sale:1256,1053,presentation:1127,2,1,2,7,14,
sale-item:2379,sale:1257,981,presentation:1027,20,1,20,83,1660,
sale-item:2380,sale:1258,942,presentation:986,1,1,1,62,62,
sale-item:2381,sale:1259,951,presentation:995,1,1,1,49,49,
sale-item:2382,sale:1260,1141,presentation:1250,1,40,40,4700,4700,
sale-item:2383,sale:1260,596,presentation:754,2,1,2,130,260,
sale-item:2384,sale:1261,7,presentation:1043,1,40,40,3600,3600,
sale-item:2385,sale:1262,1141,presentation:1255,2,40,80,4650,9300,
sale-item:2386,sale:1263,7,presentation:1043,2,40,80,3600,7200,
sale-item:2387,sale:1264,669,presentation:673,10,1,10,9,90,
sale-item:2388,sale:1264,1101,presentation:1188,1,1,1,29,29,
sale-item:2389,sale:1265,1141,presentation:1252,0.5,40,20,4500,2250,
sale-item:2390,sale:1265,7,presentation:1191,1,40,40,3600,3600,
sale-item:2391,sale:1265,284,presentation:1128,3,1,3,24.5,73.5,
sale-item:2392,sale:1265,923,presentation:965,3,1,3,300,900,
sale-item:2393,sale:1265,852,presentation:892,1,1,1,450,450,
sale-item:2394,sale:1265,697,presentation:700,4,1,4,142,568,
sale-item:2395,sale:1266,780,presentation:976,1,1,1,450,450,
sale-item:2396,sale:1266,1141,presentation:1251,5,1,5,118,590,
sale-item:2397,sale:1267,6,presentation:1162,1,20,20,3600,3600,
sale-item:2398,sale:1267,1141,presentation:1252,1,40,40,4500,4500,
sale-item:2399,sale:1267,596,presentation:754,10,1,10,130,1300,
sale-item:2400,sale:1267,287,presentation:1132,30,1,30,22.5,675,
sale-item:2401,sale:1267,284,presentation:1128,10,1,10,24.5,245,
sale-item:2402,sale:1268,992,presentation:1217,1,1,1,720,720,
sale-item:2403,sale:1268,209,presentation:210,3,1,3,37,111,
sale-item:2404,sale:1269,1148,presentation:1264,1,30,30,11300,11300,
sale-item:2405,sale:1270,703,presentation:844,14,1,14,600,8400,
sale-item:2406,sale:1271,1053,presentation:1127,2,1,2,7,14,
sale-item:2407,sale:1272,284,presentation:287,30,1,30,25,750,
sale-item:2408,sale:1273,683,presentation:687,10,1,10,7,70,
sale-item:2409,sale:1274,1141,presentation:1254,2,40,80,4600,9200,
sale-item:2410,sale:1275,1148,presentation:1264,1,30,30,11300,11300,
sale-item:2411,sale:1276,1148,presentation:1264,1,30,30,11300,11300,
sale-item:2412,sale:1277,1148,presentation:1264,1,30,30,11300,11300,
sale-item:2413,sale:1278,942,presentation:986,1,1,1,62,62,
sale-item:2414,sale:1278,1140,presentation:1248,1,1,1,274,274,
sale-item:2415,sale:1279,1149,presentation:1265,1,1,1,2262,2262,
sale-item:2416,sale:1280,244,presentation:245,4,1,4,13,52,
sale-item:2417,sale:1281,981,presentation:1027,20,1,20,83,1660,
sale-item:2418,sale:1282,923,presentation:1249,1,14,14,4000,4000,
sale-item:2419,sale:1283,1141,presentation:1251,20,1,20,118,2360,
sale-item:2420,sale:1283,293,presentation:301,1,1,1,37,37,
sale-item:2421,sale:1283,294,presentation:302,0.5,1,0.5,60,30,
sale-item:2422,sale:1284,8,presentation:285,1,1,1,90,90,
sale-item:2423,sale:1285,1148,presentation:1264,1,30,30,11300,11300,
sale-item:2424,sale:1286,1148,presentation:1264,1,30,30,11300,11300,
sale-item:2425,sale:1287,1148,presentation:1264,1,30,30,11300,11300,
sale-item:2426,sale:1288,951,presentation:995,1,1,1,49,49,
sale-item:2427,sale:1289,1148,presentation:1264,1,30,30,11300,11300,
sale-item:2428,sale:1290,957,presentation:1194,1,30,30,5000,5000,
sale-item:2429,sale:1291,594,presentation:620,15,1,15,232,3480,
sale-item:2430,sale:1291,284,presentation:287,20,1,20,25,500,
sale-item:2431,sale:1291,669,presentation:673,4,1,4,9,36,
sale-item:2432,sale:1291,287,presentation:290,50,1,50,23,1150,
sale-item:2433,sale:1292,288,presentation:291,20,1,20,200,4000,
sale-item:2434,sale:1293,289,presentation:292,20,1,20,320,6400,
sale-item:2435,sale:1294,733,presentation:740,20,1,20,294,5880,
sale-item:2436,sale:1295,1141,presentation:1250,2,40,80,4700,9400,
sale-item:2437,sale:1295,596,presentation:754,20,1,20,135,2700,
sale-item:2438,sale:1295,284,presentation:287,5,1,5,25,125,
sale-item:2439,sale:1295,293,presentation:301,5,1,5,37,185,
sale-item:2440,sale:1296,284,presentation:287,5,1,5,25,125,
sale-item:2441,sale:1297,287,presentation:1132,100,1,100,22.5,2250,
sale-item:2442,sale:1297,284,presentation:1128,100,1,100,24.5,2450,
sale-item:2443,sale:1297,596,presentation:1280,105,1,105,130,13650,
sale-item:2444,sale:1298,327,presentation:334,1,1,1,5,5,
sale-item:2445,sale:1299,7,presentation:7,2,40,80,3800,7600,
sale-item:2446,sale:1300,596,presentation:754,75,1,75,135,10125,
sale-item:2447,sale:1300,287,presentation:290,100,1,100,23,2300,
sale-item:2448,sale:1300,284,presentation:287,50,1,50,25,1250,
sale-item:2449,sale:1301,8,presentation:9,1,40,40,3600,3600,
sale-item:2450,sale:1301,1141,presentation:1250,1,40,40,4700,4700,
sale-item:2451,sale:1302,7,presentation:1043,2,40,80,3600,7200,
sale-item:2452,sale:1302,993,presentation:1216,1,1,1,1150,1150,
sale-item:2453,sale:1303,8,presentation:9,1,40,40,3600,3600,
sale-item:2454,sale:1304,1148,presentation:1264,1,30,30,11300,11300,
sale-item:2455,sale:1305,1148,presentation:1264,1,30,30,11300,11300,
sale-item:2456,sale:1306,1141,presentation:1250,1,40,40,4700,4700,
sale-item:2457,sale:1306,703,presentation:1084,1,7,7,4200,4200,
sale-item:2458,sale:1307,1141,presentation:1255,2,40,80,4650,9300,
sale-item:2459,sale:1308,703,presentation:844,1,1,1,600,600,
sale-item:2460,sale:1308,1141,presentation:1251,3,1,3,118,354,
sale-item:2461,sale:1308,8,presentation:285,3,1,3,90,270,
sale-item:2462,sale:1308,913,presentation:954,1,1,1,530,530,
sale-item:2463,sale:1309,1141,presentation:1250,1,40,40,4700,4700,
sale-item:2464,sale:1310,594,presentation:620,15,1,15,238,3570,
sale-item:2465,sale:1310,596,presentation:754,20,1,20,135,2700,
sale-item:2466,sale:1310,283,presentation:286,2.5,1,2.5,25,62.5,
sale-item:2467,sale:1311,283,presentation:286,17.5,1,17.5,25,437.5,
sale-item:2468,sale:1312,669,presentation:673,10,1,10,9,90,
sale-item:2469,sale:1312,736,presentation:742,1,1,1,104,104,
sale-item:2470,sale:1313,900,presentation:941,1,1,1,17,17,
sale-item:2471,sale:1314,7,presentation:1043,1,40,40,3600,3600,
sale-item:2472,sale:1314,1141,presentation:1255,1,40,40,4650,4650,
sale-item:2473,sale:1314,992,presentation:1217,2,1,2,720,1440,
sale-item:2474,sale:1314,278,presentation:279,50,1,50,8,400,
sale-item:2475,sale:1315,1037,presentation:1105,1,1,1,57,57,
sale-item:2476,sale:1316,736,presentation:742,1,1,1,104,104,
sale-item:2477,sale:1317,8,presentation:9,1,40,40,3600,3600,
sale-item:2478,sale:1317,1141,presentation:1250,1,40,40,4700,4700,
sale-item:2479,sale:1317,923,presentation:964,1,7,7,2000,2000,
sale-item:2480,sale:1318,1141,presentation:1250,1,40,40,4700,4700,
sale-item:2481,sale:1318,669,presentation:673,2,1,2,9,18,
sale-item:2482,sale:1319,703,presentation:844,3,1,3,600,1800,
sale-item:2483,sale:1320,4,presentation:2,1,1,1,235,235,
sale-item:2484,sale:1321,1141,presentation:1250,1.5,40,60,4700,7050,
sale-item:2485,sale:1321,1107,presentation:1198,9,1,9,25,225,
sale-item:2486,sale:1321,8,presentation:9,1,40,40,3600,3600,
sale-item:2487,sale:1322,1141,presentation:1251,4,1,4,118,472,
sale-item:2488,sale:1323,1162,presentation:1283,14,1,14,480,6720,
sale-item:2489,sale:1324,1141,presentation:1251,4,1,4,118,472,
sale-item:2490,sale:1324,913,presentation:954,1,1,1,530,530,
sale-item:2491,sale:1324,8,presentation:285,10,1,10,90,900,
sale-item:2492,sale:1325,1141,presentation:1251,5,1,5,118,590,
sale-item:2493,sale:1326,913,presentation:1267,1,7,7,3360,3360,
sale-item:2494,sale:1326,852,presentation:892,4,1,4,450,1800,
sale-item:2495,sale:1326,8,presentation:9,1,40,40,3600,3600,
sale-item:2496,sale:1327,900,presentation:941,2,1,2,17,34,
sale-item:2497,sale:1328,1162,presentation:1283,14,1,14,480,6720,
sale-item:2498,sale:1329,1052,presentation:1126,2,1,2,9,18,
sale-item:2499,sale:1329,293,presentation:301,2,1,2,37,74,
sale-item:2500,sale:1330,269,presentation:270,7,1,7,79,553,
sale-item:2501,sale:1330,152,presentation:152,10,1,10,7,70,
sale-item:2502,sale:1330,112,presentation:111,10,1,10,7,70,
sale-item:2503,sale:1330,1141,presentation:1254,1,40,40,4600,4600,
sale-item:2504,sale:1330,1116,presentation:1218,10,1,10,219,2190,
sale-item:2505,sale:1330,789,presentation:827,1,1,1,80,80,
sale-item:2506,sale:1330,1109,presentation:1200,1,1,1,139,139,
sale-item:2507,sale:1331,980,presentation:1026,1,1,1,98,98,
sale-item:2508,sale:1331,1141,presentation:1251,1,1,1,118,118,
sale-item:2509,sale:1332,735,presentation:1165,25,1,25,1900,47500,
sale-item:2510,sale:1332,289,presentation:1284,30,1,30,310,9300,
sale-item:2511,sale:1333,8,presentation:285,5,1,5,90,450,
sale-item:2512,sale:1334,242,presentation:243,1,1,1,231,231,
sale-item:2513,sale:1334,151,presentation:151,1,1,1,139,139,
sale-item:2514,sale:1334,150,presentation:150,1,1,1,139,139,
sale-item:2515,sale:1335,1141,presentation:1250,0.5,40,20,4700,2350,
sale-item:2516,sale:1336,1141,presentation:1251,6,1,6,118,708,
sale-item:2517,sale:1337,7,presentation:1043,2,40,80,3450,6900,
sale-item:2518,sale:1338,987,presentation:1042,6,1000,6000,3800,22800,
sale-item:2519,sale:1339,923,presentation:1249,1,14,14,4000,4000,
sale-item:2520,sale:1340,284,presentation:287,5,1,5,25,125,
sale-item:2521,sale:1340,596,presentation:754,1,1,1,147,147,
sale-item:2522,sale:1341,596,presentation:754,2,1,2,147,294,
sale-item:2523,sale:1342,1141,presentation:1250,1,40,40,4700,4700,
sale-item:2524,sale:1343,672,presentation:677,2,1,2,43,86,
sale-item:2525,sale:1344,1141,presentation:1251,10,1,10,118,1180,
sale-item:2526,sale:1345,703,presentation:844,7,1,7,600,4200,
sale-item:2527,sale:1346,852,presentation:892,4,1,4,450,1800,
sale-item:2528,sale:1347,1141,presentation:1255,2,40,80,4650,9300,
sale-item:2529,sale:1348,703,presentation:844,2,1,2,600,1200,
sale-item:2530,sale:1348,853,presentation:893,2,1,2,600,1200,
sale-item:2531,sale:1349,703,presentation:844,1,1,1,600,600,
sale-item:2532,sale:1350,1000,presentation:1058,1,1,1,75,75,
sale-item:2533,sale:1351,1148,presentation:1264,1,30,30,11300,11300,
sale-item:2534,sale:1352,596,presentation:1130,1,150,150,21500,21500,
sale-item:2535,sale:1353,232,presentation:232,10,1,10,107,1070,
sale-item:2536,sale:1353,84,presentation:83,10,1,10,3,30,
sale-item:2537,sale:1353,189,presentation:189,20,1,20,3,60,
sale-item:2538,sale:1353,171,presentation:172,20,1,20,7,140,
sale-item:2539,sale:1354,1030,presentation:1095,1,1,1,37,37,
sale-item:2540,sale:1355,957,presentation:1194,1,30,30,5000,5000,
sale-item:2541,sale:1356,188,presentation:187,2,1,2,11,22,
sale-item:2542,sale:1357,735,presentation:741,2,1,2,1950,3900,
sale-item:2543,sale:1358,1148,presentation:1264,1,30,30,11300,11300,
sale-item:2544,sale:1359,251,presentation:253,1,1,1,75,75,
sale-item:2545,sale:1360,1141,presentation:1285,2,40,80,4600,9200,
sale-item:2546,sale:1361,7,presentation:1043,1,40,40,3450,3450,
sale-item:2547,sale:1362,1141,presentation:1251,10,1,10,118,1180,
sale-item:2548,sale:1363,1148,presentation:1264,1,30,30,11300,11300,
sale-item:2549,sale:1364,284,presentation:287,2,1,2,25,50,
sale-item:2550,sale:1365,1085,presentation:1169,1,1,1,22,22,
sale-item:2551,sale:1366,832,presentation:872,1,1,1,493,493,
sale-item:2552,sale:1367,7,presentation:1043,1,40,40,3450,3450,
sale-item:2553,sale:1368,987,presentation:1042,4.5,1000,4500,3800,17100,
sale-item:2554,sale:1369,1162,presentation:1283,14,1,14,480,6720,
sale-item:2555,sale:1370,1141,presentation:1251,6,1,6,118,708,
sale-item:2556,sale:1370,703,presentation:844,1,1,1,600,600,
sale-item:2557,sale:1371,980,presentation:1026,3,1,3,98,294,
sale-item:2558,sale:1372,1141,presentation:1250,0.5,40,20,4700,2350,
sale-item:2559,sale:1372,293,presentation:301,0.5,1,0.5,37,18.5,
sale-item:2560,sale:1372,294,presentation:302,0.5,1,0.5,60,30,
sale-item:2561,sale:1373,735,presentation:741,3,1,3,1950,5850,
sale-item:2562,sale:1373,1141,presentation:1252,0.5,40,20,4500,2250,
sale-item:2563,sale:1373,913,presentation:954,3,1,3,530,1590,
sale-item:2564,sale:1373,697,presentation:700,2,1,2,142,284,
sale-item:2565,sale:1374,230,presentation:230,1,1,1,13,13,
sale-item:2566,sale:1374,1032,presentation:1097,1,1,1,19,19,
sale-item:2567,sale:1375,302,presentation:309,1,1,1,19,19,
sale-item:2568,sale:1376,669,presentation:673,10,1,10,9,90,
sale-item:2569,sale:1377,143,presentation:143,1,1,1,30,30,
sale-item:2570,sale:1378,1141,presentation:1286,6,40,240,4370,26220,
sale-item:2571,sale:1379,1141,presentation:1251,2,1,2,118,236,
sale-item:2572,sale:1380,188,presentation:187,1,1,1,11,11,
sale-item:2573,sale:1380,152,presentation:152,2,1,2,7,14,
sale-item:2574,sale:1381,733,presentation:740,3,1,3,294,882,
sale-item:2575,sale:1381,1141,presentation:1250,1,40,40,4700,4700,
sale-item:2576,sale:1381,8,presentation:9,0.5,40,20,3600,1800,
sale-item:2577,sale:1382,1134,presentation:1239,3,1,3,78,234,
sale-item:2578,sale:1382,572,presentation:578,1,1,1,9.5,9.5,
sale-item:2579,sale:1383,957,presentation:1213,1,14,14,2500,2500,
sale-item:2580,sale:1384,287,presentation:290,30,1,30,23,690,
sale-item:2581,sale:1384,152,presentation:152,4,1,4,7,28,
sale-item:2582,sale:1384,786,presentation:824,1,1,1,43,43,
sale-item:2583,sale:1385,880,presentation:920,2,1,2,21,42,
sale-item:2584,sale:1386,781,presentation:818,40,1,40,88,3520,
sale-item:2585,sale:1387,781,presentation:818,25,1,25,88,2200,
sale-item:2586,sale:1388,1141,presentation:1255,2,40,80,4650,9300,
sale-item:2587,sale:1389,669,presentation:673,10,1,10,9,90,
sale-item:2588,sale:1389,1101,presentation:1188,1,1,1,29,29,
sale-item:2589,sale:1390,293,presentation:301,1,1,1,37,37,
sale-item:2590,sale:1390,294,presentation:302,1,1,1,60,60,
sale-item:2591,sale:1391,987,presentation:1042,3,1000,3000,4000,12000,
sale-item:2592,sale:1392,7,presentation:1236,2,40,80,3600,7200,
sale-item:2593,sale:1392,987,presentation:1287,1.5,1000,1500,3700,5550,
sale-item:2594,sale:1393,1141,presentation:1254,1,40,40,4600,4600,
sale-item:2595,sale:1393,278,presentation:279,50,1,50,8,400,
sale-item:2596,sale:1394,1148,presentation:1264,1,30,30,11300,11300,
sale-item:2597,sale:1395,1148,presentation:1264,1,30,30,11300,11300,
sale-item:2598,sale:1396,1148,presentation:1264,1,30,30,11300,11300,
sale-item:2599,sale:1397,1141,presentation:1250,1,40,40,4700,4700,
sale-item:2600,sale:1398,8,presentation:285,20,1,20,90,1800,
sale-item:2601,sale:1398,1141,presentation:1251,7,1,7,118,826,
sale-item:2602,sale:1399,980,presentation:1026,20,1,20,98,1960,
sale-item:2603,sale:1400,987,presentation:1042,1,1000,1000,4000,4000,
sale-item:2604,sale:1401,294,presentation:302,2,1,2,60,120,
sale-item:2605,sale:1402,8,presentation:285,1,1,1,90,90,
sale-item:2606,sale:1403,980,presentation:1026,2,1,2,98,196,
sale-item:2607,sale:1404,130,presentation:129,1,1,1,9,9,
sale-item:2608,sale:1405,987,presentation:1287,6,1000,6000,3800,22800,
sale-item:2609,sale:1406,302,presentation:309,2,1,2,19,38,
sale-item:2610,sale:1407,1079,presentation:1161,5,1,5,115,575,
sale-item:2611,sale:1407,7,presentation:1043,1,40,40,3450,3450,
sale-item:2612,sale:1408,7,presentation:7,1,40,40,3800,3800,
sale-item:2613,sale:1409,1056,presentation:1193,3,1,3,345,1035,
sale-item:2614,sale:1410,780,presentation:976,7,1,7,450,3150,
sale-item:2615,sale:1410,913,presentation:1266,1,7,7,3710,3710,
sale-item:2616,sale:1411,1139,presentation:1245,1,1,1,227,227,
sale-item:2617,sale:1411,801,presentation:840,3,1,3,85,255,
sale-item:2618,sale:1412,8,presentation:285,20,1,20,90,1800,
sale-item:2619,sale:1412,1141,presentation:1251,10,1,10,118,1180,
sale-item:2620,sale:1413,913,presentation:1268,1,14,14,7420,7420,
sale-item:2621,sale:1414,1141,presentation:1251,5,1,5,118,590,
sale-item:2622,sale:1415,1141,presentation:1251,5,1,5,118,590,
sale-item:2623,sale:1416,980,presentation:1026,2,1,2,98,196,
sale-item:2624,sale:1417,736,presentation:742,1,1,1,104,104,
sale-item:2625,sale:1418,776,presentation:806,1,1,1,72,72,
sale-item:2626,sale:1419,8,presentation:285,2,1,2,90,180,
sale-item:2627,sale:1419,284,presentation:287,3,1,3,25,75,
sale-item:2628,sale:1420,913,presentation:954,3,1,3,530,1590,
sale-item:2629,sale:1420,8,presentation:285,10,1,10,90,900,
sale-item:2630,sale:1421,703,presentation:844,2,1,2,600,1200,
sale-item:2631,sale:1421,852,presentation:892,3,1,3,450,1350,
sale-item:2632,sale:1422,1109,presentation:1200,3,1,3,139,417,
sale-item:2633,sale:1422,7,presentation:1043,1,40,40,3450,3450,
sale-item:2634,sale:1423,669,presentation:673,10,1,10,9,90,
sale-item:2635,sale:1424,232,presentation:232,10,1,10,107,1070,
sale-item:2636,sale:1424,152,presentation:152,20,1,20,7,140,
sale-item:2637,sale:1425,616,presentation:619,20,1,20,1.5,30,
sale-item:2638,sale:1426,278,presentation:279,2,1,2,8,16,
sale-item:2639,sale:1426,694,presentation:698,1,1,1,42,42,
sale-item:2640,sale:1426,833,presentation:873,1,1,1,40,40,
sale-item:2641,sale:1426,1164,presentation:1289,2,1,2,25,50,
sale-item:2642,sale:1426,222,presentation:221,2,1,2,2,4,
sale-item:2643,sale:1426,309,presentation:316,4,1,4,8,32,
sale-item:2644,sale:1426,191,presentation:190,2,1,2,43,86,
sale-item:2645,sale:1426,791,presentation:829,1,1,1,65,65,
sale-item:2646,sale:1426,55,presentation:54,2,1,2,2,4,
sale-item:2647,sale:1426,255,presentation:256,2,1,2,2,4,
sale-item:2648,sale:1426,185,presentation:184,1,1,1,7,7,
sale-item:2649,sale:1426,112,presentation:111,2,1,2,7,14,
sale-item:2650,sale:1426,152,presentation:152,2,1,2,7,14,
sale-item:2651,sale:1426,203,presentation:203,1,1,1,6,6,
sale-item:2652,sale:1426,10,presentation:13,2,1,2,33,66,
sale-item:2653,sale:1426,273,presentation:1290,11,1,11,4,44,
sale-item:2654,sale:1426,251,presentation:1291,2,1,2,20,40,
sale-item:2655,sale:1426,269,presentation:1292,3,1,3,20,60,
sale-item:2656,sale:1427,793,presentation:831,1,1,1,33,33,
sale-item:2657,sale:1428,733,presentation:740,1,1,1,294,294,
sale-item:2658,sale:1429,104,presentation:103,1,1,1,19,19,
sale-item:2659,sale:1430,987,presentation:1110,1010,1,1010,4,4040,
sale-item:2660,sale:1430,987,presentation:1110,1010,1,1010,4,4040,
sale-item:2661,sale:1431,703,presentation:844,3,1,3,600,1800,
sale-item:2662,sale:1432,8,presentation:9,2,40,80,3600,7200,
sale-item:2663,sale:1433,1141,presentation:1255,2,40,80,4650,9300,
sale-item:2664,sale:1434,913,presentation:954,14,1,14,530,7420,
sale-item:2665,sale:1435,1141,presentation:1250,1,40,40,4700,4700,
sale-item:2666,sale:1436,1141,presentation:1251,15,1,15,118,1770,
sale-item:2667,sale:1437,323,presentation:330,1,1,1,13,13,
sale-item:2668,sale:1437,316,presentation:323,1,1,1,7,7,
sale-item:2669,sale:1437,1141,presentation:1251,1,1,1,118,118,
sale-item:2670,sale:1437,8,presentation:285,3,1,3,90,270,
sale-item:2671,sale:1437,134,presentation:136,2,1,2,13,26,
sale-item:2672,sale:1437,780,presentation:976,0.5,1,0.5,450,225,
sale-item:2673,sale:1437,913,presentation:954,0.5,1,0.5,530,265,
sale-item:2674,sale:1437,237,presentation:1049,2,0.5,1,28,56,
sale-item:2675,sale:1438,703,presentation:1084,1,7,7,4200,4200,
sale-item:2676,sale:1439,987,presentation:1287,5,1000,5000,3700,18500,
sale-item:2677,sale:1440,1141,presentation:1250,2.5,40,100,4700,11750,
sale-item:2678,sale:1440,8,presentation:285,10,1,10,90,900,
sale-item:2679,sale:1440,284,presentation:287,30,1,30,25,750,
sale-item:2680,sale:1440,1107,presentation:1198,25,1,25,25,625,
sale-item:2681,sale:1441,1141,presentation:1250,1,40,40,4700,4700,
sale-item:2682,sale:1441,294,presentation:302,1,1,1,60,60,
sale-item:2683,sale:1441,292,presentation:300,1,1,1,60,60,
sale-item:2684,sale:1441,293,presentation:301,1,1,1,37,37,
sale-item:2685,sale:1442,1114,presentation:1211,1,1,1,100,100,
sale-item:2686,sale:1443,1141,presentation:1254,1,40,40,4600,4600,
sale-item:2687,sale:1443,7,presentation:1043,1,40,40,3450,3450,
sale-item:2688,sale:1444,1141,presentation:1251,2,1,2,118,236,
sale-item:2689,sale:1445,703,presentation:844,1,1,1,600,600,
sale-item:2690,sale:1445,923,presentation:965,2,1,2,300,600,
sale-item:2691,sale:1446,736,presentation:742,1,1,1,104,104,
sale-item:2692,sale:1447,1141,presentation:1253,2,40,80,4250,8500,
sale-item:2693,sale:1448,945,presentation:989,1,1,1,565,565,
sale-item:2694,sale:1448,269,presentation:270,3,1,3,79,237,
sale-item:2695,sale:1449,1141,presentation:1250,1,40,40,4700,4700,
sale-item:2696,sale:1450,1141,presentation:1250,1,40,40,4700,4700,
sale-item:2697,sale:1450,287,presentation:290,50,1,50,23,1150,
sale-item:2698,sale:1450,296,presentation:304,5,1,5,39,195,
sale-item:2699,sale:1450,293,presentation:301,5,1,5,37,185,
sale-item:2700,sale:1450,294,presentation:302,1,1,1,60,60,
sale-item:2701,sale:1451,1141,presentation:1250,1,40,40,4700,4700,
sale-item:2702,sale:1451,703,presentation:844,3,1,3,600,1800,
sale-item:2703,sale:1452,311,presentation:318,1,1,1,18,18,
sale-item:2704,sale:1453,1165,presentation:1293,20,1,20,41,820,
sale-item:2705,sale:1453,676,presentation:680,20,1,20,10,200,
sale-item:2706,sale:1453,1167,presentation:1294,20,1,20,10,200,
sale-item:2707,sale:1453,1168,presentation:1295,20,1,20,39,780,
sale-item:2708,sale:1453,1169,presentation:1296,20,1,20,4,80,
sale-item:2709,sale:1454,596,presentation:1280,15,1,15,144,2160,
sale-item:2710,sale:1455,7,presentation:1043,1,40,40,3450,3450,
sale-item:2711,sale:1456,781,presentation:818,20,1,20,88,1760,
sale-item:2712,sale:1457,781,presentation:818,25,1,25,88,2200,
sale-item:2713,sale:1458,1056,presentation:1135,1,1,1,2400,2400,
sale-item:2714,sale:1459,1141,presentation:1253,2,40,80,4250,8500,
sale-item:2715,sale:1460,8,presentation:285,2,1,2,90,180,
sale-item:2716,sale:1461,171,presentation:172,4,1,4,7,28,
sale-item:2717,sale:1462,1141,presentation:1250,1,40,40,4700,4700,
sale-item:2718,sale:1463,1141,presentation:1286,4,40,160,4370,17480,
sale-item:2719,sale:1464,1141,presentation:1251,5,1,5,118,590,
sale-item:2720,sale:1465,8,presentation:285,2,1,2,90,180,
sale-item:2721,sale:1465,1141,presentation:1251,10,1,10,118,1180,
sale-item:2722,sale:1466,1141,presentation:1251,8,1,8,118,944,
sale-item:2723,sale:1467,653,presentation:658,15,1,15,6,90,
sale-item:2724,sale:1467,303,presentation:310,10,1,10,8,80,
sale-item:2725,sale:1468,7,presentation:7,1,40,40,3800,3800,
sale-item:2726,sale:1468,780,presentation:975,1,7,7,3150,3150,
sale-item:2727,sale:1469,235,presentation:235,1,1,1,75,75,
sale-item:2728,sale:1469,64,presentation:62,1,1,1,45,45,
sale-item:2729,sale:1470,1141,presentation:1251,2,1,2,118,236,
sale-item:2730,sale:1471,261,presentation:266,20,1,20,26,520,
sale-item:2731,sale:1471,1171,presentation:1298,10,1,10,22,220,
sale-item:2732,sale:1471,152,presentation:152,10,1,10,7,70,
sale-item:2733,sale:1471,112,presentation:111,20,1,20,7,140,
sale-item:2734,sale:1471,278,presentation:279,50,1,50,8,400,
sale-item:2735,sale:1471,273,presentation:274,2,1,2,280,560,
sale-item:2736,sale:1471,1172,presentation:1299,20,1,20,41,820,
sale-item:2737,sale:1471,1173,presentation:1300,10,1,10,8,80,
sale-item:2738,sale:1471,1174,presentation:1301,20,1,20,4,80,
sale-item:2739,sale:1471,666,presentation:671,10,1,10,20,200,
sale-item:2740,sale:1471,668,presentation:672,20,1,20,12,240,
sale-item:2741,sale:1471,1175,presentation:1302,20,1,20,9,180,
sale-item:2742,sale:1471,676,presentation:680,20,1,20,10,200,
sale-item:2743,sale:1471,1029,presentation:1094,1,1,1,90,90,
sale-item:2744,sale:1472,987,presentation:1287,7,1000,7000,3800,26600,
sale-item:2745,sale:1473,7,presentation:1043,1,40,40,3450,3450,
sale-item:2746,sale:1474,1141,presentation:1253,2,40,80,4250,8500,
sale-item:2747,sale:1475,913,presentation:954,1,1,1,530,530,
sale-item:2748,sale:1475,1024,presentation:1087,1,1,1,100,100,
sale-item:2749,sale:1476,7,presentation:1043,1,40,40,3450,3450,
sale-item:2750,sale:1477,1141,presentation:1286,4,40,160,4370,17480,
sale-item:2751,sale:1478,1141,presentation:1251,1,1,1,118,118,
sale-item:2752,sale:1479,612,presentation:615,6,1,6,1,6,
sale-item:2753,sale:1480,1117,presentation:1219,10,1,10,128,1280,
sale-item:2754,sale:1481,913,presentation:954,1,1,1,530,530,
sale-item:2755,sale:1481,8,presentation:285,4,1,4,90,360,
sale-item:2756,sale:1481,1141,presentation:1251,2,1,2,118,236,
sale-item:2757,sale:1482,703,presentation:1084,1,7,7,4200,4200,
sale-item:2758,sale:1483,736,presentation:742,2,1,2,104,208,
sale-item:2759,sale:1484,995,presentation:1051,6,1,6,56,336,
sale-item:2760,sale:1485,1141,presentation:1251,4,1,4,118,472,
sale-item:2761,sale:1485,1079,presentation:1161,1,1,1,115,115,
sale-item:2762,sale:1486,1141,presentation:1253,2,40,80,4250,8500,
sale-item:2763,sale:1487,596,presentation:754,20,1,20,147,2940,
sale-item:2764,sale:1487,287,presentation:290,50,1,50,23,1150,
sale-item:2765,sale:1488,980,presentation:1026,2,1,2,98,196,
sale-item:2766,sale:1489,260,presentation:261,1,1,1,11,11,
sale-item:2767,sale:1489,296,presentation:304,5,1,5,39,195,
sale-item:2768,sale:1490,8,presentation:285,20,1,20,90,1800,
sale-item:2769,sale:1490,1141,presentation:1251,20,1,20,118,2360,
sale-item:2770,sale:1491,699,presentation:706,3,1,3,125,375,
sale-item:2771,sale:1491,697,presentation:700,1,1,1,142,142,
sale-item:2772,sale:1492,951,presentation:995,1,1,1,49,49,
sale-item:2773,sale:1493,703,presentation:844,1,1,1,600,600,
sale-item:2774,sale:1494,1141,presentation:1253,4,40,160,4250,17000,
sale-item:2775,sale:1495,7,presentation:1043,1,40,40,3450,3450,
sale-item:2776,sale:1495,265,presentation:264,15,1,15,13,195,
sale-item:2777,sale:1495,243,presentation:244,1,1,1,595,595,
sale-item:2778,sale:1496,7,presentation:1303,2,40,80,3300,6600,
sale-item:2779,sale:1497,320,presentation:327,3,1,3,16,48,
sale-item:2780,sale:1497,1146,presentation:1262,1,1,1,261,261,
sale-item:2781,sale:1497,1103,presentation:1190,1,1,1,9,9,
sale-item:2782,sale:1497,327,presentation:334,2,1,2,5,10,
sale-item:2783,sale:1497,1029,presentation:1094,2,1,2,90,180,
sale-item:2784,sale:1497,449,presentation:456,10,1,10,2,20,
sale-item:2785,sale:1497,898,presentation:939,1,1,1,22,22,
sale-item:2786,sale:1497,1073,presentation:1152,2,1,2,42,84,
sale-item:2787,sale:1497,1077,presentation:1156,2,1,2,10,20,
sale-item:2788,sale:1497,1142,presentation:1258,1,1,1,103,103,
sale-item:2789,sale:1497,1146,presentation:1262,1,1,1,261,261,
sale-item:2790,sale:1497,785,presentation:823,1,1,1,30,30,
sale-item:2791,sale:1497,547,presentation:553,2,1,2,30,60,
sale-item:2792,sale:1497,1101,presentation:1188,1,1,1,29,29,
sale-item:2793,sale:1497,244,presentation:245,1,1,1,13,13,
sale-item:2794,sale:1497,302,presentation:309,1,1,1,19,19,
sale-item:2795,sale:1497,1137,presentation:1243,4,1,4,20,80,
sale-item:2796,sale:1497,1136,presentation:1242,2,1,2,41,82,
sale-item:2797,sale:1497,384,presentation:392,4,1,4,1,4,
sale-item:2798,sale:1497,1135,presentation:1241,3,1,3,122,366,
sale-item:2799,sale:1497,612,presentation:615,4,1,4,1,4,
sale-item:2800,sale:1497,1050,presentation:1124,1,1,1,95,95,
sale-item:2801,sale:1497,398,presentation:406,4,1,4,0.5,2,
sale-item:2802,sale:1497,1102,presentation:1189,10,1,10,4,40,
sale-item:2803,sale:1497,125,presentation:124,1,1,1,122,122,
sale-item:2804,sale:1497,37,presentation:36,1,1,1,49,49,
sale-item:2805,sale:1497,325,presentation:332,1,1,1,4,4,
sale-item:2806,sale:1497,303,presentation:310,1,1,1,8,8,
sale-item:2807,sale:1497,214,presentation:213,1,1,1,43,43,
sale-item:2808,sale:1497,59,presentation:57,1,1,1,64,64,
sale-item:2809,sale:1498,1103,presentation:1190,10,1,10,10,100,
sale-item:2810,sale:1498,1176,presentation:1304,2,1,2,16,32,
sale-item:2811,sale:1498,1177,presentation:1305,2,1,2,8,16,
sale-item:2812,sale:1499,126,presentation:125,1,1,1,103,103,
sale-item:2813,sale:1499,315,presentation:321,3,1,3,7,21,
sale-item:2814,sale:1499,1003,presentation:1061,1,1,1,34,34,
sale-item:2815,sale:1499,1002,presentation:1060,1,1,1,34,34,
sale-item:2816,sale:1499,1108,presentation:1199,1,1,1,42,42,
sale-item:2817,sale:1499,553,presentation:564,1,1,1,55,55,
sale-item:2818,sale:1499,613,presentation:616,10,1,10,1,10,
sale-item:2819,sale:1499,1101,presentation:1188,1,1,1,29,29,
sale-item:2820,sale:1499,425,presentation:432,2,1,2,1,2,
sale-item:2821,sale:1499,457,presentation:464,2,1,2,0.5,1,
sale-item:2822,sale:1499,610,presentation:614,4,1,4,0.5,2,
sale-item:2823,sale:1499,313,presentation:322,4,1,4,0.5,2,
sale-item:2824,sale:1499,556,presentation:570,1,1,1,70,70,
sale-item:2825,sale:1499,433,presentation:440,1,1,1,1,1,
sale-item:2826,sale:1499,669,presentation:673,1,1,1,9,9,
sale-item:2827,sale:1499,172,presentation:171,1,1,1,103,103,
sale-item:2828,sale:1499,58,presentation:58,1,1,1,57,57,
sale-item:2829,sale:1499,1049,presentation:1123,1,1,1,228,228,
sale-item:2830,sale:1499,410,presentation:418,2,1,2,1.5,3,
sale-item:2831,sale:1499,621,presentation:626,2,1,2,0.5,1,
sale-item:2832,sale:1499,302,presentation:309,1,1,1,19,19,
sale-item:2833,sale:1499,50,presentation:49,1,1,1,76,76,
sale-item:2834,sale:1499,140,presentation:140,1,1,1,21,21,
sale-item:2835,sale:1499,302,presentation:309,1,1,1,19,19,
sale-item:2836,sale:1499,1050,presentation:1124,1,1,1,95,95,
sale-item:2837,sale:1500,563,presentation:567,1,1,1,15,15,
sale-item:2838,sale:1500,603,presentation:607,7,1,7,0.5,3.5,
sale-item:2839,sale:1500,1001,presentation:1059,1,1,1,34,34,
sale-item:2840,sale:1500,1141,presentation:1251,2,1,2,118,236,
sale-item:2841,sale:1500,665,presentation:670,2,1,2,23,46,
sale-item:2842,sale:1500,602,presentation:606,8,1,8,0.5,4,
sale-item:2843,sale:1500,405,presentation:413,8,1,8,1,8,
sale-item:2844,sale:1500,757,presentation:814,70,1,70,12,840,
sale-item:2845,sale:1500,750,presentation:815,70,1,70,12,840,
sale-item:2846,sale:1500,717,presentation:725,70,1,70,11,770,
sale-item:2847,sale:1500,962,presentation:1007,10,1,10,185,1850,
sale-item:2848,sale:1501,1141,presentation:1251,5,1,5,118,590,
sale-item:2849,sale:1502,980,presentation:1026,10,1,10,98,980,
sale-item:2850,sale:1503,669,presentation:673,10,1,10,9,90,
sale-item:2851,sale:1503,1052,presentation:1126,1,1,1,9,9,
sale-item:2852,sale:1504,900,presentation:941,1,1,1,17,17,
sale-item:2853,sale:1505,596,presentation:754,50,1,50,147,7350,
sale-item:2854,sale:1505,286,presentation:289,50,1,50,25,1250,
sale-item:2855,sale:1505,1141,presentation:1250,1,40,40,4700,4700,
sale-item:2856,sale:1505,293,presentation:301,3,1,3,37,111,
sale-item:2857,sale:1505,294,presentation:302,2,1,2,60,120,
sale-item:2858,sale:1506,486,presentation:493,2,1,2,1.5,3,
sale-item:2859,sale:1506,482,presentation:489,1,1,1,1,1,
sale-item:2860,sale:1506,458,presentation:465,3,1,3,0.5,1.5,
sale-item:2861,sale:1507,1141,presentation:1251,2,1,2,118,236,
sale-item:2862,sale:1508,944,presentation:988,10,1,10,7,70,
sale-item:2863,sale:1509,1052,presentation:1126,1,1,1,9,9,
sale-item:2864,sale:1510,987,presentation:1287,5,1000,5000,3700,18500,
sale-item:2865,sale:1511,1141,presentation:1306,1,40,40,4350,4350,
sale-item:2866,sale:1511,8,presentation:1307,1,40,40,3040,3040,
sale-item:2867,sale:1511,7,presentation:8,10,1,10,95,950,
sale-item:2868,sale:1512,1141,presentation:1250,1,40,40,4700,4700,
sale-item:2869,sale:1513,1141,presentation:1251,6,1,6,118,708,
sale-item:2870,sale:1513,8,presentation:285,4,1,4,90,360,
sale-item:2871,sale:1514,852,presentation:892,14,1,14,450,6300,
sale-item:2872,sale:1515,1141,presentation:1250,1,40,40,4700,4700,
sale-item:2873,sale:1516,1141,presentation:1251,4,1,4,118,472,
sale-item:2874,sale:1517,1141,presentation:1253,2,40,80,4250,8500,
sale-item:2875,sale:1518,702,presentation:710,1,1,1,3324,3324,
sale-item:2876,sale:1519,1141,presentation:1250,1,40,40,4700,4700,
sale-item:2877,sale:1519,8,presentation:9,1,40,40,3600,3600,
sale-item:2878,sale:1520,1141,presentation:1251,8,1,8,118,944,
sale-item:2879,sale:1521,873,presentation:913,1,1,1,66,66,
sale-item:2880,sale:1522,1141,presentation:1250,1.5,40,60,4700,7050,
sale-item:2881,sale:1523,1141,presentation:1250,1,40,40,4700,4700,
sale-item:2882,sale:1524,669,presentation:673,4,1,4,9,36,
sale-item:2883,sale:1524,736,presentation:742,1,1,1,104,104,
sale-item:2884,sale:1525,1141,presentation:1252,0.5,40,20,4500,2250,
sale-item:2885,sale:1526,7,presentation:1043,1,40,40,3450,3450,
sale-item:2886,sale:1527,987,presentation:1287,5,1000,5000,3800,19000,
sale-item:2887,sale:1528,936,presentation:980,1,7,7,2200,2200,
sale-item:2888,sale:1529,923,presentation:1249,1,14,14,4000,4000,
sale-item:2889,sale:1530,1107,presentation:1198,60,1,60,25,1500,
sale-item:2890,sale:1530,284,presentation:1128,15,1,15,24.5,367.5,
sale-item:2891,sale:1530,596,presentation:1280,15,1,15,144,2160,
sale-item:2892,sale:1531,703,presentation:844,1,1,1,600,600,
sale-item:2893,sale:1531,1141,presentation:1251,5,1,5,118,590,
sale-item:2894,sale:1532,957,presentation:1213,1,14,14,2500,2500,
sale-item:2895,sale:1533,980,presentation:1026,14,1,14,98,1372,
sale-item:2896,sale:1534,1141,presentation:1251,20,1,20,118,2360,
sale-item:2897,sale:1535,86,presentation:86,1,1,1,690,690,
sale-item:2898,sale:1535,147,presentation:147,1,1,1,96,96,
sale-item:2899,sale:1536,296,presentation:304,8,1,8,39,312,
sale-item:2900,sale:1536,293,presentation:301,8,1,8,37,296,
sale-item:2901,sale:1537,8,presentation:9,2,40,80,3600,7200,
sale-item:2902,sale:1538,1026,presentation:1091,1,1,1,38,38,
sale-item:2903,sale:1539,987,presentation:1035,3014,1,3014,4.1,12357.4,
sale-item:2904,sale:1540,957,presentation:1213,1,14,14,2500,2500,
sale-item:2905,sale:1541,957,presentation:1213,1,14,14,2500,2500,
sale-item:2906,sale:1542,957,presentation:1213,1,14,14,2500,2500,
sale-item:2907,sale:1543,957,presentation:1213,1,14,14,2500,2500,
sale-item:2908,sale:1544,980,presentation:1026,30,1,30,98,2940,
sale-item:2909,sale:1545,4,presentation:1,3,20,60,4700,14100,
sale-item:2910,sale:1546,736,presentation:742,0.5,1,0.5,104,52,
sale-item:2911,sale:1546,669,presentation:673,1,1,1,9,9,
sale-item:2912,sale:1547,4,presentation:1,3,20,60,4700,14100,
sale-item:2913,sale:1548,4,presentation:1308,1,20,20,4600,4600,
sale-item:2914,sale:1549,287,presentation:290,20,1,20,23,460,
sale-item:2915,sale:1550,8,presentation:285,2,1,2,90,180,
sale-item:2916,sale:1551,852,presentation:892,2,1,2,450,900,
sale-item:2917,sale:1552,669,presentation:673,10,1,10,9,90,
sale-item:2918,sale:1553,703,presentation:844,1,1,1,600,600,
sale-item:2919,sale:1553,923,presentation:965,1,1,1,300,300,
sale-item:2920,sale:1554,1178,presentation:1309,1,30,30,14000,14000,
sale-item:2921,sale:1555,1141,presentation:1317,1,40,40,4650,4650,
sale-item:2922,sale:1555,7,presentation:1318,1,40,40,3700,3700,
sale-item:2923,sale:1555,284,presentation:287,4,1,4,25,100,
sale-item:2924,sale:1556,4,presentation:1308,1,20,20,4400,4400,
sale-item:2925,sale:1556,7,presentation:1043,1,40,40,3450,3450,
sale-item:2926,sale:1557,957,presentation:1213,1,14,14,2500,2500,
sale-item:2927,sale:1558,957,presentation:1213,1,14,14,2500,2500,
sale-item:2928,sale:1559,957,presentation:1003,1,14,14,2800,2800,
sale-item:2929,sale:1560,1126,presentation:1228,10,1,10,74,740,
sale-item:2930,sale:1561,284,presentation:287,17,1,17,25,425,
sale-item:2931,sale:1562,113,presentation:112,1,1,1,23,23,
sale-item:2932,sale:1563,936,presentation:980,2,7,14,2000,4000,
sale-item:2933,sale:1563,703,presentation:1084,1,7,7,4200,4200,
sale-item:2934,sale:1563,7,presentation:7,1,40,40,3800,3800,
sale-item:2935,sale:1563,4,presentation:1,0.5,20,10,4700,2350,
sale-item:2936,sale:1563,284,presentation:287,3,1,3,25,75,
sale-item:2937,sale:1563,289,presentation:292,12,1,12,320,3840,
sale-item:2938,sale:1563,596,presentation:754,12,1,12,147,1764,
sale-item:2939,sale:1564,293,presentation:301,5,1,5,37,185,
sale-item:2940,sale:1564,944,presentation:988,15,1,15,7,105,
sale-item:2941,sale:1564,994,presentation:1050,2,1,2,56,112,
sale-item:2942,sale:1565,1082,presentation:1167,1,1,1,122,122,
sale-item:2943,sale:1566,735,presentation:1165,2,1,2,1900,3800,
sale-item:2944,sale:1567,1180,presentation:1311,1,1,1,32,32,
sale-item:2945,sale:1568,558,presentation:555,100,1,100,1,100,
sale-item:2946,sale:1568,230,presentation:230,1,1,1,13,13,
sale-item:2947,sale:1569,852,presentation:892,1,1,1,450,450,
sale-item:2948,sale:1570,913,presentation:954,1,1,1,530,530,
sale-item:2949,sale:1570,8,presentation:285,3,1,3,90,270,
sale-item:2950,sale:1570,1141,presentation:1251,3,1,3,118,354,
sale-item:2951,sale:1571,4,presentation:1321,4,20,80,4650,18600,
sale-item:2952,sale:1572,4,presentation:1,2,20,40,4700,9400,
sale-item:2953,sale:1572,284,presentation:287,30,1,30,25,750,
sale-item:2954,sale:1572,1107,presentation:1198,13,1,13,25,325,
sale-item:2955,sale:1572,286,presentation:289,21,1,21,25,525,
sale-item:2956,sale:1572,293,presentation:301,3,1,3,37,111,
sale-item:2957,sale:1572,294,presentation:302,2,1,2,60,120,
sale-item:2958,sale:1573,913,presentation:1268,1,14,14,7420,7420,
sale-item:2959,sale:1574,780,presentation:976,5,1,5,450,2250,
sale-item:2960,sale:1574,7,presentation:8,10,1,10,95,950,
sale-item:2961,sale:1574,8,presentation:285,20,1,20,90,1800,
sale-item:2962,sale:1575,4,presentation:2,10,1,10,235,2350,
sale-item:2963,sale:1575,8,presentation:285,11,1,11,90,990,
sale-item:2964,sale:1576,7,presentation:7,1,40,40,3800,3800,
sale-item:2965,sale:1577,913,presentation:1267,1,7,7,3360,3360,
sale-item:2966,sale:1578,852,presentation:892,7,1,7,450,3150,
sale-item:2967,sale:1579,4,presentation:1,1,20,20,4700,4700,
sale-item:2968,sale:1579,7,presentation:7,2,40,80,3800,7600,
sale-item:2969,sale:1580,11,presentation:11,1,1,1,17,17,
sale-item:2970,sale:1580,140,presentation:140,1,1,1,21,21,
sale-item:2971,sale:1581,987,presentation:1287,5,1000,5000,3800,19000,
sale-item:2972,sale:1582,987,presentation:1287,5,1000,5000,3700,18500,
sale-item:2973,sale:1583,8,presentation:9,1,40,40,3600,3600,
sale-item:2974,sale:1584,594,presentation:620,10,1,10,262,2620,
sale-item:2975,sale:1584,596,presentation:754,20,1,20,147,2940,
sale-item:2976,sale:1585,936,presentation:980,1,7,7,2000,2000,
sale-item:2977,sale:1586,936,presentation:980,1,7,7,2000,2000,
sale-item:2978,sale:1587,7,presentation:1043,1,40,40,3450,3450,
sale-item:2979,sale:1588,1079,presentation:1161,1,1,1,115,115,
sale-item:2980,sale:1589,913,presentation:1266,1,7,7,3700,3700,
sale-item:2981,sale:1590,4,presentation:1,1,20,20,4700,4700,
sale-item:2982,sale:1590,8,presentation:9,1,40,40,3600,3600,
sale-item:2983,sale:1591,733,presentation:740,50,1,50,294,14700,
sale-item:2984,sale:1591,852,presentation:892,3,1,3,450,1350,
sale-item:2985,sale:1591,284,presentation:287,10,1,10,25,250,
sale-item:2986,sale:1592,1186,presentation:1331,3,1,3,575,1725,
sale-item:2987,sale:1593,852,presentation:892,3,1,3,450,1350,
sale-item:2988,sale:1593,284,presentation:287,10,1,10,25,250,
sale-item:2989,sale:1594,936,presentation:980,1,7,7,2000,2000,
sale-item:2990,sale:1595,8,presentation:9,1.5,40,60,3600,5400,
sale-item:2991,sale:1595,4,presentation:1,1,20,20,4700,4700,
sale-item:2992,sale:1596,733,presentation:1332,50,1,50,294,14700,
sale-item:2993,sale:1597,294,presentation:302,2,1,2,60,120,
sale-item:2994,sale:1597,293,presentation:301,8,1,8,37,296,
sale-item:2995,sale:1598,4,presentation:1,1,20,20,4700,4700,
sale-item:2996,sale:1598,284,presentation:287,2,1,2,25,50,
sale-item:2997,sale:1599,8,presentation:9,1,40,40,3600,3600,
sale-item:2998,sale:1600,1141,presentation:1251,3,1,3,118,354,
sale-item:2999,sale:1601,852,presentation:892,7,1,7,450,3150,
sale-item:3000,sale:1602,1187,presentation:1333,2,1,2,430,860,
sale-item:3001,sale:1603,4,presentation:2,10,1,10,235,2350,
sale-item:3002,sale:1603,7,presentation:8,10,1,10,95,950,
sale-item:3003,sale:1603,289,presentation:292,10,1,10,320,3200,
sale-item:3004,sale:1603,279,presentation:756,20,1,20,9,180,
sale-item:3005,sale:1603,1183,presentation:1329,1,1,1,8,8,
sale-item:3006,sale:1603,653,presentation:658,1,1,1,6,6,
sale-item:3007,sale:1604,8,presentation:285,1,1,1,90,90,
sale-item:3008,sale:1605,936,presentation:980,1,7,7,2200,2200,
sale-item:3009,sale:1606,936,presentation:980,1,7,7,2200,2200,
sale-item:3010,sale:1607,4,presentation:2,10,1,10,235,2350,
sale-item:3011,sale:1608,1141,presentation:1251,20,1,20,118,2360,
sale-item:3012,sale:1608,1141,presentation:1250,4,40,160,4700,18800,
sale-item:3013,sale:1609,1149,presentation:1265,2,1,2,2598,5196,
sale-item:3014,sale:1610,302,presentation:309,1,1,1,19,19,
sale-item:3015,sale:1610,783,presentation:821,4,1,4,54,216,
sale-item:3016,sale:1611,1141,presentation:1251,1,1,1,118,118,
sale-item:3017,sale:1612,127,presentation:126,1,1,1,26,26,
sale-item:3018,sale:1613,913,presentation:954,14,1,14,530,7420,
sale-item:3019,sale:1614,703,presentation:844,14,1,14,600,8400,
sale-item:3020,sale:1615,1141,presentation:1252,1,40,40,4500,4500,
sale-item:3021,sale:1615,7,presentation:1191,1,40,40,3600,3600,
sale-item:3022,sale:1615,288,presentation:291,20,1,20,200,4000,
sale-item:3023,sale:1615,293,presentation:301,8.5,1,8.5,37,314.5,
sale-item:3024,sale:1616,8,presentation:285,2,1,2,90,180,
sale-item:3025,sale:1616,1141,presentation:1251,2,1,2,118,236,
sale-item:3026,sale:1617,284,presentation:287,5,1,5,25,125,
sale-item:3027,sale:1618,7,presentation:1043,2,40,80,3450,6900,
sale-item:3028,sale:1619,1141,presentation:1251,3,1,3,118,354,
sale-item:3029,sale:1620,913,presentation:1267,1,7,7,3360,3360,
sale-item:3030,sale:1621,936,presentation:980,1,7,7,2200,2200,
sale-item:3031,sale:1622,4,presentation:2,6,1,6,235,1410,
sale-item:3032,sale:1622,8,presentation:285,8,1,8,90,720,
sale-item:3033,sale:1623,936,presentation:980,1,7,7,2200,2200,
sale-item:3034,sale:1624,1141,presentation:1250,1.5,40,60,4700,7050,
sale-item:3035,sale:1625,735,presentation:741,1,1,1,1950,1950,
sale-item:3036,sale:1626,1056,presentation:1136,1,7,7,2200,2200,
sale-item:3037,sale:1627,1141,presentation:1250,0.5,40,20,4700,2350,
sale-item:3038,sale:1627,7,presentation:7,1,40,40,3800,3800,
sale-item:3039,sale:1628,264,presentation:1337,1,0.5,0.5,19,19,
sale-item:3040,sale:1629,269,presentation:270,6,1,6,79,474,
sale-item:3041,sale:1629,152,presentation:152,20,1,20,8,160,
sale-item:3042,sale:1629,112,presentation:111,20,1,20,8,160,
sale-item:3043,sale:1629,261,presentation:266,20,1,20,26,520,
sale-item:3044,sale:1629,70,presentation:68,10,1,10,35,350,
sale-item:3045,sale:1630,1141,presentation:1251,2,1,2,118,236,
sale-item:3046,sale:1631,1109,presentation:1200,6,1,6,150,900,
sale-item:3047,sale:1632,269,presentation:270,2,1,2,95,190,
sale-item:3048,sale:1633,294,presentation:302,1,1,1,60,60,
sale-item:3049,sale:1634,687,presentation:691,1,1,1,29,29,
sale-item:3050,sale:1635,703,presentation:1084,1,7,7,4200,4200,
sale-item:3051,sale:1635,852,presentation:892,7,1,7,450,3150,
sale-item:3052,sale:1635,1141,presentation:1250,1,40,40,4700,4700,
sale-item:3053,sale:1635,733,presentation:740,4,1,4,294,1176,
sale-item:3054,sale:1635,596,presentation:754,4,1,4,147,588,
sale-item:3055,sale:1636,913,presentation:954,0.5,1,0.5,530,265,
sale-item:3056,sale:1636,8,presentation:285,2,1,2,90,180,
sale-item:3057,sale:1636,1141,presentation:1251,1,1,1,118,118,
sale-item:3058,sale:1636,980,presentation:1026,1,1,1,98,98,
sale-item:3059,sale:1637,289,presentation:292,6,1,6,320,1920,
sale-item:3060,sale:1638,1141,presentation:1251,1,1,1,118,118,
sale-item:3061,sale:1639,980,presentation:1026,17,1,17,98,1666,
sale-item:3062,sale:1639,1141,presentation:1255,2,40,80,4650,9300,
sale-item:3063,sale:1640,8,presentation:285,1,1,1,90,90,
sale-item:3064,sale:1641,284,presentation:287,2,1,2,25,50,
sale-item:3065,sale:1642,8,presentation:9,1,40,40,3600,3600,
sale-item:3066,sale:1642,1141,presentation:1250,1,40,40,4700,4700,
sale-item:3067,sale:1643,936,presentation:1339,1,7,7,2000,2000,
sale-item:3068,sale:1644,1141,presentation:1250,1,40,40,4700,4700,
sale-item:3069,sale:1644,7,presentation:7,2,40,80,3800,7600,
sale-item:3070,sale:1645,8,presentation:9,1,40,40,3600,3600,
sale-item:3071,sale:1645,1141,presentation:1250,1,40,40,4700,4700,
sale-item:3072,sale:1646,913,presentation:1266,1,7,7,3700,3700,
sale-item:3073,sale:1647,1141,presentation:1251,1,1,1,118,118,
sale-item:3074,sale:1648,7,presentation:8,20,1,20,95,1900,
sale-item:3075,sale:1648,1141,presentation:1251,10,1,10,118,1180,
sale-item:3076,sale:1649,1141,presentation:1250,1,40,40,4700,4700,
sale-item:3077,sale:1650,596,presentation:754,70,1,70,147,10290,
sale-item:3078,sale:1650,1141,presentation:1250,2,40,80,4700,9400,
sale-item:3079,sale:1650,8,presentation:9,1,40,40,3600,3600,
sale-item:3080,sale:1650,284,presentation:287,30,1,30,25,750,
sale-item:3081,sale:1650,286,presentation:289,42,1,42,25,1050,
sale-item:3082,sale:1650,1107,presentation:1198,19.5,1,19.5,25,487.5,
sale-item:3083,sale:1651,1141,presentation:1250,1,40,40,4700,4700,
sale-item:3084,sale:1651,7,presentation:7,1,40,40,3800,3800,
sale-item:3085,sale:1652,7,presentation:7,1,40,40,3800,3800,
sale-item:3086,sale:1653,913,presentation:1267,1,7,7,3360,3360,
sale-item:3087,sale:1654,7,presentation:1043,1,40,40,3450,3450,
sale-item:3088,sale:1654,703,presentation:844,1,1,1,600,600,
sale-item:3089,sale:1654,853,presentation:893,1,1,1,600,600,
sale-item:3090,sale:1655,8,presentation:9,2,40,80,3600,7200,
sale-item:3091,sale:1655,703,presentation:1084,1,7,7,4200,4200,
sale-item:3092,sale:1656,987,presentation:1042,2,1000,2000,4000,8000,
sale-item:3093,sale:1657,4,presentation:2,3,1,3,235,705,
sale-item:3094,sale:1658,300,presentation:307,1,1,1,15,15,
sale-item:3095,sale:1658,301,presentation:308,1,1,1,16,16,
sale-item:3096,sale:1659,697,presentation:700,14,1,14,142,1988,
sale-item:3097,sale:1660,7,presentation:8,20,1,20,95,1900,
sale-item:3098,sale:1661,782,presentation:819,5,1,5,190,950,
sale-item:3099,sale:1662,936,presentation:1339,1,7,7,2000,2000,
sale-item:3100,sale:1663,733,presentation:740,5,1,5,294,1470,
sale-item:3101,sale:1663,697,presentation:700,5,1,5,142,710,
sale-item:3102,sale:1664,897,presentation:938,1,1,1,34,34,
sale-item:3103,sale:1664,302,presentation:309,1,1,1,19,19,
sale-item:3104,sale:1665,984,presentation:1030,1,1,1,168,168,
sale-item:3105,sale:1666,704,presentation:712,2,1,2,34,68,
sale-item:3106,sale:1666,1052,presentation:1126,3,1,3,9,27,
sale-item:3107,sale:1666,124,presentation:123,2,1,2,22,44,
sale-item:3108,sale:1667,1141,presentation:1251,1,1,1,118,118,
sale-item:3109,sale:1667,8,presentation:285,3,1,3,90,270,
sale-item:3110,sale:1668,125,presentation:124,1,1,1,122,122,
sale-item:3111,sale:1668,279,presentation:756,10,1,10,9,90,
sale-item:3112,sale:1668,303,presentation:310,1,1,1,8,8,
sale-item:3113,sale:1668,771,presentation:801,1,1,1,18,18,
sale-item:3114,sale:1668,653,presentation:658,1,1,1,6,6,
sale-item:3115,sale:1668,546,presentation:552,1,1,1,1,1,
sale-item:3116,sale:1669,913,presentation:1268,1,14,14,7420,7420,
sale-item:3117,sale:1670,1141,presentation:1251,4,1,4,118,472,
sale-item:3118,sale:1671,1141,presentation:1251,6,1,6,118,708,
sale-item:3119,sale:1671,703,presentation:844,3,1,3,600,1800,
sale-item:3120,sale:1672,781,presentation:818,10,1,10,89,890,
sale-item:3121,sale:1673,1141,presentation:1251,10,1,10,118,1180,
sale-item:3122,sale:1673,7,presentation:8,20,1,20,95,1900,
sale-item:3123,sale:1673,1186,presentation:1331,2,1,2,575,1150,
sale-item:3124,sale:1674,1141,presentation:1250,1,40,40,4700,4700,
sale-item:3125,sale:1675,1141,presentation:1250,2,40,80,4700,9400,
sale-item:3126,sale:1676,288,presentation:291,20,1,20,200,4000,
sale-item:3127,sale:1676,596,presentation:754,4,1,4,147,588,
sale-item:3128,sale:1676,284,presentation:1128,50,1,50,24.5,1225,
sale-item:3129,sale:1677,1141,presentation:1306,1,40,40,4350,4350,
sale-item:3130,sale:1677,8,presentation:1307,1,40,40,3040,3040,
sale-item:3131,sale:1677,7,presentation:8,20,1,20,95,1900,
sale-item:3132,sale:1677,913,presentation:954,1,1,1,530,530,
sale-item:3133,sale:1677,1079,presentation:1161,3,1,3,105,315,
sale-item:3134,sale:1678,1141,presentation:1254,1,40,40,4400,4400,
sale-item:3135,sale:1678,7,presentation:1043,1,40,40,3450,3450,
sale-item:3136,sale:1679,7,presentation:1303,2,40,80,3300,6600,
sale-item:3137,sale:1680,936,presentation:1341,1,3.5,3.5,1300,1300,
sale-item:3138,sale:1681,1141,presentation:1251,20,1,20,118,2360,
sale-item:3139,sale:1681,697,presentation:700,3,1,3,142,426,
sale-item:3140,sale:1681,8,presentation:285,2,1,2,90,180,
sale-item:3141,sale:1681,703,presentation:844,1.5,1,1.5,600,900,
sale-item:3142,sale:1682,1141,presentation:1253,4,40,160,4250,17000,
sale-item:3143,sale:1683,936,presentation:980,1,7,7,2200,2200,
sale-item:3144,sale:1684,1056,presentation:1136,1,7,7,2200,2200,
sale-item:3145,sale:1685,987,presentation:1287,5,1000,5000,3700,18500,
sale-item:3146,sale:1686,596,presentation:754,10,1,10,147,1470,
sale-item:3147,sale:1686,287,presentation:290,50,1,50,23,1150,
sale-item:3148,sale:1687,1141,presentation:1251,4,1,4,118,472,
sale-item:3149,sale:1687,8,presentation:285,2,1,2,90,180,
sale-item:3150,sale:1688,596,presentation:754,30,1,30,147,4410,
sale-item:3151,sale:1688,283,presentation:286,50,1,50,25,1250,
sale-item:3152,sale:1688,633,presentation:638,5,1,5,180,900,
sale-item:3153,sale:1688,70,presentation:68,5,1,5,35,175,
sale-item:3154,sale:1688,1029,presentation:1094,1,1,1,90,90,
sale-item:3155,sale:1689,936,presentation:980,1,7,7,2200,2200,
sale-item:3156,sale:1690,284,presentation:287,3,1,3,25,75,
sale-item:3157,sale:1691,733,presentation:740,10,1,10,294,2940,
sale-item:3158,sale:1691,1110,presentation:1204,13,1,13,4,52,
sale-item:3159,sale:1692,1047,presentation:1121,1,1,1,100,100,
sale-item:3160,sale:1693,1056,presentation:1136,1,7,7,2200,2200,
sale-item:3161,sale:1694,1141,presentation:1251,20,1,20,118,2360,
sale-item:3162,sale:1694,7,presentation:8,20,1,20,95,1900,
sale-item:3163,sale:1695,1141,presentation:1252,1,40,40,4500,4500,
sale-item:3164,sale:1695,7,presentation:1191,1,40,40,3600,3600,
sale-item:3165,sale:1696,1101,presentation:1188,1,1,1,29,29,
sale-item:3166,sale:1696,108,presentation:107,1,1,1,23,23,
sale-item:3167,sale:1697,987,presentation:1287,1,1000,1000,3700,3700,
sale-item:3168,sale:1698,1056,presentation:1342,1,7,7,2900,2900,
sale-item:3169,sale:1699,1141,presentation:1251,20,1,20,118,2360,
sale-item:3170,sale:1699,8,presentation:285,5,1,5,90,450,
sale-item:3171,sale:1700,7,presentation:1043,1,40,40,3450,3450,
sale-item:3172,sale:1701,1141,presentation:1250,2,40,80,4700,9400,
sale-item:3173,sale:1702,987,presentation:1287,4,1000,4000,3700,14800,
sale-item:3174,sale:1703,781,presentation:818,5,1,5,89,445,
sale-item:3175,sale:1704,293,presentation:301,4,1,4,37,148,
sale-item:3176,sale:1704,296,presentation:304,4,1,4,39,156,
sale-item:3177,sale:1704,284,presentation:287,12,1,12,25,300,
sale-item:3178,sale:1704,942,presentation:986,1,1,1,62,62,
sale-item:3179,sale:1705,1141,presentation:1250,1,40,40,4700,4700,
sale-item:3180,sale:1705,8,presentation:9,1,40,40,3600,3600,
sale-item:3181,sale:1705,951,presentation:995,1,1,1,49,49,
sale-item:3182,sale:1705,284,presentation:287,47,1,47,25,1175,
sale-item:3183,sale:1705,1000,presentation:1058,1,1,1,75,75,
sale-item:3184,sale:1706,7,presentation:1043,2,40,80,3450,6900,
sale-item:3185,sale:1707,1141,presentation:1251,10,1,10,118,1180,
sale-item:3186,sale:1708,913,presentation:954,14,1,14,530,7420,
sale-item:3187,sale:1709,923,presentation:964,1,7,7,2000,2000,
sale-item:3188,sale:1710,1056,presentation:1342,1,7,7,2900,2900,
sale-item:3189,sale:1711,923,presentation:964,1,7,7,2000,2000,
sale-item:3190,sale:1712,697,presentation:700,10,1,10,142,1420,
sale-item:3191,sale:1713,987,presentation:1042,1,1000,1000,4000,4000,
sale-item:3192,sale:1714,957,presentation:1343,1,30,30,5600,5600,
sale-item:3193,sale:1715,1141,presentation:1253,4,40,160,4250,17000,
sale-item:3194,sale:1716,913,presentation:1215,7,1,7,480,3360,
sale-item:3195,sale:1716,284,presentation:287,6,1,6,25,150,
sale-item:3196,sale:1717,1141,presentation:1252,1,40,40,4500,4500,
sale-item:3197,sale:1718,703,presentation:1084,1,7,7,4200,4200,
sale-item:3198,sale:1718,1141,presentation:1251,4,1,4,118,472,
sale-item:3199,sale:1718,852,presentation:892,1,1,1,450,450,
sale-item:3200,sale:1719,1141,presentation:1251,4,1,4,118,472,
sale-item:3201,sale:1720,211,presentation:211,1,1,1,3,3,
sale-item:3202,sale:1721,284,presentation:287,15,1,15,25,375,
sale-item:3203,sale:1721,287,presentation:290,50,1,50,23,1150,
sale-item:3204,sale:1722,782,presentation:819,10,1,10,190,1900,
sale-item:3205,sale:1723,1141,presentation:1251,10,1,10,118,1180,
sale-item:3206,sale:1723,7,presentation:8,20,1,20,95,1900,
sale-item:3207,sale:1724,685,presentation:689,1,1,1,181,181,
sale-item:3208,sale:1725,1141,presentation:1253,4,40,160,4250,17000,
sale-item:3209,sale:1726,782,presentation:819,15,1,15,190,2850,
sale-item:3210,sale:1727,1141,presentation:1250,1,40,40,4700,4700,
sale-item:3211,sale:1728,1141,presentation:1250,0.5,40,20,4700,2350,
sale-item:3212,sale:1728,7,presentation:7,1,40,40,3800,3800,
sale-item:3213,sale:1729,1141,presentation:1252,1,40,40,4500,4500,
sale-item:3214,sale:1729,7,presentation:1191,1,40,40,3600,3600,
sale-item:3215,sale:1729,284,presentation:1128,10,1,10,24.5,245,
sale-item:3216,sale:1729,697,presentation:700,3,1,3,142,426,
sale-item:3217,sale:1730,596,presentation:754,2,1,2,147,294,
sale-item:3218,sale:1730,283,presentation:286,10,1,10,25,250,
sale-item:3219,sale:1730,284,presentation:287,10,1,10,25,250,
sale-item:3220,sale:1730,264,presentation:1337,1,0.5,0.5,19,19,
sale-item:3221,sale:1730,294,presentation:1334,1,0.5,0.5,30,30,
sale-item:3222,sale:1731,987,presentation:1287,5,1000,5000,3800,19000,
sale-item:3223,sale:1732,987,presentation:1344,5,1000,5000,3700,18500,
sale-item:3224,sale:1733,735,presentation:741,1,1,1,1950,1950,
sale-item:3225,sale:1734,703,presentation:844,1,1,1,600,600,
sale-item:3226,sale:1734,1141,presentation:1251,4,1,4,118,472,
sale-item:3227,sale:1735,1141,presentation:1254,1,40,40,4400,4400,
sale-item:3228,sale:1735,7,presentation:1043,1,40,40,3450,3450,
sale-item:3229,sale:1735,289,presentation:292,4,1,4,320,1280,
sale-item:3230,sale:1736,782,presentation:819,15,1,15,190,2850,
sale-item:3231,sale:1737,7,presentation:8,6,1,6,95,570,
sale-item:3232,sale:1738,852,presentation:892,2,1,2,450,900,
sale-item:3233,sale:1739,987,presentation:1035,1802,1,1802,4.1,7388.2,
sale-item:3234,sale:1740,987,presentation:1035,1338,1,1338,4.1,5485.8,
sale-item:3235,sale:1741,936,presentation:980,5,7,35,2000,10000,
sale-item:3236,sale:1742,596,presentation:754,10,1,10,147,1470,
sale-item:3237,sale:1742,852,presentation:892,0.5,1,0.5,450,225,
sale-item:3238,sale:1742,703,presentation:844,1,1,1,600,600,
sale-item:3239,sale:1742,284,presentation:287,10,1,10,25,250,
sale-item:3240,sale:1742,1141,presentation:1250,1,40,40,4700,4700,
sale-item:3241,sale:1743,957,presentation:1088,1,7,7,1800,1800,
sale-item:3242,sale:1743,780,presentation:975,1,7,7,3150,3150,
sale-item:3243,sale:1744,735,presentation:741,1,1,1,1950,1950,
sale-item:3244,sale:1745,1056,presentation:1342,1,7,7,2900,2900,
sale-item:3245,sale:1746,703,presentation:1084,1,7,7,4200,4200,
sale-item:3246,sale:1747,7,presentation:1191,1,40,40,3600,3600,
sale-item:3247,sale:1748,7,presentation:1303,2,40,80,3300,6600,
sale-item:3248,sale:1749,957,presentation:1343,1,30,30,5600,5600,
sale-item:3249,sale:1750,7,presentation:1191,1,40,40,3600,3600,
sale-item:3250,sale:1750,1141,presentation:1252,1,40,40,4500,4500,
sale-item:3251,sale:1750,284,presentation:287,10,1,10,25,250,
sale-item:3252,sale:1751,596,presentation:754,20,1,20,147,2940,
sale-item:3253,sale:1752,596,presentation:754,10,1,10,147,1470,
sale-item:3254,sale:1753,7,presentation:7,1,40,40,3800,3800,
sale-item:3255,sale:1753,733,presentation:740,8,1,8,294,2352,
sale-item:3256,sale:1753,596,presentation:754,10,1,10,147,1470,
sale-item:3257,sale:1753,697,presentation:700,12,1,12,142,1704,
sale-item:3258,sale:1754,1141,presentation:1253,4,40,160,4250,17000,
sale-item:3259,sale:1755,1141,presentation:1251,3,1,3,118,354,
sale-item:3260,sale:1756,7,presentation:1303,4,40,160,3300,13200,
sale-item:3261,sale:1757,906,presentation:947,100,1,100,25,2500,
sale-item:3262,sale:1757,1189,presentation:1346,82,1,82,25,2050,
sale-item:3263,sale:1757,284,presentation:287,30,1,30,25,750,
sale-item:3264,sale:1758,782,presentation:819,15,1,15,190,2850,
sale-item:3265,sale:1759,1141,presentation:1255,2,40,80,4650,9300,
sale-item:3266,sale:1760,1141,presentation:1251,2,1,2,118,236,
sale-item:3267,sale:1761,1141,presentation:1250,0.5,40,20,4700,2350,
sale-item:3268,sale:1761,596,presentation:754,1,1,1,147,147,
sale-item:3269,sale:1762,1141,presentation:1251,3,1,3,118,354,
sale-item:3270,sale:1763,1141,presentation:1250,1,40,40,4700,4700,
sale-item:3271,sale:1764,780,presentation:975,1,7,7,3150,3150,
sale-item:3272,sale:1765,7,presentation:8,5,1,5,95,475,
sale-item:3273,sale:1766,1141,presentation:1254,1,40,40,4400,4400,
sale-item:3274,sale:1766,7,presentation:1043,1,40,40,3450,3450,
sale-item:3275,sale:1767,1056,presentation:1193,1,1,1,415,415,
sale-item:3276,sale:1768,1141,presentation:1251,20,1,20,118,2360,
sale-item:3277,sale:1768,7,presentation:8,20,1,20,95,1900,
sale-item:3278,sale:1769,1141,presentation:1253,4,40,160,4250,17000,
sale-item:3279,sale:1770,913,presentation:1268,1,14,14,7420,7420,
sale-item:3280,sale:1771,913,presentation:1266,1,7,7,3700,3700,
sale-item:3281,sale:1772,913,presentation:1266,1,7,7,3700,3700,
sale-item:3282,sale:1773,957,presentation:1088,1,7,7,1800,1800,
sale-item:3283,sale:1774,852,presentation:892,3,1,3,450,1350,
sale-item:3284,sale:1774,703,presentation:844,7,1,7,600,4200,
sale-item:3285,sale:1774,913,presentation:954,7,1,7,530,3710,
sale-item:3286,sale:1774,1141,presentation:1250,1,40,40,4700,4700,
sale-item:3287,sale:1775,703,presentation:844,2,1,2,600,1200,
sale-item:3288,sale:1776,1056,presentation:1193,1,1,1,415,415,
sale-item:3289,sale:1777,633,presentation:638,10,1,10,180,1800,
sale-item:3290,sale:1777,269,presentation:270,2,1,2,95,190,
sale-item:3291,sale:1777,123,presentation:122,2,1,2,12,24,
sale-item:3292,sale:1777,173,presentation:173,4,1,4,35,140,
sale-item:3293,sale:1777,261,presentation:266,8,1,8,26,208,
sale-item:3294,sale:1777,1109,presentation:1200,1,1,1,150,150,
sale-item:3295,sale:1777,152,presentation:152,4,1,4,8,32,
sale-item:3296,sale:1777,156,presentation:157,3,1,3,25,75,
sale-item:3297,sale:1777,70,presentation:68,8,1,8,35,280,
sale-item:3298,sale:1777,112,presentation:111,4,1,4,8,32,
sale-item:3299,sale:1778,852,presentation:892,1,1,1,450,450,
sale-item:3300,sale:1778,1141,presentation:1251,15,1,15,118,1770,
sale-item:3301,sale:1778,703,presentation:844,2,1,2,600,1200,
sale-item:3302,sale:1778,289,presentation:292,3,1,3,330,990,
sale-item:3303,sale:1779,633,presentation:638,10,1,10,180,1800,
sale-item:3304,sale:1779,173,presentation:173,4,1,4,35,140,
sale-item:3305,sale:1779,123,presentation:122,2,1,2,12,24,
sale-item:3306,sale:1779,70,presentation:68,8,1,8,35,280,
sale-item:3307,sale:1779,1109,presentation:1200,1,1,1,150,150,
sale-item:3308,sale:1779,112,presentation:111,4,1,4,8,32,
sale-item:3309,sale:1779,152,presentation:152,4,1,4,8,32,
sale-item:3310,sale:1779,261,presentation:266,8,1,8,26,208,
sale-item:3311,sale:1779,156,presentation:157,3,1,3,25,75,
sale-item:3312,sale:1779,284,presentation:287,20,1,20,25,500,
sale-item:3313,sale:1779,269,presentation:1347,2,1,2,126,252,
sale-item:3314,sale:1779,293,presentation:301,3,1,3,37,111,
sale-item:3315,sale:1779,294,presentation:302,3,1,3,60,180,
sale-item:3316,sale:1780,633,presentation:638,10,1,10,180,1800,
sale-item:3317,sale:1780,269,presentation:1347,2,1,2,126,252,
sale-item:3318,sale:1780,123,presentation:122,2,1,2,12,24,
sale-item:3319,sale:1780,173,presentation:173,4,1,4,35,140,
sale-item:3320,sale:1780,70,presentation:68,8,1,8,35,280,
sale-item:3321,sale:1780,1109,presentation:1200,1,1,1,150,150,
sale-item:3322,sale:1780,112,presentation:111,4,1,4,8,32,
sale-item:3323,sale:1780,152,presentation:152,4,1,4,8,32,
sale-item:3324,sale:1780,261,presentation:266,8,1,8,26,208,
sale-item:3325,sale:1780,156,presentation:157,3,1,3,25,75,
sale-item:3326,sale:1781,7,presentation:1303,2,40,80,3300,6600,
sale-item:3327,sale:1782,7,presentation:1043,1,40,40,3450,3450,
sale-item:3328,sale:1782,1109,presentation:1200,2,1,2,150,300,
sale-item:3329,sale:1782,261,presentation:266,7,1,7,26,182,
sale-item:3330,sale:1783,633,presentation:638,3,1,3,180,540,
sale-item:3331,sale:1784,703,presentation:844,3,1,3,600,1800,
sale-item:3332,sale:1785,1052,presentation:1126,5,1,5,9,45,
sale-item:3333,sale:1786,7,presentation:1043,1,40,40,3450,3450,
sale-item:3334,sale:1787,8,presentation:9,1,40,40,3600,3600,
sale-item:3335,sale:1787,1141,presentation:1250,0.5,40,20,4700,2350,
sale-item:3336,sale:1788,1056,presentation:1342,1,7,7,2900,2900,
sale-item:3337,sale:1789,8,presentation:9,1,40,40,3600,3600,
sale-item:3338,sale:1790,294,presentation:302,2,1,2,60,120,
sale-item:3339,sale:1791,7,presentation:8,20,1,20,95,1900,
sale-item:3340,sale:1791,1141,presentation:1251,10,1,10,118,1180,
sale-item:3341,sale:1791,289,presentation:292,4,1,4,330,1320,
sale-item:3342,sale:1792,7,presentation:7,1,40,40,3800,3800,
sale-item:3343,sale:1792,1141,presentation:1251,10,1,10,118,1180,
sale-item:3344,sale:1793,594,presentation:755,2,84,168,22000,44000,
sale-item:3345,sale:1793,687,presentation:691,1,1,1,29,29,
sale-item:3346,sale:1794,303,presentation:310,2,1,2,8,16,
sale-item:3347,sale:1794,1176,presentation:1304,1,1,1,16,16,
sale-item:3348,sale:1794,1141,presentation:1250,1,40,40,4700,4700,
sale-item:3349,sale:1795,1141,presentation:1250,1,40,40,4700,4700,
sale-item:3350,sale:1795,687,presentation:691,1,1,1,29,29,
sale-item:3351,sale:1796,633,presentation:638,5,1,5,322,1610,
sale-item:3352,sale:1796,188,presentation:187,3,1,3,11,33,
sale-item:3353,sale:1796,70,presentation:68,6,1,6,35,210,
sale-item:3354,sale:1796,156,presentation:157,4,1,4,25,100,
sale-item:3355,sale:1796,173,presentation:173,6,1,6,35,210,
sale-item:3356,sale:1796,261,presentation:266,4,1,4,26,104,
sale-item:3357,sale:1796,1029,presentation:1094,2,1,2,90,180,
sale-item:3358,sale:1797,300,presentation:307,2,1,2,15,30,
sale-item:3359,sale:1798,703,presentation:844,3,1,3,600,1800,
sale-item:3360,sale:1799,923,presentation:964,1,7,7,2000,2000,
sale-item:3361,sale:1800,703,presentation:844,0.5,1,0.5,600,300,
sale-item:3362,sale:1800,913,presentation:954,0.5,1,0.5,530,265,
sale-item:3363,sale:1800,1141,presentation:1251,10,1,10,118,1180,
sale-item:3364,sale:1800,782,presentation:819,3,1,3,190,570,
sale-item:3365,sale:1800,540,presentation:545,1,1,1,865,865,
sale-item:3366,sale:1801,703,presentation:844,1,1,1,600,600,
sale-item:3367,sale:1801,852,presentation:892,1,1,1,450,450,
sale-item:3368,sale:1802,995,presentation:1051,60,1,60,56,3360,
sale-item:3369,sale:1803,1019,presentation:1079,1,1,1,65,65,
sale-item:3370,sale:1803,284,presentation:287,6,1,6,25,150,
sale-item:3371,sale:1804,1180,presentation:1311,1,1,1,32,32,
sale-item:3372,sale:1805,132,presentation:132,1,1,1,319,319,
sale-item:3373,sale:1805,293,presentation:301,4,1,4,37,148,
sale-item:3374,sale:1805,284,presentation:287,3,1,3,25,75,
sale-item:3375,sale:1806,1141,presentation:1250,1,40,40,4700,4700,
sale-item:3376,sale:1806,286,presentation:289,21,1,21,25,525,
sale-item:3377,sale:1806,1107,presentation:1198,39,1,39,25,975,
sale-item:3378,sale:1806,284,presentation:287,30,1,30,25,750,
sale-item:3379,sale:1806,293,presentation:301,2,1,2,37,74,
sale-item:3380,sale:1806,294,presentation:302,2,1,2,60,120,
sale-item:3381,sale:1807,1141,presentation:1252,1,40,40,4500,4500,
sale-item:3382,sale:1807,7,presentation:1191,1,40,40,3600,3600,
sale-item:3383,sale:1807,288,presentation:291,20,1,20,200,4000,
sale-item:3384,sale:1808,284,presentation:1128,50,1,50,24.5,1225,
sale-item:3385,sale:1809,980,presentation:1026,40,1,40,146,5840,
sale-item:3386,sale:1810,140,presentation:140,1,1,1,21,21,
sale-item:3387,sale:1811,235,presentation:235,1,1,1,75,75,
sale-item:3388,sale:1811,790,presentation:828,1,1,1,45,45,
sale-item:3389,sale:1811,325,presentation:332,1,1,1,4,4,
sale-item:3390,sale:1812,224,presentation:223,5,1,5,10,50,
sale-item:3391,sale:1813,852,presentation:892,1,1,1,450,450,
sale-item:3392,sale:1814,1141,presentation:1253,2,40,80,4250,8500,
sale-item:3393,sale:1815,913,presentation:1269,1,14,14,6720,6720,
sale-item:3394,sale:1816,913,presentation:1266,1,7,7,3700,3700,
sale-item:3395,sale:1817,987,presentation:1287,5,1000,5000,3800,19000,
sale-item:3396,sale:1818,8,presentation:285,20,1,20,98,1960,
sale-item:3397,sale:1819,1141,presentation:1255,3,40,120,4650,13950,
sale-item:3398,sale:1820,669,presentation:673,2,1,2,9,18,
sale-item:3399,sale:1821,1141,presentation:1254,2,40,80,4400,8800,
sale-item:3400,sale:1821,289,presentation:292,10,1,10,330,3300,
sale-item:3401,sale:1822,1047,presentation:1121,1,1,1,100,100,
sale-item:3402,sale:1823,783,presentation:821,4,1,4,54,216,
sale-item:3403,sale:1824,7,presentation:1043,2,40,80,3450,6900,
sale-item:3404,sale:1825,1056,presentation:1193,3.5,1,3.5,415,1452.5,
sale-item:3405,sale:1826,594,presentation:620,5,1,5,262,1310,
sale-item:3406,sale:1826,1141,presentation:1251,1,1,1,118,118,
sale-item:3407,sale:1826,703,presentation:844,2,1,2,600,1200,
sale-item:3408,sale:1826,852,presentation:892,0.5,1,0.5,450,225,
sale-item:3409,sale:1826,284,presentation:287,5,1,5,27,135,
sale-item:3410,sale:1826,8,presentation:285,15,1,15,90,1350,
sale-item:3411,sale:1827,1141,presentation:1253,2,40,80,4250,8500,
sale-item:3412,sale:1827,7,presentation:1303,2,40,80,3300,6600,
sale-item:3413,sale:1828,279,presentation:756,20,1,20,9,180,
sale-item:3414,sale:1829,125,presentation:124,1,1,1,122,122,
sale-item:3415,sale:1830,1141,presentation:1254,2,40,80,4400,8800,
sale-item:3416,sale:1831,780,presentation:976,4,1,4,450,1800,
sale-item:3417,sale:1832,6,presentation:5,1,20,20,3800,3800,
sale-item:3418,sale:1833,594,presentation:620,40,1,40,262,10480,
sale-item:3419,sale:1833,596,presentation:1280,40,1,40,144,5760,
sale-item:3420,sale:1833,287,presentation:1132,100,1,100,24.5,2450,
sale-item:3421,sale:1833,284,presentation:1128,71,1,71,26.5,1881.5,
sale-item:3422,sale:1834,775,presentation:805,3,1,3,1300,3900,
sale-item:3423,sale:1835,775,presentation:805,4,1,4,1300,5200,
sale-item:3424,sale:1836,780,presentation:976,4,1,4,540,2160,
sale-item:3425,sale:1837,1192,presentation:1350,300,1,300,3.2,960,
sale-item:3426,sale:1838,8,presentation:9,1,40,40,3600,3600,
sale-item:3427,sale:1838,1141,presentation:1250,1,40,40,4700,4700,
sale-item:3428,sale:1839,1141,presentation:1250,2.5,40,100,4700,11750,
sale-item:3429,sale:1840,145,presentation:145,1,1,1,56,56,
sale-item:3430,sale:1841,1141,presentation:1250,1,40,40,4700,4700,
sale-item:3431,sale:1842,289,presentation:292,30,1,30,300,9000,
sale-item:3432,sale:1843,289,presentation:292,3,1,3,330,990,
sale-item:3433,sale:1843,7,presentation:8,20,1,20,95,1900,
sale-item:3434,sale:1844,703,presentation:1084,1,7,7,4200,4200,
sale-item:3435,sale:1845,596,presentation:754,25,1,25,147,3675,
sale-item:3436,sale:1845,284,presentation:287,50,1,50,27,1350,
sale-item:3437,sale:1845,987,presentation:1344,2,1000,2000,3700,7400,
sale-item:3438,sale:1846,987,presentation:1042,1,1000,1000,4230,4230,
sale-item:3439,sale:1847,781,presentation:818,40,1,40,89,3560,
sale-item:3440,sale:1847,1141,presentation:1251,10,1,10,118,1180,
sale-item:3441,sale:1848,1141,presentation:1253,4,40,160,4250,17000,
sale-item:3442,sale:1849,279,presentation:756,10,1,10,9,90,
sale-item:3443,sale:1849,1183,presentation:1329,1,1,1,8,8,
sale-item:3444,sale:1849,546,presentation:552,1,1,1,1,1,
sale-item:3445,sale:1849,771,presentation:801,1,1,1,18,18,
sale-item:3446,sale:1850,546,presentation:552,3,1,3,1,3,
sale-item:3447,sale:1850,279,presentation:756,5,1,5,9,45,
sale-item:3448,sale:1850,1183,presentation:1329,2,1,2,8,16,
sale-item:3449,sale:1851,279,presentation:756,20,1,20,9,180,
sale-item:3450,sale:1852,697,presentation:700,2,1,2,142,284,
sale-item:3451,sale:1852,596,presentation:754,5,1,5,147,735,
sale-item:3452,sale:1853,1141,presentation:1254,2,40,80,4400,8800,
sale-item:3453,sale:1854,230,presentation:230,1,1,1,13,13,
sale-item:3454,sale:1854,16,presentation:19,1,1,1,27,27,
sale-item:3455,sale:1855,987,presentation:1287,5,1000,5000,3800,19000,
sale-item:3456,sale:1856,1141,presentation:1254,2,40,80,4400,8800,
sale-item:3457,sale:1857,1141,presentation:1254,1,40,40,4400,4400,
sale-item:3458,sale:1858,987,presentation:1344,5,1000,5000,3700,18500,
sale-item:3459,sale:1859,1141,presentation:1250,1.5,40,60,4700,7050,
sale-item:3460,sale:1859,8,presentation:9,1.5,40,60,3600,5400,
sale-item:3461,sale:1860,1141,presentation:1250,0.5,40,20,4700,2350,
sale-item:3462,sale:1860,8,presentation:9,1,40,40,3600,3600,
sale-item:3463,sale:1861,703,presentation:844,3,1,3,600,1800,
sale-item:3464,sale:1861,852,presentation:892,3,1,3,450,1350,
sale-item:3465,sale:1861,1141,presentation:1251,20,1,20,118,2360,
sale-item:3466,sale:1861,913,presentation:954,3,1,3,530,1590,
sale-item:3467,sale:1861,8,presentation:285,20,1,20,90,1800,
sale-item:3468,sale:1862,771,presentation:801,1,1,1,18,18,
sale-item:3469,sale:1862,546,presentation:552,1,1,1,1,1,
sale-item:3470,sale:1862,1103,presentation:1190,2,1,2,10,20,
sale-item:3471,sale:1863,1141,presentation:1251,10,1,10,118,1180,
sale-item:3472,sale:1863,7,presentation:7,1,40,40,3800,3800,
sale-item:3473,sale:1864,1141,presentation:1251,20,1,20,118,2360,
sale-item:3474,sale:1864,8,presentation:285,20,1,20,90,1800,
sale-item:3475,sale:1865,596,presentation:754,1,1,1,147,147,
sale-item:3476,sale:1866,1141,presentation:1253,2,40,80,4250,8500,
sale-item:3477,sale:1867,703,presentation:844,2,1,2,600,1200,
sale-item:3478,sale:1867,852,presentation:892,0.5,1,0.5,450,225,
sale-item:3479,sale:1867,596,presentation:754,2,1,2,147,294,
sale-item:3480,sale:1867,8,presentation:285,5,1,5,90,450,
sale-item:3481,sale:1867,1141,presentation:1251,10,1,10,118,1180,
sale-item:3482,sale:1867,913,presentation:954,1,1,1,530,530,
sale-item:3483,sale:1868,923,presentation:964,1,7,7,2000,2000,
sale-item:3484,sale:1869,913,presentation:1266,1,7,7,3700,3700,
sale-item:3485,sale:1870,1141,presentation:1250,1.5,40,60,4700,7050,
sale-item:3486,sale:1870,6,presentation:5,1.5,20,30,3800,5700,
sale-item:3487,sale:1871,6,presentation:1351,2,20,40,3300,6600,
sale-item:3488,sale:1872,1180,presentation:1311,1,1,1,32,32,
sale-item:3489,sale:1873,1141,presentation:1251,6,1,6,118,708,
sale-item:3490,sale:1874,288,presentation:291,20,1,20,200,4000,
sale-item:3491,sale:1874,6,presentation:1162,1,20,20,3600,3600,
sale-item:3492,sale:1874,1141,presentation:1252,1,40,40,4500,4500,
sale-item:3493,sale:1875,6,presentation:1083,1,20,20,3600,3600,
sale-item:3494,sale:1875,287,presentation:290,26,1,26,25,650,
sale-item:3495,sale:1876,913,presentation:954,7,1,7,530,3710,
sale-item:3496,sale:1877,913,presentation:954,2,1,2,530,1060,
sale-item:3497,sale:1877,7,presentation:8,10,1,10,95,950,
sale-item:3498,sale:1878,923,presentation:1249,1,14,14,4000,4000,
sale-item:3499,sale:1879,703,presentation:844,14,1,14,600,8400,
sale-item:3500,sale:1880,703,presentation:844,1.5,1,1.5,600,900,
sale-item:3501,sale:1881,703,presentation:844,1,1,1,600,600,
sale-item:3502,sale:1882,1141,presentation:1251,20,1,20,118,2360,
sale-item:3503,sale:1882,596,presentation:754,3,1,3,155,465,
sale-item:3504,sale:1882,780,presentation:976,1,1,1,540,540,
sale-item:3505,sale:1882,8,presentation:285,3,1,3,90,270,
sale-item:3506,sale:1883,852,presentation:892,3,1,3,450,1350,
sale-item:3507,sale:1884,6,presentation:1162,0.5,20,10,3600,1800,
sale-item:3508,sale:1884,1141,presentation:1252,0.5,40,20,4500,2250,
sale-item:3509,sale:1885,1141,presentation:1253,2,40,80,4250,8500,
sale-item:3510,sale:1886,1141,presentation:1251,20,1,20,118,2360,
sale-item:3511,sale:1886,733,presentation:740,15,1,15,308,4620,
sale-item:3512,sale:1886,284,presentation:287,3,1,3,27,81,
sale-item:3513,sale:1887,287,presentation:290,26,1,26,25,650,
sale-item:3514,sale:1887,1141,presentation:1254,1,40,40,4400,4400,
sale-item:3515,sale:1888,1141,presentation:1251,20,1,20,118,2360,
sale-item:3516,sale:1889,286,presentation:289,25,1,25,25,625,
sale-item:3517,sale:1889,284,presentation:287,32,1,32,27,864,
sale-item:3518,sale:1889,8,presentation:285,30,1,30,90,2700,
sale-item:3519,sale:1889,1141,presentation:1250,2,40,80,4700,9400,
sale-item:3520,sale:1889,285,presentation:288,5,1,5,25,125,
sale-item:3521,sale:1889,1107,presentation:1198,15,1,15,25,375,
sale-item:3522,sale:1890,1171,presentation:1298,4,1,4,22,88,
sale-item:3523,sale:1890,269,presentation:270,1,1,1,130,130,
sale-item:3524,sale:1890,112,presentation:111,8,1,8,8,64,
sale-item:3525,sale:1890,160,presentation:160,4,1,4,5,20,
sale-item:3526,sale:1890,789,presentation:827,1,1,1,80,80,
sale-item:3527,sale:1891,294,presentation:1334,1,0.5,0.5,30,30,
sale-item:3528,sale:1892,1141,presentation:1250,1,40,40,4700,4700,
sale-item:3529,sale:1892,284,presentation:287,5,1,5,27,135,
sale-item:3530,sale:1893,703,presentation:844,1,1,1,600,600,
sale-item:3531,sale:1894,596,presentation:1130,1,150,150,22640,22640,
sale-item:3532,sale:1894,284,presentation:1128,50,1,50,26.5,1325,
sale-item:3533,sale:1894,287,presentation:1132,50,1,50,24.5,1225,
sale-item:3534,sale:1895,780,presentation:976,2,1,2,540,1080,
sale-item:3535,sale:1896,1141,presentation:1250,1,40,40,4700,4700,
sale-item:3536,sale:1897,540,presentation:545,1,1,1,865,865,
sale-item:3537,sale:1897,143,presentation:143,2,1,2,30,60,
sale-item:3538,sale:1897,76,presentation:73,1,1,1,49,49,
sale-item:3539,sale:1898,987,presentation:1344,5,1000,5000,3700,18500,
sale-item:3540,sale:1899,987,presentation:1287,5,1000,5000,3800,19000,
sale-item:3541,sale:1900,1141,presentation:1250,1,40,40,4700,4700,
sale-item:3542,sale:1900,284,presentation:287,15,1,15,27,405,
sale-item:3543,sale:1900,296,presentation:304,2,1,2,39,78,
sale-item:3544,sale:1900,293,presentation:301,2,1,2,37,74,
sale-item:3545,sale:1901,8,presentation:9,0.5,40,20,3600,1800,
sale-item:3546,sale:1901,1141,presentation:1251,20,1,20,118,2360,
sale-item:3547,sale:1901,284,presentation:287,2,1,2,27,54,
sale-item:3548,sale:1902,1141,presentation:1252,2,40,80,4500,9000,
sale-item:3549,sale:1903,669,presentation:673,20,1,20,9,180,
sale-item:3550,sale:1904,118,presentation:117,1,1,1,215,215,
sale-item:3551,sale:1905,8,presentation:285,96,1,96,90,8640,
sale-item:3552,sale:1905,913,presentation:954,17,1,17,530,9010,
sale-item:3553,sale:1905,1024,presentation:1354,4,1,4,2200,8800,
sale-item:3554,sale:1906,1141,presentation:1254,1,40,40,4400,4400,
sale-item:3555,sale:1906,289,presentation:292,5,1,5,330,1650,
sale-item:3556,sale:1907,8,presentation:9,1,40,40,3600,3600,
sale-item:3557,sale:1908,1176,presentation:1304,2,1,2,16,32,
sale-item:3558,sale:1909,736,presentation:742,0.5,1,0.5,104,52,
sale-item:3559,sale:1910,6,presentation:5,1,20,20,3800,3800,
sale-item:3560,sale:1910,1141,presentation:1251,10,1,10,118,1180,
sale-item:3561,sale:1911,566,presentation:572,8,1,8,9,72,
sale-item:3562,sale:1911,617,presentation:621,8,1,8,2,16,
sale-item:3563,sale:1911,608,presentation:612,8,1,8,4,32,
sale-item:3564,sale:1911,736,presentation:742,0.5,1,0.5,104,52,
sale-item:3565,sale:1911,1001,presentation:1059,1,1,1,34,34,
sale-item:3566,sale:1911,1146,presentation:1262,1,1,1,261,261,
sale-item:3567,sale:1911,1142,presentation:1258,1,1,1,103,103,
sale-item:3568,sale:1911,897,presentation:938,1,1,1,34,34,
sale-item:3569,sale:1911,391,presentation:400,7,1,7,1,7,
sale-item:3570,sale:1911,613,presentation:616,14,1,14,1,14,
sale-item:3571,sale:1911,398,presentation:406,7,1,7,0.5,3.5,
sale-item:3572,sale:1911,1103,presentation:1190,1,1,1,10,10,
sale-item:3573,sale:1911,125,presentation:124,1,1,1,122,122,
sale-item:3574,sale:1911,305,presentation:312,1,1,1,8,8,
sale-item:3575,sale:1911,108,presentation:107,1,1,1,23,23,
sale-item:3576,sale:1911,553,presentation:564,1,1,1,55,55,
sale-item:3577,sale:1911,954,presentation:999,1,1,1,28,28,
sale-item:3578,sale:1911,1044,presentation:1119,1,1,1,216,216,
sale-item:3579,sale:1911,325,presentation:332,1,1,1,4,4,
sale-item:3580,sale:1911,673,presentation:676,1,1,1,7,7,
sale-item:3581,sale:1911,1184,presentation:1330,2,1,2,8,16,
sale-item:3582,sale:1911,305,presentation:312,1,1,1,8,8,
sale-item:3583,sale:1911,670,presentation:674,1,1,1,18,18,
sale-item:3584,sale:1911,325,presentation:332,1,1,1,4,4,
sale-item:3585,sale:1911,1041,presentation:1116,1,1,1,228,228,
sale-item:3586,sale:1912,957,presentation:1194,1,30,30,5000,5000,
sale-item:3587,sale:1913,1141,presentation:1251,4,1,4,118,472,
sale-item:3588,sale:1914,1141,presentation:1251,20,1,20,118,2360,
sale-item:3589,sale:1914,913,presentation:954,0.5,1,0.5,530,265,
sale-item:3590,sale:1915,1141,presentation:1251,4,1,4,118,472,
sale-item:3591,sale:1915,1079,presentation:1161,1,1,1,105,105,
sale-item:3592,sale:1916,956,presentation:1001,5,1,5,68,340,
sale-item:3593,sale:1916,84,presentation:83,8,1,8,3,24,
sale-item:3594,sale:1916,222,presentation:221,7,1,7,2,14,
sale-item:3595,sale:1916,193,presentation:195,9,1,9,3,27,
sale-item:3596,sale:1916,81,presentation:79,9,1,9,2,18,
sale-item:3597,sale:1916,89,presentation:88,9,1,9,2,18,
sale-item:3598,sale:1916,255,presentation:256,15,1,15,2,30,
sale-item:3599,sale:1916,109,presentation:108,7,1,7,4,28,
sale-item:3600,sale:1916,189,presentation:189,2,1,2,3,6,
sale-item:3601,sale:1916,67,presentation:66,4,1,4,25,100,
sale-item:3602,sale:1916,141,presentation:141,2,1,2,30,60,
sale-item:3603,sale:1916,51,presentation:50,4,1,4,3,12,
sale-item:3604,sale:1916,215,presentation:215,2,1,2,8,16,
sale-item:3605,sale:1916,1141,presentation:1251,20,1,20,118,2360,
sale-item:3606,sale:1916,791,presentation:829,2,1,2,65,130,
sale-item:3607,sale:1916,1041,presentation:1116,1,1,1,228,228,
sale-item:3608,sale:1917,295,presentation:303,2,1,2,37,74,
sale-item:3609,sale:1918,547,presentation:553,4,1,4,30,120,
sale-item:3610,sale:1919,7,presentation:7,2,40,80,3800,7600,
sale-item:3611,sale:1920,733,presentation:740,7,1,7,308,2156,
sale-item:3612,sale:1920,596,presentation:754,1,1,1,155,155,
sale-item:3613,sale:1920,294,presentation:1334,1,0.5,0.5,30,30,
sale-item:3614,sale:1920,293,presentation:301,0.5,1,0.5,37,18.5,
sale-item:3615,sale:1921,703,presentation:844,3,1,3,600,1800,
sale-item:3616,sale:1922,703,presentation:844,4,1,4,600,2400,
sale-item:3617,sale:1923,283,presentation:286,30,1,30,25,750,
sale-item:3618,sale:1924,284,presentation:287,5,1,5,27,135,
sale-item:3619,sale:1925,697,presentation:700,10,1,10,142,1420,
sale-item:3620,sale:1926,1056,presentation:1342,2,7,14,2900,5800,
sale-item:3621,sale:1926,735,presentation:1165,2,1,2,1900,3800,
sale-item:3622,sale:1927,1141,presentation:1251,20,1,20,118,2360,
sale-item:3623,sale:1928,7,presentation:1043,1,40,40,3450,3450,
sale-item:3624,sale:1929,1141,presentation:1252,2,40,80,4500,9000,
sale-item:3625,sale:1929,8,presentation:285,20,1,20,90,1800,
sale-item:3626,sale:1930,1141,presentation:1250,2,40,80,4700,9400,
sale-item:3627,sale:1931,284,presentation:287,3,1,3,27,81,
sale-item:3628,sale:1931,296,presentation:304,1,1,1,39,39,
sale-item:3629,sale:1931,293,presentation:301,2,1,2,37,74,
sale-item:3630,sale:1932,1141,presentation:1250,1,40,40,4700,4700,
sale-item:3631,sale:1933,735,presentation:1165,2,1,2,1900,3800,
sale-item:3632,sale:1934,1056,presentation:1342,2,7,14,2900,5800,
sale-item:3633,sale:1935,735,presentation:1165,2,1,2,1900,3800,
sale-item:3634,sale:1936,1141,presentation:1255,2,40,80,4650,9300,
sale-item:3635,sale:1937,113,presentation:112,1,1,1,23,23,
sale-item:3636,sale:1938,733,presentation:740,7,1,7,308,2156,
sale-item:3637,sale:1939,1141,presentation:1251,8,1,8,118,944,
sale-item:3638,sale:1940,1178,presentation:1309,1,30,30,14000,14000,
sale-item:3639,sale:1941,207,presentation:207,1,1,1,298,298,
sale-item:3640,sale:1942,1178,presentation:1309,1,30,30,14000,14000,
sale-item:3641,sale:1943,1178,presentation:1309,1,30,30,14000,14000,
sale-item:3642,sale:1944,1056,presentation:1193,4,1,4,415,1660,
sale-item:3643,sale:1945,6,presentation:5,1,20,20,3800,3800,
sale-item:3644,sale:1945,1141,presentation:1250,1,40,40,4700,4700,
sale-item:3645,sale:1946,534,presentation:539,60,1,60,0.5,30,
sale-item:3646,sale:1946,535,presentation:540,50,1,50,0.5,25,
sale-item:3647,sale:1947,610,presentation:614,8,1,8,0.5,4,
sale-item:3648,sale:1947,397,presentation:405,4,1,4,0.5,2,
sale-item:3649,sale:1947,619,presentation:623,4,1,4,0.5,2,
sale-item:3650,sale:1948,7,presentation:1191,0.5,40,20,3600,1800,
sale-item:3651,sale:1948,1141,presentation:1252,2.5,40,100,4500,11250,
sale-item:3652,sale:1949,7,presentation:1043,1,40,40,3450,3450,
sale-item:3653,sale:1950,703,presentation:844,3,1,3,600,1800,
sale-item:3654,sale:1950,1141,presentation:1251,20,1,20,118,2360,
sale-item:3655,sale:1950,284,presentation:287,5,1,5,27,135,
sale-item:3656,sale:1951,1017,presentation:1077,2,2,4,60,120,
sale-item:3657,sale:1952,679,presentation:683,1,1,1,280,280,
sale-item:3658,sale:1953,852,presentation:892,3,1,3,450,1350,
sale-item:3659,sale:1954,880,presentation:920,1,1,1,21,21,
sale-item:3660,sale:1954,1053,presentation:1127,1,1,1,7,7,
sale-item:3661,sale:1954,1141,presentation:1251,4,1,4,118,472,
sale-item:3662,sale:1955,23,presentation:23,1,1,1,331,331,
sale-item:3663,sale:1956,715,presentation:723,40,1,40,11,440,
sale-item:3664,sale:1956,1194,presentation:1356,1,1,1,560,560,
sale-item:3665,sale:1956,813,presentation:852,1,1,1,221,221,
sale-item:3666,sale:1956,812,presentation:863,1,1,1,380,380,
sale-item:3667,sale:1956,705,presentation:713,35,1,35,9,315,
sale-item:3668,sale:1957,703,presentation:844,1.5,1,1.5,600,900,
sale-item:3669,sale:1957,1141,presentation:1251,20,1,20,118,2360,
sale-item:3670,sale:1958,957,presentation:1343,1,30,30,5600,5600,
sale-item:3671,sale:1959,8,presentation:9,1,40,40,3600,3600,
sale-item:3672,sale:1959,1141,presentation:1251,20,1,20,118,2360,
sale-item:3673,sale:1960,957,presentation:1194,1,30,30,5000,5000,
sale-item:3674,sale:1961,1141,presentation:1251,15,1,15,118,1770,
sale-item:3675,sale:1962,1141,presentation:1251,2,1,2,118,236,
sale-item:3676,sale:1963,1141,presentation:1251,20,1,20,118,2360,
sale-item:3677,sale:1963,7,presentation:8,20,1,20,95,1900,
sale-item:3678,sale:1963,243,presentation:244,1,1,1,595,595,
sale-item:3679,sale:1964,780,presentation:975,1,7,7,3780,3780,
sale-item:3680,sale:1965,735,presentation:741,6,1,6,1950,11700,
sale-item:3681,sale:1965,596,presentation:754,4,1,4,155,620,
sale-item:3682,sale:1965,284,presentation:287,4,1,4,27,108,
sale-item:3683,sale:1966,594,presentation:1357,1,84,84,22640,22640,
sale-item:3684,sale:1966,288,presentation:291,20,1,20,200,4000,
sale-item:3685,sale:1967,735,presentation:1165,1,1,1,1900,1900,
sale-item:3686,sale:1968,733,presentation:740,4,1,4,308,1232,
sale-item:3687,sale:1969,8,presentation:285,1,1,1,90,90,
sale-item:3688,sale:1970,735,presentation:741,1,1,1,1950,1950,
sale-item:3689,sale:1971,703,presentation:844,2,1,2,600,1200,
sale-item:3690,sale:1972,733,presentation:740,1,1,1,308,308,
sale-item:3691,sale:1972,284,presentation:287,1,1,1,27,27,
sale-item:3692,sale:1973,1052,presentation:1126,1,1,1,9,9,
sale-item:3693,sale:1973,1053,presentation:1127,1,1,1,7,7,
sale-item:3694,sale:1974,780,presentation:975,1,7,7,3780,3780,
sale-item:3695,sale:1975,1141,presentation:1251,10,1,10,118,1180,
sale-item:3696,sale:1976,1114,presentation:1211,1,1,1,100,100,
sale-item:3697,sale:1977,1193,presentation:1352,40,1,40,429,17160,
sale-item:3698,sale:1977,284,presentation:1128,50,1,50,26.5,1325,
sale-item:3699,sale:1978,669,presentation:673,2,1,2,9,18,
sale-item:3700,sale:1978,954,presentation:999,1,1,1,28,28,
sale-item:3701,sale:1979,1138,presentation:1244,1,1,1,180,180,
sale-item:3702,sale:1979,801,presentation:840,2,1,2,85,170,
sale-item:3703,sale:1980,1052,presentation:1126,5,1,5,9,45,
sale-item:3704,sale:1981,782,presentation:819,5,1,5,190,950,
sale-item:3705,sale:1982,7,presentation:1043,1,40,40,3450,3450,
sale-item:3706,sale:1982,1141,presentation:1254,1,40,40,4400,4400,
sale-item:3707,sale:1983,1141,presentation:1251,10,1,10,118,1180,
sale-item:3708,sale:1984,7,presentation:8,1,1,1,95,95,
sale-item:3709,sale:1985,1056,presentation:1342,1,7,7,2900,2900,
sale-item:3710,sale:1986,8,presentation:9,0.5,40,20,3600,1800,
sale-item:3711,sale:1986,4,presentation:1,0.5,20,10,4700,2350,
sale-item:3712,sale:1987,733,presentation:740,4,1,4,308,1232,
sale-item:3713,sale:1987,852,presentation:892,2,1,2,450,900,
sale-item:3714,sale:1988,703,presentation:844,3,1,3,600,1800,
sale-item:3715,sale:1989,780,presentation:976,1,1,1,540,540,
sale-item:3716,sale:1989,913,presentation:954,1,1,1,530,530,
sale-item:3717,sale:1989,1141,presentation:1251,4,1,4,118,472,
sale-item:3718,sale:1989,8,presentation:285,5,1,5,90,450,
sale-item:3719,sale:1990,127,presentation:126,1,1,1,26,26,
sale-item:3720,sale:1991,4,presentation:1320,2,20,40,4250,8500,
sale-item:3721,sale:1992,7,presentation:7,1,40,40,3800,3800,
sale-item:3722,sale:1993,7,presentation:1043,1,40,40,3450,3450,
sale-item:3723,sale:1994,145,presentation:145,1,1,1,56,56,
sale-item:3724,sale:1995,7,presentation:1043,1,40,40,3450,3450,
sale-item:3725,sale:1995,1188,presentation:1338,1,1,1,30,30,
sale-item:3726,sale:1996,1141,presentation:1254,1,40,40,4400,4400,
sale-item:3727,sale:1997,987,presentation:1344,5,1000,5000,3700,18500,
sale-item:3728,sale:1998,703,presentation:844,1,1,1,600,600,
sale-item:3729,sale:1999,703,presentation:1038,1,30,30,17300,17300,
sale-item:3730,sale:2000,923,presentation:964,1,7,7,2000,2000,
sale-item:3731,sale:2001,1141,presentation:1251,15,1,15,118,1770,
sale-item:3732,sale:2002,4,presentation:1320,2,20,40,4250,8500,
sale-item:3733,sale:2003,4,presentation:1308,5,20,100,4400,22000,
sale-item:3734,sale:2003,1193,presentation:1352,14,1,14,429,6006,
sale-item:3735,sale:2003,594,presentation:1359,32,1,32,270,8640,
sale-item:3736,sale:2003,596,presentation:1280,169,1,169,150,25350,
sale-item:3737,sale:2004,987,presentation:1287,8,1000,8000,3800,30400,
sale-item:3738,sale:2005,4,presentation:1320,2,20,40,4250,8500,
sale-item:3739,sale:2005,7,presentation:1303,2,40,80,3300,6600,
sale-item:3740,sale:2006,4,presentation:1321,2,20,40,4650,9300,
sale-item:3741,sale:2007,936,presentation:980,1,7,7,2200,2200,
sale-item:3742,sale:2008,289,presentation:292,12,1,12,330,3960,
sale-item:3743,sale:2009,936,presentation:980,2,7,14,2200,4400,
sale-item:3744,sale:2010,957,presentation:1343,3,30,90,5800,17400,
sale-item:3745,sale:2011,174,presentation:174,1,1,1,103,103,
sale-item:3746,sale:2012,703,presentation:844,2,1,2,600,1200,
sale-item:3747,sale:2013,4,presentation:2,1,1,1,235,235,
sale-item:3748,sale:2014,7,presentation:7,1,40,40,3800,3800,
sale-item:3749,sale:2015,8,presentation:9,1,40,40,3600,3600,
sale-item:3750,sale:2016,4,presentation:2,10,1,10,235,2350,
sale-item:3751,sale:2016,7,presentation:8,20,1,20,95,1900,
sale-item:3752,sale:2016,284,presentation:287,3,1,3,27,81,
sale-item:3753,sale:2017,4,presentation:1,2,20,40,4700,9400,
sale-item:3754,sale:2017,293,presentation:301,2,1,2,37,74,
sale-item:3755,sale:2017,294,presentation:302,1,1,1,60,60,
sale-item:3756,sale:2017,596,presentation:754,10,1,10,155,1550,
sale-item:3757,sale:2017,284,presentation:287,10,1,10,27,270,
sale-item:3758,sale:2018,4,presentation:1320,4,20,80,4250,17000,
sale-item:3759,sale:2019,852,presentation:892,0.5,1,0.5,450,225,
sale-item:3760,sale:2019,703,presentation:844,1,1,1,600,600,
sale-item:3761,sale:2019,4,presentation:2,5,1,5,235,1175,
sale-item:3762,sale:2020,7,presentation:1303,2,40,80,3300,6600,
sale-item:3763,sale:2021,1056,presentation:1193,9,1,9,415,3735,
sale-item:3764,sale:2022,1056,presentation:1193,9,1,9,415,3735,
sale-item:3765,sale:2023,1056,presentation:1193,9,1,9,415,3735,
sale-item:3766,sale:2024,735,presentation:741,1,1,1,1950,1950,
sale-item:3767,sale:2025,1056,presentation:1342,1,7,7,2900,2900,
sale-item:3768,sale:2026,923,presentation:964,1,7,7,2000,2000,
sale-item:3769,sale:2027,735,presentation:741,2,1,2,1950,3900,
sale-item:3770,sale:2028,735,presentation:741,4,1,4,1950,7800,
sale-item:3771,sale:2029,4,presentation:1319,2,20,40,4500,9000,
sale-item:3772,sale:2029,287,presentation:290,200,1,200,25,5000,
sale-item:3773,sale:2029,284,presentation:287,100,1,100,27,2700,
sale-item:3774,sale:2029,8,presentation:9,2,40,80,3600,7200,
sale-item:3775,sale:2030,292,presentation:300,1,1,1,60,60,
sale-item:3776,sale:2031,4,presentation:2,3,1,3,235,705,
sale-item:3777,sale:2032,913,presentation:954,3,1,3,530,1590,
sale-item:3778,sale:2032,852,presentation:892,1,1,1,450,450,
sale-item:3779,sale:2032,697,presentation:700,7,1,7,142,994,
sale-item:3780,sale:2032,4,presentation:2,10,1,10,235,2350,
sale-item:3781,sale:2033,673,presentation:676,1,1,1,7,7,
sale-item:3782,sale:2033,1184,presentation:1330,4,1,4,8,32,
sale-item:3783,sale:2033,653,presentation:658,1,1,1,6,6,
sale-item:3784,sale:2034,852,presentation:892,1.5,1,1.5,450,675,
sale-item:3785,sale:2035,735,presentation:741,2,1,2,1950,3900,
sale-item:3786,sale:2036,4,presentation:1308,1,20,20,4400,4400,
sale-item:3787,sale:2037,323,presentation:330,2,1,2,13,26,
sale-item:3788,sale:2037,316,presentation:323,2,1,2,7,14,
sale-item:3789,sale:2038,923,presentation:964,2,7,14,2000,4000,
sale-item:3790,sale:2039,376,presentation:384,4,1,4,0.5,2,
sale-item:3791,sale:2039,610,presentation:614,8,1,8,0.5,4,
sale-item:3792,sale:2039,460,presentation:468,4,1,4,0.5,2,
sale-item:3793,sale:2039,1141,presentation:1251,1,1,1,118,118,
sale-item:3794,sale:2040,1141,presentation:1251,2,1,2,118,236,
sale-item:3795,sale:2041,4,presentation:2,2,1,2,235,470,
sale-item:3796,sale:2042,733,presentation:740,7,1,7,308,2156,
sale-item:3797,sale:2042,4,presentation:1,1,20,20,4700,4700,
sale-item:3798,sale:2042,293,presentation:301,1,1,1,37,37,
sale-item:3799,sale:2043,4,presentation:2,10,1,10,235,2350,
sale-item:3800,sale:2044,987,presentation:1360,4,1,4,4000,16000,
sale-item:3801,sale:2045,4,presentation:2,5,1,5,235,1175,
sale-item:3802,sale:2046,235,presentation:235,1,1,1,75,75,
sale-item:3803,sale:2047,1003,presentation:1061,1,1,1,34,34,
sale-item:3804,sale:2047,1002,presentation:1060,1,1,1,34,34,
sale-item:3805,sale:2047,683,presentation:687,10,1,10,7,70,
sale-item:3806,sale:2047,736,presentation:742,1,1,1,104,104,
sale-item:3807,sale:2048,207,presentation:207,1,1,1,298,298,
sale-item:3808,sale:2048,206,presentation:206,1,1,1,120,120,
sale-item:3809,sale:2049,703,presentation:844,7,1,7,600,4200,
sale-item:3810,sale:2050,4,presentation:1308,1,20,20,4400,4400,
sale-item:3811,sale:2051,596,presentation:754,35,1,35,155,5425,
sale-item:3812,sale:2051,284,presentation:1361,50,1,50,30,1500,
sale-item:3813,sale:2052,1193,presentation:1352,98,1,98,430,42140,
sale-item:3814,sale:2053,7,presentation:1043,1,40,40,3450,3450,
sale-item:3815,sale:2054,703,presentation:844,1,1,1,600,600,
sale-item:3816,sale:2055,735,presentation:741,6,1,6,1999,11994,
sale-item:3817,sale:2056,936,presentation:980,1,7,7,2200,2200,
sale-item:3818,sale:2057,1056,presentation:1342,1,7,7,2900,2900,
sale-item:3819,sale:2058,703,presentation:844,1,1,1,600,600,
sale-item:3820,sale:2059,1056,presentation:1342,1,7,7,2900,2900,
sale-item:3821,sale:2060,4,presentation:2,5,1,5,235,1175,
sale-item:3822,sale:2061,987,presentation:1344,5,1000,5000,3700,18500,
sale-item:3823,sale:2062,203,presentation:203,3,1,3,6,18,
sale-item:3824,sale:2063,4,presentation:1308,1,20,20,4400,4400,
sale-item:3825,sale:2064,4,presentation:1369,2,20,40,4500,9000,
sale-item:3826,sale:2064,596,presentation:1367,1,155,155,21800,21800,
sale-item:3827,sale:2064,594,presentation:1368,1,84,84,21800,21800,
sale-item:3828,sale:2065,4,presentation:1,1,20,20,4700,4700,
sale-item:3829,sale:2066,913,presentation:1266,1,7,7,3700,3700,
sale-item:3830,sale:2066,4,presentation:2,10,1,10,235,2350,
sale-item:3831,sale:2067,633,presentation:638,2,1,2,322,644,
sale-item:3832,sale:2068,4,presentation:1,1,20,20,4700,4700,
sale-item:3833,sale:2068,7,presentation:7,1,40,40,3800,3800,
sale-item:3834,sale:2069,292,presentation:300,1,1,1,60,60,
sale-item:3835,sale:2070,1000,presentation:1058,1,1,1,75,75,
sale-item:3836,sale:2071,188,presentation:187,6,1,6,11,66,
sale-item:3837,sale:2071,748,presentation:761,28,1,28,42,1176,
sale-item:3838,sale:2071,751,presentation:764,28,1,28,42,1176,
sale-item:3839,sale:2072,7,presentation:1043,1,40,40,3450,3450,
sale-item:3840,sale:2073,703,presentation:844,14,1,14,600,8400,
sale-item:3841,sale:2074,596,presentation:754,20,1,20,155,3100,
sale-item:3842,sale:2074,285,presentation:288,50,1,50,25,1250,
sale-item:3843,sale:2074,4,presentation:1,1,20,20,4700,4700,
sale-item:3844,sale:2075,596,presentation:1280,288,1,288,150,43200,
sale-item:3845,sale:2076,633,presentation:638,1,1,1,322,322,
sale-item:3846,sale:2076,1029,presentation:1094,1,1,1,90,90,
sale-item:3847,sale:2077,284,presentation:287,10,1,10,27,270,
sale-item:3848,sale:2078,110,presentation:109,2,1,2,231,462,
sale-item:3849,sale:2079,987,presentation:1360,4,1,4,4000,16000,
sale-item:3850,sale:2080,736,presentation:742,0.5,1,0.5,104,52,
sale-item:3851,sale:2080,1101,presentation:1188,2,1,2,29,58,
sale-item:3852,sale:2081,7,presentation:7,1,40,40,3800,3800,
sale-item:3853,sale:2082,7,presentation:7,1,40,40,3800,3800,
sale-item:3854,sale:2083,733,presentation:740,7,1,7,308,2156,
sale-item:3855,sale:2083,596,presentation:754,1,1,1,155,155,
sale-item:3856,sale:2083,284,presentation:287,5,1,5,27,135,
sale-item:3857,sale:2083,8,presentation:285,15,1,15,90,1350,
sale-item:3858,sale:2083,4,presentation:2,5,1,5,235,1175,
sale-item:3859,sale:2083,294,presentation:302,1,1,1,60,60,
sale-item:3860,sale:2084,4,presentation:1308,1,20,20,4400,4400,
sale-item:3861,sale:2085,594,presentation:1359,102,1,102,270,27540,
sale-item:3862,sale:2085,596,presentation:1280,12,1,12,150,1800,
sale-item:3863,sale:2086,953,presentation:998,1,1,1,230,230,
sale-item:3864,sale:2086,723,presentation:730,5,1,5,15,75,
sale-item:3865,sale:2086,694,presentation:698,2,1,2,42,84,
sale-item:3866,sale:2087,1141,presentation:1255,2,40,80,4650,9300,
sale-item:3867,sale:2088,1050,presentation:1124,1,1,1,95,95,
sale-item:3868,sale:2089,1107,presentation:1198,32,1,32,25,800,
sale-item:3869,sale:2089,1201,presentation:1372,65,1,65,25,1625,
sale-item:3870,sale:2089,1189,presentation:1346,26,1,26,25,650,
sale-item:3871,sale:2089,1202,presentation:1373,20,1,20,25,500,
sale-item:3872,sale:2089,283,presentation:286,101,1,101,25,2525,
sale-item:3873,sale:2089,284,presentation:287,30,1,30,27,810,
sale-item:3874,sale:2090,781,presentation:818,8,1,8,89,712,
sale-item:3875,sale:2091,703,presentation:844,3,1,3,600,1800,
sale-item:3876,sale:2092,1048,presentation:1122,1,1,1,220,220,
sale-item:3877,sale:2093,124,presentation:123,1,1,1,22,22,
sale-item:3878,sale:2094,7,presentation:1043,1,40,40,3450,3450,
sale-item:3879,sale:2095,913,presentation:1266,1,7,7,3700,3700,
sale-item:3880,sale:2096,7,presentation:1043,1,40,40,3450,3450,
sale-item:3881,sale:2097,7,presentation:7,1,40,40,3800,3800,
sale-item:3882,sale:2097,284,presentation:287,3,1,3,27,81,
sale-item:3883,sale:2097,942,presentation:986,1,1,1,62,62,
sale-item:3884,sale:2098,781,presentation:818,22,1,22,89,1958,
sale-item:3885,sale:2098,4,presentation:2,5,1,5,243,1215,
sale-item:3886,sale:2099,851,presentation:891,1,1,1,103,103,
sale-item:3887,sale:2099,978,presentation:1024,3,1,3,23,69,
sale-item:3888,sale:2099,617,presentation:621,10,1,10,2,20,
sale-item:3889,sale:2100,1141,presentation:1251,2,1,2,122,244,
sale-item:3890,sale:2101,176,presentation:175,1,1,1,168,168,
sale-item:3891,sale:2102,1200,presentation:1371,28,1,28,25,700,
sale-item:3892,sale:2103,1141,presentation:1252,2,40,80,4600,9200,
sale-item:3893,sale:2103,284,presentation:1128,50,1,50,26.5,1325,
sale-item:3894,sale:2103,596,presentation:1280,50,1,50,150,7500,
sale-item:3895,sale:2104,1141,presentation:1250,1,40,40,4850,4850,
sale-item:3896,sale:2104,289,presentation:292,2,1,2,330,660,
sale-item:3897,sale:2104,284,presentation:287,5,1,5,27,135,
sale-item:3898,sale:2104,295,presentation:303,1,1,1,37,37,
sale-item:3899,sale:2104,264,presentation:1337,1,0.5,0.5,19,19,
sale-item:3900,sale:2105,913,presentation:1266,1,7,7,3700,3700,
sale-item:3901,sale:2106,980,presentation:1026,2,1,2,146,292,
sale-item:3902,sale:2106,782,presentation:819,7,1,7,190,1330,
sale-item:3903,sale:2107,987,presentation:1042,2,1000,2000,4230,8460,
sale-item:3904,sale:2108,8,presentation:285,20,1,20,90,1800,
sale-item:3905,sale:2108,596,presentation:754,35,1,35,155,5425,
sale-item:3906,sale:2108,283,presentation:286,20,1,20,25,500,
sale-item:3907,sale:2108,284,presentation:287,10,1,10,27,270,
sale-item:3908,sale:2109,8,presentation:285,4,1,4,90,360,
sale-item:3909,sale:2110,1107,presentation:1198,15.5,1,15.5,25,387.5,
sale-item:3910,sale:2111,292,presentation:813,1,0.5,0.5,30,30,
sale-item:3911,sale:2112,311,presentation:318,1,1,1,18,18,
sale-item:3912,sale:2113,781,presentation:818,20,1,20,89,1780,
sale-item:3913,sale:2114,297,presentation:305,1,1,1,60,60,
sale-item:3914,sale:2114,292,presentation:300,1,1,1,60,60,
sale-item:3915,sale:2114,942,presentation:986,1,1,1,62,62,
sale-item:3916,sale:2115,8,presentation:285,15,1,15,90,1350,
sale-item:3917,sale:2116,987,presentation:1360,6,1,6,4000,24000,
sale-item:3918,sale:2117,287,presentation:1374,30,1,30,22,660,
sale-item:3919,sale:2118,993,presentation:1216,2,1,2,1150,2300,
sale-item:3920,sale:2119,993,presentation:1216,7,1,7,1225,8575,
sale-item:3921,sale:2120,820,presentation:859,2,1,2,886,1772,
sale-item:3922,sale:2120,806,presentation:846,4,1,4,15,60,
sale-item:3923,sale:2120,818,presentation:857,2,1,2,29,58,
sale-item:3924,sale:2120,810,presentation:850,3,1,3,71,213,
sale-item:3925,sale:2120,814,presentation:853,2,1,2,34,68,
sale-item:3926,sale:2121,691,presentation:1164,3,1,3,13,39,
sale-item:3927,sale:2121,1097,presentation:1182,1,1,1,46,46,
sale-item:3928,sale:2122,178,presentation:178,1,1,1,157,157,
sale-item:3929,sale:2123,4,presentation:1319,1,20,20,4600,4600,
sale-item:3930,sale:2123,8,presentation:9,1,40,40,3600,3600,
sale-item:3931,sale:2123,7,presentation:1191,1,40,40,3600,3600,
sale-item:3932,sale:2124,1141,presentation:1251,10,1,10,120,1200,
sale-item:3933,sale:2125,304,presentation:311,1,1,1,18,18,
sale-item:3934,sale:2126,1203,presentation:1375,1,1,1,161,161,
sale-item:3935,sale:2126,1204,presentation:1376,1,1,1,359,359,
sale-item:3936,sale:2127,1141,presentation:1254,1,40,40,4500,4500,
sale-item:3937,sale:2127,7,presentation:1043,1,40,40,3450,3450,
sale-item:3938,sale:2128,913,presentation:1266,1,7,7,3700,3700,
sale-item:3939,sale:2129,780,presentation:975,1,7,7,3780,3780,
sale-item:3940,sale:2130,913,presentation:1201,1,14,14,16000,16000,
sale-item:3941,sale:2131,735,presentation:741,1,1,1,1999,1999,
sale-item:3942,sale:2132,1141,presentation:1251,10,1,10,120,1200,
sale-item:3943,sale:2133,578,presentation:584,2,1,2,15,30,
sale-item:3944,sale:2133,579,presentation:585,2,1,2,23,46,
sale-item:3945,sale:2133,584,presentation:590,2,1,2,25,50,
sale-item:3946,sale:2133,976,presentation:1022,4,1,4,12,48,
sale-item:3947,sale:2133,508,presentation:515,4,1,4,7,28,
sale-item:3948,sale:2133,601,presentation:605,2,1,2,4,8,
sale-item:3949,sale:2133,1078,presentation:1378,2,1,2,7,14,
sale-item:3950,sale:2133,976,presentation:1022,4,1,4,12,48,
sale-item:3951,sale:2133,600,presentation:604,4,1,4,2.5,10,
sale-item:3952,sale:2134,594,presentation:620,4,1,4,275,1100,
sale-item:3953,sale:2134,287,presentation:290,50,1,50,25,1250,
sale-item:3954,sale:2134,283,presentation:286,3.5,1,3.5,27,94.5,
sale-item:3955,sale:2134,1116,presentation:1218,1,1,1,219,219,
sale-item:3956,sale:2135,987,presentation:1287,5,1000,5000,3800,19000,
sale-item:3957,sale:2136,957,presentation:1088,1,7,7,1800,1800,
sale-item:3958,sale:2137,8,presentation:9,1,40,40,3600,3600,
sale-item:3959,sale:2137,1141,presentation:1250,1,40,40,4800,4800,
sale-item:3960,sale:2138,7,presentation:8,20,1,20,98,1960,
sale-item:3961,sale:2139,957,presentation:1194,1,30,30,5300,5300,
sale-item:3962,sale:2140,957,presentation:1343,1,30,30,5800,5800,
sale-item:3963,sale:2141,957,presentation:1381,10,1,10,175,1750,
sale-item:3964,sale:2142,957,presentation:1382,10,1,10,193,1930,
sale-item:3965,sale:2143,782,presentation:819,8,1,8,190,1520,
sale-item:3966,sale:2144,1056,presentation:1379,2,30,60,11300,22600,
sale-item:3967,sale:2145,703,presentation:1202,1,30,30,16500,16500,
sale-item:3968,sale:2146,1141,presentation:1250,2,40,80,4800,9600,
sale-item:3969,sale:2146,8,presentation:9,1,40,40,3600,3600,
sale-item:3970,sale:2147,7,presentation:1043,1,40,40,3550,3550,
sale-item:3971,sale:2148,781,presentation:818,1,1,1,89,89,
sale-item:3972,sale:2149,7,presentation:7,1,40,40,3900,3900,
sale-item:3973,sale:2150,1052,presentation:1126,10,1,10,9,90,
sale-item:3974,sale:2151,913,presentation:954,7,1,7,530,3710,
sale-item:3975,sale:2152,7,presentation:1043,2,40,80,3550,7100,
sale-item:3976,sale:2153,7,presentation:7,1,40,40,3900,3900,
sale-item:3977,sale:2153,1141,presentation:1251,10,1,10,120,1200,
sale-item:3978,sale:2154,284,presentation:287,103.5,1,103.5,27,2794.5,
sale-item:3979,sale:2155,703,presentation:844,3,1,3,600,1800,
sale-item:3980,sale:2155,1141,presentation:1250,1,40,40,4800,4800,
sale-item:3981,sale:2156,115,presentation:115,1,1,1,4,4,
sale-item:3982,sale:2156,199,presentation:200,1,1,1,16,16,
sale-item:3983,sale:2156,138,presentation:138,1,1,1,27,27,
sale-item:3984,sale:2156,141,presentation:141,1,1,1,30,30,
sale-item:3985,sale:2156,104,presentation:103,1,1,1,19,19,
sale-item:3986,sale:2156,89,presentation:88,2,1,2,2,4,
sale-item:3987,sale:2157,284,presentation:287,52,1,52,27,1404,
sale-item:3988,sale:2158,780,presentation:976,3,1,3,540,1620,
sale-item:3989,sale:2159,703,presentation:844,1,1,1,600,600,
sale-item:3990,sale:2159,913,presentation:954,1,1,1,530,530,
sale-item:3991,sale:2159,1141,presentation:1251,2,1,2,120,240,
sale-item:3992,sale:2159,8,presentation:285,2,1,2,90,180,
sale-item:3993,sale:2160,780,presentation:975,1,7,7,3780,3780,
sale-item:3994,sale:2161,284,presentation:287,50,1,50,27,1350,
sale-item:3995,sale:2162,428,presentation:435,4,1,4,1,4,
sale-item:3996,sale:2162,1060,presentation:1141,4,1,4,1,4,
sale-item:3997,sale:2162,621,presentation:626,4,1,4,0.5,2,
sale-item:3998,sale:2163,1209,presentation:1388,1,1,1,191,191,
sale-item:3999,sale:2164,380,presentation:388,3,1,3,1,3,
sale-item:4000,sale:2164,425,presentation:432,5,1,5,1,5,
sale-item:4001,sale:2164,612,presentation:615,10,1,10,1,10,
sale-item:4002,sale:2164,614,presentation:617,5,1,5,1,5,
sale-item:4003,sale:2164,602,presentation:606,3,1,3,0.5,1.5,
sale-item:4004,sale:2164,457,presentation:464,2,1,2,0.5,1,
sale-item:4005,sale:2165,852,presentation:892,1,1,1,450,450,
sale-item:4006,sale:2165,1141,presentation:1250,1,40,40,4800,4800,
sale-item:4007,sale:2166,735,presentation:741,2,1,2,1999,3998,
sale-item:4008,sale:2167,735,presentation:741,1,1,1,1999,1999,
sale-item:4009,sale:2168,1141,presentation:1251,1,1,1,120,120,
sale-item:4010,sale:2169,292,presentation:300,17,1,17,60,1020,
sale-item:4011,sale:2170,1141,presentation:1254,1,40,40,4500,4500,
sale-item:4012,sale:2170,7,presentation:1043,1,40,40,3550,3550,
sale-item:4013,sale:2171,547,presentation:553,4,1,4,30,120,
sale-item:4014,sale:2172,8,presentation:9,2,40,80,3600,7200,
sale-item:4015,sale:2172,1141,presentation:1252,1,40,40,4600,4600,
sale-item:4016,sale:2172,7,presentation:1191,1,40,40,3600,3600,
sale-item:4017,sale:2172,293,presentation:301,25,1,25,37,925,
sale-item:4018,sale:2173,112,presentation:111,4,1,4,8,32,
sale-item:4019,sale:2173,188,presentation:187,4,1,4,11,44,
sale-item:4020,sale:2173,156,presentation:157,2,1,2,25,50,
sale-item:4021,sale:2173,1029,presentation:1094,1,1,1,93,93,
sale-item:4022,sale:2173,1180,presentation:1311,1,1,1,32,32,
sale-item:4023,sale:2174,1141,presentation:1251,2,1,2,120,240,
sale-item:4024,sale:2175,596,presentation:1130,1,150,150,22640,22640,
sale-item:4025,sale:2175,1141,presentation:1252,2,40,80,4600,9200,
sale-item:4026,sale:2175,284,presentation:1128,100,1,100,26.5,2650,
sale-item:4027,sale:2176,594,presentation:1357,1,84,84,22640,22640,
sale-item:4028,sale:2176,596,presentation:1130,1,150,150,22640,22640,
sale-item:4029,sale:2177,287,presentation:1132,100,1,100,24.5,2450,
sale-item:4030,sale:2178,717,presentation:795,2,100,200,1108,2216,
sale-item:4031,sale:2178,723,presentation:794,2,100,200,1562,3124,
sale-item:4032,sale:2179,1050,presentation:1124,1,1,1,100,100,
sale-item:4033,sale:2179,1047,presentation:1121,1,1,1,100,100,
sale-item:4034,sale:2180,269,presentation:1292,2,1,2,24,48,
sale-item:4035,sale:2180,780,presentation:976,3,1,3,540,1620,
sale-item:4036,sale:2180,123,presentation:122,1,1,1,12,12,
sale-item:4037,sale:2180,156,presentation:157,1,1,1,25,25,
sale-item:4038,sale:2180,70,presentation:68,1,1,1,35,35,
sale-item:4039,sale:2180,941,presentation:985,2,1,2,57,114,
sale-item:4040,sale:2181,594,presentation:1357,1,84,84,22640,22640,
sale-item:4041,sale:2181,596,presentation:1130,1,150,150,22640,22640,
sale-item:4042,sale:2182,594,presentation:1357,1,84,84,22640,22640,
sale-item:4043,sale:2183,669,presentation:673,3,1,3,9,27,
sale-item:4044,sale:2183,687,presentation:691,1,1,1,29,29,
sale-item:4045,sale:2183,851,presentation:891,2,1,2,103,206,
sale-item:4046,sale:2183,573,presentation:579,4,1,4,1,4,
sale-item:4047,sale:2183,613,presentation:616,4,1,4,1,4,
sale-item:4048,sale:2183,461,presentation:467,6,1,6,2,12,
sale-item:4049,sale:2183,512,presentation:518,4,1,4,8,32,
sale-item:4050,sale:2184,284,presentation:287,50,1,50,28,1400,
sale-item:4051,sale:2184,987,presentation:1360,2513,1,2513,4,10052,
sale-item:4052,sale:2185,7,presentation:7,1,40,40,3900,3900,
sale-item:4053,sale:2185,1210,presentation:1389,1,1,1,675,675,
sale-item:4054,sale:2186,112,presentation:111,1,1,1,8,8,
sale-item:4055,sale:2186,833,presentation:873,1,1,1,40,40,
sale-item:4056,sale:2186,1164,presentation:1289,1,1,1,25,25,
sale-item:4057,sale:2187,703,presentation:1084,1,7,7,4200,4200,
sale-item:4058,sale:2188,703,presentation:844,2,1,2,600,1200,
sale-item:4059,sale:2189,771,presentation:801,1,1,1,18,18,
sale-item:4060,sale:2189,1183,presentation:1329,1,1,1,8,8,
sale-item:4061,sale:2190,1211,presentation:1390,30,1,30,27,810,
sale-item:4062,sale:2191,1146,presentation:1262,1,1,1,261,261,
sale-item:4063,sale:2192,7,presentation:1043,2,40,80,3550,7100,
sale-item:4064,sale:2193,596,presentation:754,30,1,30,155,4650,
sale-item:4065,sale:2193,284,presentation:287,20,1,20,28,560,
sale-item:4066,sale:2193,1141,presentation:1250,1,40,40,4800,4800,
sale-item:4067,sale:2193,283,presentation:286,5.5,1,5.5,27,148.5,
sale-item:4068,sale:2194,782,presentation:819,17,1,17,190,3230,
sale-item:4069,sale:2195,913,presentation:954,7,1,7,530,3710,
sale-item:4070,sale:2196,7,presentation:7,1,40,40,3900,3900,
sale-item:4071,sale:2197,703,presentation:844,4,1,4,600,2400,
sale-item:4072,sale:2198,8,presentation:285,15,1,15,90,1350,
sale-item:4073,sale:2199,284,presentation:287,15,1,15,28,420,
sale-item:4074,sale:2199,283,presentation:286,10,1,10,27,270,
sale-item:4075,sale:2200,1141,presentation:1250,0.5,40,20,4800,2400,
sale-item:4076,sale:2200,594,presentation:620,15,1,15,275,4125,
sale-item:4077,sale:2201,7,presentation:7,1,40,40,3900,3900,
sale-item:4078,sale:2201,1141,presentation:1251,20,1,20,120,2400,
sale-item:4079,sale:2202,987,presentation:1042,1,1000,1000,4230,4230,
sale-item:4080,sale:2203,987,presentation:1360,5500,1,5500,4,22000,
sale-item:4081,sale:2204,1141,presentation:1251,12,1,12,120,1440,
sale-item:4082,sale:2205,653,presentation:658,1,1,1,6,6,
sale-item:4083,sale:2205,1183,presentation:1329,2,1,2,8,16,
sale-item:4084,sale:2206,852,presentation:892,2,1,2,450,900,
sale-item:4085,sale:2206,188,presentation:187,2,1,2,11,22,
sale-item:4086,sale:2206,70,presentation:68,1,1,1,35,35,
sale-item:4087,sale:2206,244,presentation:245,1,1,1,13,13,
sale-item:4088,sale:2206,171,presentation:172,1,1,1,7,7,
sale-item:4089,sale:2206,112,presentation:111,2,1,2,8,16,
sale-item:4090,sale:2206,203,presentation:203,1,1,1,6,6,
sale-item:4091,sale:2206,269,presentation:1292,2,1,2,24,48,
sale-item:4092,sale:2206,1029,presentation:1094,1,1,1,93,93,
sale-item:4093,sale:2207,703,presentation:844,3,1,3,600,1800,
sale-item:4094,sale:2207,266,presentation:268,1,1,1,14,14,
sale-item:4095,sale:2208,987,presentation:1287,5,1000,5000,3800,19000,
sale-item:4096,sale:2209,703,presentation:1202,1,30,30,16500,16500,
sale-item:4097,sale:2210,596,presentation:1130,1,150,150,22640,22640,
sale-item:4098,sale:2211,7,presentation:1043,1,40,40,3550,3550,
sale-item:4099,sale:2212,998,presentation:1056,1,1,1,209,209,
sale-item:4100,sale:2212,1019,presentation:1079,1,1,1,65,65,
sale-item:4101,sale:2212,302,presentation:309,1,1,1,19,19,
sale-item:4102,sale:2212,1198,presentation:1365,1,1,1,47,47,
sale-item:4103,sale:2213,8,presentation:285,15,1,15,90,1350,
sale-item:4104,sale:2214,49,presentation:47,2,1,2,12,24,
sale-item:4105,sale:2214,171,presentation:172,4,1,4,7,28,
sale-item:4106,sale:2215,329,presentation:336,2,1,2,299,598,
sale-item:4107,sale:2215,176,presentation:175,2,1,2,168,336,
sale-item:4108,sale:2215,110,presentation:109,2,1,2,231,462,
sale-item:4109,sale:2216,148,presentation:148,1,1,1,80,80,
sale-item:4110,sale:2217,951,presentation:995,1,1,1,49,49,
sale-item:4111,sale:2217,880,presentation:920,1,1,1,21,21,
sale-item:4112,sale:2217,1110,presentation:1204,10,1,10,4,40,
sale-item:4113,sale:2218,594,presentation:620,40,1,40,275,11000,
sale-item:4114,sale:2218,228,presentation:228,1,1,1,1900,1900,
sale-item:4115,sale:2218,286,presentation:289,21,1,21,27,567,
sale-item:4116,sale:2219,284,presentation:287,2,1,2,28,56,
sale-item:4117,sale:2220,1000,presentation:1058,1,1,1,75,75,
sale-item:4118,sale:2221,1141,presentation:1251,1,1,1,120,120,
sale-item:4119,sale:2222,1141,presentation:1251,15,1,15,120,1800,
sale-item:4120,sale:2223,723,presentation:730,95,1,95,15,1425,
sale-item:4121,sale:2223,730,presentation:737,1,100,100,1108,1108,
sale-item:4122,sale:2223,721,presentation:796,1,100,100,1108,1108,
sale-item:4123,sale:2223,738,presentation:791,1,1,1,1562,1562,
sale-item:4124,sale:2224,1141,presentation:1252,1,40,40,4600,4600,
sale-item:4125,sale:2224,7,presentation:1191,1,40,40,3600,3600,
sale-item:4126,sale:2225,1141,presentation:1251,20,1,20,120,2400,
sale-item:4127,sale:2225,8,presentation:285,20,1,20,90,1800,
sale-item:4128,sale:2226,1056,presentation:1342,1,7,7,2900,2900,
sale-item:4129,sale:2226,735,presentation:741,1,1,1,1999,1999,
sale-item:4130,sale:2226,1024,presentation:1087,5,1,5,100,500,
sale-item:4131,sale:2227,703,presentation:844,2,1,2,600,1200,
sale-item:4132,sale:2228,1141,presentation:1250,1,40,40,4800,4800,
sale-item:4133,sale:2228,7,presentation:7,1,40,40,3900,3900,
sale-item:4134,sale:2228,703,presentation:1084,1,7,7,4200,4200,
sale-item:4135,sale:2229,7,presentation:7,1,40,40,3900,3900,
sale-item:4136,sale:2229,8,presentation:285,5,1,5,90,450,
sale-item:4137,sale:2230,86,presentation:86,2,1,2,690,1380,
sale-item:4138,sale:2230,1196,presentation:1363,2,1,2,96,192,
sale-item:4139,sale:2230,1053,presentation:1127,12,1,12,7,84,
sale-item:4140,sale:2230,230,presentation:230,2,1,2,13,26,
sale-item:4141,sale:2230,236,presentation:236,2,1,2,16,32,
sale-item:4142,sale:2231,551,presentation:563,1,1,1,72,72,
sale-item:4143,sale:2231,75,presentation:77,1,1,1,196,196,
sale-item:4144,sale:2232,1141,presentation:1370,2,40,80,4500,9000,
sale-item:4145,sale:2233,852,presentation:892,7,1,7,450,3150,
sale-item:4146,sale:2233,703,presentation:1084,1,7,7,4200,4200,
sale-item:4147,sale:2234,1141,presentation:1251,10,1,10,120,1200,
sale-item:4148,sale:2235,1141,presentation:1251,15,1,15,120,1800,
sale-item:4149,sale:2236,1141,presentation:1250,1,40,40,4800,4800,
sale-item:4150,sale:2236,7,presentation:7,2,40,80,3900,7800,
sale-item:4151,sale:2237,776,presentation:806,1,1,1,72,72,
sale-item:4152,sale:2237,1134,presentation:1239,1,1,1,78,78,
sale-item:4153,sale:2237,858,presentation:898,2,1,2,16,32,
sale-item:4154,sale:2237,1042,presentation:1117,1,1,1,204,204,
sale-item:4155,sale:2238,987,presentation:1035,1802,1,1802,4.23,7622.46,
sale-item:4156,sale:2239,793,presentation:831,2,1,2,33,66,
sale-item:4157,sale:2240,59,presentation:57,1,1,1,64,64,
sale-item:4158,sale:2241,596,presentation:754,5,1,5,155,775,
sale-item:4159,sale:2241,283,presentation:286,5,1,5,27,135,
sale-item:4160,sale:2242,957,presentation:1194,1,30,30,5300,5300,
sale-item:4161,sale:2243,558,presentation:555,50,1,50,1,50,
sale-item:4162,sale:2243,736,presentation:742,1,1,1,104,104,
sale-item:4163,sale:2244,1141,presentation:1254,1,40,40,4500,4500,
sale-item:4164,sale:2244,7,presentation:1043,1,40,40,3550,3550,
sale-item:4165,sale:2245,1056,presentation:1342,3,7,21,2900,8700,
sale-item:4166,sale:2246,1141,presentation:1251,2,1,2,120,240,
sale-item:4167,sale:2247,1141,presentation:1251,10,1,10,120,1200,
sale-item:4168,sale:2247,7,presentation:8,30,1,30,98,2940,
sale-item:4169,sale:2248,936,presentation:1391,1,3.5,3.5,1500,1500,
sale-item:4170,sale:2249,703,presentation:844,1,1,1,600,600,
sale-item:4171,sale:2249,852,presentation:892,1,1,1,450,450,
sale-item:4172,sale:2249,1141,presentation:1251,20,1,20,120,2400,
sale-item:4173,sale:2250,664,presentation:669,1,1,1,9,9,
sale-item:4174,sale:2250,848,presentation:888,1,1,1,113,113,
sale-item:4175,sale:2250,686,presentation:690,4,1,4,114,456,
sale-item:4176,sale:2251,697,presentation:1392,10,1,10,190,1900,
sale-item:4177,sale:2251,287,presentation:290,50,1,50,25,1250,
sale-item:4178,sale:2251,284,presentation:287,50,1,50,28,1400,
sale-item:4179,sale:2252,193,presentation:195,10,1,10,3,30,
sale-item:4180,sale:2252,67,presentation:66,5,1,5,25,125,
sale-item:4181,sale:2252,89,presentation:88,15,1,15,2,30,
sale-item:4182,sale:2252,193,presentation:195,2,1,2,3,6,
sale-item:4183,sale:2252,81,presentation:79,10,1,10,3,30,
sale-item:4184,sale:2252,84,presentation:83,10,1,10,3,30,
sale-item:4185,sale:2252,325,presentation:332,3,1,3,4,12,
sale-item:4186,sale:2252,663,presentation:668,4,1,4,36,144,
sale-item:4187,sale:2252,791,presentation:829,1,1,1,65,65,
sale-item:4188,sale:2252,784,presentation:822,2,1,2,32,64,
sale-item:4189,sale:2252,163,presentation:163,2,1,2,19,38,
sale-item:4190,sale:2252,1164,presentation:1289,2,1,2,25,50,
sale-item:4191,sale:2252,230,presentation:230,1,1,1,13,13,
sale-item:4192,sale:2252,663,presentation:668,6,1,6,36,216,
sale-item:4193,sale:2252,1212,presentation:1400,1,1,1,670,670,
sale-item:4194,sale:2252,953,presentation:998,1,1,1,230,230,
sale-item:4195,sale:2252,1213,presentation:1401,5,1,5,70,350,
sale-item:4196,sale:2253,703,presentation:844,1,1,1,600,600,
sale-item:4197,sale:2254,1141,presentation:1252,1,40,40,4600,4600,
sale-item:4198,sale:2254,7,presentation:1191,1,40,40,3600,3600,
sale-item:4199,sale:2255,284,presentation:1128,50,1,50,26.5,1325,
sale-item:4200,sale:2255,287,presentation:1132,100,1,100,24.5,2450,
sale-item:4201,sale:2255,296,presentation:304,24,1,24,38,912,
sale-item:4202,sale:2256,594,presentation:620,30,1,30,275,8250,
sale-item:4203,sale:2256,286,presentation:289,25,1,25,27,675,
sale-item:4204,sale:2257,1079,presentation:1161,1,1,1,105,105,
sale-item:4205,sale:2258,703,presentation:844,2,1,2,600,1200,
sale-item:4206,sale:2259,994,presentation:1050,4,1,4,56,224,
sale-item:4207,sale:2260,1141,presentation:1255,2,40,80,4750,9500,
sale-item:4208,sale:2261,1201,presentation:1372,10,1,10,27,270,
sale-item:4209,sale:2261,1202,presentation:1373,12,1,12,27,324,
sale-item:4210,sale:2262,1141,presentation:1251,20,1,20,120,2400,
sale-item:4211,sale:2262,7,presentation:8,20,1,20,98,1960,
sale-item:4212,sale:2263,780,presentation:976,2,1,2,540,1080,
sale-item:4213,sale:2263,1141,presentation:1251,20,1,20,120,2400,
sale-item:4214,sale:2264,7,presentation:8,12,1,12,98,1176,
sale-item:4215,sale:2265,987,presentation:1360,2002,1,2002,4,8008,
sale-item:4216,sale:2266,1141,presentation:1251,12,1,12,120,1440,
sale-item:4217,sale:2267,560,presentation:559,2,1,2,10,20,
sale-item:4218,sale:2267,1060,presentation:1141,2,1,2,1,2,
sale-item:4219,sale:2268,250,presentation:251,10,1,10,5,50,
sale-item:4220,sale:2269,7,presentation:8,28,1,28,98,2744,
sale-item:4221,sale:2270,474,presentation:481,2,1,2,3,6,
sale-item:4222,sale:2270,605,presentation:609,2,1,2,1,2,
sale-item:4223,sale:2270,361,presentation:369,4,1,4,0.5,2,
sale-item:4224,sale:2270,395,presentation:403,4,1,4,0.5,2,
sale-item:4225,sale:2271,987,presentation:1360,3600,1,3600,4,14400,
sale-item:4226,sale:2272,222,presentation:221,2,1,2,2,4,
sale-item:4227,sale:2272,676,presentation:680,7,1,7,10,70,
sale-item:4228,sale:2272,254,presentation:255,10,1,10,5,50,
sale-item:4229,sale:2272,1207,presentation:1386,3,1,3,57,171,
sale-item:4230,sale:2272,956,presentation:1001,5,1,5,68,340,
sale-item:4231,sale:2272,109,presentation:108,2,1,2,5,10,
sale-item:4232,sale:2272,193,presentation:195,10,1,10,4,40,
sale-item:4233,sale:2272,642,presentation:647,2,1,2,4,8,
sale-item:4234,sale:2272,7,presentation:8,20,1,20,98,1960,
sale-item:4235,sale:2273,7,presentation:8,20,1,20,98,1960,
sale-item:4236,sale:2274,294,presentation:302,1,1,1,60,60,
sale-item:4237,sale:2275,669,presentation:673,10,1,10,9,90,
sale-item:4238,sale:2275,1101,presentation:1188,1,1,1,29,29,
sale-item:4239,sale:2276,7,presentation:1043,1,40,40,3550,3550,
sale-item:4240,sale:2277,913,presentation:1266,1,7,7,3700,3700,
sale-item:4241,sale:2278,250,presentation:251,10,1,10,5,50,
sale-item:4242,sale:2278,72,presentation:70,10,1,10,8,80,
sale-item:4243,sale:2279,913,presentation:954,2,1,2,530,1060,
sale-item:4244,sale:2279,1141,presentation:1251,15,1,15,120,1800,
sale-item:4245,sale:2280,987,presentation:1360,600,1,600,4,2400,
sale-item:4246,sale:2281,203,presentation:203,3,1,3,6,18,
sale-item:4247,sale:2281,112,presentation:111,3,1,3,8,24,
sale-item:4248,sale:2282,694,presentation:698,1,1,1,42,42,
sale-item:4249,sale:2282,952,presentation:997,1,1,1,39,39,
sale-item:4250,sale:2283,913,presentation:954,4,1,4,530,2120,
sale-item:4251,sale:2284,1141,presentation:1251,20,1,20,120,2400,
sale-item:4252,sale:2284,8,presentation:9,1,40,40,3600,3600,
sale-item:4253,sale:2285,284,presentation:287,4.5,1,4.5,28,126,
sale-item:4254,sale:2285,1141,presentation:1251,10,1,10,120,1200,
sale-item:4255,sale:2286,723,presentation:794,2,100,200,1562,3124,
sale-item:4256,sale:2286,717,presentation:795,1,100,100,1108,1108,
sale-item:4257,sale:2286,721,presentation:796,1,100,100,1108,1108,
sale-item:4258,sale:2286,302,presentation:309,1,1,1,19,19,
sale-item:4259,sale:2287,1141,presentation:1250,2,40,80,4800,9600,
sale-item:4260,sale:2288,994,presentation:1050,29,1,29,56,1624,
sale-item:4261,sale:2289,780,presentation:976,3.5,1,3.5,540,1890,
sale-item:4262,sale:2290,145,presentation:145,1,1,1,56,56,
sale-item:4263,sale:2291,284,presentation:287,2,1,2,28,56,
sale-item:4264,sale:2292,594,presentation:620,6,1,6,275,1650,
sale-item:4265,sale:2292,596,presentation:754,6,1,6,155,930,
sale-item:4266,sale:2292,633,presentation:638,2,1,2,322,644,
sale-item:4267,sale:2292,288,presentation:291,2,1,2,200,400,
sale-item:4268,sale:2292,261,presentation:266,6,1,6,26,156,
sale-item:4269,sale:2292,1141,presentation:1251,15,1,15,120,1800,
sale-item:4270,sale:2293,7,presentation:8,4,1,4,98,392,
sale-item:4271,sale:2294,1141,presentation:1255,2,40,80,4750,9500,
sale-item:4272,sale:2294,284,presentation:287,5,1,5,28,140,
sale-item:4273,sale:2295,913,presentation:1266,1,7,7,3700,3700,
sale-item:4274,sale:2296,1107,presentation:1198,9.5,1,9.5,27,256.5,
sale-item:4275,sale:2297,987,presentation:1035,52,1,52,4.23,219.96,
sale-item:4276,sale:2298,980,presentation:1026,15,1,15,146,2190,
sale-item:4277,sale:2299,703,presentation:844,0.5,1,0.5,600,300,
sale-item:4278,sale:2299,7,presentation:8,5,1,5,98,490,
sale-item:4279,sale:2299,1141,presentation:1251,3,1,3,120,360,
sale-item:4280,sale:2300,852,presentation:892,7,1,7,450,3150,
sale-item:4281,sale:2300,1024,presentation:1087,1,1,1,100,100,
sale-item:4282,sale:2301,8,presentation:285,20,1,20,90,1800,
sale-item:4283,sale:2301,1079,presentation:1161,2,1,2,105,210,
sale-item:4284,sale:2302,703,presentation:1084,2,7,14,4200,8400,
sale-item:4285,sale:2302,1024,presentation:1087,2,1,2,100,200,
sale-item:4286,sale:2303,987,presentation:1035,35,1,35,4.23,148.05,
sale-item:4287,sale:2304,994,presentation:1050,3,1,3,56,168,
sale-item:4288,sale:2305,715,presentation:723,2,1,2,11,22,
sale-item:4289,sale:2305,705,presentation:713,3,1,3,9,27,
sale-item:4290,sale:2305,991,presentation:1045,30,1,30,6,180,
sale-item:4291,sale:2306,1132,presentation:1404,1,1,1,2000,2000,
sale-item:4292,sale:2307,703,presentation:1084,1,7,7,4200,4200,
sale-item:4293,sale:2308,7,presentation:7,1,40,40,3900,3900,
sale-item:4294,sale:2308,780,presentation:976,14,1,14,540,7560,
sale-item:4295,sale:2309,936,presentation:1391,1,3.5,3.5,1500,1500,
sale-item:4296,sale:2310,1141,presentation:1251,15,1,15,120,1800,
sale-item:4297,sale:2310,596,presentation:754,2,1,2,155,310,
sale-item:4298,sale:2311,7,presentation:7,1,40,40,3900,3900,
sale-item:4299,sale:2312,1141,presentation:1251,10,1,10,120,1200,
sale-item:4300,sale:2312,7,presentation:8,30,1,30,98,2940,
sale-item:4301,sale:2313,8,presentation:9,1,40,40,3600,3600,
sale-item:4302,sale:2314,1141,presentation:1250,1,40,40,4800,4800,
sale-item:4303,sale:2314,7,presentation:7,1,40,40,3900,3900,
sale-item:4304,sale:2315,703,presentation:844,1.5,1,1.5,600,900,
sale-item:4305,sale:2316,987,presentation:1360,2000,1,2000,4,8000,
sale-item:4306,sale:2316,284,presentation:1405,50,1,50,27,1350,
sale-item:4307,sale:2317,594,presentation:620,9,1,9,275,2475,
sale-item:4308,sale:2317,987,presentation:1287,5,1000,5000,3800,19000,
sale-item:4309,sale:2318,206,presentation:206,1,1,1,120,120,
sale-item:4310,sale:2319,594,presentation:620,12,1,12,275,3300,
sale-item:4311,sale:2319,596,presentation:754,4,1,4,155,620,
sale-item:4312,sale:2320,284,presentation:1128,50,1,50,26.5,1325,
sale-item:4313,sale:2320,287,presentation:1132,50,1,50,24.5,1225,
sale-item:4314,sale:2320,1141,presentation:1252,1.5,40,60,4600,6900,
sale-item:4315,sale:2320,7,presentation:1191,1.5,40,60,3600,5400,
sale-item:4316,sale:2321,224,presentation:223,1,1,1,10,10,
sale-item:4317,sale:2321,31,presentation:29,1,1,1,1,1,
sale-item:4318,sale:2321,999,presentation:1057,2,1,2,1380,2760,
sale-item:4319,sale:2321,16,presentation:19,1,1,1,27,27,
sale-item:4320,sale:2322,1180,presentation:1311,1,1,1,32,32,
sale-item:4321,sale:2322,793,presentation:831,1,1,1,33,33,
sale-item:4322,sale:2323,1114,presentation:1211,1,1,1,100,100,
sale-item:4323,sale:2324,7,presentation:7,1,40,40,3900,3900,
sale-item:4324,sale:2325,1141,presentation:1251,15,1,15,120,1800,
sale-item:4325,sale:2325,284,presentation:287,30,1,30,28,840,
sale-item:4326,sale:2326,852,presentation:892,1.5,1,1.5,450,675,
sale-item:4327,sale:2327,1141,presentation:1251,34,1,34,120,4080,
sale-item:4328,sale:2327,7,presentation:8,14,1,14,98,1372,
sale-item:4329,sale:2327,594,presentation:620,19,1,19,275,5225,
sale-item:4330,sale:2327,596,presentation:754,10,1,10,155,1550,
sale-item:4331,sale:2327,287,presentation:290,35,1,35,25,875,
sale-item:4332,sale:2327,284,presentation:287,25,1,25,28,700,
sale-item:4333,sale:2328,782,presentation:819,17,1,17,190,3230,
sale-item:4334,sale:2329,781,presentation:818,6,1,6,89,534,
sale-item:4335,sale:2330,38,presentation:37,2,1,2,111,222,
sale-item:4336,sale:2330,777,presentation:807,2,1,2,157.5,315,
sale-item:4337,sale:2330,77,presentation:75,2,1,2,52,104,
sale-item:4338,sale:2330,1039,presentation:1107,1,1,1,55,55,
sale-item:4339,sale:2330,1216,presentation:1406,1,1,1,1270,1270,
sale-item:4340,sale:2330,1217,presentation:1407,3,1,3,27,81,
sale-item:4341,sale:2331,852,presentation:892,7,1,7,450,3150,
sale-item:4342,sale:2332,703,presentation:844,2,1,2,600,1200,
sale-item:4343,sale:2333,1141,presentation:1251,10,1,10,120,1200,
sale-item:4344,sale:2334,594,presentation:620,14,1,14,275,3850,
sale-item:4345,sale:2334,596,presentation:754,10,1,10,155,1550,
sale-item:4346,sale:2335,242,presentation:243,1,1,1,231,231,
sale-item:4347,sale:2336,7,presentation:1043,1,40,40,3550,3550,
sale-item:4348,sale:2337,1141,presentation:1250,1,40,40,4800,4800,
sale-item:4349,sale:2337,8,presentation:9,1,40,40,3600,3600,
sale-item:4350,sale:2338,7,presentation:8,30,1,30,98,2940,
sale-item:4351,sale:2338,833,presentation:873,2,1,2,40,80,
sale-item:4352,sale:2339,703,presentation:844,2,1,2,600,1200,
sale-item:4353,sale:2339,913,presentation:954,2,1,2,530,1060,
sale-item:4354,sale:2339,1141,presentation:1251,20,1,20,120,2400,
sale-item:4355,sale:2340,913,presentation:954,4,1,4,530,2120,
sale-item:4356,sale:2340,703,presentation:844,4,1,4,600,2400,
sale-item:4357,sale:2340,852,presentation:892,2,1,2,450,900,
sale-item:4358,sale:2341,703,presentation:844,1,1,1,600,600,
sale-item:4359,sale:2341,852,presentation:892,0.5,1,0.5,450,225,
sale-item:4360,sale:2341,1141,presentation:1251,10,1,10,120,1200,
sale-item:4361,sale:2342,913,presentation:954,4,1,4,530,2120,
sale-item:4362,sale:2342,852,presentation:892,2,1,2,450,900,
sale-item:4363,sale:2343,1141,presentation:1251,5,1,5,120,600,
sale-item:4364,sale:2344,735,presentation:1165,3,1,3,1999,5997,
sale-item:4365,sale:2345,1141,presentation:1250,1,40,40,4800,4800,
sale-item:4366,sale:2345,8,presentation:9,1,40,40,3600,3600,
sale-item:4367,sale:2346,987,presentation:1042,1,1000,1000,4230,4230,
sale-item:4368,sale:2347,1141,presentation:1250,1,40,40,4800,4800,
sale-item:4369,sale:2347,7,presentation:7,1,40,40,3900,3900,
sale-item:4370,sale:2348,703,presentation:844,14,1,14,600,8400,
sale-item:4371,sale:2349,1141,presentation:1250,1,40,40,4800,4800,
sale-item:4372,sale:2349,596,presentation:754,20,1,20,155,3100,
sale-item:4373,sale:2349,594,presentation:620,5,1,5,275,1375,
sale-item:4374,sale:2350,1141,presentation:1251,4,1,4,120,480,
sale-item:4375,sale:2351,1141,presentation:1251,3,1,3,120,360,
sale-item:4376,sale:2351,633,presentation:638,1,1,1,322,322,
sale-item:4377,sale:2351,261,presentation:266,2,1,2,26,52,
sale-item:4378,sale:2351,697,presentation:700,1,1,1,153,153,
sale-item:4379,sale:2351,284,presentation:287,1,1,1,28,28,
sale-item:4380,sale:2351,1195,presentation:1362,1,1,1,240,240,
sale-item:4381,sale:2351,18,presentation:20,1,1,1,46,46,
sale-item:4382,sale:2352,8,presentation:285,20,1,20,90,1800,
sale-item:4383,sale:2352,1141,presentation:1251,20,1,20,120,2400,
sale-item:4384,sale:2352,733,presentation:740,7,1,7,308,2156,
sale-item:4385,sale:2353,1056,presentation:1355,2,1,2,415,830,
sale-item:4386,sale:2353,269,presentation:1292,9,1,9,24,216,
sale-item:4387,sale:2353,112,presentation:111,1,1,1,8,8,
sale-item:4388,sale:2353,152,presentation:152,1,1,1,8,8,
sale-item:4389,sale:2353,785,presentation:823,1,1,1,30,30,
sale-item:4390,sale:2354,1141,presentation:1251,25,1,25,120,3000,
sale-item:4391,sale:2354,7,presentation:8,30,1,30,98,2940,
sale-item:4392,sale:2355,547,presentation:553,2,1,2,30,60,
sale-item:4393,sale:2356,1141,presentation:1251,4,1,4,120,480,
sale-item:4394,sale:2357,987,presentation:1360,4000,1,4000,4,16000,
sale-item:4395,sale:2358,985,presentation:1031,1,1,1,99,99,
sale-item:4396,sale:2358,161,presentation:161,2,1,2,23,46,
sale-item:4397,sale:2358,1109,presentation:1200,1,1,1,170,170,
sale-item:4398,sale:2358,875,presentation:915,1,1,1,83,83,
sale-item:4399,sale:2359,1020,presentation:1080,1,1,1,51,51,
sale-item:4400,sale:2360,1141,presentation:1254,1,40,40,4500,4500,
sale-item:4401,sale:2360,7,presentation:1043,1,40,40,3550,3550,
sale-item:4402,sale:2360,289,presentation:292,2,1,2,330,660,
sale-item:4403,sale:2361,596,presentation:754,5,1,5,155,775,
sale-item:4404,sale:2361,733,presentation:740,1,1,1,308,308,
sale-item:4405,sale:2362,703,presentation:844,1,1,1,600,600,
sale-item:4406,sale:2363,396,presentation:1408,4,1,4,2,8,
sale-item:4407,sale:2363,610,presentation:614,4,1,4,0.5,2,
sale-item:4408,sale:2363,458,presentation:465,4,1,4,0.5,2,
sale-item:4409,sale:2364,7,presentation:1043,1,40,40,3550,3550,
sale-item:4410,sale:2365,1200,presentation:1371,1.5,1,1.5,27,40.5,
sale-item:4411,sale:2366,1141,presentation:1255,1,40,40,4750,4750,
sale-item:4412,sale:2366,596,presentation:754,10,1,10,155,1550,
sale-item:4413,sale:2367,669,presentation:673,1,1,1,9,9,
sale-item:4414,sale:2368,980,presentation:1026,23,1,23,146,3358,
sale-item:4415,sale:2369,703,presentation:844,3,1,3,600,1800,
sale-item:4416,sale:2370,594,presentation:620,7,1,7,275,1925,
sale-item:4417,sale:2371,203,presentation:203,1,1,1,6,6,
sale-item:4418,sale:2371,292,presentation:300,1,1,1,60,60,
sale-item:4419,sale:2371,1050,presentation:1124,1,1,1,100,100,
sale-item:4420,sale:2372,1141,presentation:1306,1,40,40,4550,4550,
sale-item:4421,sale:2372,7,presentation:8,20,1,20,98,1960,
sale-item:4422,sale:2373,669,presentation:673,1,1,1,9,9,
sale-item:4423,sale:2373,847,presentation:887,1,1,1,81,81,
sale-item:4424,sale:2374,703,presentation:844,1.5,1,1.5,600,900,
sale-item:4425,sale:2375,110,presentation:109,1,1,1,231,231,
sale-item:4426,sale:2376,1141,presentation:1252,1,40,40,4600,4600,
sale-item:4427,sale:2376,7,presentation:1191,1,40,40,3600,3600,
sale-item:4428,sale:2377,284,presentation:1128,75,1,75,26.5,1987.5,
sale-item:4429,sale:2377,1054,presentation:1129,2,1,2,65,130,
sale-item:4430,sale:2377,1141,presentation:1252,1,40,40,4600,4600,
sale-item:4431,sale:2377,7,presentation:1191,1,40,40,3600,3600,
sale-item:4432,sale:2377,289,presentation:292,10,1,10,330,3300,
sale-item:4433,sale:2378,781,presentation:818,30,1,30,89,2670,
sale-item:4434,sale:2379,1052,presentation:1126,1,1,1,9,9,
sale-item:4435,sale:2380,18,presentation:20,1,1,1,46,46,
sale-item:4436,sale:2381,70,presentation:68,1,1,1,35,35,
sale-item:4437,sale:2381,1218,presentation:1409,1,1,1,49,49,
sale-item:4438,sale:2381,269,presentation:1292,2,1,2,24,48,
sale-item:4439,sale:2381,633,presentation:638,3,1,3,322,966,
sale-item:4440,sale:2381,188,presentation:187,2,1,2,11,22,
sale-item:4441,sale:2381,594,presentation:620,2,1,2,275,550,
sale-item:4442,sale:2381,152,presentation:152,2,1,2,8,16,
sale-item:4443,sale:2381,785,presentation:823,1,1,1,30,30,
sale-item:4444,sale:2382,284,presentation:1128,30,1,30,26.5,795,
sale-item:4445,sale:2382,1141,presentation:1252,1,40,40,4600,4600,
sale-item:4446,sale:2383,957,presentation:1213,1,14,14,2500,2500,
sale-item:4447,sale:2384,703,presentation:1084,1,7,7,4200,4200,
sale-item:4448,sale:2384,1024,presentation:1087,1,1,1,100,100,
sale-item:4449,sale:2385,8,presentation:1410,8,40,320,2780,22240,
sale-item:4450,sale:2386,987,presentation:1287,3,1000,3000,3800,11400,
sale-item:4451,sale:2387,781,presentation:818,2,1,2,89,178,
sale-item:4452,sale:2388,1107,presentation:1198,192,1,192,27,5184,
sale-item:4453,sale:2388,283,presentation:286,88,1,88,27,2376,
sale-item:4454,sale:2388,289,presentation:292,10,1,10,330,3300,
sale-item:4455,sale:2389,987,presentation:1360,6006,1,6006,4,24024,
sale-item:4456,sale:2390,1141,presentation:1253,2,40,80,4350,8700,
sale-item:4457,sale:2391,8,presentation:285,4,1,4,90,360,
sale-item:4458,sale:2391,1141,presentation:1251,10,1,10,120,1200,
sale-item:4459,sale:2391,1050,presentation:1124,1,1,1,100,100,
sale-item:4460,sale:2392,171,presentation:172,1,1,1,7,7,
sale-item:4461,sale:2392,260,presentation:261,1,1,1,11,11,
sale-item:4462,sale:2393,1141,presentation:1251,10,1,10,120,1200,
sale-item:4463,sale:2393,8,presentation:285,10,1,10,90,900,
sale-item:4464,sale:2394,923,presentation:1421,1,14,14,4900,4900,
sale-item:4465,sale:2395,1141,presentation:1251,20,1,20,120,2400,
sale-item:4466,sale:2395,913,presentation:954,2,1,2,530,1060,
sale-item:4467,sale:2396,594,presentation:620,3,1,3,275,825,
sale-item:4468,sale:2396,284,presentation:287,1,1,1,28,28,
sale-item:4469,sale:2396,293,presentation:301,2,1,2,37,74,
sale-item:4470,sale:2396,685,presentation:689,1,1,1,181,181,
sale-item:4471,sale:2396,1216,presentation:1406,1,1,1,1270,1270,
sale-item:4472,sale:2397,8,presentation:285,15,1,15,90,1350,
sale-item:4473,sale:2398,1141,presentation:1255,1,40,40,4750,4750,
sale-item:4474,sale:2399,1141,presentation:1250,1,40,40,4800,4800,
sale-item:4475,sale:2400,7,presentation:1191,1,40,40,3600,3600,
sale-item:4476,sale:2401,1141,presentation:1251,8,1,8,120,960,
sale-item:4477,sale:2402,1141,presentation:1251,8,1,8,120,960,
sale-item:4478,sale:2403,633,presentation:1187,4,0.5,2,54,216,
sale-item:4479,sale:2404,852,presentation:892,7,1,7,450,3150,
sale-item:4480,sale:2405,6,presentation:5,2,20,40,3900,7800,
sale-item:4481,sale:2405,1141,presentation:1250,1,40,40,4800,4800,
sale-item:4482,sale:2406,6,presentation:1083,1,20,20,3550,3550,
sale-item:4483,sale:2407,289,presentation:292,1,1,1,330,330,
sale-item:4484,sale:2408,703,presentation:844,2,1,2,600,1200,
sale-item:4485,sale:2408,6,presentation:6,5,1,5,195,975,
sale-item:4486,sale:2408,1141,presentation:1251,5,1,5,120,600,
sale-item:4487,sale:2409,1176,presentation:1304,1,1,1,16,16,
sale-item:4488,sale:2409,653,presentation:658,1,1,1,6,6,
sale-item:4489,sale:2410,1141,presentation:1251,2,1,2,120,240,
sale-item:4490,sale:2411,302,presentation:309,1,1,1,19,19,
sale-item:4491,sale:2412,1141,presentation:1251,10,1,10,120,1200,
sale-item:4492,sale:2413,292,presentation:300,2,1,2,60,120,
sale-item:4493,sale:2414,292,presentation:300,2,1,2,60,120,
sale-item:4494,sale:2414,6,presentation:6,10,1,10,195,1950,
sale-item:4495,sale:2415,161,presentation:161,2,1,2,23,46,
sale-item:4496,sale:2415,960,presentation:1005,2,1,2,35,70,
sale-item:4497,sale:2416,1141,presentation:1251,1,1,1,120,120,
sale-item:4498,sale:2417,1141,presentation:1251,10,1,10,120,1200,
sale-item:4499,sale:2417,733,presentation:740,1,1,1,308,308,
sale-item:4500,sale:2417,596,presentation:754,1,1,1,155,155,
sale-item:4501,sale:2418,8,presentation:285,20,1,20,90,1800,
sale-item:4502,sale:2419,1141,presentation:1251,3,1,3,120,360,
sale-item:4503,sale:2419,790,presentation:828,2,1,2,45,90,
sale-item:4504,sale:2420,255,presentation:256,1,1,1,2,2,
sale-item:4505,sale:2420,222,presentation:221,1,1,1,3,3,
sale-item:4506,sale:2420,1224,presentation:1416,1,1,1,23,23,
sale-item:4507,sale:2421,124,presentation:123,1,1,1,22,22,
sale-item:4508,sale:2422,1053,presentation:1127,2,1,2,7,14,
sale-item:4509,sale:2423,1141,presentation:1370,1,40,40,4600,4600,
sale-item:4510,sale:2423,284,presentation:287,20,1,20,28,560,
sale-item:4511,sale:2424,703,presentation:844,2,1,2,600,1200,
sale-item:4512,sale:2425,284,presentation:287,1,1,1,28,28,
sale-item:4513,sale:2425,1181,presentation:1312,1,1,1,68,68,
sale-item:4514,sale:2425,1028,presentation:1093,1,1,1,148,148,
sale-item:4515,sale:2425,777,presentation:807,1,1,1,157.5,157.5,
sale-item:4516,sale:2426,987,presentation:1360,1000,1,1000,4,4000,
sale-item:4517,sale:2427,1141,presentation:1251,15,1,15,120,1800,
sale-item:4518,sale:2427,6,presentation:6,5,1,5,195,975,
sale-item:4519,sale:2427,284,presentation:287,1,1,1,28,28,
sale-item:4520,sale:2428,703,presentation:844,1,1,1,600,600,
sale-item:4521,sale:2428,596,presentation:754,1,1,1,155,155,
sale-item:4522,sale:2429,6,presentation:1083,1,20,20,3550,3550,
sale-item:4523,sale:2430,6,presentation:6,6,1,6,195,1170,
sale-item:4524,sale:2431,1141,presentation:1251,20,1,20,120,2400,
sale-item:4525,sale:2432,508,presentation:515,2,1,2,7,14,
sale-item:4526,sale:2432,597,presentation:601,2,1,2,1.5,3,
sale-item:4527,sale:2432,335,presentation:342,1,1,1,50,50,
sale-item:4528,sale:2433,1141,presentation:1251,2,1,2,120,240,
sale-item:4529,sale:2433,8,presentation:285,2,1,2,90,180,
sale-item:4530,sale:2434,777,presentation:807,2,1,2,157.5,315,
sale-item:4531,sale:2434,40,presentation:39,1,1,1,111,111,
sale-item:4532,sale:2435,6,presentation:1083,1,20,20,3550,3550,
sale-item:4533,sale:2436,987,presentation:1360,6000,1,6000,4,24000,
sale-item:4534,sale:2437,1141,presentation:1250,1,40,40,4800,4800,
sale-item:4535,sale:2438,1141,presentation:1251,6,1,6,120,720,
sale-item:4536,sale:2438,1079,presentation:1161,2,1,2,105,210,
sale-item:4537,sale:2439,1141,presentation:1253,2,40,80,4350,8700,
sale-item:4538,sale:2440,980,presentation:1422,15,1,15,166,2490,
sale-item:4539,sale:2440,1216,presentation:1406,1,1,1,1270,1270,
sale-item:4540,sale:2441,1224,presentation:1416,1,1,1,23,23,
sale-item:4541,sale:2442,1141,presentation:1255,1,40,40,4750,4750,
sale-item:4542,sale:2442,6,presentation:6,5,1,5,195,975,
sale-item:4543,sale:2443,1141,presentation:1251,2,1,2,120,240,
sale-item:4544,sale:2444,780,presentation:976,2,1,2,540,1080,
sale-item:4545,sale:2445,4,presentation:1319,2,20,40,4600,9200,
sale-item:4546,sale:2445,8,presentation:285,20,1,20,90,1800,
sale-item:4547,sale:2446,287,presentation:1132,150,1,150,24.5,3675,
sale-item:4548,sale:2446,735,presentation:741,2,1,2,2120,4240,
sale-item:4549,sale:2447,594,presentation:1357,1,84,84,22640,22640,
sale-item:4550,sale:2448,6,presentation:5,1,20,20,3900,3900,
sale-item:4551,sale:2449,703,presentation:844,1.5,1,1.5,600,900,
sale-item:4552,sale:2450,4,presentation:1,0.5,20,10,4800,2400,
sale-item:4553,sale:2451,4,presentation:2,10,1,10,240,2400,
sale-item:4554,sale:2452,6,presentation:1083,1,20,20,3550,3550,
sale-item:4555,sale:2453,6,presentation:1083,1,20,20,3550,3550,
sale-item:4556,sale:2454,6,presentation:1083,1,20,20,3550,3550,
sale-item:4557,sale:2455,301,presentation:308,1,1,1,16,16,
sale-item:4558,sale:2455,269,presentation:270,1,1,1,130,130,
sale-item:4559,sale:2456,913,presentation:954,1,1,1,530,530,
sale-item:4560,sale:2457,913,presentation:954,1,1,1,530,530,
sale-item:4561,sale:2458,860,presentation:900,1,1,1,21,21,
sale-item:4562,sale:2458,1070,presentation:1149,1,1,1,29,29,
sale-item:4563,sale:2458,953,presentation:998,2,1,2,230,460,
sale-item:4564,sale:2458,1142,presentation:1258,1,1,1,103,103,
sale-item:4565,sale:2458,600,presentation:604,1,1,1,2.5,2.5,
sale-item:4566,sale:2458,1078,presentation:1378,1,1,1,7,7,
sale-item:4567,sale:2458,126,presentation:125,3,1,3,103,309,
sale-item:4568,sale:2458,1044,presentation:1119,2,1,2,216,432,
sale-item:4569,sale:2458,1146,presentation:1262,1,1,1,261,261,
sale-item:4570,sale:2458,1147,presentation:1263,1,1,1,806,806,
sale-item:4571,sale:2458,305,presentation:312,2,1,2,8,16,
sale-item:4572,sale:2458,1103,presentation:1190,2,1,2,10,20,
sale-item:4573,sale:2458,1114,presentation:1211,1,1,1,100,100,
sale-item:4574,sale:2458,127,presentation:126,1,1,1,26,26,
sale-item:4575,sale:2458,847,presentation:887,1,1,1,81,81,
sale-item:4576,sale:2458,302,presentation:309,1,1,1,19,19,
sale-item:4577,sale:2458,1146,presentation:1262,1,1,1,261,261,
sale-item:4578,sale:2458,1101,presentation:1188,1,1,1,29,29,
sale-item:4579,sale:2458,1180,presentation:1311,1,1,1,33,33,
sale-item:4580,sale:2458,57,presentation:297,3,1,3,110,330,
sale-item:4581,sale:2458,556,presentation:570,1,1,1,70,70,
sale-item:4582,sale:2458,126,presentation:125,1,1,1,103,103,
sale-item:4583,sale:2458,1101,presentation:1188,1,1,1,29,29,
sale-item:4584,sale:2459,683,presentation:687,3,1,3,7,21,
sale-item:4585,sale:2460,309,presentation:316,2,1,2,8,16,
sale-item:4586,sale:2461,116,presentation:114,2,1,2,72,144,
sale-item:4587,sale:2462,4,presentation:1,2,20,40,4800,9600,
sale-item:4588,sale:2463,1141,presentation:1251,4,1,4,120,480,
sale-item:4589,sale:2463,8,presentation:285,10,1,10,90,900,
sale-item:4590,sale:2464,1141,presentation:1251,2,1,2,120,240,
sale-item:4591,sale:2465,987,presentation:1360,2000,1,2000,4,8000,
sale-item:4592,sale:2466,1056,presentation:1342,1,7,7,2900,2900,
sale-item:4593,sale:2467,4,presentation:1426,1,20,20,4500,4500,
sale-item:4594,sale:2467,8,presentation:1424,1,40,40,3409,3409,
sale-item:4595,sale:2467,6,presentation:1425,1,20,20,3600,3600,
sale-item:4596,sale:2467,594,presentation:1427,20,1,20,260,5200,
sale-item:4597,sale:2467,283,presentation:1428,34.5,1,34.5,23,793.5,
sale-item:4598,sale:2467,284,presentation:287,89,1,89,28,2492,
sale-item:4599,sale:2468,6,presentation:1083,1,20,20,3550,3550,
sale-item:4600,sale:2469,4,presentation:1320,2,20,40,4350,8700,
sale-item:4601,sale:2470,596,presentation:1429,60,1,60,145,8700,
sale-item:4602,sale:2471,1050,presentation:1124,1,1,1,100,100,
sale-item:4603,sale:2472,148,presentation:148,1,1,1,80,80,
sale-item:4604,sale:2472,1052,presentation:1126,10,1,10,9,90,
sale-item:4605,sale:2473,735,presentation:741,3,1,3,2120,6360,
sale-item:4606,sale:2473,284,presentation:287,5,1,5,28,140,
sale-item:4607,sale:2474,1141,presentation:1253,2,40,80,4350,8700,
sale-item:4608,sale:2475,1079,presentation:1161,10,1,10,105,1050,
sale-item:4609,sale:2476,639,presentation:644,2,1,2,9,18,
sale-item:4610,sale:2477,987,presentation:1360,4510,1,4510,4,18040,
sale-item:4611,sale:2478,703,presentation:844,7,1,7,600,4200,
sale-item:4612,sale:2479,289,presentation:292,2,1,2,330,660,
sale-item:4613,sale:2480,1198,presentation:1365,1,1,1,47,47,
sale-item:4614,sale:2481,6,presentation:1083,1,20,20,3550,3550,
sale-item:4615,sale:2482,1224,presentation:1416,1,1,1,23,23,
sale-item:4616,sale:2483,703,presentation:844,14,1,14,600,8400,
sale-item:4617,sale:2484,8,presentation:285,10,1,10,90,900,
sale-item:4618,sale:2485,782,presentation:819,2,1,2,190,380,
sale-item:4619,sale:2485,781,presentation:818,5,1,5,89,445,
sale-item:4620,sale:2486,4,presentation:1320,2,20,40,4350,8700,
sale-item:4621,sale:2487,6,presentation:1083,2,20,40,3550,7100,
sale-item:4622,sale:2488,6,presentation:5,2,20,40,3900,7800,
sale-item:4623,sale:2488,4,presentation:1,1,20,20,4800,4800,
sale-item:4624,sale:2489,1141,presentation:1251,12,1,12,120,1440,
sale-item:4625,sale:2489,596,presentation:754,2,1,2,155,310,
sale-item:4626,sale:2489,6,presentation:6,3,1,3,195,585,
sale-item:4627,sale:2490,4,presentation:1308,1,20,20,4500,4500,
sale-item:4628,sale:2491,6,presentation:1083,2,20,40,3550,7100,
sale-item:4629,sale:2492,8,presentation:285,20,1,20,90,1800,
sale-item:4630,sale:2492,4,presentation:2,20,1,20,240,4800,
sale-item:4631,sale:2493,913,presentation:1266,1,7,7,3700,3700,
sale-item:4632,sale:2494,4,presentation:2,10,1,10,240,2400,
sale-item:4633,sale:2494,8,presentation:9,0.5,40,20,3600,1800,
sale-item:4634,sale:2495,987,presentation:1360,6000,1,6000,4,24000,
sale-item:4635,sale:2496,913,presentation:1266,1,7,7,3700,3700,
sale-item:4636,sale:2497,703,presentation:1084,1,7,7,4200,4200,
sale-item:4637,sale:2498,1141,presentation:1251,24,1,24,120,2880,
sale-item:4638,sale:2499,1141,presentation:1251,1,1,1,120,120,
sale-item:4639,sale:2499,8,presentation:285,2,1,2,90,180,
sale-item:4640,sale:2500,4,presentation:1369,1,20,20,4500,4500,
sale-item:4641,sale:2501,4,presentation:1320,2,20,40,4350,8700,
sale-item:4642,sale:2502,6,presentation:6,10,1,10,195,1950,
sale-item:4643,sale:2503,4,presentation:2,5,1,5,240,1200,
sale-item:4644,sale:2504,4,presentation:1319,0.5,20,10,4600,2300,
sale-item:4645,sale:2505,8,presentation:9,1,40,40,3600,3600,
sale-item:4646,sale:2505,4,presentation:1319,1,20,20,4600,4600,
sale-item:4647,sale:2505,284,presentation:1128,100,1,100,26.5,2650,
sale-item:4648,sale:2506,957,presentation:1213,1,14,14,2500,2500,
sale-item:4649,sale:2507,4,presentation:1308,1,20,20,4500,4500,
sale-item:4650,sale:2507,6,presentation:1083,1,20,20,3550,3550,
sale-item:4651,sale:2508,6,presentation:1162,2,20,40,3600,7200,
sale-item:4652,sale:2509,8,presentation:285,1,1,1,90,90,
sale-item:4653,sale:2509,8,presentation:285,1,1,1,90,90,
sale-item:4654,sale:2510,853,presentation:893,1,1,1,650,650,
sale-item:4655,sale:2510,703,presentation:844,2,1,2,600,1200,
sale-item:4656,sale:2511,4,presentation:1320,2,20,40,4350,8700,
sale-item:4657,sale:2511,6,presentation:1351,2,20,40,3400,6800,
sale-item:4658,sale:2512,4,presentation:1,1.5,20,30,4800,7200,
sale-item:4659,sale:2512,596,presentation:754,30,1,30,155,4650,
sale-item:4660,sale:2512,594,presentation:620,10,1,10,275,2750,
sale-item:4661,sale:2512,294,presentation:302,1,1,1,60,60,
sale-item:4662,sale:2512,283,presentation:286,17.5,1,17.5,27,472.5,
sale-item:4663,sale:2512,995,presentation:1051,4,1,4,56,224,
sale-item:4664,sale:2513,109,presentation:108,2,1,2,5,10,
sale-item:4665,sale:2513,1231,presentation:1431,2,1,2,72,144,
sale-item:4666,sale:2513,1230,presentation:1430,1,1,1,148,148,
sale-item:4667,sale:2513,642,presentation:647,1,1,1,4,4,
sale-item:4668,sale:2514,4,presentation:1320,2,20,40,4350,8700,
sale-item:4669,sale:2515,4,presentation:1308,1,20,20,4500,4500,
sale-item:4670,sale:2515,6,presentation:1083,1,20,20,3550,3550,
sale-item:4671,sale:2516,4,presentation:1321,1,20,20,4650,4650,
sale-item:4672,sale:2517,897,presentation:938,1,1,1,34,34,
sale-item:4673,sale:2518,1141,presentation:1251,3,1,3,120,360,
sale-item:4674,sale:2519,1141,presentation:1251,7,1,7,120,840,
sale-item:4675,sale:2520,703,presentation:844,1,1,1,600,600,
sale-item:4676,sale:2521,4,presentation:1320,2,20,40,4350,8700,
sale-item:4677,sale:2522,957,presentation:1185,3,1,3,260,780,
sale-item:4678,sale:2523,913,presentation:954,1,1,1,530,530,
sale-item:4679,sale:2524,317,presentation:324,1,1,1,18,18,
sale-item:4680,sale:2524,1114,presentation:1211,1,1,1,100,100,
sale-item:4681,sale:2525,302,presentation:309,1,1,1,19,19,
sale-item:4682,sale:2526,780,presentation:975,1,7,7,3780,3780,
sale-item:4683,sale:2527,8,presentation:285,15,1,15,90,1350,
sale-item:4684,sale:2527,4,presentation:2,5,1,5,240,1200,
sale-item:4685,sale:2528,4,presentation:1,1,20,20,4800,4800,
sale-item:4686,sale:2528,6,presentation:5,1,20,20,3900,3900,
sale-item:4687,sale:2528,853,presentation:893,1,1,1,650,650,
sale-item:4688,sale:2528,703,presentation:844,2,1,2,600,1200,
sale-item:4689,sale:2529,8,presentation:9,1,40,40,3600,3600,
sale-item:4690,sale:2529,4,presentation:1,0.5,20,10,4800,2400,
sale-item:4691,sale:2530,987,presentation:1360,3018,1,3018,4,12072,
sale-item:4692,sale:2531,779,presentation:809,1,1,1,58,58,
sale-item:4693,sale:2532,4,presentation:1320,2,20,40,4350,8700,
sale-item:4694,sale:2533,4,presentation:2,2,1,2,240,480,
sale-item:4695,sale:2534,4,presentation:2,5,1,5,240,1200,
sale-item:4696,sale:2535,289,presentation:292,6,1,6,330,1980,
sale-item:4697,sale:2535,936,presentation:1432,1,5,5,1900,1900,
sale-item:4698,sale:2535,284,presentation:287,2,1,2,28,56,
sale-item:4699,sale:2536,51,presentation:50,4,1,4,3,12,
sale-item:4700,sale:2536,84,presentation:83,3,1,3,3,9,
sale-item:4701,sale:2536,89,presentation:88,3,1,3,2,6,
sale-item:4702,sale:2536,109,presentation:108,3,1,3,5,15,
sale-item:4703,sale:2536,193,presentation:195,2,1,2,4,8,
sale-item:4704,sale:2536,189,presentation:189,2,1,2,3,6,
sale-item:4705,sale:2537,8,presentation:1410,6,40,240,2780,16680,
sale-item:4706,sale:2538,4,presentation:2,15,1,15,240,3600,
sale-item:4707,sale:2538,8,presentation:285,15,1,15,90,1350,
sale-item:4708,sale:2539,6,presentation:1083,1,20,20,3550,3550,
sale-item:4709,sale:2540,4,presentation:1,1,20,20,4800,4800,
sale-item:4710,sale:2541,4,presentation:2,5,1,5,240,1200,
sale-item:4711,sale:2542,1193,presentation:1435,4648.52,1,4648.52,21.5,99943.18,
sale-item:4712,sale:2542,1232,presentation:1433,1838,1,1838,21.5,39517,
sale-item:4713,sale:2542,1233,presentation:1434,3075.3,1,3075.3,21.5,66118.95,
sale-item:4714,sale:2543,703,presentation:844,4,1,4,600,2400,
sale-item:4715,sale:2544,289,presentation:292,4,1,4,330,1320,
sale-item:4716,sale:2544,594,presentation:620,3,1,3,275,825,
sale-item:4717,sale:2545,6,presentation:5,0.5,20,10,3900,1950,
sale-item:4718,sale:2545,8,presentation:285,5,1,5,90,450,
sale-item:4719,sale:2546,780,presentation:975,1,7,7,3780,3780,
sale-item:4720,sale:2546,913,presentation:1266,1,7,7,3700,3700,
sale-item:4721,sale:2547,4,presentation:1320,2,20,40,4350,8700,
sale-item:4722,sale:2548,4,presentation:1319,1.5,20,30,4600,6900,
sale-item:4723,sale:2548,6,presentation:1162,2,20,40,3600,7200,
sale-item:4724,sale:2548,284,presentation:1128,15,1,15,26.5,397.5,
sale-item:4725,sale:2549,703,presentation:844,0.5,1,0.5,600,300,
sale-item:4726,sale:2550,923,presentation:965,2,1,2,330,660,
sale-item:4727,sale:2551,4,presentation:1369,1,20,20,4500,4500,
sale-item:4728,sale:2552,4,presentation:1,1.5,20,30,4800,7200,
sale-item:4729,sale:2553,283,presentation:286,50,1,50,27,1350,
sale-item:4730,sale:2553,284,presentation:287,20,1,20,28,560,
sale-item:4731,sale:2554,4,presentation:1,1,20,20,4800,4800,
sale-item:4732,sale:2554,6,presentation:5,1,20,20,3900,3900,
sale-item:4733,sale:2555,936,presentation:980,1,7,7,2200,2200,
sale-item:4734,sale:2556,6,presentation:1083,1,20,20,3550,3550,
sale-item:4735,sale:2557,4,presentation:2,5,1,5,240,1200,
sale-item:4736,sale:2558,8,presentation:285,1,1,1,90,90,
sale-item:4737,sale:2559,287,presentation:290,300,1,300,25,7500,
sale-item:4738,sale:2559,1054,presentation:1129,9,1,9,65,585,
sale-item:4739,sale:2559,293,presentation:301,25,1,25,37,925,
sale-item:4740,sale:2559,296,presentation:304,20,1,20,38,760,
sale-item:4741,sale:2559,284,presentation:1405,400,1,400,27,10800,
sale-item:4742,sale:2560,4,presentation:2,5,1,5,240,1200,
sale-item:4743,sale:2560,6,presentation:6,20,1,20,195,3900,
sale-item:4744,sale:2560,289,presentation:292,6,1,6,330,1980,
sale-item:4745,sale:2561,8,presentation:9,1,40,40,3600,3600,
sale-item:4746,sale:2561,4,presentation:1319,1,20,20,4600,4600,
sale-item:4747,sale:2561,594,presentation:1357,1,84,84,22640,22640,
sale-item:4748,sale:2561,287,presentation:1132,100,1,100,24.5,2450,
sale-item:4749,sale:2562,228,presentation:228,1,1,1,1915,1915,
sale-item:4750,sale:2563,703,presentation:1084,1,7,7,4200,4200,
sale-item:4751,sale:2564,8,presentation:1410,10,40,400,2780,27800,
sale-item:4752,sale:2565,4,presentation:2,2,1,2,240,480,
sale-item:4753,sale:2566,8,presentation:285,25,1,25,90,2250,
sale-item:4754,sale:2566,1141,presentation:1251,10,1,10,120,1200,
sale-item:4755,sale:2567,284,presentation:287,40,1,40,28,1120,
sale-item:4756,sale:2567,285,presentation:288,6.5,1,6.5,27,175.5,
sale-item:4757,sale:2568,54,presentation:53,1,1,1,57,57,
sale-item:4758,sale:2569,6,presentation:1083,1,20,20,3550,3550,
sale-item:4759,sale:2570,1141,presentation:1255,0.5,40,20,4750,2375,
sale-item:4760,sale:2571,957,presentation:1194,1,30,30,5300,5300,
sale-item:4761,sale:2572,852,presentation:892,1,1,1,450,450,
sale-item:4762,sale:2572,1141,presentation:1251,20,1,20,120,2400,
sale-item:4763,sale:2572,8,presentation:285,20,1,20,90,1800,
sale-item:4764,sale:2573,6,presentation:6,5,1,5,195,975,
sale-item:4765,sale:2573,1141,presentation:1251,15,1,15,120,1800,
sale-item:4766,sale:2573,703,presentation:844,4,1,4,600,2400,
sale-item:4767,sale:2574,1141,presentation:1251,20,1,20,120,2400,
sale-item:4768,sale:2575,8,presentation:285,10,1,10,90,900,
sale-item:4769,sale:2576,913,presentation:954,1,1,1,530,530,
sale-item:4770,sale:2577,1053,presentation:1127,2,1,2,7,14,
sale-item:4771,sale:2578,1193,presentation:1435,6000,1,6000,21.5,129000,
sale-item:4772,sale:2578,1232,presentation:1433,6000,1,6000,21.5,129000,
sale-item:4773,sale:2578,1233,presentation:1434,1500,1,1500,21.5,32250,
sale-item:4774,sale:2579,703,presentation:844,1,1,1,600,600,
sale-item:4775,sale:2580,6,presentation:1083,1,20,20,3550,3550,
sale-item:4776,sale:2581,673,presentation:676,1,1,1,7,7,
sale-item:4777,sale:2581,653,presentation:658,1,1,1,6,6,
sale-item:4778,sale:2581,1184,presentation:1330,4,1,4,8,32,
sale-item:4779,sale:2582,1141,presentation:1250,1,40,40,4800,4800,
sale-item:4780,sale:2582,8,presentation:9,1,40,40,3600,3600,
sale-item:4781,sale:2582,1117,presentation:1219,4,1,4,128,512,
sale-item:4782,sale:2583,4,presentation:2,2,1,2,240,480,
sale-item:4783,sale:2584,1141,presentation:1251,4,1,4,120,480,
sale-item:4784,sale:2585,1109,presentation:1200,1,1,1,170,170,
sale-item:4785,sale:2585,70,presentation:68,9,1,9,35,315,
sale-item:4786,sale:2585,633,presentation:638,9,1,9,322,2898,
sale-item:4787,sale:2585,8,presentation:9,1,40,40,3600,3600,
sale-item:4788,sale:2586,6,presentation:5,1,20,20,3900,3900,
sale-item:4789,sale:2586,1141,presentation:1250,1,40,40,4800,4800,
sale-item:4790,sale:2587,293,presentation:301,3,1,3,37,111,
sale-item:4791,sale:2587,297,presentation:305,2,1,2,60,120,
sale-item:4792,sale:2587,296,presentation:304,2,1,2,38,76,
sale-item:4793,sale:2587,284,presentation:287,20,1,20,28,560,
sale-item:4794,sale:2587,6,presentation:1162,0.5,20,10,3600,1800,
sale-item:4795,sale:2587,1141,presentation:1252,1,40,40,4600,4600,
sale-item:4796,sale:2588,1141,presentation:1251,20,1,20,120,2400,
sale-item:4797,sale:2588,6,presentation:5,0.5,20,10,3900,1950,
sale-item:4798,sale:2588,923,presentation:1421,1,14,14,4900,4900,
sale-item:4799,sale:2589,284,presentation:1405,100,1,100,27,2700,
sale-item:4800,sale:2589,296,presentation:304,75,1,75,38,2850,
sale-item:4801,sale:2589,293,presentation:301,55,1,55,37,2035,
sale-item:4802,sale:2590,852,presentation:892,1,1,1,450,450,
sale-item:4803,sale:2590,1141,presentation:1255,0.5,40,20,4750,2375,
sale-item:4804,sale:2591,923,presentation:965,0.5,1,0.5,330,165,
sale-item:4805,sale:2591,1141,presentation:1251,3,1,3,120,360,
sale-item:4806,sale:2592,6,presentation:1083,1,20,20,3550,3550,
sale-item:4807,sale:2593,594,presentation:620,4,1,4,275,1100,
sale-item:4808,sale:2593,812,presentation:863,1,1,1,380,380,
sale-item:4809,sale:2593,287,presentation:290,8,1,8,25,200,
sale-item:4810,sale:2593,813,presentation:852,1,1,1,221,221,
sale-item:4811,sale:2594,733,presentation:740,4,1,4,308,1232,
sale-item:4812,sale:2595,781,presentation:818,12,1,12,89,1068,
sale-item:4813,sale:2596,703,presentation:1084,1,7,7,4200,4200,
sale-item:4814,sale:2596,853,presentation:893,3,1,3,650,1950,
sale-item:4815,sale:2597,1234,presentation:1436,1,1,1,640,640,
sale-item:4816,sale:2597,693,presentation:697,1,1,1,60,60,
sale-item:4817,sale:2597,709,presentation:716,2,1,2,70,140,
sale-item:4818,sale:2597,227,presentation:226,1,1,1,632,632,
sale-item:4819,sale:2597,1213,presentation:1401,2,1,2,70,140,
sale-item:4820,sale:2598,1141,presentation:1254,1,40,40,4500,4500,
sale-item:4821,sale:2599,1141,presentation:1251,5,1,5,120,600,
sale-item:4822,sale:2599,8,presentation:285,10,1,10,90,900,
sale-item:4823,sale:2600,1162,presentation:1283,1.5,1,1.5,480,720,
sale-item:4824,sale:2601,7,presentation:7,1.5,40,60,3900,5850,
sale-item:4825,sale:2601,1141,presentation:1250,1,40,40,4800,4800,
sale-item:4826,sale:2602,1054,presentation:1129,16,1,16,85,1360,
sale-item:4827,sale:2603,8,presentation:285,10,1,10,90,900,
sale-item:4828,sale:2604,1141,presentation:1370,1,40,40,4600,4600,
sale-item:4829,sale:2605,293,presentation:301,3,1,3,37,111,
sale-item:4830,sale:2605,7,presentation:1191,1.5,40,60,3600,5400,
sale-item:4831,sale:2606,7,presentation:7,1.5,40,60,3900,5850,
sale-item:4832,sale:2607,237,presentation:238,1,1,1,251,251,
sale-item:4833,sale:2607,156,presentation:157,5,1,5,25,125,
sale-item:4834,sale:2607,266,presentation:268,1,1,1,14,14,
sale-item:4835,sale:2607,244,presentation:245,1,1,1,13,13,
sale-item:4836,sale:2608,1141,presentation:1251,8,1,8,120,960,
sale-item:4837,sale:2609,781,presentation:818,1,1,1,89,89,
sale-item:4838,sale:2610,1141,presentation:1253,2,40,80,4350,8700,
sale-item:4839,sale:2610,7,presentation:1303,2,40,80,3400,6800,
sale-item:4840,sale:2611,594,presentation:620,10,1,10,275,2750,
sale-item:4841,sale:2611,289,presentation:292,2,1,2,330,660,
sale-item:4842,sale:2611,285,presentation:288,50,1,50,27,1350,
sale-item:4843,sale:2611,284,presentation:287,20,1,20,28,560,
sale-item:4844,sale:2612,1141,presentation:1251,10,1,10,120,1200,
sale-item:4845,sale:2612,8,presentation:285,2,1,2,90,180,
sale-item:4846,sale:2613,1141,presentation:1254,1,40,40,4500,4500,
sale-item:4847,sale:2613,7,presentation:1043,1,40,40,3550,3550,
sale-item:4848,sale:2614,1141,presentation:1253,4,40,160,4350,17400,
sale-item:4849,sale:2615,77,presentation:75,1,1,1,52,52,
sale-item:4850,sale:2616,145,presentation:145,2,1,2,56,112,
sale-item:4851,sale:2617,8,presentation:9,1.5,40,60,3600,5400,
sale-item:4852,sale:2617,1141,presentation:1250,1,40,40,4800,4800,
sale-item:4853,sale:2618,735,presentation:741,1,1,1,2120,2120,
sale-item:4854,sale:2619,780,presentation:976,3,1,3,540,1620,
sale-item:4855,sale:2619,1141,presentation:1251,6,1,6,120,720,
sale-item:4856,sale:2619,7,presentation:7,1,40,40,3900,3900,
sale-item:4857,sale:2620,1141,presentation:1253,2,40,80,4550,9100,
sale-item:4858,sale:2621,860,presentation:900,1,1,1,21,21,
sale-item:4859,sale:2622,7,presentation:1043,1,40,40,3550,3550,
sale-item:4860,sale:2623,596,presentation:1429,20,1,20,145,2900,
sale-item:4861,sale:2623,1141,presentation:1423,1,40,40,4600,4600,
sale-item:4862,sale:2623,283,presentation:1428,33,1,33,23,759,
sale-item:4863,sale:2624,861,presentation:901,1,1,1,32,32,
sale-item:4864,sale:2625,923,presentation:965,3.5,1,3.5,330,1155,
sale-item:4865,sale:2625,852,presentation:892,3.5,1,3.5,450,1575,
sale-item:4866,sale:2625,1141,presentation:1251,15,1,15,120,1800,
sale-item:4867,sale:2625,176,presentation:175,2,1,2,168,336,
sale-item:4868,sale:2625,1024,presentation:1087,2,1,2,100,200,
sale-item:4869,sale:2626,1141,presentation:1251,20,1,20,120,2400,
sale-item:4870,sale:2627,7,presentation:7,2,40,80,3900,7800,
sale-item:4871,sale:2628,923,presentation:1421,1,14,14,4900,4900,
sale-item:4872,sale:2629,284,presentation:1128,20,1,20,26.5,530,
sale-item:4873,sale:2629,296,presentation:304,2,1,2,38,76,
sale-item:4874,sale:2629,1054,presentation:1129,2,1,2,90,180,
sale-item:4875,sale:2629,295,presentation:303,2,1,2,37,74,
sale-item:4876,sale:2630,7,presentation:1043,1,40,40,3550,3550,
sale-item:4877,sale:2631,1141,presentation:1254,1,40,40,4500,4500,
sale-item:4878,sale:2632,1079,presentation:1161,1,1,1,105,105,
sale-item:4879,sale:2633,1141,presentation:1255,0.5,40,20,4750,2375,
sale-item:4880,sale:2633,596,presentation:754,1,1,1,155,155,
sale-item:4881,sale:2634,852,presentation:892,0.5,1,0.5,450,225,
sale-item:4882,sale:2635,1141,presentation:1251,5,1,5,120,600,
sale-item:4883,sale:2636,913,presentation:1266,1,7,7,3700,3700,
sale-item:4884,sale:2636,1141,presentation:1251,10,1,10,120,1200,
sale-item:4885,sale:2637,7,presentation:8,20,1,20,98,1960,
sale-item:4886,sale:2638,7,presentation:7,1,40,40,3900,3900,
sale-item:4887,sale:2638,1141,presentation:1250,1.5,40,60,4800,7200,
sale-item:4888,sale:2639,594,presentation:620,20,1,20,275,5500,
sale-item:4889,sale:2639,285,presentation:288,50,1,50,27,1350,
sale-item:4890,sale:2640,987,presentation:1042,1,1000,1000,4230,4230,
sale-item:4891,sale:2641,1141,presentation:1250,0.5,40,20,4800,2400,
sale-item:4892,sale:2641,8,presentation:285,20,1,20,90,1800,
sale-item:4893,sale:2641,733,presentation:740,2,1,2,308,616,
sale-item:4894,sale:2642,1141,presentation:1252,1,40,40,4600,4600,
sale-item:4895,sale:2642,8,presentation:9,1,40,40,3600,3600,
sale-item:4896,sale:2643,1141,presentation:1251,20,1,20,120,2400,
sale-item:4897,sale:2643,7,presentation:8,20,1,20,98,1960,
sale-item:4898,sale:2644,703,presentation:844,3,1,3,600,1800,
sale-item:4899,sale:2644,1141,presentation:1254,1,40,40,4500,4500,
sale-item:4900,sale:2644,853,presentation:893,2,1,2,650,1300,
sale-item:4901,sale:2645,7,presentation:1043,0.5,40,20,3550,1775,
sale-item:4902,sale:2646,594,presentation:1357,1,84,84,22640,22640,
sale-item:4903,sale:2646,596,presentation:1130,0.5,150,75,22640,11320,
sale-item:4904,sale:2647,287,presentation:1132,100,1,100,24.5,2450,
sale-item:4905,sale:2647,284,presentation:1128,100,1,100,26.5,2650,
sale-item:4906,sale:2647,296,presentation:304,25,1,25,38,950,
sale-item:4907,sale:2647,293,presentation:301,25,1,25,37,925,
sale-item:4908,sale:2647,297,presentation:305,15,1,15,60,900,
sale-item:4909,sale:2648,1141,presentation:1251,28,1,28,120,3360,
sale-item:4910,sale:2648,913,presentation:954,4,1,4,530,2120,
sale-item:4911,sale:2649,8,presentation:9,1,40,40,3600,3600,
sale-item:4912,sale:2649,1141,presentation:1251,10,1,10,120,1200,
sale-item:4913,sale:2649,697,presentation:700,5,1,5,153,765,
sale-item:4914,sale:2650,957,presentation:1194,1,30,30,5300,5300,
sale-item:4915,sale:2651,1141,presentation:1252,0.5,40,20,4600,2300,
sale-item:4916,sale:2651,7,presentation:1191,0.5,40,20,3600,1800,
sale-item:4917,sale:2652,1141,presentation:1250,1,40,40,4800,4800,
sale-item:4918,sale:2652,7,presentation:7,1.5,40,60,3900,5850,
sale-item:4919,sale:2653,1141,presentation:1254,0.5,40,20,4500,2250,
sale-item:4920,sale:2653,703,presentation:844,2,1,2,600,1200,
sale-item:4921,sale:2654,1141,presentation:1423,1,40,40,4600,4600,
sale-item:4922,sale:2654,293,presentation:301,1,1,1,37,37,
sale-item:4923,sale:2655,545,presentation:550,2,1,2,366,732,
sale-item:4924,sale:2656,703,presentation:844,1,1,1,600,600,
sale-item:4925,sale:2657,1141,presentation:1252,1,40,40,4600,4600,
sale-item:4926,sale:2657,7,presentation:1191,0.5,40,20,3600,1800,
sale-item:4927,sale:2657,8,presentation:9,1,40,40,3600,3600,
sale-item:4928,sale:2658,8,presentation:9,1,40,40,3600,3600,
sale-item:4929,sale:2658,1141,presentation:1252,1,40,40,4600,4600,
sale-item:4930,sale:2659,1104,presentation:1195,1,1,1,56,56,
sale-item:4931,sale:2659,776,presentation:806,1,1,1,72,72,
sale-item:4932,sale:2659,969,presentation:1437,2,1,2,1,2,
sale-item:4933,sale:2659,318,presentation:325,1,1,1,68,68,
sale-item:4934,sale:2659,637,presentation:642,2,1,2,20,40,
sale-item:4935,sale:2660,987,presentation:1360,3000,1,3000,4,12000,
sale-item:4936,sale:2661,852,presentation:1203,1,30,30,11500,11500,
sale-item:4937,sale:2662,987,presentation:1360,1506,1,1506,4,6024,
sale-item:4938,sale:2663,293,presentation:301,1,1,1,37,37,
sale-item:4939,sale:2663,7,presentation:1438,1,40,40,3600,3600,
sale-item:4940,sale:2664,638,presentation:643,9,1,9,5,45,
sale-item:4941,sale:2664,635,presentation:640,2,1,2,13.5,27,
sale-item:4942,sale:2664,664,presentation:669,2,1,2,9,18,
sale-item:4943,sale:2664,709,presentation:716,3,1,3,70,210,
sale-item:4944,sale:2665,1017,presentation:1077,3,2,6,60,180,
sale-item:4945,sale:2666,1141,presentation:1251,15,1,15,120,1800,
sale-item:4946,sale:2666,8,presentation:285,10,1,10,90,900,
sale-item:4947,sale:2666,705,presentation:713,6,1,6,9,54,
sale-item:4948,sale:2667,7,presentation:1043,0.5,40,20,3550,1775,
sale-item:4949,sale:2667,1141,presentation:1254,0.5,40,20,4500,2250,
sale-item:4950,sale:2668,1211,presentation:1390,80,1,80,27,2160,
sale-item:4951,sale:2669,594,presentation:620,12,1,12,275,3300,
sale-item:4952,sale:2669,596,presentation:754,12,1,12,155,1860,
sale-item:4953,sale:2670,780,presentation:975,1,7,7,3780,3780,
sale-item:4954,sale:2671,7,presentation:1043,0.5,40,20,3550,1775,
sale-item:4955,sale:2672,7,presentation:7,1,40,40,3900,3900,
sale-item:4956,sale:2672,1141,presentation:1250,1,40,40,4800,4800,
sale-item:4957,sale:2672,288,presentation:291,20,1,20,200,4000,
sale-item:4958,sale:2672,283,presentation:286,8.5,1,8.5,27,229.5,
sale-item:4959,sale:2673,8,presentation:285,15,1,15,90,1350,
sale-item:4960,sale:2673,1141,presentation:1251,20,1,20,120,2400,
sale-item:4961,sale:2673,7,presentation:8,5,1,5,98,490,
sale-item:4962,sale:2674,19,presentation:295,1,1,1,1676,1676,
sale-item:4963,sale:2675,923,presentation:1421,1,14,14,4900,4900,
sale-item:4964,sale:2676,594,presentation:620,30,1,30,275,8250,
sale-item:4965,sale:2677,1134,presentation:1239,1,1,1,78,78,
sale-item:4966,sale:2678,1141,presentation:1254,1,40,40,4500,4500,
sale-item:4967,sale:2679,853,presentation:893,3,1,3,650,1950,
sale-item:4968,sale:2679,703,presentation:844,4,1,4,600,2400,
sale-item:4969,sale:2680,1141,presentation:1370,1,40,40,4600,4600,
sale-item:4970,sale:2681,288,presentation:291,1,1,1,200,200,
sale-item:4971,sale:2682,1056,presentation:1355,4,1,4,415,1660,
sale-item:4972,sale:2683,1141,presentation:1251,1,1,1,120,120,
sale-item:4973,sale:2684,780,presentation:975,1,7,7,3780,3780,
sale-item:4974,sale:2684,8,presentation:9,0.5,40,20,3600,1800,
sale-item:4975,sale:2684,1141,presentation:1250,0.5,40,20,4800,2400,
sale-item:4976,sale:2685,1141,presentation:1254,1,40,40,4500,4500,
sale-item:4977,sale:2685,703,presentation:844,2,1,2,600,1200,
sale-item:4978,sale:2686,1193,presentation:1352,4,1,4,430,1720,
sale-item:4979,sale:2686,284,presentation:287,20,1,20,28,560,
sale-item:4980,sale:2687,1141,presentation:1251,1,1,1,120,120,
sale-item:4981,sale:2688,735,presentation:741,3,1,3,2120,6360,
sale-item:4982,sale:2689,284,presentation:1128,30,1,30,26.5,795,
sale-item:4983,sale:2690,781,presentation:818,27,1,27,89,2403,
sale-item:4984,sale:2690,1054,presentation:1129,2,1,2,90,180,
sale-item:4985,sale:2690,296,presentation:304,2,1,2,38,76,
sale-item:4986,sale:2690,1236,presentation:1439,1,1,1,108,108,
sale-item:4987,sale:2690,1237,presentation:1440,1,1,1,40,40,
sale-item:4988,sale:2691,703,presentation:844,1,1,1,600,600,
sale-item:4989,sale:2692,1141,presentation:1251,2,1,2,120,240,
sale-item:4990,sale:2693,957,presentation:1441,1,7,7,1400,1400,
sale-item:4991,sale:2694,957,presentation:1194,1,30,30,5900,5900,
sale-item:4992,sale:2695,7,presentation:1191,0.5,40,20,3600,1800,
sale-item:4993,sale:2695,1141,presentation:1252,1,40,40,4600,4600,
sale-item:4994,sale:2696,8,presentation:9,1,40,40,3600,3600,
sale-item:4995,sale:2696,1141,presentation:1252,1,40,40,4600,4600,
sale-item:4996,sale:2697,781,presentation:818,73,1,73,89,6497,
sale-item:4997,sale:2698,781,presentation:818,2,1,2,89,178,
sale-item:4998,sale:2699,781,presentation:818,2,1,2,89,178,
sale-item:4999,sale:2700,1141,presentation:1423,1,40,40,4600,4600,
sale-item:5000,sale:2700,7,presentation:1438,1,40,40,3600,3600,
sale-item:5001,sale:2701,1206,presentation:1385,1,1,1,80,80,
sale-item:5002,sale:2702,594,presentation:1357,0.5,84,42,22640,11320,
sale-item:5003,sale:2702,596,presentation:1130,0.5,150,75,22640,11320,
sale-item:5004,sale:2703,594,presentation:620,30,1,30,275,8250,
sale-item:5005,sale:2704,289,presentation:292,17,1,17,330,5610,
sale-item:5006,sale:2705,703,presentation:844,10,1,10,600,6000,
sale-item:5007,sale:2706,1141,presentation:1250,1,40,40,4800,4800,
sale-item:5008,sale:2707,7,presentation:7,2,40,80,3900,7800,
sale-item:5009,sale:2707,1141,presentation:1250,1,40,40,4800,4800,
sale-item:5010,sale:2708,1141,presentation:1251,2,1,2,120,240,
sale-item:5011,sale:2709,7,presentation:7,2,40,80,3900,7800,
sale-item:5012,sale:2709,284,presentation:287,30,1,30,28,840,
sale-item:5013,sale:2709,995,presentation:1051,13,1,13,56,728,
sale-item:5014,sale:2710,780,presentation:976,4,1,4,540,2160,
sale-item:5015,sale:2711,1238,presentation:1442,150,1,150,35,5250,
sale-item:5016,sale:2712,669,presentation:673,2,1,2,9,18,
sale-item:5017,sale:2712,42,presentation:40,1,1,1,33,33,
sale-item:5018,sale:2713,892,presentation:932,1,1,1,170,170,
sale-item:5019,sale:2714,1073,presentation:1152,1,1,1,42,42,
sale-item:5020,sale:2714,1074,presentation:1153,1,1,1,50,50,
sale-item:5021,sale:2714,301,presentation:308,1,1,1,16,16,
sale-item:5022,sale:2714,785,presentation:823,1,1,1,30,30,
sale-item:5023,sale:2714,1044,presentation:1119,1,1,1,216,216,
sale-item:5024,sale:2714,1103,presentation:1190,2,1,2,10,20,
sale-item:5025,sale:2714,459,presentation:466,2,1,2,3,6,
sale-item:5026,sale:2714,302,presentation:309,1,1,1,19,19,
sale-item:5027,sale:2714,1029,presentation:1094,1,1,1,93,93,
sale-item:5028,sale:2714,327,presentation:334,3,1,3,5,15,
sale-item:5029,sale:2714,838,presentation:878,1,1,1,196,196,
sale-item:5030,sale:2714,387,presentation:396,1,1,1,2,2,
sale-item:5031,sale:2714,398,presentation:406,1,1,1,0.5,0.5,
sale-item:5032,sale:2714,621,presentation:626,1,1,1,0.5,0.5,
sale-item:5033,sale:2714,736,presentation:742,1,1,1,104,104,
sale-item:5034,sale:2714,1221,presentation:1413,1,1,1,133,133,
sale-item:5035,sale:2714,1180,presentation:1311,1,1,1,33,33,
sale-item:5036,sale:2714,1101,presentation:1188,1,1,1,29,29,
sale-item:5037,sale:2714,1050,presentation:1124,1,1,1,100,100,
sale-item:5038,sale:2714,1043,presentation:1118,1,1,1,160,160,
sale-item:5039,sale:2714,126,presentation:125,1,1,1,103,103,
sale-item:5040,sale:2714,303,presentation:310,1,1,1,8,8,
sale-item:5041,sale:2714,33,presentation:32,1,1,1,14,14,
sale-item:5042,sale:2714,72,presentation:70,1,1,1,8,8,
sale-item:5043,sale:2715,70,presentation:68,11,1,11,35,385,
sale-item:5044,sale:2715,156,presentation:157,2,1,2,25,50,
sale-item:5045,sale:2715,261,presentation:266,2,1,2,26,52,
sale-item:5046,sale:2715,173,presentation:173,2,1,2,74,148,
sale-item:5047,sale:2715,152,presentation:152,3,1,3,8,24,
sale-item:5048,sale:2715,112,presentation:111,4,1,4,8,32,
sale-item:5049,sale:2715,633,presentation:638,1,1,1,322,322,
sale-item:5050,sale:2715,237,presentation:238,1,1,1,251,251,
sale-item:5051,sale:2715,269,presentation:270,1,1,1,130,130,
sale-item:5052,sale:2715,28,presentation:27,2,1,2,5,10,
sale-item:5053,sale:2715,74,presentation:74,2,1,2,8,16,
sale-item:5054,sale:2715,288,presentation:291,2,1,2,200,400,
sale-item:5055,sale:2715,735,presentation:741,1,1,1,2120,2120,
sale-item:5056,sale:2715,1029,presentation:1094,1,1,1,93,93,
sale-item:5057,sale:2715,1194,presentation:1356,1,1,1,650,650,
sale-item:5058,sale:2715,1239,presentation:1443,1,1,1,910,910,
sale-item:5059,sale:2715,1171,presentation:1298,2,1,2,22,44,
sale-item:5060,sale:2715,1113,presentation:1207,2,1,2,25,50,
sale-item:5061,sale:2715,1241,presentation:1445,11,1,11,47,517,
sale-item:5062,sale:2715,265,presentation:264,11,1,11,15,165,
sale-item:5063,sale:2716,1015,presentation:1075,1,1,1,182,182,
sale-item:5064,sale:2716,1014,presentation:1073,1,1,1,100,100,
sale-item:5065,sale:2717,1141,presentation:1250,2,40,80,4800,9600,
sale-item:5066,sale:2717,7,presentation:7,1,40,40,3900,3900,
sale-item:5067,sale:2718,8,presentation:9,0.5,40,20,3600,1800,
sale-item:5068,sale:2718,780,presentation:976,2,1,2,540,1080,
sale-item:5069,sale:2719,278,presentation:279,4,1,4,8,32,
sale-item:5070,sale:2719,292,presentation:300,1,1,1,60,60,
sale-item:5071,sale:2720,684,presentation:688,1,1,1,143,143,
sale-item:5072,sale:2721,1141,presentation:1250,1.5,40,60,4800,7200,
sale-item:5073,sale:2722,188,presentation:187,5,1,5,11,55,
sale-item:5074,sale:2722,171,presentation:172,1,1,1,7,7,
sale-item:5075,sale:2722,152,presentation:152,1,1,1,8,8,
sale-item:5076,sale:2722,266,presentation:268,1,1,1,14,14,
sale-item:5077,sale:2722,224,presentation:223,1,1,1,10,10,
sale-item:5078,sale:2723,780,presentation:976,3,1,3,540,1620,
sale-item:5079,sale:2723,7,presentation:7,0.5,40,20,3900,1950,
sale-item:5080,sale:2723,1141,presentation:1251,10,1,10,120,1200,
sale-item:5081,sale:2723,8,presentation:285,5,1,5,90,450,
sale-item:5082,sale:2724,913,presentation:954,3,1,3,530,1590,
sale-item:5083,sale:2724,1141,presentation:1251,5,1,5,120,600,
sale-item:5084,sale:2725,780,presentation:976,2,1,2,540,1080,
sale-item:5085,sale:2726,1141,presentation:1252,2,40,80,4600,9200,
sale-item:5086,sale:2727,1141,presentation:1252,1,40,40,4600,4600,
sale-item:5087,sale:2727,284,presentation:1128,100,1,100,26.5,2650,
sale-item:5088,sale:2728,232,presentation:232,5,1,5,310,1550,
sale-item:5089,sale:2728,1242,presentation:1446,2,1,2,60,120,
sale-item:5090,sale:2728,745,presentation:751,1,1,1,96,96,
sale-item:5091,sale:2728,948,presentation:992,1,1,1,78,78,
sale-item:5092,sale:2729,1162,presentation:1447,1,30,30,11500,11500,
sale-item:5093,sale:2730,703,presentation:1084,1,7,7,4200,4200,
sale-item:5094,sale:2730,1024,presentation:1087,2,1,2,100,200,
sale-item:5095,sale:2731,596,presentation:1130,0.5,150,75,22640,11320,
sale-item:5096,sale:2732,317,presentation:324,10,1,10,18,180,
sale-item:5097,sale:2733,1200,presentation:1371,18,1,18,27,486,
sale-item:5098,sale:2734,1200,presentation:1371,1,1,1,27,27,
sale-item:5099,sale:2735,987,presentation:1360,6000,1,6000,4,24000,
sale-item:5100,sale:2736,781,presentation:818,23,1,23,89,2047,
sale-item:5101,sale:2736,887,presentation:927,1,1,1,150,150,
sale-item:5102,sale:2736,886,presentation:925,1,1,1,150,150,
sale-item:5103,sale:2737,1141,presentation:1251,20,1,20,120,2400,
sale-item:5104,sale:2737,7,presentation:8,5,1,5,98,490,
sale-item:5105,sale:2738,1224,presentation:1416,1,1,1,23,23,
sale-item:5106,sale:2739,923,presentation:964,1,7,7,2300,2300,
sale-item:5107,sale:2739,1024,presentation:1087,2,1,2,100,200,
sale-item:5108,sale:2740,106,presentation:105,1,1,1,142,142,
sale-item:5109,sale:2740,151,presentation:151,1,1,1,139,139,
sale-item:5110,sale:2741,703,presentation:844,2,1,2,600,1200,
sale-item:5111,sale:2741,1141,presentation:1254,0.5,40,20,4500,2250,
sale-item:5112,sale:2742,1141,presentation:1370,1,40,40,4600,4600,
sale-item:5113,sale:2743,703,presentation:844,1,1,1,600,600,
sale-item:5114,sale:2743,1141,presentation:1254,0.5,40,20,4500,2250,
sale-item:5115,sale:2744,853,presentation:893,1.5,1,1.5,650,975,
sale-item:5116,sale:2745,1141,presentation:1251,2,1,2,120,240,
sale-item:5117,sale:2746,70,presentation:68,2,1,2,35,70,
sale-item:5118,sale:2747,987,presentation:1360,1000,1,1000,4,4000,
sale-item:5119,sale:2747,7,presentation:1394,1,40,40,3640,3640,
sale-item:5120,sale:2748,596,presentation:1429,30,1,30,145,4350,
sale-item:5121,sale:2748,1243,presentation:1448,60,1,60,25,1500,
sale-item:5122,sale:2749,781,presentation:818,27,1,27,89,2403,
sale-item:5123,sale:2750,1238,presentation:1442,90,1,90,35,3150,
sale-item:5124,sale:2751,913,presentation:1201,1,14,14,16000,16000,
sale-item:5125,sale:2752,777,presentation:807,1,1,1,157.5,157.5,
sale-item:5126,sale:2753,7,presentation:7,2,40,80,3900,7800,
sale-item:5127,sale:2753,293,presentation:301,5,1,5,37,185,
sale-item:5128,sale:2753,294,presentation:302,1,1,1,60,60,
sale-item:5129,sale:2754,1141,presentation:1251,10,1,10,120,1200,
sale-item:5130,sale:2754,8,presentation:285,10,1,10,90,900,
sale-item:5131,sale:2755,735,presentation:1449,4,1,4,60,240,
sale-item:5132,sale:2755,284,presentation:287,31.5,1,31.5,28,882,
sale-item:5133,sale:2756,8,presentation:9,2,40,80,3600,7200,
sale-item:5134,sale:2756,1141,presentation:1250,1,40,40,4800,4800,
sale-item:5135,sale:2757,91,presentation:89,1,1,1,57,57,
sale-item:5136,sale:2757,778,presentation:808,1,1,1,210,210,
sale-item:5137,sale:2758,703,presentation:844,2,1,2,600,1200,
sale-item:5138,sale:2759,987,presentation:1360,3000,1,3000,4,12000,
sale-item:5139,sale:2760,987,presentation:1360,1500,1,1500,4,6000,
sale-item:5140,sale:2761,1141,presentation:1251,5,1,5,120,600,
sale-item:5141,sale:2762,703,presentation:1202,1,30,30,16500,16500,
sale-item:5142,sale:2763,735,presentation:741,1,1,1,2200,2200,
sale-item:5143,sale:2764,1056,presentation:1342,1,7,7,3000,3000,
sale-item:5144,sale:2765,289,presentation:292,8,1,8,330,2640,
sale-item:5145,sale:2765,596,presentation:754,15,1,15,155,2325,
sale-item:5146,sale:2765,594,presentation:620,2,1,2,275,550,
sale-item:5147,sale:2766,781,presentation:818,2,1,2,89,178,
sale-item:5148,sale:2767,781,presentation:818,1,1,1,89,89,
sale-item:5149,sale:2767,892,presentation:932,1,1,1,170,170,
sale-item:5150,sale:2768,596,presentation:754,15,1,15,155,2325,
sale-item:5151,sale:2769,669,presentation:673,2,1,2,9,18,
sale-item:5152,sale:2770,8,presentation:285,10,1,10,90,900,
sale-item:5153,sale:2770,1141,presentation:1251,5,1,5,120,600,
sale-item:5154,sale:2771,285,presentation:288,70,1,70,27,1890,
sale-item:5155,sale:2772,285,presentation:288,70,1,70,27,1890,
sale-item:5156,sale:2773,596,presentation:754,20,1,20,155,3100,
sale-item:5157,sale:2773,1141,presentation:1250,1,40,40,4800,4800,
sale-item:5158,sale:2774,987,presentation:1042,1.5,1000,1500,4230,6345,
sale-item:5159,sale:2775,284,presentation:287,30,1,30,28,840,
sale-item:5160,sale:2776,7,presentation:1191,2,40,80,3600,7200,
sale-item:5161,sale:2776,1141,presentation:1252,1,40,40,4600,4600,
sale-item:5162,sale:2777,8,presentation:285,10,1,10,90,900,
sale-item:5163,sale:2777,1141,presentation:1251,5,1,5,120,600,
sale-item:5164,sale:2778,258,presentation:258,1,1,1,74,74,
sale-item:5165,sale:2779,683,presentation:687,5,1,5,7,35,
sale-item:5166,sale:2780,596,presentation:1450,1,1,1,21000,21000,
sale-item:5167,sale:2780,594,presentation:1451,16,1,16,250,4000,
sale-item:5168,sale:2781,8,presentation:285,10,1,10,90,900,
sale-item:5169,sale:2781,1141,presentation:1251,5,1,5,120,600,
sale-item:5170,sale:2782,1141,presentation:1250,1,40,40,4800,4800,
sale-item:5171,sale:2782,7,presentation:7,1,40,40,3900,3900,
sale-item:5172,sale:2782,923,presentation:1452,1,7,7,2450,2450,
sale-item:5173,sale:2783,1141,presentation:1251,10,1,10,120,1200,
sale-item:5174,sale:2784,1141,presentation:1251,7,1,7,120,840,
sale-item:5175,sale:2784,8,presentation:285,10,1,10,90,900,
sale-item:5176,sale:2785,1141,presentation:1252,1,40,40,4600,4600,
sale-item:5177,sale:2785,8,presentation:9,0.5,40,20,3600,1800,
sale-item:5178,sale:2786,957,presentation:1441,1,7,7,1400,1400,
sale-item:5179,sale:2787,1141,presentation:1252,1,40,40,4600,4600,
sale-item:5180,sale:2787,288,presentation:291,20,1,20,200,4000,
sale-item:5181,sale:2787,287,presentation:1132,200,1,200,24.5,4900,
sale-item:5182,sale:2788,957,presentation:1441,1,7,7,1400,1400,
sale-item:5183,sale:2789,1141,presentation:1252,0.5,40,20,4600,2300,
sale-item:5184,sale:2790,1141,presentation:1252,1,40,40,4600,4600,
sale-item:5185,sale:2790,8,presentation:9,1,40,40,3600,3600,
sale-item:5186,sale:2791,596,presentation:754,10,1,10,155,1550,
sale-item:5187,sale:2792,549,presentation:556,1,1,1,115,115,
sale-item:5188,sale:2793,957,presentation:1194,1,30,30,5900,5900,
sale-item:5189,sale:2794,987,presentation:1360,2000,1,2000,4,8000,
sale-item:5190,sale:2794,7,presentation:1394,1,40,40,3640,3640,
sale-item:5191,sale:2795,596,presentation:1450,1.5,1,1.5,19500,29250,
sale-item:5192,sale:2795,594,presentation:1453,1,42,42,9925.5,9925.5,
sale-item:5193,sale:2795,287,presentation:1455,250,1,250,21.5,5375,
sale-item:5194,sale:2795,284,presentation:1454,42,1,42,27,1134,
sale-item:5195,sale:2796,1141,presentation:1251,1,1,1,120,120,
sale-item:5196,sale:2796,892,presentation:932,1,1,1,170,170,
sale-item:5197,sale:2797,987,presentation:1360,3000,1,3000,4,12000,
sale-item:5198,sale:2798,1141,presentation:1251,20,1,20,120,2400,
sale-item:5199,sale:2798,8,presentation:285,10,1,10,90,900,
sale-item:5200,sale:2799,735,presentation:1449,10,1,10,60,600,
sale-item:5201,sale:2800,8,presentation:285,20,1,20,90,1800,
sale-item:5202,sale:2800,1141,presentation:1250,1,40,40,4800,4800,
sale-item:5203,sale:2801,8,presentation:285,15,1,15,90,1350,
sale-item:5204,sale:2801,1141,presentation:1251,5,1,5,120,600,
sale-item:5205,sale:2802,29,presentation:28,2,1,2,1677,3354,
sale-item:5206,sale:2803,244,presentation:245,1,1,1,13,13,
sale-item:5207,sale:2804,936,presentation:980,1,7,7,2500,2500,
sale-item:5208,sale:2805,695,presentation:699,1,1,1,62,62,
