legacy_id,branch_legacy_id,sku,barcode,name,category_legacy_id,base_uom_legacy_id,purchase_price,wholesale_price,retail_price,min_stock,stock_qty,description,is_divisible,is_active,created_at
2,branch:jesus-maria,MAT-00002,,demo,category:materiales,measure:2,0,0,0,1,4,ID producto origen: 2 | Medida origen: Pieza(s),false,false,
3,branch:jesus-maria,MAT-00003,,demo2,category:materiales,measure:3,0,0,0,1,1,ID producto origen: 3 | Medida origen: Metro(s),true,false,
4,branch:jesus-maria,MAT-00004,,CEMENTO HOLCIM(50 KILOS),category:materiales,measure:2,215,240,240,1,0,ID producto origen: 4 | Medida origen: Pieza(s),false,true,
5,branch:jesus-maria,MAT-00005,,CEMENTO HOLCIM 25 KILOS,category:materiales,measure:1,104.2,118,118,1,527,ID producto origen: 5 | Medida origen: Kilo(s),true,false,
6,branch:jesus-maria,MAT-00006,,MORTERO HOLCIM(50 KILOS),category:materiales,measure:2,170,195,195,0,0,ID producto origen: 6 | Medida origen: Pieza(s),false,true,
7,branch:jesus-maria,MAT-00007,,MORTERO 25 HOLCIM,category:materiales,measure:2,83.5,98,98,1,850,ID producto origen: 7 | Medida origen: Pieza(s),false,true,
8,branch:jesus-maria,MAT-00008,,CAL HIDRA,category:materiales,measure:2,69.5,90,90,1,615,ID producto origen: 8 | Medida origen: Pieza(s),false,true,
9,branch:jesus-maria,MAT-00009,4191361223323,COPLE VERDE MACHO 1/2,category:materiales,measure:2,0,36,37,4,5,ID producto origen: 9 | Medida origen: Pieza(s) | Imagen origen: uploads/productos/WhatsApp Image 2025-09-27 at 08.14.45.jpeg | Generado sistema origen: 1,false,true,
10,branch:jesus-maria,MAT-00010,1074953410222,COPLE VERDE HEMBRA 1/2,category:materiales,measure:2,0,33,33,4,8,ID producto origen: 10 | Medida origen: Pieza(s) | Imagen origen: uploads/productos/WhatsApp Image 2025-09-26 at 12.01.49.jpeg | Generado sistema origen: 1,false,true,
11,branch:jesus-maria,MAT-00011,7501206686492,BROCHA PROFESIONAL 2P(TRUPER),category:materiales,measure:2,0,16,17,1,5,ID producto origen: 11 | Medida origen: Pieza(s),false,true,
12,branch:jesus-maria,MAT-00012,7501206686522,"BROCHA PROFESIONAL 4 ""(TRUPER)",category:materiales,measure:2,0,51,52,1,5,ID producto origen: 12 | Medida origen: Pieza(s),false,true,
13,branch:jesus-maria,MAT-00013,6283827134910,REDUCCION PVC 4X6,category:materiales,measure:2,0,26,27,4,10,ID producto origen: 13 | Medida origen: Pieza(s) | Imagen origen: uploads/productos/WhatsApp Image 2025-09-26 at 9.09.45 AM.jpeg | Generado sistema origen: 1,false,true,
14,branch:jesus-maria,MAT-00014,7501206613733,bomba pereferica 1/2,category:materiales,measure:2,0,864,865,1,1,ID producto origen: 14 | Medida origen: Pieza(s),false,true,
15,branch:jesus-maria,MAT-00015,7501206611883,CEPILLO PINTOR CERDA COLA DE CABALLO,category:materiales,measure:2,0,69,70,1,3,ID producto origen: 15 | Medida origen: Pieza(s),false,true,
16,branch:jesus-maria,MAT-00016,7992453103595,YEE PVC 3,category:materiales,measure:2,23.26,26,27,4,38,ID producto origen: 16 | Medida origen: Pieza(s) | Imagen origen: uploads/productos/WhatsApp Image 2025-09-26 at 09.21.59.jpeg | Generado sistema origen: 1,false,true,
17,branch:jesus-maria,MAT-00017,,CARRETILLA IMPONCHABLE TRUPER,category:materiales,measure:2,0,1676,1677,1,1,ID producto origen: 17 | Medida origen: Pieza(s),false,false,
18,branch:jesus-maria,MAT-00018,7506240606932,CEPILLO PINTOR SINTETICO,category:materiales,measure:2,0,45,46,1,0,ID producto origen: 18 | Medida origen: Pieza(s),false,true,
19,branch:jesus-maria,MAT-00019,,CARRETILLA 5FT3 IMPONCHABLE TRUPER,category:materiales,measure:2,0,1675,1676,1,0,ID producto origen: 19 | Medida origen: Pieza(s),false,true,
20,branch:jesus-maria,MAT-00020,,COMPLE VERDE MACHO 3/4,category:materiales,measure:2,0,0,0,4,10,ID producto origen: 20 | Medida origen: Pieza(s),false,false,
21,branch:jesus-maria,MAT-00021,7501206652190,ASPERSOR PLASTICO 11P ESTACA METALICA TRUPER,category:materiales,measure:2,0,86,87,1,3,ID producto origen: 21 | Medida origen: Pieza(s),false,true,
22,branch:jesus-maria,MAT-00022,,COMPLE VERDE MACHO 3/4,category:materiales,measure:2,0,0,0,4,10,ID producto origen: 22 | Medida origen: Pieza(s),false,false,
23,branch:jesus-maria,MAT-00023,7501206632000,AZADON MEZCLERO,category:materiales,measure:2,0,330,331,1,2,ID producto origen: 23 | Medida origen: Pieza(s),false,true,
24,branch:jesus-maria,MAT-00024,,COMPLE VERDE MACHO 3/4,category:materiales,measure:2,0,23,23,4,10,ID producto origen: 24 | Medida origen: Pieza(s),false,false,
25,branch:jesus-maria,MAT-00025,0730463802957,COPLE VERDE MACHO 3/4,category:materiales,measure:2,0,55,55,4,7,ID producto origen: 25 | Medida origen: Pieza(s) | Imagen origen: uploads/productos/WhatsApp Image 2025-09-27 at 08.14.57.jpeg | Generado sistema origen: 1,false,true,
26,branch:jesus-maria,MAT-00026,7506240673828,FLEXOMETRO CONTRA IMPACTOS 5.5M,category:materiales,measure:2,0,157,158,1,2,ID producto origen: 26 | Medida origen: Pieza(s),false,true,
27,branch:jesus-maria,MAT-00027,5321418922629,CODO PVC 6X90,category:materiales,measure:2,71.44,85,85,4,27,ID producto origen: 27 | Medida origen: Pieza(s) | Imagen origen: uploads/productos/WhatsApp Image 2025-09-26 at 09.07.21.jpeg | Generado sistema origen: 1,false,true,
28,branch:jesus-maria,MAT-00028,2065714039546,TAPON VERDE 3/4,category:materiales,measure:2,0,5,5,4,8,ID producto origen: 28 | Medida origen: Pieza(s) | Imagen origen: uploads/productos/WhatsApp Image 2025-09-27 at 09.29.42.jpeg | Generado sistema origen: 1,false,true,
29,branch:jesus-maria,MAT-00029,,CARRETILLA 6 FT3 NEUMATICA,category:materiales,measure:2,1245.69,1676,1677,1,0,ID producto origen: 29 | Medida origen: Pieza(s),false,true,
30,branch:jesus-maria,MAT-00030,7501206673324,FLEXOMETRO GRIPPER 5M (TRUPER),category:materiales,measure:2,0,86,87,1,3,ID producto origen: 30 | Medida origen: Pieza(s),false,true,
31,branch:jesus-maria,MAT-00031,7901700683346,TAPON CPVC 1/2,category:materiales,measure:2,0.59,1,1,4,20,ID producto origen: 31 | Medida origen: Pieza(s) | Imagen origen: uploads/productos/WhatsApp Image 2025-09-26 at 3.01.31 PM.jpeg | Generado sistema origen: 1,false,true,
32,branch:jesus-maria,MAT-00032,7501206679166,CINTA MASKING TAPE 12MMX50MM,category:materiales,measure:2,0,17,18,1,6,ID producto origen: 32 | Medida origen: Pieza(s),false,true,
33,branch:jesus-maria,MAT-00033,2225875368903,TEE VERDE 3/4,category:materiales,measure:2,10.58,14,14,4,27,ID producto origen: 33 | Medida origen: Pieza(s) | Imagen origen: uploads/productos/WhatsApp Image 2025-09-26 at 12.01.26.jpeg | Generado sistema origen: 1,false,true,
34,branch:jesus-maria,MAT-00034,506240635161,ACEITE 2 TIEMPOS 60ML,category:materiales,measure:2,0,26,26,1,1,ID producto origen: 34 | Medida origen: Pieza(s),false,true,
35,branch:jesus-maria,MAT-00035,7501206679173,CINTA MASKING TAPE 18MMX50MM,category:materiales,measure:2,0,25,26,1,6,ID producto origen: 35 | Medida origen: Pieza(s),false,true,
36,branch:jesus-maria,MAT-00036,,LLANA 11P 10 REMACHES TRUPER,category:materiales,measure:2,0,127,128,1,0,ID producto origen: 36 | Medida origen: Pieza(s),false,true,
37,branch:jesus-maria,MAT-00037,7501206679197,CINTA MASKING TAPE 36MMX50M,category:materiales,measure:2,0,48,49,1,4,ID producto origen: 37 | Medida origen: Pieza(s),false,true,
38,branch:jesus-maria,MAT-00038,7501206633762,"LLANA 11""X5"" TRUPER",category:materiales,measure:2,0,110,111,1,0,ID producto origen: 38 | Medida origen: Pieza(s),false,true,
39,branch:jesus-maria,MAT-00039,5179344591637,TEE COBRE 1,category:materiales,measure:2,0,139,140,1,10,ID producto origen: 39 | Medida origen: Pieza(s) | Imagen origen: uploads/productos/WhatsApp Image 2025-09-27 at 09.29.16.jpeg | Generado sistema origen: 1,false,true,
40,branch:jesus-maria,MAT-00040,7501206674376,"LLANA DENTADA 11""X5"" TRUPER",category:materiales,measure:2,81.9,110,111,1,2,ID producto origen: 40 | Medida origen: Pieza(s),false,true,
41,branch:jesus-maria,MAT-00041,0296354357284,COPLE VERDE 3/4,category:materiales,measure:2,6.3,11,11,4,30,ID producto origen: 41 | Medida origen: Pieza(s) | Imagen origen: uploads/productos/WhatsApp Image 2025-09-27 at 08.13.46.jpeg | Generado sistema origen: 1,false,true,
42,branch:jesus-maria,MAT-00042,7501206679180,CINTA MASKING 24MMX50M TRUPER,category:materiales,measure:2,0,32,33,1,4,ID producto origen: 42 | Medida origen: Pieza(s),false,true,
43,branch:jesus-maria,MAT-00043,7501206641415,LLAVE AJUSTABLE PERICO 10P EXPERT,category:materiales,measure:2,0,230,231,1,1,ID producto origen: 43 | Medida origen: Pieza(s),false,true,
44,branch:jesus-maria,MAT-00044,0890562703774,CODO VERDE 1X90,category:materiales,measure:2,3.99,7,7,4,50,ID producto origen: 44 | Medida origen: Pieza(s) | Imagen origen: uploads/productos/WhatsApp Image 2025-09-27 at 08.59.32.jpeg | Generado sistema origen: 1,false,true,
45,branch:jesus-maria,MAT-00045,7501206679203,CINTA MASKING TAPE 48MMX50M,category:materiales,measure:2,0,64,65,1,6,ID producto origen: 45 | Medida origen: Pieza(s),false,true,
46,branch:jesus-maria,MAT-00046,8235217694908,CODO PIPA MACHO 3/4(VERDE),category:materiales,measure:2,0,27,27,4,10,ID producto origen: 46 | Medida origen: Pieza(s) | Imagen origen: uploads/productos/WhatsApp Image 2025-09-26 at 11.01.56.jpeg | Generado sistema origen: 1,false,true,
47,branch:jesus-maria,MAT-00047,7501206647158,"LLAVE COMBINADA 7/16"" TRUPER EXPERT",category:materiales,measure:2,0,63,64,1,2,ID producto origen: 47 | Medida origen: Pieza(s),false,true,
48,branch:jesus-maria,MAT-00048,7501206693308,CINTA MASKING TAPE AZUL 18MMX50M TRUPER,category:materiales,measure:2,0,45,46,1,6,ID producto origen: 48 | Medida origen: Pieza(s),false,true,
49,branch:jesus-maria,MAT-00049,0386346233914,REDUCCION PVC 3X4,category:materiales,measure:2,0,12,12,4,9,ID producto origen: 49 | Medida origen: Pieza(s) | Imagen origen: uploads/productos/WhatsApp Image 2025-09-26 at 09.21.40.jpeg | Generado sistema origen: 1,false,true,
50,branch:jesus-maria,MAT-00050,7501206647165,"LLAVE COMBINADA 1/2"" TRUPER EXPERT",category:materiales,measure:2,0,75,76,1,0,ID producto origen: 50 | Medida origen: Pieza(s),false,true,
51,branch:jesus-maria,MAT-00051,8391648340101,ADAPTADOR CPVC BUSH HEMBRA 1/2,category:materiales,measure:2,1.8,3,3,4,22,ID producto origen: 51 | Medida origen: Pieza(s) | Imagen origen: uploads/productos/WhatsApp Image 2025-09-27 at 10.58.16 (1).jpeg | Generado sistema origen: 1,false,true,
52,branch:jesus-maria,MAT-00052,0181845830165,TUERCA UNION VERDE 3/4,category:materiales,measure:2,0,22,22,4,8,ID producto origen: 52 | Medida origen: Pieza(s) | Imagen origen: uploads/productos/WhatsApp Image 2025-09-27 at 08.59.19.jpeg | Generado sistema origen: 1,false,true,
53,branch:jesus-maria,MAT-00053,7501206647202,"LLAVE COMBINADA 3/4"" TRUPER EXPERT",category:materiales,measure:2,0,121,122,1,2,ID producto origen: 53 | Medida origen: Pieza(s),false,true,
54,branch:jesus-maria,MAT-00054,7501206693315,CINTA MASKING TAPE AZUL 24MMX50M TRUPER,category:materiales,measure:2,0,56,57,1,4,ID producto origen: 54 | Medida origen: Pieza(s),false,true,
55,branch:jesus-maria,MAT-00055,5154303073638,CODO CPVC 1/2X45,category:materiales,measure:2,0.93,2,2,4,27,ID producto origen: 55 | Medida origen: Pieza(s) | Imagen origen: uploads/productos/WhatsApp Image 2025-09-27 at 12.28.17.jpeg | Generado sistema origen: 1,false,true,
56,branch:jesus-maria,MAT-00056,7501206642641,LLAVE COMBINADA 8MM TRUPER EXPERT,category:materiales,measure:2,0,52,53,1,1,ID producto origen: 56 | Medida origen: Pieza(s),false,true,
57,branch:jesus-maria,MAT-00057,7501206693339,CINTA MASKING TAPE AZUL 48MMX50M TRUPER,category:materiales,measure:2,0,109,110,1,2,ID producto origen: 57 | Medida origen: Pieza(s),false,true,
58,branch:jesus-maria,MAT-00058,7501206647219,LLAVE COMBINADA 10MM TRUPER EXPERT,category:materiales,measure:2,0,56,57,1,0,ID producto origen: 58 | Medida origen: Pieza(s),false,true,
59,branch:jesus-maria,MAT-00059,7501206652213,"CHIFLON 3"" DE LATON TRUPER",category:materiales,measure:2,0,63,64,1,1,ID producto origen: 59 | Medida origen: Pieza(s),false,true,
60,branch:jesus-maria,MAT-00060,7501206647240,LLAVE COMBINADA 13MM TRUPER EXPERT,category:materiales,measure:2,0,75,76,1,0,ID producto origen: 60 | Medida origen: Pieza(s),false,true,
61,branch:jesus-maria,MAT-00061,7506240647973,BROCHA CORTE RECTO 2P (TRUPER),category:materiales,measure:2,0,33,34,1,6,ID producto origen: 61 | Medida origen: Pieza(s),false,true,
62,branch:jesus-maria,MAT-00062,7506240622246,ESPATULA FLEXIBLE 3P ACERO INOX EXPERT,category:materiales,measure:2,0,77,78,1,0,ID producto origen: 62 | Medida origen: Pieza(s),false,true,
63,branch:jesus-maria,MAT-00063,7506240647997,"BROCHA CORTE RECTO 3"" TRUPER",category:materiales,measure:2,0,54,55,1,4,ID producto origen: 63 | Medida origen: Pieza(s),false,true,
64,branch:jesus-maria,MAT-00064,7506240653288,LUBRICANTE MULTIUSOS AEROSOL 235 ML TRUPER,category:materiales,measure:2,0,44,45,1,2,ID producto origen: 64 | Medida origen: Pieza(s),false,true,
65,branch:jesus-maria,MAT-00065,0894912921344,CODO VERDE 1/2X45,category:materiales,measure:2,0,0,0,4,36,ID producto origen: 65 | Medida origen: Pieza(s),false,true,
66,branch:jesus-maria,MAT-00066,0894912921344,CODO VERDE 1/2X45,category:materiales,measure:2,8.46,11,11,4,35,ID producto origen: 66 | Medida origen: Pieza(s) | Imagen origen: uploads/productos/WhatsApp Image 2025-09-26 at 12.03.11 (1).jpeg | Generado sistema origen: 1,false,false,
67,branch:jesus-maria,MAT-00067,4679641887200,ADAPTADOR CPVC MACHO 1/2 C/LATON,category:materiales,measure:2,21.53,25,25,2,40,ID producto origen: 67 | Medida origen: Pieza(s) | Imagen origen: uploads/productos/WhatsApp Image 2025-09-27 at 8.04.01 AM.jpeg | Generado sistema origen: 1,false,true,
68,branch:jesus-maria,MAT-00068,7506240653295,LUBRICANTE MULTIUSOS AEROSOL 345 ML TRUPER,category:materiales,measure:2,0,57,58,1,-3,ID producto origen: 68 | Medida origen: Pieza(s),false,true,
69,branch:jesus-maria,MAT-00069,7506240622277,ESPATULA FLEXIBLE 6P TRUPER EXPERT,category:materiales,measure:2,0,106,107,1,2,ID producto origen: 69 | Medida origen: Pieza(s),false,true,
70,branch:jesus-maria,MAT-00070,6616457255630,CODO PVC 4X90,category:materiales,measure:2,18.34,35,35,4,29,ID producto origen: 70 | Medida origen: Pieza(s) | Imagen origen: uploads/productos/WhatsApp Image 2025-09-26 at 11.34.38 AM.jpeg | Generado sistema origen: 1,false,true,
71,branch:jesus-maria,MAT-00071,7506240638803,HILO DUAL P/ DESBROZADORA 2.7MM X 12MM TRUPER EXPERT,category:materiales,measure:2,0,39,40,1,2,ID producto origen: 71 | Medida origen: Pieza(s),false,true,
72,branch:jesus-maria,MAT-00072,2293067605082,CODO VERDE 3/4X90,category:materiales,measure:2,5.6,8,8,1,4,ID producto origen: 72 | Medida origen: Pieza(s) | Imagen origen: uploads/productos/WhatsApp Image 2025-09-27 at 08.59.46.jpeg | Generado sistema origen: 1,false,true,
73,branch:jesus-maria,MAT-00073,7506240653318,LUBRICANTE MULTIUSOS AEROSOL 550 ML TRUPER,category:materiales,measure:2,0,86,87,1,0,ID producto origen: 73 | Medida origen: Pieza(s),false,true,
74,branch:jesus-maria,MAT-00074,4448753441804,TAPON VERDE 1/2,category:materiales,measure:2,32.22,8,8,4,38,ID producto origen: 74 | Medida origen: Pieza(s) | Imagen origen: uploads/productos/WhatsApp Image 2025-09-27 at 09.29.27.jpeg | Generado sistema origen: 1,false,true,
75,branch:jesus-maria,MAT-00075,7501206630310,MARRO 3LB TRUPER,category:materiales,measure:2,145.69,195,196,1,1,ID producto origen: 75 | Medida origen: Pieza(s),false,true,
76,branch:jesus-maria,MAT-00076,7506240645238,RODILLO 5/8,category:materiales,measure:2,0,48,49,1,1,ID producto origen: 76 | Medida origen: Pieza(s),false,true,
77,branch:jesus-maria,MAT-00077,7506240645252,"RODILLO 1"" TRUPER NARANJA",category:materiales,measure:2,0,51,52,1,2,ID producto origen: 77 | Medida origen: Pieza(s),false,true,
78,branch:jesus-maria,MAT-00078,5980590266961,CODO PIPA VERDE HEMBRA 3/4,category:materiales,measure:2,0,25,25,4,8,ID producto origen: 78 | Medida origen: Pieza(s) | Imagen origen: uploads/productos/WhatsApp Image 2025-09-26 at 12.04.47.jpeg | Generado sistema origen: 1,false,true,
79,branch:jesus-maria,MAT-00079,4282062295617,"TAPON VERDE 1""",category:materiales,measure:2,0,5,5,4,10,ID producto origen: 79 | Medida origen: Pieza(s) | Imagen origen: uploads/productos/WhatsApp Image 2025-09-27 at 09.30.00.jpeg | Generado sistema origen: 1,false,true,
80,branch:jesus-maria,MAT-00080,7501206675816,MARRO 4LB TRUPER,category:materiales,measure:2,181.03,243,244,1,2,ID producto origen: 80 | Medida origen: Pieza(s),false,true,
81,branch:jesus-maria,MAT-00081,7682083265298,COPLE CPVC 1/2,category:materiales,measure:2,0.69,3,3,4,30,ID producto origen: 81 | Medida origen: Pieza(s) | Imagen origen: uploads/productos/WhatsApp Image 2025-09-27 at 12.48.33.jpeg | Generado sistema origen: 1,false,true,
82,branch:jesus-maria,MAT-00082,5282820939783,YEE PVC 2,category:materiales,measure:2,0,10,10,4,7,ID producto origen: 82 | Medida origen: Pieza(s) | Imagen origen: uploads/productos/WhatsApp Image 2025-09-26 at 11.32.26 AM.jpeg | Generado sistema origen: 1,false,true,
83,branch:jesus-maria,MAT-00083,7454607598256,CODO VERDE 3/4X45,category:materiales,measure:2,5.6,14,14,4,116,ID producto origen: 83 | Medida origen: Pieza(s) | Imagen origen: uploads/productos/WhatsApp Image 2025-09-26 at 12.03.29.jpeg | Generado sistema origen: 1,false,true,
84,branch:jesus-maria,MAT-00084,5745508948441,COPLE CPVC 3/4,category:materiales,measure:2,1.47,3,3,4,29,ID producto origen: 84 | Medida origen: Pieza(s) | Imagen origen: uploads/productos/WhatsApp Image 2025-09-27 at 12.48.46.jpeg | Generado sistema origen: 1,false,true,
85,branch:jesus-maria,MAT-00085,3990549800803,TEE VERDE 1,category:materiales,measure:2,17.01,20,20,4,40,ID producto origen: 85 | Medida origen: Pieza(s) | Imagen origen: uploads/productos/WhatsApp Image 2025-09-26 at 12.00.51.jpeg | Generado sistema origen: 1,false,true,
86,branch:jesus-maria,MAT-00086,506240673262,ESMERILADORA ANGULAR 4-1/2,category:materiales,measure:2,818.97,1100,1100,1,2,ID producto origen: 86 | Medida origen: Pieza(s),false,true,
87,branch:jesus-maria,MAT-00087,4914112167611,TUERCA UNION VERDE 1/2,category:materiales,measure:2,0,11,11,4,10,ID producto origen: 87 | Medida origen: Pieza(s) | Imagen origen: uploads/productos/WhatsApp Image 2025-09-27 at 08.58.59 (1).jpeg | Generado sistema origen: 1,false,true,
88,branch:jesus-maria,MAT-00088,7501206650073,ESCOBA METALICA P/JARDIN TRUPER,category:materiales,measure:2,0,138,139,1,1,ID producto origen: 88 | Medida origen: Pieza(s),false,true,
89,branch:jesus-maria,MAT-00089,6950463154809,REDUCCION CPVC 3/4X1/2,category:materiales,measure:2,1.12,2,2,4,29,ID producto origen: 89 | Medida origen: Pieza(s) | Imagen origen: uploads/productos/WhatsApp Image 2025-09-27 at 12.49.04.jpeg | Generado sistema origen: 1,false,true,
90,branch:jesus-maria,MAT-00090,506240622253,ESPATULA FLEXIBLE 4 P TRUPER,category:materiales,measure:2,64.66,87,87,1,2,ID producto origen: 90 | Medida origen: Pieza(s),false,true,
91,branch:jesus-maria,MAT-00091,7501206630143,ESPATULA FLEXIBLE 3 P TRUPER,category:materiales,measure:2,0,56,57,1,0,ID producto origen: 91 | Medida origen: Pieza(s),false,true,
92,branch:jesus-maria,MAT-00092,,MARTILLO PULIDO 16 OZ UÑA CURVA TRUPER,category:materiales,measure:2,0,103,104,1,1,ID producto origen: 92 | Medida origen: Pieza(s),false,false,
93,branch:jesus-maria,MAT-00093,1619781332669,LLAVE DE PASO VERDE 1/2,category:materiales,measure:2,0,13,13,4,9,ID producto origen: 93 | Medida origen: Pieza(s) | Imagen origen: uploads/productos/WhatsApp Image 2025-09-27 at 10.44.12.jpeg | Generado sistema origen: 1,false,true,
94,branch:jesus-maria,MAT-00094,,ESPATULA FLEXIBLE 4P TRUPER,category:materiales,measure:2,0,0,0,1,3,ID producto origen: 94 | Medida origen: Pieza(s),false,false,
95,branch:jesus-maria,MAT-00095,,MARTILLO PULIDO 16OZ UÑA RECTA TRUPER,category:materiales,measure:2,0,103,104,1,3,ID producto origen: 95 | Medida origen: Pieza(s),false,false,
96,branch:jesus-maria,MAT-00096,3056027254497,REDUCCION CPVC BUSH 1X1/2,category:materiales,measure:2,0,3,3,4,10,ID producto origen: 96 | Medida origen: Pieza(s) | Imagen origen: uploads/productos/WhatsApp Image 2025-09-26 at 3.02.20 PM.jpeg | Generado sistema origen: 1,false,true,
97,branch:jesus-maria,MAT-00097,7506240647874,HILO REDONDO PARA DESBROZADORA TRUPER,category:materiales,measure:2,0,24,25,1,2,ID producto origen: 97 | Medida origen: Pieza(s),false,true,
98,branch:jesus-maria,MAT-00098,1684974880418,COPLE VERDE 1/2,category:materiales,measure:2,3.51,4,4,4,40,ID producto origen: 98 | Medida origen: Pieza(s) | Imagen origen: uploads/productos/WhatsApp Image 2025-09-27 at 08.13.59.jpeg | Generado sistema origen: 1,false,true,
99,branch:jesus-maria,MAT-00099,7506240647881,HILO P/DESBROZADORA 2.4MM X 12M TRUPER EXPERT,category:materiales,measure:2,0,25,26,1,2,ID producto origen: 99 | Medida origen: Pieza(s),false,true,
100,branch:jesus-maria,MAT-00100,7501206664452,JUEGO 8 DESARMADORES TRANSP PRETUL,category:materiales,measure:2,0,185,185,1,0,ID producto origen: 100 | Medida origen: Pieza(s),false,true,
101,branch:jesus-maria,MAT-00101,7506240647898,HILO REDONDO PARA DESBROZADORA 2.7MM X 12M,category:materiales,measure:2,0,29,30,1,2,ID producto origen: 101 | Medida origen: Pieza(s),false,true,
102,branch:jesus-maria,MAT-00102,7501206630402,"NIVEL 14"" C/PROTECCION TRUPER",category:materiales,measure:2,0,114,115,1,2,ID producto origen: 102 | Medida origen: Pieza(s),false,true,
103,branch:jesus-maria,MAT-00103,7501206664513,JUEGO 8 DESARMADORES NEGROS PRETUL,category:materiales,measure:2,0,182,182,1,3,ID producto origen: 103 | Medida origen: Pieza(s),false,true,
104,branch:jesus-maria,MAT-00104,9418648579412,VALV CPVC DE BOLA 1/2,category:materiales,measure:2,0,19,19,4,8,ID producto origen: 104 | Medida origen: Pieza(s) | Imagen origen: uploads/productos/WhatsApp Image 2025-09-27 at 8.04.24 AM_9206.jpeg | Generado sistema origen: 1,false,true,
105,branch:jesus-maria,MAT-00105,7501206630419,NIVEL 18,category:materiales,measure:2,0,156,157,1,1,ID producto origen: 105 | Medida origen: Pieza(s),false,true,
106,branch:jesus-maria,MAT-00106,7501206664520,JUEGO DE 6 DESARMADORES PRETUL,category:materiales,measure:2,0,142,142,1,2,ID producto origen: 106 | Medida origen: Pieza(s),false,true,
107,branch:jesus-maria,MAT-00107,7501206630426,NIVEL 24,category:materiales,measure:2,0,184,185,1,1,ID producto origen: 107 | Medida origen: Pieza(s),false,true,
108,branch:jesus-maria,MAT-00108,7501206690468,LENTES TRASPARENTES PRETUL,category:materiales,measure:2,0,23,23,1,4,ID producto origen: 108 | Medida origen: Pieza(s),false,true,
109,branch:jesus-maria,MAT-00109,3589681609360,TEE CPVC 3/4,category:materiales,measure:2,2.97,5,5,4,9,ID producto origen: 109 | Medida origen: Pieza(s) | Imagen origen: uploads/productos/WhatsApp Image 2025-09-27 at 10.57.36.jpeg | Generado sistema origen: 1,false,true,
110,branch:jesus-maria,MAT-00110,7501206630518,PALA CUADRADA T-2000 PUÑO Y TRUPER,category:materiales,measure:2,171.55,231,231,1,3,ID producto origen: 110 | Medida origen: Pieza(s),false,true,
111,branch:jesus-maria,MAT-00111,7501206690475,LENTES NEGROS PRETUL,category:materiales,measure:2,0,22,23,1,0,ID producto origen: 111 | Medida origen: Pieza(s),false,true,
112,branch:jesus-maria,MAT-00112,6188161811209,CODO PVC 2X90,category:materiales,measure:2,5.16,8,8,4,25,ID producto origen: 112 | Medida origen: Pieza(s) | Imagen origen: uploads/productos/WhatsApp Image 2025-09-26 at 12.01.24 PM.jpeg | Generado sistema origen: 1,false,true,
113,branch:jesus-maria,MAT-00113,7506240621515,LENTES AMARILLOS PRETUL,category:materiales,measure:2,0,22,23,1,3,ID producto origen: 113 | Medida origen: Pieza(s),false,true,
114,branch:jesus-maria,MAT-00114,7501206612415,PALA REDONDA T-2000 MANGO LARGO TRUPER,category:materiales,measure:2,0,260,261,1,1,ID producto origen: 114 | Medida origen: Pieza(s),false,true,
115,branch:jesus-maria,MAT-00115,2219876481037,REDUCCION CPVC 1X3/4,category:materiales,measure:2,0,4,4,4,9,ID producto origen: 115 | Medida origen: Pieza(s) | Imagen origen: uploads/productos/WhatsApp Image 2025-09-27 at 12.49.26.jpeg | Generado sistema origen: 1,false,true,
116,branch:jesus-maria,MAT-00116,7506240620402,MAZO DE HULE PRETUL 16 OZ,category:materiales,measure:2,53.45,72,72,1,1,ID producto origen: 116 | Medida origen: Pieza(s),false,true,
117,branch:jesus-maria,MAT-00117,7501206641224,"PINZA PROFESIONAL 9""TRUPER",category:materiales,measure:2,0,190,191,1,1,ID producto origen: 117 | Medida origen: Pieza(s),false,true,
118,branch:jesus-maria,MAT-00118,7501206639382,PINZA ALTA PALANCA 9,category:materiales,measure:2,0,214,215,1,0,ID producto origen: 118 | Medida origen: Pieza(s),false,true,
119,branch:jesus-maria,MAT-00119,5896909031406,ADAPTADOR CPVC BUSH HEMBRA 3/4,category:materiales,measure:2,2.88,5,5,4,28,ID producto origen: 119 | Medida origen: Pieza(s) | Imagen origen: uploads/productos/WhatsApp Image 2025-09-26 at 3.02.31 PM.jpeg | Generado sistema origen: 1,false,true,
120,branch:jesus-maria,MAT-00120,7501206640241,PINZA D/PRESION 10P MORDAZA CURVA TRUPER,category:materiales,measure:2,0,168,168,1,1,ID producto origen: 120 | Medida origen: Pieza(s),false,true,
121,branch:jesus-maria,MAT-00121,7501206640234,PINZA D/PRESION 10P MORDAZA RECTA TRUPER,category:materiales,measure:2,0,168,168,1,0,ID producto origen: 121 | Medida origen: Pieza(s),false,true,
122,branch:jesus-maria,MAT-00122,9307497148583,TEE VERDE 1/2,category:materiales,measure:2,5.64,3,3,4,27,ID producto origen: 122 | Medida origen: Pieza(s) | Imagen origen: uploads/productos/WhatsApp Image 2025-09-26 at 12.01.08.jpeg | Generado sistema origen: 1,false,true,
123,branch:jesus-maria,MAT-00123,5558426463893,REDUCCION PVC 2X4,category:materiales,measure:2,10.56,12,12,4,29,ID producto origen: 123 | Medida origen: Pieza(s) | Imagen origen: uploads/productos/WhatsApp Image 2025-09-26 at 09.21.14.jpeg | Generado sistema origen: 1,false,true,
124,branch:jesus-maria,MAT-00124,7501206634363,ESPATULA RIGIDA 2P PRETUL,category:materiales,measure:2,16.38,22,22,1,5,ID producto origen: 124 | Medida origen: Pieza(s),false,true,
125,branch:jesus-maria,MAT-00125,7501206671771,PISTOLA P/RIEGO BOQUILLA REGULABLE (TRUPER),category:materiales,measure:2,90.52,121,122,1,7,ID producto origen: 125 | Medida origen: Pieza(s),false,true,
126,branch:jesus-maria,MAT-00126,7501206671788,PISTOLA P/RIEGO METALICA TRUPER,category:materiales,measure:2,76.72,102,103,1,5,ID producto origen: 126 | Medida origen: Pieza(s),false,true,
127,branch:jesus-maria,MAT-00127,7501206634370,ESPATULA RIGUIDA CORTE DIAGONAL 3P PRETUL,category:materiales,measure:2,0,26,26,1,0,ID producto origen: 127 | Medida origen: Pieza(s),false,true,
128,branch:jesus-maria,MAT-00128,5303498213682,COPLE VERDE HEMBRA 3/4,category:materiales,measure:2,0,44,45,4,9,ID producto origen: 128 | Medida origen: Pieza(s) | Imagen origen: uploads/productos/WhatsApp Image 2025-09-26 at 12.02.10.jpeg | Generado sistema origen: 1,false,true,
129,branch:jesus-maria,MAT-00129,501206685495,ACEITE 2 TIEMPOS 400ML,category:materiales,measure:2,0,100,101,1,2,ID producto origen: 129 | Medida origen: Pieza(s),false,true,
130,branch:jesus-maria,MAT-00130,7501206674925,BROCHA DE USO GENERAL 1P PRETUL,category:materiales,measure:2,0,8,9,1,5,ID producto origen: 130 | Medida origen: Pieza(s),false,true,
131,branch:jesus-maria,MAT-00131,1883814604522,TAPON CPVC 3/4,category:materiales,measure:2,0.28,2,2,4,19,ID producto origen: 131 | Medida origen: Pieza(s) | Imagen origen: uploads/productos/WhatsApp Image 2025-09-26 at 3.02.09 PM.jpeg | Generado sistema origen: 1,false,true,
132,branch:jesus-maria,MAT-00132,7506240620686,MARTILLO FORJADO 16OZ UÑA CURVA EXPERT,category:materiales,measure:2,0,318,319,1,3,ID producto origen: 132 | Medida origen: Pieza(s),false,true,
133,branch:jesus-maria,MAT-00133,6631723875039,"CODO PIPA VERDE HEMBRA 1""",category:materiales,measure:2,0,51,51,4,10,ID producto origen: 133 | Medida origen: Pieza(s) | Imagen origen: uploads/productos/WhatsApp Image 2025-09-26 at 12.02.50.jpeg | Generado sistema origen: 1,false,true,
134,branch:jesus-maria,MAT-00134,7501206674949,BROCHA DE USO GENERAL 2P PRETUL,category:materiales,measure:2,0,13,13,1,4,ID producto origen: 134 | Medida origen: Pieza(s),false,true,
135,branch:jesus-maria,MAT-00135,7506240620693,MARTILLO FORJADO 16OZ UÑA RECTA EXPERT,category:materiales,measure:2,0,318,319,1,1,ID producto origen: 135 | Medida origen: Pieza(s),false,true,
136,branch:jesus-maria,MAT-00136,8077210659504,"LLAVE DE PASO VERDE 3/4""",category:materiales,measure:2,0,120,120,4,8,ID producto origen: 136 | Medida origen: Pieza(s) | Imagen origen: uploads/productos/WhatsApp Image 2025-09-27 at 10.43.55.jpeg | Generado sistema origen: 1,false,true,
137,branch:jesus-maria,MAT-00137,7501206659922,ESCOBA PLASTICA TRUPER,category:materiales,measure:2,0,121,122,1,0,ID producto origen: 137 | Medida origen: Pieza(s),false,true,
138,branch:jesus-maria,MAT-00138,2049148640059,ADAPT CPVC HEMBRA 3/4 C/INSERTO BRONCE,category:materiales,measure:2,0,27,27,4,9,ID producto origen: 138 | Medida origen: Pieza(s) | Imagen origen: uploads/productos/WhatsApp Image 2025-09-27 at 10.59.00.jpeg | Generado sistema origen: 1,false,true,
139,branch:jesus-maria,MAT-00139,7501206655412,"CONECTOR ""Y"" 3/4"" P/MANGUERA PRETUL",category:materiales,measure:2,0,26,27,1,3,ID producto origen: 139 | Medida origen: Pieza(s),false,true,
140,branch:jesus-maria,MAT-00140,7501206674963,BROCHA USO GENERAL 3P MANGO DE PLASTICO,category:materiales,measure:2,0,21,21,1,3,ID producto origen: 140 | Medida origen: Pieza(s),false,true,
141,branch:jesus-maria,MAT-00141,1727853157369,VALV CPVC DE BOLA 3/4,category:materiales,measure:2,0,30,30,4,6,ID producto origen: 141 | Medida origen: Pieza(s) | Imagen origen: uploads/productos/WhatsApp Image 2025-09-27 at 8.04.39 AM.jpeg | Generado sistema origen: 1,false,true,
142,branch:jesus-maria,MAT-00142,7501206653104,ASPERSOR PLASTICO 11P 2/VIAS ESTACA PLASTICA PRETUL,category:materiales,measure:2,0,54,55,1,3,ID producto origen: 142 | Medida origen: Pieza(s),false,true,
143,branch:jesus-maria,MAT-00143,7501206674970,BROCHA USO GENERAL DE 4 P PRETUL,category:materiales,measure:2,0,29,30,1,2,ID producto origen: 143 | Medida origen: Pieza(s),false,true,
144,branch:jesus-maria,MAT-00144,7501206695685,ASPERSOR PLASTICO 11P 1/VIA ESTACA METAL PRETUL,category:materiales,measure:2,0,66,67,1,3,ID producto origen: 144 | Medida origen: Pieza(s),false,true,
145,branch:jesus-maria,MAT-00145,7506240613596,FLEXOMETRO 5.5M PRETUL,category:materiales,measure:2,41.38,56,56,1,8,ID producto origen: 145 | Medida origen: Pieza(s),false,true,
146,branch:jesus-maria,MAT-00146,7104237978668,CODO PVC 6X45,category:materiales,measure:2,0,47,47,4,11,ID producto origen: 146 | Medida origen: Pieza(s) | Imagen origen: uploads/productos/WhatsApp Image 2025-09-26 at 9.09.58 AM.jpeg | Generado sistema origen: 1,false,true,
147,branch:jesus-maria,MAT-00147,7501206664445,JUEGO D/4 DESARMADORES PRETUL,category:materiales,measure:2,0,95,96,1,0,ID producto origen: 147 | Medida origen: Pieza(s),false,true,
148,branch:jesus-maria,MAT-00148,7506240653783,FLEXOMETRO 8M PRETUL,category:materiales,measure:2,59.48,79,80,1,3,ID producto origen: 148 | Medida origen: Pieza(s),false,true,
149,branch:jesus-maria,MAT-00149,2405891196975,REDUCCION PVC 2X1-1/2,category:materiales,measure:2,0,5,5,4,10,ID producto origen: 149 | Medida origen: Pieza(s) | Generado sistema origen: 1,false,true,
150,branch:jesus-maria,MAT-00150,7501206645055,LLAVE AJUSTABLE PERICO 10P CROMADA PRETUL,category:materiales,measure:2,119.87,138,139,1,3,ID producto origen: 150 | Medida origen: Pieza(s),false,true,
151,branch:jesus-maria,MAT-00151,7501206629352,LLAVE AJUSTABLE PERICO 10P PAVONADA PRETUL,category:materiales,measure:2,119.87,138,139,1,2,ID producto origen: 151 | Medida origen: Pieza(s),false,true,
152,branch:jesus-maria,MAT-00152,9485450209721,CODO PVC 2X45,category:materiales,measure:2,7,8,8,4,18,ID producto origen: 152 | Medida origen: Pieza(s) | Imagen origen: uploads/productos/WhatsApp Image 2025-09-26 at 12.01.32 PM.jpeg | Generado sistema origen: 1,false,true,
153,branch:jesus-maria,MAT-00153,7506240699262,FOCO LED 125W-18W,category:materiales,measure:2,0,34,35,1,6,ID producto origen: 153 | Medida origen: Pieza(s),false,true,
154,branch:jesus-maria,MAT-00154,7501206645109,"LLAVE COMBINADA 7/16"" PRETUL",category:materiales,measure:2,0,25,26,1,3,ID producto origen: 154 | Medida origen: Pieza(s),false,true,
155,branch:jesus-maria,MAT-00155,7501206645116,"LLAVE COMBINADA 1/2"" PRETUL",category:materiales,measure:2,0,27,27,1,3,ID producto origen: 155 | Medida origen: Pieza(s),false,true,
156,branch:jesus-maria,MAT-00156,4235226922775,TEE PVC 4,category:materiales,measure:2,23.59,25,25,4,41,ID producto origen: 156 | Medida origen: Pieza(s) | Imagen origen: uploads/productos/WhatsApp Image 2025-09-26 at 9.09.38 AM.jpeg | Generado sistema origen: 1,false,true,
157,branch:jesus-maria,MAT-00157,7501206645123,"LLAVE COMBINADA 9/16"" PRETUL",category:materiales,measure:2,0,34,34,1,3,ID producto origen: 157 | Medida origen: Pieza(s),false,true,
158,branch:jesus-maria,MAT-00158,7501206648957,LLAVE COMBINADA 11MM PRETUL,category:materiales,measure:2,0,27,27,1,3,ID producto origen: 158 | Medida origen: Pieza(s),false,true,
159,branch:jesus-maria,MAT-00159,7501206648971,LLAVE COMBINADA 13MM PRETUL,category:materiales,measure:2,0,29,29,1,3,ID producto origen: 159 | Medida origen: Pieza(s),false,true,
160,branch:jesus-maria,MAT-00160,1972886799325,TAPON PVC 2P,category:materiales,measure:2,51.89,5,5,4,40,ID producto origen: 160 | Medida origen: Pieza(s) | Imagen origen: uploads/productos/WhatsApp Image 2025-09-26 at 9.31.04 AM.jpeg | Generado sistema origen: 1,false,true,
161,branch:jesus-maria,MAT-00161,0062238173918,TAPON PVC 6,category:materiales,measure:2,0,23,23,4,10,ID producto origen: 161 | Medida origen: Pieza(s) | Imagen origen: uploads/productos/WhatsApp Image 2025-09-26 at 9.31.05 AM.jpeg | Generado sistema origen: 1,false,true,
162,branch:jesus-maria,MAT-00162,,LLAVE ESTILSON 14P CUERPO DE HIERRO MALEABLE PRETUL,category:materiales,measure:2,0,209,209,1,-1,ID producto origen: 162 | Medida origen: Pieza(s),false,true,
163,branch:jesus-maria,MAT-00163,7506240676539,FOCO LED 75 W - 14 W,category:materiales,measure:2,0,18,19,1,2,ID producto origen: 163 | Medida origen: Pieza(s),false,true,
164,branch:jesus-maria,MAT-00164,7501206643273,"LLAVE P/TUBO STILSON 18"" PRETUL",category:materiales,measure:2,0,313,313,1,1,ID producto origen: 164 | Medida origen: Pieza(s),false,true,
165,branch:jesus-maria,MAT-00165,1193106626553,REDUCCION VERDE 1 X1/2,category:materiales,measure:2,0,3,3,4,9,ID producto origen: 165 | Medida origen: Pieza(s) | Imagen origen: uploads/productos/WhatsApp Image 2025-09-27 at 08.16.28.jpeg | Generado sistema origen: 1,false,true,
166,branch:jesus-maria,MAT-00166,7506240676546,FOCO LED 100W-16W,category:materiales,measure:2,0,25,26,1,6,ID producto origen: 166 | Medida origen: Pieza(s),false,true,
167,branch:jesus-maria,MAT-00167,7501206653357,MANGUERA VERDE 1/2 3 CAPAS 15M CONEXIONES PLASTICAS,category:materiales,measure:2,0,116,115,1,1,ID producto origen: 167 | Medida origen: Pieza(s),false,true,
168,branch:jesus-maria,MAT-00168,6774976358000,CODO VERDE 1X45,category:materiales,measure:2,0,8,8,1,45,ID producto origen: 168 | Medida origen: Pieza(s) | Imagen origen: uploads/productos/WhatsApp Image 2025-09-26 at 15.44.20.jpeg | Generado sistema origen: 1,false,true,
169,branch:jesus-maria,MAT-00169,506240696377,CUERDA POLIPROPILENO 4MM ROLLO/1KG,category:materiales,measure:2,0,102,103,1,0,ID producto origen: 169 | Medida origen: Pieza(s),false,true,
170,branch:jesus-maria,MAT-00170,7501206623954,MARTILLO SEMIPULIDO 16 OZ UÑA CURVA PRETUL,category:materiales,measure:2,0,92,92,1,2,ID producto origen: 170 | Medida origen: Pieza(s),false,true,
171,branch:jesus-maria,MAT-00171,1136545147289,COPLE PVC 3,category:materiales,measure:2,5.16,7,7,4,42,ID producto origen: 171 | Medida origen: Pieza(s) | Imagen origen: uploads/productos/WhatsApp Image 2025-09-26 at 9.31.05 AM (2).jpeg | Generado sistema origen: 1,false,true,
172,branch:jesus-maria,MAT-00172,506240696384,CUERDA POLIPROPILENO 6MM ROLLO/1KG,category:materiales,measure:2,0,102,103,1,0,ID producto origen: 172 | Medida origen: Pieza(s),false,true,
173,branch:jesus-maria,MAT-00173,8337457477768,YEE PVC 4,category:materiales,measure:2,100.01,74,74,4,41,ID producto origen: 173 | Medida origen: Pieza(s) | Imagen origen: uploads/productos/WhatsApp Image 2025-09-26 at 9.09.51 AM.jpeg | Generado sistema origen: 1,false,true,
174,branch:jesus-maria,MAT-00174,506240696391,CUERDA POLIPROPILENO 8MM ROLLO/1KG,category:materiales,measure:2,0,102,103,1,0,ID producto origen: 174 | Medida origen: Pieza(s),false,true,
175,branch:jesus-maria,MAT-00175,8766048451847,YEE PVC 6,category:materiales,measure:2,0,196,196,2,11,ID producto origen: 175 | Medida origen: Pieza(s) | Imagen origen: uploads/productos/WhatsApp Image 2025-09-26 at 09.07.13.jpeg | Generado sistema origen: 1,false,true,
176,branch:jesus-maria,MAT-00176,7501206633380,PALA CUADRADA PUÑO D PRETUL,category:materiales,measure:2,107.76,167,168,1,0,ID producto origen: 176 | Medida origen: Pieza(s),false,true,
177,branch:jesus-maria,MAT-00177,506240696407,CUERDA POLIPROPILENO 10MM ROLLO/1KG,category:materiales,measure:2,0,102,103,1,0,ID producto origen: 177 | Medida origen: Pieza(s),false,true,
178,branch:jesus-maria,MAT-00178,501206676554,PALA CUADRADA PUÑO Y MANGO28,category:materiales,measure:2,236.79,157,157,1,4,ID producto origen: 178 | Medida origen: Pieza(s),false,true,
179,branch:jesus-maria,MAT-00179,506240696414,CUERDA POLIPROPILENO 11MM ROLLO/1KG,category:materiales,measure:2,0,102,103,1,0,ID producto origen: 179 | Medida origen: Pieza(s),false,true,
180,branch:jesus-maria,MAT-00180,7501206643174,PINZA PARA ELECTRICISTA 8P MANGO DE PVC PRETUL,category:materiales,measure:2,0,80,80,1,2,ID producto origen: 180 | Medida origen: Pieza(s),false,true,
181,branch:jesus-maria,MAT-00181,9045277197139,REDUCCION VERDE 3/4X1/2,category:materiales,measure:2,0,4,4,4,9,ID producto origen: 181 | Medida origen: Pieza(s) | Imagen origen: uploads/productos/WhatsApp Image 2025-09-27 at 08.16.06.jpeg | Generado sistema origen: 1,false,true,
182,branch:jesus-maria,MAT-00182,506240696421,CUERDA POLIPROPILENO 13MM ROLLO/1KG,category:materiales,measure:2,0,102,103,1,0,ID producto origen: 182 | Medida origen: Pieza(s),false,true,
183,branch:jesus-maria,MAT-00183,7501206646182,PINZA DE CORTE DIAGONAL 8P MANGO DE PVC PRETUL,category:materiales,measure:2,0,78,78,1,2,ID producto origen: 183 | Medida origen: Pieza(s),false,true,
184,branch:jesus-maria,MAT-00184,7501206643587,PINZA DE PRESION 10P MORDAZA CURVA PRETUL,category:materiales,measure:2,0,103,104,1,2,ID producto origen: 184 | Medida origen: Pieza(s),false,true,
185,branch:jesus-maria,MAT-00185,8346385806762,TEE PVC 2,category:materiales,measure:2,0,7,7,4,10,ID producto origen: 185 | Medida origen: Pieza(s) | Imagen origen: uploads/productos/WhatsApp Image 2025-09-26 at 09.20.10.jpeg | Generado sistema origen: 1,false,true,
186,branch:jesus-maria,MAT-00186,7501206626542,PINZA DE PRESION 10P MORDAZA RECTA PRETUL,category:materiales,measure:2,0,103,104,1,2,ID producto origen: 186 | Medida origen: Pieza(s),false,true,
187,branch:jesus-maria,MAT-00187,7501206676738,CERRADURA IZQUIERDA HERMEX,category:materiales,measure:2,0,283,284,1,1,ID producto origen: 187 | Medida origen: Pieza(s),false,true,
188,branch:jesus-maria,MAT-00188,8542625039901,COPLE PVC 4,category:materiales,measure:2,9.24,11,11,2,12,ID producto origen: 188 | Medida origen: Pieza(s) | Imagen origen: uploads/productos/WhatsApp Image 2025-09-26 at 9.31.05 AM (3).jpeg | Generado sistema origen: 1,false,true,
189,branch:jesus-maria,MAT-00189,7079636409818,CODO CPVC 3/4X45,category:materiales,measure:2,2.16,3,3,4,32,ID producto origen: 189 | Medida origen: Pieza(s) | Imagen origen: uploads/productos/WhatsApp Image 2025-09-27 at 12.28.31.jpeg | Generado sistema origen: 1,false,true,
190,branch:jesus-maria,MAT-00190,0075014904750,COPLE VERDE 1,category:materiales,measure:2,9.59,11,11,4,63,ID producto origen: 190 | Medida origen: Pieza(s) | Imagen origen: uploads/productos/WhatsApp Image 2025-09-27 at 08.13.34.jpeg | Generado sistema origen: 1,false,true,
191,branch:jesus-maria,MAT-00191,7501206658871,"LLAVE JARDIN DE ESFERA 1/2"" PRETUL",category:materiales,measure:2,0,43,43,1,3,ID producto origen: 191 | Medida origen: Pieza(s),false,true,
192,branch:jesus-maria,MAT-00192,7501206676745,CERRADURA DERECHA HERMEX,category:materiales,measure:2,0,283,284,1,2,ID producto origen: 192 | Medida origen: Pieza(s),false,true,
193,branch:jesus-maria,MAT-00193,1383652404709,CODO CPVC 3/4X90,category:materiales,measure:2,2.24,4,4,4,7,ID producto origen: 193 | Medida origen: Pieza(s) | Imagen origen: uploads/productos/WhatsApp Image 2025-09-27 at 12.29.14.jpeg | Generado sistema origen: 1,false,true,
194,branch:jesus-maria,MAT-00194,9147244700059,TAQUETES 1/4P,category:materiales,measure:2,0,0.5,0.5,1,42,ID producto origen: 194 | Medida origen: Pieza(s) | Imagen origen: uploads/productos/WhatsApp Image 2025-09-30 at 9.37.51 AM (1).jpeg | Generado sistema origen: 1,false,true,
195,branch:jesus-maria,MAT-00195,7501206663103,CANDADO DE HIERRO 40MM HERMEX,category:materiales,measure:2,0,27,27,1,2,ID producto origen: 195 | Medida origen: Pieza(s),false,true,
196,branch:jesus-maria,MAT-00196,2710232262180,TAQUETES 5/16P,category:materiales,measure:2,0,0.5,0.5,1,60,ID producto origen: 196 | Medida origen: Pieza(s) | Imagen origen: uploads/productos/WhatsApp Image 2025-09-30 at 9.37.51 AM.jpeg | Generado sistema origen: 1,false,true,
197,branch:jesus-maria,MAT-00197,7501206663141,CANDADO DE HIERRO 30MM HERMEX,category:materiales,measure:2,0,21,21,1,3,ID producto origen: 197 | Medida origen: Pieza(s),false,true,
198,branch:jesus-maria,MAT-00198,8547915521371,TAQUETES 3/8P,category:materiales,measure:2,0,0.5,0.5,1,85,ID producto origen: 198 | Medida origen: Pieza(s) | Imagen origen: uploads/productos/WhatsApp Image 2025-09-30 at 9.37.50 AM (1).jpeg | Generado sistema origen: 1,false,true,
199,branch:jesus-maria,MAT-00199,1486690056074,ADAPT CPVC HEMBRA 1/2 C/INSERTO BCE,category:materiales,measure:2,0,16,16,4,9,ID producto origen: 199 | Medida origen: Pieza(s) | Imagen origen: uploads/productos/WhatsApp Image 2025-09-27 at 10.58.35.jpeg | Generado sistema origen: 1,false,true,
200,branch:jesus-maria,MAT-00200,7501206658291,CANDADO P/CORTINA 75MM HERMEX,category:materiales,measure:2,0,185,185,1,3,ID producto origen: 200 | Medida origen: Pieza(s),false,true,
201,branch:jesus-maria,MAT-00201,1973830532630,"PIJAS PUNTA BROCA 14X1""",category:materiales,measure:2,0,1,1,1,-100,ID producto origen: 201 | Medida origen: Pieza(s) | Imagen origen: uploads/productos/WhatsApp Image 2025-10-01 at 14.44.19.jpeg | Generado sistema origen: 1,false,true,
202,branch:jesus-maria,MAT-00202,7501206638989,LONA 2X3M AZUL PRETUL,category:materiales,measure:2,0,85,85,1,3,ID producto origen: 202 | Medida origen: Pieza(s),false,true,
203,branch:jesus-maria,MAT-00203,4363626547080,REDUCCION PVC 2X3,category:materiales,measure:2,5.73,6,6,4,30,ID producto origen: 203 | Medida origen: Pieza(s) | Imagen origen: uploads/productos/WhatsApp Image 2025-09-26 at 09.20.41.jpeg | Generado sistema origen: 1,false,true,
204,branch:jesus-maria,MAT-00204,1634954759685,PIJAS PUNTA BROCA 14X1-1/2,category:materiales,measure:2,0,1.5,1.5,1,50,ID producto origen: 204 | Medida origen: Pieza(s) | Imagen origen: uploads/productos/WhatsApp Image 2025-10-01 at 14.45.49.jpeg | Generado sistema origen: 1,false,true,
205,branch:jesus-maria,MAT-00205,7501206638996,LONA 3X3M AZUL PRETUL,category:materiales,measure:2,0,84,85,1,3,ID producto origen: 205 | Medida origen: Pieza(s),false,true,
206,branch:jesus-maria,MAT-00206,7501206639009,LONA AZUL 3X4M PRETUL,category:materiales,measure:2,0,120,120,1,0,ID producto origen: 206 | Medida origen: Pieza(s),false,true,
207,branch:jesus-maria,MAT-00207,7501206639023,LONA AZUL 4X6M PRETUL,category:materiales,measure:2,0,298,298,1,1,ID producto origen: 207 | Medida origen: Pieza(s),false,true,
208,branch:jesus-maria,MAT-00208,7501206631478,MARTILLO SEMIPULIDO 16OZ UÑA RECTA PRETUL,category:materiales,measure:2,0,92,92,1,2,ID producto origen: 208 | Medida origen: Pieza(s),false,true,
209,branch:jesus-maria,MAT-00209,7506240638438,ALAMBRE RECOCIDO CALIBRE-15 1KG FIERO,category:materiales,measure:2,0,36,37,1,0,ID producto origen: 209 | Medida origen: Pieza(s),false,true,
210,branch:jesus-maria,MAT-00210,7501206691892,MANGUERA AZUL 1/2 3 CAPAS 10M CONEXIONES PLASTICAS,category:materiales,measure:2,0,85,85,1,0,ID producto origen: 210 | Medida origen: Pieza(s),false,true,
211,branch:jesus-maria,MAT-00211,5423130219770,ADAPTADOR MACHO 3/4,category:materiales,measure:2,0,3,3,4,10,ID producto origen: 211 | Medida origen: Pieza(s) | Imagen origen: uploads/productos/WhatsApp Image 2025-09-29 at 13.51.22.jpeg | Generado sistema origen: 1,false,true,
212,branch:jesus-maria,MAT-00212,,JUEGO CONECTORES 1/2 MACHO/HEMBRA DE LATON LAMINADO PRETUL,category:materiales,measure:2,0,0,0,1,5,ID producto origen: 212 | Medida origen: Pieza(s),false,false,
213,branch:jesus-maria,MAT-00213,7506240686934,"MEZCLADORA LAVABO 4P SATIN, (AQUA)",category:materiales,measure:2,0,759,760,1,0,ID producto origen: 213 | Medida origen: Pieza(s),false,true,
214,branch:jesus-maria,MAT-00214,7501206671740,CONECTORES 1/2 MACHO/HEMBRA D7LATON(PRETUL),category:materiales,measure:2,0,43,43,1,1,ID producto origen: 214 | Medida origen: Pieza(s),false,true,
215,branch:jesus-maria,MAT-00215,2142528603856,TUERCA CPVC UNION 1/2,category:materiales,measure:2,0,8,8,4,10,ID producto origen: 215 | Medida origen: Pieza(s) | Imagen origen: uploads/productos/WhatsApp Image 2025-09-26 at 3.02.47 PM.jpeg | Generado sistema origen: 1,false,true,
216,branch:jesus-maria,MAT-00216,7506240646662,PISTOLA P/RIEGO VERDE PRETUL,category:materiales,measure:2,0,34,34,1,2,ID producto origen: 216 | Medida origen: Pieza(s),false,true,
217,branch:jesus-maria,MAT-00217,7506240652847,MEZCLADORA PLASTICA 4P ABS (BASIC),category:materiales,measure:2,0,172,173,1,0,ID producto origen: 217 | Medida origen: Pieza(s),false,true,
218,branch:jesus-maria,MAT-00218,5387935617882,REDUCCION VERDE 1X3/4,category:materiales,measure:2,0,3,3,1,10,ID producto origen: 218 | Medida origen: Pieza(s) | Imagen origen: uploads/productos/WhatsApp Image 2025-09-27 at 08.15.50.jpeg | Generado sistema origen: 1,false,true,
219,branch:jesus-maria,MAT-00219,7506240654643,FOCO LED ALTA POTENCIA 450W-50W,category:materiales,measure:2,0,167,168,1,3,ID producto origen: 219 | Medida origen: Pieza(s),false,true,
220,branch:jesus-maria,MAT-00220,7506240645528,FOCO LED 60W - 9W,category:materiales,measure:2,0,18,19,1,5,ID producto origen: 220 | Medida origen: Pieza(s),false,true,
221,branch:jesus-maria,MAT-00221,7506240645542,FOCO LED 75 W - 12W,category:materiales,measure:2,0,21,22,1,1,ID producto origen: 221 | Medida origen: Pieza(s),false,true,
222,branch:jesus-maria,MAT-00222,6551419111411,"TEE CPVC 1/2""",category:materiales,measure:2,1.5,3,3,4,27,ID producto origen: 222 | Medida origen: Pieza(s) | Imagen origen: uploads/productos/WhatsApp Image 2025-09-27 at 10.57.56.jpeg | Generado sistema origen: 1,false,true,
223,branch:jesus-maria,MAT-00223,7506240609247,"MEZCLADORA LAVABO 4P ABS, (BASIC)",category:materiales,measure:2,0,172,173,1,1,ID producto origen: 223 | Medida origen: Pieza(s),false,true,
224,branch:jesus-maria,MAT-00224,1933071038506,"TAPON PVC 4""",category:materiales,measure:2,9.01,10,10,4,48,ID producto origen: 224 | Medida origen: Pieza(s) | Imagen origen: uploads/productos/WhatsApp Image 2025-09-26 at 9.31.04 AM (2).jpeg | Generado sistema origen: 1,false,true,
225,branch:jesus-maria,MAT-00225,7506240620075,MEZCLADORA FREGADERO 8P ACABADO CROMADO,category:materiales,measure:2,0,527,528,1,1,ID producto origen: 225 | Medida origen: Pieza(s),false,true,
226,branch:jesus-maria,MAT-00226,5841843325067,CODO PIPA MACHO 1/2(VERDE),category:materiales,measure:2,0,33,33,4,6,ID producto origen: 226 | Medida origen: Pieza(s) | Imagen origen: uploads/productos/WhatsApp Image 2025-09-26 at 11.01.38.jpeg | Generado sistema origen: 1,false,true,
227,branch:jesus-maria,MAT-00227,7506240681052,MEZCLADORA FREGADERO 8P CUELLO FLEXIBLE,category:materiales,measure:2,0,631,632,1,0,ID producto origen: 227 | Medida origen: Pieza(s),false,true,
228,branch:jesus-maria,MAT-00228,,CARRETILLA 6FT3 IMPONCHABLE (TRUPER EXPERT),category:materiales,measure:2,1422.41,1915,1915,1,1,ID producto origen: 228 | Medida origen: Pieza(s),false,true,
229,branch:jesus-maria,MAT-00229,6517140279516,"CODO PIPA MACHO 1"" (VERDE)",category:materiales,measure:2,0,45,45,4,10,ID producto origen: 229 | Medida origen: Pieza(s) | Imagen origen: uploads/productos/WhatsApp Image 2025-09-26 at 11.02.14.jpeg | Generado sistema origen: 1,false,true,
230,branch:jesus-maria,MAT-00230,9634679285492,CLAVIJA REDONDA KLEIMAN,category:materiales,measure:2,9.61,12,13,1,7,ID producto origen: 230 | Medida origen: Pieza(s) | Imagen origen: uploads/productos/WhatsApp Image 2025-09-29 at 1.34.42 PM.jpeg | Generado sistema origen: 1,false,true,
231,branch:jesus-maria,MAT-00231,7506240677765,PINZA ELECTRICISTA 9,category:materiales,measure:2,111.21,150,150,1,6,ID producto origen: 231 | Medida origen: Pieza(s),false,true,
232,branch:jesus-maria,MAT-00232,,TUBO CPVC DE 3/4X6 MTS,category:materiales,measure:2,273,310,310,1,0,ID producto origen: 232 | Medida origen: Pieza(s),false,true,
233,branch:jesus-maria,MAT-00233,7507855081237,TAPON PVC 3,category:materiales,measure:2,8.84,10,10,4,36,ID producto origen: 233 | Medida origen: Pieza(s) | Imagen origen: uploads/productos/WhatsApp Image 2025-09-26 at 9.31.04 AM (1).jpeg | Generado sistema origen: 1,false,true,
234,branch:jesus-maria,MAT-00234,,CLAVO ESTANDAR 75 CJA 25 KG,category:materiales,measure:2,33,807,808,1,24,ID producto origen: 234 | Medida origen: Pieza(s),false,false,
235,branch:jesus-maria,MAT-00235,7506240679950,LLAVE D/JARDIN 1/2,category:materiales,measure:2,0,74,75,1,0,ID producto origen: 235 | Medida origen: Pieza(s),false,true,
236,branch:jesus-maria,MAT-00236,7506183801302,CONTACTO USO RUDO C/TIERRA HULE KLEIMAN,category:materiales,measure:2,0,15,16,1,3,ID producto origen: 236 | Medida origen: Pieza(s),false,true,
237,branch:jesus-maria,MAT-00237,,TUBO PVC SANITARIO NORMA 3,category:materiales,measure:2,95.32,250,251,1,49,ID producto origen: 237 | Medida origen: Pieza(s),false,true,
238,branch:jesus-maria,MAT-00238,8734825259757,"LLAVE DE PASO VERDE 1""",category:materiales,measure:2,0,31,31,4,10,ID producto origen: 238 | Medida origen: Pieza(s) | Imagen origen: uploads/productos/WhatsApp Image 2025-09-27 at 10.43.38.jpeg | Generado sistema origen: 1,false,true,
239,branch:jesus-maria,MAT-00239,7506240684398,CONECTORES 1/2P MACHO/HEMBRA ALUMINIO(TRUPER),category:materiales,measure:2,0,42,43,1,5,ID producto origen: 239 | Medida origen: Pieza(s),false,true,
240,branch:jesus-maria,MAT-00240,4046865801341,TEE PVC 6,category:materiales,measure:2,0,69,69,4,12,ID producto origen: 240 | Medida origen: Pieza(s) | Imagen origen: uploads/productos/WhatsApp Image 2025-09-26 at 09.07.01.jpeg | Generado sistema origen: 1,false,true,
241,branch:jesus-maria,MAT-00241,,CLAVO PCONCRETO NEGRO 2 CJA 25 KG,category:materiales,measure:2,33,1301,1302,1,25,ID producto origen: 241 | Medida origen: Pieza(s),false,false,
242,branch:jesus-maria,MAT-00242,7506240693932,PINZA 9P C/PONCHADOR DE TERMINARLES (EXPERT),category:materiales,measure:2,171.55,230,231,1,0,ID producto origen: 242 | Medida origen: Pieza(s),false,true,
243,branch:jesus-maria,MAT-00243,7503011937226,FLEXODUCTO 3/4 NARANJA S GUIA ROLLO MTS,category:materiales,measure:2,0,594,595,1,3,ID producto origen: 243 | Medida origen: Pieza(s),false,true,
244,branch:jesus-maria,MAT-00244,0085799665043,CODO PVC 3X90,category:materiales,measure:2,9.41,13,13,4,47,ID producto origen: 244 | Medida origen: Pieza(s) | Imagen origen: uploads/productos/WhatsApp Image 2025-09-26 at 12.01.07 PM.jpeg | Generado sistema origen: 1,false,true,
245,branch:jesus-maria,MAT-00245,,TUBO FUSION CLI 1X4.1 MTS,category:materiales,measure:2,0,152,153,1,0,ID producto origen: 245 | Medida origen: Pieza(s),false,true,
246,branch:jesus-maria,MAT-00246,,"TAPON PVC P/CONEXION 6""",category:materiales,measure:2,0,26,26,4,10,ID producto origen: 246 | Medida origen: Pieza(s),false,true,
247,branch:jesus-maria,MAT-00247,,CLAVO P/CONCRETO NEGRON 4P GALV,category:materiales,measure:2,33,1301,1302,1,0,ID producto origen: 247 | Medida origen: Pieza(s),false,true,
248,branch:jesus-maria,MAT-00248,0177341372346,CONTACTO SENCILLO ATERRIZADO MARFIL VENECIA,category:materiales,measure:2,0,9,10,1,10,ID producto origen: 248 | Medida origen: Pieza(s) | Imagen origen: uploads/productos/WhatsApp Image 2025-09-29 at 1.39.10 PM.jpeg | Generado sistema origen: 1,false,true,
249,branch:jesus-maria,MAT-00249,1197292433773,"COPLE VERDE HEMBRA 1""",category:materiales,measure:2,0,35,35,4,10,ID producto origen: 249 | Medida origen: Pieza(s) | Imagen origen: uploads/productos/WhatsApp Image 2025-09-26 at 12.02.36.jpeg | Generado sistema origen: 1,false,true,
250,branch:jesus-maria,MAT-00250,7240578063387,CODO VERDE 1/2X90,category:materiales,measure:2,3.99,5,5,1,40,ID producto origen: 250 | Medida origen: Pieza(s) | Imagen origen: uploads/productos/WhatsApp Image 2025-09-27 at 09.00.00.jpeg | Generado sistema origen: 1,false,true,
251,branch:jesus-maria,MAT-00251,,TUBO CPVC 1/2P 6 MT,category:materiales,measure:2,0,74,75,1,5,ID producto origen: 251 | Medida origen: Pieza(s),false,true,
252,branch:jesus-maria,MAT-00252,9376471396463,COPLE VERDE MACHO 1,category:materiales,measure:2,0,41,41,4,8,ID producto origen: 252 | Medida origen: Pieza(s) | Imagen origen: uploads/productos/WhatsApp Image 2025-09-27 at 08.15.35.jpeg | Generado sistema origen: 1,false,true,
253,branch:jesus-maria,MAT-00253,9651848323632,MANGUERA TRAMADA VERDE DE 1/2 X100 MTS,category:materiales,measure:2,4.97,8,8,1,500,ID producto origen: 253 | Medida origen: Pieza(s) | Imagen origen: uploads/productos/WhatsApp Image 2025-09-25 at 2.49.36 PM (1).jpeg | Generado sistema origen: 1,false,true,
254,branch:jesus-maria,MAT-00254,1878268881025,ADAPTADOR CPVC MACHO 1|/2,category:materiales,measure:2,1.39,4,5,4,33,ID producto origen: 254 | Medida origen: Pieza(s) | Imagen origen: uploads/productos/WhatsApp Image 2025-09-27 at 8.03.52 AM.jpeg | Generado sistema origen: 1,false,true,
255,branch:jesus-maria,MAT-00255,6211251338352,CODO CPVC 1/2X90,category:materiales,measure:2,0.82,2,2,4,11,ID producto origen: 255 | Medida origen: Pieza(s) | Imagen origen: uploads/productos/WhatsApp Image 2025-09-27 at 10.58.16 (1)_7345.jpeg | Generado sistema origen: 1,false,true,
256,branch:jesus-maria,MAT-00256,,CABLE THW-LS 1 #14 VERDE EMPAQUE DE CARTON IUSA,category:materiales,measure:2,0,969,970,1,1,ID producto origen: 256 | Medida origen: Pieza(s),false,false,
257,branch:jesus-maria,MAT-00257,1305141572201,COPLE PVC 2,category:materiales,measure:2,3.42,3,3,4,30,ID producto origen: 257 | Medida origen: Pieza(s) | Imagen origen: uploads/productos/WhatsApp Image 2025-09-26 at 9.31.05 AM (1).jpeg | Generado sistema origen: 1,false,true,
258,branch:jesus-maria,MAT-00258,,TUBO FUSION 1/2 X 4.1 MTS,category:materiales,measure:2,0,74,74,1,-7,ID producto origen: 258 | Medida origen: Pieza(s),false,true,
259,branch:jesus-maria,MAT-00259,6846552350408,MANGUERA VERDE CON AMARILLO 1/2,category:materiales,measure:2,0,9,9,1,100,ID producto origen: 259 | Medida origen: Pieza(s) | Imagen origen: uploads/productos/WhatsApp Image 2025-09-25 at 2.49.36 PM.jpeg | Generado sistema origen: 1,false,true,
260,branch:jesus-maria,MAT-00260,8687767595585,CODO PVC 3X45,category:materiales,measure:2,7.61,11,11,4,16,ID producto origen: 260 | Medida origen: Pieza(s) | Imagen origen: uploads/productos/WhatsApp Image 2025-09-26 at 12.01.16 PM.jpeg | Generado sistema origen: 1,false,true,
261,branch:jesus-maria,MAT-00261,4133331763729,CODO PVC 4X45,category:materiales,measure:2,15.47,26,26,4,45,ID producto origen: 261 | Medida origen: Pieza(s) | Imagen origen: uploads/productos/WhatsApp Image 2025-09-26 at 09.22.17.jpeg | Generado sistema origen: 1,false,true,
262,branch:jesus-maria,MAT-00262,,CLAVO P/CONCRETO NEGRO 3P (CAJA 25 KGS),category:materiales,measure:2,0,1301,1302,1,25,ID producto origen: 262 | Medida origen: Pieza(s),false,false,
263,branch:jesus-maria,MAT-00263,,CABLE THW-LS #10 NEGRO EMPAQUE DE CARTON IUSA,category:materiales,measure:2,0,2182,2183,1,1,ID producto origen: 263 | Medida origen: Pieza(s),false,false,
264,branch:jesus-maria,MAT-00264,8468106389764,CLAVO ESTANDAR 2P,category:materiales,measure:1,0,36,37,1,21,ID producto origen: 264 | Medida origen: Kilo(s) | Imagen origen: uploads/productos/WhatsApp Image 2025-09-26 at 7.42.56 AM.jpeg | Generado sistema origen: 1,true,true,
265,branch:jesus-maria,MAT-00265,8716794220297,CAJA REGISTRO CUADRADA GALV 4X4 DE 3/4,category:materiales,measure:2,10,15,15,1,9,ID producto origen: 265 | Medida origen: Pieza(s) | Imagen origen: uploads/productos/WhatsApp Image 2025-09-26 at 2.48.53 PM.jpeg | Generado sistema origen: 1,false,true,
266,branch:jesus-maria,MAT-00266,0544510625020,TEE PVC 3,category:materiales,measure:2,0,14,14,4,8,ID producto origen: 266 | Medida origen: Pieza(s) | Imagen origen: uploads/productos/WhatsApp Image 2025-09-26 at 09.19.45.jpeg | Generado sistema origen: 1,false,true,
267,branch:jesus-maria,MAT-00267,,CLAVO ESTANDAR 4P,category:materiales,measure:1,0,807,808,1,25,ID producto origen: 267 | Medida origen: Kilo(s),true,false,
268,branch:jesus-maria,MAT-00268,,CLAVO P/CONCRETO NEGRO 2 1/2,category:materiales,measure:2,0,1301,1302,1,25,ID producto origen: 268 | Medida origen: Pieza(s),false,false,
269,branch:jesus-maria,MAT-00269,,TUBO PVC SANITARIO NORMA 2P,category:materiales,measure:2,95.04,130,130,1,12,ID producto origen: 269 | Medida origen: Pieza(s),false,true,
270,branch:jesus-maria,MAT-00270,4985321880301,CODO PIPA VERDE HEMBRA 1/2,category:materiales,measure:2,0,14,14,4,12,ID producto origen: 270 | Medida origen: Pieza(s) | Imagen origen: uploads/productos/WhatsApp Image 2025-09-26 at 12.03.47.jpeg | Generado sistema origen: 1,false,true,
271,branch:jesus-maria,MAT-00271,3585587178689,REGISTRO CUADRA GALV 3X3 DE 1/2,category:materiales,measure:2,0,6,7,1,20,ID producto origen: 271 | Medida origen: Pieza(s) | Imagen origen: uploads/productos/WhatsApp Image 2025-09-26 at 2.47.19 PM.jpeg | Generado sistema origen: 1,false,true,
272,branch:jesus-maria,MAT-00272,,TUBO PVC SANITARIO NORMA 4P TR,category:materiales,measure:2,0,189,190,1,1,ID producto origen: 272 | Medida origen: Pieza(s),false,false,
273,branch:jesus-maria,MAT-00273,7503011937202,FLEXODUCTO 1/2P NARANJA S/GUIA ROLLO 100 MTS,category:materiales,measure:2,0,279,280,1,0,ID producto origen: 273 | Medida origen: Pieza(s),false,true,
274,branch:jesus-maria,MAT-00274,,CAJA REGISTRO CUADRADA GALV 3X3 DE 1/2 CJA 25 KGM,category:materiales,measure:1,0,6,6,1,20,ID producto origen: 274 | Medida origen: Kilo(s),true,false,
275,branch:jesus-maria,MAT-00275,,CLAVO ESTANDAR 2P 1/2,category:materiales,measure:1,0,807,808,1,25,ID producto origen: 275 | Medida origen: Kilo(s),true,false,
276,branch:jesus-maria,MAT-00276,,TUBO PVC SANITARIO NORMAL6TR,category:materiales,measure:2,0,866,867,1,10,ID producto origen: 276 | Medida origen: Pieza(s),false,false,
277,branch:jesus-maria,MAT-00277,,TUBO FUSION CLI 3/4X4 4.1MTS,category:materiales,measure:2,0,82,83,1,0,ID producto origen: 277 | Medida origen: Pieza(s),false,true,
278,branch:jesus-maria,MAT-00278,0619143663050,CHALUPA GALVANIZADA 1/2 Y 3/4,category:materiales,measure:2,5,7,8,1,44,ID producto origen: 278 | Medida origen: Pieza(s) | Imagen origen: uploads/productos/WhatsApp Image 2025-09-26 at 2.18.29 PM (1).jpeg | Generado sistema origen: 1,false,true,
279,branch:jesus-maria,MAT-00279,0496921960347,MANGUERA TIPO SILICON AZUL DE 1/2X 100 MTS,category:materiales,measure:3,0,8,9,1,15,ID producto origen: 279 | Medida origen: Metro(s) | Imagen origen: uploads/productos/WhatsApp Image 2025-11-14 at 1.29.45 PM.jpeg | Generado sistema origen: 1,true,true,
280,branch:jesus-maria,MAT-00280,4837805558483,MANGUERA VER/AMARILLO USO RUDO 1/2X,category:materiales,measure:2,0,1142,1143,1,100,ID producto origen: 280 | Medida origen: Pieza(s) | Imagen origen: uploads/productos/WhatsApp Image 2025-09-26 at 8.43.15 AM.jpeg | Generado sistema origen: 1,false,true,
281,branch:jesus-maria,MAT-00281,2443967457919,MANGUERA TIPO SILICON AZUL DE 3/4,category:materiales,measure:3,0,15,16,1,63,ID producto origen: 281 | Medida origen: Metro(s) | Imagen origen: uploads/productos/WhatsApp Image 2025-09-25 at 14.08.53.jpeg | Generado sistema origen: 1,true,true,
282,branch:jesus-maria,MAT-00282,9127920117,CABLE THW 12(NEGRO),category:materiales,measure:3,0,1450,1450,1,198,ID producto origen: 282 | Medida origen: Metro(s),true,true,
283,branch:jesus-maria,MAT-00283,,ANILLO 10X10,category:materiales,measure:1,23,27,27,1,239,ID producto origen: 283 | Medida origen: Kilo(s),true,true,
284,branch:jesus-maria,MAT-00284,,ALAMBRE QUEMADO,category:materiales,measure:1,24.13,28,28,1,509,ID producto origen: 284 | Medida origen: Kilo(s),true,true,
285,branch:jesus-maria,MAT-00285,,ANILLO 10X15,category:materiales,measure:1,19.5,27,27,1,529,ID producto origen: 285 | Medida origen: Kilo(s),true,true,
286,branch:jesus-maria,MAT-00286,,ANILLO 20X20,category:materiales,measure:1,19.5,27,27,1,95,ID producto origen: 286 | Medida origen: Kilo(s),true,true,
287,branch:jesus-maria,MAT-00287,,ALAMBRON,category:materiales,measure:1,22.5,25,25,1,327,ID producto origen: 287 | Medida origen: Kilo(s),true,true,
288,branch:jesus-maria,MAT-00288,,ARMEX SENCILLO 10X15,category:materiales,measure:2,132.04,200,200,1,66,ID producto origen: 288 | Medida origen: Pieza(s),false,true,
289,branch:jesus-maria,MAT-00289,,ARMEX REFORZADO 10X15,category:materiales,measure:2,295,330,330,1,65,ID producto origen: 289 | Medida origen: Pieza(s),false,true,
290,branch:jesus-maria,MAT-00290,,GACOFLEX 3 AA,category:materiales,measure:2,0,1623,1624,1,2,ID producto origen: 290 | Medida origen: Pieza(s),false,true,
291,branch:jesus-maria,MAT-00291,,CLAVO ESTANDAR 2P,category:materiales,measure:1,0,32,33,1,24,ID producto origen: 291 | Medida origen: Kilo(s),true,false,
292,branch:jesus-maria,MAT-00292,4413117811289,CLAVO CONCRETO 2 PULGADAS,category:materiales,measure:1,44.44,59,60,1,22,ID producto origen: 292 | Medida origen: Kilo(s) | Imagen origen: uploads/productos/WhatsApp Image 2025-09-26 at 08.02.17.jpeg | Generado sistema origen: 1,true,true,
293,branch:jesus-maria,MAT-00293,2487907891043,CLAVO ESTANDAR 2 1/2 P,category:materiales,measure:1,28,36,37,1,57,ID producto origen: 293 | Medida origen: Kilo(s) | Imagen origen: uploads/productos/WhatsApp Image 2025-09-26 at 7.53.01 AM.jpeg | Generado sistema origen: 1,true,true,
294,branch:jesus-maria,MAT-00294,5968325852689,CLAVO CONCRETO 2-1/2 PULGADAS,category:materiales,measure:1,44.88,59,60,1,25,ID producto origen: 294 | Medida origen: Kilo(s) | Imagen origen: uploads/productos/WhatsApp Image 2025-09-26 at 08.06.08.jpeg | Generado sistema origen: 1,true,true,
295,branch:jesus-maria,MAT-00295,1979801905755,CLAVO ESTANDAR 3P,category:materiales,measure:1,28,36,37,1,81,ID producto origen: 295 | Medida origen: Kilo(s) | Imagen origen: uploads/productos/WhatsApp Image 2025-09-26 at 8.00.12 AM.jpeg | Generado sistema origen: 1,true,true,
296,branch:jesus-maria,MAT-00296,4589673423218,CLAVO ESTANDAR 4P,category:materiales,measure:1,28.54,38,38,1,48,ID producto origen: 296 | Medida origen: Kilo(s) | Imagen origen: uploads/productos/WhatsApp Image 2025-09-26 at 8.07.21 AM.jpeg | Generado sistema origen: 1,true,true,
297,branch:jesus-maria,MAT-00297,4742264721791,CLAVO CONCRETO 3 PULGADAS,category:materiales,measure:1,0,59,60,1,2,ID producto origen: 297 | Medida origen: Kilo(s) | Imagen origen: uploads/productos/WhatsApp Image 2025-09-26 at 08.11.07.jpeg | Generado sistema origen: 1,true,true,
298,branch:jesus-maria,MAT-00298,6228323006347,CLAVO CONCRETO 3-1/2,category:materiales,measure:1,0,51,52,1,25,ID producto origen: 298 | Medida origen: Kilo(s) | Imagen origen: uploads/productos/WhatsApp Image 2025-09-26 at 08.15.21.jpeg | Generado sistema origen: 1,true,true,
299,branch:jesus-maria,MAT-00299,,mortero 25 kilogramos,category:materiales,measure:1,0,0,0,100,0,ID producto origen: 299 | Medida origen: Kilo(s),true,false,
300,branch:jesus-maria,MAT-00300,7506055100014,SEGUETA SUKI-WAVE (HECORT),category:materiales,measure:2,142.12,14,15,1,11,ID producto origen: 300 | Medida origen: Pieza(s),false,true,
301,branch:jesus-maria,MAT-00301,7506055126144,SEGUETA INFINITY BIMETAL (HECORT),category:materiales,measure:2,0,15,16,1,111,ID producto origen: 301 | Medida origen: Pieza(s),false,true,
302,branch:jesus-maria,MAT-00302,7501206644911,CINTA DE AISLAR NEGRA TRUPER,category:materiales,measure:2,12.07,18,19,1,3,ID producto origen: 302 | Medida origen: Pieza(s),false,true,
303,branch:jesus-maria,MAT-00303,1161609349125,ABRAZADERA ACERO INOX. 1/2,category:materiales,measure:2,0,7,8,1,0,ID producto origen: 303 | Medida origen: Pieza(s) | Imagen origen: uploads/productos/WhatsApp Image 2025-09-27 at 09.32.30.jpeg | Generado sistema origen: 1,false,true,
304,branch:jesus-maria,MAT-00304,7501206646847,CINTA D/AISLAR VERDE TRUPER,category:materiales,measure:2,12.07,17,18,1,20,ID producto origen: 304 | Medida origen: Pieza(s),false,true,
305,branch:jesus-maria,MAT-00305,1390459536113,ABRAZADERA ACERO INOX. 3/4,category:materiales,measure:2,0,7,8,1,0,ID producto origen: 305 | Medida origen: Pieza(s) | Imagen origen: uploads/productos/WhatsApp Image 2025-09-27 at 09.31.49.jpeg | Generado sistema origen: 1,false,true,
306,branch:jesus-maria,MAT-00306,2190016724897,"ABRAZADERA ACERO INOX. 1""",category:materiales,measure:2,0,7,8,1,2,ID producto origen: 306 | Medida origen: Pieza(s) | Imagen origen: uploads/productos/WhatsApp Image 2025-09-27 at 09.31.33.jpeg | Generado sistema origen: 1,false,false,
307,branch:jesus-maria,MAT-00307,,CINTA DE AISLAR DE 18X19MM VERDE TRUPER,category:materiales,measure:2,0,0,0,1,8,ID producto origen: 307 | Medida origen: Pieza(s),false,false,
308,branch:jesus-maria,MAT-00308,0254535412368,"ABRAZADERA ACERO INOX. 2""",category:materiales,measure:2,0,9,10,1,5,ID producto origen: 308 | Medida origen: Pieza(s) | Imagen origen: uploads/productos/WhatsApp Image 2025-09-27 at 09.30.53.jpeg | Generado sistema origen: 1,false,true,
309,branch:jesus-maria,MAT-00309,3077640758940,ABRAZADERA ACERO INOX. 3/8,category:materiales,measure:2,44.32,7,8,1,19,ID producto origen: 309 | Medida origen: Pieza(s) | Imagen origen: uploads/productos/WhatsApp Image 2025-09-27 at 09.32.06.jpeg | Generado sistema origen: 1,false,true,
310,branch:jesus-maria,MAT-00310,7506240620273,ESPUMA EXPANSIVA 300 ML (TRUPER),category:materiales,measure:2,324.92,88,89,1,0,ID producto origen: 310 | Medida origen: Pieza(s),false,true,
311,branch:jesus-maria,MAT-00311,7501206646861,CINTA D/AISLAR ROJA TRUPER,category:materiales,measure:2,0,17,18,1,5,ID producto origen: 311 | Medida origen: Pieza(s),false,true,
312,branch:jesus-maria,MAT-00312,17506240624681,LIJA D/AGUA GRANO 2000 (TRUPER),category:materiales,measure:2,0,12,13,1,25,ID producto origen: 312 | Medida origen: Pieza(s),false,true,
313,branch:jesus-maria,MAT-00313,7506240671077,CINCHOS PLASTICO NEGROS Y NATURALES,category:materiales,measure:2,0,0.5,0.5,1,943,ID producto origen: 313 | Medida origen: Pieza(s),false,true,
314,branch:jesus-maria,MAT-00314,17506240624674,LIJA D/AGUA GRANO 1500 MICROFINA (TRUPER),category:materiales,measure:2,0,12,13,1,25,ID producto origen: 314 | Medida origen: Pieza(s),false,true,
315,branch:jesus-maria,MAT-00315,17501206685478,LIJA D/AGUA GRANO 500 (TRUPER),category:materiales,measure:2,0,7,7,1,22,ID producto origen: 315 | Medida origen: Pieza(s),false,true,
316,branch:jesus-maria,MAT-00316,17501206685485,LIJA D/AGUA GRANO 600 (TRUPER),category:materiales,measure:2,0,7,7,1,21,ID producto origen: 316 | Medida origen: Pieza(s),false,true,
317,branch:jesus-maria,MAT-00317,17501206603151,LIJA D/ESMERIL ROJA GRANO 36 (TRUPER),category:materiales,measure:2,0,17,18,1,14,ID producto origen: 317 | Medida origen: Pieza(s),false,true,
318,branch:jesus-maria,MAT-00318,6168907651450,CLAVOS DE CONCRETO NEGROS 1-1/2,category:materiales,measure:1,0,67,68,1,1,ID producto origen: 318 | Medida origen: Kilo(s) | Imagen origen: uploads/productos/WhatsApp Image 2025-09-26 at 07.54.54.jpeg | Generado sistema origen: 1,true,true,
319,branch:jesus-maria,MAT-00319,8148597391674,PIJAS PAVONADA 6X1,category:materiales,measure:2,131,16,17,1,100,ID producto origen: 319 | Medida origen: Pieza(s) | Imagen origen: uploads/productos/WhatsApp Image 2025-10-01 at 3.21.18 PM (1).jpeg | Generado sistema origen: 1,false,true,
320,branch:jesus-maria,MAT-00320,17501206603168,LIJA D/ESMERIL ROJA GRANO 50 DE OXIDO D/ALUMINIO(TRUPER),category:materiales,measure:2,0,15,16,1,20,ID producto origen: 320 | Medida origen: Pieza(s),false,true,
321,branch:jesus-maria,MAT-00321,5248416566917,PIJAS 6X1-1/4,category:materiales,measure:2,0,0.5,0.5,1,100,ID producto origen: 321 | Medida origen: Pieza(s) | Imagen origen: uploads/productos/WhatsApp Image 2025-10-01 at 3.21.12 PM.jpeg | Generado sistema origen: 1,false,true,
322,branch:jesus-maria,MAT-00322,17501206603175,LIJA D/ESMERIL ROJA GRANO 80 (TRUPER),category:materiales,measure:2,0,13,14,1,23,ID producto origen: 322 | Medida origen: Pieza(s),false,true,
323,branch:jesus-maria,MAT-00323,17501206603182,LIJA D/ESMERIL ROJA GRANO FINO 120 (TRUPER),category:materiales,measure:2,0,12,13,1,22,ID producto origen: 323 | Medida origen: Pieza(s),false,true,
324,branch:jesus-maria,MAT-00324,7010949828811,PIJAS 6X1-1/2,category:materiales,measure:2,0,0.5,0.5,1,100,ID producto origen: 324 | Medida origen: Pieza(s) | Imagen origen: uploads/productos/WhatsApp Image 2025-10-01 at 3.21.06 PM.jpeg | Generado sistema origen: 1,false,true,
325,branch:jesus-maria,MAT-00325,7501206641675,CINTA TEFLON 1/2 (TRUPER),category:materiales,measure:2,3.45,4,4,1,17,ID producto origen: 325 | Medida origen: Pieza(s),false,true,
326,branch:jesus-maria,MAT-00326,8268616091122,PIJAS PAVONADO 6X2,category:materiales,measure:2,0,0.5,0.5,1,100,ID producto origen: 326 | Medida origen: Pieza(s) | Imagen origen: uploads/productos/WhatsApp Image 2025-10-01 at 3.20.56 PM.jpeg | Generado sistema origen: 1,false,true,
327,branch:jesus-maria,MAT-00327,7501206641682,CINTA TEFLON 3/4 (TRUPER),category:materiales,measure:2,4.74,5,5,1,20,ID producto origen: 327 | Medida origen: Pieza(s),false,true,
328,branch:jesus-maria,MAT-00328,4770347229995,PIJAS PAVONADA 8X3/4,category:materiales,measure:2,0,15,16,1,100,ID producto origen: 328 | Medida origen: Pieza(s) | Imagen origen: uploads/productos/WhatsApp Image 2025-10-01 at 3.20.52 PM.jpeg | Generado sistema origen: 1,false,true,
329,branch:jesus-maria,MAT-00329,7502309739801,ZAPAPICO 5LB (TRUPER),category:materiales,measure:2,409.58,298,299,1,1,ID producto origen: 329 | Medida origen: Pieza(s) | Generado sistema origen: 1,false,true,
330,branch:jesus-maria,MAT-00330,6588338926253,PIJAS PAVONADO 8X1,category:materiales,measure:2,0,0.5,0.5,1,100,ID producto origen: 330 | Medida origen: Pieza(s) | Imagen origen: uploads/productos/WhatsApp Image 2025-10-01 at 3.20.45 PM.jpeg | Generado sistema origen: 1,false,true,
331,branch:jesus-maria,MAT-00331,,TALACHO-PICO 5LB MAMGO D/MADERA 36P (TRUPER),category:materiales,measure:2,0,324,325,1,0,ID producto origen: 331 | Medida origen: Pieza(s),false,true,
332,branch:jesus-maria,MAT-00332,6144322356989,PIJAS PAVONADO 8X1-1/2,category:materiales,measure:2,0,0.5,0.5,1,100,ID producto origen: 332 | Medida origen: Pieza(s) | Imagen origen: uploads/productos/WhatsApp Image 2025-10-01 at 3.20.37 PM.jpeg | Generado sistema origen: 1,false,true,
333,branch:jesus-maria,MAT-00333,7501206646885,CINTA D/AISLAR BLANCA (TRUPER),category:materiales,measure:2,0,18,18,1,8,ID producto origen: 333 | Medida origen: Pieza(s),false,true,
334,branch:jesus-maria,MAT-00334,7501206685006,PINTURA EN AEROSOL NEGRO MATTE 400ML,category:materiales,measure:2,170.66,49,50,1,4,ID producto origen: 334 | Medida origen: Pieza(s),false,true,
335,branch:jesus-maria,MAT-00335,7501206685013,PINTURA EN AEROSOL BLANCO MATTE 400ML,category:materiales,measure:2,0,49,50,1,2,ID producto origen: 335 | Medida origen: Pieza(s),false,true,
336,branch:jesus-maria,MAT-00336,4618060268085,PIJAS PAVONADO 8X2,category:materiales,measure:2,0,0.5,0.5,1,100,ID producto origen: 336 | Medida origen: Pieza(s) | Imagen origen: uploads/productos/WhatsApp Image 2025-10-01 at 3.20.30 PM.jpeg | Generado sistema origen: 1,false,true,
337,branch:jesus-maria,MAT-00337,,PIJAS PARA LAMINA 8 X 1-1/2 P (FIERO),category:materiales,measure:2,0,0.5,0.5,1,180,ID producto origen: 337 | Medida origen: Pieza(s),false,true,
338,branch:jesus-maria,MAT-00338,,PIJAS PARA LAMINA 8 X 2P (FIERO),category:materiales,measure:2,0,0.5,0.5,1,200,ID producto origen: 338 | Medida origen: Pieza(s),false,true,
339,branch:jesus-maria,MAT-00339,7094395545201,PIJAS PAVONADA 10X1-1/2,category:materiales,measure:2,0,0.5,0.5,1,98,ID producto origen: 339 | Medida origen: Pieza(s) | Imagen origen: uploads/productos/WhatsApp Image 2025-10-01 at 3.20.20 PM.jpeg | Generado sistema origen: 1,false,true,
340,branch:jesus-maria,MAT-00340,5083334871718,PIJAS PAVONADO 10X2,category:materiales,measure:2,0,0.5,0.5,1,100,ID producto origen: 340 | Medida origen: Pieza(s) | Imagen origen: uploads/productos/WhatsApp Image 2025-10-01 at 3.20.14 PM.jpeg | Generado sistema origen: 1,false,true,
341,branch:jesus-maria,MAT-00341,,PIJAS PARA LAMINA 10 X 1P (FIERO),category:materiales,measure:2,0,0.5,0.5,1,150,ID producto origen: 341 | Medida origen: Pieza(s),false,true,
342,branch:jesus-maria,MAT-00342,,PIJAS PARA LAMINA 10 X 1-1/2 (FIERO),category:materiales,measure:2,0,0.5,0.5,1,150,ID producto origen: 342 | Medida origen: Pieza(s),false,true,
343,branch:jesus-maria,MAT-00343,,PIJAS PAVONADO 10X 2-1/2 (FIERO),category:materiales,measure:2,0,0.5,0.5,1,100,ID producto origen: 343 | Medida origen: Pieza(s),false,true,
344,branch:jesus-maria,MAT-00344,0760369836053,PIJAS PARA LAMINA 10 X 2P,category:materiales,measure:2,0,0.5,0.5,1,150,ID producto origen: 344 | Medida origen: Pieza(s) | Imagen origen: uploads/productos/WhatsApp Image 2025-10-01 at 4.27.19 PM.jpeg | Generado sistema origen: 1,false,true,
345,branch:jesus-maria,MAT-00345,,PIJAS PAVONADO 8 X 2-1/2P(FIERO),category:materiales,measure:2,0,0.5,0.5,1,100,ID producto origen: 345 | Medida origen: Pieza(s),false,true,
346,branch:jesus-maria,MAT-00346,3492458391545,PIJAS PAVONADA 10X2-1/2,category:materiales,measure:2,0,0.5,0.5,1,100,ID producto origen: 346 | Medida origen: Pieza(s) | Imagen origen: uploads/productos/WhatsApp Image 2025-10-01 at 3.20.09 PM.jpeg | Generado sistema origen: 1,false,true,
347,branch:jesus-maria,MAT-00347,,PIJAS PARA LAMINA 6 X 1-1/2 (FIERO),category:materiales,measure:2,0,0.5,0.5,1,200,ID producto origen: 347 | Medida origen: Pieza(s),false,true,
348,branch:jesus-maria,MAT-00348,,PIJAS PARA LAMINA 6 X 1P (FIERO),category:materiales,measure:2,0,0.5,0.5,1,200,ID producto origen: 348 | Medida origen: Pieza(s),false,true,
349,branch:jesus-maria,MAT-00349,6120724225801,PIJAS 8X1 FIERO,category:materiales,measure:2,0,0.5,0.5,1,200,ID producto origen: 349 | Medida origen: Pieza(s) | Imagen origen: uploads/productos/WhatsApp Image 2025-10-01 at 4.27.20 PM.jpeg | Generado sistema origen: 1,false,true,
350,branch:jesus-maria,MAT-00350,,RACK PARA PALAS O ESCOBAS (TRUPER),category:materiales,measure:2,0,244,245,1,1,ID producto origen: 350 | Medida origen: Pieza(s),false,false,
351,branch:jesus-maria,MAT-00351,0200942660489,TORNILLO ESTUFA 1/8X1/2,category:materiales,measure:2,0,0.5,0.5,1,20,ID producto origen: 351 | Medida origen: Pieza(s) | Imagen origen: uploads/productos/WhatsApp Image 2025-10-01 at 11.36.43 AM (2).jpeg | Generado sistema origen: 1,false,true,
352,branch:jesus-maria,MAT-00352,7855404301153,TORNILLO HEXAGONAL 6X20(PAVONADO),category:materiales,measure:2,32.37,0.5,0.5,1,20,ID producto origen: 352 | Medida origen: Pieza(s) | Imagen origen: uploads/productos/WhatsApp Image 2025-10-01 at 08.29.18.jpeg | Generado sistema origen: 1,false,true,
353,branch:jesus-maria,MAT-00353,1858743018665,TORNILLO HEXAGONAL 6X25(PAVONADO),category:materiales,measure:2,0,0.5,0.5,1,20,ID producto origen: 353 | Medida origen: Pieza(s) | Imagen origen: uploads/productos/WhatsApp Image 2025-10-01 at 08.29.30 (1).jpeg | Generado sistema origen: 1,false,true,
354,branch:jesus-maria,MAT-00354,8316818695089,TORNILLO ESTUFA 1/8X5/8,category:materiales,measure:2,0,0.5,0.5,1,20,ID producto origen: 354 | Medida origen: Pieza(s) | Imagen origen: uploads/productos/WhatsApp Image 2025-10-01 at 11.36.43 AM (1).jpeg | Generado sistema origen: 1,false,true,
355,branch:jesus-maria,MAT-00355,3384864261706,TORNILLO HEXAGONAL 6X30(PAVONADO),category:materiales,measure:2,0,1,1,1,20,ID producto origen: 355 | Medida origen: Pieza(s) | Imagen origen: uploads/productos/WhatsApp Image 2025-10-01 at 08.29.40 (1).jpeg | Generado sistema origen: 1,false,true,
356,branch:jesus-maria,MAT-00356,,TORNILLO ESTUFA CABEZA(GALVANIZADO)1/8X3/4,category:materiales,measure:2,0,0,0,1,20,ID producto origen: 356 | Medida origen: Pieza(s),false,false,
357,branch:jesus-maria,MAT-00357,8366748005786,TORNILLO ESTUFA 1/8X3/4,category:materiales,measure:2,0,0.5,0.5,1,20,ID producto origen: 357 | Medida origen: Pieza(s) | Imagen origen: uploads/productos/WhatsApp Image 2025-10-01 at 11.36.43 AM.jpeg | Generado sistema origen: 1,false,true,
358,branch:jesus-maria,MAT-00358,0287168054094,TORNILLO ESTUFA 1/8X1,category:materiales,measure:2,0,0.5,0.5,1,20,ID producto origen: 358 | Medida origen: Pieza(s) | Imagen origen: uploads/productos/WhatsApp Image 2025-10-01 at 11.36.42 AM (6)_6389.jpeg | Generado sistema origen: 1,false,true,
359,branch:jesus-maria,MAT-00359,5124897093510,TORNILLO ESTUFA 1/8X1-1/4,category:materiales,measure:2,0,0.5,0.5,1,20,ID producto origen: 359 | Medida origen: Pieza(s) | Imagen origen: uploads/productos/WhatsApp Image 2025-10-01 at 11.36.42 AM (6).jpeg | Generado sistema origen: 1,false,true,
360,branch:jesus-maria,MAT-00360,4781237732136,TORNILLO ESTUFA 1/8X1-1/2,category:materiales,measure:2,0,0.5,0.5,1,20,ID producto origen: 360 | Medida origen: Pieza(s) | Imagen origen: uploads/productos/WhatsApp Image 2025-10-01 at 11.36.42 AM (5)_2279.jpeg | Generado sistema origen: 1,false,true,
361,branch:jesus-maria,MAT-00361,8035247721274,TORNILLO ESTUFA 1/8X2,category:materiales,measure:2,0,0.5,0.5,1,15,ID producto origen: 361 | Medida origen: Pieza(s) | Imagen origen: uploads/productos/WhatsApp Image 2025-10-01 at 11.36.42 AM (4).jpeg | Generado sistema origen: 1,false,true,
362,branch:jesus-maria,MAT-00362,9164667352122,TORNILLO ESTUFA 5/32X1/2,category:materiales,measure:2,0,0.5,0.5,1,20,ID producto origen: 362 | Medida origen: Pieza(s) | Imagen origen: uploads/productos/WhatsApp Image 2025-09-30 at 1.41.33 PM (2).jpeg | Generado sistema origen: 1,false,true,
363,branch:jesus-maria,MAT-00363,3193989468996,TORNILLO ESTUFA 5/32X5/8,category:materiales,measure:2,0,0.5,0.5,1,21,ID producto origen: 363 | Medida origen: Pieza(s) | Imagen origen: uploads/productos/WhatsApp Image 2025-09-30 at 1.41.33 PM (1).jpeg | Generado sistema origen: 1,false,true,
364,branch:jesus-maria,MAT-00364,8373760150196,TORNILLO ESTUFA 5/32X3/4,category:materiales,measure:2,0,0.5,0.5,1,20,ID producto origen: 364 | Medida origen: Pieza(s) | Imagen origen: uploads/productos/WhatsApp Image 2025-09-30 at 1.41.33 PM.jpeg | Generado sistema origen: 1,false,true,
365,branch:jesus-maria,MAT-00365,,TORNILLO ESTUCA CABEZA(GALVANIZADO) 5/32X1,category:materiales,measure:2,0,0.5,0.5,1,20,ID producto origen: 365 | Medida origen: Pieza(s),false,true,
366,branch:jesus-maria,MAT-00366,1816910938154,TORNILLO ESTUFA 5/32X1-1/4,category:materiales,measure:2,0,0.5,0.5,1,20,ID producto origen: 366 | Medida origen: Pieza(s) | Imagen origen: uploads/productos/WhatsApp Image 2025-09-30 at 1.41.34 PM.jpeg | Generado sistema origen: 1,false,true,
367,branch:jesus-maria,MAT-00367,1112114788183,TORNILLO ESTUFA 5/32X1-1/2,category:materiales,measure:2,0,0.5,0.5,1,19,ID producto origen: 367 | Medida origen: Pieza(s) | Imagen origen: uploads/productos/WhatsApp Image 2025-09-30 at 1.41.33 PM (4).jpeg | Generado sistema origen: 1,false,true,
368,branch:jesus-maria,MAT-00368,0070316440418,TORNILLO HEXAGONAL 6X35(PAVONADO),category:materiales,measure:2,25.47,1,1,1,20,ID producto origen: 368 | Medida origen: Pieza(s) | Imagen origen: uploads/productos/WhatsApp Image 2025-10-01 at 08.29.52 (1).jpeg | Generado sistema origen: 1,false,true,
369,branch:jesus-maria,MAT-00369,4709325925949,TORNILLO ESTUFA 5/32X2,category:materiales,measure:2,0,0.5,0.5,1,20,ID producto origen: 369 | Medida origen: Pieza(s) | Imagen origen: uploads/productos/WhatsApp Image 2025-09-30 at 1.41.32 PM (1).jpeg | Generado sistema origen: 1,false,true,
370,branch:jesus-maria,MAT-00370,8241849591263,TORNILLO HEXAGONAL 6X40(PAVONADO),category:materiales,measure:2,0,1,1,1,20,ID producto origen: 370 | Medida origen: Pieza(s) | Imagen origen: uploads/productos/WhatsApp Image 2025-10-01 at 08.30.01.jpeg | Generado sistema origen: 1,false,true,
371,branch:jesus-maria,MAT-00371,8024829238590,TORNILLO ESTUFA 5/32X2-1/2,category:materiales,measure:2,0,0.5,0.5,1,20,ID producto origen: 371 | Medida origen: Pieza(s) | Imagen origen: uploads/productos/WhatsApp Image 2025-09-30 at 1.41.32 PM.jpeg | Generado sistema origen: 1,false,true,
372,branch:jesus-maria,MAT-00372,7368017363369,TORNILLO HEXAGONAL 6X45(PAVONADO),category:materiales,measure:2,0,1,1,1,20,ID producto origen: 372 | Medida origen: Pieza(s) | Imagen origen: uploads/productos/WhatsApp Image 2025-10-01 at 08.30.13 (1).jpeg | Generado sistema origen: 1,false,true,
373,branch:jesus-maria,MAT-00373,9685486588160,TORNILLO HEXAGONAL 6X50(PAVONADO),category:materiales,measure:2,0,1,1,1,20,ID producto origen: 373 | Medida origen: Pieza(s) | Imagen origen: uploads/productos/WhatsApp Image 2025-10-01 at 08.30.23 (1).jpeg | Generado sistema origen: 1,false,true,
374,branch:jesus-maria,MAT-00374,4343507945297,TORNILLO ESTUFA 5/32X3,category:materiales,measure:2,0,0.5,0.5,1,20,ID producto origen: 374 | Medida origen: Pieza(s) | Imagen origen: uploads/productos/WhatsApp Image 2025-09-30 at 1.41.31 PM.jpeg | Generado sistema origen: 1,false,true,
375,branch:jesus-maria,MAT-00375,0364357617039,TORNILLO HEXAGONAL 6X55(PAVONADO),category:materiales,measure:2,0,1,1,1,19,ID producto origen: 375 | Medida origen: Pieza(s) | Imagen origen: uploads/productos/WhatsApp Image 2025-10-01 at 08.30.40 (1).jpeg | Generado sistema origen: 1,false,true,
376,branch:jesus-maria,MAT-00376,0675497350619,TORNILLO ESTUFA 3/16X1/2,category:materiales,measure:2,0,0.5,0.5,1,20,ID producto origen: 376 | Medida origen: Pieza(s) | Imagen origen: uploads/productos/WhatsApp Image 2025-09-30 at 1.32.52 PM (1).jpeg | Generado sistema origen: 1,false,true,
377,branch:jesus-maria,MAT-00377,7725183476642,TORNILLO HEXAGONAL 8X12(PAVONADO),category:materiales,measure:2,0,1,1,1,20,ID producto origen: 377 | Medida origen: Pieza(s) | Imagen origen: uploads/productos/WhatsApp Image 2025-10-01 at 14.46.01 (1).jpeg | Generado sistema origen: 1,false,true,
378,branch:jesus-maria,MAT-00378,8392157677924,TORNILLO ESTUFA 3/16X5/8,category:materiales,measure:2,0,0.5,0.5,1,20,ID producto origen: 378 | Medida origen: Pieza(s) | Imagen origen: uploads/productos/WhatsApp Image 2025-09-30 at 1.32.52 PM.jpeg | Generado sistema origen: 1,false,true,
379,branch:jesus-maria,MAT-00379,8070598931415,TORNILLO HEXAGONAL 8X16(PAVONADO),category:materiales,measure:2,0,1,1,1,20,ID producto origen: 379 | Medida origen: Pieza(s) | Imagen origen: uploads/productos/WhatsApp Image 2025-10-01 at 14.46.12.jpeg | Generado sistema origen: 1,false,true,
380,branch:jesus-maria,MAT-00380,0769445188666,TORNILLO HEXAGONAL 8X20(PAVONADO),category:materiales,measure:2,0,1,1,1,17,ID producto origen: 380 | Medida origen: Pieza(s) | Imagen origen: uploads/productos/WhatsApp Image 2025-10-01 at 14.46.24.jpeg | Generado sistema origen: 1,false,true,
381,branch:jesus-maria,MAT-00381,5765998658224,TORNILLO ESTUFA 3/16X3/4,category:materiales,measure:2,0,0,0,1,18,ID producto origen: 381 | Medida origen: Pieza(s) | Imagen origen: uploads/productos/WhatsApp Image 2025-09-30 at 1.32.51 PM.jpeg | Generado sistema origen: 1,false,true,
382,branch:jesus-maria,MAT-00382,3168122220328,TORNILLO HEXAGONAL 8X25(PAVONADO),category:materiales,measure:2,0,1.5,1.5,1,20,ID producto origen: 382 | Medida origen: Pieza(s) | Imagen origen: uploads/productos/WhatsApp Image 2025-10-01 at 14.46.45 (1).jpeg | Generado sistema origen: 1,false,true,
383,branch:jesus-maria,MAT-00383,6889454150486,TORNILLO ESTUFA 3/16X1,category:materiales,measure:2,0,0.5,0.5,1,24,ID producto origen: 383 | Medida origen: Pieza(s) | Imagen origen: uploads/productos/WhatsApp Image 2025-09-30 at 1.41.35 PM (2).jpeg | Generado sistema origen: 1,false,true,
384,branch:jesus-maria,MAT-00384,9740987269281,TORNILLO HEXAGONAL 8X30(PAVONADO),category:materiales,measure:2,0,1,1,1,16,ID producto origen: 384 | Medida origen: Pieza(s) | Imagen origen: uploads/productos/WhatsApp Image 2025-10-01 at 14.46.55 (1).jpeg | Generado sistema origen: 1,false,true,
385,branch:jesus-maria,MAT-00385,7195113127126,TORNILLO HEXAGONAL 8X35(PAVONADO),category:materiales,measure:2,0,1.5,1.5,1,20,ID producto origen: 385 | Medida origen: Pieza(s) | Imagen origen: uploads/productos/WhatsApp Image 2025-10-01 at 14.47.28 (1).jpeg | Generado sistema origen: 1,false,true,
386,branch:jesus-maria,MAT-00386,8966824923852,TORNILLO ESTUFA 3/16X1-1/4,category:materiales,measure:2,0,0.5,0.5,1,17,ID producto origen: 386 | Medida origen: Pieza(s) | Imagen origen: uploads/productos/WhatsApp Image 2025-09-30 at 1.41.35 PM (1).jpeg | Generado sistema origen: 1,false,true,
387,branch:jesus-maria,MAT-00387,2600029573349,TORNILLO HEXAHONAL 8X40(PAVONADO),category:materiales,measure:2,0,2,2,1,19,ID producto origen: 387 | Medida origen: Pieza(s) | Imagen origen: uploads/productos/WhatsApp Image 2025-10-01 at 14.47.39 (2).jpeg | Generado sistema origen: 1,false,true,
388,branch:jesus-maria,MAT-00388,5135988643620,TORNILLO ESTUFA 3/16X1-1/2,category:materiales,measure:2,0,0.5,0.5,1,18,ID producto origen: 388 | Medida origen: Pieza(s) | Imagen origen: uploads/productos/WhatsApp Image 2025-09-30 at 1.41.35 PM_3219.jpeg | Generado sistema origen: 1,false,true,
389,branch:jesus-maria,MAT-00389,2396879061432,TORNILLO HEXAGONAL 8X45(PAVONADO),category:materiales,measure:2,0,2,2,1,20,ID producto origen: 389 | Medida origen: Pieza(s) | Imagen origen: uploads/productos/WhatsApp Image 2025-10-01 at 14.47.49 (1).jpeg | Generado sistema origen: 1,false,true,
390,branch:jesus-maria,MAT-00390,7270382482920,TORNILLO ESTUFA 3/16X2,category:materiales,measure:2,0,0.5,0.5,1,14,ID producto origen: 390 | Medida origen: Pieza(s) | Imagen origen: uploads/productos/WhatsApp Image 2025-09-30 at 1.41.35 PM.jpeg | Generado sistema origen: 1,false,true,
391,branch:jesus-maria,MAT-00391,7622005547217,TORNILLO HEXAGONAL 8X50(PAVONADO),category:materiales,measure:2,0,1,1,1,13,ID producto origen: 391 | Medida origen: Pieza(s) | Imagen origen: uploads/productos/WhatsApp Image 2025-10-01 at 14.48.00.jpeg | Generado sistema origen: 1,false,true,
392,branch:jesus-maria,MAT-00392,3252463989072,TORNILLO ESTUFA 3/16X2-1/2,category:materiales,measure:2,0,0.5,0.5,1,18,ID producto origen: 392 | Medida origen: Pieza(s) | Imagen origen: uploads/productos/WhatsApp Image 2025-09-30 at 1.41.34 PM (2).jpeg | Generado sistema origen: 1,false,true,
393,branch:jesus-maria,MAT-00393,,TUERCA HEXAGONAL8.8MM P1.00 NATUTAL 6,category:materiales,measure:2,0,0.5,0.5,1,30,ID producto origen: 393 | Medida origen: Pieza(s),false,true,
394,branch:jesus-maria,MAT-00394,6348704733171,TORNILLO ESTUFA 3/16X3,category:materiales,measure:2,0,1,1,1,20,ID producto origen: 394 | Medida origen: Pieza(s) | Imagen origen: uploads/productos/WhatsApp Image 2025-09-30 at 1.41.34 PM (1).jpeg | Generado sistema origen: 1,false,true,
395,branch:jesus-maria,MAT-00395,3981925148671,TUERCA HEXAGONAL LIVIANA 1/8,category:materiales,measure:2,0,0.5,0.5,1,46,ID producto origen: 395 | Medida origen: Pieza(s) | Imagen origen: uploads/productos/WhatsApp Image 2025-09-29 at 4.21.41 PM.jpeg | Generado sistema origen: 1,false,true,
396,branch:jesus-maria,MAT-00396,9899858510288,TUERCA HEXAGONAL 8.8 - 6 NATU,category:materiales,measure:2,0,2,2,1,26,ID producto origen: 396 | Medida origen: Pieza(s) | Imagen origen: uploads/productos/WhatsApp Image 2025-09-29 at 4.21.40 PM.jpeg | Generado sistema origen: 1,false,true,
397,branch:jesus-maria,MAT-00397,9904064328951,TUERCA HEXAGONAL LIVIANA 5/32,category:materiales,measure:2,0,0.5,0.5,1,49,ID producto origen: 397 | Medida origen: Pieza(s) | Imagen origen: uploads/productos/WhatsApp Image 2025-09-29 at 4.21.41 PM (1).jpeg | Generado sistema origen: 1,false,true,
398,branch:jesus-maria,MAT-00398,9026562178606,TUERCA HEXAGONAL 8.8 MM,category:materiales,measure:2,0,0.5,0.5,1,13,ID producto origen: 398 | Medida origen: Pieza(s) | Imagen origen: uploads/productos/WhatsApp Image 2025-09-29 at 15.22.07 (1).jpeg | Generado sistema origen: 1,false,true,
399,branch:jesus-maria,MAT-00399,3910788309585,TUERCA HEXAGONAL LIVIANA 3/16,category:materiales,measure:2,0,0.5,0.5,1,32,ID producto origen: 399 | Medida origen: Pieza(s) | Imagen origen: uploads/productos/WhatsApp Image 2025-09-29 at 4.21.41 PM (2).jpeg | Generado sistema origen: 1,false,true,
400,branch:jesus-maria,MAT-00400,9421639642170,SEGURO ARGOLLA 3/16,category:materiales,measure:2,0,14,15,1,10,ID producto origen: 400 | Medida origen: Pieza(s) | Imagen origen: uploads/productos/WhatsApp Image 2025-09-30 at 9.37.49 AM.jpeg | Generado sistema origen: 1,false,true,
401,branch:jesus-maria,MAT-00401,3216494790267,TORNILLO HEXA/P 1/4X1/2,category:materiales,measure:2,0,1,1,1,20,ID producto origen: 401 | Medida origen: Pieza(s) | Imagen origen: uploads/productos/WhatsApp Image 2025-10-02 at 2.53.12 PM.jpeg | Generado sistema origen: 1,false,true,
402,branch:jesus-maria,MAT-00402,2625425292236,SEGURO ARGOLLA 1/4,category:materiales,measure:2,0,13,13.5,1,10,ID producto origen: 402 | Medida origen: Pieza(s) | Imagen origen: uploads/productos/WhatsApp Image 2025-09-30 at 9.37.48 AM (1).jpeg | Generado sistema origen: 1,false,true,
403,branch:jesus-maria,MAT-00403,,TORNILLO HEXAGONAL(PAVONADO) 1/4X5/8,category:materiales,measure:2,0,1,1,1,20,ID producto origen: 403 | Medida origen: Pieza(s),false,true,
404,branch:jesus-maria,MAT-00404,2510676581041,SEGURO ARGOLLA 5/16,category:materiales,measure:2,0,13,14,1,8,ID producto origen: 404 | Medida origen: Pieza(s) | Imagen origen: uploads/productos/WhatsApp Image 2025-09-30 at 9.37.48 AM.jpeg | Generado sistema origen: 1,false,true,
405,branch:jesus-maria,MAT-00405,6164529561641,TORNILLO HEXA/P 1/4X3/4,category:materiales,measure:2,0,1,1,1,12,ID producto origen: 405 | Medida origen: Pieza(s) | Imagen origen: uploads/productos/WhatsApp Image 2025-10-02 at 12.15.25 PM (5).jpeg | Generado sistema origen: 1,false,true,
406,branch:jesus-maria,MAT-00406,4334985121396,CHAVETA PULIDA 1/8X1,category:materiales,measure:2,0,1,1,1,49,ID producto origen: 406 | Medida origen: Pieza(s) | Imagen origen: uploads/productos/WhatsApp Image 2025-09-30 at 9.37.49 AM (5).jpeg | Generado sistema origen: 1,false,true,
407,branch:jesus-maria,MAT-00407,0848434320376,TORNILLO HEXA/P 1/4X1,category:materiales,measure:2,0,1,1,1,20,ID producto origen: 407 | Medida origen: Pieza(s) | Imagen origen: uploads/productos/WhatsApp Image 2025-10-02 at 12.15.25 PM (1).jpeg | Generado sistema origen: 1,false,true,
408,branch:jesus-maria,MAT-00408,1172420566486,CHAVETA PULIDA 1/8X1-1/2,category:materiales,measure:2,0,1,1,1,45,ID producto origen: 408 | Medida origen: Pieza(s) | Imagen origen: uploads/productos/WhatsApp Image 2025-09-30 at 9.37.49 AM (4).jpeg | Generado sistema origen: 1,false,true,
409,branch:jesus-maria,MAT-00409,1202354651665,TORNILLO HEXA/P 1/4X1-1/4,category:materiales,measure:2,0,1,1,1,18,ID producto origen: 409 | Medida origen: Pieza(s) | Imagen origen: uploads/productos/WhatsApp Image 2025-10-02 at 12.15.25 PM.jpeg | Generado sistema origen: 1,false,true,
410,branch:jesus-maria,MAT-00410,8459043241536,CHAVETA PULIDA 1/8X2,category:materiales,measure:2,0,1.5,1.5,1,47,ID producto origen: 410 | Medida origen: Pieza(s) | Imagen origen: uploads/productos/WhatsApp Image 2025-09-30 at 9.37.49 AM (3).jpeg | Generado sistema origen: 1,false,true,
411,branch:jesus-maria,MAT-00411,8536121314655,CHAVETA PULIDA 3/16X1-1/2,category:materiales,measure:2,0,2.5,2.5,1,27,ID producto origen: 411 | Medida origen: Pieza(s) | Imagen origen: uploads/productos/WhatsApp Image 2025-09-30 at 9.37.49 AM (2).jpeg | Generado sistema origen: 1,false,true,
412,branch:jesus-maria,MAT-00412,8018001561682,TORNILLO HEXAGONAL 1/4X1-1/2,category:materiales,measure:2,0,1,1,1,20,ID producto origen: 412 | Medida origen: Pieza(s) | Imagen origen: uploads/productos/WhatsApp Image 2025-10-02 at 12.15.24 PM (2).jpeg | Generado sistema origen: 1,false,true,
413,branch:jesus-maria,MAT-00413,3427280049449,CHAVETA PULIDA 3/16X2,category:materiales,measure:2,0,3,3,1,29,ID producto origen: 413 | Medida origen: Pieza(s) | Imagen origen: uploads/productos/WhatsApp Image 2025-09-30 at 9.37.49 AM (1).jpeg | Generado sistema origen: 1,false,true,
414,branch:jesus-maria,MAT-00414,8070093602469,TORNILLO HEXAGONAL 1/4X1-3/4,category:materiales,measure:2,0,1,1,1,20,ID producto origen: 414 | Medida origen: Pieza(s) | Imagen origen: uploads/productos/WhatsApp Image 2025-10-02 at 12.15.21 PM.jpeg | Generado sistema origen: 1,false,true,
415,branch:jesus-maria,MAT-00415,1793993637023,TORNILLO HEXA/G 1/4X1/2,category:materiales,measure:2,0,0.5,0.5,1,20,ID producto origen: 415 | Medida origen: Pieza(s) | Generado sistema origen: 1,false,true,
416,branch:jesus-maria,MAT-00416,8548927721476,TORNILLO HEXAGONAL P 1/4X2,category:materiales,measure:2,0,1.5,1.5,1,20,ID producto origen: 416 | Medida origen: Pieza(s) | Imagen origen: uploads/productos/WhatsApp Image 2025-10-02 at 3.13.03 PM (3).jpeg | Generado sistema origen: 1,false,true,
417,branch:jesus-maria,MAT-00417,,TORNILLO HEXAGONAL GALVANIZADO 1/4X5/8,category:materiales,measure:2,0,0.5,0.5,1,20,ID producto origen: 417 | Medida origen: Pieza(s),false,true,
418,branch:jesus-maria,MAT-00418,9398760868192,TORNILLO HEXAGONAL/P 1/4X2-1/2,category:materiales,measure:2,0,2,2,1,20,ID producto origen: 418 | Medida origen: Pieza(s) | Imagen origen: uploads/productos/WhatsApp Image 2025-10-02 at 3.13.03 PM (2).jpeg | Generado sistema origen: 1,false,true,
419,branch:jesus-maria,MAT-00419,2738636474015,TORNILLO HEXA/G 1/4X5/8,category:materiales,measure:2,0,1,1,1,6,ID producto origen: 419 | Medida origen: Pieza(s) | Imagen origen: uploads/productos/WhatsApp Image 2025-10-02 at 12.15.26 PM (1).jpeg | Generado sistema origen: 1,false,true,
420,branch:jesus-maria,MAT-00420,3899439439379,TORNILLO HEXAGONAL P 1/4X3,category:materiales,measure:2,0,2,2,1,20,ID producto origen: 420 | Medida origen: Pieza(s) | Imagen origen: uploads/productos/WhatsApp Image 2025-10-02 at 3.13.02 PM (4).jpeg | Generado sistema origen: 1,false,true,
421,branch:jesus-maria,MAT-00421,6665870520658,TORNILLO HEXA/G 1/4X3/4,category:materiales,measure:2,0,0.5,0.5,1,20,ID producto origen: 421 | Medida origen: Pieza(s) | Imagen origen: uploads/productos/WhatsApp Image 2025-10-02 at 12.15.25 PM (6).jpeg | Generado sistema origen: 1,false,true,
422,branch:jesus-maria,MAT-00422,2053510977476,TORNILLO HEXA/P 5/16X1/2,category:materiales,measure:2,0,1,1,1,20,ID producto origen: 422 | Medida origen: Pieza(s) | Imagen origen: uploads/productos/WhatsApp Image 2025-10-03 at 9.24.53 AM.jpeg | Generado sistema origen: 1,false,true,
423,branch:jesus-maria,MAT-00423,5605558855567,TORNILLO HEXA/G 1/4X1,category:materiales,measure:2,0,0.5,0.5,1,20,ID producto origen: 423 | Medida origen: Pieza(s) | Imagen origen: uploads/productos/WhatsApp Image 2025-10-02 at 12.15.25 PM (4).jpeg | Generado sistema origen: 1,false,true,
424,branch:jesus-maria,MAT-00424,0571453159411,TORNILLO HEXA/P 5/16X3/4,category:materiales,measure:2,0,1,1,1,21,ID producto origen: 424 | Medida origen: Pieza(s) | Imagen origen: uploads/productos/WhatsApp Image 2025-10-03 at 9.24.45 AM.jpeg | Generado sistema origen: 1,false,true,
425,branch:jesus-maria,MAT-00425,6836077816251,TORNILLO HEXA/G 1/4X1-1/4,category:materiales,measure:2,0,1,1,1,13,ID producto origen: 425 | Medida origen: Pieza(s) | Imagen origen: uploads/productos/WhatsApp Image 2025-10-02 at 12.15.25 PM (1)_8508.jpeg | Generado sistema origen: 1,false,true,
426,branch:jesus-maria,MAT-00426,2630882818530,TORNILLO HEXAGONAL/P 5/16X1,category:materiales,measure:2,0,1,1,1,18,ID producto origen: 426 | Medida origen: Pieza(s) | Imagen origen: uploads/productos/WhatsApp Image 2025-10-06 at 9.54.38 AM (3)_1430.jpeg | Generado sistema origen: 1,false,true,
427,branch:jesus-maria,MAT-00427,0767873454575,TORNILLO HEXAGONAL 1/4X1-1/2,category:materiales,measure:2,0,1,1,1,20,ID producto origen: 427 | Medida origen: Pieza(s) | Imagen origen: uploads/productos/WhatsApp Image 2025-10-02 at 12.15.24 PM.jpeg | Generado sistema origen: 1,false,true,
428,branch:jesus-maria,MAT-00428,8448023570421,TORNILLO HEXA/P 5/16X1-1/4,category:materiales,measure:2,0,1,1,1,16,ID producto origen: 428 | Medida origen: Pieza(s) | Imagen origen: uploads/productos/WhatsApp Image 2025-10-03 at 9.24.12 AM.jpeg | Generado sistema origen: 1,false,true,
429,branch:jesus-maria,MAT-00429,3984512400350,TORNILLO HEXAGONAL/G 1/4X1-3/4,category:materiales,measure:2,0,1,1,1,20,ID producto origen: 429 | Medida origen: Pieza(s) | Imagen origen: uploads/productos/WhatsApp Image 2025-10-03 at 9.16.01 AM.jpeg | Generado sistema origen: 1,false,true,
430,branch:jesus-maria,MAT-00430,7663891863678,TORNILLO HEXA/ P 5/16X1-1/2,category:materiales,measure:2,0,1.5,1.5,1,20,ID producto origen: 430 | Medida origen: Pieza(s) | Imagen origen: uploads/productos/WhatsApp Image 2025-10-03 at 9.24.08 AM.jpeg | Generado sistema origen: 1,false,true,
431,branch:jesus-maria,MAT-00431,0721586247978,TORNILLO HEXA/P 5/16X1-3/4,category:materiales,measure:2,0,2,2,1,20,ID producto origen: 431 | Medida origen: Pieza(s) | Imagen origen: uploads/productos/WhatsApp Image 2025-10-03 at 9.24.32 AM.jpeg | Generado sistema origen: 1,false,true,
432,branch:jesus-maria,MAT-00432,6884921470470,TORNILLO HEXA/P 5/16X2,category:materiales,measure:2,0,2,2,1,20,ID producto origen: 432 | Medida origen: Pieza(s) | Imagen origen: uploads/productos/WhatsApp Image 2025-10-06 at 9.54.38 AM.jpeg | Generado sistema origen: 1,false,true,
433,branch:jesus-maria,MAT-00433,4775060915613,TORNILLO HEXAGONAL/G 1/4X2,category:materiales,measure:2,0,1,1,1,19,ID producto origen: 433 | Medida origen: Pieza(s) | Imagen origen: uploads/productos/WhatsApp Image 2025-10-03 at 9.15.48 AM (1).jpeg | Generado sistema origen: 1,false,true,
434,branch:jesus-maria,MAT-00434,1306414526693,TORNILLO HEXAGONAL/G 1/4X2-1/2,category:materiales,measure:2,0,1,1,1,20,ID producto origen: 434 | Medida origen: Pieza(s) | Imagen origen: uploads/productos/WhatsApp Image 2025-10-02 at 3.13.03 PM.jpeg | Generado sistema origen: 1,false,true,
435,branch:jesus-maria,MAT-00435,9694361449779,TORNILLO HEXAGONAL/G 1/4X3,category:materiales,measure:2,0,2,2,1,20,ID producto origen: 435 | Medida origen: Pieza(s) | Imagen origen: uploads/productos/WhatsApp Image 2025-10-02 at 3.13.02 PM (5).jpeg | Generado sistema origen: 1,false,true,
436,branch:jesus-maria,MAT-00436,0054876566849,TORNILLO HEXA/G 5/16X3/4,category:materiales,measure:2,0,1,1,1,20,ID producto origen: 436 | Medida origen: Pieza(s) | Imagen origen: uploads/productos/WhatsApp Image 2025-10-03 at 9.24.39 AM.jpeg | Generado sistema origen: 1,false,true,
437,branch:jesus-maria,MAT-00437,1478857541462,TORNILLO HEXA/G 5/16X1,category:materiales,measure:2,0,1,1,1,20,ID producto origen: 437 | Medida origen: Pieza(s) | Imagen origen: uploads/productos/WhatsApp Image 2025-10-03 at 9.24.24 AM.jpeg | Generado sistema origen: 1,false,true,
438,branch:jesus-maria,MAT-00438,3928793488188,TORNILLO HEXA/G 5/16X1-1/4,category:materiales,measure:2,0,1,1,1,20,ID producto origen: 438 | Medida origen: Pieza(s) | Imagen origen: uploads/productos/WhatsApp Image 2025-10-06 at 2.26.45 PM.jpeg | Generado sistema origen: 1,false,true,
439,branch:jesus-maria,MAT-00439,5496993969595,TORNILLO HEXA/G 5/16X1-1/2,category:materiales,measure:2,0,1,1,1,19,ID producto origen: 439 | Medida origen: Pieza(s) | Imagen origen: uploads/productos/WhatsApp Image 2025-10-06 at 9.54.38 AM (2).jpeg | Generado sistema origen: 1,false,true,
440,branch:jesus-maria,MAT-00440,9662795773357,TORNILLO HEXA/G 5/16X2,category:materiales,measure:2,0,1.5,1.5,1,20,ID producto origen: 440 | Medida origen: Pieza(s) | Imagen origen: uploads/productos/WhatsApp Image 2025-10-06 at 9.54.37 AM (3).jpeg | Generado sistema origen: 1,false,true,
441,branch:jesus-maria,MAT-00441,2044861923922,TORNILLO HEXA/ G 5/16X2-1/2,category:materiales,measure:2,0,2,2,1,19,ID producto origen: 441 | Medida origen: Pieza(s) | Imagen origen: uploads/productos/WhatsApp Image 2025-10-06 at 9.54.37 AM (2).jpeg | Generado sistema origen: 1,false,true,
442,branch:jesus-maria,MAT-00442,2602731676097,TORNILLO HEXA/P 5/16X2-1/2,category:materiales,measure:2,0,2.5,2.5,1,17,ID producto origen: 442 | Medida origen: Pieza(s) | Imagen origen: uploads/productos/WhatsApp Image 2025-10-06 at 9.54.37 AM (1).jpeg | Generado sistema origen: 1,false,true,
443,branch:jesus-maria,MAT-00443,2763567637000,TORNILLO HEXA/G 5/16X3,category:materiales,measure:2,0,2,2,1,20,ID producto origen: 443 | Medida origen: Pieza(s) | Imagen origen: uploads/productos/WhatsApp Image 2025-10-06 at 9.54.36 AM (2).jpeg | Generado sistema origen: 1,false,true,
444,branch:jesus-maria,MAT-00444,4287001020756,TORNILLO 5/16X3(PAVONADO),category:materiales,measure:2,0,3,3,1,20,ID producto origen: 444 | Medida origen: Pieza(s) | Imagen origen: uploads/productos/WhatsApp Image 2025-10-02 at 13.20.22 (1).jpeg | Generado sistema origen: 1,false,true,
445,branch:jesus-maria,MAT-00445,7780690951204,TORNILLO HEXAGONAL 3/8X1(GALVANIZADO),category:materiales,measure:2,0,1,1,1,20,ID producto origen: 445 | Medida origen: Pieza(s) | Imagen origen: uploads/productos/WhatsApp Image 2025-10-03 at 08.11.20 (1).jpeg | Generado sistema origen: 1,false,true,
446,branch:jesus-maria,MAT-00446,5122308546259,TORNILLO 3/8X1/2(PAVONADO),category:materiales,measure:2,0,1,1,1,20,ID producto origen: 446 | Medida origen: Pieza(s) | Imagen origen: uploads/productos/WhatsApp Image 2025-10-03 at 08.12.22 (1).jpeg | Generado sistema origen: 1,false,true,
447,branch:jesus-maria,MAT-00447,1529590701078,TORNILLO HEXAGONAL 3/8X1-1/4(GALVANIZADO),category:materiales,measure:2,0,1.5,1.5,1,20,ID producto origen: 447 | Medida origen: Pieza(s) | Imagen origen: uploads/productos/WhatsApp Image 2025-10-03 at 08.11.34 (1).jpeg | Generado sistema origen: 1,false,true,
448,branch:jesus-maria,MAT-00448,6617887208357,TORNILLO 3/8X3/4(PAVONADO),category:materiales,measure:2,0,1,1,1,20,ID producto origen: 448 | Medida origen: Pieza(s) | Imagen origen: uploads/productos/WhatsApp Image 2025-10-03 at 08.13.22.jpeg | Generado sistema origen: 1,false,true,
449,branch:jesus-maria,MAT-00449,1438168249389,TORNILLO HEXAGONAL 3/8X1-1/2(GALVANIZADO),category:materiales,measure:2,0,2,2,1,10,ID producto origen: 449 | Medida origen: Pieza(s) | Imagen origen: uploads/productos/WhatsApp Image 2025-10-03 at 08.11.49 (2).jpeg | Generado sistema origen: 1,false,true,
450,branch:jesus-maria,MAT-00450,3594551365598,TORNILLO 3/8X1(PAVONADO),category:materiales,measure:2,0,1,1,1,18,ID producto origen: 450 | Medida origen: Pieza(s) | Imagen origen: uploads/productos/WhatsApp Image 2025-10-03 at 08.29.07 (1).jpeg | Generado sistema origen: 1,false,true,
451,branch:jesus-maria,MAT-00451,0685974343782,TORNILLO HEXAGONAL 3/8X1-3/4(GALVANIZADO),category:materiales,measure:2,0,2,2,1,20,ID producto origen: 451 | Medida origen: Pieza(s) | Imagen origen: uploads/productos/WhatsApp Image 2025-10-03 at 08.12.02 (1).jpeg | Generado sistema origen: 1,false,true,
452,branch:jesus-maria,MAT-00452,1074098300327,TORNILLO 3/8X1-1/4(PAVONADO),category:materiales,measure:2,0,2,2,1,20,ID producto origen: 452 | Medida origen: Pieza(s) | Imagen origen: uploads/productos/WhatsApp Image 2025-10-03 at 08.29.17 (1).jpeg | Generado sistema origen: 1,false,true,
453,branch:jesus-maria,MAT-00453,5161326664446,TORNILLO HEXAGONAL 3/8X2(GALVANIZADO),category:materiales,measure:2,0,2,2,1,20,ID producto origen: 453 | Medida origen: Pieza(s) | Imagen origen: uploads/productos/WhatsApp Image 2025-10-03 at 08.12.12 (1).jpeg | Generado sistema origen: 1,false,true,
454,branch:jesus-maria,MAT-00454,0336199957956,TORNILLO HEXAGONAL 3/8X2-1/2(GALVANIZADO),category:materiales,measure:2,0,2.5,2.5,1,20,ID producto origen: 454 | Medida origen: Pieza(s) | Imagen origen: uploads/productos/WhatsApp Image 2025-10-03 at 08.30.08 (1).jpeg | Generado sistema origen: 1,false,true,
455,branch:jesus-maria,MAT-00455,5592570592313,TORNILLO 3/8X1-1/2(PAVONADO),category:materiales,measure:2,0,2,2,1,5,ID producto origen: 455 | Medida origen: Pieza(s) | Imagen origen: uploads/productos/WhatsApp Image 2025-10-03 at 08.29.29 (1).jpeg | Generado sistema origen: 1,false,true,
456,branch:jesus-maria,MAT-00456,8031298481600,TORNILLO HEXAGONAL 3/8X3(GALVANIZADO),category:materiales,measure:2,0,3,3,1,18,ID producto origen: 456 | Medida origen: Pieza(s) | Imagen origen: uploads/productos/WhatsApp Image 2025-10-03 at 08.30.16.jpeg | Generado sistema origen: 1,false,true,
457,branch:jesus-maria,MAT-00457,6402040358655,TUERCA HEXAGONAL LIVIANA 1/4,category:materiales,measure:2,0,0.5,0.5,1,28,ID producto origen: 457 | Medida origen: Pieza(s) | Imagen origen: uploads/productos/WhatsApp Image 2025-09-29 at 4.21.41 PM (3).jpeg | Generado sistema origen: 1,false,true,
458,branch:jesus-maria,MAT-00458,1903041732628,TUERCA HEXAGONAL LIVIANA 5/16,category:materiales,measure:2,0,0.5,0.5,1,7,ID producto origen: 458 | Medida origen: Pieza(s) | Imagen origen: uploads/productos/WhatsApp Image 2025-09-29 at 4.21.41 PM (4).jpeg | Generado sistema origen: 1,false,true,
459,branch:jesus-maria,MAT-00459,6670919040233,TORNILLO 3/8X1-3/4(PAVONADO),category:materiales,measure:2,0,3,3,1,17,ID producto origen: 459 | Medida origen: Pieza(s) | Imagen origen: uploads/productos/WhatsApp Image 2025-10-03 at 08.29.37.jpeg | Generado sistema origen: 1,false,true,
460,branch:jesus-maria,MAT-00460,2183663886476,TUERCA HEXAGONAL LIVIANA 3/8,category:materiales,measure:2,0,0.5,0.5,1,4,ID producto origen: 460 | Medida origen: Pieza(s) | Imagen origen: uploads/productos/WhatsApp Image 2025-09-29 at 4.21.42 PM.jpeg | Generado sistema origen: 1,false,true,
461,branch:jesus-maria,MAT-00461,3009203161294,TORNILLO 3/8X2(PAVONADO),category:materiales,measure:2,0,2,2,1,19,ID producto origen: 461 | Medida origen: Pieza(s) | Imagen origen: uploads/productos/WhatsApp Image 2025-10-03 at 08.29.47 (1).jpeg | Generado sistema origen: 1,false,true,
462,branch:jesus-maria,MAT-00462,,VARILLA ROSCADA NATURAL 6,category:materiales,measure:2,0,13,14,1,2,ID producto origen: 462 | Medida origen: Pieza(s),false,true,
463,branch:jesus-maria,MAT-00463,0434445581747,TORNILLO 3/8X2-1/2(PAVONADO),category:materiales,measure:2,0,3,3,1,20,ID producto origen: 463 | Medida origen: Pieza(s) | Imagen origen: uploads/productos/WhatsApp Image 2025-10-03 at 08.29.55.jpeg | Generado sistema origen: 1,false,true,
464,branch:jesus-maria,MAT-00464,,VARILLA ROSCADA NATURAL 8,category:materiales,measure:2,0,23,24,1,2,ID producto origen: 464 | Medida origen: Pieza(s),false,true,
465,branch:jesus-maria,MAT-00465,0525276646160,TORNILLO 3/8X3(PAVONADO),category:materiales,measure:2,0,4.5,4.5,1,20,ID producto origen: 465 | Medida origen: Pieza(s) | Imagen origen: uploads/productos/WhatsApp Image 2025-10-02 at 09.24.25 (1).jpeg | Generado sistema origen: 1,false,true,
466,branch:jesus-maria,MAT-00466,6186521382161,TORNILLO COCHE/G 1/4X1,category:materiales,measure:2,0,1,1,1,20,ID producto origen: 466 | Medida origen: Pieza(s) | Imagen origen: uploads/productos/WhatsApp Image 2025-10-02 at 12.15.25 PM (3).jpeg | Generado sistema origen: 1,false,true,
467,branch:jesus-maria,MAT-00467,5223947909464,TORNILLO COCHE/G 1/4X1-1/4,category:materiales,measure:2,0,1,1,1,20,ID producto origen: 467 | Medida origen: Pieza(s) | Imagen origen: uploads/productos/WhatsApp Image 2025-10-02 at 12.15.25 PM (2).jpeg | Generado sistema origen: 1,false,true,
468,branch:jesus-maria,MAT-00468,7072187687292,TORNILLO COCHE 1/4X1-1/2,category:materiales,measure:2,0,1,1,1,20,ID producto origen: 468 | Medida origen: Pieza(s) | Imagen origen: uploads/productos/WhatsApp Image 2025-10-02 at 12.15.24 PM (1).jpeg | Generado sistema origen: 1,false,true,
469,branch:jesus-maria,MAT-00469,9572251963485,TORNILLO COCHE 1/4X1-3/4,category:materiales,measure:2,0,1,1,1,20,ID producto origen: 469 | Medida origen: Pieza(s) | Imagen origen: uploads/productos/WhatsApp Image 2025-10-02 at 12.15.23 PM.jpeg | Generado sistema origen: 1,false,true,
470,branch:jesus-maria,MAT-00470,8251159412486,TORNILLO 7/16X1(PAVONADO),category:materiales,measure:2,0,2,2,1,20,ID producto origen: 470 | Medida origen: Pieza(s) | Imagen origen: uploads/productos/WhatsApp Image 2025-10-02 at 15.06.42.jpeg | Generado sistema origen: 1,false,true,
471,branch:jesus-maria,MAT-00471,0322660040906,TORNILLO COCHE/G 1/4X2,category:materiales,measure:2,0,1,1,1,20,ID producto origen: 471 | Medida origen: Pieza(s) | Imagen origen: uploads/productos/WhatsApp Image 2025-10-03 at 9.15.48 AM.jpeg | Generado sistema origen: 1,false,true,
472,branch:jesus-maria,MAT-00472,4467821844422,TORNILLO COCHE/G 1/4X2-1/2,category:materiales,measure:2,0,1.5,1.5,1,20,ID producto origen: 472 | Medida origen: Pieza(s) | Imagen origen: uploads/productos/WhatsApp Image 2025-10-02 at 3.13.03 PM (1).jpeg | Generado sistema origen: 1,false,true,
473,branch:jesus-maria,MAT-00473,6931676627670,TORNILLO COCHE 1/4X3,category:materiales,measure:2,0,2,2,1,20,ID producto origen: 473 | Medida origen: Pieza(s) | Imagen origen: uploads/productos/WhatsApp Image 2025-10-02 at 3.13.02 PM (3).jpeg | Generado sistema origen: 1,false,true,
474,branch:jesus-maria,MAT-00474,0178342617641,TORNILLO 7/16X1-1/4(PAVONADO),category:materiales,measure:2,0,3,3,1,18,ID producto origen: 474 | Medida origen: Pieza(s) | Imagen origen: uploads/productos/WhatsApp Image 2025-10-02 at 15.06.58.jpeg | Generado sistema origen: 1,false,true,
475,branch:jesus-maria,MAT-00475,6212596340550,TORNILLO COCHE 1/4X3-1/2,category:materiales,measure:2,0,2,2,1,20,ID producto origen: 475 | Medida origen: Pieza(s) | Imagen origen: uploads/productos/WhatsApp Image 2025-10-02 at 3.13.02 PM (2).jpeg | Generado sistema origen: 1,false,true,
476,branch:jesus-maria,MAT-00476,6419569776693,TORNILLO COCHE 1/4X4,category:materiales,measure:2,0,2,2,1,20,ID producto origen: 476 | Medida origen: Pieza(s) | Imagen origen: uploads/productos/WhatsApp Image 2025-10-02 at 3.13.02 PM (1).jpeg | Generado sistema origen: 1,false,true,
477,branch:jesus-maria,MAT-00477,3221263693946,TORNILLO COCHE 1/4X4-1/2,category:materiales,measure:2,0,2,2,1,16,ID producto origen: 477 | Medida origen: Pieza(s) | Imagen origen: uploads/productos/WhatsApp Image 2025-10-02 at 3.13.02 PM.jpeg | Generado sistema origen: 1,false,true,
478,branch:jesus-maria,MAT-00478,2937091641844,TORNILLO COCHE 1/4X5,category:materiales,measure:2,0,3.5,3.5,1,20,ID producto origen: 478 | Medida origen: Pieza(s) | Imagen origen: uploads/productos/WhatsApp Image 2025-10-02 at 3.13.01 PM (1).jpeg | Generado sistema origen: 1,false,true,
479,branch:jesus-maria,MAT-00479,6429268367573,TORNILLO 7/16X1-1/2(PAVONADO),category:materiales,measure:2,0,3,3,1,20,ID producto origen: 479 | Medida origen: Pieza(s) | Imagen origen: uploads/productos/WhatsApp Image 2025-10-02 at 15.07.09 (1).jpeg | Generado sistema origen: 1,false,true,
480,branch:jesus-maria,MAT-00480,3376199224662,TORNILLO COCHE/G 5/16X1,category:materiales,measure:2,0,1,1,1,20,ID producto origen: 480 | Medida origen: Pieza(s) | Imagen origen: uploads/productos/WhatsApp Image 2025-10-03 at 9.24.19 AM.jpeg | Generado sistema origen: 1,false,true,
481,branch:jesus-maria,MAT-00481,8179783839304,TORNILLO COCHE/G 5/16X1-1/4,category:materiales,measure:2,0,1,1,1,20,ID producto origen: 481 | Medida origen: Pieza(s) | Imagen origen: uploads/productos/WhatsApp Image 2025-10-06 at 9.54.38 AM (3).jpeg | Generado sistema origen: 1,false,true,
482,branch:jesus-maria,MAT-00482,7898442340913,TORNILLO COCHE/G 5/16X1-1/2,category:materiales,measure:2,0,1,1,1,19,ID producto origen: 482 | Medida origen: Pieza(s) | Imagen origen: uploads/productos/WhatsApp Image 2025-10-03 at 9.24.01 AM.jpeg | Generado sistema origen: 1,false,true,
483,branch:jesus-maria,MAT-00483,6896197168920,TORNILLO 7/16X1-3/4(PAVONADO),category:materiales,measure:2,0,3,3,1,20,ID producto origen: 483 | Medida origen: Pieza(s) | Imagen origen: uploads/productos/WhatsApp Image 2025-10-02 at 15.07.23.jpeg | Generado sistema origen: 1,false,true,
484,branch:jesus-maria,MAT-00484,5397733184332,TORNILLO COCHE/G 5/16X1-3/4,category:materiales,measure:2,0,6,6,1,20,ID producto origen: 484 | Medida origen: Pieza(s) | Imagen origen: uploads/productos/WhatsApp Image 2025-10-06 at 9.54.38 AM (1).jpeg | Generado sistema origen: 1,false,true,
485,branch:jesus-maria,MAT-00485,7184457383411,TORNILLO 7/16X2(PAVONADO),category:materiales,measure:2,0,4,4,1,20,ID producto origen: 485 | Medida origen: Pieza(s) | Imagen origen: uploads/productos/WhatsApp Image 2025-10-02 at 15.07.33.jpeg | Generado sistema origen: 1,false,true,
486,branch:jesus-maria,MAT-00486,4663302925493,TORNILLO COCHE/G 5/16X2,category:materiales,measure:2,0,1.5,1.5,1,18,ID producto origen: 486 | Medida origen: Pieza(s) | Imagen origen: uploads/productos/WhatsApp Image 2025-10-06 at 9.54.37 AM (4).jpeg | Generado sistema origen: 1,false,true,
487,branch:jesus-maria,MAT-00487,5611847853909,TORNILLO 7/16X2-1/2(PAVONADO),category:materiales,measure:2,0,5,5,1,16,ID producto origen: 487 | Medida origen: Pieza(s) | Imagen origen: uploads/productos/WhatsApp Image 2025-10-02 at 15.07.45.jpeg | Generado sistema origen: 1,false,true,
488,branch:jesus-maria,MAT-00488,0049601308238,TORNILLO COCHE/G 5/16X2-1/2,category:materiales,measure:2,0,3,3,1,20,ID producto origen: 488 | Medida origen: Pieza(s) | Imagen origen: uploads/productos/WhatsApp Image 2025-10-06 at 9.54.37 AM.jpeg | Generado sistema origen: 1,false,true,
489,branch:jesus-maria,MAT-00489,0707135595943,TORNILLO 7/16X3(PAVONADO),category:materiales,measure:2,0,6,6,1,20,ID producto origen: 489 | Medida origen: Pieza(s) | Imagen origen: uploads/productos/WhatsApp Image 2025-10-02 at 13.20.54 (1).jpeg | Generado sistema origen: 1,false,true,
490,branch:jesus-maria,MAT-00490,2900995540681,TORNILLO COCHE/G 5/16X3,category:materiales,measure:2,0,2,2,1,20,ID producto origen: 490 | Medida origen: Pieza(s) | Imagen origen: uploads/productos/WhatsApp Image 2025-10-06 at 9.54.36 AM (1).jpeg | Generado sistema origen: 1,false,true,
491,branch:jesus-maria,MAT-00491,8590861885738,TORNILLO COCHE/G 5/16X3-1/2,category:materiales,measure:2,0,2,2,1,19,ID producto origen: 491 | Medida origen: Pieza(s) | Imagen origen: uploads/productos/WhatsApp Image 2025-10-06 at 9.54.36 AM (3).jpeg | Generado sistema origen: 1,false,true,
492,branch:jesus-maria,MAT-00492,9074265116319,TORNILLO 7/16X3-1/2(PAVONADO),category:materiales,measure:2,0,7,7,1,20,ID producto origen: 492 | Medida origen: Pieza(s) | Imagen origen: uploads/productos/WhatsApp Image 2025-10-02 at 13.21.04 (1).jpeg | Generado sistema origen: 1,false,true,
493,branch:jesus-maria,MAT-00493,8007613133783,TORNILLO COCHE/G 5/16X4,category:materiales,measure:2,0,4,4,1,20,ID producto origen: 493 | Medida origen: Pieza(s) | Imagen origen: uploads/productos/WhatsApp Image 2025-10-06 at 9.54.36 AM.jpeg | Generado sistema origen: 1,false,true,
494,branch:jesus-maria,MAT-00494,7751511794973,TORNILLO 7/16X4(PAVONADO),category:materiales,measure:2,0,7,7,1,14,ID producto origen: 494 | Medida origen: Pieza(s) | Imagen origen: uploads/productos/WhatsApp Image 2025-10-02 at 13.21.18.jpeg | Generado sistema origen: 1,false,true,
495,branch:jesus-maria,MAT-00495,0202235290786,TORNILLO COCHE 3/8X1(GALVANIZADO),category:materiales,measure:2,0,1,1,1,20,ID producto origen: 495 | Medida origen: Pieza(s) | Imagen origen: uploads/productos/WhatsApp Image 2025-10-03 at 12.30.13 (1).jpeg | Generado sistema origen: 1,false,true,
496,branch:jesus-maria,MAT-00496,3018406819154,TORNILLO 1/2X1(PAVONADO),category:materiales,measure:2,0,3,3,1,18,ID producto origen: 496 | Medida origen: Pieza(s) | Imagen origen: uploads/productos/WhatsApp Image 2025-10-02 at 15.06.28.jpeg | Generado sistema origen: 1,false,true,
497,branch:jesus-maria,MAT-00497,4362888277032,TORNILLO COCHE 3/8X1-1/4(GALVANIZADO),category:materiales,measure:2,0,2,2,1,17,ID producto origen: 497 | Medida origen: Pieza(s) | Imagen origen: uploads/productos/WhatsApp Image 2025-10-03 at 12.30.29 (1).jpeg | Generado sistema origen: 1,false,true,
498,branch:jesus-maria,MAT-00498,4695551417702,TORNILLO 1/2X1-1/4(PAVONADO),category:materiales,measure:2,0,4,4,1,20,ID producto origen: 498 | Medida origen: Pieza(s) | Imagen origen: uploads/productos/WhatsApp Image 2025-10-02 at 15.07.55 (2).jpeg | Generado sistema origen: 1,false,true,
499,branch:jesus-maria,MAT-00499,6402431578907,TORNILLO COCHE 3/8X1-1/2(GALVANIZADO),category:materiales,measure:2,0,2,2,1,20,ID producto origen: 499 | Medida origen: Pieza(s) | Imagen origen: uploads/productos/WhatsApp Image 2025-10-03 at 12.30.40 (1).jpeg | Generado sistema origen: 1,false,true,
500,branch:jesus-maria,MAT-00500,1438892435676,TORNILLO COCHE 3/8X1-3/4(GALVANIZADO),category:materiales,measure:2,0,3,3,1,20,ID producto origen: 500 | Medida origen: Pieza(s) | Imagen origen: uploads/productos/WhatsApp Image 2025-10-03 at 12.36.28 (1).jpeg | Generado sistema origen: 1,false,true,
501,branch:jesus-maria,MAT-00501,7904935877160,TORNILLO 1/2X1-1/2(PAVONADO),category:materiales,measure:2,0,5,5,1,20,ID producto origen: 501 | Medida origen: Pieza(s) | Imagen origen: uploads/productos/WhatsApp Image 2025-10-02 at 15.08.09 (1).jpeg | Generado sistema origen: 1,false,true,
502,branch:jesus-maria,MAT-00502,3033135227773,TORNILLO COCHE 3/8X2(GALVANIZADO),category:materiales,measure:2,0,3.5,3.5,1,19,ID producto origen: 502 | Medida origen: Pieza(s) | Imagen origen: uploads/productos/WhatsApp Image 2025-10-03 at 12.37.50 (1).jpeg | Generado sistema origen: 1,false,true,
503,branch:jesus-maria,MAT-00503,4121151384408,TORNILLO COCHE 3/8X2-1/2(GALVANIZADO),category:materiales,measure:2,0,2,2,1,17,ID producto origen: 503 | Medida origen: Pieza(s) | Imagen origen: uploads/productos/WhatsApp Image 2025-10-03 at 12.37.58 (1).jpeg | Generado sistema origen: 1,false,true,
504,branch:jesus-maria,MAT-00504,3855209563811,TORNILLO 1/2X2(PAVONADO),category:materiales,measure:2,0,6,6,1,16,ID producto origen: 504 | Medida origen: Pieza(s) | Imagen origen: uploads/productos/WhatsApp Image 2025-10-02 at 15.08.42 (1).jpeg | Generado sistema origen: 1,false,true,
505,branch:jesus-maria,MAT-00505,1453787698660,TORNILLO COCHE 3/8X3(GALVANIZADO),category:materiales,measure:2,0,3,3,1,20,ID producto origen: 505 | Medida origen: Pieza(s) | Imagen origen: uploads/productos/WhatsApp Image 2025-10-03 at 12.38.06.jpeg | Generado sistema origen: 1,false,true,
506,branch:jesus-maria,MAT-00506,1842313548966,TORNILLO 1/2X2-1/4(PAVONADA),category:materiales,measure:2,0,8,8,1,20,ID producto origen: 506 | Medida origen: Pieza(s) | Imagen origen: uploads/productos/WhatsApp Image 2025-10-02 at 15.08.59 (1).jpeg | Generado sistema origen: 1,false,true,
507,branch:jesus-maria,MAT-00507,1700482288895,TORNILLO COCHE 3/8X3-1/2(GALVANIZADO),category:materiales,measure:2,0,3,3,1,20,ID producto origen: 507 | Medida origen: Pieza(s) | Imagen origen: uploads/productos/WhatsApp Image 2025-10-03 at 12.38.16 (1).jpeg | Generado sistema origen: 1,false,true,
508,branch:jesus-maria,MAT-00508,3279066908460,TORNILLO 1/2X2-1/2(PAVONADO),category:materiales,measure:2,0,7,7,1,5,ID producto origen: 508 | Medida origen: Pieza(s) | Imagen origen: uploads/productos/WhatsApp Image 2025-10-02 at 15.09.49 (1).jpeg | Generado sistema origen: 1,false,true,
509,branch:jesus-maria,MAT-00509,7020042040645,TORNILLO COCHE 3/8X4(GALVANIZADO),category:materiales,measure:2,0,5,5,1,21,ID producto origen: 509 | Medida origen: Pieza(s) | Imagen origen: uploads/productos/WhatsApp Image 2025-10-03 at 12.38.27.jpeg | Generado sistema origen: 1,false,true,
510,branch:jesus-maria,MAT-00510,3335879004840,TORNILLO 1/2X3(PAVONADO),category:materiales,measure:2,7.41,9,9,1,35,ID producto origen: 510 | Medida origen: Pieza(s) | Imagen origen: uploads/productos/WhatsApp Image 2025-10-02 at 12.33.47.jpeg | Generado sistema origen: 1,false,true,
511,branch:jesus-maria,MAT-00511,1800010027122,TUERCA HEXAGONAL FLANGE 1/4,category:materiales,measure:2,0,0.5,0.5,1,10,ID producto origen: 511 | Medida origen: Pieza(s) | Imagen origen: uploads/productos/WhatsApp Image 2025-09-29 at 4.21.42 PM (1).jpeg | Generado sistema origen: 1,false,true,
512,branch:jesus-maria,MAT-00512,6069684680995,TORNILLO 1/2X3-1/2(PAVONADO),category:materiales,measure:2,8.78,10,10,1,35,ID producto origen: 512 | Medida origen: Pieza(s) | Imagen origen: uploads/productos/WhatsApp Image 2025-10-02 at 12.33.58.jpeg | Generado sistema origen: 1,false,true,
513,branch:jesus-maria,MAT-00513,5564494459881,TORNILLO 1/2X4(PAVONADO),category:materiales,measure:2,0,11,11,1,20,ID producto origen: 513 | Medida origen: Pieza(s) | Imagen origen: uploads/productos/WhatsApp Image 2025-10-02 at 12.34.08 (1).jpeg | Generado sistema origen: 1,false,true,
514,branch:jesus-maria,MAT-00514,8515085204431,TORNILLO 1/4X4-1/2(PAVONADO),category:materiales,measure:2,14.1,2,2,1,18,ID producto origen: 514 | Medida origen: Pieza(s) | Imagen origen: uploads/productos/WhatsApp Image 2025-10-02 at 13.20.14.jpeg | Generado sistema origen: 1,false,true,
515,branch:jesus-maria,MAT-00515,7856950827364,TORNILLO HEXA/VAS 1/4X5,category:materiales,measure:2,5.79,3,3,1,20,ID producto origen: 515 | Medida origen: Pieza(s) | Imagen origen: uploads/productos/WhatsApp Image 2025-10-02 at 3.13.01 PM.jpeg | Generado sistema origen: 1,false,true,
516,branch:jesus-maria,MAT-00516,7251668532836,TORNILLO 9/16X1-1/2(PAVONADO),category:materiales,measure:2,3.3,5,5,1,15,ID producto origen: 516 | Medida origen: Pieza(s) | Imagen origen: uploads/productos/WhatsApp Image 2025-10-02 at 15.10.02 (1).jpeg | Generado sistema origen: 1,false,true,
517,branch:jesus-maria,MAT-00517,5293276531421,TUERCA HEXAGONAL FLANGE 5/16,category:materiales,measure:2,0,0.5,0.5,1,49,ID producto origen: 517 | Medida origen: Pieza(s) | Imagen origen: uploads/productos/WhatsApp Image 2025-09-29 at 4.21.42 PM (2).jpeg | Generado sistema origen: 1,false,true,
518,branch:jesus-maria,MAT-00518,0600300417043,TORNILLO 9/16X1-3/4(PAVONADO),category:materiales,measure:2,0,11,11,1,14,ID producto origen: 518 | Medida origen: Pieza(s) | Imagen origen: uploads/productos/WhatsApp Image 2025-10-02 at 15.10.48 (1).jpeg | Generado sistema origen: 1,false,true,
519,branch:jesus-maria,MAT-00519,,TORNILLO HEXAGONAL CUERDA CORRIDA 12H PAVONADO 9/16X1-3/4,category:materiales,measure:2,0,0,0,1,20,ID producto origen: 519 | Medida origen: Pieza(s),false,false,
520,branch:jesus-maria,MAT-00520,3181601401766,TORNILLO 9/16X2(PAVONADO),category:materiales,measure:2,0,7,7,1,16,ID producto origen: 520 | Medida origen: Pieza(s) | Imagen origen: uploads/productos/WhatsApp Image 2025-10-02 at 15.10.58.jpeg | Generado sistema origen: 1,false,true,
521,branch:jesus-maria,MAT-00521,4875565858153,TUERCA HEXAGONAL FLANGE 5/16,category:materiales,measure:2,0,1,1,1,10,ID producto origen: 521 | Medida origen: Pieza(s) | Imagen origen: uploads/productos/WhatsApp Image 2025-09-29 at 4.21.42 PM (3).jpeg | Generado sistema origen: 1,false,true,
522,branch:jesus-maria,MAT-00522,2966670929899,TORNILLO 9/16X2-1/2(PAVONADO),category:materiales,measure:2,0,7,7,1,14,ID producto origen: 522 | Medida origen: Pieza(s) | Imagen origen: uploads/productos/WhatsApp Image 2025-10-02 at 12.34.18.jpeg | Generado sistema origen: 1,false,true,
523,branch:jesus-maria,MAT-00523,9638911433757,TUERCA HEXAGONAL FLANGE 7/16,category:materiales,measure:2,0,1,1,1,10,ID producto origen: 523 | Medida origen: Pieza(s) | Imagen origen: uploads/productos/WhatsApp Image 2025-09-29 at 4.21.42 PM (4).jpeg | Generado sistema origen: 1,false,true,
524,branch:jesus-maria,MAT-00524,8883943252413,TUERCA HEXAGONAL FLANGE 1/2,category:materiales,measure:2,0,2,2,1,10,ID producto origen: 524 | Medida origen: Pieza(s) | Imagen origen: uploads/productos/WhatsApp Image 2025-09-29 at 4.21.42 PM (5).jpeg | Generado sistema origen: 1,false,true,
525,branch:jesus-maria,MAT-00525,3080182022523,TORNILLO PHILLIPS 6X12,category:materiales,measure:2,0.69,1,1,1,68,ID producto origen: 525 | Medida origen: Pieza(s) | Imagen origen: uploads/productos/WhatsApp Image 2025-10-01 at 11.36.42 AM (3).jpeg | Generado sistema origen: 1,false,true,
526,branch:jesus-maria,MAT-00526,8400282640925,TORNILLO PHILLIPS 6X16,category:materiales,measure:2,0,1,1,1,16,ID producto origen: 526 | Medida origen: Pieza(s) | Imagen origen: uploads/productos/WhatsApp Image 2025-10-01 at 11.36.42 AM (2).jpeg | Generado sistema origen: 1,false,true,
527,branch:jesus-maria,MAT-00527,1063287159198,TORNILLO PHILLIPS 6X20,category:materiales,measure:2,4.72,1,1,1,19,ID producto origen: 527 | Medida origen: Pieza(s) | Imagen origen: uploads/productos/WhatsApp Image 2025-10-01 at 11.36.42 AM (1).jpeg | Generado sistema origen: 1,false,true,
528,branch:jesus-maria,MAT-00528,6790313646456,TORNILLO PHILLIPS 6X25,category:materiales,measure:2,0,2,2,1,21,ID producto origen: 528 | Medida origen: Pieza(s) | Imagen origen: uploads/productos/WhatsApp Image 2025-10-01 at 11.36.42 AM.jpeg | Generado sistema origen: 1,false,true,
529,branch:jesus-maria,MAT-00529,3082194291799,TORNILLO PHILLIPS 6X30,category:materiales,measure:2,0,1,1,1,18,ID producto origen: 529 | Medida origen: Pieza(s) | Imagen origen: uploads/productos/WhatsApp Image 2025-09-30 at 4.32.30 PM (3).jpeg | Generado sistema origen: 1,false,true,
530,branch:jesus-maria,MAT-00530,5761690388773,TORNILLO PHILLIPS8X16,category:materiales,measure:2,0,1.5,1.5,1,20,ID producto origen: 530 | Medida origen: Pieza(s) | Imagen origen: uploads/productos/WhatsApp Image 2025-09-30 at 4.32.30 PM (2).jpeg | Generado sistema origen: 1,false,true,
531,branch:jesus-maria,MAT-00531,6955785877764,TORNILLO PHILLIPS 8X20,category:materiales,measure:2,0,2,2,1,29,ID producto origen: 531 | Medida origen: Pieza(s) | Imagen origen: uploads/productos/WhatsApp Image 2025-09-30 at 4.32.30 PM (1).jpeg | Generado sistema origen: 1,false,true,
532,branch:jesus-maria,MAT-00532,3962419808844,TORNILLO PHILLIPS 8X25,category:materiales,measure:2,0,2,2,1,16,ID producto origen: 532 | Medida origen: Pieza(s) | Imagen origen: uploads/productos/WhatsApp Image 2025-09-30 at 4.32.30 PM.jpeg | Generado sistema origen: 1,false,true,
533,branch:jesus-maria,MAT-00533,5140358738097,TORNILLO PHILLIPS 8X30,category:materiales,measure:2,0,2,2,1,21,ID producto origen: 533 | Medida origen: Pieza(s) | Imagen origen: uploads/productos/WhatsApp Image 2025-09-30 at 4.32.29 PM.jpeg | Generado sistema origen: 1,false,true,
534,branch:jesus-maria,MAT-00534,8844734409836,PIJA PUNTA D/BROCA 8X1/2,category:materiales,measure:2,0,0.5,0.5,1,40,ID producto origen: 534 | Medida origen: Pieza(s) | Imagen origen: uploads/productos/WhatsApp Image 2025-10-01 at 4.27.22 PM.jpeg | Generado sistema origen: 1,false,true,
535,branch:jesus-maria,MAT-00535,6467933158408,PIJA PUNTA D/BROCA 8X3/4,category:materiales,measure:2,0,0.5,0.5,1,48,ID producto origen: 535 | Medida origen: Pieza(s) | Imagen origen: uploads/productos/WhatsApp Image 2025-10-01 at 4.27.21 PM (3).jpeg | Generado sistema origen: 1,false,true,
536,branch:jesus-maria,MAT-00536,5842324246154,PIJA PUNTA D/BROCA 8X1,category:materiales,measure:2,0,0.5,0.5,1,100,ID producto origen: 536 | Medida origen: Pieza(s) | Imagen origen: uploads/productos/WhatsApp Image 2025-10-01 at 4.27.21 PM (2).jpeg | Generado sistema origen: 1,false,true,
537,branch:jesus-maria,MAT-00537,4299680267469,PIJA HEXAGONAL 1/4X3/4,category:materiales,measure:2,0,0.5,0.5,1,86,ID producto origen: 537 | Medida origen: Pieza(s) | Imagen origen: uploads/productos/WhatsApp Image 2025-10-01 at 4.27.21 PM (1).jpeg | Generado sistema origen: 1,false,true,
538,branch:jesus-maria,MAT-00538,2462914262062,PIJA HEXAGONAL 1/4X1,category:materiales,measure:2,0,0.5,0.5,1,100,ID producto origen: 538 | Medida origen: Pieza(s) | Imagen origen: uploads/productos/WhatsApp Image 2025-10-01 at 4.27.21 PM_2063.jpeg | Generado sistema origen: 1,false,true,
539,branch:jesus-maria,MAT-00539,5281407618745,PIJA HEXAGONAL 1/4X1-1/2,category:materiales,measure:2,0,1,1,1,60,ID producto origen: 539 | Medida origen: Pieza(s) | Imagen origen: uploads/productos/WhatsApp Image 2025-10-01 at 4.27.21 PM.jpeg | Generado sistema origen: 1,false,true,
540,branch:jesus-maria,MAT-00540,7503000542141,SELLADOR PGALO 18K,category:materiales,measure:2,721.14,865,865,1,2,ID producto origen: 540 | Medida origen: Pieza(s),false,true,
541,branch:jesus-maria,MAT-00541,7503000542158,SELLADOR PGALO 4 LITS,category:materiales,measure:2,189.09,225,225,1,0,ID producto origen: 541 | Medida origen: Pieza(s),false,true,
542,branch:jesus-maria,MAT-00542,,SONOTUBO 15 (CARTON),category:materiales,measure:2,148,175,175,1,5,ID producto origen: 542 | Medida origen: Pieza(s),false,true,
543,branch:jesus-maria,MAT-00543,,SONOTUBO 20 (CARTON),category:materiales,measure:2,183.36,219,219,1,3,ID producto origen: 543 | Medida origen: Pieza(s),false,true,
544,branch:jesus-maria,MAT-00544,,SONOTUBO 25 (CARTON),category:materiales,measure:2,269.6,323,323,1,4,ID producto origen: 544 | Medida origen: Pieza(s),false,true,
545,branch:jesus-maria,MAT-00545,,SONOTUBO 30 (CARTON),category:materiales,measure:2,308.77,366,366,1,0,ID producto origen: 545 | Medida origen: Pieza(s),false,true,
546,branch:jesus-maria,MAT-00546,4618618717324,EMPAQUE AZUL P/MANGUERA,category:materiales,measure:2,0.42,1,1,1,91,ID producto origen: 546 | Medida origen: Pieza(s) | Imagen origen: uploads/productos/WhatsApp Image 2025-09-27 at 09.30.13.jpeg | Generado sistema origen: 1,false,true,
547,branch:jesus-maria,MAT-00547,6016897908019,ACIDO MURIATICO,category:materiales,measure:2,25.12,30,30,1,7,ID producto origen: 547 | Medida origen: Pieza(s) | Imagen origen: uploads/productos/WhatsApp Image 2025-09-25 at 11.41.50.jpeg | Generado sistema origen: 1,false,true,
548,branch:jesus-maria,MAT-00548,,BARRA 1X1 ACERO,category:materiales,measure:2,234,280,280,1,0,ID producto origen: 548 | Medida origen: Pieza(s),false,true,
549,branch:jesus-maria,MAT-00549,8539189962820,CAZANGA CHICA,category:materiales,measure:2,96,115,115,1,3,ID producto origen: 549 | Medida origen: Pieza(s) | Imagen origen: uploads/productos/WhatsApp Image 2025-09-25 at 12.00.28.jpeg | Generado sistema origen: 1,false,true,
550,branch:jesus-maria,MAT-00550,0553404496806,CAZANGA GRANDE,category:materiales,measure:2,108,130,130,1,3,ID producto origen: 550 | Medida origen: Pieza(s) | Imagen origen: uploads/productos/WhatsApp Image 2025-09-25 at 12.00.23.jpeg | Generado sistema origen: 1,false,true,
551,branch:jesus-maria,MAT-00551,2250560125929,CINCEL PUNTA ANCHA,category:materiales,measure:2,59.34,72,72,1,1,ID producto origen: 551 | Medida origen: Pieza(s) | Imagen origen: uploads/productos/WhatsApp Image 2025-09-25 at 12.08.07.jpeg | Generado sistema origen: 1,false,true,
552,branch:jesus-maria,MAT-00552,1052412032291,PIJA HEXAGONAL 1/4X2,category:materiales,measure:2,0,1,1,1,100,ID producto origen: 552 | Medida origen: Pieza(s) | Imagen origen: uploads/productos/WhatsApp Image 2025-10-01 at 4.27.20 PM (1).jpeg | Generado sistema origen: 1,false,true,
553,branch:jesus-maria,MAT-00553,4158985011729,CINCEL PUNTA PICUDA,category:materiales,measure:2,45.54,55,55,1,1,ID producto origen: 553 | Medida origen: Pieza(s) | Imagen origen: uploads/productos/WhatsApp Image 2025-09-25 at 11.48.41.jpeg | Generado sistema origen: 1,false,true,
554,branch:jesus-maria,MAT-00554,,COA CHICA,category:materiales,measure:2,69,82,82,1,2,ID producto origen: 554 | Medida origen: Pieza(s),false,true,
555,branch:jesus-maria,MAT-00555,,COA GRANDE,category:materiales,measure:2,75.9,91,91,1,2,ID producto origen: 555 | Medida origen: Pieza(s),false,true,
556,branch:jesus-maria,MAT-00556,7502222827869,ESTOPA 1 KG,category:materiales,measure:1,59.44,70,70,1,4,ID producto origen: 556 | Medida origen: Kilo(s),true,true,
557,branch:jesus-maria,MAT-00557,7502222827852,ESTOPA 1/2KG,category:materiales,measure:2,31.25,37,37,1,9,ID producto origen: 557 | Medida origen: Pieza(s),false,true,
558,branch:jesus-maria,MAT-00558,3318453947283,PIJA PUNTA BROCA 1/4X1,category:materiales,measure:2,0.8,1,1,1,250,ID producto origen: 558 | Medida origen: Pieza(s) | Imagen origen: uploads/productos/WhatsApp Image 2025-10-01 at 14.45.15.jpeg | Generado sistema origen: 1,false,true,
559,branch:jesus-maria,MAT-00559,,TORNILLO HEXAGONAL CUERDA CORRIDA 12H PAVONAD0O 9/16X3,category:materiales,measure:2,0,10,10,1,15,ID producto origen: 559 | Medida origen: Pieza(s),false,true,
560,branch:jesus-maria,MAT-00560,3049491467272,TORNILLO 9/16X3(PAVONADO),category:materiales,measure:2,0,10,10,1,13,ID producto origen: 560 | Medida origen: Pieza(s) | Imagen origen: uploads/productos/WhatsApp Image 2025-10-02 at 12.34.29 (1).jpeg | Generado sistema origen: 1,false,true,
561,branch:jesus-maria,MAT-00561,2815674045527,TORNILLO 9/16X3-1/2(PAVONADO),category:materiales,measure:2,0,11,11,1,15,ID producto origen: 561 | Medida origen: Pieza(s) | Imagen origen: uploads/productos/WhatsApp Image 2025-10-02 at 12.34.40.jpeg | Generado sistema origen: 1,false,true,
562,branch:jesus-maria,MAT-00562,5741447841447,TORNILLO 9/16X4(PAVONADO),category:materiales,measure:2,0,11,11,1,15,ID producto origen: 562 | Medida origen: Pieza(s) | Imagen origen: uploads/productos/WhatsApp Image 2025-10-02 at 12.34.51.jpeg | Generado sistema origen: 1,false,true,
563,branch:jesus-maria,MAT-00563,9872479834650,TORNILLO 9/16X4-1/2(PAVONADO),category:materiales,measure:2,0,14,15,1,14,ID producto origen: 563 | Medida origen: Pieza(s) | Imagen origen: uploads/productos/WhatsApp Image 2025-10-02 at 12.35.02.jpeg | Generado sistema origen: 1,false,true,
564,branch:jesus-maria,MAT-00564,0157738308622,TORNILLO 9/16X5(PAVONADO),category:materiales,measure:2,0,17,18,1,11,ID producto origen: 564 | Medida origen: Pieza(s) | Imagen origen: uploads/productos/WhatsApp Image 2025-10-02 at 12.35.10.jpeg | Generado sistema origen: 1,false,true,
565,branch:jesus-maria,MAT-00565,1454961314161,TORNILLO 5/8X1-1/2(PAVONADO),category:materiales,measure:2,0,9,9,1,14,ID producto origen: 565 | Medida origen: Pieza(s) | Imagen origen: uploads/productos/WhatsApp Image 2025-10-03 at 12.38.35.jpeg | Generado sistema origen: 1,false,true,
566,branch:jesus-maria,MAT-00566,4540194116157,TORNILLO 5/8X2(PAVONADO),category:materiales,measure:2,0,9,9,1,7,ID producto origen: 566 | Medida origen: Pieza(s) | Imagen origen: uploads/productos/WhatsApp Image 2025-10-03 at 12.38.47.jpeg | Generado sistema origen: 1,false,true,
567,branch:jesus-maria,MAT-00567,2518481922059,PIJA PUNTA BROCA 1/4X1-1/4,category:materiales,measure:2,0.86,1,1,1,6,ID producto origen: 567 | Medida origen: Pieza(s) | Imagen origen: uploads/productos/WhatsApp Image 2025-10-01 at 14.45.28.jpeg | Generado sistema origen: 1,false,true,
568,branch:jesus-maria,MAT-00568,,TORNILLO G5 11H 3/8x3 1/2,category:materiales,measure:2,0,12,12,1,15,ID producto origen: 568 | Medida origen: Pieza(s),false,true,
569,branch:jesus-maria,MAT-00569,1791574222750,TORNILLO 5/8X2-1/2(PAVONADO),category:materiales,measure:2,0,11.5,11.5,1,11,ID producto origen: 569 | Medida origen: Pieza(s) | Imagen origen: uploads/productos/WhatsApp Image 2025-10-02 at 09.57.22.jpeg | Generado sistema origen: 1,false,true,
570,branch:jesus-maria,MAT-00570,4337857926600,PIJA PUNTA BROCA 1/4X1-1/2,category:materiales,measure:2,0,1,1,1,50,ID producto origen: 570 | Medida origen: Pieza(s) | Imagen origen: uploads/productos/WhatsApp Image 2025-10-01 at 14.45.38.jpeg | Generado sistema origen: 1,false,true,
571,branch:jesus-maria,MAT-00571,,TORNILLO G5 5/8 x 4 1/2,category:materiales,measure:2,0,15,15,1,15,ID producto origen: 571 | Medida origen: Pieza(s),false,true,
572,branch:jesus-maria,MAT-00572,6445416955355,DADO MAGNETICO 3/8X1-3/4,category:materiales,measure:2,0,9.5,9.5,1,99,ID producto origen: 572 | Medida origen: Pieza(s) | Imagen origen: uploads/productos/WhatsApp Image 2025-10-02 at 13.19.55 (1).jpeg | Generado sistema origen: 1,false,true,
573,branch:jesus-maria,MAT-00573,6667229146595,"RONDANA D/PRESION 9/16""(PAVONADA)",category:materiales,measure:2,0,1,1,1,22,ID producto origen: 573 | Medida origen: Pieza(s) | Imagen origen: uploads/productos/WhatsApp Image 2025-09-29 at 16.19.34.jpeg | Generado sistema origen: 1,false,true,
574,branch:jesus-maria,MAT-00574,4158613878717,PUNTA PHILLIPS 2X2,category:materiales,measure:2,0,4,4,1,5,ID producto origen: 574 | Medida origen: Pieza(s) | Imagen origen: uploads/productos/WhatsApp Image 2025-09-30 at 9.37.49 AM (6).jpeg | Generado sistema origen: 1,false,true,
575,branch:jesus-maria,MAT-00575,8176467116836,TORNILLO 5/8X7(PAVONADO),category:materiales,measure:2,0,22,23,1,5,ID producto origen: 575 | Medida origen: Pieza(s) | Imagen origen: uploads/productos/WhatsApp Image 2025-10-02 at 10.00.04.jpeg | Generado sistema origen: 1,false,false,
576,branch:jesus-maria,MAT-00576,6765576187404,TORNILLO 5/8X8(PAVONADO),category:materiales,measure:2,0,27,28,1,5,ID producto origen: 576 | Medida origen: Pieza(s) | Imagen origen: uploads/productos/WhatsApp Image 2025-10-02 at 10.00.15.jpeg | Generado sistema origen: 1,false,true,
577,branch:jesus-maria,MAT-00577,4343694299869,TORNILLO 3/4X2(PAVONADO),category:materiales,measure:2,0,12,13,1,5,ID producto origen: 577 | Medida origen: Pieza(s) | Imagen origen: uploads/productos/WhatsApp Image 2025-10-02 at 09.23.57.jpeg | Generado sistema origen: 1,false,true,
578,branch:jesus-maria,MAT-00578,3120291829085,TORNILLO 3/4X2-1/2(PAVONADO),category:materiales,measure:2,16.02,19,19,1,13,ID producto origen: 578 | Medida origen: Pieza(s) | Imagen origen: uploads/productos/WhatsApp Image 2025-10-02 at 09.24.08.jpeg | Generado sistema origen: 1,false,true,
579,branch:jesus-maria,MAT-00579,1542345749231,TORNILLO 3/4X3-1/2(PAVONADO),category:materiales,measure:2,0,22,23,1,3,ID producto origen: 579 | Medida origen: Pieza(s) | Imagen origen: uploads/productos/WhatsApp Image 2025-10-02 at 09.24.40.jpeg | Generado sistema origen: 1,false,true,
580,branch:jesus-maria,MAT-00580,7503454974130,TORNILLO 5/8X4-1/2(PAVONADO),category:materiales,measure:2,0,16,17,1,14,ID producto origen: 580 | Medida origen: Pieza(s) | Imagen origen: uploads/productos/WhatsApp Image 2025-10-02 at 09.58.16.jpeg | Generado sistema origen: 1,false,true,
581,branch:jesus-maria,MAT-00581,4484618303078,TORNILLO 3/4X4(PAVONADO),category:materiales,measure:2,0,24,25,1,5,ID producto origen: 581 | Medida origen: Pieza(s) | Imagen origen: uploads/productos/WhatsApp Image 2025-10-02 at 09.24.52 (1).jpeg | Generado sistema origen: 1,false,true,
582,branch:jesus-maria,MAT-00582,3326338215297,TORNILLO 5/8X5(PAVONADO),category:materiales,measure:2,0,20,21,1,15,ID producto origen: 582 | Medida origen: Pieza(s) | Imagen origen: uploads/productos/WhatsApp Image 2025-10-02 at 09.58.29.jpeg | Generado sistema origen: 1,false,true,
583,branch:jesus-maria,MAT-00583,3551300109902,TORNILLO 5/8X5-1/2(PAVONADO),category:materiales,measure:2,0,19,20,1,15,ID producto origen: 583 | Medida origen: Pieza(s) | Imagen origen: uploads/productos/WhatsApp Image 2025-10-02 at 09.58.41.jpeg | Generado sistema origen: 1,false,true,
584,branch:jesus-maria,MAT-00584,6166318628504,TORNILLO 3/4X4-1/2(PAVONADO),category:materiales,measure:2,25.64,30,30,1,13,ID producto origen: 584 | Medida origen: Pieza(s) | Imagen origen: uploads/productos/WhatsApp Image 2025-10-02 at 09.25.04 (1).jpeg | Generado sistema origen: 1,false,true,
585,branch:jesus-maria,MAT-00585,3137982480876,TORNILLO 5/8X6(PAVONADO),category:materiales,measure:2,0,24,25,1,14,ID producto origen: 585 | Medida origen: Pieza(s) | Imagen origen: uploads/productos/WhatsApp Image 2025-10-02 at 09.58.56 (1).jpeg | Generado sistema origen: 1,false,true,
586,branch:jesus-maria,MAT-00586,5803890325780,TORNILLO 3/4X5(PAVONADO),category:materiales,measure:2,0,30,31,1,5,ID producto origen: 586 | Medida origen: Pieza(s) | Imagen origen: uploads/productos/WhatsApp Image 2025-10-02 at 09.25.26.jpeg | Generado sistema origen: 1,false,true,
587,branch:jesus-maria,MAT-00587,9952985741953,"TUERCA HEXAGONAL 1/4""(PAVONADO)",category:materiales,measure:2,0,0.5,0.56,1,17,ID producto origen: 587 | Medida origen: Pieza(s) | Imagen origen: uploads/productos/WhatsApp Image 2025-09-29 at 15.22.22.jpeg | Generado sistema origen: 1,false,true,
588,branch:jesus-maria,MAT-00588,4977773435864,TORNILLO 3/4X5-1/2(PAVONADO),category:materiales,measure:2,0,33,34,1,5,ID producto origen: 588 | Medida origen: Pieza(s) | Imagen origen: uploads/productos/WhatsApp Image 2025-10-02 at 09.25.38 (1).jpeg | Generado sistema origen: 1,false,true,
589,branch:jesus-maria,MAT-00589,6127817021623,TUERCA HEXAGONAL 5/16,category:materiales,measure:2,0,0.5,0.5,1,21,ID producto origen: 589 | Medida origen: Pieza(s) | Imagen origen: uploads/productos/WhatsApp Image 2025-09-29 at 15.22.34.jpeg | Generado sistema origen: 1,false,true,
590,branch:jesus-maria,MAT-00590,4162488844531,TORNILLO 3/4X6(PAVONADO),category:materiales,measure:2,0,33,34,1,5,ID producto origen: 590 | Medida origen: Pieza(s) | Imagen origen: uploads/productos/WhatsApp Image 2025-10-02 at 09.26.27.jpeg | Generado sistema origen: 1,false,true,
591,branch:jesus-maria,MAT-00591,3062614942296,TORNILLO 3/4X6-1/2(PAVONADO),category:materiales,measure:2,0,34,35,1,5,ID producto origen: 591 | Medida origen: Pieza(s) | Imagen origen: uploads/productos/WhatsApp Image 2025-10-02 at 09.26.39 (1).jpeg | Generado sistema origen: 1,false,true,
592,branch:jesus-maria,MAT-00592,3720276368815,TUERCA HEXAGONAL 3/8,category:materiales,measure:2,0.51,1,1,1,57,ID producto origen: 592 | Medida origen: Pieza(s) | Imagen origen: uploads/productos/WhatsApp Image 2025-09-29 at 15.22.49.jpeg | Generado sistema origen: 1,false,true,
593,branch:jesus-maria,MAT-00593,9725965830264,TORNILLO 3/4X7(PAVONADO),category:materiales,measure:2,0,41,42,1,5,ID producto origen: 593 | Medida origen: Pieza(s) | Imagen origen: uploads/productos/WhatsApp Image 2025-10-02 at 09.26.59.jpeg | Generado sistema origen: 1,false,true,
594,branch:jesus-maria,MAT-00594,,VARILLA 1/2,category:materiales,measure:2,223.53,275,275,84,306,ID producto origen: 594 | Medida origen: Pieza(s),false,true,
595,branch:jesus-maria,MAT-00595,6054069996921,TUERCA HEXAGONAL 7/16,category:materiales,measure:2,0,1,1,1,15,ID producto origen: 595 | Medida origen: Pieza(s) | Imagen origen: uploads/productos/WhatsApp Image 2025-09-29 at 15.23.01.jpeg | Generado sistema origen: 1,false,true,
596,branch:jesus-maria,MAT-00596,,VARILLA 3/8,category:materiales,measure:2,19604,155,155,150,1080,ID producto origen: 596 | Medida origen: Pieza(s),false,true,
597,branch:jesus-maria,MAT-00597,9148291929974,"TUERCA HEXAGONAL 1/2""(PAVONADO)",category:materiales,measure:2,0,1.5,1.5,1,18,ID producto origen: 597 | Medida origen: Pieza(s) | Imagen origen: uploads/productos/WhatsApp Image 2025-09-29 at 15.23.17.jpeg | Generado sistema origen: 1,false,true,
598,branch:jesus-maria,MAT-00598,3376833018817,TORNILLO 3/4X8(PAVONADO),category:materiales,measure:2,0,46,47,1,5,ID producto origen: 598 | Medida origen: Pieza(s) | Imagen origen: uploads/productos/WhatsApp Image 2025-10-02 at 09.27.21.jpeg | Generado sistema origen: 1,false,true,
599,branch:jesus-maria,MAT-00599,2444005423675,TUERCA HEXAGONAL 9/16,category:materiales,measure:2,0,2,2,1,15,ID producto origen: 599 | Medida origen: Pieza(s) | Imagen origen: uploads/productos/WhatsApp Image 2025-09-29 at 15.23.29 (1).jpeg | Generado sistema origen: 1,false,true,
600,branch:jesus-maria,MAT-00600,6105305553511,TUERCA HEXAGONAL 5/8,category:materiales,measure:2,0,2.5,2.5,1,13,ID producto origen: 600 | Medida origen: Pieza(s) | Imagen origen: uploads/productos/WhatsApp Image 2025-09-29 at 15.23.41 (1).jpeg | Generado sistema origen: 1,false,true,
601,branch:jesus-maria,MAT-00601,5460956967447,"TUERCA HEXAGONAL 3/4""(PAVONADO)",category:materiales,measure:2,0,4,4,1,18,ID producto origen: 601 | Medida origen: Pieza(s) | Imagen origen: uploads/productos/WhatsApp Image 2025-09-29 at 15.23.57.jpeg | Generado sistema origen: 1,false,true,
602,branch:jesus-maria,MAT-00602,7141321472961,TUERCA SEGURIDA 1/4 GALVANIZADA,category:materiales,measure:2,0.28,1,1,1,104,ID producto origen: 602 | Medida origen: Pieza(s) | Imagen origen: uploads/productos/WhatsApp Image 2025-09-29 at 3.24.48 PM.jpeg | Generado sistema origen: 1,false,true,
603,branch:jesus-maria,MAT-00603,8751538449626,TUERCA SEGURIDAD 5/16 GALVANIZADA,category:materiales,measure:2,0,0.5,0.5,1,4,ID producto origen: 603 | Medida origen: Pieza(s) | Imagen origen: uploads/productos/WhatsApp Image 2025-09-29 at 3.25.15 PM.jpeg | Generado sistema origen: 1,false,true,
604,branch:jesus-maria,MAT-00604,6752824255961,TUERCA SEGURIDAD 3/8 GALVANIZADA,category:materiales,measure:2,0.02,1,1,1,66,ID producto origen: 604 | Medida origen: Pieza(s) | Imagen origen: uploads/productos/WhatsApp Image 2025-09-29 at 3.25.36 PM.jpeg | Generado sistema origen: 1,false,true,
605,branch:jesus-maria,MAT-00605,7060816965958,TUERCA SEGURIDAD 7/16 GALVANIZADA,category:materiales,measure:2,0,1,1,1,13,ID producto origen: 605 | Medida origen: Pieza(s) | Imagen origen: uploads/productos/WhatsApp Image 2025-09-29 at 3.25.48 PM.jpeg | Generado sistema origen: 1,false,true,
606,branch:jesus-maria,MAT-00606,7345674571429,TUERCA SEGURIDAIZADA D 1/2 GALVAN,category:materiales,measure:2,0.62,2,2,1,112,ID producto origen: 606 | Medida origen: Pieza(s) | Imagen origen: uploads/productos/WhatsApp Image 2025-09-29 at 3.26.28 PM.jpeg | Generado sistema origen: 1,false,true,
607,branch:jesus-maria,MAT-00607,4540860092983,TUERCA SEGURIDAD 9/16 GALVANIZADA,category:materiales,measure:2,0,3,3,1,20,ID producto origen: 607 | Medida origen: Pieza(s) | Imagen origen: uploads/productos/WhatsApp Image 2025-09-29 at 3.26.39 PM.jpeg | Generado sistema origen: 1,false,true,
608,branch:jesus-maria,MAT-00608,5791420939838,TUERCA SEGURIDAD 5/8 GALVANIZADA,category:materiales,measure:2,0,4,4,1,10,ID producto origen: 608 | Medida origen: Pieza(s) | Imagen origen: uploads/productos/WhatsApp Image 2025-09-29 at 3.26.54 PM.jpeg | Generado sistema origen: 1,false,true,
609,branch:jesus-maria,MAT-00609,3414189986340,TUERCA SEGURIDAD 3/4 GALVANIZADA,category:materiales,measure:2,0,5,5,1,20,ID producto origen: 609 | Medida origen: Pieza(s) | Imagen origen: uploads/productos/WhatsApp Image 2025-09-29 at 3.27.08 PM.jpeg | Generado sistema origen: 1,false,true,
610,branch:jesus-maria,MAT-00610,4537709507838,RONDANA PLANA 1/4,category:materiales,measure:2,0.56,1.5,1.5,1,149,ID producto origen: 610 | Medida origen: Pieza(s) | Imagen origen: uploads/productos/WhatsApp Image 2025-09-30 at 7.36.09 AM.jpeg | Generado sistema origen: 1,false,true,
611,branch:jesus-maria,MAT-00611,,RONDANA PLANA GALVANIZADA 5/16,category:materiales,measure:2,0,0,0,1,30,ID producto origen: 611 | Medida origen: Pieza(s),false,false,
612,branch:jesus-maria,MAT-00612,2089801955656,RONDANA PLANA 5/16,category:materiales,measure:2,0.54,1,1,1,167,ID producto origen: 612 | Medida origen: Pieza(s) | Imagen origen: uploads/productos/WhatsApp Image 2025-09-30 at 7.36.09 AM (1).jpeg | Generado sistema origen: 1,false,true,
613,branch:jesus-maria,MAT-00613,1814193245525,RONDANA PLANA 3/8,category:materiales,measure:2,0.54,1,1,1,104,ID producto origen: 613 | Medida origen: Pieza(s) | Imagen origen: uploads/productos/WhatsApp Image 2025-09-30 at 7.36.10 AM.jpeg | Generado sistema origen: 1,false,true,
614,branch:jesus-maria,MAT-00614,4095801704147,RONDANA PLANA 7/16,category:materiales,measure:2,0.8,1,1,1,111,ID producto origen: 614 | Medida origen: Pieza(s) | Imagen origen: uploads/productos/WhatsApp Image 2025-09-30 at 7.36.10 AM (1).jpeg | Generado sistema origen: 1,false,true,
615,branch:jesus-maria,MAT-00615,9867510192868,RONDANA PLANA 1/2,category:materiales,measure:2,0.9,1,1,1,107,ID producto origen: 615 | Medida origen: Pieza(s) | Imagen origen: uploads/productos/WhatsApp Image 2025-09-30 at 7.36.10 AM (2).jpeg | Generado sistema origen: 1,false,true,
616,branch:jesus-maria,MAT-00616,3192137172792,RONDANA PLANA 9/16,category:materiales,measure:2,0,1.5,1.5,1,29,ID producto origen: 616 | Medida origen: Pieza(s) | Imagen origen: uploads/productos/WhatsApp Image 2025-09-30 at 7.36.10 AM (3).jpeg | Generado sistema origen: 1,false,true,
617,branch:jesus-maria,MAT-00617,9169360911546,RONDANA PLANA 5/8,category:materiales,measure:2,1.98,2,2,1,48,ID producto origen: 617 | Medida origen: Pieza(s) | Imagen origen: uploads/productos/WhatsApp Image 2025-09-30 at 7.36.10 AM (4).jpeg | Generado sistema origen: 1,false,true,
618,branch:jesus-maria,MAT-00618,7604665831608,"RONDANA D/PRESION 1/4""(PAVONADA)",category:materiales,measure:2,0,0.5,0.5,1,16,ID producto origen: 618 | Medida origen: Pieza(s) | Imagen origen: uploads/productos/WhatsApp Image 2025-09-29 at 16.18.10.jpeg | Generado sistema origen: 1,false,true,
619,branch:jesus-maria,MAT-00619,4968290957298,"RONDANA D/PRESION 5/16""(PAVONADA)",category:materiales,measure:2,0,0.5,0.5,1,28,ID producto origen: 619 | Medida origen: Pieza(s) | Imagen origen: uploads/productos/WhatsApp Image 2025-09-29 at 16.18.29.jpeg | Generado sistema origen: 1,false,true,
620,branch:jesus-maria,MAT-00620,9393254137952,RONDANA D/PRESION 5/8,category:materiales,measure:2,0,1,1,1,25,ID producto origen: 620 | Medida origen: Pieza(s) | Imagen origen: uploads/productos/WhatsApp Image 2025-09-29 at 16.19.51.jpeg | Generado sistema origen: 1,false,true,
621,branch:jesus-maria,MAT-00621,6857328041536,RONDANA D/PRESION 3/8,category:materiales,measure:2,0,0.5,0.5,1,15,ID producto origen: 621 | Medida origen: Pieza(s) | Imagen origen: uploads/productos/WhatsApp Image 2025-09-29 at 16.18.47.jpeg | Generado sistema origen: 1,false,true,
622,branch:jesus-maria,MAT-00622,4693976837150,GRASERA MILIMETRICA RECTA 6X1,category:materiales,measure:2,0,1.5,1.5,1,20,ID producto origen: 622 | Medida origen: Pieza(s) | Imagen origen: uploads/productos/WhatsApp Image 2025-09-30 at 9.37.50 AM.jpeg | Generado sistema origen: 1,false,true,
623,branch:jesus-maria,MAT-00623,0631523143099,RONDANA D/PRESION 7/16,category:materiales,measure:2,0,0.5,0.5,1,22,ID producto origen: 623 | Medida origen: Pieza(s) | Imagen origen: uploads/productos/WhatsApp Image 2025-09-29 at 16.19.02.jpeg | Generado sistema origen: 1,false,true,
624,branch:jesus-maria,MAT-00624,5078460336880,RONDANA D/PRESION 1/2,category:materiales,measure:2,0,0.5,0.5,1,20,ID producto origen: 624 | Medida origen: Pieza(s) | Imagen origen: uploads/productos/WhatsApp Image 2025-09-29 at 16.19.19.jpeg | Generado sistema origen: 1,false,true,
625,branch:jesus-maria,MAT-00625,,VARILLA ROSCADA 1/4,category:materiales,measure:2,0,13,14,1,2,ID producto origen: 625 | Medida origen: Pieza(s),false,true,
626,branch:jesus-maria,MAT-00626,,VARILLA ROSCADA 5/16,category:materiales,measure:2,0,20,20.5,1,2,ID producto origen: 626 | Medida origen: Pieza(s),false,true,
627,branch:jesus-maria,MAT-00627,5823673134712,TORNILLO HEXAGONAL 6X16 (PAVONADO),category:materiales,measure:2,0,0.5,0.5,20,20,ID producto origen: 627 | Medida origen: Pieza(s) | Imagen origen: uploads/productos/WhatsApp Image 2025-10-01 at 08.29.00 (1).jpeg | Generado sistema origen: 1,false,true,
628,branch:jesus-maria,MAT-00628,7879036346672,TORNILLO HEXAGONAL 6X12 (PAVONADO),category:materiales,measure:2,0,0.5,0.5,1,20,ID producto origen: 628 | Medida origen: Pieza(s) | Imagen origen: uploads/productos/WhatsApp Image 2025-10-01 at 08.28.50 (2).jpeg | Generado sistema origen: 1,false,true,
629,branch:jesus-maria,MAT-00629,,VARILLA ROSCADA 3/8,category:materiales,measure:2,0,22,23,1,1,ID producto origen: 629 | Medida origen: Pieza(s),false,true,
630,branch:jesus-maria,MAT-00630,,VARILLA ROSCADA 5/8,category:materiales,measure:2,0,98,97,1,2,ID producto origen: 630 | Medida origen: Pieza(s),false,true,
631,branch:jesus-maria,MAT-00631,,VARILLA ROSCADA 7/16,category:materiales,measure:2,0,42,43,1,2,ID producto origen: 631 | Medida origen: Pieza(s),false,true,
632,branch:jesus-maria,MAT-00632,,VARILLA ROSCADA 1/2,category:materiales,measure:2,0,41,42,1,2,ID producto origen: 632 | Medida origen: Pieza(s),false,true,
633,branch:jesus-maria,MAT-00633,,TUBO SANITARIO NORMA 4 P 100 MM,category:materiales,measure:2,239.67,322,322,1,18,ID producto origen: 633 | Medida origen: Pieza(s),false,true,
634,branch:jesus-maria,MAT-00634,1473498259875,CODO GALVANIZADO 1/2P X 90,category:materiales,measure:2,5.16,8,9,1,24,ID producto origen: 634 | Medida origen: Pieza(s) | Imagen origen: uploads/productos/WhatsApp Image 2025-09-27 at 8.56.52 AM.jpeg | Generado sistema origen: 1,false,true,
635,branch:jesus-maria,MAT-00635,9594868761544,TEE GALVANIZADA 1/2P,category:materiales,measure:2,0,13,13.5,1,4,ID producto origen: 635 | Medida origen: Pieza(s) | Imagen origen: uploads/productos/WhatsApp Image 2025-09-27 at 8.56.51 AM (1).jpeg | Generado sistema origen: 1,false,true,
636,branch:jesus-maria,MAT-00636,0230287415208,ADAPTADOR HEMBRA 1/2P X 3/8P,category:materiales,measure:2,0,6,6.5,1,10,ID producto origen: 636 | Medida origen: Pieza(s) | Imagen origen: uploads/productos/WhatsApp Image 2025-09-29 at 11.59.18 AM.jpeg | Generado sistema origen: 1,false,true,
637,branch:jesus-maria,MAT-00637,7506344175198,MANGUERA DE VINIL 40 CM DICA,category:materiales,measure:2,0,19,20,1,6,ID producto origen: 637 | Medida origen: Pieza(s),false,true,
638,branch:jesus-maria,MAT-00638,6578281789487,NIPLE 1/2P,category:materiales,measure:2,2.24,5,5,1,3,ID producto origen: 638 | Medida origen: Pieza(s) | Imagen origen: uploads/productos/WhatsApp Image 2025-09-29 at 9.37.48 AM (1)_4892.jpeg | Generado sistema origen: 1,false,true,
639,branch:jesus-maria,MAT-00639,3997604859400,NIPLE 3/4P,category:materiales,measure:2,1.2,8,9,1,9,ID producto origen: 639 | Medida origen: Pieza(s) | Imagen origen: uploads/productos/WhatsApp Image 2025-09-29 at 9.37.48 AM (1).jpeg | Generado sistema origen: 1,false,true,
640,branch:jesus-maria,MAT-00640,7506344175211,MANGUERA DE VINIL 35 CM DICA,category:materiales,measure:2,0,19,20,1,8,ID producto origen: 640 | Medida origen: Pieza(s),false,true,
641,branch:jesus-maria,MAT-00641,2373257985573,NIPLE 1P,category:materiales,measure:2,5.86,8,8,1,14,ID producto origen: 641 | Medida origen: Pieza(s) | Imagen origen: uploads/productos/WhatsApp Image 2025-09-29 at 9.30.49 AM (1).jpeg | Generado sistema origen: 1,false,true,
642,branch:jesus-maria,MAT-00642,8600171506497,ADAPTADOR MACHO CPVC 3/4,category:materiales,measure:2,2.11,4,4,1,26,ID producto origen: 642 | Medida origen: Pieza(s) | Imagen origen: uploads/productos/WhatsApp Image 2025-09-27 at 8.04.13 AM.jpeg | Generado sistema origen: 1,false,true,
643,branch:jesus-maria,MAT-00643,,SEGUETA BIMETALICA DIENTE GRUESO,category:materiales,measure:2,0,20,21,1,20,ID producto origen: 643 | Medida origen: Pieza(s),false,true,
644,branch:jesus-maria,MAT-00644,,PORTALAMPARA S/LLAVE,category:materiales,measure:2,0,13,14,1,10,ID producto origen: 644 | Medida origen: Pieza(s),false,true,
645,branch:jesus-maria,MAT-00645,8642781061546,"EMPAQUE CHUPON 2""X 1-1/2""",category:materiales,measure:2,0,5,5.5,1,10,ID producto origen: 645 | Medida origen: Pieza(s) | Imagen origen: uploads/productos/WhatsApp Image 2025-09-29 at 09.08.09.jpeg | Generado sistema origen: 1,false,true,
646,branch:jesus-maria,MAT-00646,7473504127475,TEE GALVANIZADA 3/4P,category:materiales,measure:2,0,16,17,1,8,ID producto origen: 646 | Medida origen: Pieza(s) | Imagen origen: uploads/productos/WhatsApp Image 2025-09-27 at 8.56.51 AM.jpeg | Generado sistema origen: 1,false,true,
647,branch:jesus-maria,MAT-00647,501746050753,PASTA PARA SOLDAR SILER 75 GR,category:materiales,measure:2,0,59,60,1,5,ID producto origen: 647 | Medida origen: Pieza(s),false,true,
648,branch:jesus-maria,MAT-00648,8516190705066,TAPON CACHUCHA 1P,category:materiales,measure:2,0,18,19,1,10,ID producto origen: 648 | Medida origen: Pieza(s) | Imagen origen: uploads/productos/WhatsApp Image 2025-09-27 at 1.06.48 PM.jpeg | Generado sistema origen: 1,false,true,
649,branch:jesus-maria,MAT-00649,5652534772530,TEE GALVANIZADA 1P,category:materiales,measure:2,0,30,31,1,10,ID producto origen: 649 | Medida origen: Pieza(s) | Imagen origen: uploads/productos/WhatsApp Image 2025-09-27 at 8.56.51 AM (2).jpeg | Generado sistema origen: 1,false,true,
650,branch:jesus-maria,MAT-00650,8238896372945,PORTA LAMPARA REDONDA -IUSA,category:materiales,measure:2,0,19,20,1,10,ID producto origen: 650 | Medida origen: Pieza(s) | Imagen origen: uploads/productos/WhatsApp Image 2025-09-25 at 13.06.24.jpeg | Generado sistema origen: 1,false,true,
651,branch:jesus-maria,MAT-00651,1252231927246,TAPON CACHUCHA 3/4P,category:materiales,measure:2,0,13,14,1,10,ID producto origen: 651 | Medida origen: Pieza(s) | Imagen origen: uploads/productos/WhatsApp Image 2025-09-27 at 1.08.50 PM.jpeg | Generado sistema origen: 1,false,true,
652,branch:jesus-maria,MAT-00652,7506374000828,"PICHANCHA10-3/4"" CANASTILLA DE PLASTICO",category:materiales,measure:2,0,19,20,1,2,ID producto origen: 652 | Medida origen: Pieza(s),false,true,
653,branch:jesus-maria,MAT-00653,0899656774300,NIPLE PLASTICO 1/2P,category:materiales,measure:2,0,5,6,1,1,ID producto origen: 653 | Medida origen: Pieza(s) | Imagen origen: uploads/productos/WhatsApp Image 2025-11-03 at 2.53.43 PM.jpeg | Generado sistema origen: 1,false,true,
654,branch:jesus-maria,MAT-00654,0798320788141,NIPLE 1P X 5P,category:materiales,measure:2,0,26,27,1,5,ID producto origen: 654 | Medida origen: Pieza(s) | Imagen origen: uploads/productos/WhatsApp Image 2025-10-06 at 8.20.17 AM.jpeg | Generado sistema origen: 1,false,true,
655,branch:jesus-maria,MAT-00655,7506638700112,SOLDADURA 50/50 LUZEL PREMIUM,category:materiales,measure:2,0,54,55,1,23,ID producto origen: 655 | Medida origen: Pieza(s),false,true,
656,branch:jesus-maria,MAT-00656,6731842919307,NIPLE PLASTICO 1P,category:materiales,measure:2,0,10,5,1,9,ID producto origen: 656 | Medida origen: Pieza(s) | Imagen origen: uploads/productos/WhatsApp Image 2025-11-03 at 2.52.01 PM.jpeg | Generado sistema origen: 1,false,true,
657,branch:jesus-maria,MAT-00657,2095758096236,TAPON MACHO 1P,category:materiales,measure:2,0,10,11,0,10,ID producto origen: 657 | Medida origen: Pieza(s) | Imagen origen: uploads/productos/WhatsApp Image 2025-09-29 at 9.09.42 AM.jpeg | Generado sistema origen: 1,false,true,
658,branch:jesus-maria,MAT-00658,7502236967056,CARTUCHO DE GAS BUTANO 275 GRS,category:materiales,measure:2,0,58,59,1,5,ID producto origen: 658 | Medida origen: Pieza(s),false,true,
659,branch:jesus-maria,MAT-00659,2947982778887,TAPON MACHO 3/4P,category:materiales,measure:2,0,7,8,1,9,ID producto origen: 659 | Medida origen: Pieza(s) | Imagen origen: uploads/productos/WhatsApp Image 2025-09-29 at 9.09.32 AM.jpeg | Generado sistema origen: 1,false,true,
660,branch:jesus-maria,MAT-00660,7501816630359,CENTRO DE CARGA 1 VENTANA,category:materiales,measure:2,0,104,105,1,1,ID producto origen: 660 | Medida origen: Pieza(s),false,true,
661,branch:jesus-maria,MAT-00661,8169472812473,NIPLE 1/2P X 5P,category:materiales,measure:2,0,14,15,1,10,ID producto origen: 661 | Medida origen: Pieza(s) | Imagen origen: uploads/productos/WhatsApp Image 2025-10-06 at 7.53.01 AM.jpeg | Generado sistema origen: 1,false,true,
662,branch:jesus-maria,MAT-00662,1889794319227,CODO GALVANIZADO 1P X 90,category:materiales,measure:2,0,23,24,1,9,ID producto origen: 662 | Medida origen: Pieza(s) | Imagen origen: uploads/productos/WhatsApp Image 2025-09-27 at 8.56.52 AM (3).jpeg | Generado sistema origen: 1,false,true,
663,branch:jesus-maria,MAT-00663,7506344174986,LLAVE ANGULAR CARTUCHO 1/4(DICA),category:materiales,measure:2,18.97,35,36,1,2,ID producto origen: 663 | Medida origen: Pieza(s),false,true,
664,branch:jesus-maria,MAT-00664,9001668087922,COPLE LISO 1/2P,category:materiales,measure:2,0,8,9,1,16,ID producto origen: 664 | Medida origen: Pieza(s) | Imagen origen: uploads/productos/WhatsApp Image 2025-09-27 at 8.56.51 AM (4).jpeg | Generado sistema origen: 1,false,true,
665,branch:jesus-maria,MAT-00665,7364333335455,NIPLE 3/4X6,category:materiales,measure:2,0,22,23,1,5,ID producto origen: 665 | Medida origen: Pieza(s) | Imagen origen: uploads/productos/WhatsApp Image 2025-10-06 at 8.35.23 AM.jpeg | Generado sistema origen: 1,false,true,
666,branch:jesus-maria,MAT-00666,4367024870825,COPLE LISO 1P,category:materiales,measure:2,17,19,20,1,9,ID producto origen: 666 | Medida origen: Pieza(s) | Imagen origen: uploads/productos/WhatsApp Image 2025-09-27 at 8.56.50 AM.jpeg | Generado sistema origen: 1,false,true,
667,branch:jesus-maria,MAT-00667,,PICHANCHA CON CUERPO DE LATON Y CANASTILLA DE ACERO 1P 25MM,category:materiales,measure:2,0,0,0,1,2,ID producto origen: 667 | Medida origen: Pieza(s),false,false,
668,branch:jesus-maria,MAT-00668,9881893548586,COPLE LISO 3/4P,category:materiales,measure:2,10,12,12,1,4,ID producto origen: 668 | Medida origen: Pieza(s) | Imagen origen: uploads/productos/WhatsApp Image 2025-09-27 at 8.56.51 AM (3).jpeg | Generado sistema origen: 1,false,true,
669,branch:jesus-maria,MAT-00669,799592748192,DISCO PARA CORTE 4 1/2,category:materiales,measure:2,6,8,9,1,9,ID producto origen: 669 | Medida origen: Pieza(s),false,true,
670,branch:jesus-maria,MAT-00670,6241157596372,CODO GALVANIZADO 3/4P X 45,category:materiales,measure:2,0,17,18,1,2,ID producto origen: 670 | Medida origen: Pieza(s) | Imagen origen: uploads/productos/WhatsApp Image 2025-09-27 at 8.56.52 AM (4).jpeg | Generado sistema origen: 1,false,true,
671,branch:jesus-maria,MAT-00671,1106309257523,TAPON MACHO 1/2P,category:materiales,measure:2,0,6,7,1,10,ID producto origen: 671 | Medida origen: Pieza(s) | Imagen origen: uploads/productos/WhatsApp Image 2025-09-29 at 9.09.23 AM (1).jpeg | Generado sistema origen: 1,false,true,
672,branch:jesus-maria,MAT-00672,7502252572159,PLACA LUCEK CON 1 APAGADOR SENCILLO Y 1 APAGADOR ESCALERA BLANCA,category:materiales,measure:2,0,42,43,1,10,ID producto origen: 672 | Medida origen: Pieza(s),false,true,
673,branch:jesus-maria,MAT-00673,8528108153067,NIPLE PLASTICO 3/4P,category:materiales,measure:2,10.94,6,7,1,45,ID producto origen: 673 | Medida origen: Pieza(s) | Imagen origen: uploads/productos/WhatsApp Image 2025-11-03 at 2.52.44 PM.jpeg | Generado sistema origen: 1,false,true,
674,branch:jesus-maria,MAT-00674,7501816604015,CENTRO DE CARGA 2 VENTANAS,category:materiales,measure:2,0,111,112,1,1,ID producto origen: 674 | Medida origen: Pieza(s),false,true,
675,branch:jesus-maria,MAT-00675,1920635440271,EMPAQUE CHUPON 2,category:materiales,measure:2,0,5,5.5,1,18,ID producto origen: 675 | Medida origen: Pieza(s) | Imagen origen: uploads/productos/WhatsApp Image 2025-09-29 at 09.07.59.jpeg | Generado sistema origen: 1,false,true,
676,branch:jesus-maria,MAT-00676,1057697962134,TAPON CACHUCHA 1/2P,category:materiales,measure:2,7.27,9,10,1,6,ID producto origen: 676 | Medida origen: Pieza(s) | Imagen origen: uploads/productos/WhatsApp Image 2025-09-27 at 1.07.50 PM.jpeg | Generado sistema origen: 1,false,true,
677,branch:jesus-maria,MAT-00677,7506374004857,"PICHANCHA 1 1/4"" (ALAN)",category:materiales,measure:2,0,160,161,1,2,ID producto origen: 677 | Medida origen: Pieza(s),false,true,
678,branch:jesus-maria,MAT-00678,6214008600177,CODO GALVANIZADO 1/2P X 45,category:materiales,measure:2,0,12,12.5,1,4,ID producto origen: 678 | Medida origen: Pieza(s) | Imagen origen: uploads/productos/WhatsApp Image 2025-09-27 at 8.56.52 AM (1).jpeg | Generado sistema origen: 1,false,true,
679,branch:jesus-maria,MAT-00679,7501816630342,CENTRO DE CARGA 4 VENTANAS,category:materiales,measure:2,0,279,280,1,0,ID producto origen: 679 | Medida origen: Pieza(s),false,true,
680,branch:jesus-maria,MAT-00680,4293569300322,CODO GALVANIZADO 3/4P X 90,category:materiales,measure:2,7.7,12,13,1,30,ID producto origen: 680 | Medida origen: Pieza(s) | Imagen origen: uploads/productos/WhatsApp Image 2025-09-27 at 8.56.52 AM (5).jpeg | Generado sistema origen: 1,false,true,
681,branch:jesus-maria,MAT-00681,7500462462420,PLACA LUCEK CRISTAL 3 CONTACTOS NEGRO,category:materiales,measure:2,0,143,144,1,10,ID producto origen: 681 | Medida origen: Pieza(s),false,true,
682,branch:jesus-maria,MAT-00682,6509105820512,CODO GALVANIZADO 1P X 45,category:materiales,measure:2,0,21,22,1,11,ID producto origen: 682 | Medida origen: Pieza(s) | Imagen origen: uploads/productos/WhatsApp Image 2025-09-27 at 8.56.52 AM (2).jpeg | Generado sistema origen: 1,false,true,
683,branch:jesus-maria,MAT-00683,0799592746501,DISCO P/CORTE 4 1/2,category:materiales,measure:2,4.85,6,7,1,92,ID producto origen: 683 | Medida origen: Pieza(s),false,true,
684,branch:jesus-maria,MAT-00684,7500462462505,PLACA LUCEK CRISTAL CON APAGADOR SENCILLO Y 2 CONTACTOS NEGRO,category:materiales,measure:2,0,142,143,1,10,ID producto origen: 684 | Medida origen: Pieza(s),false,true,
685,branch:jesus-maria,MAT-00685,7503027806806,"DISCO CORTE D/PIEDRA 4 1/2""",category:materiales,measure:2,0,180,181,1,0,ID producto origen: 685 | Medida origen: Pieza(s),false,true,
686,branch:jesus-maria,MAT-00686,7500464110374,PLACA LUCEK ESPEJO C/CONTACTO DUPLEX NEGRO,category:materiales,measure:2,0,113,114,1,6,ID producto origen: 686 | Medida origen: Pieza(s),false,true,
687,branch:jesus-maria,MAT-00687,7503027976646,DISCO P/CORTE 7,category:materiales,measure:2,0,28,29,1,1,ID producto origen: 687 | Medida origen: Pieza(s),false,true,
688,branch:jesus-maria,MAT-00688,9176920079745,"PICHANCHA 1/2""",category:materiales,measure:2,0,78,79,1,2,ID producto origen: 688 | Medida origen: Pieza(s) | Imagen origen: uploads/productos/WhatsApp Image 2025-09-25 at 13.02.41.jpeg | Generado sistema origen: 1,false,true,
689,branch:jesus-maria,MAT-00689,7206840298659,NIPLE 1/2P X 6P,category:materiales,measure:2,0,17,18,1,10,ID producto origen: 689 | Medida origen: Pieza(s) | Imagen origen: uploads/productos/WhatsApp Image 2025-10-06 at 8.04.24 AM.jpeg | Generado sistema origen: 1,false,true,
690,branch:jesus-maria,MAT-00690,7503005326166,SELLADOR SHELLAC 56 G,category:materiales,measure:2,0,66,67,1,10,ID producto origen: 690 | Medida origen: Pieza(s),false,true,
691,branch:jesus-maria,MAT-00691,799592019209,ROLLO DE LIJA PARA PLOMERO GRANO 120 38X45,category:materiales,measure:2,0,516,517,1,35,ID producto origen: 691 | Medida origen: Pieza(s),false,true,
692,branch:jesus-maria,MAT-00692,,PLACA LUCKE PREMIUM CON 1 APAGADOR SENCILLO PLATEADO,category:materiales,measure:2,0,77,78,1,10,ID producto origen: 692 | Medida origen: Pieza(s),false,true,
693,branch:jesus-maria,MAT-00693,7501323700095,CESPOFLEX LAVABO CON ARO CROMADA OVALIN,category:materiales,measure:2,0,59,60,1,1,ID producto origen: 693 | Medida origen: Pieza(s),false,true,
694,branch:jesus-maria,MAT-00694,7502252572180,PLACA LUCEK CON 2 CONTACTOS BLANCO,category:materiales,measure:2,30.23,41,42,1,88,ID producto origen: 694 | Medida origen: Pieza(s),false,true,
695,branch:jesus-maria,MAT-00695,1759050911994,GRAPA PARA PUA NEGRA,category:materiales,measure:1,0,61,62,1,24,ID producto origen: 695 | Medida origen: Kilo(s) | Imagen origen: uploads/productos/WhatsApp Image 2025-09-26 at 8.10.38 AM.jpeg | Generado sistema origen: 1,true,true,
696,branch:jesus-maria,MAT-00696,,MALLA POLLERA,category:materiales,measure:2,612.87,852,853,1,1,ID producto origen: 696 | Medida origen: Pieza(s),false,true,
697,branch:jesus-maria,MAT-00697,,ARMEX SENCILLO 10X10,category:materiales,measure:2,132.04,153,153,1,140,ID producto origen: 697 | Medida origen: Pieza(s),false,true,
698,branch:jesus-maria,MAT-00698,,MORTERO CRUZ AZUL 50 KILOS,category:materiales,measure:2,170,3800,3800,1,13,ID producto origen: 698 | Medida origen: Pieza(s),false,true,
699,branch:jesus-maria,MAT-00699,,CEMENTO CRUZ AZUL 25 KILOS,category:materiales,measure:2,110,125,125,1,-3,ID producto origen: 699 | Medida origen: Pieza(s),false,false,
700,branch:jesus-maria,MAT-00700,,TINACO 450L (ROTOPLAS),category:materiales,measure:2,2501.2,2262,2262,1,1,ID producto origen: 700 | Medida origen: Pieza(s),false,true,
701,branch:jesus-maria,MAT-00701,,TINACO 800 L ROTOPLAS,category:materiales,measure:2,2317.29,3118,3118,1,4,ID producto origen: 701 | Medida origen: Pieza(s),false,true,
702,branch:jesus-maria,MAT-00702,,TINACO 1100 L ROTOPLAS,category:materiales,measure:2,3236.12,3324,3324,1,3,ID producto origen: 702 | Medida origen: Pieza(s),false,true,
703,branch:jesus-maria,MAT-00703,,ARENA TANHUATO,category:materiales,measure:3,486.67,600,600,1,-27,ID producto origen: 703 | Medida origen: Metro(s),true,true,
704,branch:jesus-maria,MAT-00704,7503005496609,CEPILLO DE ALAMBRE NO ´64,category:materiales,measure:2,0,33,34,1,1,ID producto origen: 704 | Medida origen: Pieza(s),false,true,
705,branch:jesus-maria,MAT-00705,4483967944826,REGISTRO REDONDO 1/2(GALVANIZADA),category:materiales,measure:2,8,9,9,1,11,ID producto origen: 705 | Medida origen: Pieza(s) | Imagen origen: uploads/productos/WhatsApp Image 2025-09-26 at 2.18.29 PM.jpeg | Generado sistema origen: 1,false,true,
706,branch:jesus-maria,MAT-00706,,CHALUPA PLASTICA,category:materiales,measure:2,0,9,10,1,5,ID producto origen: 706 | Medida origen: Pieza(s),false,false,
707,branch:jesus-maria,MAT-00707,751299006210,CERRADURA DE SOBREPONER 715 PHILLIPS,category:materiales,measure:2,0,217,218,1,2,ID producto origen: 707 | Medida origen: Pieza(s),false,true,
708,branch:jesus-maria,MAT-00708,,PICHANCHA 1P,category:materiales,measure:2,0,99,100,1,2,ID producto origen: 708 | Medida origen: Pieza(s),false,false,
709,branch:jesus-maria,MAT-00709,0710631908292,CONECTOR P/FREGADERO 55CM,category:materiales,measure:2,0,69,70,1,5,ID producto origen: 709 | Medida origen: Pieza(s),false,true,
710,branch:jesus-maria,MAT-00710,7502252573347,PLACA BOTON TIMBRE(PLATEADA) LUCEK,category:materiales,measure:2,0,84,85,1,10,ID producto origen: 710 | Medida origen: Pieza(s),false,true,
711,branch:jesus-maria,MAT-00711,751299006203,CERRADURA DE SOBREPONER 715 PHILLIPS,category:materiales,measure:2,0,217,218,1,2,ID producto origen: 711 | Medida origen: Pieza(s),false,true,
712,branch:jesus-maria,MAT-00712,751299000997,CERRADURA DE BARRA DERECHA (PHILLIPS),category:materiales,measure:2,0,355,356,1,2,ID producto origen: 712 | Medida origen: Pieza(s),false,true,
713,branch:jesus-maria,MAT-00713,75129900000,CERRADURA DE BARRA IZQUIERDA PHILLIPS,category:materiales,measure:2,0,355,356,1,0,ID producto origen: 713 | Medida origen: Pieza(s),false,true,
714,branch:jesus-maria,MAT-00714,7502252573231,PLACA LUCEK 1 APAGADOR ESCALERA PLATEADA,category:materiales,measure:2,0,77,78,1,10,ID producto origen: 714 | Medida origen: Pieza(s),false,true,
715,branch:jesus-maria,MAT-00715,277174637939,CAJA CHALUPA PLASTICO 2X4P,category:materiales,measure:2,9,11,11,1,2,ID producto origen: 715 | Medida origen: Pieza(s) | Generado sistema origen: 1,false,true,
716,branch:jesus-maria,MAT-00716,7506374004659,"PICHANCHA 1"" (ALAN)",category:materiales,measure:2,0,99,100,1,2,ID producto origen: 716 | Medida origen: Pieza(s),false,true,
717,branch:jesus-maria,MAT-00717,07502309200523,CABLE KOBREX 14 BLANCO,category:materiales,measure:3,0,11,11,1,130,ID producto origen: 717 | Medida origen: Metro(s),true,true,
718,branch:jesus-maria,MAT-00718,,CABLE KOBREX 14 BLANCO (CAJA),category:materiales,measure:2,0,0,0,1,2,ID producto origen: 718 | Medida origen: Pieza(s),false,false,
719,branch:jesus-maria,MAT-00719,9127500461,CABLE USO RUDO 2X12,category:materiales,measure:3,0,49,50,1,100,ID producto origen: 719 | Medida origen: Metro(s),true,true,
720,branch:jesus-maria,MAT-00720,9127500461,ROLLO CORDON IUSA USO RUDO 2X12 (ROLLO),category:materiales,measure:2,0,5008,5009,1,0,ID producto origen: 720 | Medida origen: Pieza(s),false,false,
721,branch:jesus-maria,MAT-00721,07502309200813,CABLE KOBREX 14 NEGRO,category:materiales,measure:3,0,10,11,1,300,ID producto origen: 721 | Medida origen: Metro(s),true,true,
722,branch:jesus-maria,MAT-00722,,CABLE KOBREX 14 NEGRO ( CAJA),category:materiales,measure:2,0,1107,1108,1,2,ID producto origen: 722 | Medida origen: Pieza(s),false,false,
723,branch:jesus-maria,MAT-00723,3000646,CABLE KOBREX 12 ROJO,category:materiales,measure:3,12.51,14,15,1,100,ID producto origen: 723 | Medida origen: Metro(s),true,true,
724,branch:jesus-maria,MAT-00724,,CABLE KOBREX 12 ROJO (CAJA),category:materiales,measure:2,0,1561,1562,1,1,ID producto origen: 724 | Medida origen: Pieza(s),false,false,
725,branch:jesus-maria,MAT-00725,,CABLE KOBREX 10 ROJO (CAJA),category:materiales,measure:2,0,2458,2459,1,0,ID producto origen: 725 | Medida origen: Pieza(s),false,false,
726,branch:jesus-maria,MAT-00726,,CABLE KOBREX 10 ROJO,category:materiales,measure:3,0,24,25,1,0,ID producto origen: 726 | Medida origen: Metro(s),true,true,
727,branch:jesus-maria,MAT-00727,,TRAPO INDUSTRIAL,category:materiales,measure:1,0,48,49,1,22,ID producto origen: 727 | Medida origen: Kilo(s),true,true,
728,branch:jesus-maria,MAT-00728,,CANALETA 1 VIA 10X20,category:materiales,measure:2,0,20,21,1,20,ID producto origen: 728 | Medida origen: Pieza(s),false,true,
729,branch:jesus-maria,MAT-00729,,CABLE KOBREK 14 ROJO,category:materiales,measure:3,0,10,11,1,200,ID producto origen: 729 | Medida origen: Metro(s),true,false,
730,branch:jesus-maria,MAT-00730,07502309201162,CABLE KOBREX 14 ROJO,category:materiales,measure:3,16.77,10,11,1,200,ID producto origen: 730 | Medida origen: Metro(s),true,true,
731,branch:jesus-maria,MAT-00731,,CABLE KOBREX 12 NEGRO,category:materiales,measure:3,0,16,16,1,0,ID producto origen: 731 | Medida origen: Metro(s),true,true,
732,branch:jesus-maria,MAT-00732,,CABLE KOBREX 12 NEGRO(CAJA),category:materiales,measure:2,0,1562,1562,1,1,ID producto origen: 732 | Medida origen: Pieza(s),false,false,
733,branch:jesus-maria,MAT-00733,,ARMEX REFORZADO 10X10,category:materiales,measure:2,272.6,308,308,1,100,ID producto origen: 733 | Medida origen: Pieza(s),false,true,
734,branch:jesus-maria,MAT-00734,,CABLE KOBREX 14 BLANCO,category:materiales,measure:2,0,0,0,1,2,ID producto origen: 734 | Medida origen: Pieza(s),false,false,
735,branch:jesus-maria,MAT-00735,,MALLA SOLDADA 2.5 X 40 M,category:materiales,measure:3,1908.94,2200,2200,1,25,ID producto origen: 735 | Medida origen: Metro(s),true,true,
736,branch:jesus-maria,MAT-00736,9839752319273,SOLDADURA 6013 1/8,category:materiales,measure:1,73.61,103,104,1,26,ID producto origen: 736 | Medida origen: Kilo(s) | Imagen origen: uploads/productos/WhatsApp Image 2025-09-25 at 13.57.16.jpeg | Generado sistema origen: 1,true,true,
737,branch:jesus-maria,MAT-00737,9127900465,CABLE USO RUDO 3X14,category:materiales,measure:3,0,47,47,1,100,ID producto origen: 737 | Medida origen: Metro(s),true,true,
738,branch:jesus-maria,MAT-00738,3000641,CABLE KOBREX 12 BLANCO,category:materiales,measure:3,0,16,16,1,99,ID producto origen: 738 | Medida origen: Metro(s),true,true,
739,branch:jesus-maria,MAT-00739,,CABLE KOBREX 12 BLANCO(CAJA),category:materiales,measure:2,0,1562,1562,1,1,ID producto origen: 739 | Medida origen: Pieza(s),false,false,
740,branch:jesus-maria,MAT-00740,9127900460,CABLE USO RUDO 2X14,category:materiales,measure:3,0,34,34,1,100,ID producto origen: 740 | Medida origen: Metro(s),true,true,
741,branch:jesus-maria,MAT-00741,,CANALETA 10X20 C/ADHESIVO,category:materiales,measure:2,0,29,30,1,20,ID producto origen: 741 | Medida origen: Pieza(s),false,true,
742,branch:jesus-maria,MAT-00742,9127900466,CABLE USO RUDO 3X12,category:materiales,measure:3,0,70,70,1,100,ID producto origen: 742 | Medida origen: Metro(s),true,true,
743,branch:jesus-maria,MAT-00743,,SOLDADURA 7018 1/8 INFRA,category:materiales,measure:1,0,102,103,1,0,ID producto origen: 743 | Medida origen: Kilo(s),true,false,
744,branch:jesus-maria,MAT-00744,9922115619100,FLOTA NEGRA,category:materiales,measure:2,0,30,31,1,0,ID producto origen: 744 | Medida origen: Pieza(s) | Imagen origen: uploads/productos/WhatsApp Image 2025-09-25 at 11.34.44.jpeg | Generado sistema origen: 1,false,true,
745,branch:jesus-maria,MAT-00745,7502252573248,PLACA LUCEK 2/APAGADORES SENCILLOS(PLATEADA),category:materiales,measure:2,452.67,95,96,1,9,ID producto origen: 745 | Medida origen: Pieza(s),false,true,
746,branch:jesus-maria,MAT-00746,4895174130976,PLAFON REDONDO 12W,category:materiales,measure:2,0,47,48,1,2,ID producto origen: 746 | Medida origen: Pieza(s),false,true,
747,branch:jesus-maria,MAT-00747,,CABLE THW 8(VERDE),category:materiales,measure:3,1741.13,3750,3750,1,100,ID producto origen: 747 | Medida origen: Metro(s),true,true,
748,branch:jesus-maria,MAT-00748,9127920124,CABLE THW 8(BLANCO),category:materiales,measure:3,0,42,42,1,72,ID producto origen: 748 | Medida origen: Metro(s),true,true,
749,branch:jesus-maria,MAT-00749,,CABLE THW ROJO 14,category:materiales,measure:3,0,9,10,1,100,ID producto origen: 749 | Medida origen: Metro(s),true,false,
750,branch:jesus-maria,MAT-00750,9127920115,CABLE THW ROJO 14,category:materiales,measure:3,0,11,12,1,30,ID producto origen: 750 | Medida origen: Metro(s),true,true,
751,branch:jesus-maria,MAT-00751,9127920123,CABLE THW 8(NEGRO),category:materiales,measure:3,0,3750,3750,1,100,ID producto origen: 751 | Medida origen: Metro(s),true,true,
752,branch:jesus-maria,MAT-00752,,CABLE THW BLANCO 14,category:materiales,measure:3,0,12,12,1,0,ID producto origen: 752 | Medida origen: Metro(s),true,true,
753,branch:jesus-maria,MAT-00753,9127920125,CABLE THW 8(ROJO),category:materiales,measure:3,0,42,42,1,100,ID producto origen: 753 | Medida origen: Metro(s),true,true,
754,branch:jesus-maria,MAT-00754,,CABLE THW BLANCO 14,category:materiales,measure:2,0,992,993,1,0,ID producto origen: 754 | Medida origen: Pieza(s),false,false,
755,branch:jesus-maria,MAT-00755,9127920119,CABLE THW 10(NEGRO),category:materiales,measure:3,0,25,26,1,177,ID producto origen: 755 | Medida origen: Metro(s),true,true,
756,branch:jesus-maria,MAT-00756,,CABLE THW VERDE 14,category:materiales,measure:3,0,9,10,1,200,ID producto origen: 756 | Medida origen: Metro(s),true,false,
757,branch:jesus-maria,MAT-00757,9127920116,CABLE THW VERDE 14,category:materiales,measure:3,0,12,12,1,130,ID producto origen: 757 | Medida origen: Metro(s),true,true,
758,branch:jesus-maria,MAT-00758,,CABLE THW NEGRO 14,category:materiales,measure:3,0,9,10,1,100,ID producto origen: 758 | Medida origen: Metro(s),true,false,
759,branch:jesus-maria,MAT-00759,9127920122,CABLE THW 10(VERDE),category:materiales,measure:3,0,26,26,1,54,ID producto origen: 759 | Medida origen: Metro(s),true,true,
760,branch:jesus-maria,MAT-00760,,CABLE THW NEGRO 14,category:materiales,measure:3,0,1035,1035,1,0,ID producto origen: 760 | Medida origen: Metro(s),true,true,
761,branch:jesus-maria,MAT-00761,8045776852080,CONECTOR PVC CONDUIT PESADO,category:materiales,measure:2,0,16,17,1,22,ID producto origen: 761 | Medida origen: Pieza(s) | Imagen origen: uploads/productos/WhatsApp Image 2025-09-26 at 2.54.55 PM.jpeg | Generado sistema origen: 1,false,true,
762,branch:jesus-maria,MAT-00762,2018543764080,CURVA PVC CONDUIT PESADO,category:materiales,measure:2,0,50,50,1,12,ID producto origen: 762 | Medida origen: Pieza(s) | Imagen origen: uploads/productos/WhatsApp Image 2025-09-29 at 12.32.54 PM.jpeg | Generado sistema origen: 1,false,true,
763,branch:jesus-maria,MAT-00763,,CABLE THW 12 ROJO,category:materiales,measure:3,0,15,16,1,0,ID producto origen: 763 | Medida origen: Metro(s),true,true,
764,branch:jesus-maria,MAT-00764,,CABLE THW 12 ROJO,category:materiales,measure:2,0,1347,1348,1,1,ID producto origen: 764 | Medida origen: Pieza(s),false,false,
765,branch:jesus-maria,MAT-00765,9127920112,CABLE THW 12 BLANCO,category:materiales,measure:3,0,16,17,1,99,ID producto origen: 765 | Medida origen: Metro(s),true,true,
766,branch:jesus-maria,MAT-00766,,CABLE THW 12 BLANCO,category:materiales,measure:2,0,1389,1390,1,1,ID producto origen: 766 | Medida origen: Pieza(s),false,false,
767,branch:jesus-maria,MAT-00767,9127920121,CABLE THW 10(ROJO),category:materiales,measure:3,0,2326,2326,1,99,ID producto origen: 767 | Medida origen: Metro(s),true,true,
768,branch:jesus-maria,MAT-00768,,CABLE THW 12 VERDE,category:materiales,measure:3,0,17,17,1,0,ID producto origen: 768 | Medida origen: Metro(s),true,true,
769,branch:jesus-maria,MAT-00769,,CABLE THW 12 VERDE,category:materiales,measure:2,0,1390,1390,1,1,ID producto origen: 769 | Medida origen: Pieza(s),false,false,
770,branch:jesus-maria,MAT-00770,9127920120,CABLE THW 10(BLANCO),category:materiales,measure:3,0,26,26,1,100,ID producto origen: 770 | Medida origen: Metro(s),true,true,
771,branch:jesus-maria,MAT-00771,6245699656624,CONEXION P/MANGUERA HEMBRA 1/2,category:materiales,measure:2,2422.1,17,18,1,46,ID producto origen: 771 | Medida origen: Pieza(s) | Imagen origen: uploads/productos/WhatsApp Image 2025-11-14 at 11.24.13 AM.jpeg | Generado sistema origen: 1,false,true,
772,branch:jesus-maria,MAT-00772,7506240657729,"LLANA CANTO REDONDA 24""X5""",category:materiales,measure:2,211.21,329,330,1,3,ID producto origen: 772 | Medida origen: Pieza(s),false,true,
773,branch:jesus-maria,MAT-00773,7506055130103,SILICON ALTAS TEMPERATURA(NEGRO 280ML),category:materiales,measure:2,0,120,121,1,0,ID producto origen: 773 | Medida origen: Pieza(s),false,true,
774,branch:jesus-maria,MAT-00774,7506055130097,SILICON ALTAS TEMPERATURAS(ROJO 280ML),category:materiales,measure:2,0,120,121,1,1,ID producto origen: 774 | Medida origen: Pieza(s),false,true,
775,branch:jesus-maria,MAT-00775,000251000163,ALAMBRE DE PUAS,category:materiales,measure:2,0,1299,1300,1,15,ID producto origen: 775 | Medida origen: Pieza(s),false,true,
776,branch:jesus-maria,MAT-00776,7501316150807,SILICON USO GENERAL PEPE-SILICON TRASPARENTE,category:materiales,measure:2,53.43,71,72,1,2,ID producto origen: 776 | Medida origen: Pieza(s),false,true,
777,branch:jesus-maria,MAT-00777,7500372103963,FLOTA DE ESPONJA MANGO DE MADEDRA 9,category:materiales,measure:2,115.9,156.5,157.5,1,0,ID producto origen: 777 | Medida origen: Pieza(s),false,true,
778,branch:jesus-maria,MAT-00778,7500372112866,"FLOTA DE ESPONJA MANGO MADERA 12""",category:materiales,measure:2,0,209,210,1,0,ID producto origen: 778 | Medida origen: Pieza(s),false,true,
779,branch:jesus-maria,MAT-00779,7503027806820,DISCO DE CORTE DIAMANTE 4 1/2,category:materiales,measure:2,0,57,58,1,3,ID producto origen: 779 | Medida origen: Pieza(s),false,true,
780,branch:jesus-maria,MAT-00780,,JAL DE PENJAMO,category:materiales,measure:3,466.66,540,540,1,0,ID producto origen: 780 | Medida origen: Metro(s),true,true,
781,branch:jesus-maria,MAT-00781,,PEGAPISO ADE1000,category:materiales,measure:2,81.4,88,89,1,270,ID producto origen: 781 | Medida origen: Pieza(s),false,true,
782,branch:jesus-maria,MAT-00782,,PEGAPORCELANICO,category:materiales,measure:2,170,189,190,1,31,ID producto origen: 782 | Medida origen: Pieza(s),false,true,
783,branch:jesus-maria,MAT-00783,7502309110419,PLAFON 15W 17.3 CM,category:materiales,measure:2,38.81,53,54,1,17,ID producto origen: 783 | Medida origen: Pieza(s),false,true,
784,branch:jesus-maria,MAT-00784,1257401426,PEGAMENTO PARA PVC AMARILLO TUBO 59ML,category:materiales,measure:2,0,31,32,1,10,ID producto origen: 784 | Medida origen: Pieza(s),false,true,
785,branch:jesus-maria,MAT-00785,1257401425,PEGAMENTO PARA PVC AZUL TUBO 59ML,category:materiales,measure:2,0,29,30,1,1,ID producto origen: 785 | Medida origen: Pieza(s),false,true,
786,branch:jesus-maria,MAT-00786,1257410229,PEGAMENTO PARA PVC AZUL LATA 59 ML,category:materiales,measure:2,0,42,43,1,0,ID producto origen: 786 | Medida origen: Pieza(s),false,true,
787,branch:jesus-maria,MAT-00787,7501973706997,CINTA TEFLON 1/2 (DICA),category:materiales,measure:2,0,4,4,1,12,ID producto origen: 787 | Medida origen: Pieza(s),false,true,
788,branch:jesus-maria,MAT-00788,9299600281,PEGAMENTO PARA PVC AZUL LATA 118ML,category:materiales,measure:2,40.46,57,58,1,0,ID producto origen: 788 | Medida origen: Pieza(s),false,true,
789,branch:jesus-maria,MAT-00789,7503007746160,LIMPIADOR CONTACT 205 CON APLICADOR 240 ML,category:materiales,measure:2,0,79,80,1,4,ID producto origen: 789 | Medida origen: Pieza(s),false,true,
790,branch:jesus-maria,MAT-00790,1257410223,PEGAMENTO PARA PVC AMARILLO LATA 59 ML,category:materiales,measure:2,0,44,45,1,3,ID producto origen: 790 | Medida origen: Pieza(s),false,true,
791,branch:jesus-maria,MAT-00791,1257401519,PEGAMENTO PARA PVC 118ML(LATA AMARILLA),category:materiales,measure:2,0,64,65,1,0,ID producto origen: 791 | Medida origen: Pieza(s),false,true,
792,branch:jesus-maria,MAT-00792,7501973707017,CINTA TEFLON 3/4(DICA),category:materiales,measure:2,0,5,6,1,22,ID producto origen: 792 | Medida origen: Pieza(s),false,true,
793,branch:jesus-maria,MAT-00793,7501081093200,GUANTE ALGODON C/PUNTOS PVC,category:materiales,measure:2,0,32,33,1,0,ID producto origen: 793 | Medida origen: Pieza(s),false,true,
794,branch:jesus-maria,MAT-00794,727502100112,CILINDRO GAS(4KG),category:materiales,measure:2,0,1115,1116,1,1,ID producto origen: 794 | Medida origen: Pieza(s),false,true,
795,branch:jesus-maria,MAT-00795,727502100129,CILINDRO GAS(6KG),category:materiales,measure:2,0,1274,1275,1,1,ID producto origen: 795 | Medida origen: Pieza(s),false,true,
796,branch:jesus-maria,MAT-00796,0487934353073,CILINDRO GAS(10KGS),category:materiales,measure:2,0,1028,1029,1,1,ID producto origen: 796 | Medida origen: Pieza(s) | Imagen origen: uploads/productos/WhatsApp Image 2025-09-26 at 08.22.21.jpeg | Generado sistema origen: 1,false,true,
797,branch:jesus-maria,MAT-00797,733704550228,ACEITE 2 TIEMPOS PARA 20 LITROS (STIHL),category:materiales,measure:2,483.87,144,145,1,4,ID producto origen: 797 | Medida origen: Pieza(s),false,true,
798,branch:jesus-maria,MAT-00798,733704550211,ACEITE 2 TIEMPOS PARA 5 LITROS (STIHL),category:materiales,measure:2,0,48,49,1,5,ID producto origen: 798 | Medida origen: Pieza(s),false,true,
799,branch:jesus-maria,MAT-00799,,SOGA ECONOMICA 10 MM3/8,category:materiales,measure:1,2914.84,84,85,1,33,ID producto origen: 799 | Medida origen: Kilo(s),true,true,
800,branch:jesus-maria,MAT-00800,,SOGA ECONOMICA 13MM 1/2,category:materiales,measure:1,1975.79,85,86,1,33,ID producto origen: 800 | Medida origen: Kilo(s),true,true,
801,branch:jesus-maria,MAT-00801,,SOGA ECONOMICA 16 MM 5/8,category:materiales,measure:1,1828.53,84,85,1,25,ID producto origen: 801 | Medida origen: Kilo(s),true,true,
802,branch:jesus-maria,MAT-00802,7501081097383,GUANTE DE NITRILO ELASTICO CH,category:materiales,measure:2,47.71,63,64,1,0,ID producto origen: 802 | Medida origen: Pieza(s),false,true,
803,branch:jesus-maria,MAT-00803,7501081097727,GUANTE DE NITRILO ELASTICO G,category:materiales,measure:2,55.13,73,74,1,1,ID producto origen: 803 | Medida origen: Pieza(s),false,true,
804,branch:jesus-maria,MAT-00804,7800665318068,TAPA PARA REGISTRO REDONDA 1/2 GALVANIZADA,category:materiales,measure:2,2.22,3,3,1,10,ID producto origen: 804 | Medida origen: Pieza(s) | Imagen origen: uploads/productos/WhatsApp Image 2025-09-26 at 2.18.29 PM_1706.jpeg | Generado sistema origen: 1,false,true,
805,branch:jesus-maria,MAT-00805,,ANILLO 11 X 11,category:materiales,measure:1,0,20.5,20.5,1,0,ID producto origen: 805 | Medida origen: Kilo(s),true,false,
806,branch:jesus-maria,MAT-00806,1945449151656,CODO COBRE 1/2 X 90,category:materiales,measure:2,11.38,20,20,1,6,ID producto origen: 806 | Medida origen: Pieza(s) | Imagen origen: uploads/productos/WhatsApp Image 2025-09-27 at 12.05.59 PM.jpeg | Generado sistema origen: 1,false,true,
807,branch:jesus-maria,MAT-00807,3066032490070,CODO COBRE 1/2 X 45,category:materiales,measure:2,20.65,27,28,1,10,ID producto origen: 807 | Medida origen: Pieza(s) | Imagen origen: uploads/productos/WhatsApp Image 2025-09-27 at 11.34.47 AM (1).jpeg | Generado sistema origen: 1,false,true,
808,branch:jesus-maria,MAT-00808,0326119376004,CODO COBRE 3/4 X 90,category:materiales,measure:2,25.28,33,34,1,10,ID producto origen: 808 | Medida origen: Pieza(s) | Imagen origen: uploads/productos/WhatsApp Image 2025-09-27 at 12.06.01 PM (1).jpeg | Generado sistema origen: 1,false,true,
809,branch:jesus-maria,MAT-00809,1662081104528,CODO COBRE 3/4 X 45,category:materiales,measure:2,35.15,46,47,1,10,ID producto origen: 809 | Medida origen: Pieza(s) | Imagen origen: uploads/productos/WhatsApp Image 2025-09-27 at 11.34.47 AM.jpeg | Generado sistema origen: 1,false,true,
810,branch:jesus-maria,MAT-00810,1936599843935,CODO PIPA HEMBRA 1/2 COBRE,category:materiales,measure:2,53.06,70,71,1,5,ID producto origen: 810 | Medida origen: Pieza(s) | Imagen origen: uploads/productos/WhatsApp Image 2025-09-29 at 8.36.02 AM.jpeg | Generado sistema origen: 1,false,true,
811,branch:jesus-maria,MAT-00811,2965485731291,CODO PIPA HEMBRA 3/4 COBRE,category:materiales,measure:2,117.94,158,159,1,5,ID producto origen: 811 | Medida origen: Pieza(s) | Imagen origen: uploads/productos/WhatsApp Image 2025-09-29 at 8.35.56 AM.jpeg | Generado sistema origen: 1,false,true,
812,branch:jesus-maria,MAT-00812,,TUBO KOBREX P/MUFA CONDUIT 1P 1/4 X 4MT,category:materiales,measure:2,282.58,379,380,1,3,ID producto origen: 812 | Medida origen: Pieza(s),false,true,
813,branch:jesus-maria,MAT-00813,9127900720,BASE P/MEDIDOR MONOFASICA,category:materiales,measure:2,164.55,220,221,1,3,ID producto origen: 813 | Medida origen: Pieza(s),false,true,
814,branch:jesus-maria,MAT-00814,5581401372811,CONECTOR COBRE ROSCA HEMBRA 1/2,category:materiales,measure:2,25.43,40,40,1,8,ID producto origen: 814 | Medida origen: Pieza(s) | Imagen origen: uploads/productos/WhatsApp Image 2025-09-27 at 12.47.39 PM.jpeg | Generado sistema origen: 1,false,true,
815,branch:jesus-maria,MAT-00815,9213404537398,CONECTOR COBRE ROSCA HEMBRA 3/4,category:materiales,measure:2,37.9,50,51,1,10,ID producto origen: 815 | Medida origen: Pieza(s) | Imagen origen: uploads/productos/WhatsApp Image 2025-09-27 at 12.41.43 PM.jpeg | Generado sistema origen: 1,false,true,
816,branch:jesus-maria,MAT-00816,,CONECTOR COBRE ROSCA (INT) 1/2,category:materiales,measure:2,0,22,23,1,10,ID producto origen: 816 | Medida origen: Pieza(s),false,false,
817,branch:jesus-maria,MAT-00817,6244217048057,CONECTOR COBRE ROSCA MACHO 3/4,category:materiales,measure:2,33.71,44,45,1,10,ID producto origen: 817 | Medida origen: Pieza(s) | Imagen origen: uploads/productos/WhatsApp Image 2025-09-27 at 12.58.05 PM.jpeg | Generado sistema origen: 1,false,true,
818,branch:jesus-maria,MAT-00818,1157385338798,TEE COBRE 1/2,category:materiales,measure:2,17.37,29,29,1,8,ID producto origen: 818 | Medida origen: Pieza(s) | Imagen origen: uploads/productos/WhatsApp Image 2025-09-27 at 11.34.46 AM.jpeg | Generado sistema origen: 1,false,true,
819,branch:jesus-maria,MAT-00819,2504768600062,TEE COBRE 3/4,category:materiales,measure:2,46.41,61,62,1,10,ID producto origen: 819 | Medida origen: Pieza(s) | Imagen origen: uploads/productos/WhatsApp Image 2025-09-27 at 11.34.46 AM (1).jpeg | Generado sistema origen: 1,false,true,
820,branch:jesus-maria,MAT-00820,7305121874527,TUBO NACOBRE 1/2,category:materiales,measure:2,658.43,885,886,1,8,ID producto origen: 820 | Medida origen: Pieza(s) | Imagen origen: uploads/productos/WhatsApp Image 2025-11-19 at 11.59.00 AM (1).jpeg | Generado sistema origen: 1,false,true,
821,branch:jesus-maria,MAT-00821,1822311436434,TUBO NACOBRE 3/4,category:materiales,measure:2,1085.08,1459,1460,1,10,ID producto origen: 821 | Medida origen: Pieza(s) | Imagen origen: uploads/productos/WhatsApp Image 2025-11-19 at 12.10.12 PM.jpeg | Generado sistema origen: 1,false,true,
822,branch:jesus-maria,MAT-00822,9302244578408,TUBO PVC CONDT PESADO 1/2,category:materiales,measure:2,15.29,24,25,1,11,ID producto origen: 822 | Medida origen: Pieza(s) | Imagen origen: uploads/productos/WhatsApp Image 2025-11-19 at 12.19.39 PM.jpeg | Generado sistema origen: 1,false,true,
823,branch:jesus-maria,MAT-00823,0583861302082,TUBO PVC CONDT PESADO 3/4,category:materiales,measure:2,20.44,32,33,1,6,ID producto origen: 823 | Medida origen: Pieza(s) | Imagen origen: uploads/productos/WhatsApp Image 2025-11-19 at 12.19.29 PM.jpeg | Generado sistema origen: 1,false,true,
824,branch:jesus-maria,MAT-00824,6466490786949,CONECTOR COBRE ROSCA MACHO 1/2,category:materiales,measure:2,17.43,22,23,1,10,ID producto origen: 824 | Medida origen: Pieza(s) | Imagen origen: uploads/productos/WhatsApp Image 2025-09-27 at 12.56.28 PM.jpeg | Generado sistema origen: 1,false,true,
825,branch:jesus-maria,MAT-00825,,CEMENTO BIGBAG,category:materiales,measure:1,3498.48,3900,3900,1,11,ID producto origen: 825 | Medida origen: Kilo(s),true,false,
826,branch:jesus-maria,MAT-00826,7506325114208,BRIDA WC 3P,category:materiales,measure:2,96.92,129,130,1,10,ID producto origen: 826 | Medida origen: Pieza(s),false,true,
827,branch:jesus-maria,MAT-00827,71063191197,BRIDA FLEXIBLE 3P,category:materiales,measure:2,119.19,159,160,1,10,ID producto origen: 827 | Medida origen: Pieza(s),false,true,
828,branch:jesus-maria,MAT-00828,7502252574146,EXTENSION BLANCA 10M,category:materiales,measure:2,39,51,52,1,4,ID producto origen: 828 | Medida origen: Pieza(s),false,true,
829,branch:jesus-maria,MAT-00829,7502252574122,EXTENSION BLANCA 5M,category:materiales,measure:2,23,30,31,1,4,ID producto origen: 829 | Medida origen: Pieza(s),false,true,
830,branch:jesus-maria,MAT-00830,502252574115,EXTENSION BLANCA 3M,category:materiales,measure:2,16,21,22,1,5,ID producto origen: 830 | Medida origen: Pieza(s),false,true,
831,branch:jesus-maria,MAT-00831,7502252574160,EXTENSION USO RUDO 3M,category:materiales,measure:2,23,30,31,1,5,ID producto origen: 831 | Medida origen: Pieza(s),false,true,
832,branch:jesus-maria,MAT-00832,7506401306350,EXTENSION USO RUDO 30M,category:materiales,measure:2,425,493,493,1,0,ID producto origen: 832 | Medida origen: Pieza(s),false,true,
833,branch:jesus-maria,MAT-00833,500463049446,PLACA 1/APAGADOR 1/CONTACTO(BLANCO LUCEK),category:materiales,measure:2,29.63,39,40,1,11,ID producto origen: 833 | Medida origen: Pieza(s),false,true,
834,branch:jesus-maria,MAT-00834,7502252573378,PLACA 1/APAGADOR 1/CONTACTO(PLATEADO LUCEK),category:materiales,measure:2,71.73,96,97,1,10,ID producto origen: 834 | Medida origen: Pieza(s),false,true,
835,branch:jesus-maria,MAT-00835,7501973707963,"VALVULA PVC CEMENTAR 1 1/2""(DICA)",category:materiales,measure:2,117,156,157,1,5,ID producto origen: 835 | Medida origen: Pieza(s),false,true,
836,branch:jesus-maria,MAT-00836,7501973707864,VALVULA PVC ROSCABLE 1/2,category:materiales,measure:2,30.4,40,41,1,3,ID producto origen: 836 | Medida origen: Pieza(s),false,true,
837,branch:jesus-maria,MAT-00837,7501973707932,"VALVULA PVC CEMENTAR 3/4""(DICA)",category:materiales,measure:2,40.8,54,55,1,10,ID producto origen: 837 | Medida origen: Pieza(s),false,true,
838,branch:jesus-maria,MAT-00838,7501973707970,VALVULA PVC CEMENTAR 2,category:materiales,measure:2,146,195,196,1,0,ID producto origen: 838 | Medida origen: Pieza(s),false,true,
839,branch:jesus-maria,MAT-00839,3466470106241,CUELLO DE CERA,category:materiales,measure:1,28.65,37,38,1,5,ID producto origen: 839 | Medida origen: Kilo(s) | Imagen origen: uploads/productos/WhatsApp Image 2025-09-27 at 13.05.34.jpeg | Generado sistema origen: 1,true,true,
840,branch:jesus-maria,MAT-00840,7501973707925,"VALVULA PVC CEMENTAR 1/2""(DICA)",category:materiales,measure:2,29.5,39,40,1,10,ID producto origen: 840 | Medida origen: Pieza(s),false,true,
841,branch:jesus-maria,MAT-00841,7501973707871,VALVULA ESFERA PVC ROSCABLE 3/4,category:materiales,measure:2,43.8,58,59,1,3,ID producto origen: 841 | Medida origen: Pieza(s),false,true,
842,branch:jesus-maria,MAT-00842,9380815867519,CUELLO DE CERA SIN GUIA,category:materiales,measure:2,26.1,34,35,1,5,ID producto origen: 842 | Medida origen: Pieza(s) | Imagen origen: uploads/productos/WhatsApp Image 2025-09-27 at 13.05.12.jpeg | Generado sistema origen: 1,false,true,
843,branch:jesus-maria,MAT-00843,7501973707949,VALVULA PVC CEMENTAR 1,category:materiales,measure:2,55.4,74,75,1,5,ID producto origen: 843 | Medida origen: Pieza(s),false,true,
844,branch:jesus-maria,MAT-00844,7501973707918,VALVULA ESFERA PVC ROSCABLE 2P,category:materiales,measure:2,154,206,207,1,5,ID producto origen: 844 | Medida origen: Pieza(s),false,true,
845,branch:jesus-maria,MAT-00845,7501973707888,"VALVULA ESFERA PVC ROSCABLE 1""",category:materiales,measure:2,58,77,78,1,3,ID producto origen: 845 | Medida origen: Pieza(s),false,true,
846,branch:jesus-maria,MAT-00846,710631909794,BRIDA FLEXIBLE CORTA 4P COFLEX,category:materiales,measure:2,117.6,157,158,1,7,ID producto origen: 846 | Medida origen: Pieza(s),false,true,
847,branch:jesus-maria,MAT-00847,7502252574191,EXTENCION USO RUDO 10M,category:materiales,measure:2,60,80,81,1,1,ID producto origen: 847 | Medida origen: Pieza(s),false,true,
848,branch:jesus-maria,MAT-00848,7500462462406,PLACA LUCEK 1 APAGADOR Y 1 CONTACTO NEGRO,category:materiales,measure:2,83.94,112,113,1,9,ID producto origen: 848 | Medida origen: Pieza(s),false,true,
849,branch:jesus-maria,MAT-00849,7502252574177,EXTENSION USO RUDO 5 M,category:materiales,measure:2,34,45,46,1,4,ID producto origen: 849 | Medida origen: Pieza(s),false,true,
850,branch:jesus-maria,MAT-00850,,CHUPON DE HULE NEGRO 2X1 1/4,category:materiales,measure:2,4.39,5,6,1,10,ID producto origen: 850 | Medida origen: Pieza(s),false,false,
851,branch:jesus-maria,MAT-00851,6000681509438,SOLDADURA 7018 1/8 INFRA,category:materiales,measure:1,72.99,102,103,1,60,ID producto origen: 851 | Medida origen: Kilo(s) | Imagen origen: uploads/productos/WhatsApp Image 2025-09-25 at 13.57.36.jpeg | Generado sistema origen: 1,true,true,
852,branch:jesus-maria,MAT-00852,,GRAVA,category:materiales,measure:3,383.33,450,450,1,22,ID producto origen: 852 | Medida origen: Metro(s),true,true,
853,branch:jesus-maria,MAT-00853,,ARENA DE SAN ISIDRO,category:materiales,measure:3,566.66,650,650,1,-1,ID producto origen: 853 | Medida origen: Metro(s),true,true,
854,branch:jesus-maria,MAT-00854,7501658382164,ESCALERA 5 ESCALONES,category:materiales,measure:2,1438.4,1935,1936,1,1,ID producto origen: 854 | Medida origen: Pieza(s),false,true,
855,branch:jesus-maria,MAT-00855,7501658382393,ESCALERA 6 ESCALONES,category:materiales,measure:2,1806.7,2430,2431,1,1,ID producto origen: 855 | Medida origen: Pieza(s),false,true,
856,branch:jesus-maria,MAT-00856,7501658382157,ESCALERA 4 ESCALONES,category:materiales,measure:2,1289.78,1735,1736,1,1,ID producto origen: 856 | Medida origen: Pieza(s),false,true,
857,branch:jesus-maria,MAT-00857,,BROCA PARA METAL 3/32,category:materiales,measure:2,9.48,12,13,1,7,ID producto origen: 857 | Medida origen: Pieza(s),false,true,
858,branch:jesus-maria,MAT-00858,,BROCA PARA METAL 9/64,category:materiales,measure:2,12.07,15,16,1,9,ID producto origen: 858 | Medida origen: Pieza(s),false,true,
859,branch:jesus-maria,MAT-00859,,BROCA PARA METAL 5/32,category:materiales,measure:2,12.93,16,17,1,7,ID producto origen: 859 | Medida origen: Pieza(s),false,true,
860,branch:jesus-maria,MAT-00860,,BROCA PARA METAL 11/64,category:materiales,measure:2,15.52,20,21,1,7,ID producto origen: 860 | Medida origen: Pieza(s),false,true,
861,branch:jesus-maria,MAT-00861,,BROCA PARA METAL 7/32,category:materiales,measure:2,24.13,31,32,1,9,ID producto origen: 861 | Medida origen: Pieza(s),false,true,
862,branch:jesus-maria,MAT-00862,,BROCA PARA METAL 1/4X4,category:materiales,measure:2,15.95,42,43,1,8,ID producto origen: 862 | Medida origen: Pieza(s),false,true,
863,branch:jesus-maria,MAT-00863,,BROCA PARA CONCRETO 3/16X4,category:materiales,measure:2,8.62,11.5,11.5,1,10,ID producto origen: 863 | Medida origen: Pieza(s),false,true,
864,branch:jesus-maria,MAT-00864,,BROCA PARA CONCRETO 1/4X6,category:materiales,measure:2,12.07,15,16,1,9,ID producto origen: 864 | Medida origen: Pieza(s),false,true,
865,branch:jesus-maria,MAT-00865,,BROCA PARA CONCRETO 5/16X6,category:materiales,measure:2,15.52,20,21,1,15,ID producto origen: 865 | Medida origen: Pieza(s),false,true,
866,branch:jesus-maria,MAT-00866,,BROCA PARA CONCRETO 3/8X5,category:materiales,measure:2,18.97,24,25,1,5,ID producto origen: 866 | Medida origen: Pieza(s),false,true,
867,branch:jesus-maria,MAT-00867,,BROCA PARA CONCRETO 3/8X5,category:materiales,measure:2,0,0,0,1,0,ID producto origen: 867 | Medida origen: Pieza(s),false,false,
868,branch:jesus-maria,MAT-00868,7501206628515,BOLSA C/200 SEPARADORES 2MM,category:materiales,measure:2,18.97,24,25,1,2,ID producto origen: 868 | Medida origen: Pieza(s),false,true,
869,branch:jesus-maria,MAT-00869,7501206628522,BOLSA C/150 SEPARADORES 3MM,category:materiales,measure:2,21.55,28,29,1,2,ID producto origen: 869 | Medida origen: Pieza(s),false,true,
870,branch:jesus-maria,MAT-00870,7501206628539,BOLSA C/100 SEPARADORES 5MM,category:materiales,measure:2,23.28,30,31,1,2,ID producto origen: 870 | Medida origen: Pieza(s),false,true,
871,branch:jesus-maria,MAT-00871,7501206630945,CUCHARA P/ALBAÑIL 6P(TRUPER),category:materiales,measure:2,111.21,149,150,1,4,ID producto origen: 871 | Medida origen: Pieza(s),false,true,
872,branch:jesus-maria,MAT-00872,7501206643297,CORTADOR DE TUBO (PRETUL),category:materiales,measure:2,81.9,109,110,1,4,ID producto origen: 872 | Medida origen: Pieza(s),false,true,
873,branch:jesus-maria,MAT-00873,7501206632512,CUCHARA P/ALBAÑIL 8P(PRETUL),category:materiales,measure:2,49.14,65,66,1,4,ID producto origen: 873 | Medida origen: Pieza(s),false,true,
874,branch:jesus-maria,MAT-00874,7501206632529,CUCHARA P/ALBAÑIL 9P(PRETUL),category:materiales,measure:2,53.45,71,72,1,1,ID producto origen: 874 | Medida origen: Pieza(s),false,true,
875,branch:jesus-maria,MAT-00875,7501206633366,CUCHARA P/ALBAÑIL 9P G(PRETUL),category:materiales,measure:2,62.32,82,83,1,3,ID producto origen: 875 | Medida origen: Pieza(s),false,true,
876,branch:jesus-maria,MAT-00876,,CANDADO ANTIPALANCA 50MM(HERMEX BASIC),category:materiales,measure:2,142.24,190,191,1,4,ID producto origen: 876 | Medida origen: Pieza(s),false,true,
877,branch:jesus-maria,MAT-00877,7501206674277,CANDADO DE HIERRO 38MM(HERMEX),category:materiales,measure:2,34.48,46,47,1,2,ID producto origen: 877 | Medida origen: Pieza(s),false,true,
878,branch:jesus-maria,MAT-00878,7501206674291,CANDADO DE HIERRO 50MM(HERMEX),category:materiales,measure:2,54.31,72,73,1,4,ID producto origen: 878 | Medida origen: Pieza(s),false,true,
879,branch:jesus-maria,MAT-00879,7501206674543,CANDADO DE HIERRO 45MM(HERMEX),category:materiales,measure:2,44.83,59,60,1,3,ID producto origen: 879 | Medida origen: Pieza(s),false,true,
880,branch:jesus-maria,MAT-00880,7501206621936,HILO PARA ALBAÑIL(BLANCO TRUPER),category:materiales,measure:2,26.05,20,21,1,12,ID producto origen: 880 | Medida origen: Pieza(s),false,true,
881,branch:jesus-maria,MAT-00881,,GANCHO RECTO,category:materiales,measure:2,0,10,10,1,0,ID producto origen: 881 | Medida origen: Pieza(s),false,true,
882,branch:jesus-maria,MAT-00882,,GANCHO RECTO 2,category:materiales,measure:2,3245.99,10,10,1,1,ID producto origen: 882 | Medida origen: Pieza(s),false,true,
883,branch:jesus-maria,MAT-00883,,ADEFINE 25 KG,category:materiales,measure:2,96.24,114,115,1,69,ID producto origen: 883 | Medida origen: Pieza(s),false,true,
884,branch:jesus-maria,MAT-00884,,JUNTEADOR MARFIL S/ARENA,category:materiales,measure:2,124.8,149,150,1,4,ID producto origen: 884 | Medida origen: Pieza(s),false,true,
885,branch:jesus-maria,MAT-00885,3165140970556,DISCO DE SIERRA P/MADERA 7 1/4,category:materiales,measure:2,129.5,174,175,1,10,ID producto origen: 885 | Medida origen: Pieza(s),false,true,
886,branch:jesus-maria,MAT-00886,,JUNTEADOR GRIS S/ARENA,category:materiales,measure:2,124.8,149,150,1,2,ID producto origen: 886 | Medida origen: Pieza(s),false,true,
887,branch:jesus-maria,MAT-00887,,JUNTEADOR NEGRO S/ARENA,category:materiales,measure:2,124.8,149,150,1,5,ID producto origen: 887 | Medida origen: Pieza(s),false,true,
888,branch:jesus-maria,MAT-00888,,JUNTEADOR ROJO S/ARENA,category:materiales,measure:2,124.8,149,150,1,5,ID producto origen: 888 | Medida origen: Pieza(s),false,true,
889,branch:jesus-maria,MAT-00889,,BOQUILLA C/ARENA 10K BLANCO,category:materiales,measure:2,145.4,169,170,1,5,ID producto origen: 889 | Medida origen: Pieza(s),false,true,
890,branch:jesus-maria,MAT-00890,,BOQUILLA C/ARENA 10K MARFIL,category:materiales,measure:2,145.4,169,170,1,5,ID producto origen: 890 | Medida origen: Pieza(s),false,true,
891,branch:jesus-maria,MAT-00891,,BOQUILLA C/ARENA 10K NEGRO,category:materiales,measure:2,145.4,169,170,1,5,ID producto origen: 891 | Medida origen: Pieza(s),false,true,
892,branch:jesus-maria,MAT-00892,,BOQUILLA C/ARENA 10K GRIS,category:materiales,measure:2,145.4,169,170,1,2,ID producto origen: 892 | Medida origen: Pieza(s),false,true,
893,branch:jesus-maria,MAT-00893,,BOQUILLA C/ARENA 10K ROJO,category:materiales,measure:2,145.4,169,170,1,5,ID producto origen: 893 | Medida origen: Pieza(s),false,true,
894,branch:jesus-maria,MAT-00894,506240647089,ACEITE 4 TIEMPOS 400 ML,category:materiales,measure:2,59,67,68,1,4,ID producto origen: 894 | Medida origen: Pieza(s),false,true,
895,branch:jesus-maria,MAT-00895,506240647096,ACEITE 4 TIEMPOS 1000 ML,category:materiales,measure:2,115,132,133,1,2,ID producto origen: 895 | Medida origen: Pieza(s),false,true,
896,branch:jesus-maria,MAT-00896,,RACK PARA PALAS,category:materiales,measure:2,2125,1,1,1,1,ID producto origen: 896 | Medida origen: Pieza(s),false,true,
897,branch:jesus-maria,MAT-00897,9234118838625,DISCO DIAMANTE 4 1/2,category:materiales,measure:2,28,33,34,1,2,ID producto origen: 897 | Medida origen: Pieza(s) | Imagen origen: uploads/productos/WhatsApp Image 2025-09-25 at 08.54.43.jpeg | Generado sistema origen: 1,false,true,
898,branch:jesus-maria,MAT-00898,4861080167368,LENTE TRANSPARENTE LION TOOLS,category:materiales,measure:2,18.67,21,22,1,4,ID producto origen: 898 | Medida origen: Pieza(s) | Imagen origen: uploads/productos/WhatsApp Image 2025-09-25 at 14.48.20.jpeg | Generado sistema origen: 1,false,true,
899,branch:jesus-maria,MAT-00899,7984093950141,LENTE NEGRO LION TOOLS,category:materiales,measure:2,18.67,21,22,1,0,ID producto origen: 899 | Medida origen: Pieza(s) | Imagen origen: uploads/productos/WhatsApp Image 2025-09-25 at 14.47.46.jpeg | Generado sistema origen: 1,false,true,
900,branch:jesus-maria,MAT-00900,8249880854583,GUANTE NITRILO M (LION TOOLS),category:materiales,measure:2,13.5,16,17,1,1,ID producto origen: 900 | Medida origen: Pieza(s) | Imagen origen: uploads/productos/WhatsApp Image 2025-09-25 at 15.00.33.jpeg | Generado sistema origen: 1,false,true,
901,branch:jesus-maria,MAT-00901,0162685692342,CALENTADOR D/INMERSION,category:materiales,measure:2,35.33,41,42,1,4,ID producto origen: 901 | Medida origen: Pieza(s) | Imagen origen: uploads/productos/WhatsApp Image 2025-09-25 at 3.19.30 PM.jpeg | Generado sistema origen: 1,false,true,
902,branch:jesus-maria,MAT-00902,7503048422849,PEGA RATON,category:materiales,measure:2,12.67,14,15,1,35,ID producto origen: 902 | Medida origen: Pieza(s),false,true,
903,branch:jesus-maria,MAT-00903,,MEZCLERO CHICO,category:materiales,measure:2,149.33,150,150,1,2,ID producto origen: 903 | Medida origen: Pieza(s),false,true,
904,branch:jesus-maria,MAT-00904,,MEZCLERO GRANDE 61X43,category:materiales,measure:2,120,170,170,1,4,ID producto origen: 904 | Medida origen: Pieza(s),false,true,
905,branch:jesus-maria,MAT-00905,2910463615766,AMARRADOR 1/2,category:materiales,measure:2,65.33,77,78,1,9,ID producto origen: 905 | Medida origen: Pieza(s) | Imagen origen: uploads/productos/WhatsApp Image 2025-09-25 at 15.31.23.jpeg | Generado sistema origen: 1,false,true,
906,branch:jesus-maria,MAT-00906,,ANILLO 10X12,category:materiales,measure:1,22,25,25,1,300,ID producto origen: 906 | Medida origen: Kilo(s),true,true,
907,branch:jesus-maria,MAT-00907,8804386128394,TUERCA P/TINACO 1 1/2,category:materiales,measure:2,35.82,47,48,1,5,ID producto origen: 907 | Medida origen: Pieza(s) | Imagen origen: uploads/productos/WhatsApp Image 2025-09-27 at 13.04.56.jpeg | Generado sistema origen: 1,false,true,
908,branch:jesus-maria,MAT-00908,7501973705785,VALVULA ESFERA ROSCABLE 1,category:materiales,measure:2,145,194,195,1,6,ID producto origen: 908 | Medida origen: Pieza(s),false,true,
909,branch:jesus-maria,MAT-00909,7501973705778,"VALVULA ESFERA ROSCABLE 3/4 ""DICA""",category:materiales,measure:2,84.9,113,114,1,5,ID producto origen: 909 | Medida origen: Pieza(s),false,true,
910,branch:jesus-maria,MAT-00910,,VALVULA ESFERA ROSCABLE 1/2,category:materiales,measure:2,58.59,78,79,1,6,ID producto origen: 910 | Medida origen: Pieza(s),false,false,
911,branch:jesus-maria,MAT-00911,,PLACA LUCEK 1 APAGADOR ESCALERA(BLANCA),category:materiales,measure:2,20.56,27,28,1,-8,ID producto origen: 911 | Medida origen: Pieza(s),false,false,
912,branch:jesus-maria,MAT-00912,7502252572128,PLACA LUCEK 1 APAGADOR SENCILLO(BLANCA),category:materiales,measure:2,19.23,25,26,1,24,ID producto origen: 912 | Medida origen: Pieza(s),false,true,
913,branch:jesus-maria,MAT-00913,,ARENA DE GUADALAJARA,category:materiales,measure:3,1089.29,530,530,1,-1,ID producto origen: 913 | Medida origen: Metro(s),true,true,
914,branch:jesus-maria,MAT-00914,,PEGAPISO GRIS,category:materiales,measure:2,60.25,73,73,1,0,ID producto origen: 914 | Medida origen: Pieza(s),false,false,
915,branch:jesus-maria,MAT-00915,,PEGAPORCELANICO GRIS,category:materiales,measure:2,157.52,158,158,1,0,ID producto origen: 915 | Medida origen: Pieza(s),false,false,
916,branch:jesus-maria,MAT-00916,,APAGADOR 4 VIAS 1 MODULO(BLANCO),category:materiales,measure:2,27.54,36,37,1,0,ID producto origen: 916 | Medida origen: Pieza(s),false,true,
917,branch:jesus-maria,MAT-00917,,PLACA LUCEK 1 TOMA COAXIAL BLANCA,category:materiales,measure:2,22.38,29,30,1,0,ID producto origen: 917 | Medida origen: Pieza(s),false,true,
918,branch:jesus-maria,MAT-00918,,PLACA 2 INTERRUCTORES DE ESCALERA 1.5 MODULOS,category:materiales,measure:2,32.6,41,42,1,0,ID producto origen: 918 | Medida origen: Pieza(s),false,true,
919,branch:jesus-maria,MAT-00919,,PLACA 1 INTERRUPTOR ESCALERA 1 CONTACTO,category:materiales,measure:2,31.47,41,42,1,20,ID producto origen: 919 | Medida origen: Pieza(s),false,true,
920,branch:jesus-maria,MAT-00920,,PLACA 1 MODULO BLANCO,category:materiales,measure:2,47.37,63,64,1,0,ID producto origen: 920 | Medida origen: Pieza(s),false,true,
921,branch:jesus-maria,MAT-00921,,PEGA PISO ADE,category:materiales,measure:2,69.89,73,73,1,0,ID producto origen: 921 | Medida origen: Pieza(s),false,false,
922,branch:jesus-maria,MAT-00922,7501206620540,MARTILLO TRUPER UÑA RECTA,category:materiales,measure:2,0,103,104,1,2,ID producto origen: 922 | Medida origen: Pieza(s),false,true,
923,branch:jesus-maria,MAT-00923,,ARENA DE ACUMBARO,category:materiales,measure:3,150,330,330,1,-8,ID producto origen: 923 | Medida origen: Metro(s),true,true,
924,branch:jesus-maria,MAT-00924,7501206654477,BROCASIERRA 1,category:materiales,measure:2,142.24,190,191,1,5,ID producto origen: 924 | Medida origen: Pieza(s),false,true,
925,branch:jesus-maria,MAT-00925,7501206654514,BROCASIERRA 1-1/2(TRUPER),category:materiales,measure:2,211.21,283,284,1,3,ID producto origen: 925 | Medida origen: Pieza(s),false,true,
926,branch:jesus-maria,MAT-00926,7506240677208,FAJA NARANJA CINTAS DE ALTA VISIBILIDAD CH,category:materiales,measure:2,146.55,196,197,1,2,ID producto origen: 926 | Medida origen: Pieza(s),false,true,
927,branch:jesus-maria,MAT-00927,7501206654538,BROCASIERRA 2,category:materiales,measure:2,422.59,364,365,1,2,ID producto origen: 927 | Medida origen: Pieza(s),false,true,
928,branch:jesus-maria,MAT-00928,7506240677215,FAJA NARANJA CINTAS DE ALTA VISIBILIDAD M,category:materiales,measure:2,316.2,209,209,1,2,ID producto origen: 928 | Medida origen: Pieza(s),false,true,
929,branch:jesus-maria,MAT-00929,7506240677222,FAJA NARANJA CINTAS DE ALTA VISIBILIDAD G,category:materiales,measure:2,146.55,196,197,1,1,ID producto origen: 929 | Medida origen: Pieza(s),false,true,
930,branch:jesus-maria,MAT-00930,7506240621225,FAJA LUMBAR CH,category:materiales,measure:2,155.17,208,208,1,2,ID producto origen: 930 | Medida origen: Pieza(s),false,true,
931,branch:jesus-maria,MAT-00931,7506240621232,FAJA LUMBAR EG,category:materiales,measure:2,240.7,185,186,1,2,ID producto origen: 931 | Medida origen: Pieza(s),false,true,
932,branch:jesus-maria,MAT-00932,,"TUBO PVC CONDT 2"" (ELECTRICO)",category:materiales,measure:2,0,113,114,1,10,ID producto origen: 932 | Medida origen: Pieza(s),false,true,
933,branch:jesus-maria,MAT-00933,,TUBO CORRUGADO 12P,category:materiales,measure:2,1403.12,1887,1888,1,0,ID producto origen: 933 | Medida origen: Pieza(s),false,true,
934,branch:jesus-maria,MAT-00934,,PAYLOADER,category:materiales,measure:2,0,1000,1000,1,-3,ID producto origen: 934 | Medida origen: Pieza(s),false,true,
935,branch:jesus-maria,MAT-00935,,MANITA DE CHANGO,category:materiales,measure:2,0,700,700,1,0,ID producto origen: 935 | Medida origen: Pieza(s),false,true,
936,branch:jesus-maria,MAT-00936,,PIEDRA,category:materiales,measure:3,285.71,1500,1500,1,-6,ID producto origen: 936 | Medida origen: Metro(s),true,true,
937,branch:jesus-maria,MAT-00937,3812723773232,REDUCCION BUSHING 1X3/4,category:materiales,measure:2,19.89,26,27,1,7,ID producto origen: 937 | Medida origen: Pieza(s) | Imagen origen: uploads/productos/WhatsApp Image 2025-09-29 at 3.14.14 PM.jpeg | Generado sistema origen: 1,false,true,
938,branch:jesus-maria,MAT-00938,8954653005719,REDUCCION BUSHING 3/4X1/2,category:materiales,measure:2,8.51,10,11,1,9,ID producto origen: 938 | Medida origen: Pieza(s) | Imagen origen: uploads/productos/WhatsApp Image 2025-09-29 at 3.16.33 PM.jpeg | Generado sistema origen: 1,false,true,
939,branch:jesus-maria,MAT-00939,5949478324834,REDUCCION CAMPANA 3/4X1/2,category:materiales,measure:2,10.9,14,15,1,10,ID producto origen: 939 | Medida origen: Pieza(s) | Imagen origen: uploads/productos/WhatsApp Image 2025-09-29 at 2.58.29 PM.jpeg | Generado sistema origen: 1,false,true,
940,branch:jesus-maria,MAT-00940,8618114242852,REDUCCION CAMPANA 1,category:materiales,measure:2,14.58,19,20,1,10,ID producto origen: 940 | Medida origen: Pieza(s) | Imagen origen: uploads/productos/WhatsApp Image 2025-09-29 at 2.58.29 PM_7408.jpeg | Generado sistema origen: 1,false,true,
941,branch:jesus-maria,MAT-00941,7506325101062,COLADERA SALIDA UNIVERSAL,category:materiales,measure:2,42,56,57,1,1,ID producto origen: 941 | Medida origen: Pieza(s) | Generado sistema origen: 0,false,true,
942,branch:jesus-maria,MAT-00942,7503007746108,PEGAMENTO CONTACT AZUL PVC 120 ML,category:materiales,measure:2,52.58,61,62,1,22,ID producto origen: 942 | Medida origen: Pieza(s) | Generado sistema origen: 0,false,true,
943,branch:jesus-maria,MAT-00943,6041373210843,REDUCCION BUSHING 1 1/4X1/2,category:materiales,measure:2,21.34,28,29,1,6,ID producto origen: 943 | Medida origen: Pieza(s) | Imagen origen: uploads/productos/WhatsApp Image 2025-09-29 at 3.10.55 PM.jpeg | Generado sistema origen: 1,false,true,
944,branch:jesus-maria,MAT-00944,2467146493703,MANGUERA DE NIVEL TRANSP.,category:materiales,measure:2,5.25,6,7,1,0,ID producto origen: 944 | Medida origen: Pieza(s) | Imagen origen: uploads/productos/WhatsApp Image 2025-09-25 at 14.05.08.jpeg | Generado sistema origen: 1,false,true,
945,branch:jesus-maria,MAT-00945,,TUBO GALVANIZADO 1/2 TAPA ROJA ROSCA,category:materiales,measure:2,2222.45,565,565,1,1,ID producto origen: 945 | Medida origen: Pieza(s) | Generado sistema origen: 0,false,true,
946,branch:jesus-maria,MAT-00946,,TUBO GALVANIZADO 3/4 TAPA ROJA ROSCA,category:materiales,measure:2,583.73,542,543,1,7,ID producto origen: 946 | Medida origen: Pieza(s) | Generado sistema origen: 0,false,true,
947,branch:jesus-maria,MAT-00947,7506240639701,CANDADO ANTIPALANCA 60MM(HERMEX),category:materiales,measure:2,0,190,191,1,4,ID producto origen: 947 | Medida origen: Pieza(s) | Generado sistema origen: 0,false,true,
948,branch:jesus-maria,MAT-00948,7502252573224,PLACA LUCEK 1 APAGADOR SENCILLO PLATEADO,category:materiales,measure:2,0,77,78,1,9,ID producto origen: 948 | Medida origen: Pieza(s) | Generado sistema origen: 0,false,true,
949,branch:jesus-maria,MAT-00949,7501206620564,MARTILLO 16 OZ UÑA RECTA TRUPER,category:materiales,measure:2,0,103,104,1,1,ID producto origen: 949 | Medida origen: Pieza(s) | Generado sistema origen: 0,false,true,
950,branch:jesus-maria,MAT-00950,,GAVETA,category:materiales,measure:2,17.24,17,17,0,37,ID producto origen: 950 | Medida origen: Pieza(s) | Generado sistema origen: 0,false,true,
951,branch:jesus-maria,MAT-00951,4429822337082,HILO AZUL P/ALBAÑIL (PIOLA),category:materiales,measure:2,42.15,49,49,1,10,ID producto origen: 951 | Medida origen: Pieza(s) | Imagen origen: uploads/productos/WhatsApp Image 2025-09-27 at 07.53.08.jpeg | Generado sistema origen: 1,false,true,
952,branch:jesus-maria,MAT-00952,7502252572142,PLACA LUCEK 2/APAGADORES SENCILLOS(BLANCA),category:materiales,measure:2,29.02,38,39,1,10,ID producto origen: 952 | Medida origen: Pieza(s) | Generado sistema origen: 0,false,true,
953,branch:jesus-maria,MAT-00953,0783643334823,PASTILLA 30 AMPERES,category:materiales,measure:2,170.69,229,230,1,6,ID producto origen: 953 | Medida origen: Pieza(s) | Generado sistema origen: 0,false,true,
954,branch:jesus-maria,MAT-00954,7506055139274,DISCO P/DESBASTE 4-1/2,category:materiales,measure:2,8.25,27,28,1,21,ID producto origen: 954 | Medida origen: Pieza(s) | Generado sistema origen: 0,false,true,
955,branch:jesus-maria,MAT-00955,7501973706133,"VALVULA P/FLOTADOR 1/2"" (DICA)",category:materiales,measure:2,95.53,128,129,1,6,ID producto origen: 955 | Medida origen: Pieza(s) | Generado sistema origen: 0,false,true,
956,branch:jesus-maria,MAT-00956,3264827023742,CODO OREJA CPVC 1/2,category:materiales,measure:2,5.57,67,68,1,30,ID producto origen: 956 | Medida origen: Pieza(s) | Imagen origen: uploads/productos/WhatsApp Image 2025-09-29 at 14.59.58.jpeg | Generado sistema origen: 1,false,true,
957,branch:jesus-maria,MAT-00957,,TEPETATE,category:materiales,measure:3,173.33,230,230,1,-56,ID producto origen: 957 | Medida origen: Metro(s) | Generado sistema origen: 0,true,true,
958,branch:jesus-maria,MAT-00958,,TEPETATE,category:materiales,measure:3,0,0,0,1,20,ID producto origen: 958 | Medida origen: Metro(s) | Generado sistema origen: 0,true,false,
959,branch:jesus-maria,MAT-00959,,TUBO SANITARIO PVC 6,category:materiales,measure:2,0,867,867,1,10,ID producto origen: 959 | Medida origen: Pieza(s) | Generado sistema origen: 0,false,true,
960,branch:jesus-maria,MAT-00960,4797773707385,COPLE PVC 6,category:materiales,measure:2,25.59,35,35,1,20,ID producto origen: 960 | Medida origen: Pieza(s) | Imagen origen: uploads/productos/WhatsApp Image 2025-10-01 at 3.08.31 PM.jpeg | Generado sistema origen: 1,false,true,
961,branch:jesus-maria,MAT-00961,2637148889020,"ABRAZADERA OMEGA 1/2""",category:materiales,measure:2,1.44,2,2,1,50,ID producto origen: 961 | Medida origen: Pieza(s) | Imagen origen: uploads/productos/WhatsApp Image 2025-10-02 at 07.45.07.jpeg | Generado sistema origen: 1,false,true,
962,branch:jesus-maria,MAT-00962,,"TUBO PVC ABOCINADO 2""",category:materiales,measure:2,233.26,185,185,1,14,ID producto origen: 962 | Medida origen: Pieza(s) | Generado sistema origen: 0,false,true,
963,branch:jesus-maria,MAT-00963,,"TUBO PVC ABOCINADO 1-1/2""",category:materiales,measure:2,174.16,233,234,1,10,ID producto origen: 963 | Medida origen: Pieza(s) | Generado sistema origen: 0,false,true,
964,branch:jesus-maria,MAT-00964,,"TUBO PVC ABOCINADO 3/4""",category:materiales,measure:2,72.48,97,98,1,50,ID producto origen: 964 | Medida origen: Pieza(s) | Generado sistema origen: 0,false,true,
965,branch:jesus-maria,MAT-00965,,"TUBO PVC ABOCINADO 1/2""",category:materiales,measure:2,53.87,71,72,1,50,ID producto origen: 965 | Medida origen: Pieza(s) | Generado sistema origen: 0,false,true,
966,branch:jesus-maria,MAT-00966,3857388903228,PIJAS 10X2,category:materiales,measure:2,0,1,1,1,80,ID producto origen: 966 | Medida origen: Pieza(s) | Imagen origen: uploads/productos/WhatsApp Image 2025-10-02 at 10.01.51 AM.jpeg | Generado sistema origen: 1,false,true,
967,branch:jesus-maria,MAT-00967,1535462065278,PIJAS 10X1 1/2,category:materiales,measure:2,0,0,0,1,100,ID producto origen: 967 | Medida origen: Pieza(s) | Imagen origen: uploads/productos/WhatsApp Image 2025-10-02 at 10.01.51 AM (1).jpeg | Generado sistema origen: 1,false,true,
968,branch:jesus-maria,MAT-00968,6688687925881,PIJA 10X1,category:materiales,measure:2,0,0.5,0.5,1,100,ID producto origen: 968 | Medida origen: Pieza(s) | Imagen origen: uploads/productos/WhatsApp Image 2025-10-02 at 10.01.51 AM (2).jpeg | Generado sistema origen: 1,false,true,
969,branch:jesus-maria,MAT-00969,0476905536553,PIJA 8X2,category:materiales,measure:2,0,1,1,1,98,ID producto origen: 969 | Medida origen: Pieza(s) | Imagen origen: uploads/productos/WhatsApp Image 2025-10-02 at 10.01.51 AM (3).jpeg | Generado sistema origen: 1,false,true,
970,branch:jesus-maria,MAT-00970,0953750080023,PIJA 8X1 1/2,category:materiales,measure:2,0,0.5,0.5,1,100,ID producto origen: 970 | Medida origen: Pieza(s) | Imagen origen: uploads/productos/WhatsApp Image 2025-10-02 at 10.01.51 AM (4).jpeg | Generado sistema origen: 1,false,true,
971,branch:jesus-maria,MAT-00971,9863108408007,PIJAS P/LAMINA 8X1,category:materiales,measure:2,0,0.5,0.5,1,50,ID producto origen: 971 | Medida origen: Pieza(s) | Imagen origen: uploads/productos/WhatsApp Image 2025-10-02 at 10.01.52 AM.jpeg | Generado sistema origen: 1,false,true,
972,branch:jesus-maria,MAT-00972,4853826065885,PIJA P/LAMINA 6X1 1/2,category:materiales,measure:2,0,0.5,0.5,1,100,ID producto origen: 972 | Medida origen: Pieza(s) | Imagen origen: uploads/productos/WhatsApp Image 2025-10-02 at 10.01.53 AM.jpeg | Generado sistema origen: 1,false,true,
973,branch:jesus-maria,MAT-00973,9221830381188,PIJA 6X1,category:materiales,measure:2,0,0.5,0.5,1,97,ID producto origen: 973 | Medida origen: Pieza(s) | Imagen origen: uploads/productos/WhatsApp Image 2025-10-02 at 10.01.53 AM (1).jpeg | Generado sistema origen: 1,false,true,
974,branch:jesus-maria,MAT-00974,4234715510455,TORNILLO 5/8X1-3/4(PAVONADO),category:materiales,measure:2,0,8,9,1,14,ID producto origen: 974 | Medida origen: Pieza(s) | Imagen origen: uploads/productos/WhatsApp Image 2025-10-02 at 09.57.10.jpeg | Generado sistema origen: 1,false,true,
975,branch:jesus-maria,MAT-00975,2417253391218,TORNILLO 5/8X3(PAVONADO),category:materiales,measure:2,11.79,14,14,1,29,ID producto origen: 975 | Medida origen: Pieza(s) | Imagen origen: uploads/productos/WhatsApp Image 2025-10-02 at 09.57.43 (1).jpeg | Generado sistema origen: 1,false,true,
976,branch:jesus-maria,MAT-00976,6923752968739,TORNILLO 5/8X3-1/2(PAVONADO),category:materiales,measure:2,0,11,12,1,7,ID producto origen: 976 | Medida origen: Pieza(s) | Imagen origen: uploads/productos/WhatsApp Image 2025-10-02 at 09.57.55.jpeg | Generado sistema origen: 1,false,true,
977,branch:jesus-maria,MAT-00977,6648135990571,TORNILLO 5/8X4(PAVONADO),category:materiales,measure:2,15.92,19,19,1,30,ID producto origen: 977 | Medida origen: Pieza(s) | Imagen origen: uploads/productos/WhatsApp Image 2025-10-02 at 09.58.05.jpeg | Generado sistema origen: 1,false,true,
978,branch:jesus-maria,MAT-00978,5859454970767,TORNILLO 5/8X7(PAVONADO),category:materiales,measure:2,27.4,32,32,1,15,ID producto origen: 978 | Medida origen: Pieza(s) | Imagen origen: uploads/productos/WhatsApp Image 2025-10-02 at 10.00.04_2567.jpeg | Generado sistema origen: 1,false,true,
979,branch:jesus-maria,MAT-00979,,PEGAPISO GOL,category:materiales,measure:2,65,71,72,1,50,ID producto origen: 979 | Medida origen: Pieza(s) | Generado sistema origen: 0,false,true,
980,branch:jesus-maria,MAT-00980,,ESTUCO,category:materiales,measure:2,142,146,146,1,0,ID producto origen: 980 | Medida origen: Pieza(s) | Generado sistema origen: 0,false,true,
981,branch:jesus-maria,MAT-00981,,PEGAZULEJO GOL,category:materiales,measure:2,72,99,99,1,18,ID producto origen: 981 | Medida origen: Pieza(s) | Generado sistema origen: 0,false,true,
982,branch:jesus-maria,MAT-00982,,PEGAPORCELANATO GRIS GOL,category:materiales,measure:2,164.58,131,132,1,50,ID producto origen: 982 | Medida origen: Pieza(s) | Generado sistema origen: 0,false,true,
983,branch:jesus-maria,MAT-00983,7501206643495,JUEGO 8 LLAVES ALLEN(PRETUL),category:materiales,measure:2,20,22,23,1,5,ID producto origen: 983 | Medida origen: Pieza(s) | Generado sistema origen: 0,false,true,
984,branch:jesus-maria,MAT-00984,7501206632130,GRIFA,category:materiales,measure:2,125,167,168,1,1,ID producto origen: 984 | Medida origen: Pieza(s) | Generado sistema origen: 0,false,true,
985,branch:jesus-maria,MAT-00985,7501206602201,ARCO DE SOLERA P/SEGUETA,category:materiales,measure:2,88.34,98,99,1,9,ID producto origen: 985 | Medida origen: Pieza(s) | Generado sistema origen: 0,false,true,
986,branch:jesus-maria,MAT-00986,,BOVEDILLA S/PATIN 13X58X3,category:materiales,measure:2,0,324,324,1,0,ID producto origen: 986 | Medida origen: Pieza(s) | Generado sistema origen: 0,false,true,
987,branch:jesus-maria,MAT-00987,,CEMENTO BIGBAG,category:materiales,measure:1,3.65,4.23,4.23,1000,-4855,ID producto origen: 987 | Medida origen: Kilo(s) | Generado sistema origen: 0,true,true,
988,branch:jesus-maria,MAT-00988,,BALASTRE,category:materiales,measure:3,0,3800,3800,1,-21,ID producto origen: 988 | Medida origen: Metro(s) | Generado sistema origen: 0,true,true,
989,branch:jesus-maria,MAT-00989,,BOVEDILLA 14X58X3,category:materiales,measure:2,0,346,346,1,0,ID producto origen: 989 | Medida origen: Pieza(s) | Generado sistema origen: 0,false,true,
990,branch:jesus-maria,MAT-00990,,MORTERO HOLCIM 50 KILOS,category:materiales,measure:2,0,0,0,1,1,ID producto origen: 990 | Medida origen: Pieza(s) | Generado sistema origen: 0,false,false,
991,branch:jesus-maria,MAT-00991,,MANGUERA NEGRA 1/2,category:materiales,measure:2,3.2,5,6,1,70,ID producto origen: 991 | Medida origen: Pieza(s) | Generado sistema origen: 0,false,true,
992,branch:jesus-maria,MAT-00992,,MANGUERA NEGRA 3/4,category:materiales,measure:2,591,7.5,7.5,1,1,ID producto origen: 992 | Medida origen: Pieza(s) | Generado sistema origen: 0,false,true,
993,branch:jesus-maria,MAT-00993,,MANGUERA NEGRA 1P,category:materiales,measure:2,910.3,1225,1225,1,200,ID producto origen: 993 | Medida origen: Pieza(s) | Generado sistema origen: 0,false,true,
994,branch:jesus-maria,MAT-00994,0506055445648,HULE NEGRO 6M,category:materiales,measure:1,37.63,55,56,1,16,ID producto origen: 994 | Medida origen: Kilo(s) | Imagen origen: uploads/productos/WhatsApp Image 2025-10-16 at 11.24.48 AM.jpeg | Generado sistema origen: 1,true,true,
995,branch:jesus-maria,MAT-00995,,HULE NEGRO 4M,category:materiales,measure:1,37.63,55,56,1,15,ID producto origen: 995 | Medida origen: Kilo(s) | Imagen origen: uploads/productos/WhatsApp Image 2025-10-16 at 11.24.48 AM (1).jpeg | Generado sistema origen: 1,true,true,
996,branch:jesus-maria,MAT-00996,6856751193690,CONECTOR PVC CONDUIT PESADO 1/2,category:materiales,measure:2,2.33,3,3,1,10,ID producto origen: 996 | Medida origen: Pieza(s) | Imagen origen: uploads/productos/WhatsApp Image 2025-10-16 at 11.56.13 AM.jpeg | Generado sistema origen: 1,false,true,
997,branch:jesus-maria,MAT-00997,4052493583948,CONECTOR PVC CONDUIT PESADO 3/4,category:materiales,measure:2,2.92,4,4,1,10,ID producto origen: 997 | Medida origen: Pieza(s) | Imagen origen: uploads/productos/WhatsApp Image 2025-10-16 at 11.56.05 AM.jpeg | Generado sistema origen: 1,false,true,
998,branch:jesus-maria,MAT-00998,7501206654897,FAJA LUMBAR M,category:materiales,measure:2,155.17,208,209,1,2,ID producto origen: 998 | Medida origen: Pieza(s) | Generado sistema origen: 0,false,true,
999,branch:jesus-maria,MAT-00999,,BASE PARA TINACO,category:materiales,measure:2,1200,1380,1380,1,0,ID producto origen: 999 | Medida origen: Pieza(s) | Generado sistema origen: 0,false,true,
1000,branch:jesus-maria,MAT-01000,1529900948,"DISCO CORTE 14""",category:materiales,measure:2,55,75,75,1,0,ID producto origen: 1000 | Medida origen: Pieza(s) | Generado sistema origen: 0,false,true,
1001,branch:jesus-maria,MAT-01001,1529900952,DISCO LAMINADO 60 DRAGON,category:materiales,measure:1,28,33,34,1,1,ID producto origen: 1001 | Medida origen: Kilo(s) | Generado sistema origen: 0,true,true,
1002,branch:jesus-maria,MAT-01002,9620507422,DISCO LAMINADO 80 DRAGON,category:materiales,measure:2,28,33,34,1,1,ID producto origen: 1002 | Medida origen: Pieza(s) | Generado sistema origen: 0,false,true,
1003,branch:jesus-maria,MAT-01003,1529900954,DISCO LAMINADO 120 DRAGON,category:materiales,measure:2,28,33,34,1,0,ID producto origen: 1003 | Medida origen: Pieza(s) | Generado sistema origen: 0,false,true,
1004,branch:jesus-maria,MAT-01004,,BROCA CONCRETO 5/16X12,category:materiales,measure:2,31.73,38,39,1,2,ID producto origen: 1004 | Medida origen: Pieza(s) | Generado sistema origen: 0,false,true,
1005,branch:jesus-maria,MAT-01005,,BROCA CONCRETO 3/8X12,category:materiales,measure:2,44.17,52,53,1,3,ID producto origen: 1005 | Medida origen: Pieza(s) | Generado sistema origen: 0,false,true,
1006,branch:jesus-maria,MAT-01006,,BROCA CONCRETO 1/4X3,category:materiales,measure:2,11.17,12,13,1,4,ID producto origen: 1006 | Medida origen: Pieza(s) | Generado sistema origen: 0,false,true,
1007,branch:jesus-maria,MAT-01007,,BROCA CONCRETO 5/16X6,category:materiales,measure:2,24.62,29,30,1,15,ID producto origen: 1007 | Medida origen: Pieza(s) | Generado sistema origen: 0,false,true,
1008,branch:jesus-maria,MAT-01008,,BROCA CONCRETO 3/8X6,category:materiales,measure:2,26.16,31,32,1,5,ID producto origen: 1008 | Medida origen: Pieza(s) | Generado sistema origen: 0,false,true,
1009,branch:jesus-maria,MAT-01009,,BROCA CONCRETO 1/2X6,category:materiales,measure:2,37.14,44,45,1,5,ID producto origen: 1009 | Medida origen: Pieza(s) | Generado sistema origen: 0,false,true,
1010,branch:jesus-maria,MAT-01010,,BROCA METAL 7/64,category:materiales,measure:2,7.43,9,9,1,3,ID producto origen: 1010 | Medida origen: Pieza(s) | Generado sistema origen: 0,false,true,
1011,branch:jesus-maria,MAT-01011,,BROCA METAL 1/8,category:materiales,measure:2,9,11,11,1,4,ID producto origen: 1011 | Medida origen: Pieza(s) | Generado sistema origen: 0,false,true,
1012,branch:jesus-maria,MAT-01012,,BROCA METAL 7/16,category:materiales,measure:2,113.33,135,136,1,0,ID producto origen: 1012 | Medida origen: Pieza(s) | Generado sistema origen: 0,false,true,
1013,branch:jesus-maria,MAT-01013,,BROCA METAL 1/2,category:materiales,measure:2,141.49,169,170,1,1,ID producto origen: 1013 | Medida origen: Pieza(s) | Generado sistema origen: 0,false,true,
1014,branch:jesus-maria,MAT-01014,,TUBO PLUS 1/2,category:materiales,measure:2,71.91,100,100,1,24,ID producto origen: 1014 | Medida origen: Pieza(s) | Generado sistema origen: 0,false,true,
1015,branch:jesus-maria,MAT-01015,,TUBO PLUS 3/4,category:materiales,measure:2,135.38,181,182,1,20,ID producto origen: 1015 | Medida origen: Pieza(s) | Generado sistema origen: 0,false,true,
1016,branch:jesus-maria,MAT-01016,7520857784548,GUANTE OPERADOR C/CINTILLO,category:materiales,measure:2,40,53,54,1,13,ID producto origen: 1016 | Medida origen: Pieza(s) | Imagen origen: uploads/productos/WhatsApp Image 2025-10-25 at 08.11.55.jpeg | Generado sistema origen: 1,false,true,
1017,branch:jesus-maria,MAT-01017,5621421586246,GUANTE ARGONERO C/HEBILLA,category:materiales,measure:2,22.5,59,60,1,3,ID producto origen: 1017 | Medida origen: Pieza(s) | Imagen origen: uploads/productos/WhatsApp Image 2025-10-25 at 08.11.55 (1).jpeg | Generado sistema origen: 1,false,true,
1018,branch:jesus-maria,MAT-01018,6861764225368,GUANTE ARGONERO C/RESORTE,category:materiales,measure:2,43,57,58,1,14,ID producto origen: 1018 | Medida origen: Pieza(s) | Imagen origen: uploads/productos/WhatsApp Image 2025-10-25 at 08.11.55 (2).jpeg | Generado sistema origen: 1,false,true,
1019,branch:jesus-maria,MAT-01019,5437603124133,GUANTE PEMEX,category:materiales,measure:2,82.2,64,65,1,15,ID producto origen: 1019 | Medida origen: Pieza(s) | Imagen origen: uploads/productos/WhatsApp Image 2025-10-25 at 08.11.55 (3).jpeg | Generado sistema origen: 1,false,true,
1020,branch:jesus-maria,MAT-01020,6593800011344,GUANTE OPERADOR S/CINTILLO,category:materiales,measure:2,38,50,51,1,14,ID producto origen: 1020 | Medida origen: Pieza(s) | Imagen origen: uploads/productos/WhatsApp Image 2025-10-25 at 08.11.55 (4).jpeg | Generado sistema origen: 1,false,true,
1021,branch:jesus-maria,MAT-01021,,ANILLO 12X15,category:materiales,measure:2,22,27,27,1,40,ID producto origen: 1021 | Medida origen: Pieza(s) | Generado sistema origen: 0,false,true,
1022,branch:jesus-maria,MAT-01022,7503000544909,IMPERMEABLE ASFALTICO,category:materiales,measure:2,613.41,824,825,1,2,ID producto origen: 1022 | Medida origen: Pieza(s) | Generado sistema origen: 0,false,true,
1023,branch:jesus-maria,MAT-01023,,DESPACHADOR DE BROCAS,category:materiales,measure:2,1664.99,1664,1665,1,1,ID producto origen: 1023 | Medida origen: Pieza(s) | Generado sistema origen: 0,false,true,
1024,branch:jesus-maria,MAT-01024,,FLETE,category:materiales,measure:2,0,100,100,1,-22,ID producto origen: 1024 | Medida origen: Pieza(s) | Generado sistema origen: 0,false,true,
1025,branch:jesus-maria,MAT-01025,501973705761,VALVULA DE ESFERA 1/2 DICA,category:materiales,measure:2,0,78,79,1,6,ID producto origen: 1025 | Medida origen: Pieza(s) | Generado sistema origen: 0,false,true,
1026,branch:jesus-maria,MAT-01026,503022983236,PEPE SILICON 75G,category:materiales,measure:2,28.34,37,38,1,11,ID producto origen: 1026 | Medida origen: Pieza(s) | Generado sistema origen: 0,false,true,
1027,branch:jesus-maria,MAT-01027,506401322947,PASTILLA TERMOMAGNETICA 20 APERES 1 POLO,category:materiales,measure:2,31,41,42,1,0,ID producto origen: 1027 | Medida origen: Pieza(s) | Generado sistema origen: 0,false,true,
1028,branch:jesus-maria,MAT-01028,501206631904,LLANA RECTA,category:materiales,measure:2,110.01,147,148,1,0,ID producto origen: 1028 | Medida origen: Pieza(s) | Generado sistema origen: 0,false,true,
1029,branch:jesus-maria,MAT-01029,7503007746115,PEGAMENTO CONTACT 240,category:materiales,measure:2,76.79,93,93,1,11,ID producto origen: 1029 | Medida origen: Pieza(s) | Generado sistema origen: 0,false,true,
1030,branch:jesus-maria,MAT-01030,,PIEDRA DE AFILAR,category:materiales,measure:2,19.65,37,37,1,1,ID producto origen: 1030 | Medida origen: Pieza(s) | Generado sistema origen: 0,false,true,
1031,branch:jesus-maria,MAT-01031,,TARIMAS PRESTADAS,category:materiales,measure:2,0,0.1,0.1,1,0,ID producto origen: 1031 | Medida origen: Pieza(s) | Generado sistema origen: 0,false,true,
1032,branch:jesus-maria,MAT-01032,9036842901121,CLAVIJA HEMBRA OVALADA KLEIMAN,category:materiales,measure:2,0,18,19,1,3,ID producto origen: 1032 | Medida origen: Pieza(s) | Imagen origen: uploads/productos/WhatsApp Image 2025-11-14 at 14.57.04.jpeg | Generado sistema origen: 1,false,true,
1033,branch:jesus-maria,MAT-01033,4320716983265,MANGUERA TRAMADA VERDE 3/4,category:materiales,measure:3,11.67,15,16,1,500,ID producto origen: 1033 | Medida origen: Metro(s) | Imagen origen: uploads/productos/WhatsApp Image 2025-11-15 at 8.09.27 AM.jpeg | Generado sistema origen: 1,true,true,
1034,branch:jesus-maria,MAT-01034,502309734707,"CUCHARA PARA ALBAÑIL 12""",category:materiales,measure:2,159.48,214,215,1,3,ID producto origen: 1034 | Medida origen: Pieza(s) | Generado sistema origen: 0,false,true,
1035,branch:jesus-maria,MAT-01035,7501206602461,"CUCHARA PARA ALBAÑIL 10""",category:materiales,measure:2,142.24,191,192,1,1,ID producto origen: 1035 | Medida origen: Pieza(s) | Generado sistema origen: 0,false,true,
1036,branch:jesus-maria,MAT-01036,501206691281,MANGO DE REPOSICION TRUPER,category:materiales,measure:2,59.48,79,80,1,1,ID producto origen: 1036 | Medida origen: Pieza(s) | Generado sistema origen: 0,false,true,
1037,branch:jesus-maria,MAT-01037,506240616245,MANGO REPOSICION PRETUL,category:materiales,measure:2,42.24,56,57,1,1,ID producto origen: 1037 | Medida origen: Pieza(s) | Generado sistema origen: 0,false,true,
1038,branch:jesus-maria,MAT-01038,506240620419,MAZO HULE 24 OZ,category:materiales,measure:2,76.72,102,103,1,1,ID producto origen: 1038 | Medida origen: Pieza(s) | Generado sistema origen: 0,false,true,
1039,branch:jesus-maria,MAT-01039,501206674994,BROCHA PINTOR 6,category:materiales,measure:2,142.95,44,45,1,4,ID producto origen: 1039 | Medida origen: Pieza(s) | Generado sistema origen: 0,false,true,
1040,branch:jesus-maria,MAT-01040,501316150906,ESPUMA EXPANSIVA PENS,category:materiales,measure:2,94.27,126,127,1,4,ID producto origen: 1040 | Medida origen: Pieza(s) | Generado sistema origen: 0,false,true,
1041,branch:jesus-maria,MAT-01041,,CEPILLO PERICO INDUSTRIAL,category:materiales,measure:2,190,227,228,1,5,ID producto origen: 1041 | Medida origen: Pieza(s) | Imagen origen: uploads/productos/WhatsApp Image 2025-12-01 at 12.26.30 PM.jpeg | Generado sistema origen: 0,false,true,
1042,branch:jesus-maria,MAT-01042,,CEPILLO TALLER MED,category:materiales,measure:2,170,205,204,1,5,ID producto origen: 1042 | Medida origen: Pieza(s) | Imagen origen: uploads/productos/WhatsApp Image 2025-12-01 at 1.32.13 PM.jpeg | Generado sistema origen: 0,false,true,
1043,branch:jesus-maria,MAT-01043,501293651809,CEPILLO CESTOR CH,category:materiales,measure:2,160,159,160,1,4,ID producto origen: 1043 | Medida origen: Pieza(s) | Generado sistema origen: 0,false,true,
1044,branch:jesus-maria,MAT-01044,501293621802,CEPILLO CESTOR MEDIANO,category:materiales,measure:2,180,215,216,1,0,ID producto origen: 1044 | Medida origen: Pieza(s) | Generado sistema origen: 0,false,true,
1045,branch:jesus-maria,MAT-01045,501293622809,CEPILLO CESTOR GDE,category:materiales,measure:2,0,0,0,1,0,ID producto origen: 1045 | Medida origen: Pieza(s) | Generado sistema origen: 0,false,false,
1046,branch:jesus-maria,MAT-01046,,TRAPEADOR,category:materiales,measure:2,110,129,130,1,10,ID producto origen: 1046 | Medida origen: Pieza(s) | Generado sistema origen: 0,false,true,
1047,branch:jesus-maria,MAT-01047,0436011048,ESCOBA ECONOMICA,category:materiales,measure:2,85,99,100,1,10,ID producto origen: 1047 | Medida origen: Pieza(s) | Imagen origen: uploads/productos/WhatsApp Image 2025-12-01 at 1.34.48 PM.jpeg | Generado sistema origen: 0,false,true,
1048,branch:jesus-maria,MAT-01048,,CEPILLO LAVA CARROS,category:materiales,measure:2,190,220,220,1,4,ID producto origen: 1048 | Medida origen: Pieza(s) | Imagen origen: uploads/productos/WhatsApp Image 2025-12-01 at 12.26.30 PM (2).jpeg | Generado sistema origen: 0,false,true,
1049,branch:jesus-maria,MAT-01049,501293622809,CEPILLO CESTOR GRANDE,category:materiales,measure:2,190,227,228,1,2,ID producto origen: 1049 | Medida origen: Pieza(s) | Generado sistema origen: 0,false,true,
1050,branch:jesus-maria,MAT-01050,,ESCOBA SUABE,category:materiales,measure:2,95,100,100,1,8,ID producto origen: 1050 | Medida origen: Pieza(s) | Generado sistema origen: 0,false,true,
1051,branch:jesus-maria,MAT-01051,7502309737012,MANGO DE MADERA ZAPAPICOS,category:materiales,measure:2,135,155,156,1,5,ID producto origen: 1051 | Medida origen: Pieza(s) | Generado sistema origen: 0,false,true,
1052,branch:jesus-maria,MAT-01052,7501147411092,BICOLOR JUMBO,category:materiales,measure:2,6.52,8,9,1,7,ID producto origen: 1052 | Medida origen: Pieza(s) | Generado sistema origen: 0,false,true,
1053,branch:jesus-maria,MAT-01053,7501147415724,BICOLOR DELGADO,category:materiales,measure:2,5.19,6,7,1,30,ID producto origen: 1053 | Medida origen: Pieza(s) | Generado sistema origen: 0,false,true,
1054,branch:jesus-maria,MAT-01054,,CLAVO CONCRETO 4 PULGADAS,category:materiales,measure:2,28.54,90,90,1,2,ID producto origen: 1054 | Medida origen: Pieza(s) | Generado sistema origen: 0,false,true,
1055,branch:jesus-maria,MAT-01055,,CLAVO 3 PULGADAS,category:materiales,measure:2,39.97,48,48,1,0,ID producto origen: 1055 | Medida origen: Pieza(s) | Generado sistema origen: 0,false,true,
1056,branch:jesus-maria,MAT-01056,,BASE ECONOMICA,category:materiales,measure:2,310,430,430,1,19,ID producto origen: 1056 | Medida origen: Pieza(s) | Generado sistema origen: 0,false,true,
1057,branch:jesus-maria,MAT-01057,1486151197360,TUERCA EST 1/4,category:materiales,measure:2,0.42,1,1,1,200,ID producto origen: 1057 | Medida origen: Pieza(s) | Generado sistema origen: 1,false,true,
1058,branch:jesus-maria,MAT-01058,4174047493586,TUERCA EST 5/16,category:materiales,measure:2,0.41,1,1,1,100,ID producto origen: 1058 | Medida origen: Pieza(s) | Generado sistema origen: 1,false,true,
1059,branch:jesus-maria,MAT-01059,6876528196310,TUERCA EST 3/8,category:materiales,measure:2,0.59,1,1,1,100,ID producto origen: 1059 | Medida origen: Pieza(s) | Generado sistema origen: 1,false,true,
1060,branch:jesus-maria,MAT-01060,9682446150962,TUERCA NAYLON 5/16,category:materiales,measure:2,0.02,1,1,1,94,ID producto origen: 1060 | Medida origen: Pieza(s) | Generado sistema origen: 1,false,true,
1061,branch:jesus-maria,MAT-01061,4896609689946,TUERCA NAYLON 3/8,category:materiales,measure:2,0.86,1.5,1.5,1,50,ID producto origen: 1061 | Medida origen: Pieza(s) | Generado sistema origen: 1,false,true,
1062,branch:jesus-maria,MAT-01062,,BROCA DE CONCRETO 3/8X12,category:materiales,measure:2,0,0,0,1,0,ID producto origen: 1062 | Medida origen: Pieza(s) | Generado sistema origen: 0,false,false,
1063,branch:jesus-maria,MAT-01063,,BROCA CONCRETO 1/4X12,category:materiales,measure:2,24.15,28,29,1,2,ID producto origen: 1063 | Medida origen: Pieza(s) | Generado sistema origen: 0,false,true,
1064,branch:jesus-maria,MAT-01064,9000714908853,TORNILLO 7/16X5,category:materiales,measure:2,29.19,11,12,1,25,ID producto origen: 1064 | Medida origen: Pieza(s) | Imagen origen: uploads/productos/WhatsApp Image 2025-12-15 at 8.10.15 AM.jpeg | Generado sistema origen: 1,false,true,
1065,branch:jesus-maria,MAT-01065,,BROCA CONCRETO 5/32,category:materiales,measure:2,9.41,11,12,1,5,ID producto origen: 1065 | Medida origen: Pieza(s) | Generado sistema origen: 0,false,true,
1066,branch:jesus-maria,MAT-01066,,BROCA METAL 3/16X3,category:materiales,measure:2,9.17,11,12,1,5,ID producto origen: 1066 | Medida origen: Pieza(s) | Generado sistema origen: 0,false,true,
1067,branch:jesus-maria,MAT-01067,,BROCA CONCRETO 1/8X3,category:materiales,measure:2,9.17,11,12,1,3,ID producto origen: 1067 | Medida origen: Pieza(s) | Generado sistema origen: 0,false,true,
1068,branch:jesus-maria,MAT-01068,,BROCA CONCRETO 1/4X4,category:materiales,measure:2,0,0,0,1,0,ID producto origen: 1068 | Medida origen: Pieza(s) | Generado sistema origen: 0,false,false,
1069,branch:jesus-maria,MAT-01069,9904898145502,TORNILLO 7/8X2,category:materiales,measure:2,20.83,24,25,1,7,ID producto origen: 1069 | Medida origen: Pieza(s) | Imagen origen: uploads/productos/WhatsApp Image 2025-12-15 at 7.48.56 AM.jpeg | Generado sistema origen: 1,false,true,
1070,branch:jesus-maria,MAT-01070,2741656996160,TORNILLO 7/8X2 1/2,category:materiales,measure:2,24.15,28,29,1,6,ID producto origen: 1070 | Medida origen: Pieza(s) | Imagen origen: uploads/productos/WhatsApp Image 2025-12-15 at 7.59.15 AM.jpeg | Generado sistema origen: 1,false,true,
1071,branch:jesus-maria,MAT-01071,0727198823005,TORNILLO 7/8X3,category:materiales,measure:2,27.56,32,33,1,7,ID producto origen: 1071 | Medida origen: Pieza(s) | Imagen origen: uploads/productos/WhatsApp Image 2025-12-15 at 8.05.39 AM.jpeg | Generado sistema origen: 1,false,true,
1072,branch:jesus-maria,MAT-01072,5309097182756,TORNILLO 7/8X3 1/2,category:materiales,measure:2,31.06,36,37,1,7,ID producto origen: 1072 | Medida origen: Pieza(s) | Imagen origen: uploads/productos/WhatsApp Image 2025-12-15 at 8.04.11 AM.jpeg | Generado sistema origen: 1,false,true,
1073,branch:jesus-maria,MAT-01073,8071181595700,TORNILLO 7/8X4,category:materiales,measure:2,34.47,41,42,1,4,ID producto origen: 1073 | Medida origen: Pieza(s) | Imagen origen: uploads/productos/WhatsApp Image 2025-12-15 at 7.56.00 AM_1429.jpeg | Generado sistema origen: 1,false,true,
1074,branch:jesus-maria,MAT-01074,6661315904236,TORNILLO 7/8X5,category:materiales,measure:2,41.38,49,50,1,6,ID producto origen: 1074 | Medida origen: Pieza(s) | Imagen origen: uploads/productos/WhatsApp Image 2025-12-15 at 7.56.00 AM.jpeg | Generado sistema origen: 1,false,true,
1075,branch:jesus-maria,MAT-01075,7262156435621,TORNILLO 7/8X6,category:materiales,measure:2,48.29,57,58,1,5,ID producto origen: 1075 | Medida origen: Pieza(s) | Imagen origen: uploads/productos/WhatsApp Image 2025-12-15 at 7.53.22 AM.jpeg | Generado sistema origen: 1,false,true,
1076,branch:jesus-maria,MAT-01076,5071033984396,TORNILLO 7/8X7,category:materiales,measure:2,4.42,66,67,1,7,ID producto origen: 1076 | Medida origen: Pieza(s) | Imagen origen: uploads/productos/WhatsApp Image 2025-12-15 at 8.07.55 AM.jpeg | Generado sistema origen: 1,false,true,
1077,branch:jesus-maria,MAT-01077,1234510924412,TUERCA 7/8,category:materiales,measure:2,1.55,9,10,1,38,ID producto origen: 1077 | Medida origen: Pieza(s) | Imagen origen: uploads/productos/WhatsApp Image 2025-12-15 at 8.00.52 AM.jpeg | Generado sistema origen: 1,false,true,
1078,branch:jesus-maria,MAT-01078,5148761232690,RONDANA 7/8,category:materiales,measure:2,0,7,7,1,-3,ID producto origen: 1078 | Medida origen: Pieza(s) | Generado sistema origen: 1,false,true,
1079,branch:jesus-maria,MAT-01079,,MARMOLINA,category:materiales,measure:2,65,105,105,1,20,ID producto origen: 1079 | Medida origen: Pieza(s) | Generado sistema origen: 0,false,true,
1080,branch:jesus-maria,MAT-01080,,CODO PULPO,category:materiales,measure:2,35,39,40,1,2,ID producto origen: 1080 | Medida origen: Pieza(s) | Generado sistema origen: 0,false,true,
1081,branch:jesus-maria,MAT-01081,7501206604571,ESCOBA PLASTICA 30D TRUPER,category:materiales,measure:2,128.45,172,173,1,0,ID producto origen: 1081 | Medida origen: Pieza(s) | Generado sistema origen: 0,false,true,
1082,branch:jesus-maria,MAT-01082,7501206659922,ESCOBA PLASTICA 26D TRUPER,category:materiales,measure:2,90.52,121,122,1,0,ID producto origen: 1082 | Medida origen: Pieza(s) | Generado sistema origen: 0,false,true,
1083,branch:jesus-maria,MAT-01083,,JALADOR,category:materiales,measure:2,56,67,68,1,1,ID producto origen: 1083 | Medida origen: Pieza(s) | Generado sistema origen: 0,false,true,
1084,branch:jesus-maria,MAT-01084,7501206691076,"CAMARA PARA LLANTA 16""",category:materiales,measure:2,31.9,42,43,1,1,ID producto origen: 1084 | Medida origen: Pieza(s) | Generado sistema origen: 0,false,true,
1085,branch:jesus-maria,MAT-01085,4769,EMBUDO,category:materiales,measure:2,17.67,22,22,1,8,ID producto origen: 1085 | Medida origen: Pieza(s) | Generado sistema origen: 0,false,true,
1086,branch:jesus-maria,MAT-01086,7501206622902,"LLANTA IMPONCHABLE 16""",category:materiales,measure:2,366.38,492,493,1,1,ID producto origen: 1086 | Medida origen: Pieza(s) | Generado sistema origen: 0,false,true,
1087,branch:jesus-maria,MAT-01087,71356,PLOMODE 1,category:materiales,measure:2,109.9,131,132,1,1,ID producto origen: 1087 | Medida origen: Pieza(s) | Imagen origen: uploads/productos/WhatsApp Image 2025-12-15 at 11.46.43 AM (1).jpeg | Generado sistema origen: 1,false,true,
1088,branch:jesus-maria,MAT-01088,7501206691052,"LLANTA NEUMATICA 16""",category:materiales,measure:2,254.31,341,342,1,1,ID producto origen: 1088 | Medida origen: Pieza(s) | Generado sistema origen: 0,false,true,
1089,branch:jesus-maria,MAT-01089,7501206691069,"LLANTA NEUMATICA LISA 16""",category:materiales,measure:2,237.07,318,319,1,1,ID producto origen: 1089 | Medida origen: Pieza(s) | Generado sistema origen: 0,false,true,
1090,branch:jesus-maria,MAT-01090,7501206698655,"CORTAPERNOS 14""",category:materiales,measure:2,271.55,364,365,1,2,ID producto origen: 1090 | Medida origen: Pieza(s) | Generado sistema origen: 0,false,true,
1091,branch:jesus-maria,MAT-01091,7501206698679,"CORTAPERNOS 24""",category:materiales,measure:2,452.59,608,609,1,2,ID producto origen: 1091 | Medida origen: Pieza(s) | Generado sistema origen: 0,false,true,
1092,branch:jesus-maria,MAT-01092,7501206698686,"CORTAPERNOS 30""",category:materiales,measure:2,625,840,841,1,1,ID producto origen: 1092 | Medida origen: Pieza(s) | Generado sistema origen: 0,false,true,
1093,branch:jesus-maria,MAT-01093,8884950444273,PLAMODE 2,category:materiales,measure:2,116.55,139,140,1,1,ID producto origen: 1093 | Medida origen: Pieza(s) | Imagen origen: uploads/productos/WhatsApp Image 2025-12-15 at 1.05.02 PM.jpeg | Generado sistema origen: 1,false,true,
1094,branch:jesus-maria,MAT-01094,5155287014167,PLAMODE 3,category:materiales,measure:2,150.15,179,180,1,1,ID producto origen: 1094 | Medida origen: Pieza(s) | Imagen origen: uploads/productos/WhatsApp Image 2025-12-15 at 2.31.16 PM.jpeg | Generado sistema origen: 1,false,true,
1095,branch:jesus-maria,MAT-01095,7736,CINTA TRASPARENTE 150M,category:materiales,measure:2,26.13,31,32,1,4,ID producto origen: 1095 | Medida origen: Pieza(s) | Generado sistema origen: 0,false,true,
1096,branch:jesus-maria,MAT-01096,7735,CINTA TRASPARENTE 40M,category:materiales,measure:2,8.63,11,11,1,6,ID producto origen: 1096 | Medida origen: Pieza(s) | Generado sistema origen: 0,false,true,
1097,branch:jesus-maria,MAT-01097,8056,TIRALINEAS,category:materiales,measure:2,37.8,45,46,1,6,ID producto origen: 1097 | Medida origen: Pieza(s) | Generado sistema origen: 0,false,true,
1098,branch:jesus-maria,MAT-01098,2122,ACCESORIOS DE AIRE,category:materiales,measure:2,179.2,214,215,1,0,ID producto origen: 1098 | Medida origen: Pieza(s) | Generado sistema origen: 1,false,true,
1099,branch:jesus-maria,MAT-01099,2341,ARCO PEQUEÑO,category:materiales,measure:2,46.2,55,56,1,4,ID producto origen: 1099 | Medida origen: Pieza(s) | Generado sistema origen: 0,false,true,
1100,branch:jesus-maria,MAT-01100,5433742273206,TORNILLO ESTUFA 5/32X1,category:materiales,measure:2,0,0,0,1,20,ID producto origen: 1100 | Medida origen: Pieza(s) | Generado sistema origen: 1,false,true,
1101,branch:jesus-maria,MAT-01101,501206671795,LENTE DE SEGURIDAD TRU NEGRO,category:materiales,measure:2,21.55,28,29,1,7,ID producto origen: 1101 | Medida origen: Pieza(s) | Generado sistema origen: 0,false,true,
1102,branch:jesus-maria,MAT-01102,501206655764,CUBREBOCA,category:materiales,measure:2,2.85,4,4,1,10,ID producto origen: 1102 | Medida origen: Pieza(s) | Generado sistema origen: 0,false,true,
1103,branch:jesus-maria,MAT-01103,501206693988,ABRAZADERA 5/8,category:materiales,measure:2,8.9,9,10,1,7,ID producto origen: 1103 | Medida origen: Pieza(s) | Generado sistema origen: 0,false,true,
1104,branch:jesus-maria,MAT-01104,7501206660676,PISTOLA CALAFATEADORA,category:materiales,measure:2,42.24,55,56,1,1,ID producto origen: 1104 | Medida origen: Pieza(s) | Generado sistema origen: 0,false,true,
1105,branch:jesus-maria,MAT-01105,7501206683507,PISTOLA CALAFATEADORA REFORZADA,category:materiales,measure:2,116.38,155,156,1,2,ID producto origen: 1105 | Medida origen: Pieza(s) | Generado sistema origen: 0,false,true,
1106,branch:jesus-maria,MAT-01106,0737658568063,ABRAZADERA 1 1/4,category:materiales,measure:2,26.79,9,10,1,20,ID producto origen: 1106 | Medida origen: Pieza(s) | Generado sistema origen: 1,false,true,
1107,branch:jesus-maria,MAT-01107,,ANILLO 10X20,category:materiales,measure:1,19.5,27,27,1,72,ID producto origen: 1107 | Medida origen: Kilo(s) | Generado sistema origen: 0,true,true,
1108,branch:jesus-maria,MAT-01108,506401313600,ADAPTADOR TRIPLE IGOTO,category:materiales,measure:2,30.76,42,42,1,4,ID producto origen: 1108 | Medida origen: Pieza(s) | Generado sistema origen: 0,false,true,
1109,branch:jesus-maria,MAT-01109,503007746122,PEGAMENTO CONTACT 475 ML,category:materiales,measure:1,129.29,170,170,1,13,ID producto origen: 1109 | Medida origen: Kilo(s) | Generado sistema origen: 0,true,true,
1110,branch:jesus-maria,MAT-01110,1827228581826,MANGUERA/NIVEL 5/16,category:materiales,measure:2,2.61,4,4,1,100,ID producto origen: 1110 | Medida origen: Pieza(s) | Imagen origen: uploads/productos/WhatsApp Image 2026-01-12 at 3.08.18 PM.jpeg | Generado sistema origen: 1,false,true,
1111,branch:jesus-maria,MAT-01111,7851747052134,MANGUERA DE NIVEL 1/4,category:materiales,measure:3,1.87,3,3,1,100,ID producto origen: 1111 | Medida origen: Metro(s) | Imagen origen: uploads/productos/WhatsApp Image 2026-01-12 at 3.20.33 PM.jpeg | Generado sistema origen: 1,true,true,
1112,branch:jesus-maria,MAT-01112,502244712556,BROCHA 1/2,category:materiales,measure:2,4.79,8,8,1,1,ID producto origen: 1112 | Medida origen: Pieza(s) | Generado sistema origen: 0,false,true,
1113,branch:jesus-maria,MAT-01113,,REDUCCION 4 A 3,category:materiales,measure:2,22,25,25,1,-2,ID producto origen: 1113 | Medida origen: Pieza(s) | Generado sistema origen: 0,false,false,
1114,branch:jesus-maria,MAT-01114,501087651314,ARRANCADOR,category:materiales,measure:2,0,99,100,1,4,ID producto origen: 1114 | Medida origen: Pieza(s) | Generado sistema origen: 0,false,true,
1115,branch:jesus-maria,MAT-01115,,CUBETA DE GRASA,category:materiales,measure:2,0,520,520,1,0,ID producto origen: 1115 | Medida origen: Pieza(s) | Generado sistema origen: 0,false,true,
1116,branch:jesus-maria,MAT-01116,,"TUBO TERMO FUSION VERDE 1""",category:materiales,measure:2,163.55,218,219,1,9,ID producto origen: 1116 | Medida origen: Pieza(s) | Generado sistema origen: 0,false,true,
1117,branch:jesus-maria,MAT-01117,,TUBO TERMO FUSION VERDE 3/4,category:materiales,measure:2,95.59,128,128,1,6,ID producto origen: 1117 | Medida origen: Pieza(s) | Generado sistema origen: 0,false,true,
1118,branch:jesus-maria,MAT-01118,,REDUCCION DE 1 A 3/4 VERDE,category:materiales,measure:2,7.7,11,11,1,20,ID producto origen: 1118 | Medida origen: Pieza(s) | Generado sistema origen: 0,false,true,
1119,branch:jesus-maria,MAT-01119,,CODO VERDE 1 PULGADA,category:materiales,measure:2,10.81,15,15,1,5,ID producto origen: 1119 | Medida origen: Pieza(s) | Generado sistema origen: 0,false,true,
1120,branch:jesus-maria,MAT-01120,,SELLO,category:materiales,measure:3,333.33,370,370,1,31,ID producto origen: 1120 | Medida origen: Metro(s) | Generado sistema origen: 0,true,true,
1121,branch:jesus-maria,MAT-01121,6425348845719,TEE VERDE 1 1/2,category:materiales,measure:2,45.86,61,62,1,8,ID producto origen: 1121 | Medida origen: Pieza(s) | Imagen origen: uploads/productos/TEE VERDE.webp | Generado sistema origen: 1,false,true,
1122,branch:jesus-maria,MAT-01122,4183537728732,REDUCCION 1 1/2 A 1 VERDE,category:materiales,measure:2,25.55,34,35,1,14,ID producto origen: 1122 | Medida origen: Pieza(s) | Imagen origen: uploads/productos/REDUCCION VERDE.jpg | Generado sistema origen: 1,false,true,
1123,branch:jesus-maria,MAT-01123,,CURVA CONDUIT PESADO 3/4,category:materiales,measure:2,4.75,8,8,1,15,ID producto origen: 1123 | Medida origen: Pieza(s) | Generado sistema origen: 0,false,true,
1124,branch:jesus-maria,MAT-01124,,CODO GALV 3/4X90,category:materiales,measure:2,0,0,0,1,0,ID producto origen: 1124 | Medida origen: Pieza(s) | Generado sistema origen: 0,false,false,
1125,branch:jesus-maria,MAT-01125,,TIJERAS,category:materiales,measure:2,0,146,146,1,5,ID producto origen: 1125 | Medida origen: Pieza(s) | Generado sistema origen: 0,false,true,
1126,branch:jesus-maria,MAT-01126,,TUBO TERMO FUSION VERDE 1/2,category:materiales,measure:2,55.28,73,74,1,20,ID producto origen: 1126 | Medida origen: Pieza(s) | Generado sistema origen: 0,false,true,
1127,branch:jesus-maria,MAT-01127,,TUBO TERMO FUSION VERDE 1-1/2,category:materiales,measure:2,789.46,506,507,1,12,ID producto origen: 1127 | Medida origen: Pieza(s) | Generado sistema origen: 0,false,true,
1128,branch:jesus-maria,MAT-01128,7500462073282,PLACA LUCEK CIEGA,category:materiales,measure:2,0,0,0,1,0,ID producto origen: 1128 | Medida origen: Pieza(s) | Generado sistema origen: 0,false,false,
1129,branch:jesus-maria,MAT-01129,7500462073282,PLACA LUCEK CIEGA,category:materiales,measure:2,11.44,15,16,1,9,ID producto origen: 1129 | Medida origen: Pieza(s) | Generado sistema origen: 0,false,true,
1130,branch:jesus-maria,MAT-01130,7502252572227,PLACA LUCEK 1 TIMBRE,category:materiales,measure:2,22.13,29,30,1,9,ID producto origen: 1130 | Medida origen: Pieza(s) | Generado sistema origen: 0,false,true,
1131,branch:jesus-maria,MAT-01131,7502252572203,PLACA LUCEK 1 TOMA D/TELEVISION,category:materiales,measure:2,22.38,29,30,1,9,ID producto origen: 1131 | Medida origen: Pieza(s) | Generado sistema origen: 0,false,true,
1132,branch:jesus-maria,MAT-01132,,DESPOLVE,category:materiales,measure:3,176.67,2000,2000,1,0,ID producto origen: 1132 | Medida origen: Metro(s) | Generado sistema origen: 0,true,true,
1133,branch:jesus-maria,MAT-01133,7500463049453,PLACA LUCEK 2 INTERRUPTORES ESCALERA,category:materiales,measure:2,30.51,43,44,1,15,ID producto origen: 1133 | Medida origen: Pieza(s) | Generado sistema origen: 0,false,true,
1134,branch:jesus-maria,MAT-01134,7501316150821,SILICON USO GENERAL PEPE-SILICON BLANCO,category:materiales,measure:2,58,77,78,1,8,ID producto origen: 1134 | Medida origen: Pieza(s) | Generado sistema origen: 0,false,true,
1135,branch:jesus-maria,MAT-01135,7501206683040,GUANTE LATEX INDUST. G,category:materiales,measure:2,90.52,121,122,1,0,ID producto origen: 1135 | Medida origen: Pieza(s) | Generado sistema origen: 0,false,false,
1136,branch:jesus-maria,MAT-01136,7506240643449,GUANTE LATEX REFOR. CH,category:materiales,measure:2,30.17,40,41,1,0,ID producto origen: 1136 | Medida origen: Pieza(s) | Generado sistema origen: 0,false,false,
1137,branch:jesus-maria,MAT-01137,7506240617808,BARBOQUEJO P/CASCO DE SEGURIDAD,category:materiales,measure:2,14.66,19,20,1,0,ID producto origen: 1137 | Medida origen: Pieza(s) | Generado sistema origen: 0,false,true,
1138,branch:jesus-maria,MAT-01138,0577382741147,CARILLO N 4,category:materiales,measure:2,133.4,179,180,1,1,ID producto origen: 1138 | Medida origen: Pieza(s) | Generado sistema origen: 1,false,true,
1139,branch:jesus-maria,MAT-01139,9667842423889,CARILLO N5,category:materiales,measure:2,168.48,267,267,1,1,ID producto origen: 1139 | Medida origen: Pieza(s) | Generado sistema origen: 1,false,true,
1140,branch:jesus-maria,MAT-01140,4969536989301,CARILLO N 6,category:materiales,measure:2,284.45,273,274,1,1,ID producto origen: 1140 | Medida origen: Pieza(s) | Generado sistema origen: 1,false,true,
1141,branch:jesus-maria,MAT-01141,,CEMENTO HOLCIM 25 KILOS,category:materiales,measure:2,107.63,120,120,1,205,ID producto origen: 1141 | Medida origen: Pieza(s) | Generado sistema origen: 0,false,true,
1142,branch:jesus-maria,MAT-01142,7506240681687,CASCO DE SEGURIDAD,category:materiales,measure:2,76.72,102,103,1,-2,ID producto origen: 1142 | Medida origen: Pieza(s) | Generado sistema origen: 0,false,true,
1143,branch:jesus-maria,MAT-01143,7501206626115,TIJERA D/AVIACION CORTE RECTO,category:materiales,measure:2,159.48,214,215,1,1,ID producto origen: 1143 | Medida origen: Pieza(s) | Generado sistema origen: 0,false,true,
1144,branch:jesus-maria,MAT-01144,7501206626122,TIJERA D/AVIACION CORTE IZQUIERDO,category:materiales,measure:2,159.48,214,215,1,1,ID producto origen: 1144 | Medida origen: Pieza(s) | Generado sistema origen: 0,false,true,
1145,branch:jesus-maria,MAT-01145,7501206626139,TIJERA D/AVIACION CORTE DERECHO,category:materiales,measure:2,159.48,214,215,1,1,ID producto origen: 1145 | Medida origen: Pieza(s) | Generado sistema origen: 0,false,true,
1146,branch:jesus-maria,MAT-01146,7506240634898,CHALECO SEGURIDAD TRUPER,category:materiales,measure:2,193.97,260,261,1,5,ID producto origen: 1146 | Medida origen: Pieza(s) | Generado sistema origen: 0,false,true,
1147,branch:jesus-maria,MAT-01147,,BOTA DE SEGURIDAD,category:materiales,measure:2,599.14,805,806,1,0,ID producto origen: 1147 | Medida origen: Pieza(s) | Generado sistema origen: 0,false,true,
1148,branch:jesus-maria,MAT-01148,,BASE,category:materiales,measure:2,310,11300,11300,1,0,ID producto origen: 1148 | Medida origen: Pieza(s) | Generado sistema origen: 0,false,true,
1149,branch:jesus-maria,MAT-01149,,TINACO RESISTEC,category:materiales,measure:2,2240,2598,2598,1,0,ID producto origen: 1149 | Medida origen: Pieza(s) | Generado sistema origen: 0,false,true,
1150,branch:jesus-maria,MAT-01150,7506325111245,"JUEGO DE HERRAJES 2""",category:materiales,measure:2,108,144,145,1,2,ID producto origen: 1150 | Medida origen: Pieza(s) | Generado sistema origen: 0,false,true,
1151,branch:jesus-maria,MAT-01151,0873012929740,"ABRAZADERA OMEGA 3/4""",category:materiales,measure:2,1.6,18,19,1,10,ID producto origen: 1151 | Medida origen: Pieza(s) | Generado sistema origen: 1,false,true,
1152,branch:jesus-maria,MAT-01152,795577006257,FLOTADOR P/TINACO,category:materiales,measure:2,200.82,269,270,1,3,ID producto origen: 1152 | Medida origen: Pieza(s) | Generado sistema origen: 0,false,true,
1153,branch:jesus-maria,MAT-01153,7501973737908,VALVULA P/GAS (DICA),category:materiales,measure:2,64.64,86,87,1,3,ID producto origen: 1153 | Medida origen: Pieza(s) | Generado sistema origen: 0,false,true,
1154,branch:jesus-maria,MAT-01154,7506325102670,JUEGO DE HERRAJES,category:materiales,measure:2,67,89,90,1,2,ID producto origen: 1154 | Medida origen: Pieza(s) | Generado sistema origen: 0,false,true,
1155,branch:jesus-maria,MAT-01155,0584588598291,"ABRAZADERA OMEGA 2""",category:materiales,measure:2,5.8,38,39,1,10,ID producto origen: 1155 | Medida origen: Pieza(s) | Generado sistema origen: 1,false,true,
1156,branch:jesus-maria,MAT-01156,6926441078689,"ABRAZADERA OMEGA 4""",category:materiales,measure:2,14.4,96,97,1,10,ID producto origen: 1156 | Medida origen: Pieza(s) | Generado sistema origen: 1,false,true,
1157,branch:jesus-maria,MAT-01157,0721173542967,"ABRAZADERA OMEGA 1""",category:materiales,measure:2,2.4,31,32,1,10,ID producto origen: 1157 | Medida origen: Pieza(s) | Generado sistema origen: 1,false,true,
1158,branch:jesus-maria,MAT-01158,5582488317832,"ABRAZADERA OMEGA 3""",category:materiales,measure:2,13,86,87,1,10,ID producto origen: 1158 | Medida origen: Pieza(s) | Generado sistema origen: 1,false,true,
1159,branch:jesus-maria,MAT-01159,,MALLA CRIBA,category:materiales,measure:3,95.56,128,129,1,10,ID producto origen: 1159 | Medida origen: Metro(s) | Generado sistema origen: 0,true,true,
1160,branch:jesus-maria,MAT-01160,502252572135,PLACA LUCEK 1 APAGADOR ESCALERA,category:materiales,measure:2,0,29,29,1,13,ID producto origen: 1160 | Medida origen: Pieza(s) | Generado sistema origen: 0,false,true,
1161,branch:jesus-maria,MAT-01161,7506240602545,CINTA TEFLON 3/4 INDUSTRIAL (TRUPER),category:materiales,measure:2,6.9,8,9,1,18,ID producto origen: 1161 | Medida origen: Pieza(s) | Generado sistema origen: 0,false,true,
1162,branch:jesus-maria,MAT-01162,,GRAVA 1 1/2,category:materiales,measure:2,300,480,480,1,0,ID producto origen: 1162 | Medida origen: Pieza(s) | Generado sistema origen: 0,false,true,
1163,branch:jesus-maria,MAT-01163,,PEGA AZULEJO ADE,category:materiales,measure:2,85,114,114,1,50,ID producto origen: 1163 | Medida origen: Pieza(s) | Generado sistema origen: 0,false,true,
1164,branch:jesus-maria,MAT-01164,3184684801362,BASE PARA FOCO,category:materiales,measure:2,0,24,25,1,5,ID producto origen: 1164 | Medida origen: Pieza(s) | Generado sistema origen: 1,false,true,
1165,branch:jesus-maria,MAT-01165,,CODO HEMBRA 1/2 TERMO,category:materiales,measure:2,35,40,41,1,0,ID producto origen: 1165 | Medida origen: Pieza(s) | Generado sistema origen: 0,false,true,
1166,branch:jesus-maria,MAT-01166,,TAPON 1/2 GAL,category:materiales,measure:2,0,0,0,1,0,ID producto origen: 1166 | Medida origen: Pieza(s) | Generado sistema origen: 0,false,true,
1167,branch:jesus-maria,MAT-01167,,NIPLE 1/2X2,category:materiales,measure:2,8,10,10,1,0,ID producto origen: 1167 | Medida origen: Pieza(s) | Generado sistema origen: 0,false,true,
1168,branch:jesus-maria,MAT-01168,,TEE HEMBRA 1/2 TERMO,category:materiales,measure:2,33,38,39,1,0,ID producto origen: 1168 | Medida origen: Pieza(s) | Generado sistema origen: 0,false,true,
1169,branch:jesus-maria,MAT-01169,,RED 3/4 -12,category:materiales,measure:2,3.3,4,4,1,0,ID producto origen: 1169 | Medida origen: Pieza(s) | Generado sistema origen: 0,false,true,
1170,branch:jesus-maria,MAT-01170,501206647189,LLAVE COMBINADA 5/8,category:materiales,measure:2,89,104,104,1,2,ID producto origen: 1170 | Medida origen: Pieza(s) | Generado sistema origen: 0,false,true,
1171,branch:jesus-maria,MAT-01171,,REDUCCION 4A2 PVC,category:materiales,measure:2,18,22,22,1,0,ID producto origen: 1171 | Medida origen: Pieza(s) | Generado sistema origen: 0,false,true,
1172,branch:jesus-maria,MAT-01172,,CODO OREJA TERMO FU 1/2,category:materiales,measure:2,35,40,41,1,0,ID producto origen: 1172 | Medida origen: Pieza(s) | Generado sistema origen: 0,false,true,
1173,branch:jesus-maria,MAT-01173,,REDU 1 A 3/4 TERMO,category:materiales,measure:2,6.5,8,8,1,0,ID producto origen: 1173 | Medida origen: Pieza(s) | Generado sistema origen: 0,false,true,
1174,branch:jesus-maria,MAT-01174,,REDU 3/4 A 1/2 TERMO,category:materiales,measure:2,3.3,4,4,1,0,ID producto origen: 1174 | Medida origen: Pieza(s) | Generado sistema origen: 0,false,true,
1175,branch:jesus-maria,MAT-01175,,NIPLE 1/2X2 GAL,category:materiales,measure:2,7,9,9,1,0,ID producto origen: 1175 | Medida origen: Pieza(s) | Generado sistema origen: 0,false,true,
1176,branch:jesus-maria,MAT-01176,8184290684064,TEE 1/2 P/MAN,category:materiales,measure:2,13.2,16,16,1,9,ID producto origen: 1176 | Medida origen: Pieza(s) | Generado sistema origen: 1,false,true,
1177,branch:jesus-maria,MAT-01177,5493919264703,TAPON 1/2 PVC,category:materiales,measure:2,6.5,8,8,1,8,ID producto origen: 1177 | Medida origen: Pieza(s) | Generado sistema origen: 1,false,true,
1178,branch:jesus-maria,MAT-01178,,ARENA TRITURADA,category:materiales,measure:3,366.67,500,500,1,0,ID producto origen: 1178 | Medida origen: Metro(s) | Generado sistema origen: 0,true,true,
1179,branch:jesus-maria,MAT-01179,,JALADOR DE CONCRETO,category:materiales,measure:2,254.31,341,342,1,1,ID producto origen: 1179 | Medida origen: Pieza(s) | Generado sistema origen: 0,false,true,
1180,branch:jesus-maria,MAT-01180,7506240657590,GUANTE DE NITRILO M (PRETUL),category:materiales,measure:2,24.14,32,33,1,11,ID producto origen: 1180 | Medida origen: Pieza(s) | Generado sistema origen: 0,false,true,
1181,branch:jesus-maria,MAT-01181,7506240609971,FLOTA NEGRA (PRETUL),category:materiales,measure:2,50.86,67,68,1,1,ID producto origen: 1181 | Medida origen: Pieza(s) | Generado sistema origen: 0,false,true,
1182,branch:jesus-maria,MAT-01182,7501206694046,"ABRAZADERA MIN1-13/16"" MAX2-3/4"" (FIERO)",category:materiales,measure:2,9.31,13,13,1,20,ID producto origen: 1182 | Medida origen: Pieza(s) | Generado sistema origen: 0,false,true,
1183,branch:jesus-maria,MAT-01183,7501206693957,ABRAZADERA MIN 1/2 (FIERO),category:materiales,measure:2,5.63,8,8,1,33,ID producto origen: 1183 | Medida origen: Pieza(s) | Generado sistema origen: 0,false,true,
1184,branch:jesus-maria,MAT-01184,7501206693964,"ABRAZADERA MIN5/8"" MAX7/8"" (FIERO)",category:materiales,measure:2,5.95,8,8,1,30,ID producto origen: 1184 | Medida origen: Pieza(s) | Generado sistema origen: 0,false,true,
1185,branch:jesus-maria,MAT-01185,7501206693971,"ABRAZADERA MIN3/4"" MAX1-1/16"" (FIERO)",category:materiales,measure:2,5.95,8,8,1,40,ID producto origen: 1185 | Medida origen: Pieza(s) | Generado sistema origen: 0,false,true,
1186,branch:jesus-maria,MAT-01186,,TRIPLAY MADERA,category:materiales,measure:2,500,575,575,1,0,ID producto origen: 1186 | Medida origen: Pieza(s) | Generado sistema origen: 0,false,true,
1187,branch:jesus-maria,MAT-01187,,POLVILLO,category:materiales,measure:2,0,430,430,1,-2,ID producto origen: 1187 | Medida origen: Pieza(s) | Generado sistema origen: 0,false,true,
1188,branch:jesus-maria,MAT-01188,503007746092,PEGAMENTO CTC TUBO PVC 60ML,category:materiales,measure:2,22.39,30,30,1,14,ID producto origen: 1188 | Medida origen: Pieza(s) | Generado sistema origen: 0,false,true,
1189,branch:jesus-maria,MAT-01189,,ANILLO 10X25,category:materiales,measure:2,23,27,27,1,100,ID producto origen: 1189 | Medida origen: Pieza(s) | Generado sistema origen: 0,false,true,
1190,branch:jesus-maria,MAT-01190,,GACO FLOX,category:materiales,measure:2,0,0,0,1,0,ID producto origen: 1190 | Medida origen: Pieza(s) | Generado sistema origen: 0,false,true,
1191,branch:jesus-maria,MAT-01191,,ADESTUK ADE1000,category:materiales,measure:2,0,130,130,1,0,ID producto origen: 1191 | Medida origen: Pieza(s) | Generado sistema origen: 0,false,false,
1192,branch:jesus-maria,MAT-01192,,SOBRE TECHO,category:materiales,measure:2,0,3.2,3.2,1,-300,ID producto origen: 1192 | Medida origen: Pieza(s) | Generado sistema origen: 0,false,true,
1193,branch:jesus-maria,MAT-01193,,varilla GRUESA 5/8,category:materiales,measure:2,19.37,430,430,1,32,ID producto origen: 1193 | Medida origen: Pieza(s) | Generado sistema origen: 0,false,true,
1194,branch:jesus-maria,MAT-01194,,MANGUERA NARANJA 1/2 LISA,category:materiales,measure:2,562,650,650,1,0,ID producto origen: 1194 | Medida origen: Pieza(s) | Generado sistema origen: 0,false,true,
1195,branch:jesus-maria,MAT-01195,,CEMENTO BLANCO,category:materiales,measure:2,220,240,240,1,19,ID producto origen: 1195 | Medida origen: Pieza(s) | Generado sistema origen: 0,false,true,
1196,branch:jesus-maria,MAT-01196,7500012016462,DISCO DIAMANTE CONTINUO(HUM),category:materiales,measure:2,71.94,95,96,1,4,ID producto origen: 1196 | Medida origen: Pieza(s) | Generado sistema origen: 0,false,true,
1197,branch:jesus-maria,MAT-01197,75066102226395,AFLOJA TODO TRUPER 400ML,category:materiales,measure:2,50.43,67,68,1,5,ID producto origen: 1197 | Medida origen: Pieza(s) | Generado sistema origen: 0,false,true,
1198,branch:jesus-maria,MAT-01198,7506610226388,AFLOJA TODO TRUPER 235ML,category:materiales,measure:2,34.91,46,47,1,3,ID producto origen: 1198 | Medida origen: Pieza(s) | Generado sistema origen: 0,false,true,
1199,branch:jesus-maria,MAT-01199,7506610212565,AFLOJA TODO TRUPER 176ML,category:materiales,measure:2,46.66,38,39,1,5,ID producto origen: 1199 | Medida origen: Pieza(s) | Generado sistema origen: 0,false,true,
1200,branch:jesus-maria,MAT-01200,,ANILLO 25X25,category:materiales,measure:1,23,27,27,1,82,ID producto origen: 1200 | Medida origen: Kilo(s) | Generado sistema origen: 0,true,true,
1201,branch:jesus-maria,MAT-01201,,ANILLO 10X30,category:materiales,measure:1,23,27,27,1,5,ID producto origen: 1201 | Medida origen: Kilo(s) | Generado sistema origen: 0,true,true,
1202,branch:jesus-maria,MAT-01202,,ANILLO 30X30,category:materiales,measure:1,23,27,27,1,89,ID producto origen: 1202 | Medida origen: Kilo(s) | Generado sistema origen: 0,true,true,
1203,branch:jesus-maria,MAT-01203,,CARTUCHO PARA GAS,category:materiales,measure:2,139,161,161,1,0,ID producto origen: 1203 | Medida origen: Pieza(s) | Generado sistema origen: 0,false,true,
1204,branch:jesus-maria,MAT-01204,,BROCA PARA CONCRETO 7/8 12PULGADAS,category:materiales,measure:2,309,359,359,1,0,ID producto origen: 1204 | Medida origen: Pieza(s) | Generado sistema origen: 0,false,true,
1205,branch:jesus-maria,MAT-01205,501206694022,ABRAZADERA 1 1/2 - 2 1/4,category:materiales,measure:2,7.93,11,11,1,20,ID producto origen: 1205 | Medida origen: Pieza(s) | Generado sistema origen: 0,false,true,
1206,branch:jesus-maria,MAT-01206,501206636077,LLAVE DE JARDIN 3/4 - 1/2,category:materiales,measure:2,59.48,79,80,1,3,ID producto origen: 1206 | Medida origen: Pieza(s) | Generado sistema origen: 0,false,true,
1207,branch:jesus-maria,MAT-01207,501206656709,LLAVE JARDIN 3/4 - 1/2,category:materiales,measure:2,42.24,56,57,1,3,ID producto origen: 1207 | Medida origen: Pieza(s) | Generado sistema origen: 0,false,true,
1208,branch:jesus-maria,MAT-01208,,EXTENSION PARA RODILLO TRUPER,category:materiales,measure:2,30.17,40,41,1,6,ID producto origen: 1208 | Medida origen: Pieza(s) | Generado sistema origen: 0,false,true,
1209,branch:jesus-maria,MAT-01209,,VALVULA CHEK,category:materiales,measure:2,165,191,191,1,0,ID producto origen: 1209 | Medida origen: Pieza(s) | Generado sistema origen: 0,false,true,
1210,branch:jesus-maria,MAT-01210,,GUIA PARA CABLE,category:materiales,measure:2,645,675,675,1,0,ID producto origen: 1210 | Medida origen: Pieza(s) | Generado sistema origen: 0,false,true,
1211,branch:jesus-maria,MAT-01211,,ANILLO 9X13,category:materiales,measure:1,23,27,27,1,0,ID producto origen: 1211 | Medida origen: Kilo(s) | Generado sistema origen: 0,true,true,
1212,branch:jesus-maria,MAT-01212,,LLAVE EMPOTRAR,category:materiales,measure:2,0,670,670,1,-1,ID producto origen: 1212 | Medida origen: Pieza(s) | Generado sistema origen: 0,false,true,
1213,branch:jesus-maria,MAT-01213,506240697749,LLAVE ANGU,category:materiales,measure:2,0,70,70,1,4,ID producto origen: 1213 | Medida origen: Pieza(s) | Generado sistema origen: 0,false,true,
1214,branch:jesus-maria,MAT-01214,7506240699989,"PALA CUADRADA T-2000 MANGO36"" TRUPER",category:materiales,measure:2,185.34,248,249,1,4,ID producto origen: 1214 | Medida origen: Pieza(s) | Generado sistema origen: 0,false,true,
1215,branch:jesus-maria,MAT-01215,7854161783646,CORTADORA ESTACIONARIA 14,category:materiales,measure:2,383.34,41,42,1,10,ID producto origen: 1215 | Medida origen: Pieza(s) | Imagen origen: uploads/productos/WhatsApp Image 2026-06-06 at 08.56.37.jpeg | Generado sistema origen: 1,false,true,
1216,branch:jesus-maria,MAT-01216,,CUBETA SELLADOR,category:materiales,measure:2,1096,1270,1270,1,0,ID producto origen: 1216 | Medida origen: Pieza(s) | Generado sistema origen: 0,false,true,
1217,branch:jesus-maria,MAT-01217,,GUANTE ROJO,category:materiales,measure:2,22,27,27,1,0,ID producto origen: 1217 | Medida origen: Pieza(s) | Generado sistema origen: 0,false,true,
1218,branch:jesus-maria,MAT-01218,,YEE 4A2,category:materiales,measure:2,42,49,49,1,0,ID producto origen: 1218 | Medida origen: Pieza(s) | Generado sistema origen: 0,false,true,
1219,branch:jesus-maria,MAT-01219,501206674048,"DISCO 14"" TRUPER",category:materiales,measure:2,73.28,98,98,1,2,ID producto origen: 1219 | Medida origen: Pieza(s) | Generado sistema origen: 0,false,true,
1220,branch:jesus-maria,MAT-01220,506240636861,GUANTE ANTIDERRAPANTE M,category:materiales,measure:2,33.62,45,45,1,6,ID producto origen: 1220 | Medida origen: Pieza(s) | Generado sistema origen: 0,false,true,
1221,branch:jesus-maria,MAT-01221,501206640944,NAJARA RETRACTIL,category:materiales,measure:2,99.14,133,133,1,0,ID producto origen: 1221 | Medida origen: Pieza(s) | Generado sistema origen: 0,false,true,
1222,branch:jesus-maria,MAT-01222,506240657606,GUANTE NITRILO G,category:materiales,measure:2,23.89,34,34,1,12,ID producto origen: 1222 | Medida origen: Pieza(s) | Generado sistema origen: 0,false,true,
1223,branch:jesus-maria,MAT-01223,501206657188,DISCO DIAMANTE 7/8,category:materiales,measure:2,142.24,190,191,1,3,ID producto origen: 1223 | Medida origen: Pieza(s) | Generado sistema origen: 0,false,true,
1224,branch:jesus-maria,MAT-01224,501206682067,GUANTE LATEX G,category:materiales,measure:2,17.24,23,23,1,8,ID producto origen: 1224 | Medida origen: Pieza(s) | Generado sistema origen: 0,false,true,
1225,branch:jesus-maria,MAT-01225,,BOTA SEGURIDAD,category:materiales,measure:2,0,0,0,1,0,ID producto origen: 1225 | Medida origen: Pieza(s) | Generado sistema origen: 0,false,false,
1226,branch:jesus-maria,MAT-01226,506610217669,CLAVIJA REFORZADA,category:materiales,measure:2,8.62,11,11,1,1,ID producto origen: 1226 | Medida origen: Pieza(s) | Generado sistema origen: 0,false,true,
1227,branch:jesus-maria,MAT-01227,501206659441,CLAVIJA SIN TIERRA,category:materiales,measure:2,12.93,16,17,1,10,ID producto origen: 1227 | Medida origen: Pieza(s) | Generado sistema origen: 0,false,true,
1228,branch:jesus-maria,MAT-01228,506240618805,CLAVIJA REDONDA 2,category:materiales,measure:2,15.52,20,21,1,10,ID producto origen: 1228 | Medida origen: Pieza(s) | Generado sistema origen: 0,false,true,
1229,branch:jesus-maria,MAT-01229,501206690765,1 CLAVIJA Y UN CONTACTO,category:materiales,measure:2,146.66,18,18,1,10,ID producto origen: 1229 | Medida origen: Pieza(s) | Generado sistema origen: 0,false,true,
1230,branch:jesus-maria,MAT-01230,,PICHANCHA 3/4,category:materiales,measure:2,0,147,148,1,-1,ID producto origen: 1230 | Medida origen: Pieza(s) | Generado sistema origen: 0,false,true,
1231,branch:jesus-maria,MAT-01231,,TUERCA UNION 3/4,category:materiales,measure:2,0,72,72,1,-2,ID producto origen: 1231 | Medida origen: Pieza(s) | Generado sistema origen: 0,false,true,
1232,branch:jesus-maria,MAT-01232,,VARILLA 3/4,category:materiales,measure:1,19.37,21.5,21.5,1,-6000,ID producto origen: 1232 | Medida origen: Kilo(s) | Generado sistema origen: 0,true,true,
1233,branch:jesus-maria,MAT-01233,,"VARILLA 1""",category:materiales,measure:1,0,21.5,21.5,1,-1500,ID producto origen: 1233 | Medida origen: Kilo(s) | Generado sistema origen: 0,true,true,
1234,branch:jesus-maria,MAT-01234,,LAVABO,category:materiales,measure:2,550,640,640,1,0,ID producto origen: 1234 | Medida origen: Pieza(s) | Generado sistema origen: 0,false,true,
1235,branch:jesus-maria,MAT-01235,,ANILLO 9X13,category:materiales,measure:1,0,0,0,1,0,ID producto origen: 1235 | Medida origen: Kilo(s) | Generado sistema origen: 0,true,false,
1236,branch:jesus-maria,MAT-01236,,BOLSA NIVELADORES,category:materiales,measure:2,93,108,108,1,0,ID producto origen: 1236 | Medida origen: Pieza(s) | Generado sistema origen: 0,false,true,
1237,branch:jesus-maria,MAT-01237,,BOLSA SEPARADORES,category:materiales,measure:2,31,40,40,1,0,ID producto origen: 1237 | Medida origen: Pieza(s) | Generado sistema origen: 0,false,true,
1238,branch:jesus-maria,MAT-01238,,CASETON 40X40X15,category:materiales,measure:2,28,35,35,1,0,ID producto origen: 1238 | Medida origen: Pieza(s) | Generado sistema origen: 0,false,true,
1239,branch:jesus-maria,MAT-01239,,MANGUERA NARANJA LISA 3/4,category:materiales,measure:2,813,910,910,1,0,ID producto origen: 1239 | Medida origen: Pieza(s) | Generado sistema origen: 0,false,true,
1240,branch:jesus-maria,MAT-01240,,REDUCCION 4A3,category:materiales,measure:2,36,22,22,1,1,ID producto origen: 1240 | Medida origen: Pieza(s) | Generado sistema origen: 0,false,true,
1241,branch:jesus-maria,MAT-01241,,BASE PARA LAMPARA,category:materiales,measure:2,40,47,47,1,0,ID producto origen: 1241 | Medida origen: Pieza(s) | Generado sistema origen: 0,false,true,
1242,branch:jesus-maria,MAT-01242,,CESPO PARA LAVABO,category:materiales,measure:2,50,60,60,1,0,ID producto origen: 1242 | Medida origen: Pieza(s) | Generado sistema origen: 0,false,true,
1243,branch:jesus-maria,MAT-01243,,ANILLO 12X12,category:materiales,measure:1,23,25,25,1,0,ID producto origen: 1243 | Medida origen: Kilo(s) | Generado sistema origen: 0,true,true,
1244,branch:jesus-maria,MAT-01244,,ANILLO 23X23,category:materiales,measure:1,23,27,27,1,40,ID producto origen: 1244 | Medida origen: Kilo(s) | Generado sistema origen: 0,true,true,
