legacy_id,product_legacy_id,uom_legacy_id,purpose,factor_to_base,wholesale_price,retail_price,is_default_purchase,is_default_sale
presentation:1,4,presentation-uom:TON,BOTH,20,4800,4800,false,false
presentation:2,4,presentation-uom:BULTO,BOTH,1,240,240,true,true
presentation:3,5,presentation-uom:TON,BOTH,40,4700,4700,false,false
presentation:4,5,presentation-uom:BULTO,BOTH,1,118,118,true,true
presentation:5,6,presentation-uom:TON,BOTH,20,3900,3900,false,false
presentation:6,6,presentation-uom:BULTO,BOTH,1,195,195,true,true
presentation:7,7,presentation-uom:TON,BOTH,40,3900,3900,false,false
presentation:8,7,presentation-uom:BULTO,BOTH,1,98,98,true,true
presentation:9,8,presentation-uom:TON,BOTH,40,3600,3600,false,false
presentation:10,8,presentation-uom:BULTO,BOTH,1,90,90,true,true
presentation:11,11,presentation-uom:BRT_2,BOTH,1,16,17,true,true
presentation:12,12,presentation-uom:BRT_4,BOTH,1,51,52,true,true
presentation:13,10,presentation-uom:PZA,BOTH,1,33,33,true,true
presentation:14,14,presentation-uom:BOAP_1_2,BOTH,1,864,865,true,true
presentation:15,10,presentation-uom:PZA,BOTH,1,12,13,false,false
presentation:16,9,presentation-uom:PZA,BOTH,1,36,37,true,true
presentation:17,15,presentation-uom:CEPP_52,BOTH,1,69,70,true,true
presentation:18,13,presentation-uom:PZA,BOTH,1,26,27,true,true
presentation:19,16,presentation-uom:PZA,BOTH,1,26,27,true,true
presentation:20,18,presentation-uom:CEPP_55,BOTH,1,45,46,true,true
presentation:21,17,presentation-uom:PZA,BOTH,1,1676,1677,true,true
presentation:22,21,presentation-uom:BOAP_1_2,BOTH,1,86,87,true,true
presentation:23,23,presentation-uom:ATM,BOTH,1,330,331,true,true
presentation:24,25,presentation-uom:PZA,BOTH,1,55,55,true,true
presentation:25,26,presentation-uom:FCN_55M,BOTH,1,157,158,true,true
presentation:26,27,presentation-uom:PZA,BOTH,1,85,85,true,true
presentation:27,28,presentation-uom:PZA,BOTH,1,5,5,true,true
presentation:28,29,presentation-uom:CAT_60ND,BOTH,1,1676,1677,true,true
presentation:29,31,presentation-uom:PZA,BOTH,1,1,1,true,true
presentation:30,30,presentation-uom:FH_5M,BOTH,1,86,87,true,true
presentation:31,32,presentation-uom:MSK_1_2,BOTH,1,17,18,true,true
presentation:32,33,presentation-uom:PZA,BOTH,1,14,14,true,true
presentation:33,34,presentation-uom:PZA,BOTH,1,25,26,true,true
presentation:34,35,presentation-uom:MSK_3_4,BOTH,1,25,26,true,true
presentation:35,36,presentation-uom:LLM_11,BOTH,1,127,128,true,true
presentation:36,37,presentation-uom:MSK_1_1_2,BOTH,1,48,49,true,true
presentation:37,38,presentation-uom:LLM_6L,BOTH,1,110,111,true,true
presentation:38,39,presentation-uom:PZA,BOTH,1,139,140,true,true
presentation:39,40,presentation-uom:LLM_6C,BOTH,1,110,111,true,true
presentation:40,42,presentation-uom:PZA,BOTH,1,32,33,true,true
presentation:41,41,presentation-uom:PZA,BOTH,1,11,11,true,true
presentation:42,43,presentation-uom:PET_10C,BOTH,1,230,231,true,true
presentation:43,44,presentation-uom:PZA,BOTH,1,7,7,true,true
presentation:44,45,presentation-uom:MSK_2,BOTH,1,64,65,true,true
presentation:45,46,presentation-uom:PZA,BOTH,1,27,27,true,true
presentation:46,47,presentation-uom:LL_2014,BOTH,1,63,64,true,true
presentation:47,49,presentation-uom:PZA,BOTH,1,12,12,true,true
presentation:48,48,presentation-uom:MSK_3_4A,BOTH,1,45,46,true,true
presentation:49,50,presentation-uom:LL_2016,BOTH,1,75,76,true,true
presentation:50,51,presentation-uom:PZA,BOTH,1,3,3,true,true
presentation:51,52,presentation-uom:PZA,BOTH,1,22,22,true,true
presentation:52,53,presentation-uom:LL_2024,BOTH,1,121,122,true,true
presentation:53,54,presentation-uom:MSK_1A,BOTH,1,56,57,true,true
presentation:54,55,presentation-uom:PZA,BOTH,1,2,2,true,true
presentation:55,56,presentation-uom:LL_2008M,BOTH,1,52,53,true,true
presentation:56,45,presentation-uom:PZA,BOTH,1,109,110,false,false
presentation:57,59,presentation-uom:CHMA_3,BOTH,1,63,64,true,true
presentation:58,58,presentation-uom:LL_2010M,BOTH,1,56,57,true,true
presentation:59,60,presentation-uom:LL_2013M,BOTH,1,75,76,true,true
presentation:60,61,presentation-uom:BRT_2S,BOTH,1,33,34,true,true
presentation:61,63,presentation-uom:BRT_3S,BOTH,1,54,55,true,true
presentation:62,64,presentation-uom:WT_240,BOTH,1,44,45,true,true
presentation:63,62,presentation-uom:ET_3FX,BOTH,1,77,78,true,true
presentation:64,55,presentation-uom:PZA,BOTH,1,2,2,false,false
presentation:65,66,presentation-uom:PZA,BOTH,1,11,11,true,true
presentation:66,67,presentation-uom:PZA,BOTH,1,25,25,true,true
presentation:67,69,presentation-uom:ET_6FX,BOTH,1,106,107,true,true
presentation:68,70,presentation-uom:PZA,BOTH,1,35,35,true,true
presentation:69,68,presentation-uom:WT_350,BOTH,1,57,58,true,true
presentation:70,72,presentation-uom:PZA,BOTH,1,8,8,true,true
presentation:71,71,presentation-uom:HDU_12_105,BOTH,1,39,40,true,true
presentation:72,73,presentation-uom:WT_550,BOTH,1,86,87,true,true
presentation:73,76,presentation-uom:ROPI_915,BOTH,1,48,49,true,true
presentation:74,74,presentation-uom:PZA,BOTH,1,8,8,true,true
presentation:75,77,presentation-uom:ROPI_925,BOTH,1,51,52,true,true
presentation:76,78,presentation-uom:PZA,BOTH,1,25,25,true,true
presentation:77,75,presentation-uom:MD_3M,BOTH,1,195,196,true,true
presentation:78,79,presentation-uom:PZA,BOTH,1,5,5,true,true
presentation:79,81,presentation-uom:PZA,BOTH,1,3,3,true,true
presentation:80,82,presentation-uom:PZA,BOTH,1,10,10,true,true
presentation:81,80,presentation-uom:MD_4M,BOTH,1,243,244,true,true
presentation:82,83,presentation-uom:PZA,BOTH,1,14,14,true,true
presentation:83,84,presentation-uom:PZA,BOTH,1,3,3,true,true
presentation:84,85,presentation-uom:PZA,BOTH,1,20,20,true,true
presentation:85,87,presentation-uom:PZA,BOTH,1,11,11,true,true
presentation:86,86,presentation-uom:ESMA_4580N,BOTH,1,1100,1100,true,true
presentation:87,88,presentation-uom:EMX_22,BOTH,1,138,139,true,true
presentation:88,89,presentation-uom:PZA,BOTH,1,2,2,true,true
presentation:89,91,presentation-uom:ET_3F,BOTH,1,56,57,true,true
presentation:90,92,presentation-uom:MA_16,BOTH,1,103,104,true,true
presentation:91,93,presentation-uom:PZA,BOTH,1,13,13,true,true
presentation:92,95,presentation-uom:MAR_16,BOTH,1,103,104,true,true
presentation:93,90,presentation-uom:ET_4F,BOTH,1,87,87,true,true
presentation:94,96,presentation-uom:PZA,BOTH,1,3,3,true,true
presentation:95,97,presentation-uom:HTA_80B,BOTH,1,24,25,true,true
presentation:96,24,presentation-uom:PZA,BOTH,1,23,23,true,true
presentation:97,99,presentation-uom:HTA_95B,BOTH,1,25,26,true,true
presentation:98,100,presentation-uom:PZA,BOTH,1,183,184,true,true
presentation:99,101,presentation-uom:HTA_105B,BOTH,1,29,30,true,true
presentation:100,98,presentation-uom:PZA,BOTH,1,4,4,true,true
presentation:101,102,presentation-uom:NP_14,BOTH,1,114,115,true,true
presentation:102,103,presentation-uom:JD_8BP,BOTH,1,182,182,true,true
presentation:103,104,presentation-uom:PZA,BOTH,1,19,19,true,true
presentation:104,105,presentation-uom:NP_18,BOTH,1,156,157,true,true
presentation:105,106,presentation-uom:JD_6BP,BOTH,1,142,142,true,true
presentation:106,107,presentation-uom:NP_24,BOTH,1,184,185,true,true
presentation:107,108,presentation-uom:LEN_ST_P,BOTH,1,23,23,true,true
presentation:108,109,presentation-uom:PZA,BOTH,1,5,5,true,true
presentation:109,110,presentation-uom:PCY_P,BOTH,1,231,231,true,true
presentation:110,111,presentation-uom:LEN_SN_P,BOTH,1,22,23,true,true
presentation:111,112,presentation-uom:PZA,BOTH,1,8,8,true,true
presentation:112,113,presentation-uom:LEN_SA_P,BOTH,1,22,23,true,true
presentation:113,114,presentation-uom:PRL_P,BOTH,1,260,261,true,true
presentation:114,116,presentation-uom:MH_16_P,BOTH,1,72,72,true,true
presentation:115,115,presentation-uom:PZA,BOTH,1,4,4,true,true
presentation:116,117,presentation-uom:T201_9,BOTH,1,190,191,true,true
presentation:117,118,presentation-uom:T210_9,BOTH,1,214,215,true,true
presentation:118,120,presentation-uom:PPT_10C,BOTH,1,168,168,true,true
presentation:119,119,presentation-uom:PZA,BOTH,1,5,5,true,true
presentation:120,121,presentation-uom:PPT_10R,BOTH,1,168,168,true,true
presentation:121,122,presentation-uom:PZA,BOTH,1,3,3,true,true
presentation:122,123,presentation-uom:PZA,BOTH,1,12,12,true,true
presentation:123,124,presentation-uom:E_2R,BOTH,1,22,22,true,true
presentation:124,125,presentation-uom:PR_102,BOTH,1,121,122,true,true
presentation:125,126,presentation-uom:PR_101,BOTH,1,102,103,true,true
presentation:126,127,presentation-uom:E_3R,BOTH,1,26,26,true,true
presentation:127,24,presentation-uom:PZA,BOTH,1,19,19,false,false
presentation:128,129,presentation-uom:ACES_20,BOTH,1,100,101,true,true
presentation:129,130,presentation-uom:BRP_1,BOTH,1,8,9,true,true
presentation:130,131,presentation-uom:PZA,BOTH,1,2,2,true,true
presentation:131,133,presentation-uom:PZA,BOTH,1,51,51,true,true
presentation:132,132,presentation-uom:MXC_16,BOTH,1,318,319,true,true
presentation:133,134,presentation-uom:PZA,BOTH,1,12,13,true,true
presentation:134,135,presentation-uom:MXR_16,BOTH,1,318,319,true,true
presentation:135,136,presentation-uom:PZA,BOTH,1,120,120,true,true
presentation:136,134,presentation-uom:BRP_2,BOTH,1,13,13,false,false
presentation:137,137,presentation-uom:EP_26F,BOTH,1,121,122,true,true
presentation:138,138,presentation-uom:PZA,BOTH,1,27,27,true,true
presentation:139,139,presentation-uom:AD_2P,BOTH,1,26,27,true,true
presentation:140,140,presentation-uom:BRP_3,BOTH,1,21,21,true,true
presentation:141,141,presentation-uom:PZA,BOTH,1,30,30,true,true
presentation:142,142,presentation-uom:ASPRO_11X,BOTH,1,54,55,true,true
presentation:143,143,presentation-uom:BRP_4,BOTH,1,29,30,true,true
presentation:144,144,presentation-uom:ASVE_11,BOTH,1,66,67,true,true
presentation:145,145,presentation-uom:PRO_55MEC,BOTH,1,56,56,true,true
presentation:146,146,presentation-uom:PZA,BOTH,1,47,47,true,true
presentation:147,147,presentation-uom:JD_4TP,BOTH,1,95,96,true,true
presentation:148,148,presentation-uom:PRO_8MEC,BOTH,1,79,80,true,true
presentation:149,149,presentation-uom:PZA,BOTH,1,5,5,true,true
presentation:150,150,presentation-uom:PET_10P,BOTH,1,138,139,true,true
presentation:151,151,presentation-uom:PET_10PP,BOTH,1,138,139,true,true
presentation:152,152,presentation-uom:PZA,BOTH,1,8,8,true,true
presentation:153,154,presentation-uom:LL_2014P,BOTH,1,25,26,true,true
presentation:154,153,presentation-uom:LED_150FB,BOTH,1,34,35,true,true
presentation:155,155,presentation-uom:LL_2016P,BOTH,1,27,27,true,true
presentation:156,157,presentation-uom:LL_2018P,BOTH,1,34,34,true,true
presentation:157,156,presentation-uom:PZA,BOTH,1,25,25,true,true
presentation:158,158,presentation-uom:LL_2011MP,BOTH,1,27,27,true,true
presentation:159,159,presentation-uom:LL_2013MP,BOTH,1,29,29,true,true
presentation:160,160,presentation-uom:PZA,BOTH,1,5,5,true,true
presentation:161,161,presentation-uom:PZA,BOTH,1,23,23,true,true
presentation:162,162,presentation-uom:STI_14P,BOTH,1,209,209,true,true
presentation:163,163,presentation-uom:LED_100FB,BOTH,1,18,19,true,true
presentation:164,164,presentation-uom:STI_18P,BOTH,1,313,313,true,true
presentation:165,166,presentation-uom:LED_125FB,BOTH,1,25,26,true,true
presentation:166,165,presentation-uom:PZA,BOTH,1,3,3,true,true
presentation:167,167,presentation-uom:PZA,BOTH,1,116,115,true,true
presentation:168,169,presentation-uom:CUE_041K,BOTH,1,102,103,true,true
presentation:169,168,presentation-uom:PZA,BOTH,1,8,8,true,true
presentation:170,170,presentation-uom:MP_16,BOTH,1,92,92,true,true
presentation:171,172,presentation-uom:CUE_061K,BOTH,1,102,103,true,true
presentation:172,171,presentation-uom:PZA,BOTH,1,7,7,true,true
presentation:173,173,presentation-uom:PZA,BOTH,1,74,74,true,true
presentation:174,174,presentation-uom:CUE_081K,BOTH,1,102,103,true,true
presentation:175,176,presentation-uom:PCD_P,BOTH,1,167,168,true,true
presentation:176,175,presentation-uom:PZA,BOTH,1,196,196,true,true
presentation:177,177,presentation-uom:CUE_101K,BOTH,1,102,103,true,true
presentation:178,178,presentation-uom:PCD_X,BOTH,1,157,157,true,true
presentation:179,179,presentation-uom:CUE_111K,BOTH,1,102,103,true,true
presentation:180,180,presentation-uom:PEL_8P,BOTH,1,80,80,true,true
presentation:181,181,presentation-uom:PZA,BOTH,1,4,4,true,true
presentation:182,182,presentation-uom:CUE_131K,BOTH,1,102,103,true,true
presentation:183,183,presentation-uom:PCD_8P,BOTH,1,78,78,true,true
presentation:184,185,presentation-uom:PZA,BOTH,1,7,7,true,true
presentation:185,187,presentation-uom:CS_851,BOTH,1,283,284,true,true
presentation:186,184,presentation-uom:PZA,BOTH,1,103,104,true,true
presentation:187,188,presentation-uom:PZA,BOTH,1,11,11,true,true
presentation:188,186,presentation-uom:PZA,BOTH,1,103,104,true,true
presentation:189,189,presentation-uom:PZA,BOTH,1,3,3,true,true
presentation:190,191,presentation-uom:LL_21P,BOTH,1,43,43,true,true
presentation:191,192,presentation-uom:CS_85D,BOTH,1,283,284,true,true
presentation:192,190,presentation-uom:PZA,BOTH,1,11,11,true,true
presentation:193,194,presentation-uom:TAQ_1_4P,BOTH,1,0.5,0.5,true,true
presentation:194,195,presentation-uom:CH_40P,BOTH,1,27,27,true,true
presentation:195,193,presentation-uom:PZA,BOTH,1,4,4,true,true
presentation:196,196,presentation-uom:TAQ_5_16P,BOTH,1,0.5,0.5,true,true
presentation:197,197,presentation-uom:CH_30P,BOTH,1,21,21,true,true
presentation:198,198,presentation-uom:TAQ_3_8P,BOTH,1,0.5,0.5,true,true
presentation:199,200,presentation-uom:COR_75ZP,BOTH,1,185,185,true,true
presentation:200,199,presentation-uom:PZA,BOTH,1,16,16,true,true
presentation:201,201,presentation-uom:PIBR_1R,BOTH,1,1,1,true,true
presentation:202,202,presentation-uom:LP_23,BOTH,1,85,85,true,true
presentation:203,203,presentation-uom:PZA,BOTH,1,6,6,true,true
presentation:204,204,presentation-uom:PIBR_1_1_2R,BOTH,1,1.5,1.5,true,true
presentation:205,205,presentation-uom:LP_33,BOTH,1,84,85,true,true
presentation:206,206,presentation-uom:LP_43,BOTH,1,120,120,true,true
presentation:207,207,presentation-uom:LP_46,BOTH,1,298,298,true,true
presentation:208,208,presentation-uom:MAR_16P,BOTH,1,92,92,true,true
presentation:209,210,presentation-uom:MAN_10X1_2PA,BOTH,1,85,85,true,true
presentation:210,209,presentation-uom:ALRE_151,BOTH,1,36,37,true,true
presentation:211,211,presentation-uom:PZA,BOTH,1,3,3,true,true
presentation:212,213,presentation-uom:AQM_52N,BOTH,1,759,760,true,true
presentation:213,214,presentation-uom:CFM_1_2P,BOTH,1,43,43,true,true
presentation:214,216,presentation-uom:PIM_55PG,BOTH,1,34,34,true,true
presentation:215,215,presentation-uom:PZA,BOTH,1,8,8,true,true
presentation:216,217,presentation-uom:MP_060P,BOTH,1,172,173,true,true
presentation:217,219,presentation-uom:LED_450,BOTH,1,167,168,true,true
presentation:218,218,presentation-uom:PZA,BOTH,1,3,3,true,true
presentation:219,220,presentation-uom:LED_60F,BOTH,1,18,19,true,true
presentation:220,221,presentation-uom:LED_75F,BOTH,1,21,22,true,true
presentation:221,222,presentation-uom:PZA,BOTH,1,3,3,true,true
presentation:222,223,presentation-uom:MP_060,BOTH,1,172,173,true,true
presentation:223,224,presentation-uom:PZA,BOTH,1,10,10,true,true
presentation:224,225,presentation-uom:AQF_82,BOTH,1,527,528,true,true
presentation:225,226,presentation-uom:PZA,BOTH,1,33,33,true,true
presentation:226,227,presentation-uom:AQF_88,BOTH,1,631,632,true,true
presentation:227,226,presentation-uom:PZA,BOTH,1,20,20,false,false
presentation:228,228,presentation-uom:CAT_60X,BOTH,1,1915,1915,true,true
presentation:229,229,presentation-uom:PZA,BOTH,1,45,45,true,true
presentation:230,230,presentation-uom:PZA,BOTH,1,12,13,true,true
presentation:231,231,presentation-uom:T200_9,BOTH,1,150,150,true,true
presentation:232,232,presentation-uom:PZA,BOTH,1,310,310,true,true
presentation:233,234,presentation-uom:PZA,BOTH,1,807,808,true,true
presentation:234,233,presentation-uom:PZA,BOTH,1,10,10,true,true
presentation:235,235,presentation-uom:LLJ_140T,BOTH,1,74,75,true,true
presentation:236,236,presentation-uom:PZA,BOTH,1,15,16,true,true
presentation:237,235,presentation-uom:PZA,BOTH,1,74,75,false,false
presentation:238,237,presentation-uom:PZA,BOTH,1,250,251,true,true
presentation:239,238,presentation-uom:PZA,BOTH,1,31,31,true,true
presentation:240,239,presentation-uom:CFM_1_2A,BOTH,1,42,43,true,true
presentation:241,241,presentation-uom:PZA,BOTH,1,1301,1302,true,true
presentation:242,240,presentation-uom:PZA,BOTH,1,69,69,true,true
presentation:243,242,presentation-uom:T210_9X,BOTH,1,230,231,true,true
presentation:244,243,presentation-uom:PZA,BOTH,1,594,595,true,true
presentation:245,244,presentation-uom:PZA,BOTH,1,13,13,true,true
presentation:246,245,presentation-uom:PZA,BOTH,1,152,153,true,true
presentation:247,246,presentation-uom:PZA,BOTH,1,26,26,true,true
presentation:248,247,presentation-uom:PZA,BOTH,1,1301,1302,true,true
presentation:249,248,presentation-uom:PZA,BOTH,1,9,10,true,true
presentation:250,249,presentation-uom:PZA,BOTH,1,35,35,true,true
presentation:251,250,presentation-uom:PZA,BOTH,1,5,5,true,true
presentation:252,252,presentation-uom:PZA,BOTH,1,41,41,true,true
presentation:253,251,presentation-uom:PZA,BOTH,1,74,75,true,true
presentation:254,253,presentation-uom:M,BOTH,1,8,8,true,true
presentation:255,254,presentation-uom:PZA,BOTH,1,4,5,true,true
presentation:256,255,presentation-uom:PZA,BOTH,1,2,2,true,true
presentation:257,256,presentation-uom:PZA,BOTH,1,969,970,true,true
presentation:258,258,presentation-uom:PZA,BOTH,1,74,74,true,true
presentation:259,257,presentation-uom:PZA,BOTH,1,3,3,true,true
presentation:260,259,presentation-uom:PZA,BOTH,100,861,862,false,false
presentation:261,260,presentation-uom:PZA,BOTH,1,11,11,true,true
presentation:262,262,presentation-uom:PZA,BOTH,1,1301,1302,true,true
presentation:263,263,presentation-uom:PZA,BOTH,1,2182,2183,true,true
presentation:264,265,presentation-uom:PZA,BOTH,1,15,15,true,true
presentation:265,264,presentation-uom:PZA,BOTH,1,807,808,true,true
presentation:266,261,presentation-uom:PZA,BOTH,1,26,26,true,true
presentation:267,267,presentation-uom:PZA,BOTH,1,807,808,true,true
presentation:268,266,presentation-uom:PZA,BOTH,1,14,14,true,true
presentation:269,268,presentation-uom:PZA,BOTH,1,1301,1302,true,true
presentation:270,269,presentation-uom:PZA,BOTH,1,130,130,true,true
presentation:271,270,presentation-uom:PZA,BOTH,1,14,14,true,true
presentation:272,265,presentation-uom:PZA,BOTH,1,11,12,false,false
presentation:273,272,presentation-uom:PZA,BOTH,1,189,190,true,true
presentation:274,273,presentation-uom:PZA,BOTH,1,279,280,true,true
presentation:275,274,presentation-uom:PZA,BOTH,1,6,6,true,true
presentation:276,275,presentation-uom:PZA,BOTH,1,807,808,true,true
presentation:277,276,presentation-uom:PZA,BOTH,1,866,867,true,true
presentation:278,277,presentation-uom:PZA,BOTH,1,82,83,true,true
presentation:279,278,presentation-uom:PZA,BOTH,1,7,8,true,true
presentation:280,279,presentation-uom:PZA,BOTH,100,880,880,false,false
presentation:281,280,presentation-uom:PZA,BOTH,1,1142,1143,true,true
presentation:282,281,presentation-uom:M,BOTH,1,15,16,true,true
presentation:283,282,presentation-uom:PZA,BOTH,1,1450,1450,true,true
presentation:284,283,presentation-uom:KG,BOTH,1,20,20,true,true
presentation:285,8,presentation-uom:BULTO,BOTH,1,90,90,false,false
presentation:286,283,presentation-uom:KG,BOTH,1,27,27,false,false
presentation:287,284,presentation-uom:KG,BOTH,1,28,28,true,true
presentation:288,285,presentation-uom:KG,BOTH,1,27,27,true,true
presentation:289,286,presentation-uom:KG,BOTH,1,27,27,true,true
presentation:290,287,presentation-uom:KG,BOTH,1,25,25,true,true
presentation:291,288,presentation-uom:PZA,BOTH,1,200,200,true,true
presentation:292,289,presentation-uom:PZA,BOTH,1,330,330,true,true
presentation:293,290,presentation-uom:PZA,BOTH,1,1623,1624,true,true
presentation:294,34,presentation-uom:ACES_2,BOTH,1,26,26,false,false
presentation:295,19,presentation-uom:CAT_15FF,BOTH,1,1675,1676,true,true
presentation:296,100,presentation-uom:JD_8TP,BOTH,1,185,185,false,false
presentation:297,57,presentation-uom:MSK_2A,BOTH,1,109,110,true,true
presentation:298,253,presentation-uom:ROLLO,BOTH,1,675,676,false,false
presentation:299,291,presentation-uom:KG,BOTH,1,32,33,true,true
presentation:300,292,presentation-uom:KG,BOTH,1,59,60,true,true
presentation:301,293,presentation-uom:KG,BOTH,1,36,37,true,true
presentation:302,294,presentation-uom:KG,BOTH,1,59,60,true,true
presentation:303,295,presentation-uom:KG,BOTH,1,36,37,true,true
presentation:304,296,presentation-uom:KG,BOTH,1,38,38,true,true
presentation:305,297,presentation-uom:KG,BOTH,1,59,60,true,true
presentation:306,298,presentation-uom:KG,BOTH,1,51,52,true,true
presentation:307,300,presentation-uom:08_1812,BOTH,1,14,15,true,true
presentation:308,301,presentation-uom:04_1812,BOTH,1,15,16,true,true
presentation:309,302,presentation-uom:M_33,BOTH,1,18,19,true,true
presentation:310,303,presentation-uom:LD_08,BOTH,1,7,8,true,true
presentation:311,304,presentation-uom:M_33V,BOTH,1,17,18,true,true
presentation:312,305,presentation-uom:LD_12,BOTH,1,7,8,true,true
presentation:313,306,presentation-uom:LD_16,BOTH,1,7,8,true,true
presentation:314,304,presentation-uom:M_33V,BOTH,1,13,14,false,false
presentation:315,308,presentation-uom:LD_36,BOTH,1,9,10,true,true
presentation:316,309,presentation-uom:LD_06,BOTH,1,7,8,true,true
presentation:317,310,presentation-uom:ESEX_300,BOTH,1,88,89,true,true
presentation:318,311,presentation-uom:M_33R,BOTH,1,17,18,true,true
presentation:319,312,presentation-uom:LIAG_2000,BOTH,1,12,13,true,true
presentation:320,314,presentation-uom:LIAG_1500,BOTH,1,12,13,true,true
presentation:321,315,presentation-uom:LIAG_500,BOTH,1,7,7,true,true
presentation:322,313,presentation-uom:BCIN_1000,BOTH,1,0.5,0.5,true,true
presentation:323,316,presentation-uom:LIAG_600,BOTH,1,7,7,true,true
presentation:324,317,presentation-uom:LIMER_36,BOTH,1,17,18,true,true
presentation:325,318,presentation-uom:CLC_1_2N,BOTH,1,67,68,true,true
presentation:326,319,presentation-uom:PIJ_625,BOTH,1,16,17,true,true
presentation:327,320,presentation-uom:LIMER_50,BOTH,1,15,16,true,true
presentation:328,322,presentation-uom:LIMER_80,BOTH,1,13,14,true,true
presentation:329,321,presentation-uom:PIJ_632,BOTH,1,0.5,0.5,true,true
presentation:330,323,presentation-uom:LIMER_120,BOTH,1,12,13,true,true
presentation:331,324,presentation-uom:PIJ_638,BOTH,1,0.5,0.5,true,true
presentation:332,325,presentation-uom:CTF_1_2,BOTH,1,4,4,true,true
presentation:333,326,presentation-uom:PIJ_650,BOTH,1,0.5,0.5,true,true
presentation:334,327,presentation-uom:CTF_3_4,BOTH,1,5,5,true,true
presentation:335,328,presentation-uom:PIJ_819,BOTH,1,15,16,true,true
presentation:336,329,presentation-uom:ZP_5MM,BOTH,1,298,299,true,true
presentation:337,330,presentation-uom:PIJ_825,BOTH,1,0.5,0.5,true,true
presentation:338,331,presentation-uom:TP_5MM,BOTH,1,324,325,true,true
presentation:339,333,presentation-uom:M_33B,BOTH,1,18,18,true,true
presentation:340,334,presentation-uom:PA_NM,BOTH,1,49,50,true,true
presentation:341,332,presentation-uom:PIJ_832,BOTH,1,22,23,true,true
presentation:342,335,presentation-uom:PA_BM,BOTH,1,49,50,true,true
presentation:343,332,presentation-uom:PIJ_838,BOTH,1,0.5,0.5,false,false
presentation:344,336,presentation-uom:PIJ_850,BOTH,1,0.5,0.5,true,true
presentation:345,337,presentation-uom:PILA_8X1_1_2,BOTH,1,0.5,0.5,true,true
presentation:346,339,presentation-uom:PIJ_1038,BOTH,1,0.5,0.5,true,true
presentation:347,338,presentation-uom:PILA_8X2,BOTH,1,0.5,0.5,true,true
presentation:348,340,presentation-uom:PIJ_1050,BOTH,1,0.5,0.5,true,true
presentation:349,341,presentation-uom:PILA_10X1,BOTH,1,0.5,0.5,true,true
presentation:350,342,presentation-uom:PILA_10X1_1_2,BOTH,1,0.5,0.5,true,true
presentation:351,340,presentation-uom:PIJ_1063,BOTH,1,54,55,false,false
presentation:352,344,presentation-uom:PILA_10X2,BOTH,1,0.5,0.5,true,true
presentation:353,345,presentation-uom:PIJ_863,BOTH,1,0.5,0.5,true,true
presentation:354,347,presentation-uom:PILA_6X1_1_2,BOTH,1,0.5,0.5,true,true
presentation:355,343,presentation-uom:PIJ_1063,BOTH,1,0.5,0.5,true,true
presentation:356,350,presentation-uom:R_PL,BOTH,1,244,245,true,true
presentation:357,349,presentation-uom:PILA_8X1,BOTH,1,0.5,0.5,true,true
presentation:358,348,presentation-uom:PZA,BOTH,1,0.5,0.5,true,true
presentation:359,346,presentation-uom:PIJ_1063,BOTH,1,0.5,0.5,true,true
presentation:360,351,presentation-uom:06_001_1_8X1_2,BOTH,1,0.5,0.5,true,true
presentation:361,352,presentation-uom:01_023_6X20,BOTH,1,0.5,0.5,true,true
presentation:362,353,presentation-uom:01_023_6X25,BOTH,1,0.5,0.5,true,true
presentation:363,355,presentation-uom:01_023_6X30,BOTH,1,1,1,true,true
presentation:364,354,presentation-uom:06_001_1_8X5_8,BOTH,1,0.5,0.5,true,true
presentation:365,357,presentation-uom:06_001_1_8X3_4,BOTH,1,0.5,0.5,true,true
presentation:366,358,presentation-uom:06_001_1_8X1,BOTH,1,0.5,0.5,true,true
presentation:367,359,presentation-uom:06_001_1_8X1_1_4,BOTH,1,0.5,0.5,true,true
presentation:368,360,presentation-uom:06_001_1_8X1_1_2,BOTH,1,0.5,0.5,true,true
presentation:369,361,presentation-uom:06_001_1_8X2,BOTH,1,0.5,0.5,true,true
presentation:370,362,presentation-uom:06_001_5_32X1_2,BOTH,1,0.5,0.5,true,true
presentation:371,363,presentation-uom:06_001_5_32X5_8,BOTH,1,0.5,0.5,true,true
presentation:372,364,presentation-uom:06_001_5_32X3_4,BOTH,1,0.5,0.5,true,true
presentation:373,365,presentation-uom:06_001_5_32X1,BOTH,1,0.5,0.5,true,true
presentation:374,366,presentation-uom:06_001_5_32X1_1_4,BOTH,1,0.5,0.5,true,true
presentation:375,367,presentation-uom:06_001_5_32X1_1_2,BOTH,1,0.5,0.5,true,true
presentation:376,368,presentation-uom:01_023_6X35,BOTH,1,1,1,true,true
presentation:377,369,presentation-uom:06_001_5_32X2,BOTH,1,0.5,0.5,true,true
presentation:378,370,presentation-uom:01_023_6X40,BOTH,1,1,1,true,true
presentation:379,372,presentation-uom:01_023_6X45,BOTH,1,1,1,true,true
presentation:380,371,presentation-uom:06_001_5_32X2_1_2,BOTH,1,0.5,0.5,true,true
presentation:381,373,presentation-uom:01_023_6X50,BOTH,1,1,1,true,true
presentation:382,374,presentation-uom:06_001_5_32X3,BOTH,1,0.5,0.5,true,true
presentation:383,375,presentation-uom:01_023_6X55,BOTH,1,1,1,true,true
presentation:384,376,presentation-uom:06_001_3_16X1_2,BOTH,1,0.5,0.5,true,true
presentation:385,377,presentation-uom:01_023_8X12,BOTH,1,1,1,true,true
presentation:386,378,presentation-uom:06_001_3_16X5_8,BOTH,1,0.5,0.5,true,true
presentation:387,379,presentation-uom:01_023_8X16,BOTH,1,1,1,true,true
presentation:388,380,presentation-uom:01_023_8X20,BOTH,1,1,1,true,true
presentation:389,378,presentation-uom:06_001_3_16X3_4,BOTH,1,0.5,0.5,false,false
presentation:390,382,presentation-uom:01_023_8X25,BOTH,1,1.5,1.5,true,true
presentation:391,383,presentation-uom:06_001_3_16X1,BOTH,1,0.5,0.5,true,true
presentation:392,384,presentation-uom:01_023_8X30,BOTH,1,1,1,true,true
presentation:393,383,presentation-uom:06_001_3_16X1,BOTH,1,0.5,0.5,false,false
presentation:394,385,presentation-uom:01_023_8X35,BOTH,1,1.5,1.5,true,true
presentation:395,386,presentation-uom:06_001_3_16X1_1_4,BOTH,1,0.5,0.5,true,true
presentation:396,387,presentation-uom:01_0238X40,BOTH,1,2,2,true,true
presentation:397,388,presentation-uom:06_001_3_16X1_1_2,BOTH,1,0.5,0.5,true,true
presentation:398,389,presentation-uom:01_023_8X45,BOTH,1,2,2,true,true
presentation:399,390,presentation-uom:06_001_3_16X2,BOTH,1,0.5,0.5,true,true
presentation:400,391,presentation-uom:01_023_8X45,BOTH,1,1,1,true,true
presentation:401,392,presentation-uom:06_001_3_16X2_1_2,BOTH,1,0.5,0.5,true,true
presentation:402,394,presentation-uom:06_001_3_16X3,BOTH,1,1,1,true,true
presentation:403,395,presentation-uom:02_002_1_8,BOTH,1,0.5,0.5,true,true
presentation:404,393,presentation-uom:02_020_6,BOTH,1,0.5,0.5,true,true
presentation:405,397,presentation-uom:02_002_5_32,BOTH,1,0.5,0.5,true,true
presentation:406,398,presentation-uom:02_020_8,BOTH,1,0.5,0.5,true,true
presentation:407,399,presentation-uom:02_002_3_16,BOTH,1,0.5,0.5,true,true
presentation:408,400,presentation-uom:34_017_316,BOTH,1,14,15,true,true
presentation:409,401,presentation-uom:01_009_1_4X1_2,BOTH,1,1,1,true,true
presentation:410,402,presentation-uom:34_017_1_4,BOTH,1,13,13.5,true,true
presentation:411,403,presentation-uom:01_009_1_4X5_8,BOTH,1,1,1,true,true
presentation:412,404,presentation-uom:34_017_5_16,BOTH,1,13,14,true,true
presentation:413,405,presentation-uom:01_009_1_4X3_4,BOTH,1,1,1,true,true
presentation:414,406,presentation-uom:37_001_1_8X1,BOTH,1,1,1,true,true
presentation:415,407,presentation-uom:01_009_1_4X1,BOTH,1,1,1,true,true
presentation:416,408,presentation-uom:37_001_1_8X1_1_2,BOTH,1,1,1,true,true
presentation:417,409,presentation-uom:01_009_1_4X1_1_4,BOTH,1,1,1,true,true
presentation:418,410,presentation-uom:37_001_1_2X2,BOTH,1,1.5,1.5,true,true
presentation:419,411,presentation-uom:37_001_3_16X1_1_2,BOTH,1,2.5,2.5,true,true
presentation:420,412,presentation-uom:01_009_1_4X1_1_2,BOTH,1,1,1,true,true
presentation:421,413,presentation-uom:37_001_3_16X2,BOTH,1,3,3,true,true
presentation:422,414,presentation-uom:01_009_1_4X1_3_4,BOTH,1,1,1,true,true
presentation:423,415,presentation-uom:01_003_1_4X1_2,BOTH,1,0.5,0.5,true,true
presentation:424,416,presentation-uom:01_009_1_4X2,BOTH,1,1.5,1.5,true,true
presentation:425,418,presentation-uom:01_010_1_4X2_1_2,BOTH,1,2,2,true,true
presentation:426,417,presentation-uom:01_003_1_4X5_8,BOTH,1,0.5,0.5,true,true
presentation:427,420,presentation-uom:01_010_1_4X3,BOTH,1,2,2,true,true
presentation:428,421,presentation-uom:01_003_1_4X3_4,BOTH,1,0.5,0.5,true,true
presentation:429,422,presentation-uom:01_009_5_16X1_2,BOTH,1,1,1,true,true
presentation:430,423,presentation-uom:01_003_1_4X1,BOTH,1,0.5,0.5,true,true
presentation:431,424,presentation-uom:01_009_5_16X3_4,BOTH,1,1,1,true,true
presentation:432,425,presentation-uom:01_003_1_4X1_1_4,BOTH,1,1,1,true,true
presentation:433,426,presentation-uom:01_009_5_16X1,BOTH,1,1,1,true,true
presentation:434,427,presentation-uom:01_003_1_4X1_1_2,BOTH,1,1,1,true,true
presentation:435,428,presentation-uom:01_009_5_16X1_1_4,BOTH,1,1,1,true,true
presentation:436,430,presentation-uom:01_009_5_16X1_1_2,BOTH,1,1.5,1.5,true,true
presentation:437,429,presentation-uom:01_003_1_4X1_3_4,BOTH,1,1,1,true,true
presentation:438,431,presentation-uom:01_009_5_16X1_3_4,BOTH,1,2,2,true,true
presentation:439,432,presentation-uom:01_009_5_16X2,BOTH,1,2,2,true,true
presentation:440,433,presentation-uom:01_003_1_4X2,BOTH,1,1,1,true,true
presentation:441,434,presentation-uom:01_003_1_4X2_1_2,BOTH,1,1,1,true,true
presentation:442,435,presentation-uom:01_003_1_4X3,BOTH,1,2,2,true,true
presentation:443,436,presentation-uom:01_003_5_16X3_4,BOTH,1,1,1,true,true
presentation:444,437,presentation-uom:01_003_5_16X1,BOTH,1,1,1,true,true
presentation:445,438,presentation-uom:01_003_5_16X1_1_4,BOTH,1,1,1,true,true
presentation:446,439,presentation-uom:01_003_5_16X1_1_2,BOTH,1,1,1,true,true
presentation:447,440,presentation-uom:01_003_5_16X2,BOTH,1,1.5,1.5,true,true
presentation:448,441,presentation-uom:01_003_5_16X2_1_2,BOTH,1,2,2,true,true
presentation:449,442,presentation-uom:01_010_5_16X2_1_2,BOTH,1,2.5,2.5,true,true
presentation:450,443,presentation-uom:01_003_5_16X3,BOTH,1,2,2,true,true
presentation:451,444,presentation-uom:01_010_5_16X3,BOTH,1,3,3,true,true
presentation:452,445,presentation-uom:01_003_3_8X1,BOTH,1,1,1,true,true
presentation:453,446,presentation-uom:01_009_3_8X1_2,BOTH,1,1,1,true,true
presentation:454,447,presentation-uom:01_003_3_8X1_1_4,BOTH,1,1.5,1.5,true,true
presentation:455,448,presentation-uom:01_009_3_8X3_4,BOTH,1,1,1,true,true
presentation:456,449,presentation-uom:01_003_3_8X1_1_2,BOTH,1,2,2,true,true
presentation:457,450,presentation-uom:01_009_3_8X1,BOTH,1,1,1,true,true
presentation:458,451,presentation-uom:01_003_3_8X1_3_4,BOTH,1,2,2,true,true
presentation:459,452,presentation-uom:01_009_3_8X1_1_4,BOTH,1,2,2,true,true
presentation:460,453,presentation-uom:01_003_3_8X2,BOTH,1,2,2,true,true
presentation:461,454,presentation-uom:01_003_3_8X2_1_2,BOTH,1,2.5,2.5,true,true
presentation:462,455,presentation-uom:01_009_3_8X1_1_2,BOTH,1,2,2,true,true
presentation:463,456,presentation-uom:01_003_3_8X3,BOTH,1,3,3,true,true
presentation:464,457,presentation-uom:02_002_1_4,BOTH,1,0.5,0.5,true,true
presentation:465,458,presentation-uom:02_002_5_16,BOTH,1,0.5,0.5,true,true
presentation:466,459,presentation-uom:01_009_3_8X1_3_4,BOTH,1,3,3,true,true
presentation:467,461,presentation-uom:01_009_3_8X2,BOTH,1,2,2,true,true
presentation:468,460,presentation-uom:02_002_3_8,BOTH,1,0.5,0.5,true,true
presentation:469,462,presentation-uom:08_010_6,BOTH,1,13,14,true,true
presentation:470,463,presentation-uom:01_010_3_8X2_1_2,BOTH,1,3,3,true,true
presentation:471,464,presentation-uom:08_010_8,BOTH,1,23,24,true,true
presentation:472,465,presentation-uom:01_010_3_8X3,BOTH,1,4.5,4.5,true,true
presentation:473,466,presentation-uom:05_002_1_4X1,BOTH,1,1,1,true,true
presentation:474,467,presentation-uom:05_002_1_4X1_1_4,BOTH,1,1,1,true,true
presentation:475,468,presentation-uom:05_002_1_4X1_1_2,BOTH,1,1,1,true,true
presentation:476,469,presentation-uom:05_002_1_4X1_3_4,BOTH,1,1,1,true,true
presentation:477,470,presentation-uom:01_009_7_16X1,BOTH,1,2,2,true,true
presentation:478,471,presentation-uom:05_002_1_4X2,BOTH,1,1,1,true,true
presentation:479,472,presentation-uom:05_002_1_4X2_1_2,BOTH,1,1.5,1.5,true,true
presentation:480,473,presentation-uom:05_002_1_4X3,BOTH,1,2,2,true,true
presentation:481,474,presentation-uom:01_009_7_16X1_1_4,BOTH,1,3,3,true,true
presentation:482,475,presentation-uom:05_002_1_4X3_1_2,BOTH,1,2,2,true,true
presentation:483,476,presentation-uom:05_002_1_4X4,BOTH,1,2,2,true,true
presentation:484,477,presentation-uom:05_002_1_4X4_1_2,BOTH,1,2,2,true,true
presentation:485,478,presentation-uom:05_002_1_4X5,BOTH,1,3.5,3.5,true,true
presentation:486,480,presentation-uom:05_002_5_16X1,BOTH,1,1,1,true,true
presentation:487,479,presentation-uom:01_009_7_16X1_1_2,BOTH,1,3,3,true,true
presentation:488,481,presentation-uom:05_002_5_16X1_1_4,BOTH,1,1,1,true,true
presentation:489,482,presentation-uom:05_002_5_16X1_1_2,BOTH,1,1,1,true,true
presentation:490,483,presentation-uom:01_009_7_16X1_3_4,BOTH,1,3,3,true,true
presentation:491,485,presentation-uom:01_009_7_16X2,BOTH,1,4,4,true,true
presentation:492,484,presentation-uom:05_002_5_16X1_3_4,BOTH,1,6,6,true,true
presentation:493,486,presentation-uom:05_002_5_16X2,BOTH,1,1.5,1.5,true,true
presentation:494,487,presentation-uom:01_010_7_16X2_1_2,BOTH,1,5,5,true,true
presentation:495,488,presentation-uom:05_002_5_16X2_1_2,BOTH,1,3,3,true,true
presentation:496,489,presentation-uom:01_010_7_16X3,BOTH,1,6,6,true,true
presentation:497,490,presentation-uom:05_002_5_16X3,BOTH,1,2,2,true,true
presentation:498,491,presentation-uom:05_002_5_16X3_1_2,BOTH,1,2,2,true,true
presentation:499,492,presentation-uom:01_010_7_16X3_1_2,BOTH,1,7,7,true,true
presentation:500,493,presentation-uom:05_002_5_16X4,BOTH,1,4,4,true,true
presentation:501,494,presentation-uom:01_010_7_16X4,BOTH,1,7,7,true,true
presentation:502,495,presentation-uom:05_002_3_8X1,BOTH,1,1,1,true,true
presentation:503,496,presentation-uom:01_009_1_2X1,BOTH,1,3,3,true,true
presentation:504,497,presentation-uom:05_002_3_8X1_1_4,BOTH,1,2,2,true,true
presentation:505,499,presentation-uom:05_002_3_8X1_1_2,BOTH,1,2,2,true,true
presentation:506,498,presentation-uom:01_009_1_2X1_1_4,BOTH,1,4,4,true,true
presentation:507,500,presentation-uom:05_002_3_8X1_3_4,BOTH,1,3,3,true,true
presentation:508,501,presentation-uom:01_009_1_2X1_1_2,BOTH,1,5,5,true,true
presentation:509,502,presentation-uom:05_002_3_8X2,BOTH,1,3.5,3.5,true,true
presentation:510,503,presentation-uom:05_002_3_8X2_1_2,BOTH,1,2,2,true,true
presentation:511,504,presentation-uom:01_010_1_2X2,BOTH,1,6,6,true,true
presentation:512,505,presentation-uom:05_002_3_8X3,BOTH,1,3,3,true,true
presentation:513,506,presentation-uom:01_010_1_2X2_1_4,BOTH,1,8,8,true,true
presentation:514,507,presentation-uom:05_002_3_8X3_1_2,BOTH,1,3,3,true,true
presentation:515,508,presentation-uom:01_010_1_2X2_1_2,BOTH,1,7,7,true,true
presentation:516,509,presentation-uom:05_002_3_8X4,BOTH,1,5,5,true,true
presentation:517,510,presentation-uom:01_010_1_2X3,BOTH,1,9,9,true,true
presentation:518,512,presentation-uom:01_010_1_2X3_1_2,BOTH,1,10,10,true,true
presentation:519,513,presentation-uom:01_010_1_2X4,BOTH,1,11,11,true,true
presentation:520,511,presentation-uom:02_035_1_4,BOTH,1,0.5,0.5,true,true
presentation:521,514,presentation-uom:01_010_1_4X4_1_2,BOTH,1,2,2,true,true
presentation:522,515,presentation-uom:01_010_1_4X5,BOTH,1,3,3,true,true
presentation:523,516,presentation-uom:01_009_9_16X1_1_2,BOTH,1,5,5,true,true
presentation:524,518,presentation-uom:01_009_9_16X1_3_4,BOTH,1,11,11,true,true
presentation:525,517,presentation-uom:02_035_5_16,BOTH,1,0.5,0.5,true,true
presentation:526,520,presentation-uom:01_009_9_16X2,BOTH,1,7,7,true,true
presentation:527,521,presentation-uom:02_035_3_8,BOTH,1,1,1,true,true
presentation:528,523,presentation-uom:02_035_7_16,BOTH,1,1,1,true,true
presentation:529,524,presentation-uom:02_035_1_2,BOTH,1,2,2,true,true
presentation:530,525,presentation-uom:26_001_6X12,BOTH,1,1,1,true,true
presentation:531,526,presentation-uom:26_001_6X16,BOTH,1,1,1,true,true
presentation:532,527,presentation-uom:26_001_6X20,BOTH,1,1,1,true,true
presentation:533,528,presentation-uom:26_001_6X25,BOTH,1,2,2,true,true
presentation:534,529,presentation-uom:26_001_6X30,BOTH,1,1,1,true,true
presentation:535,530,presentation-uom:26_001_8X16,BOTH,1,1.5,1.5,true,true
presentation:536,531,presentation-uom:26_001_8X20,BOTH,1,2,2,true,true
presentation:537,532,presentation-uom:26_001_8X25,BOTH,1,2,2,true,true
presentation:538,533,presentation-uom:26_001_8X30,BOTH,1,2,2,true,true
presentation:539,534,presentation-uom:09_021_8X1_2,BOTH,1,0.5,0.5,true,true
presentation:540,535,presentation-uom:09_021_8X3_4,BOTH,1,0.5,0.5,true,true
presentation:541,536,presentation-uom:09_021_8X1,BOTH,1,0.5,0.5,true,true
presentation:542,537,presentation-uom:09_016_1_4X3_4,BOTH,1,0.5,0.5,true,true
presentation:543,538,presentation-uom:09_016_1_4X1,BOTH,1,0.5,0.5,true,true
presentation:544,539,presentation-uom:09_016_1_4X1_1_2,BOTH,1,1,1,true,true
presentation:545,540,presentation-uom:PZA,BOTH,1,865,865,true,true
presentation:546,541,presentation-uom:PZA,BOTH,1,225,225,true,true
presentation:547,542,presentation-uom:PZA,BOTH,1,175,175,true,true
presentation:548,543,presentation-uom:PZA,BOTH,1,219,219,true,true
presentation:549,544,presentation-uom:PZA,BOTH,1,323,323,true,true
presentation:550,545,presentation-uom:PZA,BOTH,1,366,366,true,true
presentation:551,552,presentation-uom:09_016_1_4X2,BOTH,1,1,1,true,true
presentation:552,546,presentation-uom:PZA,BOTH,1,1,1,true,true
presentation:553,547,presentation-uom:LITRO,BOTH,1,30,30,true,true
presentation:554,548,presentation-uom:PZA,BOTH,1,280,280,true,true
presentation:555,558,presentation-uom:09_018_1_4X1,BOTH,1,1,1,true,true
presentation:556,549,presentation-uom:PZA,BOTH,1,115,115,true,true
presentation:557,522,presentation-uom:01_010_9_16X2_1_2,BOTH,1,7,7,true,true
presentation:558,559,presentation-uom:01_010_9_16X3,BOTH,1,10,10,true,true
presentation:559,560,presentation-uom:01_010_9_16X3,BOTH,1,10,10,true,true
presentation:560,561,presentation-uom:01_010_9_16X3_1_2,BOTH,1,11,11,true,true
presentation:561,550,presentation-uom:PZA,BOTH,1,130,130,true,true
presentation:562,562,presentation-uom:01_010_9_16X4,BOTH,1,11,11,true,true
presentation:563,551,presentation-uom:PZA,BOTH,1,72,72,true,true
presentation:564,553,presentation-uom:PZA,BOTH,1,55,55,true,true
presentation:565,554,presentation-uom:PZA,BOTH,1,82,82,true,true
presentation:566,555,presentation-uom:PZA,BOTH,1,91,91,true,true
presentation:567,563,presentation-uom:01_010_9_16X4_1_2,BOTH,1,14,15,true,true
presentation:568,564,presentation-uom:01_010_9_16X5,BOTH,1,17,18,true,true
presentation:569,557,presentation-uom:PZA,BOTH,1,37,37,true,true
presentation:570,556,presentation-uom:PZA,BOTH,1,70,70,true,true
presentation:571,565,presentation-uom:01_009_5_8X1_3_4,BOTH,1,9,9,true,true
presentation:572,566,presentation-uom:01_009_5_8X2,BOTH,1,9,9,true,true
presentation:573,567,presentation-uom:09_018_1_4X1_1_4,BOTH,1,1,1,true,true
presentation:574,569,presentation-uom:01_010_5_8X3,BOTH,1,11.5,11.5,true,true
presentation:575,568,presentation-uom:01_010_5_8X31_2,BOTH,1,12,12,true,true
presentation:576,570,presentation-uom:09_018_1_4X1_1_2,BOTH,1,1,1,true,true
presentation:577,571,presentation-uom:PZA,BOTH,1,15,15,true,true
presentation:578,572,presentation-uom:20_021_3_8X1_3_4,BOTH,1,9.5,9.5,true,true
presentation:579,573,presentation-uom:03_012_9_16,BOTH,1,1,1,true,true
presentation:580,574,presentation-uom:20_011_2X2,BOTH,1,4,4,true,true
presentation:581,575,presentation-uom:01_010_5_8X7,BOTH,1,22,23,true,true
presentation:582,576,presentation-uom:01_010_5_8X8,BOTH,1,27,28,true,true
presentation:583,577,presentation-uom:01_009_3_4X2,BOTH,1,12,13,true,true
presentation:584,578,presentation-uom:01_009_3_4X2_1_2,BOTH,1,19,19,true,true
presentation:585,579,presentation-uom:01_010_3_4X3_1_2,BOTH,1,22,23,true,true
presentation:586,580,presentation-uom:PIEZA,BOTH,1,16,17,true,true
presentation:587,582,presentation-uom:PZA,BOTH,1,20,21,true,true
presentation:588,581,presentation-uom:01_010_3_4X4,BOTH,1,24,25,true,true
presentation:589,583,presentation-uom:PZA,BOTH,1,19,20,true,true
presentation:590,584,presentation-uom:01_010_3_4X4_1_2,BOTH,1,30,30,true,true
presentation:591,585,presentation-uom:PZA,BOTH,1,24,25,true,true
presentation:592,586,presentation-uom:01_010_3_4X5,BOTH,1,30,31,true,true
presentation:593,587,presentation-uom:02_008_1_4,BOTH,1,0.5,0.56,true,true
presentation:594,588,presentation-uom:01_010_3_4X5_1_2,BOTH,1,33,34,true,true
presentation:595,590,presentation-uom:01_010_3_4X6,BOTH,1,33,34,true,true
presentation:596,589,presentation-uom:02_008_1_4,BOTH,1,0.5,0.5,true,true
presentation:597,591,presentation-uom:01_010_3_4X6_1_2,BOTH,1,34,35,true,true
presentation:598,593,presentation-uom:01_010_3_4X7,BOTH,1,41,42,true,true
presentation:599,592,presentation-uom:02_008_3_8,BOTH,1,1,1,true,true
presentation:600,595,presentation-uom:PZA,BOTH,1,1,1,true,true
presentation:601,597,presentation-uom:PZA,BOTH,1,1.5,1.5,true,true
presentation:602,599,presentation-uom:PZA,BOTH,1,2,2,true,true
presentation:603,598,presentation-uom:01_010_3_4X8,BOTH,1,46,47,true,true
presentation:604,600,presentation-uom:PZA,BOTH,1,2.5,2.5,true,true
presentation:605,601,presentation-uom:PZA,BOTH,1,4,4,true,true
presentation:606,602,presentation-uom:PZA,BOTH,1,1,1,true,true
presentation:607,603,presentation-uom:PZA,BOTH,1,0.5,0.5,true,true
presentation:608,604,presentation-uom:PZA,BOTH,1,1,1,true,true
presentation:609,605,presentation-uom:PZA,BOTH,1,1,1,true,true
presentation:610,606,presentation-uom:PZA,BOTH,1,2,2,true,true
presentation:611,607,presentation-uom:PZA,BOTH,1,3,3,true,true
presentation:612,608,presentation-uom:PZA,BOTH,1,4,4,true,true
presentation:613,609,presentation-uom:PZA,BOTH,1,5,5,true,true
presentation:614,610,presentation-uom:PZA,BOTH,1,1.5,1.5,true,true
presentation:615,612,presentation-uom:PZA,BOTH,1,1,1,true,true
presentation:616,613,presentation-uom:PZA,BOTH,1,1,1,true,true
presentation:617,614,presentation-uom:PZA,BOTH,1,1,1,true,true
presentation:618,615,presentation-uom:PZA,BOTH,1,1,1,true,true
presentation:619,616,presentation-uom:03_002_9_16,BOTH,1,1.5,1.5,true,true
presentation:620,594,presentation-uom:PZA,BOTH,1,275,275,true,true
presentation:621,617,presentation-uom:03_002_5_8,BOTH,1,2,2,true,true
presentation:622,618,presentation-uom:03_012_1_4,BOTH,1,0.5,0.5,true,true
presentation:623,619,presentation-uom:PZA,BOTH,1,0.5,0.5,true,true
presentation:624,620,presentation-uom:PZA,BOTH,1,1,1,true,true
presentation:625,619,presentation-uom:PZA,BOTH,1,0.5,0.5,false,false
presentation:626,621,presentation-uom:PZA,BOTH,1,0.5,0.5,true,true
presentation:627,622,presentation-uom:PZA,BOTH,1,1.5,1.5,true,true
presentation:628,623,presentation-uom:PZA,BOTH,1,0.5,0.5,true,true
presentation:629,625,presentation-uom:PZA,BOTH,1,13,14,true,true
presentation:630,624,presentation-uom:PZA,BOTH,1,0.5,0.5,true,true
presentation:631,626,presentation-uom:PZA,BOTH,1,20,20.5,true,true
presentation:632,627,presentation-uom:PZA,BOTH,1,0.5,0.5,true,true
presentation:633,628,presentation-uom:PZA,BOTH,1,0.5,0.5,true,true
presentation:634,629,presentation-uom:PZA,BOTH,1,22,23,true,true
presentation:635,630,presentation-uom:PZA,BOTH,1,98,97,true,true
presentation:636,631,presentation-uom:PZA,BOTH,1,42,43,true,true
presentation:637,632,presentation-uom:PZA,BOTH,1,41,42,true,true
presentation:638,633,presentation-uom:TUN100,BOTH,1,322,322,true,true
presentation:639,634,presentation-uom:PZA,BOTH,1,8,9,true,true
presentation:640,635,presentation-uom:PZA,BOTH,1,13,13.5,true,true
presentation:641,636,presentation-uom:PZA,BOTH,1,6,6.5,true,true
presentation:642,637,presentation-uom:4140VP,BOTH,1,19,20,true,true
presentation:643,638,presentation-uom:PZA,BOTH,1,5,5,true,true
presentation:644,639,presentation-uom:PZA,BOTH,1,8,9,true,true
presentation:645,640,presentation-uom:4135VP,BOTH,1,19,20,true,true
presentation:646,641,presentation-uom:PZA,BOTH,1,8,8,true,true
presentation:647,642,presentation-uom:PZA,BOTH,1,4,4,true,true
presentation:648,644,presentation-uom:PZA,BOTH,1,13,14,true,true
presentation:649,643,presentation-uom:04_1812,BOTH,1,20,21,true,true
presentation:650,645,presentation-uom:PZA,BOTH,1,5,5.5,true,true
presentation:651,646,presentation-uom:PZA,BOTH,1,16,17,true,true
presentation:652,647,presentation-uom:PZA,BOTH,1,59,60,true,true
presentation:653,648,presentation-uom:PZA,BOTH,1,18,19,true,true
presentation:654,649,presentation-uom:PZA,BOTH,1,30,31,true,true
presentation:655,650,presentation-uom:CAT_133,BOTH,1,19,20,true,true
presentation:656,651,presentation-uom:PZA,BOTH,1,13,14,true,true
presentation:657,652,presentation-uom:PZA,BOTH,1,19,20,true,true
presentation:658,653,presentation-uom:PZA,BOTH,1,5,6,true,true
presentation:659,654,presentation-uom:PZA,BOTH,1,26,27,true,true
presentation:660,655,presentation-uom:SPV50023,BOTH,1,54,55,true,true
presentation:661,656,presentation-uom:PZA,BOTH,1,10,5,true,true
presentation:662,657,presentation-uom:PZA,BOTH,1,10,11,true,true
presentation:663,658,presentation-uom:PZA,BOTH,1,58,59,true,true
presentation:664,659,presentation-uom:PZA,BOTH,1,7,8,true,true
presentation:665,660,presentation-uom:CC01S,BOTH,1,104,105,true,true
presentation:666,661,presentation-uom:PZA,BOTH,1,14,15,true,true
presentation:667,662,presentation-uom:PZA,BOTH,1,23,24,true,true
presentation:668,663,presentation-uom:PZA,BOTH,1,35,36,true,true
presentation:669,664,presentation-uom:PZA,BOTH,1,8,9,true,true
presentation:670,665,presentation-uom:564_060NI,BOTH,1,22,23,true,true
presentation:671,666,presentation-uom:PZA,BOTH,1,19,20,true,true
presentation:672,668,presentation-uom:PZA,BOTH,1,12,12,true,true
presentation:673,669,presentation-uom:DCD109,BOTH,1,8,9,true,true
presentation:674,670,presentation-uom:PZA,BOTH,1,17,18,true,true
presentation:675,671,presentation-uom:PZA,BOTH,1,6,7,true,true
presentation:676,673,presentation-uom:PZA,BOTH,1,6,7,true,true
presentation:677,672,presentation-uom:BA02_3B,BOTH,1,42,43,true,true
presentation:678,674,presentation-uom:CC02S,BOTH,1,111,112,true,true
presentation:679,675,presentation-uom:PZA,BOTH,1,5,5.5,true,true
presentation:680,676,presentation-uom:PZA,BOTH,1,9,10,true,true
presentation:681,677,presentation-uom:PZA,BOTH,1,160,161,true,true
presentation:682,678,presentation-uom:PZA,BOTH,1,12,12.5,true,true
presentation:683,679,presentation-uom:CC04E,BOTH,1,279,280,true,true
presentation:684,680,presentation-uom:PZA,BOTH,1,12,13,true,true
presentation:685,681,presentation-uom:BP08_CNN,BOTH,1,143,144,true,true
presentation:686,682,presentation-uom:PZA,BOTH,1,21,22,true,true
presentation:687,683,presentation-uom:DCD_108,BOTH,1,6,7,true,true
presentation:688,684,presentation-uom:BP20_CNN,BOTH,1,142,143,true,true
presentation:689,685,presentation-uom:777078,BOTH,1,180,181,true,true
presentation:690,686,presentation-uom:BP06_CEN,BOTH,1,113,114,true,true
presentation:691,687,presentation-uom:8623,BOTH,1,28,29,true,true
presentation:692,688,presentation-uom:PZA,BOTH,1,78,79,true,true
presentation:693,689,presentation-uom:PZA,BOTH,1,17,18,true,true
presentation:694,690,presentation-uom:PZA,BOTH,1,66,67,true,true
presentation:695,691,presentation-uom:PZA,BOTH,1,516,517,true,true
presentation:696,692,presentation-uom:BP01_M_P,BOTH,1,77,78,true,true
presentation:697,693,presentation-uom:001_12,BOTH,1,59,60,true,true
presentation:698,694,presentation-uom:BA06,BOTH,1,41,42,true,true
presentation:699,695,presentation-uom:PZA,BOTH,1,61,62,true,true
presentation:700,697,presentation-uom:PZA,BOTH,1,153,153,true,true
presentation:701,696,presentation-uom:PZA,BOTH,1,852,853,true,true
presentation:702,696,presentation-uom:M,BOTH,1,19,19,false,false
presentation:703,698,presentation-uom:TONELADA,BOTH,1,3800,3800,true,true
presentation:704,698,presentation-uom:BULTO,BOTH,1,85,145,false,false
presentation:705,699,presentation-uom:TONELADA,BOTH,40,4950,4950,false,false
presentation:706,699,presentation-uom:BULTO,BOTH,1,125,125,true,true
presentation:707,698,presentation-uom:BULTO,BOTH,1,190,190,false,false
presentation:708,700,presentation-uom:PZA,BOTH,1,2262,2262,true,true
presentation:709,701,presentation-uom:PZA,BOTH,1,3118,3118,true,true
presentation:710,702,presentation-uom:PZA,BOTH,1,3324,3324,true,true
presentation:711,703,presentation-uom:GONDOLA,BOTH,30,17500,17500,false,false
presentation:712,704,presentation-uom:CAL64,BOTH,1,33,34,true,true
presentation:713,705,presentation-uom:PZA,BOTH,1,9,9,true,true
presentation:714,706,presentation-uom:PZA,BOTH,1,9,10,true,true
presentation:715,708,presentation-uom:10IN_1,BOTH,1,99,100,true,true
presentation:716,709,presentation-uom:CVLG_C55,BOTH,1,69,70,true,true
presentation:717,710,presentation-uom:BP11_M_P,BOTH,1,84,85,true,true
presentation:718,707,presentation-uom:MX22905,BOTH,1,217,218,true,true
presentation:719,711,presentation-uom:MX22904,BOTH,1,217,218,true,true
presentation:720,712,presentation-uom:MX22908,BOTH,1,355,356,true,true
presentation:721,713,presentation-uom:MX22908,BOTH,1,355,356,true,true
presentation:722,714,presentation-uom:BPO1_3,BOTH,1,77,78,true,true
presentation:723,715,presentation-uom:PZA,BOTH,1,11,11,true,true
presentation:724,716,presentation-uom:10IN_1,BOTH,1,99,100,true,true
presentation:725,717,presentation-uom:M,BOTH,1,11,11,true,true
presentation:726,719,presentation-uom:M,BOTH,1,49,50,true,true
presentation:727,720,presentation-uom:ROLLO,BOTH,1,5008,5009,true,true
presentation:728,721,presentation-uom:M,BOTH,1,10,11,true,true
presentation:729,722,presentation-uom:PZA,BOTH,1,1107,1108,true,true
presentation:730,723,presentation-uom:M,BOTH,1,14,15,true,true
presentation:731,724,presentation-uom:PZA,BOTH,1,1561,1562,true,true
presentation:732,725,presentation-uom:PZA,BOTH,1,2458,2459,true,true
presentation:733,726,presentation-uom:M,BOTH,1,24,25,true,true
presentation:734,727,presentation-uom:KG,BOTH,1,48,49,true,true
presentation:735,728,presentation-uom:CAN_1020,BOTH,1,20,21,true,true
presentation:736,729,presentation-uom:M,BOTH,1,10,11,true,true
presentation:737,730,presentation-uom:CAJA,BOTH,100,1107,1108,false,false
presentation:738,731,presentation-uom:M,BOTH,1,16,16,true,true
presentation:739,732,presentation-uom:PZA,BOTH,1,1562,1562,true,true
presentation:740,733,presentation-uom:ARMEX_REFORZADO_10X10,BOTH,1,308,308,true,true
presentation:741,735,presentation-uom:PZA,BOTH,1,2200,2200,true,true
presentation:742,736,presentation-uom:KG,BOTH,1,103,104,true,true
presentation:743,737,presentation-uom:M,BOTH,1,47,47,true,true
presentation:744,738,presentation-uom:M,BOTH,1,16,16,true,true
presentation:745,739,presentation-uom:PZA,BOTH,1,1562,1562,true,true
presentation:746,740,presentation-uom:M,BOTH,1,34,34,true,true
presentation:747,741,presentation-uom:PZA,BOTH,1,29,30,true,true
presentation:748,742,presentation-uom:M,BOTH,1,70,70,true,true
presentation:749,743,presentation-uom:KG,BOTH,1,102,103,true,true
presentation:750,744,presentation-uom:PZA,BOTH,1,30,31,true,true
presentation:751,745,presentation-uom:BP02_M_P,BOTH,1,95,96,true,true
presentation:752,746,presentation-uom:MLPF_04,BOTH,1,47,48,true,true
presentation:753,596,presentation-uom:TON,BOTH,1,19500,19500,true,true
presentation:754,596,presentation-uom:PZA,BOTH,1,155,155,false,false
presentation:755,594,presentation-uom:TON,BOTH,84,23140,23140,false,false
presentation:756,279,presentation-uom:M,BOTH,1,8,9,true,true
presentation:757,747,presentation-uom:CAJA,BOTH,1,3750,3750,true,true
presentation:758,747,presentation-uom:M,BOTH,1,42,42,false,false
presentation:759,748,presentation-uom:CAJA,BOTH,100,3750,3750,false,false
presentation:760,749,presentation-uom:M,BOTH,1,9,10,true,true
presentation:761,748,presentation-uom:M,BOTH,1,42,42,true,true
presentation:762,750,presentation-uom:CAJA,BOTH,100,1035,1035,false,false
presentation:763,751,presentation-uom:CAJA,BOTH,1,3750,3750,true,true
presentation:764,751,presentation-uom:M,BOTH,1,42,42,false,false
presentation:765,752,presentation-uom:M,BOTH,1,12,12,true,true
presentation:766,753,presentation-uom:CAJA,BOTH,100,3750,3750,false,false
presentation:767,754,presentation-uom:PZA,BOTH,1,992,993,true,true
presentation:768,753,presentation-uom:M,BOTH,1,42,42,true,true
presentation:769,756,presentation-uom:M,BOTH,1,9,10,true,true
presentation:770,755,presentation-uom:CAJA,BOTH,100,2256,2257,false,false
presentation:771,757,presentation-uom:CAJA,BOTH,100,1035,1035,false,false
presentation:772,755,presentation-uom:M,BOTH,1,25,26,true,true
presentation:773,758,presentation-uom:M,BOTH,1,9,10,true,true
presentation:774,759,presentation-uom:CAJA,BOTH,100,2326,2326,false,false
presentation:775,760,presentation-uom:CAJA,BOTH,1,1035,1035,true,true
presentation:776,759,presentation-uom:M,BOTH,1,26,26,true,true
presentation:777,761,presentation-uom:PZA,BOTH,1,16,17,true,true
presentation:778,762,presentation-uom:PZA,BOTH,1,50,50,true,true
presentation:779,763,presentation-uom:M,BOTH,1,15,16,true,true
presentation:780,764,presentation-uom:CAJA,BOTH,1,1347,1348,true,true
presentation:781,765,presentation-uom:M,BOTH,1,16,17,true,true
presentation:782,766,presentation-uom:CAJA,BOTH,1,1389,1390,true,true
presentation:783,768,presentation-uom:M,BOTH,1,17,17,true,true
presentation:784,767,presentation-uom:CAJA,BOTH,1,2326,2326,true,true
presentation:785,767,presentation-uom:M,BOTH,1,26,26,false,false
presentation:786,769,presentation-uom:CAJA,BOTH,1,1390,1390,true,true
presentation:787,770,presentation-uom:CAJA,BOTH,100,2326,2326,false,false
presentation:788,770,presentation-uom:M,BOTH,1,26,26,true,true
presentation:789,730,presentation-uom:M,BOTH,1,10,11,true,true
presentation:790,726,presentation-uom:CAJA,BOTH,100,2458,2459,false,false
presentation:791,738,presentation-uom:CAJA,BOTH,1,1561,1562,false,false
presentation:792,731,presentation-uom:CAJA,BOTH,1,1561,1562,false,false
presentation:793,738,presentation-uom:CAJA,BOTH,1,1389,1390,false,false
presentation:794,723,presentation-uom:CAJA,BOTH,100,1561,1562,false,false
presentation:795,717,presentation-uom:CAJA,BOTH,100,1107,1108,false,false
presentation:796,721,presentation-uom:CAJA,BOTH,100,1107,1108,false,false
presentation:797,282,presentation-uom:M,BOTH,1,17,17,false,false
presentation:798,765,presentation-uom:CAJA,BOTH,1,1450,1450,false,false
presentation:799,768,presentation-uom:CAJA,BOTH,1,1389,1450,false,false
presentation:800,763,presentation-uom:CAJA,BOTH,1,1405,1405,false,false
presentation:801,771,presentation-uom:PZA,BOTH,1,17,18,true,true
presentation:802,772,presentation-uom:LLA_24,BOTH,1,329,330,true,true
presentation:803,773,presentation-uom:16_0213,BOTH,1,120,121,true,true
presentation:804,774,presentation-uom:16_0212,BOTH,1,120,121,true,true
presentation:805,775,presentation-uom:PZA,BOTH,1,1299,1300,true,true
presentation:806,776,presentation-uom:PZA,BOTH,1,71,72,true,true
presentation:807,777,presentation-uom:5880,BOTH,1,156.5,157.5,true,true
presentation:808,778,presentation-uom:5880_12,BOTH,1,209,210,true,true
presentation:809,779,presentation-uom:779728,BOTH,1,57,58,true,true
presentation:810,780,presentation-uom:VIAJE_6_METROS,BOTH,1,2500,2500,true,true
presentation:811,780,presentation-uom:VIAJE_14_METROS,BOTH,14,7560,7560,false,false
presentation:812,780,presentation-uom:GONDOLA_30_METROS,BOTH,30,13500,13500,false,false
presentation:813,292,presentation-uom:MEDIO_KILO,BOTH,0.5,30,30,false,false
presentation:814,757,presentation-uom:M,BOTH,1,12,12,true,true
presentation:815,750,presentation-uom:M,BOTH,1,11,12,true,true
presentation:816,752,presentation-uom:CAJA,BOTH,1,1035,1035,false,false
presentation:817,760,presentation-uom:M,BOTH,1,12,12,false,false
presentation:818,781,presentation-uom:BULTO,BOTH,1,88,89,true,true
presentation:819,782,presentation-uom:BULTO,BOTH,1,189,190,true,true
presentation:820,736,presentation-uom:MEDIO_KILO,BOTH,1,52,52,false,false
presentation:821,783,presentation-uom:DL10115,BOTH,1,53,54,true,true
presentation:822,784,presentation-uom:EZ32700,BOTH,1,31,32,true,true
presentation:823,785,presentation-uom:EZ32200,BOTH,1,29,30,true,true
presentation:824,786,presentation-uom:PZA,BOTH,1,42,43,true,true
presentation:825,787,presentation-uom:4111_1,BOTH,1,4,4,true,true
presentation:826,788,presentation-uom:PZA,BOTH,1,57,58,true,true
presentation:827,789,presentation-uom:PZA,BOTH,1,79,80,true,true
presentation:828,790,presentation-uom:PZA,BOTH,1,44,45,true,true
presentation:829,791,presentation-uom:PZA,BOTH,1,64,65,true,true
presentation:830,792,presentation-uom:4111_3,BOTH,1,5,6,true,true
presentation:831,793,presentation-uom:GPVC_2,BOTH,1,32,33,true,true
presentation:832,794,presentation-uom:PZA,BOTH,1,1115,1116,true,true
presentation:833,795,presentation-uom:PZA,BOTH,1,1274,1275,true,true
presentation:834,796,presentation-uom:PZA,BOTH,1,1028,1029,true,true
presentation:835,259,presentation-uom:M,BOTH,1,9,9,true,true
presentation:836,797,presentation-uom:PZA,BOTH,1,144,145,true,true
presentation:837,798,presentation-uom:PZA,BOTH,1,48,49,true,true
presentation:838,799,presentation-uom:KG,BOTH,1,84,85,true,true
presentation:839,800,presentation-uom:KG,BOTH,1,85,86,true,true
presentation:840,801,presentation-uom:KG,BOTH,1,84,85,true,true
presentation:841,802,presentation-uom:GEN_2S,BOTH,1,63,64,true,true
presentation:842,803,presentation-uom:GEN_2G,BOTH,1,73,74,true,true
presentation:843,804,presentation-uom:PZA,BOTH,1,3,3,true,true
presentation:844,703,presentation-uom:M,BOTH,1,600,600,true,true
presentation:845,805,presentation-uom:KG,BOTH,1,20.5,20.5,true,true
presentation:846,806,presentation-uom:PZA,BOTH,1,20,20,true,true
presentation:847,807,presentation-uom:PZA,BOTH,1,27,28,true,true
presentation:848,808,presentation-uom:PZA,BOTH,1,33,34,true,true
presentation:849,809,presentation-uom:PZA,BOTH,1,46,47,true,true
presentation:850,810,presentation-uom:PZA,BOTH,1,70,71,true,true
presentation:851,811,presentation-uom:PZA,BOTH,1,158,159,true,true
presentation:852,813,presentation-uom:PZA,BOTH,1,220,221,true,true
presentation:853,814,presentation-uom:PZA,BOTH,1,40,40,true,true
presentation:854,815,presentation-uom:PZA,BOTH,1,50,51,true,true
presentation:855,816,presentation-uom:PZA,BOTH,1,22,23,true,true
presentation:856,817,presentation-uom:PZA,BOTH,1,44,45,true,true
presentation:857,818,presentation-uom:PZA,BOTH,1,29,29,true,true
presentation:858,819,presentation-uom:PZA,BOTH,1,61,62,true,true
presentation:859,820,presentation-uom:PZA,BOTH,1,885,886,true,true
presentation:860,821,presentation-uom:PZA,BOTH,1,1459,1460,true,true
presentation:861,822,presentation-uom:PZA,BOTH,1,24,25,true,true
presentation:862,823,presentation-uom:PZA,BOTH,1,32,33,true,true
presentation:863,812,presentation-uom:PZA,BOTH,1,379,380,true,true
presentation:864,824,presentation-uom:PZA,BOTH,1,22,23,true,true
presentation:865,825,presentation-uom:TON,BOTH,1,3900,3900,true,true
presentation:866,826,presentation-uom:PB_150,BOTH,1,129,130,true,true
presentation:867,827,presentation-uom:PB_150,BOTH,1,159,160,true,true
presentation:868,828,presentation-uom:ED13_10B,BOTH,1,51,52,true,true
presentation:869,829,presentation-uom:ED13_5B,BOTH,1,30,31,true,true
presentation:870,830,presentation-uom:ED13_3B,BOTH,1,21,22,true,true
presentation:871,831,presentation-uom:ER13_3NA,BOTH,1,30,31,true,true
presentation:872,832,presentation-uom:ER13_30NA,BOTH,1,493,493,true,true
presentation:873,833,presentation-uom:BA07_B,BOTH,1,39,40,true,true
presentation:874,834,presentation-uom:BP07_M_P,BOTH,1,96,97,true,true
presentation:875,835,presentation-uom:PZA,BOTH,1,156,157,true,true
presentation:876,836,presentation-uom:PZA,BOTH,1,40,41,true,true
presentation:877,837,presentation-uom:PZA,BOTH,1,54,55,true,true
presentation:878,838,presentation-uom:PZA,BOTH,1,195,196,true,true
presentation:879,839,presentation-uom:PZA,BOTH,1,37,38,true,true
presentation:880,840,presentation-uom:PZA,BOTH,1,39,40,true,true
presentation:881,841,presentation-uom:PZA,BOTH,1,58,59,true,true
presentation:882,842,presentation-uom:PZA,BOTH,1,34,35,true,true
presentation:883,843,presentation-uom:PZA,BOTH,1,74,75,true,true
presentation:884,844,presentation-uom:PZA,BOTH,1,206,207,true,true
presentation:885,845,presentation-uom:PZA,BOTH,1,77,78,true,true
presentation:886,846,presentation-uom:PB_200,BOTH,1,157,158,true,true
presentation:887,847,presentation-uom:PZA,BOTH,1,80,81,true,true
presentation:888,848,presentation-uom:BP07_CNN,BOTH,1,112,113,true,true
presentation:889,849,presentation-uom:PZA,BOTH,1,45,46,true,true
presentation:890,850,presentation-uom:PZA,BOTH,1,5,6,true,true
presentation:891,851,presentation-uom:KG,BOTH,1,102,103,true,true
presentation:892,852,presentation-uom:M,BOTH,1,450,450,true,true
presentation:893,853,presentation-uom:M,BOTH,1,650,650,true,true
presentation:894,854,presentation-uom:PZA,BOTH,1,1935,1936,true,true
presentation:895,855,presentation-uom:PZA,BOTH,1,2430,2431,true,true
presentation:896,856,presentation-uom:PZA,BOTH,1,1735,1736,true,true
presentation:897,857,presentation-uom:PZA,BOTH,1,12,13,true,true
presentation:898,858,presentation-uom:PZA,BOTH,1,15,16,true,true
presentation:899,859,presentation-uom:PZA,BOTH,1,16,17,true,true
presentation:900,860,presentation-uom:PZA,BOTH,1,20,21,true,true
presentation:901,861,presentation-uom:PZA,BOTH,1,31,32,true,true
presentation:902,862,presentation-uom:PZA,BOTH,1,42,43,true,true
presentation:903,863,presentation-uom:PZA,BOTH,1,11.5,11.5,true,true
presentation:904,864,presentation-uom:PZA,BOTH,1,15,16,true,true
presentation:905,865,presentation-uom:PZA,BOTH,1,20,21,true,true
presentation:906,865,presentation-uom:PZA,BOTH,1,24,25,false,false
presentation:907,866,presentation-uom:PZA,BOTH,1,24,25,true,true
presentation:908,868,presentation-uom:SELO_20,BOTH,1,24,25,true,true
presentation:909,869,presentation-uom:SELO_30,BOTH,1,28,29,true,true
presentation:910,870,presentation-uom:SELO_50,BOTH,1,30,31,true,true
presentation:911,871,presentation-uom:CT_6,BOTH,1,149,150,true,true
presentation:912,872,presentation-uom:COT_P,BOTH,1,109,110,true,true
presentation:913,873,presentation-uom:CT_8P,BOTH,1,65,66,true,true
presentation:914,874,presentation-uom:CT_9P,BOTH,1,71,72,true,true
presentation:915,875,presentation-uom:CT_9GP,BOTH,1,82,83,true,true
presentation:916,876,presentation-uom:COR_60P,BOTH,1,190,191,true,true
presentation:917,877,presentation-uom:CH_38,BOTH,1,46,47,true,true
presentation:918,878,presentation-uom:CH_50,BOTH,1,72,73,true,true
presentation:919,879,presentation-uom:CH_45L,BOTH,1,59,60,true,true
presentation:920,880,presentation-uom:HIL_165,BOTH,1,20,21,true,true
presentation:921,881,presentation-uom:PZA,BOTH,1,10,10,true,true
presentation:922,882,presentation-uom:PZA,BOTH,1,10,10,true,true
presentation:923,883,presentation-uom:BULTO,BOTH,1,114,115,true,true
presentation:924,884,presentation-uom:PZA,BOTH,1,149,150,true,true
presentation:925,886,presentation-uom:PZA,BOTH,1,149,150,true,true
presentation:926,885,presentation-uom:BOSCH,BOTH,1,174,175,true,true
presentation:927,887,presentation-uom:PZA,BOTH,1,149,150,true,true
presentation:928,888,presentation-uom:PZA,BOTH,1,149,150,true,true
presentation:929,889,presentation-uom:PZA,BOTH,1,169,170,true,true
presentation:930,890,presentation-uom:PZA,BOTH,1,169,170,true,true
presentation:931,891,presentation-uom:PZA,BOTH,1,169,170,true,true
presentation:932,892,presentation-uom:PZA,BOTH,1,169,170,true,true
presentation:933,893,presentation-uom:PZA,BOTH,1,169,170,true,true
presentation:934,894,presentation-uom:PZA,BOTH,1,67,68,true,true
presentation:935,895,presentation-uom:PZA,BOTH,1,132,133,true,true
presentation:936,896,presentation-uom:PZA,BOTH,1,1,1,true,true
presentation:937,735,presentation-uom:M,BOTH,1,49,49,false,false
presentation:938,897,presentation-uom:3504,BOTH,1,33,34,true,true
presentation:939,898,presentation-uom:2783,BOTH,1,21,22,true,true
presentation:940,899,presentation-uom:2784,BOTH,1,21,22,true,true
presentation:941,900,presentation-uom:0859,BOTH,1,16,17,true,true
presentation:942,901,presentation-uom:4555,BOTH,1,41,42,true,true
presentation:943,902,presentation-uom:0085,BOTH,1,14,15,true,true
presentation:944,903,presentation-uom:PZA,BOTH,1,150,150,true,true
presentation:945,904,presentation-uom:PZA,BOTH,1,170,170,true,true
presentation:946,905,presentation-uom:PZA,BOTH,1,77,78,true,true
presentation:947,906,presentation-uom:KG,BOTH,1,25,25,true,true
presentation:948,907,presentation-uom:PZA,BOTH,1,47,48,true,true
presentation:949,908,presentation-uom:3553C_25,BOTH,1,194,195,true,true
presentation:950,909,presentation-uom:3553C_19,BOTH,1,113,114,true,true
presentation:951,910,presentation-uom:3553C_13,BOTH,1,78,79,true,true
presentation:952,911,presentation-uom:BA01_3,BOTH,1,27,28,true,true
presentation:953,912,presentation-uom:BA01,BOTH,1,25,26,true,true
presentation:954,913,presentation-uom:METROS_LIMPIA,BOTH,1,530,530,true,true
presentation:955,914,presentation-uom:PZA,BOTH,1,73,73,true,true
presentation:956,915,presentation-uom:PZA,BOTH,1,158,158,true,true
presentation:957,916,presentation-uom:PZA,BOTH,1,36,37,true,true
presentation:958,917,presentation-uom:PZA,BOTH,1,29,30,true,true
presentation:959,918,presentation-uom:BA09_B,BOTH,1,41,42,true,true
presentation:960,919,presentation-uom:BA07_3,BOTH,1,41,42,true,true
presentation:961,920,presentation-uom:PP010_KB,BOTH,1,63,64,true,true
presentation:962,921,presentation-uom:PZA,BOTH,1,73,73,true,true
presentation:963,922,presentation-uom:MAR_16,BOTH,1,103,104,true,true
presentation:964,923,presentation-uom:VIAJE_7_METROS,BOTH,7,2300,2300,false,false
presentation:965,923,presentation-uom:M,BOTH,1,330,330,true,true
presentation:966,924,presentation-uom:PZA,BOTH,1,190,191,true,true
presentation:967,925,presentation-uom:COAZ_1_1_2,BOTH,1,283,284,true,true
presentation:968,926,presentation-uom:FAJA_SN,BOTH,1,196,197,true,true
presentation:969,927,presentation-uom:COAZ_2,BOTH,1,364,365,true,true
presentation:970,928,presentation-uom:FAJA_MN,BOTH,1,209,209,true,true
presentation:971,929,presentation-uom:FAJA_LN,BOTH,1,196,197,true,true
presentation:972,930,presentation-uom:FAJA_S,BOTH,1,208,208,true,true
presentation:973,931,presentation-uom:FAJA_XL,BOTH,1,185,186,true,true
presentation:974,932,presentation-uom:PZA,BOTH,1,113,114,true,true
presentation:975,780,presentation-uom:VIAJE_DE_7_METROS,BOTH,7,3780,3780,false,false
presentation:976,780,presentation-uom:M,BOTH,1,540,540,false,false
presentation:977,933,presentation-uom:PZA,BOTH,1,1887,1888,true,true
presentation:978,935,presentation-uom:HORA,BOTH,1,700,700,true,true
presentation:979,934,presentation-uom:HORA,BOTH,1,1000,1000,true,true
presentation:980,936,presentation-uom:VIAJE_DE_7_METROS,BOTH,7,2500,2500,false,false
presentation:981,937,presentation-uom:PZA,BOTH,1,26,27,true,true
presentation:982,938,presentation-uom:PZA,BOTH,1,10,11,true,true
presentation:983,939,presentation-uom:PZA,BOTH,1,14,15,true,true
presentation:984,940,presentation-uom:PZA,BOTH,1,19,20,true,true
presentation:985,941,presentation-uom:2259,BOTH,1,56,57,true,true
presentation:986,942,presentation-uom:22201,BOTH,1,61,62,true,true
presentation:987,943,presentation-uom:PZA,BOTH,1,28,29,true,true
presentation:988,944,presentation-uom:M,BOTH,1,6,7,true,true
presentation:989,945,presentation-uom:PZA,BOTH,1,565,565,true,true
presentation:990,946,presentation-uom:PZA,BOTH,1,542,543,true,true
presentation:991,947,presentation-uom:COR_60P,BOTH,1,190,191,true,true
presentation:992,948,presentation-uom:BP01,BOTH,1,77,78,true,true
presentation:993,949,presentation-uom:MA_16,BOTH,1,103,104,true,true
presentation:994,950,presentation-uom:PZA,BOTH,1,17,17,true,true
presentation:995,951,presentation-uom:PZA,BOTH,1,49,49,true,true
presentation:996,936,presentation-uom:VIAJE_14_METROS,BOTH,14,4400,4400,false,false
presentation:997,952,presentation-uom:BA02,BOTH,1,38,39,true,true
presentation:998,953,presentation-uom:PZA,BOTH,1,229,230,true,true
presentation:999,954,presentation-uom:11_0908,BOTH,1,27,28,true,true
presentation:1000,955,presentation-uom:4004_13,BOTH,1,128,129,true,true
presentation:1001,956,presentation-uom:4120,BOTH,1,67,68,true,true
presentation:1002,957,presentation-uom:VIAJE,BOTH,1,3000,3000,true,true
presentation:1003,957,presentation-uom:VIAJE_DE_14_METROS,BOTH,14,3200,3200,false,false
presentation:1004,959,presentation-uom:PZA,BOTH,1,867,867,true,true
presentation:1005,960,presentation-uom:PZA,BOTH,1,35,35,true,true
presentation:1006,961,presentation-uom:PZA,BOTH,1,2,2,true,true
presentation:1007,962,presentation-uom:PZA,BOTH,1,185,185,true,true
presentation:1008,963,presentation-uom:PZA,BOTH,1,233,234,true,true
presentation:1009,964,presentation-uom:PZA,BOTH,1,97,98,true,true
presentation:1010,965,presentation-uom:PZA,BOTH,1,71,72,true,true
presentation:1011,959,presentation-uom:M,BOTH,1,100,100,false,false
presentation:1012,340,presentation-uom:PZA,BOTH,1,0.5,0.5,false,false
presentation:1013,339,presentation-uom:PZA,BOTH,1,0.5,0.5,false,false
presentation:1014,968,presentation-uom:PZA,BOTH,1,0.5,0.5,true,true
presentation:1015,336,presentation-uom:PZA,BOTH,1,0.5,0.5,false,false
presentation:1016,970,presentation-uom:PZA,BOTH,1,0.5,0.5,true,true
presentation:1017,971,presentation-uom:PZA,BOTH,1,0.5,0.5,true,true
presentation:1018,972,presentation-uom:PZA,BOTH,1,0.5,0.5,true,true
presentation:1019,973,presentation-uom:PZA,BOTH,1,0.5,0.5,true,true
presentation:1020,974,presentation-uom:01_009_5_8X1_3_4,BOTH,1,8,9,true,true
presentation:1021,975,presentation-uom:01_010_5_8X3,BOTH,1,14,14,true,true
presentation:1022,976,presentation-uom:01_010_5_8X3_1_2,BOTH,1,11,12,true,true
presentation:1023,977,presentation-uom:01_010_5_8X4,BOTH,1,19,19,true,true
presentation:1024,978,presentation-uom:01_010_5_8X7,BOTH,1,32,32,true,true
presentation:1025,979,presentation-uom:BULTO,BOTH,1,71,72,true,true
presentation:1026,980,presentation-uom:BULTO,BOTH,1,146,146,true,true
presentation:1027,981,presentation-uom:BULTO,BOTH,1,99,99,true,true
presentation:1028,982,presentation-uom:BULTO,BOTH,1,131,132,true,true
presentation:1029,983,presentation-uom:ALL_P8P,BOTH,1,22,23,true,true
presentation:1030,984,presentation-uom:PZA,BOTH,1,167,168,true,true
presentation:1031,985,presentation-uom:PZA,BOTH,1,98,99,true,true
presentation:1032,945,presentation-uom:M,BOTH,1,85,86,false,false
presentation:1033,232,presentation-uom:M,BOTH,1,20,20,false,false
presentation:1034,986,presentation-uom:PZA,BOTH,1,324,324,true,true
presentation:1035,987,presentation-uom:KG,BOTH,1,4.23,4.23,true,true
presentation:1036,852,presentation-uom:GONDOLA_GRAVA_JESUS_MARIA,BOTH,30,11000,11000,false,false
presentation:1037,852,presentation-uom:GONDOLA_GRAVA_AYOTLAN,BOTH,30,13000,13000,false,false
presentation:1038,703,presentation-uom:GON_TOBAL_ARANDAS,BOTH,30,17300,17300,false,false
presentation:1039,853,presentation-uom:GONDOLA,BOTH,1,16000,16000,false,false
presentation:1040,988,presentation-uom:GONDOLA,BOTH,30,8000,8000,false,false
presentation:1041,989,presentation-uom:PZA,BOTH,1,346,346,true,true
presentation:1042,987,presentation-uom:TONELADA,BOTH,1000,4230,4230,false,false
presentation:1043,7,presentation-uom:PRECIO_ESPECIAL_CHEPE,BOTH,40,3550,3550,false,false
presentation:1044,4,presentation-uom:PRECIO_IDEA,BOTH,20,4500,4500,false,false
presentation:1045,991,presentation-uom:M,BOTH,1,5,6,true,true
presentation:1046,992,presentation-uom:M,BOTH,1,7.5,7.5,true,true
presentation:1047,992,presentation-uom:M,BOTH,1,6,7,false,false
presentation:1048,993,presentation-uom:M,BOTH,1,9,10,true,true
presentation:1049,237,presentation-uom:M,BOTH,0.5,42,42,false,false
presentation:1050,994,presentation-uom:KG,BOTH,1,55,56,true,true
presentation:1051,995,presentation-uom:KG,BOTH,1,55,56,true,true
presentation:1052,996,presentation-uom:PZA,BOTH,1,3,3,true,true
presentation:1053,997,presentation-uom:PZA,BOTH,1,4,4,true,true
presentation:1054,703,presentation-uom:1_2_METRO,BOTH,1,300,300,false,false
presentation:1055,966,presentation-uom:PZA,BOTH,1,1,1,true,true
presentation:1056,998,presentation-uom:FAJA_MX,BOTH,1,208,209,true,true
presentation:1057,999,presentation-uom:PZA,BOTH,1,1380,1380,true,true
presentation:1058,1000,presentation-uom:PZA,BOTH,1,75,75,true,true
presentation:1059,1001,presentation-uom:PZA,BOTH,1,33,34,true,true
presentation:1060,1002,presentation-uom:PZA,BOTH,1,33,34,true,true
presentation:1061,1003,presentation-uom:PZA,BOTH,1,33,34,true,true
presentation:1062,1004,presentation-uom:PZA,BOTH,1,38,39,true,true
presentation:1063,1005,presentation-uom:PZA,BOTH,1,52,53,true,true
presentation:1064,1006,presentation-uom:PZA,BOTH,1,12,13,true,true
presentation:1065,1007,presentation-uom:PZA,BOTH,1,29,30,true,true
presentation:1066,1008,presentation-uom:PZA,BOTH,1,31,32,true,true
presentation:1067,1008,presentation-uom:PZA,BOTH,1,31,32,false,false
presentation:1068,1009,presentation-uom:PZA,BOTH,1,44,45,true,true
presentation:1069,1010,presentation-uom:PZA,BOTH,1,9,9,true,true
presentation:1070,1011,presentation-uom:PZA,BOTH,1,11,11,true,true
presentation:1071,1012,presentation-uom:PZA,BOTH,1,135,136,true,true
presentation:1072,1013,presentation-uom:PZA,BOTH,1,169,170,true,true
presentation:1073,1014,presentation-uom:PZA,BOTH,1,100,100,true,true
presentation:1074,1014,presentation-uom:PZA,BOTH,1,96,97,false,false
presentation:1075,1015,presentation-uom:PZA,BOTH,1,181,182,true,true
presentation:1076,1016,presentation-uom:PZA,BOTH,1,53,54,true,true
presentation:1077,1017,presentation-uom:PZA,BOTH,2,59,60,false,false
presentation:1078,1018,presentation-uom:PZA,BOTH,1,57,58,true,true
presentation:1079,1019,presentation-uom:PZA,BOTH,1,64,65,true,true
presentation:1080,1020,presentation-uom:PZA,BOTH,1,50,51,true,true
presentation:1081,1021,presentation-uom:PZA,BOTH,1,27,27,true,true
presentation:1082,1022,presentation-uom:PZA,BOTH,1,824,825,true,true
presentation:1083,6,presentation-uom:PRECIO_ESPECIAL_CHEPE,BOTH,20,3550,3550,false,false
presentation:1084,703,presentation-uom:VIAJE_DE_7_METROS,BOTH,7,4200,4200,false,false
presentation:1085,1023,presentation-uom:PZA,BOTH,1,1664,1665,true,true
presentation:1086,4,presentation-uom:PRECIO_CARLOS_CAMARENA,BOTH,1,4300,4300,false,false
presentation:1087,1024,presentation-uom:PZA,BOTH,1,100,100,true,true
presentation:1088,957,presentation-uom:7_METROS,BOTH,7,1600,1600,false,false
presentation:1089,5,presentation-uom:PRECIO_CALERO,BOTH,1,3950,3950,false,false
presentation:1090,1025,presentation-uom:PZA,BOTH,1,78,79,true,true
presentation:1091,1026,presentation-uom:PZA,BOTH,1,37,38,true,true
presentation:1092,1027,presentation-uom:PZA,BOTH,1,41,42,true,true
presentation:1093,1028,presentation-uom:LLA_11,BOTH,1,147,148,true,true
presentation:1094,1029,presentation-uom:222,BOTH,1,93,93,true,true
presentation:1095,1030,presentation-uom:79097,BOTH,1,37,37,true,true
presentation:1096,1031,presentation-uom:PZA,BOTH,1,0.1,0.1,true,true
presentation:1097,1032,presentation-uom:PZA,BOTH,1,18,19,true,true
presentation:1098,264,presentation-uom:KG,BOTH,1,36,37,false,false
presentation:1099,271,presentation-uom:PZA,BOTH,1,6,7,true,true
presentation:1100,1033,presentation-uom:M,BOTH,1,15,16,true,true
presentation:1101,1033,presentation-uom:ROLLO,BOTH,1,1569,1570,false,false
presentation:1102,1034,presentation-uom:CT_12B,BOTH,1,214,215,true,true
presentation:1103,1035,presentation-uom:CT_10C,BOTH,1,191,192,true,true
presentation:1104,1036,presentation-uom:MG_PY_P,BOTH,1,79,80,true,true
presentation:1105,1037,presentation-uom:MG_PDP_Y,BOTH,1,56,57,true,true
presentation:1106,1038,presentation-uom:MH_24P,BOTH,1,102,103,true,true
presentation:1107,1039,presentation-uom:21531,BOTH,1,44,45,true,true
presentation:1108,988,presentation-uom:VIAJE_14_METROS,BOTH,1,3800,3800,true,true
presentation:1109,988,presentation-uom:VIAJE_7_METROS,BOTH,7,1800,1800,false,false
presentation:1110,987,presentation-uom:PRECIO_MIGUEL,BOTH,1,4.23,4.23,false,false
presentation:1111,1040,presentation-uom:PZA,BOTH,1,126,127,true,true
presentation:1112,419,presentation-uom:PZA,BOTH,1,1,1,true,true
presentation:1113,853,presentation-uom:PRECIO_GOND_ESPECIAL_LOPAR,BOTH,1,14000,14000,false,false
presentation:1114,852,presentation-uom:PRECIO_GUILLERMO,BOTH,1,420,420,false,false
presentation:1115,913,presentation-uom:PRECIO_GUILLERMO,BOTH,1,500,500,false,false
presentation:1116,1041,presentation-uom:PZA,BOTH,1,227,228,true,true
presentation:1117,1042,presentation-uom:PZA,BOTH,1,205,204,true,true
presentation:1118,1043,presentation-uom:PZA,BOTH,1,159,160,true,true
presentation:1119,1044,presentation-uom:PZA,BOTH,1,215,216,true,true
presentation:1120,1046,presentation-uom:PZA,BOTH,1,129,130,true,true
presentation:1121,1047,presentation-uom:PZA,BOTH,1,99,100,true,true
presentation:1122,1048,presentation-uom:PZA,BOTH,1,220,220,true,true
presentation:1123,1049,presentation-uom:PZA,BOTH,1,227,228,true,true
presentation:1124,1050,presentation-uom:PZA,BOTH,1,100,100,true,true
presentation:1125,1051,presentation-uom:MG_ZP_5M,BOTH,1,155,156,true,true
presentation:1126,1052,presentation-uom:PZA,BOTH,1,8,9,true,true
presentation:1127,1053,presentation-uom:PZA,BOTH,1,6,7,true,true
presentation:1128,284,presentation-uom:PRECIO_ESPECIAL,BOTH,1,26.5,26.5,false,false
presentation:1129,1054,presentation-uom:KG,BOTH,1,90,90,true,true
presentation:1130,596,presentation-uom:PRECIO_ESPECIAL_ARQ_TOBAL,BOTH,150,22640,22640,false,false
presentation:1131,284,presentation-uom:PRECIO_ESPECIAL,BOTH,1,24.5,24.5,false,false
presentation:1132,287,presentation-uom:PRECIO_ARQ_TOBAL,BOTH,1,24.5,24.5,false,false
presentation:1133,1055,presentation-uom:KG,BOTH,1,48,48,true,true
presentation:1134,1056,presentation-uom:M,BOTH,1,2200,3300,true,true
presentation:1135,1056,presentation-uom:VIAJE_7_METROS,BOTH,1,2400,2400,false,false
presentation:1136,1056,presentation-uom:7_METROS_CHAMY,BOTH,7,2200,2200,false,false
presentation:1137,913,presentation-uom:VIAJE_7_METROS_P_ESPECIAL,BOTH,7,3200,3200,false,false
presentation:1138,1057,presentation-uom:PZA,BOTH,1,1,1,true,true
presentation:1139,1058,presentation-uom:PZA,BOTH,1,1,1,true,true
presentation:1140,1059,presentation-uom:PZA,BOTH,1,1,1,true,true
presentation:1141,1060,presentation-uom:PZA,BOTH,1,1,1,true,true
presentation:1142,1061,presentation-uom:PIEZA1,BOTH,1,1.5,1.5,true,true
presentation:1143,1063,presentation-uom:PZA,BOTH,1,28,29,true,true
presentation:1144,1064,presentation-uom:PZA,BOTH,1,11,12,true,true
presentation:1145,1065,presentation-uom:PZA,BOTH,1,11,12,true,true
presentation:1146,1066,presentation-uom:PZA,BOTH,1,11,12,true,true
presentation:1147,1067,presentation-uom:PZA,BOTH,1,11,12,true,true
presentation:1148,1069,presentation-uom:PZA,BOTH,1,24,25,true,true
presentation:1149,1070,presentation-uom:PZA,BOTH,1,28,29,true,true
presentation:1150,1071,presentation-uom:PZA,BOTH,1,32,33,true,true
presentation:1151,1072,presentation-uom:PZA,BOTH,1,36,37,true,true
presentation:1152,1073,presentation-uom:PZA,BOTH,1,41,42,true,true
presentation:1153,1074,presentation-uom:PZA,BOTH,1,49,50,true,true
presentation:1154,1075,presentation-uom:PZA,BOTH,1,57,58,true,true
presentation:1155,1076,presentation-uom:PZA,BOTH,1,66,67,true,true
presentation:1156,1077,presentation-uom:PZA,BOTH,1,9,10,true,true
presentation:1157,1077,presentation-uom:PZA,BOTH,1,3,3,false,false
presentation:1158,1077,presentation-uom:PZA,BOTH,1,3,3,false,false
presentation:1159,5,presentation-uom:PRECIO_ESPECIAL,BOTH,40,4650,4650,false,false
presentation:1160,5,presentation-uom:PRECIO_ARQ_TOBAL,BOTH,40,4500,4500,false,false
presentation:1161,1079,presentation-uom:PZA,BOTH,1,105,105,true,true
presentation:1162,6,presentation-uom:PRECIO_ARQ_TOBAL,BOTH,20,3600,3600,false,false
presentation:1163,1080,presentation-uom:PZA,BOTH,1,39,40,true,true
presentation:1164,691,presentation-uom:M,BOTH,1,13,13,false,false
presentation:1165,735,presentation-uom:PRECIO_ESPECIAL,BOTH,1,2070,2070,false,false
presentation:1166,1081,presentation-uom:EP_30,BOTH,1,172,173,true,true
presentation:1167,1082,presentation-uom:EP_26F,BOTH,1,121,122,true,true
presentation:1168,1083,presentation-uom:PZA,BOTH,1,67,68,true,true
presentation:1169,1085,presentation-uom:PZA,BOTH,1,22,22,true,true
presentation:1170,1084,presentation-uom:11866CM,BOTH,1,42,43,true,true
presentation:1171,1086,presentation-uom:RN_X,BOTH,1,492,493,true,true
presentation:1172,1087,presentation-uom:PZA,BOTH,1,131,132,true,true
presentation:1173,1088,presentation-uom:RN,BOTH,1,341,342,true,true
presentation:1174,1089,presentation-uom:LLSS,BOTH,1,318,319,true,true
presentation:1175,1090,presentation-uom:CP_14X,BOTH,1,364,365,true,true
presentation:1176,1091,presentation-uom:CP_24X,BOTH,1,608,609,true,true
presentation:1177,1092,presentation-uom:CP_30X,BOTH,1,840,841,true,true
presentation:1178,1093,presentation-uom:PZA,BOTH,1,139,140,true,true
presentation:1179,1094,presentation-uom:PZA,BOTH,1,179,180,true,true
presentation:1180,1095,presentation-uom:PZA,BOTH,1,31,32,true,true
presentation:1181,1096,presentation-uom:PZA,BOTH,1,11,11,true,true
presentation:1182,1097,presentation-uom:PZA,BOTH,1,45,46,true,true
presentation:1183,1098,presentation-uom:PZA,BOTH,1,214,215,true,true
presentation:1184,1099,presentation-uom:PZA,BOTH,1,55,56,true,true
presentation:1185,957,presentation-uom:M,BOTH,1,230,230,false,false
presentation:1186,1056,presentation-uom:METROS_CHAMY,BOTH,1,315,315,false,false
presentation:1187,633,presentation-uom:M,BOTH,0.5,54,54,false,false
presentation:1188,1101,presentation-uom:LEN_2000N,BOTH,1,28,29,true,true
presentation:1189,1102,presentation-uom:MAS_B,BOTH,1,4,4,true,true
presentation:1190,1103,presentation-uom:PZA,BOTH,1,9,10,true,true
presentation:1191,7,presentation-uom:PRECIO_ARQ_TOBAL,BOTH,40,3600,3600,false,false
presentation:1192,7,presentation-uom:PRECIO_ESTRIBADORA_DEG,BOTH,1,3300,3300,false,false
presentation:1193,1056,presentation-uom:M,BOTH,1,415,415,false,false
presentation:1194,957,presentation-uom:GONDOLA_TOBAL,BOTH,30,5900,5900,false,false
presentation:1195,1104,presentation-uom:PZA,BOTH,1,55,56,true,true
presentation:1196,1106,presentation-uom:AB_24,BOTH,1,9,10,true,true
presentation:1197,1105,presentation-uom:PZA,BOTH,1,155,156,true,true
presentation:1198,1107,presentation-uom:KG,BOTH,1,27,27,true,true
presentation:1199,1108,presentation-uom:PZA,BOTH,1,42,42,true,true
presentation:1200,1109,presentation-uom:PZA,BOTH,1,170,170,true,true
presentation:1201,913,presentation-uom:GONDOLA_TOBAL,BOTH,14,16000,16000,false,false
presentation:1202,703,presentation-uom:GONDOLA_TOBAL,BOTH,30,16500,16500,false,false
presentation:1203,852,presentation-uom:GONDOLA_TOBAL,BOTH,30,11500,11500,false,false
presentation:1204,1110,presentation-uom:M,BOTH,1,4,4,true,true
presentation:1205,1111,presentation-uom:M,BOTH,1,3,3,true,true
presentation:1206,1112,presentation-uom:BCT001,BOTH,1,8,8,true,true
presentation:1207,1113,presentation-uom:PZA,BOTH,1,25,25,true,true
presentation:1208,5,presentation-uom:PRECIO_CHEPE,BOTH,40,4600,4600,false,false
presentation:1209,852,presentation-uom:PRECIO_ESPECIAL_METROS_TOBAL,BOTH,1,383,383,false,false
presentation:1210,596,presentation-uom:TON,BOTH,150,23140,23140,false,false
presentation:1211,1114,presentation-uom:PZA,BOTH,1,99,100,true,true
presentation:1212,1115,presentation-uom:PZA,BOTH,1,520,520,true,true
presentation:1213,957,presentation-uom:14_METROS_TOBAL_JM,BOTH,14,2740,2740,false,false
presentation:1214,864,presentation-uom:PZA,BOTH,1,15,16,false,false
presentation:1215,913,presentation-uom:METROS_REVUELTA,BOTH,1,480,480,false,false
presentation:1216,993,presentation-uom:ROLLO,BOTH,1,1225,1225,false,false
presentation:1217,992,presentation-uom:ROLLO,BOTH,1,720,720,false,false
presentation:1218,1116,presentation-uom:PZA,BOTH,1,218,219,true,true
presentation:1219,1117,presentation-uom:PZA,BOTH,1,128,128,true,true
presentation:1220,1118,presentation-uom:PZA,BOTH,1,11,11,true,true
presentation:1221,1119,presentation-uom:PZA,BOTH,1,15,15,true,true
presentation:1222,4,presentation-uom:PRECIO_ARQ_TOBAL,BOTH,1,3500,3500,false,false
presentation:1223,1120,presentation-uom:M,BOTH,1,370,370,true,true
presentation:1224,1121,presentation-uom:PZA,BOTH,1,61,62,true,true
presentation:1225,1122,presentation-uom:PZA,BOTH,1,34,35,true,true
presentation:1226,1123,presentation-uom:PZA,BOTH,1,8,8,true,true
presentation:1227,1125,presentation-uom:PZA,BOTH,1,146,146,true,true
presentation:1228,1126,presentation-uom:PZA,BOTH,1,73,74,true,true
presentation:1229,1127,presentation-uom:PZA,BOTH,1,506,507,true,true
presentation:1230,128,presentation-uom:PZA,BOTH,1,44,45,true,true
presentation:1231,1129,presentation-uom:BA1200,BOTH,1,15,16,true,true
presentation:1232,1130,presentation-uom:BA11,BOTH,1,29,30,true,true
presentation:1233,1131,presentation-uom:BA18,BOTH,1,29,30,true,true
presentation:1234,780,presentation-uom:VIAJE_7MTS_RAUL,BOTH,7,3000,3000,false,false
presentation:1235,5,presentation-uom:PRECIO_RAUL,BOTH,40,4600,4600,false,false
presentation:1236,7,presentation-uom:PRECIO_RAUL,BOTH,40,3700,3700,false,false
presentation:1237,1132,presentation-uom:GONDOLA,BOTH,30,8500,8500,false,false
presentation:1238,1133,presentation-uom:BA09,BOTH,1,43,44,true,true
presentation:1239,1134,presentation-uom:PZA,BOTH,1,77,78,true,true
presentation:1240,5,presentation-uom:PRECIO_CALERO,BOTH,40,4350,4350,false,false
presentation:1241,1135,presentation-uom:GU_323,BOTH,1,121,122,true,true
presentation:1242,1136,presentation-uom:GU_331,BOTH,1,40,41,true,true
presentation:1243,1137,presentation-uom:BARBO_B,BOTH,1,19,20,true,true
presentation:1244,1138,presentation-uom:PZA,BOTH,1,179,180,true,true
presentation:1245,1139,presentation-uom:PZA,BOTH,1,267,267,true,true
presentation:1246,1139,presentation-uom:PZA,BOTH,1,273,274,false,false
presentation:1247,1139,presentation-uom:PZA,BOTH,1,273,274,false,false
presentation:1248,1140,presentation-uom:PZA,BOTH,1,273,274,true,true
presentation:1249,923,presentation-uom:VIAJE_14_METROS,BOTH,14,4500,4500,false,false
presentation:1250,1141,presentation-uom:TONELADA,BOTH,40,4800,4800,false,false
presentation:1251,1141,presentation-uom:BULTO,BOTH,1,120,120,true,true
presentation:1252,1141,presentation-uom:PRECIO_ARQ_TOBAL,BOTH,40,4600,4600,false,false
presentation:1253,1141,presentation-uom:PRECIO_CALERO,BOTH,40,4550,4550,false,false
presentation:1254,1141,presentation-uom:PRECIO_CHEPE,BOTH,40,4500,4500,false,false
presentation:1255,1141,presentation-uom:PRECIO_ESPECIAL,BOTH,40,4750,4750,false,false
presentation:1256,1141,presentation-uom:PRECIO_RAUL_K,BOTH,40,4700,4700,false,false
presentation:1257,1141,presentation-uom:TONELADA,BOTH,40,4700,4700,false,false
presentation:1258,1142,presentation-uom:CAS_RI,BOTH,1,102,103,true,true
presentation:1259,1143,presentation-uom:TAV_R,BOTH,1,214,215,true,true
presentation:1260,1144,presentation-uom:TAV_I,BOTH,1,214,215,true,true
presentation:1261,1145,presentation-uom:TAV_D,BOTH,1,214,215,true,true
presentation:1262,1146,presentation-uom:CHS_800N_L,BOTH,1,260,261,true,true
presentation:1263,1147,presentation-uom:BOTA,BOTH,1,805,806,true,true
presentation:1264,1148,presentation-uom:GONDOLA_TOBAL,BOTH,30,11300,11300,false,false
presentation:1265,1149,presentation-uom:PZA,BOTH,1,2598,2598,true,true
presentation:1266,913,presentation-uom:VIAJE_7_METROS_LIMPIA,BOTH,7,3700,3700,false,false
presentation:1267,913,presentation-uom:VIAJE_7_METROS_REVUELTA,BOTH,7,3360,3360,false,false
presentation:1268,913,presentation-uom:VIAJE_DE_14_METROS_LIMPIA,BOTH,14,7420,7420,false,false
presentation:1269,913,presentation-uom:VIAJE_DE_14_METROS_REVUELTA,BOTH,14,6720,6720,false,false
presentation:1270,1150,presentation-uom:PZA,BOTH,1,144,145,true,true
presentation:1271,1151,presentation-uom:PZA,BOTH,1,18,19,true,true
presentation:1272,1152,presentation-uom:PZA,BOTH,1,269,270,true,true
presentation:1273,1153,presentation-uom:3554G_1310,BOTH,1,86,87,true,true
presentation:1274,1154,presentation-uom:PZA,BOTH,1,89,90,true,true
presentation:1275,1155,presentation-uom:PZA,BOTH,1,38,39,true,true
presentation:1276,1156,presentation-uom:PZA,BOTH,1,96,97,true,true
presentation:1277,1157,presentation-uom:PZA,BOTH,1,31,32,true,true
presentation:1278,1158,presentation-uom:PZA,BOTH,1,86,87,true,true
presentation:1279,1159,presentation-uom:M,BOTH,1,128,129,true,true
presentation:1280,596,presentation-uom:PRECIO_ESPECIAL_TOBAL_PIEZA,BOTH,1,150,150,false,false
presentation:1281,1160,presentation-uom:BA01_3,BOTH,1,29,29,true,true
presentation:1282,1161,presentation-uom:CTF_3_4X13,BOTH,1,8,9,true,true
presentation:1283,1162,presentation-uom:M,BOTH,1,480,480,true,true
presentation:1284,289,presentation-uom:PZA,BOTH,1,310,310,false,false
presentation:1285,1141,presentation-uom:PRECIO_ESPECIAL_ARQ_ENRIQUE_H,BOTH,40,4600,4600,false,false
presentation:1286,1141,presentation-uom:TON_ESTRIBADORA,BOTH,40,4370,4370,false,false
presentation:1287,987,presentation-uom:RAUL_SANTA_MARIA,BOTH,1000,3800,3800,false,false
presentation:1288,1163,presentation-uom:PZA,BOTH,1,114,114,true,true
presentation:1289,1164,presentation-uom:PZA,BOTH,1,24,25,true,true
presentation:1290,273,presentation-uom:M,BOTH,1,3,4,false,false
presentation:1291,251,presentation-uom:M,BOTH,1,20,20,false,false
presentation:1292,269,presentation-uom:M,BOTH,1,24,24,false,false
presentation:1293,1165,presentation-uom:PZA,BOTH,1,40,41,true,true
presentation:1294,1167,presentation-uom:PZA,BOTH,1,10,10,true,true
presentation:1295,1168,presentation-uom:PZA,BOTH,1,38,39,true,true
presentation:1296,1169,presentation-uom:PZA,BOTH,1,4,4,true,true
presentation:1297,1170,presentation-uom:15596,BOTH,1,104,104,true,true
presentation:1298,1171,presentation-uom:PZA,BOTH,1,22,22,true,true
presentation:1299,1172,presentation-uom:PZA,BOTH,1,40,41,true,true
presentation:1300,1173,presentation-uom:PZA,BOTH,1,8,8,true,true
presentation:1301,1174,presentation-uom:PZA,BOTH,1,4,4,true,true
presentation:1302,1175,presentation-uom:PZA,BOTH,1,9,9,true,true
presentation:1303,7,presentation-uom:PRECIO_CALERO,BOTH,40,3550,3550,false,false
presentation:1304,1176,presentation-uom:PZA,BOTH,1,16,16,true,true
presentation:1305,1177,presentation-uom:PZA,BOTH,1,8,8,true,true
presentation:1306,1141,presentation-uom:PRECIO_MIGUEL_GUZMAN,BOTH,40,4550,4550,false,false
presentation:1307,8,presentation-uom:PRECIO_MIGUEL_GUZMAN,BOTH,40,3040,3040,false,false
presentation:1308,4,presentation-uom:PRECIO_ESPECIAL_CHEPE,BOTH,20,4500,4500,false,false
presentation:1309,1178,presentation-uom:GONDOLA,BOTH,30,14000,14000,false,false
presentation:1310,1179,presentation-uom:PZA,BOTH,1,341,342,true,true
presentation:1311,1180,presentation-uom:GU_122P,BOTH,1,32,33,true,true
presentation:1312,1181,presentation-uom:FL_9NP,BOTH,1,67,68,true,true
presentation:1313,1182,presentation-uom:BOLSA_CON_5,BOTH,5,63,63,false,false
presentation:1314,1183,presentation-uom:BOLSA_CON_10,BOTH,10,75,75,false,false
presentation:1315,1184,presentation-uom:BOLSA_CON_10,BOTH,10,80,80,false,false
presentation:1316,1185,presentation-uom:BOLSA_CON_10,BOTH,10,80,80,false,false
presentation:1317,1141,presentation-uom:PRECIO_SANTIAGO_DE_LA_TORRE,BOTH,40,4650,4650,false,false
presentation:1318,7,presentation-uom:PRECIO_SANTIAGO_DE_LA_TORRE,BOTH,40,3800,3800,false,false
presentation:1319,4,presentation-uom:PRECIO_ARQ_TOBAL,BOTH,20,4600,4600,false,false
presentation:1320,4,presentation-uom:PRECIO_CALERO,BOTH,20,4550,4550,false,false
presentation:1321,4,presentation-uom:PRECIO_ESPECIAL,BOTH,20,4750,4750,false,false
presentation:1322,4,presentation-uom:PRECIO_ARQ_ENRIQUE_HERRERA,BOTH,20,4600,4600,false,false
presentation:1323,4,presentation-uom:PRECIO_MIGUEL_GUZMAN,BOTH,20,4550,4550,false,false
presentation:1324,4,presentation-uom:PRECIO_RAUL_K,BOTH,20,4600,4600,false,false
presentation:1325,4,presentation-uom:PRECIO_SANTIAGO_DE_LA_TORRE,BOTH,20,4650,4650,false,false
presentation:1326,4,presentation-uom:TON_ESTRIBADORA,BOTH,20,4370,4370,false,false
presentation:1327,1182,presentation-uom:PZA,BOTH,1,13,13,true,true
presentation:1328,1185,presentation-uom:PZA,BOTH,1,8,8,true,true
presentation:1329,1183,presentation-uom:PZA,BOTH,1,8,8,true,true
presentation:1330,1184,presentation-uom:PZA,BOTH,1,8,8,true,true
presentation:1331,1186,presentation-uom:PZA,BOTH,1,575,575,true,true
presentation:1332,733,presentation-uom:PRECIO_JAIME,BOTH,1,294,294,false,false
presentation:1333,1187,presentation-uom:M,BOTH,1,430,430,true,true
presentation:1334,294,presentation-uom:MEDIO_KILO,BOTH,0.5,30,30,false,false
presentation:1335,297,presentation-uom:MEDIO_KILO,BOTH,0.5,30,30,false,false
presentation:1336,298,presentation-uom:MEDIO_KILO,BOTH,0.5,26,26,false,false
presentation:1337,264,presentation-uom:MEDIO_KILO,BOTH,0.5,19,19,false,false
presentation:1338,1188,presentation-uom:222,BOTH,1,30,30,true,true
presentation:1339,936,presentation-uom:PRECIO_JOSE_DE_JESUS,BOTH,7,2000,2000,false,false
presentation:1340,936,presentation-uom:PIEDRA_GRANDE,BOTH,1,1500,1500,true,true
presentation:1341,936,presentation-uom:MEDIO_VIAJE,BOTH,3.5,1300,1300,false,false
presentation:1342,1056,presentation-uom:VIAJE_7MTS_PRECIO_QUEB,BOTH,7,3000,3000,false,false
presentation:1343,957,presentation-uom:GON_ARANDAS_TOBAL,BOTH,30,6400,6400,false,false
presentation:1344,987,presentation-uom:PRECIO_RAUL_CASA_K,BOTH,1000,3700,3700,false,false
presentation:1345,1178,presentation-uom:M,BOTH,1,500,500,true,true
presentation:1346,1189,presentation-uom:KG,BOTH,1,27,27,true,true
presentation:1347,269,presentation-uom:PIEZA_PRECIO_NUEVO,BOTH,1,126,126,false,false
presentation:1348,959,presentation-uom:M,BOTH,0.5,145,145,false,false
presentation:1349,1191,presentation-uom:BULTO,BOTH,1,130,130,true,true
presentation:1350,1192,presentation-uom:PZA,BOTH,1,3.2,3.2,true,true
presentation:1351,6,presentation-uom:PRCIO_CALERO,BOTH,20,3550,3550,false,false
presentation:1352,1193,presentation-uom:PZA,BOTH,1,430,430,true,true
presentation:1353,1193,presentation-uom:TON,BOTH,53,23140,23140,false,false
presentation:1354,1024,presentation-uom:VIAJE,BOTH,1,2200,2200,false,false
presentation:1355,1056,presentation-uom:M,BOTH,1,430,430,false,false
presentation:1356,1194,presentation-uom:PZA,BOTH,1,650,650,true,true
presentation:1357,594,presentation-uom:PRECIO_ARQ_TOBAL,BOTH,84,22640,22640,false,false
presentation:1358,594,presentation-uom:PRECIO_ARQ_TOBAL,BOTH,84,23140,23140,false,false
presentation:1359,594,presentation-uom:PIEZA_TOBAL,BOTH,1,270,270,false,false
presentation:1360,987,presentation-uom:PRECIO_ESPECIAL_INMOBILIARIA,BOTH,1,4,4,false,false
presentation:1361,284,presentation-uom:PRECIO_FELIPE_GUZMAN,BOTH,1,30,30,false,false
presentation:1362,1195,presentation-uom:BULTO,BOTH,1,240,240,true,true
presentation:1363,1196,presentation-uom:2556,BOTH,1,95,96,true,true
presentation:1364,1197,presentation-uom:WT_400F,BOTH,1,67,68,true,true
presentation:1365,1198,presentation-uom:WT_240F,BOTH,1,46,47,true,true
presentation:1366,1199,presentation-uom:WT_175,BOTH,1,38,39,true,true
presentation:1367,596,presentation-uom:PRECIO_SAMUEL_ALV,BOTH,155,21800,21800,false,false
presentation:1368,594,presentation-uom:PRECIO_SAMUEL_ALV,BOTH,84,21800,21800,false,false
presentation:1369,4,presentation-uom:PRECIO_SAMUEL_ALV,BOTH,20,4500,4500,false,false
presentation:1370,1141,presentation-uom:PRECIO_SAMUEL_ALV,BOTH,40,4600,4600,false,false
presentation:1371,1200,presentation-uom:KG,BOTH,1,27,27,true,true
presentation:1372,1201,presentation-uom:KG,BOTH,1,27,27,true,true
presentation:1373,1202,presentation-uom:KG,BOTH,1,27,27,true,true
presentation:1374,287,presentation-uom:PRECIO_ESPECIAL_SAMUEL_ALVAREZ,BOTH,1,22,22,false,false
presentation:1375,1203,presentation-uom:PZA,BOTH,1,161,161,true,true
presentation:1376,1204,presentation-uom:PZA,BOTH,1,359,359,true,true
presentation:1377,1203,presentation-uom:PZA,BOTH,1,359,359,false,false
presentation:1378,1078,presentation-uom:PZA,BOTH,1,7,7,true,true
presentation:1379,1056,presentation-uom:GONDOLA_TOBAL,BOTH,30,11300,11300,false,false
presentation:1380,957,presentation-uom:VIAJE_20M_TOBAL_JM,BOTH,20,3500,3500,false,false
presentation:1381,957,presentation-uom:METROS_TOBAL,BOTH,1,193,193,false,false
presentation:1382,957,presentation-uom:METROS_TOBAL_ARANDAS,BOTH,1,213,213,false,false
presentation:1383,1205,presentation-uom:PZA,BOTH,1,11,11,true,true
presentation:1384,1205,presentation-uom:BOLSA_CON_10,BOTH,10,106,106,false,false
presentation:1385,1206,presentation-uom:LLJ_140B,BOTH,1,79,80,true,true
presentation:1386,1207,presentation-uom:LL_JAR_PB,BOTH,1,56,57,true,true
presentation:1387,1208,presentation-uom:EXTM_12,BOTH,1,40,41,true,true
presentation:1388,1209,presentation-uom:PZA,BOTH,1,191,191,true,true
presentation:1389,1210,presentation-uom:PZA,BOTH,1,675,675,true,true
presentation:1390,1211,presentation-uom:KG,BOTH,1,27,27,true,true
presentation:1391,936,presentation-uom:MEDIO_VIAJE_QUEBRADA,BOTH,3.5,1500,1500,false,false
presentation:1392,697,presentation-uom:PRECIO_ALEVA_RESIDENCIAL,BOTH,1,170,170,false,false
presentation:1393,8,presentation-uom:PRECIO_ALEVA_RESIDENCIAL,BOTH,40,3120,3120,false,false
presentation:1394,7,presentation-uom:PRECIO_ALEVA_RESIDENCIAL,BOTH,40,3640,3640,false,false
presentation:1395,288,presentation-uom:PRECIO_ALEVA_RESIDENCIAL,BOTH,1,190,190,false,false
presentation:1396,596,presentation-uom:PRECIO_ALEVA_RESIDENCIAL,BOTH,150,23300,23300,false,false
presentation:1397,289,presentation-uom:PRECIO_ALEVA_RESIDENCIAL,BOTH,1,340,340,false,false
presentation:1398,288,presentation-uom:PRECIO_ALEVA_RESIDENCIAL,BOTH,1,190,190,false,false
presentation:1399,697,presentation-uom:PRECIO_ALEVA_RESIDENCIAL,BOTH,1,170,170,false,false
presentation:1400,1212,presentation-uom:PZA,BOTH,1,670,670,true,true
presentation:1401,1213,presentation-uom:PZA,BOTH,1,70,70,true,true
presentation:1402,1214,presentation-uom:PCY_PL,BOTH,1,248,249,true,true
presentation:1403,1215,presentation-uom:PZA,BOTH,1,41,42,true,true
presentation:1404,1132,presentation-uom:VIAJE_7_METROS,BOTH,1,2000,2000,true,true
presentation:1405,284,presentation-uom:PRECIO_ALEVA_RESIDENCIAL,BOTH,1,27,27,false,false
presentation:1406,1216,presentation-uom:PZA,BOTH,1,1270,1270,true,true
presentation:1407,1217,presentation-uom:PZA,BOTH,1,27,27,true,true
presentation:1408,396,presentation-uom:PZA,BOTH,1,2,2,true,true
presentation:1409,1218,presentation-uom:PZA,BOTH,1,49,49,true,true
presentation:1410,8,presentation-uom:PRECIO_DEGOLLADO,BOTH,40,2780,2780,false,false
presentation:1411,1219,presentation-uom:ABT_742,BOTH,1,98,98,true,true
presentation:1412,1220,presentation-uom:GU_442,BOTH,1,45,45,true,true
presentation:1413,1221,presentation-uom:NM_6,BOTH,1,133,133,true,true
presentation:1414,1222,presentation-uom:GU_123P,BOTH,1,34,34,true,true
presentation:1415,1223,presentation-uom:21000,BOTH,1,190,191,true,true
presentation:1416,1224,presentation-uom:GU_343,BOTH,1,23,23,true,true
presentation:1417,1226,presentation-uom:CLR_SG,BOTH,1,11,11,true,true
presentation:1418,1227,presentation-uom:CL_H,BOTH,1,16,17,true,true
presentation:1419,1228,presentation-uom:CL_HR,BOTH,1,20,21,true,true
presentation:1420,1229,presentation-uom:CL_COH,BOTH,1,18,18,true,true
presentation:1421,923,presentation-uom:VIAJE_14_M_ARANDAS,BOTH,14,4900,4900,false,false
presentation:1422,980,presentation-uom:ESTUCO_PERDURA,BOTH,1,166,166,false,false
presentation:1423,1141,presentation-uom:PRECIO_TON_JOSE_VILLARUEL,BOTH,40,4600,4600,false,false
presentation:1424,8,presentation-uom:PRECIO_TON_JOSE_VILLARUEL,BOTH,40,3409,3409,false,false
presentation:1425,6,presentation-uom:PRECIO_TON_JOSE_VILLARUEL,BOTH,20,3600,3600,false,false
presentation:1426,4,presentation-uom:PRECIO_TON_JOSE_VILLARUEL,BOTH,20,4500,4500,false,false
presentation:1427,594,presentation-uom:PRECIO_JOSE_VILLARUEL,BOTH,1,260,260,false,false
presentation:1428,283,presentation-uom:PRECIO_KILO_JOSE_VILLARUEL,BOTH,1,24,24,false,false
presentation:1429,596,presentation-uom:PRECIO_JOSE_VILLARUEL,BOTH,1,145,145,false,false
presentation:1430,1230,presentation-uom:PZA,BOTH,1,147,148,true,true
presentation:1431,1231,presentation-uom:PZA,BOTH,1,72,72,true,true
presentation:1432,936,presentation-uom:VIAJE_5_METROS,BOTH,5,1900,1900,false,false
presentation:1433,1232,presentation-uom:KILO_ALEVA,BOTH,1,21.5,21.5,true,true
presentation:1434,1233,presentation-uom:KILO_ALEVA,BOTH,1,21.5,21.5,true,true
presentation:1435,1193,presentation-uom:KILO_ALEVA,BOTH,1,21.5,21.5,false,false
presentation:1436,1234,presentation-uom:PZA,BOTH,1,640,640,true,true
presentation:1437,969,presentation-uom:PZA,BOTH,1,1,1,true,true
presentation:1438,7,presentation-uom:TON_JOSE_VILLARUEL,BOTH,40,3600,3600,false,false
presentation:1439,1236,presentation-uom:PZA,BOTH,1,108,108,true,true
presentation:1440,1237,presentation-uom:PZA,BOTH,1,40,40,true,true
presentation:1441,957,presentation-uom:7M_TOBAL,BOTH,7,1400,1400,false,false
presentation:1442,1238,presentation-uom:PZA,BOTH,1,35,35,true,true
presentation:1443,1239,presentation-uom:PZA,BOTH,1,910,910,true,true
presentation:1444,1240,presentation-uom:PZA,BOTH,1,22,22,true,true
presentation:1445,1241,presentation-uom:PZA,BOTH,1,47,47,true,true
presentation:1446,1242,presentation-uom:PZA,BOTH,1,60,60,true,true
presentation:1447,1162,presentation-uom:GONDOLA_TOBAL,BOTH,30,11500,11500,false,false
presentation:1448,1243,presentation-uom:PRECIO_JOSE_VILLARUEL,BOTH,1,25,25,true,true
presentation:1449,735,presentation-uom:M,BOTH,1,60,60,false,false
presentation:1450,596,presentation-uom:PRECIO_JAVIER_GARCIA_MEDINA,BOTH,1,19500,21000,false,false
presentation:1451,594,presentation-uom:PIEZA_JAVIER_GARCIA_MEDINA,BOTH,1,250,250,false,false
presentation:1452,923,presentation-uom:VIAJE_7M_ARANDAS,BOTH,7,2450,2450,false,false
presentation:1453,594,presentation-uom:1_2_TON,BOTH,42,9925.5,9925.5,false,false
presentation:1454,284,presentation-uom:PRECIO_JAVIER_MEDINA,BOTH,1,27,27,false,false
presentation:1455,287,presentation-uom:PRECIO_JAVIER_GARCIA_MEDINA,BOTH,1,21.5,21.5,false,false
presentation:1456,1244,presentation-uom:KG,BOTH,1,27,27,true,true
base:2,2,measure:2,BOTH,1,0,0,true,true
base:3,3,measure:3,BOTH,1,0,0,true,true
base:20,20,measure:2,BOTH,1,0,0,true,true
base:22,22,measure:2,BOTH,1,0,0,true,true
base:65,65,measure:2,BOTH,1,0,0,true,true
base:94,94,measure:2,BOTH,1,0,0,true,true
base:212,212,measure:2,BOTH,1,0,0,true,true
base:299,299,measure:1,BOTH,1,0,0,true,true
base:307,307,measure:2,BOTH,1,0,0,true,true
base:356,356,measure:2,BOTH,1,0,0,true,true
base:381,381,measure:2,BOTH,1,0,0,true,true
base:519,519,measure:2,BOTH,1,0,0,true,true
base:611,611,measure:2,BOTH,1,0,0,true,true
base:667,667,measure:2,BOTH,1,0,0,true,true
base:718,718,measure:2,BOTH,1,0,0,true,true
base:734,734,measure:2,BOTH,1,0,0,true,true
base:867,867,measure:2,BOTH,1,0,0,true,true
base:958,958,measure:3,BOTH,1,0,0,true,true
base:967,967,measure:2,BOTH,1,0,0,true,true
base:990,990,measure:2,BOTH,1,0,0,true,true
base:1017,1017,measure:2,BOTH,1,59,60,true,true
base:1045,1045,measure:2,BOTH,1,0,0,true,true
base:1062,1062,measure:2,BOTH,1,0,0,true,true
base:1068,1068,measure:2,BOTH,1,0,0,true,true
base:1100,1100,measure:2,BOTH,1,0,0,true,true
base:1124,1124,measure:2,BOTH,1,0,0,true,true
base:1128,1128,measure:2,BOTH,1,0,0,true,true
base:1148,1148,measure:2,BOTH,1,11300,11300,true,true
base:1166,1166,measure:2,BOTH,1,0,0,true,true
base:1190,1190,measure:2,BOTH,1,0,0,true,true
base:1225,1225,measure:2,BOTH,1,0,0,true,true
base:1235,1235,measure:1,BOTH,1,0,0,true,true
